  eval: e=0.3325  p=[0.500 0.500 0.500 0.500 0.500 0.500 0.500]
 
 Iteration   Func-count         f(x)         Procedure
     0            1         0.332522         
  eval: e=0.3324  p=[0.525 0.500 0.500 0.500 0.500 0.500 0.500]
  eval: e=0.3272  p=[0.500 0.525 0.500 0.500 0.500 0.500 0.500]
  eval: e=0.3296  p=[0.500 0.500 0.525 0.500 0.500 0.500 0.500]
  eval: e=0.3341  p=[0.500 0.500 0.500 0.525 0.500 0.500 0.500]
  eval: e=0.3227  p=[0.500 0.500 0.500 0.500 0.525 0.500 0.500]
  eval: e=0.3369  p=[0.500 0.500 0.500 0.500 0.500 0.525 0.500]
  eval: e=0.3345  p=[0.500 0.500 0.500 0.500 0.500 0.500 0.525]
     1            8         0.322698         initial simplex
  eval: e=0.3224  p=[0.507 0.507 0.507 0.507 0.507 0.475 0.507]
  eval: e=0.3127  p=[0.511 0.511 0.511 0.511 0.511 0.450 0.511]
     2           10         0.312732         expand
  eval: e=0.3208  p=[0.510 0.510 0.510 0.510 0.510 0.486 0.478]
     3           11         0.312732         reflect
  eval: e=0.3170  p=[0.513 0.513 0.513 0.481 0.513 0.482 0.497]
     4           12         0.312732         reflect
  eval: e=0.3136  p=[0.517 0.517 0.517 0.501 0.517 0.476 0.496]
     5           13         0.312732         reflect
  eval: e=0.3079  p=[0.490 0.522 0.522 0.501 0.522 0.470 0.495]
  eval: e=0.2938  p=[0.472 0.533 0.533 0.501 0.533 0.454 0.492]
     6           15         0.293831         expand
  eval: e=0.2991  p=[0.506 0.531 0.499 0.501 0.531 0.457 0.492]
     7           16         0.293831         reflect
  eval: e=0.2919  p=[0.508 0.508 0.524 0.501 0.540 0.444 0.490]
  eval: e=0.2684  p=[0.513 0.499 0.535 0.502 0.560 0.416 0.485]
     8           18         0.268368         expand
  eval: e=0.2849  p=[0.512 0.532 0.534 0.502 0.525 0.420 0.486]
     9           19         0.268368         reflect
  eval: e=0.2731  p=[0.502 0.529 0.530 0.489 0.544 0.416 0.510]
    10           20         0.268368         reflect
  eval: e=0.2643  p=[0.496 0.530 0.532 0.521 0.550 0.401 0.495]
  eval: e=0.2455  p=[0.488 0.539 0.541 0.541 0.568 0.361 0.495]
    11           22         0.245512         expand
  eval: e=0.2498  p=[0.484 0.532 0.535 0.513 0.560 0.374 0.496]
    12           23         0.245512         reflect
  eval: e=0.2452  p=[0.483 0.545 0.548 0.503 0.581 0.378 0.477]
  eval: e=0.2718  p=[0.469 0.562 0.567 0.499 0.616 0.342 0.460]
    13           25         0.245225         reflect
  eval: e=0.2464  p=[0.480 0.529 0.574 0.513 0.575 0.349 0.491]
    14           26         0.245225         reflect
  eval: e=0.2477  p=[0.517 0.526 0.553 0.517 0.585 0.321 0.491]
    15           27         0.245225         reflect
  eval: e=0.2522  p=[0.478 0.524 0.557 0.521 0.610 0.327 0.498]
    16           28         0.245225         reflect
  eval: e=0.2528  p=[0.481 0.527 0.568 0.542 0.610 0.306 0.471]
    17           29         0.245225         reflect
  eval: e=0.2517  p=[0.462 0.564 0.573 0.541 0.608 0.274 0.491]
    18           30         0.245225         reflect
  eval: e=0.2507  p=[0.488 0.547 0.541 0.500 0.558 0.375 0.512]
    19           31         0.245225         reflect
  eval: e=0.2546  p=[0.493 0.556 0.547 0.516 0.543 0.368 0.488]
  eval: e=0.2487  p=[0.482 0.532 0.555 0.519 0.593 0.337 0.496]
    20           33         0.245225         contract inside
  eval: e=0.2891  p=[0.515 0.507 0.527 0.490 0.540 0.439 0.496]
  eval: e=0.2538  p=[0.475 0.550 0.561 0.528 0.591 0.315 0.493]
  eval: e=0.2451  p=[0.485 0.542 0.545 0.522 0.574 0.370 0.486]
  eval: e=0.2456  p=[0.481 0.537 0.561 0.508 0.578 0.364 0.484]
  eval: e=0.2461  p=[0.500 0.535 0.551 0.510 0.583 0.350 0.484]
  eval: e=0.2460  p=[0.482 0.539 0.552 0.511 0.587 0.358 0.486]
  eval: e=0.2464  p=[0.483 0.539 0.542 0.508 0.571 0.376 0.487]
  eval: e=0.2472  p=[0.485 0.546 0.545 0.502 0.569 0.377 0.495]
  eval: e=0.2563  p=[0.472 0.555 0.561 0.522 0.595 0.326 0.484]
    21           42         0.245143         shrink
  eval: e=0.2596  p=[0.499 0.526 0.538 0.496 0.560 0.409 0.487]
  eval: e=0.2498  p=[0.479 0.547 0.555 0.516 0.586 0.347 0.485]
    22           44         0.245143         contract inside
  eval: e=0.2486  p=[0.492 0.533 0.543 0.503 0.569 0.388 0.486]
  eval: e=0.2457  p=[0.489 0.537 0.546 0.506 0.573 0.378 0.486]
    23           46         0.245143         contract outside
  eval: e=0.2447  p=[0.487 0.532 0.554 0.518 0.587 0.358 0.474]
  eval: e=0.2463  p=[0.488 0.525 0.559 0.526 0.596 0.349 0.464]
    24           48         0.244702         reflect
  eval: e=0.2478  p=[0.490 0.537 0.560 0.515 0.590 0.354 0.478]
  eval: e=0.2450  p=[0.485 0.538 0.546 0.510 0.575 0.370 0.484]
    25           50         0.244702         contract inside
  eval: e=0.2464  p=[0.470 0.541 0.550 0.512 0.576 0.386 0.481]
  eval: e=0.2451  p=[0.492 0.537 0.550 0.511 0.581 0.359 0.483]
    26           52         0.244702         contract inside
  eval: e=0.2467  p=[0.490 0.538 0.549 0.511 0.570 0.378 0.478]
  eval: e=0.2450  p=[0.484 0.538 0.551 0.511 0.583 0.363 0.484]
    27           54         0.244702         contract inside
  eval: e=0.2471  p=[0.482 0.540 0.556 0.518 0.586 0.354 0.478]
  eval: e=0.2448  p=[0.487 0.538 0.549 0.509 0.576 0.372 0.484]
    28           56         0.244702         contract inside
  eval: e=0.2437  p=[0.491 0.540 0.537 0.515 0.582 0.371 0.480]
  eval: e=0.2429  p=[0.496 0.542 0.524 0.519 0.584 0.374 0.477]
    29           58          0.24285         expand
  eval: e=0.2434  p=[0.494 0.531 0.543 0.525 0.579 0.355 0.487]
    30           59          0.24285         reflect
  eval: e=0.2441  p=[0.494 0.532 0.546 0.507 0.587 0.359 0.478]
    31           60          0.24285         reflect
  eval: e=0.2431  p=[0.487 0.535 0.539 0.518 0.582 0.370 0.479]
    32           61          0.24285         reflect
  eval: e=0.2434  p=[0.495 0.532 0.541 0.521 0.590 0.359 0.477]
    33           62          0.24285         reflect
  eval: e=0.2420  p=[0.499 0.531 0.534 0.522 0.585 0.365 0.475]
  eval: e=0.2407  p=[0.506 0.527 0.525 0.528 0.586 0.366 0.470]
    34           64         0.240712         expand
  eval: e=0.2417  p=[0.501 0.528 0.529 0.530 0.594 0.354 0.471]
    35           65         0.240712         reflect
  eval: e=0.2410  p=[0.505 0.533 0.517 0.524 0.585 0.367 0.480]
    36           66         0.240712         reflect
  eval: e=0.2411  p=[0.501 0.534 0.516 0.540 0.584 0.368 0.476]
    37           67         0.240712         reflect
  eval: e=0.2398  p=[0.504 0.535 0.512 0.526 0.593 0.376 0.465]
  eval: e=0.2382  p=[0.509 0.537 0.496 0.527 0.600 0.386 0.454]
    38           69         0.238225         expand
  eval: e=0.2414  p=[0.507 0.535 0.501 0.532 0.586 0.380 0.469]
    39           70         0.238225         reflect
  eval: e=0.2380  p=[0.520 0.533 0.492 0.539 0.594 0.371 0.463]
  eval: e=0.2356  p=[0.536 0.531 0.469 0.550 0.600 0.372 0.455]
    40           72         0.235592         expand
  eval: e=0.2361  p=[0.522 0.522 0.491 0.547 0.598 0.367 0.458]
    41           73         0.235592         reflect
  eval: e=0.2426  p=[0.524 0.534 0.475 0.541 0.589 0.390 0.461]
  eval: e=0.2397  p=[0.507 0.530 0.516 0.533 0.592 0.363 0.468]
    42           75         0.235592         contract inside
  eval: e=0.2380  p=[0.518 0.526 0.507 0.539 0.599 0.359 0.463]
    43           76         0.235592         reflect
  eval: e=0.2357  p=[0.528 0.525 0.489 0.531 0.605 0.369 0.451]
    44           77         0.235592         reflect
  eval: e=0.2339  p=[0.531 0.524 0.481 0.548 0.609 0.371 0.440]
  eval: e=0.2302  p=[0.544 0.519 0.463 0.560 0.621 0.373 0.420]
    45           79         0.230181         expand
  eval: e=0.2309  p=[0.541 0.528 0.455 0.554 0.618 0.374 0.436]
    46           80         0.230181         reflect
  eval: e=0.2302  p=[0.550 0.524 0.447 0.555 0.619 0.380 0.428]
  eval: e=0.2267  p=[0.571 0.521 0.413 0.567 0.633 0.388 0.407]
    47           82         0.226703         expand
  eval: e=0.2285  p=[0.566 0.513 0.443 0.573 0.621 0.357 0.429]
    48           83         0.226703         reflect
  eval: e=0.2278  p=[0.570 0.519 0.414 0.570 0.628 0.384 0.410]
    49           84         0.226703         reflect
  eval: e=0.2243  p=[0.580 0.522 0.408 0.569 0.638 0.381 0.401]
  eval: e=0.2186  p=[0.608 0.522 0.367 0.580 0.659 0.389 0.373]
    50           86         0.218606         expand
  eval: e=0.2231  p=[0.597 0.518 0.375 0.599 0.647 0.384 0.385]
    51           87         0.218606         reflect
  eval: e=0.2168  p=[0.606 0.508 0.369 0.593 0.665 0.385 0.362]
  eval: e=0.2116  p=[0.641 0.497 0.319 0.615 0.697 0.392 0.316]
    52           89         0.211594         expand
  eval: e=0.2194  p=[0.630 0.503 0.343 0.607 0.669 0.388 0.347]
    53           90         0.211594         reflect
  eval: e=0.2232  p=[0.651 0.508 0.301 0.614 0.680 0.393 0.343]
    54           91         0.211594         reflect
  eval: e=0.2237  p=[0.654 0.513 0.280 0.613 0.697 0.419 0.309]
    55           92         0.211594         reflect
  eval: e=0.2174  p=[0.673 0.504 0.272 0.628 0.709 0.403 0.299]
    56           93         0.211594         reflect
  eval: e=0.2264  p=[0.701 0.498 0.232 0.649 0.726 0.403 0.270]
  eval: e=0.2185  p=[0.669 0.504 0.277 0.629 0.703 0.399 0.305]
    57           95         0.211594         contract outside
  eval: e=0.2170  p=[0.623 0.503 0.364 0.607 0.664 0.366 0.368]
    58           96         0.211594         reflect
  eval: e=0.2131  p=[0.618 0.507 0.361 0.604 0.676 0.385 0.341]
    59           97         0.211594         reflect
  eval: e=0.2090  p=[0.678 0.493 0.283 0.621 0.718 0.393 0.286]
  eval: e=0.2118  p=[0.718 0.480 0.237 0.632 0.753 0.398 0.236]
    60           99          0.20896         reflect
  eval: e=0.2059  p=[0.659 0.505 0.298 0.617 0.710 0.391 0.306]
  eval: e=0.2002  p=[0.673 0.506 0.275 0.622 0.730 0.393 0.286]
    61          101         0.200207         expand
  eval: e=0.2184  p=[0.699 0.482 0.247 0.656 0.740 0.392 0.256]
    62          102         0.200207         reflect
  eval: e=0.2051  p=[0.647 0.494 0.329 0.616 0.707 0.379 0.310]
    63          103         0.200207         reflect
  eval: e=0.2184  p=[0.602 0.519 0.382 0.576 0.660 0.383 0.375]
  eval: e=0.2099  p=[0.675 0.491 0.281 0.636 0.720 0.389 0.286]
    64          105         0.200207         contract inside
  eval: e=0.2096  p=[0.628 0.493 0.360 0.607 0.695 0.368 0.328]
    65          106         0.200207         reflect
  eval: e=0.1997  p=[0.679 0.491 0.267 0.628 0.748 0.405 0.247]
  eval: e=0.2065  p=[0.707 0.485 0.219 0.638 0.791 0.424 0.187]
    66          108          0.19973         reflect
  eval: e=0.2057  p=[0.702 0.483 0.243 0.637 0.757 0.392 0.247]
    67          109          0.19973         reflect
  eval: e=0.1959  p=[0.697 0.490 0.264 0.633 0.753 0.385 0.252]
  eval: e=0.1910  p=[0.725 0.486 0.236 0.642 0.781 0.381 0.220]
    68          111            0.191         expand
  eval: e=0.1949  p=[0.677 0.494 0.289 0.613 0.747 0.385 0.264]
    69          112            0.191         reflect
  eval: e=0.2138  p=[0.738 0.492 0.189 0.644 0.788 0.412 0.204]
  eval: e=0.2023  p=[0.655 0.493 0.317 0.616 0.718 0.379 0.297]
    70          114            0.191         contract inside
  eval: e=0.1915  p=[0.682 0.492 0.276 0.628 0.765 0.382 0.249]
    71          115            0.191         reflect
  eval: e=0.2046  p=[0.652 0.504 0.325 0.610 0.728 0.380 0.288]
    72          116            0.191         reflect
  eval: e=0.1865  p=[0.708 0.496 0.238 0.630 0.784 0.393 0.219]
  eval: e=0.1805  p=[0.739 0.497 0.193 0.637 0.823 0.401 0.173]
    73          118         0.180531         expand
  eval: e=0.2057  p=[0.729 0.484 0.204 0.643 0.790 0.399 0.208]
  eval: e=0.1964  p=[0.671 0.499 0.295 0.618 0.744 0.385 0.268]
    74          120         0.180531         contract inside
  eval: e=0.1842  p=[0.729 0.497 0.205 0.638 0.807 0.401 0.191]
    75          121         0.180531         reflect
  eval: e=0.1804  p=[0.728 0.482 0.228 0.635 0.817 0.390 0.175]
  eval: e=0.1752  p=[0.755 0.470 0.204 0.642 0.860 0.389 0.119]
    76          123         0.175233         expand
  eval: e=0.1831  p=[0.743 0.490 0.218 0.635 0.831 0.373 0.177]
    77          124         0.175233         reflect
  eval: e=0.1877  p=[0.772 0.480 0.168 0.649 0.860 0.390 0.130]
    78          125         0.175233         reflect
  eval: e=0.1911  p=[0.793 0.481 0.140 0.664 0.889 0.391 0.096]
    79          126         0.175233         reflect
  eval: e=0.1978  p=[0.820 0.480 0.114 0.659 0.907 0.397 0.067]
  eval: e=0.1839  p=[0.716 0.489 0.235 0.636 0.800 0.386 0.204]
    80          128         0.175233         contract inside
  eval: e=0.1925  p=[0.687 0.493 0.277 0.615 0.757 0.386 0.251]
  eval: e=0.1823  p=[0.766 0.484 0.174 0.652 0.856 0.390 0.134]
    81          130         0.175233         contract inside
  eval: e=0.1736  p=[0.767 0.487 0.164 0.640 0.887 0.399 0.102]
  eval: e=0.1732  p=[0.788 0.488 0.128 0.640 0.939 0.408 0.043]
    82          132         0.173187         expand
  eval: e=0.1765  p=[0.724 0.496 0.220 0.631 0.830 0.395 0.168]
    83          133         0.173187         reflect
  eval: e=0.1698  p=[0.765 0.478 0.186 0.640 0.890 0.382 0.100]
  eval: e=0.1684  p=[0.784 0.469 0.177 0.641 0.931 0.372 0.054]
    84          135         0.168434         expand
  eval: e=0.1733  p=[0.798 0.481 0.140 0.643 0.934 0.394 0.045]
    85          136         0.168434         reflect
  eval: e=0.1823  p=[0.787 0.477 0.135 0.647 0.933 0.412 0.034]
  eval: e=0.1764  p=[0.776 0.480 0.156 0.644 0.908 0.403 0.069]
    86          138         0.168434         contract outside
  eval: e=0.1591  p=[0.766 0.482 0.174 0.628 0.922 0.399 0.057]
  eval: e=0.1526  p=[0.766 0.480 0.173 0.616 0.955 0.403 0.019]
    87          140         0.152619         expand
  eval: e=0.1691  p=[0.801  0.464  0.149  0.637  0.994  0.389 -0.025]
    88          141         0.152619         reflect
  eval: e=0.2086  p=[0.838  0.456  0.102  0.644  1.033  0.393 -0.075]
  eval: e=0.1671  p=[0.752 0.486 0.190 0.634 0.881 0.394 0.107]
    89          143         0.152619         contract inside
  eval: e=0.1620  p=[0.779 0.473 0.176 0.628 0.948 0.383 0.034]
    90          144         0.152619         reflect
  eval: e=0.1670  p=[0.807  0.485  0.119  0.626  1.020  0.395 -0.040]
    91          145         0.152619         reflect
  eval: e=0.1577  p=[0.767 0.475 0.178 0.620 0.971 0.391 0.010]
    92          146         0.152619         reflect
  eval: e=0.1797  p=[0.771 0.464 0.205 0.618 0.975 0.371 0.002]
  eval: e=0.1657  p=[0.784 0.482 0.147 0.634 0.948 0.399 0.033]
    93          148         0.152619         contract inside
  eval: e=0.1678  p=[0.753 0.493 0.182 0.620 0.908 0.393 0.087]
    94          149         0.152619         reflect
  eval: e=0.1518  p=[0.762 0.495 0.156 0.610 0.964 0.416 0.017]
  eval: e=0.1475  p=[0.751  0.509  0.146  0.594  0.980  0.438 -0.001]
    95          151         0.147518         expand
  eval: e=0.1634  p=[0.792  0.475  0.141  0.623  1.008  0.408 -0.041]
    96          152         0.147518         reflect
  eval: e=0.1854  p=[0.804  0.479  0.118  0.606  1.071  0.411 -0.103]
  eval: e=0.1582  p=[0.765 0.484 0.172 0.627 0.928 0.399 0.054]
    97          154         0.147518         contract inside
  eval: e=0.1581  p=[0.737 0.481 0.204 0.615 0.905 0.411 0.071]
    98          155         0.147518         reflect
  eval: e=0.1566  p=[0.747 0.483 0.193 0.601 0.965 0.410 0.009]
    99          156         0.147518         reflect
  eval: e=0.1744  p=[0.726 0.492 0.215 0.606 0.893 0.402 0.097]
  eval: e=0.1564  p=[0.775  0.479  0.159  0.619  0.979  0.407 -0.006]
   100          158         0.147518         contract inside
  eval: e=0.1490  p=[0.737 0.496 0.175 0.598 0.962 0.433 0.011]
   101          159         0.147518         reflect
  eval: e=0.1479  p=[0.743  0.488  0.179  0.590  0.991  0.428 -0.022]
   102          160         0.147518         reflect
  eval: e=0.1568  p=[0.774  0.493  0.139  0.596  1.039  0.421 -0.066]
   103          161         0.147518         reflect
  eval: e=0.1425  p=[0.745  0.505  0.155  0.584  0.992  0.450 -0.027]
  eval: e=0.1371  p=[0.734  0.519  0.143  0.566  1.002  0.479 -0.045]
   104          163         0.137064         expand
  eval: e=0.1520  p=[0.727 0.493 0.194 0.599 0.914 0.436 0.055]
   105          164         0.137064         reflect
  eval: e=0.1489  p=[0.749  0.507  0.141  0.594  0.973  0.454 -0.006]
   106          165         0.137064         reflect
  eval: e=0.1454  p=[0.713 0.518 0.170 0.569 0.957 0.471 0.009]
   107          166         0.137064         reflect
  eval: e=0.1405  p=[0.707  0.528  0.155  0.559  0.982  0.494 -0.019]
   108          167         0.137064         reflect
  eval: e=0.1534  p=[0.740  0.525  0.122  0.564  1.043  0.478 -0.076]
  eval: e=0.1489  p=[0.730 0.501 0.176 0.590 0.946 0.447 0.023]
   109          169         0.137064         contract inside
  eval: e=0.1389  p=[0.728  0.524  0.143  0.563  0.990  0.484 -0.028]
   110          170         0.137064         reflect
  eval: e=0.1451  p=[0.710  0.518  0.177  0.558  0.983  0.472 -0.018]
   111          171         0.137064         reflect
  eval: e=0.1421  p=[0.723  0.529  0.141  0.552  1.021  0.487 -0.058]
   112          172         0.137064         reflect
  eval: e=0.1430  p=[0.704  0.554  0.128  0.541  0.985  0.522 -0.023]
   113          173         0.137064         reflect
  eval: e=0.1390  p=[0.683  0.546  0.156  0.522  0.997  0.536 -0.050]
   114          174         0.137064         reflect
  eval: e=0.1510  p=[0.713  0.544  0.128  0.534  1.032  0.521 -0.078]
  eval: e=0.1417  p=[0.713  0.525  0.159  0.560  0.976  0.484 -0.012]
   115          176         0.137064         contract inside
  eval: e=0.1455  p=[0.716  0.546  0.116  0.546  1.003  0.524 -0.049]
  eval: e=0.1394  p=[0.712  0.525  0.162  0.555  0.988  0.485 -0.026]
   116          178         0.137064         contract inside
  eval: e=0.1391  p=[0.724  0.502  0.174  0.567  1.002  0.463 -0.045]
   117          179         0.137064         reflect
  eval: e=0.1438  p=[0.706  0.520  0.170  0.559  0.961  0.492 -0.007]
  eval: e=0.1375  p=[0.719  0.527  0.149  0.554  1.006  0.488 -0.045]
   118          181         0.137064         contract inside
  eval: e=0.1400  p=[0.718  0.524  0.149  0.550  1.015  0.496 -0.061]
   119          182         0.137064         reflect
  eval: e=0.1405  p=[0.726  0.520  0.153  0.549  1.019  0.487 -0.067]
  eval: e=0.1378  p=[0.712  0.526  0.154  0.556  0.991  0.492 -0.031]
   120          184         0.137064         contract inside
  eval: e=0.1410  p=[0.714  0.524  0.159  0.559  0.979  0.483 -0.016]
  eval: e=0.1366  p=[0.717  0.524  0.152  0.552  1.006  0.493 -0.050]
   121          186         0.136555         contract inside
  eval: e=0.1404  p=[0.721  0.523  0.144  0.554  1.010  0.496 -0.058]
  eval: e=0.1378  p=[0.714  0.525  0.157  0.555  0.994  0.488 -0.034]
   122          188         0.136555         contract inside
  eval: e=0.1409  p=[0.706  0.552  0.127  0.538  0.994  0.525 -0.036]
  eval: e=0.1358  p=[0.720  0.515  0.162  0.560  1.000  0.479 -0.043]
   123          190         0.135807         contract inside
  eval: e=0.1460  p=[0.758  0.500  0.147  0.594  1.000  0.436 -0.028]
  eval: e=0.1359  p=[0.701  0.535  0.154  0.540  0.998  0.511 -0.045]
   124          192         0.135807         contract inside
  eval: e=0.1371  p=[0.706  0.524  0.163  0.546  1.009  0.496 -0.055]
   125          193         0.135807         reflect
  eval: e=0.1380  p=[0.717  0.524  0.150  0.552  1.010  0.494 -0.056]
  eval: e=0.1360  p=[0.715  0.525  0.156  0.554  0.998  0.490 -0.039]
   126          195         0.135807         contract inside
  eval: e=0.1390  p=[0.720  0.522  0.154  0.550  1.015  0.489 -0.061]
  eval: e=0.1359  p=[0.714  0.525  0.154  0.555  0.997  0.491 -0.038]
   127          197         0.135807         contract inside
  eval: e=0.1351  p=[0.712  0.521  0.161  0.552  0.997  0.494 -0.045]
  eval: e=0.1361  p=[0.708  0.519  0.167  0.552  0.992  0.497 -0.045]
   128          199         0.135093         reflect
  eval: e=0.1385  p=[0.726  0.523  0.146  0.562  0.990  0.486 -0.032]
  eval: e=0.1358  p=[0.711  0.524  0.159  0.550  1.004  0.493 -0.050]
   129          201         0.135093         contract inside
  eval: e=0.1362  p=[0.691  0.529  0.170  0.538  0.998  0.507 -0.044]
   130          202         0.135093         reflect
  eval: e=0.1375  p=[0.701  0.525  0.167  0.547  0.992  0.497 -0.037]
  eval: e=0.1353  p=[0.713  0.525  0.156  0.551  1.002  0.494 -0.047]
   131          204         0.135093         contract inside
  eval: e=0.1366  p=[0.733  0.519  0.144  0.565  1.001  0.479 -0.044]
  eval: e=0.1352  p=[0.702  0.526  0.164  0.545  0.999  0.500 -0.044]
   132          206         0.135093         contract inside
  eval: e=0.1345  p=[0.706  0.524  0.161  0.547  1.001  0.500 -0.050]
  eval: e=0.1349  p=[0.701  0.524  0.164  0.543  1.003  0.505 -0.055]
   133          208         0.134459         reflect
  eval: e=0.1350  p=[0.704  0.523  0.165  0.544  1.004  0.500 -0.054]
   134          209         0.134459         reflect
  eval: e=0.1363  p=[0.718  0.511  0.169  0.560  1.004  0.478 -0.050]
  eval: e=0.1348  p=[0.706  0.529  0.157  0.545  0.999  0.503 -0.046]
   135          211         0.134459         contract inside
  eval: e=0.1352  p=[0.707  0.523  0.163  0.548  0.996  0.498 -0.044]
   136          212         0.134459         reflect
  eval: e=0.1355  p=[0.694  0.534  0.160  0.535  0.999  0.518 -0.051]
  eval: e=0.1346  p=[0.701  0.529  0.160  0.541  0.999  0.508 -0.049]
   137          214         0.134459         contract outside
  eval: e=0.1351  p=[0.698  0.526  0.168  0.541  0.996  0.507 -0.048]
   138          215         0.134459         reflect
  eval: e=0.1343  p=[0.708  0.524  0.161  0.546  0.999  0.503 -0.052]
  eval: e=0.1350  p=[0.711  0.522  0.159  0.547  1.000  0.505 -0.057]
   139          217         0.134349         reflect
  eval: e=0.1350  p=[0.703  0.527  0.161  0.543  1.003  0.507 -0.054]
   140          218         0.134349         reflect
  eval: e=0.1359  p=[0.713  0.525  0.154  0.550  1.004  0.497 -0.052]
  eval: e=0.1345  p=[0.702  0.526  0.164  0.543  0.998  0.505 -0.049]
   141          220         0.134349         contract inside
  eval: e=0.1361  p=[0.696  0.531  0.162  0.536  1.005  0.513 -0.056]
  eval: e=0.1345  p=[0.708  0.524  0.161  0.548  0.999  0.499 -0.048]
   142          222         0.134349         contract inside
  eval: e=0.1349  p=[0.707  0.523  0.162  0.547  0.997  0.499 -0.045]
   143          223         0.134349         reflect
  eval: e=0.1361  p=[0.706  0.528  0.157  0.547  0.995  0.504 -0.043]
  eval: e=0.1344  p=[0.705  0.524  0.163  0.545  1.001  0.501 -0.051]
   144          225         0.134349         contract inside
  eval: e=0.1349  p=[0.703  0.528  0.160  0.543  1.002  0.507 -0.053]
  eval: e=0.1345  p=[0.706  0.524  0.162  0.546  0.999  0.501 -0.047]
   145          227         0.134349         contract inside
  eval: e=0.1338  p=[0.704  0.521  0.166  0.545  1.000  0.502 -0.053]
  eval: e=0.1335  p=[0.704  0.518  0.171  0.546  1.000  0.502 -0.056]
   146          229         0.133464         expand
  eval: e=0.1337  p=[0.710  0.518  0.166  0.550  1.000  0.495 -0.052]
   147          230         0.133464         reflect
  eval: e=0.1343  p=[0.711  0.519  0.163  0.550  1.001  0.496 -0.053]
   148          231         0.133464         reflect
  eval: e=0.1343  p=[0.709  0.518  0.166  0.549  1.002  0.498 -0.056]
   149          232         0.133464         reflect
  eval: e=0.1345  p=[0.707  0.518  0.168  0.547  1.003  0.499 -0.058]
  eval: e=0.1340  p=[0.708  0.522  0.163  0.548  1.000  0.499 -0.050]
   150          234         0.133464         contract inside
  eval: e=0.1338  p=[0.710  0.517  0.168  0.549  1.000  0.498 -0.056]
   151          235         0.133464         reflect
  eval: e=0.1344  p=[0.712  0.514  0.168  0.552  0.999  0.496 -0.056]
  eval: e=0.1339  p=[0.710  0.517  0.166  0.550  1.000  0.497 -0.055]
   152          237         0.133464         contract outside
  eval: e=0.1336  p=[0.710  0.513  0.171  0.552  1.001  0.493 -0.056]
   153          238         0.133464         reflect
  eval: e=0.1336  p=[0.706  0.516  0.172  0.548  0.999  0.499 -0.056]
   154          239         0.133464         reflect
  eval: e=0.1341  p=[0.707  0.516  0.171  0.549  0.998  0.497 -0.053]
  eval: e=0.1338  p=[0.708  0.516  0.169  0.549  0.999  0.497 -0.054]
   155          241         0.133464         contract outside
  eval: e=0.1335  p=[0.708  0.510  0.175  0.550  1.000  0.496 -0.060]
   156          242         0.133464         reflect
  eval: e=0.1331  p=[0.705  0.514  0.174  0.548  1.000  0.497 -0.056]
  eval: e=0.1328  p=[0.703  0.513  0.178  0.547  1.000  0.497 -0.057]
   157          244         0.132798         expand
  eval: e=0.1334  p=[0.707  0.513  0.174  0.548  1.001  0.497 -0.059]
   158          245         0.132798         reflect
  eval: e=0.1329  p=[0.704  0.512  0.177  0.549  1.000  0.495 -0.057]
   159          246         0.132798         reflect
  eval: e=0.1328  p=[0.702  0.510  0.182  0.547  1.000  0.499 -0.063]
   160          247         0.132798         reflect
  eval: e=0.1332  p=[0.700  0.513  0.180  0.544  0.999  0.503 -0.061]
   161          248         0.132798         reflect
  eval: e=0.1329  p=[0.702  0.510  0.182  0.547  1.001  0.497 -0.061]
   162          249         0.132798         reflect
  eval: e=0.1328  p=[0.698  0.515  0.180  0.543  1.001  0.502 -0.058]
   163          250         0.132798         reflect
  eval: e=0.1324  p=[0.701  0.507  0.188  0.547  1.001  0.495 -0.063]
  eval: e=0.1321  p=[0.699  0.501  0.196  0.547  1.001  0.492 -0.066]
   164          252         0.132055         expand
  eval: e=0.1320  p=[0.696  0.508  0.191  0.544  1.000  0.499 -0.062]
  eval: e=0.1316  p=[0.690  0.505  0.199  0.541  0.999  0.500 -0.064]
   165          254         0.131649         expand
  eval: e=0.1327  p=[0.700  0.505  0.190  0.548  1.002  0.492 -0.061]
   166          255         0.131649         reflect
  eval: e=0.1318  p=[0.694  0.505  0.196  0.543  1.001  0.499 -0.066]
   167          256         0.131649         reflect
  eval: e=0.1317  p=[0.694  0.506  0.196  0.544  1.000  0.497 -0.063]
   168          257         0.131649         reflect
  eval: e=0.1314  p=[0.697  0.498  0.202  0.547  1.000  0.491 -0.067]
  eval: e=0.1311  p=[0.697  0.489  0.213  0.549  1.000  0.486 -0.072]
   169          259         0.131141         expand
  eval: e=0.1315  p=[0.692  0.497  0.209  0.545  1.001  0.490 -0.066]
   170          260         0.131141         reflect
  eval: e=0.1308  p=[0.687  0.490  0.221  0.544  1.001  0.491 -0.073]
  eval: e=0.1303  p=[0.679  0.478  0.243  0.542  1.002  0.488 -0.082]
   171          262         0.130283         expand
  eval: e=0.1302  p=[0.684  0.489  0.225  0.541  0.999  0.494 -0.075]
  eval: e=0.1297  p=[0.677  0.481  0.242  0.538  0.998  0.495 -0.083]
   172          264         0.129681         expand
  eval: e=0.1300  p=[0.679  0.488  0.232  0.539  0.999  0.495 -0.076]
   173          265         0.129681         reflect
  eval: e=0.1301  p=[0.679  0.480  0.242  0.542  0.999  0.488 -0.078]
   174          266         0.129681         reflect
  eval: e=0.1293  p=[0.675  0.471  0.255  0.541  0.999  0.487 -0.085]
  eval: e=0.1289  p=[0.666  0.454  0.285  0.540  0.999  0.482 -0.096]
   175          268         0.128906         expand
  eval: e=0.1296  p=[0.672  0.457  0.277  0.543  1.000  0.478 -0.094]
   176          269         0.128906         reflect
  eval: e=0.1286  p=[0.665  0.453  0.286  0.539  0.999  0.485 -0.100]
  eval: e=0.1287  p=[0.652  0.431  0.325  0.536  0.998  0.482 -0.117]
   177          271         0.128554         reflect
  eval: e=0.1281  p=[0.651  0.451  0.303  0.532  0.999  0.488 -0.102]
  eval: e=0.1279  p=[0.627  0.432  0.348  0.523  0.998  0.489 -0.117]
   178          273         0.127906         expand
  eval: e=0.1288  p=[0.654  0.449  0.303  0.533  0.996  0.487 -0.102]
   179          274         0.127906         reflect
  eval: e=0.1277  p=[0.647  0.438  0.322  0.530  0.998  0.487 -0.113]
  eval: e=0.1274  p=[0.631  0.418  0.362  0.524  0.997  0.487 -0.130]
   180          276         0.127363         expand
  eval: e=0.1285  p=[0.634  0.410  0.369  0.529  0.997  0.477 -0.130]
   181          277         0.127363         reflect
  eval: e=0.1293  p=[0.623  0.396  0.395  0.528  0.998  0.472 -0.137]
   182          278         0.127363         reflect
  eval: e=0.1276  p=[0.614  0.403  0.394  0.519  0.995  0.487 -0.139]
   183          279         0.127363         reflect
  eval: e=0.1288  p=[0.660  0.466  0.275  0.531  0.997  0.498 -0.095]
   184          280         0.127363         reflect
  eval: e=0.1272  p=[0.615  0.412  0.383  0.516  0.995  0.493 -0.136]
  eval: e=0.1274  p=[0.590  0.392  0.432  0.505  0.993  0.498 -0.156]
   185          282         0.127204         reflect
  eval: e=0.1266  p=[0.616  0.407  0.387  0.519  0.998  0.488 -0.140]
  eval: e=0.1263  p=[0.597  0.386  0.430  0.512  1.000  0.489 -0.159]
   186          284         0.126265         expand
  eval: e=0.1285  p=[0.593  0.367  0.459  0.516  0.998  0.475 -0.165]
   187          285         0.126265         reflect
  eval: e=0.1279  p=[0.566  0.355  0.498  0.501  0.996  0.486 -0.179]
   188          286         0.126265         reflect
  eval: e=0.1274  p=[0.632  0.438  0.336  0.520  0.996  0.498 -0.118]
   189          287         0.126265         reflect
  eval: e=0.1266  p=[0.590  0.402  0.417  0.504  0.996  0.503 -0.149]
   190          288         0.126265         reflect
  eval: e=0.1287  p=[0.585  0.373  0.458  0.505  0.995  0.494 -0.172]
  eval: e=0.1270  p=[0.617  0.417  0.375  0.518  0.997  0.491 -0.130]
   191          290         0.126265         contract inside
  eval: e=0.1286  p=[0.661  0.467  0.272  0.531  0.998  0.499 -0.096]
  eval: e=0.1270  p=[0.590  0.383  0.442  0.508  0.996  0.489 -0.158]
   192          292         0.126265         contract inside
  eval: e=0.1259  p=[0.607  0.413  0.390  0.510  0.998  0.498 -0.142]
  eval: e=0.1255  p=[0.603  0.417  0.388  0.506  1.000  0.504 -0.143]
   193          294         0.125464         expand
  eval: e=0.1263  p=[0.581  0.372  0.463  0.506  0.999  0.489 -0.169]
   194          295         0.125464         reflect
  eval: e=0.1262  p=[0.567  0.379  0.466  0.496  0.998  0.501 -0.169]
   195          296         0.125464         reflect
  eval: e=0.1257  p=[0.569  0.375  0.469  0.498  1.001  0.497 -0.172]
   196          297         0.125464         reflect
  eval: e=0.1256  p=[0.588  0.403  0.418  0.503  1.001  0.503 -0.154]
   197          298         0.125464         reflect
  eval: e=0.1259  p=[0.553  0.365  0.496  0.489  1.001  0.506 -0.188]
   198          299         0.125464         reflect
  eval: e=0.1267  p=[0.570  0.369  0.477  0.499  1.004  0.494 -0.181]
  eval: e=0.1259  p=[0.585  0.394  0.432  0.503  0.998  0.501 -0.157]
   199          301         0.125464         contract inside
  eval: e=0.1257  p=[0.580  0.405  0.422  0.496  1.001  0.511 -0.157]
   200          302         0.125464         reflect
  eval: e=0.1268  p=[0.559  0.396  0.453  0.485  1.000  0.518 -0.166]
  eval: e=0.1255  p=[0.588  0.389  0.436  0.506  1.000  0.496 -0.161]
   201          304         0.125454         contract inside
  eval: e=0.1260  p=[0.595  0.406  0.408  0.504  1.002  0.504 -0.155]
  eval: e=0.1256  p=[0.588  0.399  0.423  0.502  1.001  0.504 -0.158]
   202          306         0.125454         contract outside
  eval: e=0.1262  p=[0.578  0.393  0.440  0.498  1.003  0.506 -0.167]
  eval: e=0.1254  p=[0.583  0.394  0.434  0.501  0.999  0.502 -0.159]
   203          308         0.125422         contract inside
  eval: e=0.1260  p=[0.618  0.430  0.358  0.515  1.000  0.500 -0.127]
  eval: e=0.1254  p=[0.569  0.381  0.462  0.495  1.001  0.504 -0.173]
   204          310         0.125422         contract inside
  eval: e=0.1255  p=[0.602  0.421  0.383  0.505  1.000  0.510 -0.144]
   205          311         0.125422         reflect
  eval: e=0.1254  p=[0.598  0.396  0.419  0.509  1.000  0.495 -0.155]
   206          312         0.125422         reflect
  eval: e=0.1256  p=[0.592  0.396  0.423  0.504  0.999  0.501 -0.159]
  eval: e=0.1253  p=[0.591  0.398  0.422  0.504  1.000  0.501 -0.157]
   207          314         0.125338         contract outside
  eval: e=0.1257  p=[0.593  0.400  0.418  0.505  0.998  0.500 -0.154]
  eval: e=0.1253  p=[0.589  0.399  0.422  0.503  1.000  0.503 -0.157]
   208          316         0.125326         contract inside
  eval: e=0.1257  p=[0.575  0.372  0.468  0.502  1.000  0.492 -0.172]
  eval: e=0.1253  p=[0.596  0.409  0.405  0.504  1.000  0.505 -0.151]
   209          318         0.125258         contract inside
  eval: e=0.1257  p=[0.572  0.373  0.468  0.500  1.000  0.498 -0.175]
  eval: e=0.1252  p=[0.596  0.406  0.408  0.505  1.000  0.503 -0.151]
   210          320         0.125248         contract inside
  eval: e=0.1253  p=[0.590  0.406  0.413  0.500  1.000  0.507 -0.154]
   211          321         0.125248         reflect
  eval: e=0.1258  p=[0.614  0.421  0.373  0.512  0.999  0.501 -0.137]
  eval: e=0.1252  p=[0.581  0.391  0.439  0.500  1.000  0.503 -0.164]
   212          323         0.125238         contract inside
  eval: e=0.1255  p=[0.581  0.405  0.422  0.496  1.000  0.512 -0.157]
  eval: e=0.1252  p=[0.593  0.398  0.419  0.506  1.000  0.499 -0.156]
   213          325         0.125238         contract inside
  eval: e=0.1255  p=[0.598  0.409  0.403  0.505  1.001  0.504 -0.152]
  eval: e=0.1253  p=[0.587  0.397  0.426  0.502  1.000  0.502 -0.158]
   214          327         0.125238         contract inside
  eval: e=0.1254  p=[0.589  0.404  0.416  0.502  1.001  0.505 -0.154]
  eval: e=0.1252  p=[0.591  0.399  0.420  0.503  1.000  0.502 -0.157]
   215          329         0.125231         contract inside
  eval: e=0.1254  p=[0.592  0.403  0.416  0.503  0.999  0.504 -0.154]
  eval: e=0.1252  p=[0.590  0.400  0.420  0.503  1.000  0.503 -0.156]
   216          331         0.125226         contract inside
  eval: e=0.1253  p=[0.595  0.406  0.410  0.504  1.000  0.504 -0.154]
  eval: e=0.1252  p=[0.589  0.399  0.422  0.503  1.000  0.503 -0.157]
   217          333         0.125211         contract inside
  eval: e=0.1254  p=[0.591  0.395  0.425  0.506  1.000  0.498 -0.157]
  eval: e=0.1252  p=[0.590  0.403  0.416  0.502  1.000  0.505 -0.155]
   218          335         0.125176         contract inside
  eval: e=0.1252  p=[0.584  0.391  0.437  0.502  1.000  0.500 -0.162]
   219          336         0.125176         reflect
  eval: e=0.1253  p=[0.581  0.389  0.442  0.500  1.000  0.502 -0.165]
  eval: e=0.1252  p=[0.592  0.402  0.417  0.504  1.000  0.502 -0.155]
   220          338         0.125176         contract inside
  eval: e=0.1252  p=[0.583  0.398  0.430  0.499  1.000  0.506 -0.160]
   221          339         0.125176         reflect
  eval: e=0.1253  p=[0.596  0.407  0.407  0.505  1.000  0.503 -0.151]
  eval: e=0.1252  p=[0.584  0.395  0.431  0.501  1.000  0.503 -0.161]
   222          341         0.125176         contract inside
  eval: e=0.1253  p=[0.584  0.397  0.429  0.500  1.000  0.504 -0.159]
  eval: e=0.1252  p=[0.589  0.399  0.423  0.502  1.000  0.503 -0.157]
   223          343         0.125174         contract inside
  eval: e=0.1252  p=[0.585  0.396  0.430  0.500  1.000  0.503 -0.160]
   224          344         0.125174         reflect
  eval: e=0.1253  p=[0.593  0.398  0.421  0.505  1.000  0.499 -0.156]
  eval: e=0.1252  p=[0.585  0.398  0.427  0.500  1.000  0.504 -0.159]
   225          346         0.125158         contract inside
  eval: e=0.1252  p=[0.585  0.396  0.430  0.501  1.000  0.503 -0.160]
   226          347         0.125158         reflect
  eval: e=0.1252  p=[0.590  0.399  0.422  0.503  1.000  0.503 -0.157]
  eval: e=0.1252  p=[0.586  0.397  0.428  0.501  1.000  0.503 -0.159]
   227          349         0.125158         contract inside
  eval: e=0.1252  p=[0.591  0.406  0.412  0.501  1.000  0.507 -0.154]
  eval: e=0.1252  p=[0.586  0.395  0.431  0.502  1.000  0.502 -0.160]
   228          351         0.125153         contract inside
  eval: e=0.1252  p=[0.581  0.393  0.436  0.499  1.000  0.504 -0.163]
   229          352         0.125153         reflect
  eval: e=0.1252  p=[0.588  0.400  0.423  0.501  1.000  0.504 -0.158]
   230          353         0.125153         reflect
  eval: e=0.1252  p=[0.593  0.403  0.414  0.504  1.000  0.503 -0.154]
  eval: e=0.1252  p=[0.584  0.396  0.431  0.500  1.000  0.504 -0.161]
   231          355         0.125153         contract inside
  eval: e=0.1252  p=[0.582  0.391  0.439  0.500  1.000  0.502 -0.163]
   232          356         0.125153         reflect
  eval: e=0.1252  p=[0.581  0.393  0.437  0.499  1.000  0.504 -0.163]
  eval: e=0.1252  p=[0.583  0.394  0.433  0.500  1.000  0.503 -0.161]
   233          358         0.125153         contract outside
  eval: e=0.1252  p=[0.585  0.395  0.431  0.501  1.000  0.503 -0.160]
  eval: e=0.1252  p=[0.585  0.396  0.430  0.501  1.000  0.503 -0.160]
   234          360         0.125153         contract inside
  eval: e=0.1252  p=[0.584  0.394  0.433  0.500  1.000  0.503 -0.161]
  eval: e=0.1251  p=[0.585  0.396  0.429  0.501  1.000  0.503 -0.160]
   235          362         0.125144         contract inside
  eval: e=0.1252  p=[0.588  0.402  0.420  0.501  1.000  0.505 -0.156]
  eval: e=0.1251  p=[0.584  0.394  0.434  0.500  1.000  0.502 -0.161]
   236          364         0.125136         contract inside
  eval: e=0.1251  p=[0.585  0.394  0.433  0.501  1.000  0.502 -0.161]
  eval: e=0.1251  p=[0.585  0.392  0.436  0.501  1.000  0.500 -0.162]
   237          366          0.12513         reflect
  eval: e=0.1252  p=[0.582  0.390  0.440  0.500  1.000  0.502 -0.164]
  eval: e=0.1251  p=[0.586  0.397  0.427  0.501  1.000  0.503 -0.159]
   238          368          0.12513         contract inside
  eval: e=0.1251  p=[0.586  0.394  0.431  0.501  1.000  0.502 -0.160]
   239          369          0.12513         reflect
  eval: e=0.1252  p=[0.587  0.396  0.428  0.502  1.000  0.502 -0.159]
  eval: e=0.1251  p=[0.584  0.395  0.432  0.500  1.000  0.503 -0.161]
   240          371          0.12513         contract inside
  eval: e=0.1252  p=[0.585  0.394  0.432  0.501  1.000  0.502 -0.161]
  eval: e=0.1251  p=[0.585  0.395  0.431  0.501  1.000  0.503 -0.160]
   241          373          0.12513         contract inside
  eval: e=0.1251  p=[0.584  0.395  0.431  0.500  1.000  0.503 -0.161]
   242          374          0.12513         reflect
  eval: e=0.1251  p=[0.584  0.396  0.431  0.500  1.000  0.504 -0.161]
   243          375          0.12513         reflect
  eval: e=0.1251  p=[0.584  0.394  0.434  0.500  1.000  0.503 -0.162]
   244          376          0.12513         reflect
  eval: e=0.1251  p=[0.585  0.395  0.431  0.500  1.000  0.503 -0.161]
  eval: e=0.1251  p=[0.585  0.396  0.430  0.500  1.000  0.503 -0.161]
   245          378         0.125128         reflect
  eval: e=0.1251  p=[0.584  0.395  0.433  0.500  1.000  0.503 -0.161]
   246          379         0.125128         reflect
  eval: e=0.1251  p=[0.585  0.394  0.433  0.501  1.000  0.502 -0.161]
  eval: e=0.1251  p=[0.584  0.395  0.431  0.500  1.000  0.504 -0.161]
   247          381         0.125128         contract inside
  eval: e=0.1252  p=[0.585  0.396  0.430  0.501  1.000  0.503 -0.160]
  eval: e=0.1251  p=[0.584  0.395  0.433  0.500  1.000  0.503 -0.161]
   248          383         0.125128         contract inside
  eval: e=0.1251  p=[0.585  0.394  0.432  0.501  1.000  0.502 -0.161]
  eval: e=0.1251  p=[0.585  0.395  0.432  0.500  1.000  0.503 -0.161]
   249          385         0.125128         contract inside
  eval: e=0.1251  p=[0.586  0.397  0.429  0.500  1.000  0.503 -0.160]
  eval: e=0.1251  p=[0.587  0.398  0.426  0.500  1.000  0.504 -0.159]
   250          387         0.125119         expand
  eval: e=0.1251  p=[0.584  0.393  0.435  0.500  1.000  0.503 -0.162]
  eval: e=0.1251  p=[0.582  0.391  0.439  0.499  1.000  0.503 -0.164]
   251          389         0.125117         expand
  eval: e=0.1251  p=[0.585  0.394  0.433  0.500  1.000  0.503 -0.162]
   252          390         0.125117         reflect
  eval: e=0.1251  p=[0.585  0.395  0.432  0.500  1.000  0.503 -0.161]
   253          391         0.125117         reflect
  eval: e=0.1251  p=[0.584  0.396  0.431  0.499  1.000  0.504 -0.161]
   254          392         0.125117         reflect
  eval: e=0.1251  p=[0.585  0.394  0.433  0.500  1.000  0.503 -0.162]
  eval: e=0.1251  p=[0.585  0.394  0.433  0.500  1.000  0.502 -0.162]
   255          394         0.125093         expand
  eval: e=0.1251  p=[0.585  0.395  0.432  0.500  1.000  0.503 -0.162]
   256          395         0.125093         reflect
  eval: e=0.1251  p=[0.584  0.395  0.432  0.499  1.000  0.504 -0.162]
   257          396         0.125093         reflect
  eval: e=0.1251  p=[0.584  0.394  0.434  0.499  1.000  0.504 -0.163]
  eval: e=0.1251  p=[0.584  0.394  0.435  0.498  1.000  0.504 -0.164]
   258          398         0.125076         expand
  eval: e=0.1251  p=[0.585  0.395  0.432  0.499  1.000  0.504 -0.162]
   259          399         0.125076         reflect
  eval: e=0.1251  p=[0.581  0.390  0.441  0.498  1.000  0.503 -0.166]
   260          400         0.125076         reflect
  eval: e=0.1251  p=[0.583  0.391  0.439  0.499  1.000  0.502 -0.165]
   261          401         0.125076         reflect
  eval: e=0.1251  p=[0.586  0.396  0.431  0.499  1.000  0.504 -0.162]
  eval: e=0.1251  p=[0.588  0.398  0.427  0.499  1.000  0.505 -0.162]
   262          403         0.125057         expand
  eval: e=0.1251  p=[0.585  0.393  0.436  0.499  1.000  0.503 -0.164]
  eval: e=0.1250  p=[0.585  0.392  0.438  0.498  1.000  0.503 -0.166]
   263          405         0.125039         expand
  eval: e=0.1250  p=[0.584  0.392  0.439  0.498  1.000  0.503 -0.166]
  eval: e=0.1250  p=[0.583  0.390  0.442  0.497  1.000  0.503 -0.168]
   264          407         0.125002         expand
  eval: e=0.1250  p=[0.583  0.392  0.439  0.497  1.000  0.504 -0.167]
   265          408         0.125002         reflect
  eval: e=0.1250  p=[0.587  0.396  0.431  0.498  1.000  0.504 -0.164]
  eval: e=0.1250  p=[0.590  0.399  0.426  0.498  1.000  0.505 -0.163]
   266          410         0.124977         expand
  eval: e=0.1250  p=[0.586  0.392  0.438  0.497  1.000  0.503 -0.167]
  eval: e=0.1249  p=[0.586  0.390  0.441  0.496  1.000  0.503 -0.170]
   267          412          0.12491         expand
  eval: e=0.1250  p=[0.588  0.396  0.432  0.496  1.000  0.506 -0.166]
   268          413          0.12491         reflect
  eval: e=0.1249  p=[0.588  0.394  0.435  0.496  1.000  0.504 -0.168]
  eval: e=0.1248  p=[0.590  0.394  0.435  0.494  1.000  0.505 -0.170]
   269          415           0.1248         expand
  eval: e=0.1249  p=[0.585  0.389  0.445  0.494  1.000  0.503 -0.172]
   270          416           0.1248         reflect
  eval: e=0.1248  p=[0.588  0.394  0.437  0.494  1.000  0.506 -0.170]
   271          417           0.1248         reflect
  eval: e=0.1248  p=[0.591  0.394  0.434  0.494  1.000  0.504 -0.170]
  eval: e=0.1247  p=[0.596  0.395  0.432  0.493  1.000  0.504 -0.172]
   272          419         0.124673         expand
  eval: e=0.1247  p=[0.595  0.397  0.429  0.493  1.000  0.506 -0.170]
   273          420         0.124673         reflect
  eval: e=0.1247  p=[0.590  0.389  0.445  0.491  1.000  0.504 -0.177]
   274          421         0.124673         reflect
  eval: e=0.1246  p=[0.592  0.389  0.443  0.491  1.000  0.503 -0.177]
  eval: e=0.1245  p=[0.595  0.386  0.449  0.489  1.000  0.502 -0.183]
   275          423         0.124457         expand
  eval: e=0.1245  p=[0.596  0.393  0.437  0.489  1.000  0.505 -0.177]
   276          424         0.124457         reflect
  eval: e=0.1245  p=[0.601  0.397  0.430  0.490  1.000  0.506 -0.176]
   277          425         0.124457         reflect
  eval: e=0.1244  p=[0.601  0.392  0.437  0.489  1.000  0.503 -0.180]
  eval: e=0.1242  p=[0.607  0.391  0.437  0.487  1.000  0.502 -0.185]
   278          427         0.124219         expand
  eval: e=0.1243  p=[0.604  0.391  0.439  0.486  1.000  0.504 -0.184]
   279          428         0.124219         reflect
  eval: e=0.1242  p=[0.601  0.386  0.448  0.486  1.000  0.502 -0.188]
  eval: e=0.1240  p=[0.604  0.381  0.458  0.482  1.000  0.501 -0.197]
   280          430            0.124         expand
  eval: e=0.1241  p=[0.611  0.393  0.435  0.485  1.000  0.503 -0.187]
   281          431            0.124         reflect
  eval: e=0.1239  p=[0.610  0.385  0.450  0.481  1.000  0.502 -0.197]
  eval: e=0.1235  p=[0.617  0.380  0.458  0.474  1.000  0.501 -0.209]
   282          433         0.123501         expand
  eval: e=0.1238  p=[0.615  0.383  0.451  0.480  1.000  0.500 -0.200]
   283          434         0.123501         reflect
  eval: e=0.1237  p=[0.615  0.376  0.463  0.477  1.000  0.498 -0.209]
   284          435         0.123501         reflect
  eval: e=0.1234  p=[0.626  0.384  0.449  0.474  1.000  0.500 -0.209]
  eval: e=0.1230  p=[0.642  0.384  0.448  0.467  1.000  0.499 -0.222]
   285          437         0.122976         expand
  eval: e=0.1233  p=[0.628  0.377  0.461  0.471  1.000  0.497 -0.218]
   286          438         0.122976         reflect
  eval: e=0.1230  p=[0.630  0.372  0.470  0.466  1.000  0.498 -0.227]
   287          439         0.122976         reflect
  eval: e=0.1231  p=[0.632  0.365  0.482  0.463  1.000  0.496 -0.237]
   288          440         0.122976         reflect
  eval: e=0.1228  p=[0.646  0.373  0.466  0.461  1.000  0.496 -0.238]
  eval: e=0.1226  p=[0.667  0.369  0.470  0.451  1.000  0.494 -0.258]
   289          442         0.122642         expand
  eval: e=0.1226  p=[0.651  0.366  0.479  0.454  1.000  0.495 -0.251]
  eval: e=0.1226  p=[0.669  0.358  0.493  0.441  1.000  0.493 -0.277]
   290          444         0.122617         expand
  eval: e=0.1224  p=[0.666  0.368  0.475  0.447  1.000  0.496 -0.263]
  eval: e=0.1227  p=[0.692  0.364  0.481  0.432  1.000  0.495 -0.290]
   291          446         0.122417         reflect
  eval: e=0.1228  p=[0.679  0.361  0.484  0.442  1.000  0.491 -0.277]
   292          447         0.122417         reflect
  eval: e=0.1227  p=[0.682  0.360  0.488  0.436  1.000  0.493 -0.285]
   293          448         0.122417         reflect
  eval: e=0.1225  p=[0.693  0.369  0.469  0.437  1.000  0.494 -0.280]
   294          449         0.122417         reflect
  eval: e=0.1238  p=[0.712  0.362  0.481  0.425  1.001  0.491 -0.304]
  eval: e=0.1226  p=[0.651  0.370  0.473  0.456  1.000  0.496 -0.247]
   295          451         0.122417         contract inside
  eval: e=0.1244  p=[0.703  0.346  0.509  0.422  1.000  0.488 -0.317]
  eval: e=0.1226  p=[0.657  0.374  0.464  0.456  1.000  0.497 -0.246]
   296          453         0.122417         contract inside
  eval: e=0.1223  p=[0.660  0.373  0.468  0.451  1.000  0.498 -0.253]
  eval: e=0.1224  p=[0.650  0.379  0.460  0.455  1.000  0.502 -0.241]
   297          455         0.122333         reflect
  eval: e=0.1227  p=[0.650  0.378  0.458  0.460  1.000  0.498 -0.236]
  eval: e=0.1225  p=[0.658  0.373  0.466  0.454  1.000  0.497 -0.248]
   298          457         0.122333         contract outside
  eval: e=0.1222  p=[0.662  0.370  0.474  0.447  1.000  0.498 -0.260]
  eval: e=0.1220  p=[0.660  0.370  0.476  0.446  1.000  0.499 -0.261]
   299          459         0.122008         expand
  eval: e=0.1224  p=[0.658  0.384  0.447  0.458  1.000  0.500 -0.237]
   300          460         0.122008         reflect
  eval: e=0.1221  p=[0.679  0.377  0.460  0.443  1.000  0.499 -0.264]
   301          461         0.122008         reflect
  eval: e=0.1220  p=[0.678  0.373  0.468  0.440  1.000  0.499 -0.270]
   302          462         0.122008         reflect
  eval: e=0.1220  p=[0.683  0.374  0.467  0.438  1.000  0.499 -0.274]
  eval: e=0.1219  p=[0.696  0.374  0.467  0.429  1.000  0.501 -0.286]
   303          464         0.121935         expand
  eval: e=0.1222  p=[0.649  0.379  0.462  0.453  1.000  0.504 -0.244]
   304          465         0.121935         reflect
  eval: e=0.1222  p=[0.681  0.362  0.489  0.430  1.000  0.498 -0.289]
   305          466         0.121935         reflect
  eval: e=0.1216  p=[0.677  0.377  0.465  0.437  1.000  0.503 -0.271]
  eval: e=0.1214  p=[0.683  0.381  0.461  0.431  1.000  0.507 -0.275]
   306          468         0.121395         expand
  eval: e=0.1216  p=[0.691  0.374  0.470  0.427  1.000  0.503 -0.287]
   307          469         0.121395         reflect
  eval: e=0.1226  p=[0.713  0.367  0.478  0.418  1.000  0.498 -0.308]
  eval: e=0.1219  p=[0.665  0.376  0.466  0.444  1.000  0.502 -0.260]
   308          471         0.121395         contract inside
  eval: e=0.1218  p=[0.676  0.387  0.445  0.444  1.000  0.505 -0.254]
   309          472         0.121395         reflect
  eval: e=0.1214  p=[0.678  0.376  0.470  0.431  1.000  0.506 -0.277]
  eval: e=0.1210  p=[0.678  0.376  0.474  0.425  1.000  0.509 -0.283]
   310          474         0.121046         expand
  eval: e=0.1212  p=[0.678  0.381  0.463  0.430  1.000  0.509 -0.275]
   311          475         0.121046         reflect
  eval: e=0.1213  p=[0.702  0.387  0.452  0.421  1.000  0.511 -0.288]
   312          476         0.121046         reflect
  eval: e=0.1214  p=[0.668  0.387  0.456  0.434  1.000  0.513 -0.263]
   313          477         0.121046         reflect
  eval: e=0.1210  p=[0.699  0.388  0.454  0.417  1.000  0.514 -0.290]
  eval: e=0.1210  p=[0.716  0.394  0.448  0.403  1.000  0.520 -0.305]
   314          479         0.120953         expand
  eval: e=0.1209  p=[0.700  0.378  0.476  0.405  1.000  0.516 -0.310]
  eval: e=0.1212  p=[0.712  0.373  0.492  0.386  1.000  0.522 -0.338]
   315          481         0.120925         reflect
  eval: e=0.1211  p=[0.688  0.393  0.453  0.416  1.000  0.521 -0.284]
   316          482         0.120925         reflect
  eval: e=0.1213  p=[0.716  0.382  0.466  0.403  1.000  0.514 -0.315]
   317          483         0.120925         reflect
  eval: e=0.1209  p=[0.711  0.387  0.463  0.398  1.000  0.521 -0.314]
  eval: e=0.1211  p=[0.725  0.391  0.464  0.382  1.000  0.528 -0.333]
   318          485         0.120859         reflect
  eval: e=0.1211  p=[0.676  0.389  0.457  0.425  1.000  0.517 -0.274]
   319          486         0.120859         reflect
  eval: e=0.1206  p=[0.683  0.384  0.472  0.409  1.000  0.521 -0.296]
  eval: e=0.1205  p=[0.674  0.382  0.483  0.403  1.000  0.526 -0.301]
   320          488         0.120479         expand
  eval: e=0.1207  p=[0.706  0.390  0.466  0.392  1.000  0.528 -0.317]
   321          489         0.120479         reflect
  eval: e=0.1208  p=[0.716  0.383  0.476  0.387  1.000  0.524 -0.330]
   322          490         0.120479         reflect
  eval: e=0.1207  p=[0.712  0.376  0.486  0.388  1.000  0.520 -0.333]
   323          491         0.120479         reflect
  eval: e=0.1212  p=[0.732  0.393  0.468  0.368  1.000  0.535 -0.348]
  eval: e=0.1207  p=[0.692  0.380  0.473  0.411  1.000  0.516 -0.300]
   324          493         0.120479         contract inside
  eval: e=0.1202  p=[0.687  0.371  0.502  0.392  1.000  0.524 -0.325]
  eval: e=0.1197  p=[0.672  0.359  0.528  0.386  1.000  0.525 -0.334]
   325          495         0.119687         expand
  eval: e=0.1201  p=[0.695  0.381  0.488  0.385  1.000  0.530 -0.327]
   326          496         0.119687         reflect
  eval: e=0.1197  p=[0.679  0.370  0.508  0.388  1.000  0.527 -0.327]
   327          497         0.119687         reflect
  eval: e=0.1201  p=[0.664  0.371  0.505  0.400  1.000  0.526 -0.309]
   328          498         0.119687         reflect
  eval: e=0.1208  p=[0.654  0.377  0.500  0.402  1.000  0.531 -0.300]
  eval: e=0.1203  p=[0.698  0.376  0.490  0.392  1.000  0.523 -0.325]
   329          500         0.119687         contract inside
  eval: e=0.1196  p=[0.676  0.372  0.518  0.373  1.000  0.538 -0.340]
  eval: e=0.1193  p=[0.669  0.367  0.541  0.355  1.000  0.548 -0.360]
   330          502         0.119275         expand
  eval: e=0.1190  p=[0.652  0.355  0.546  0.382  1.000  0.531 -0.335]
  eval: e=0.1182  p=[0.625  0.337  0.586  0.378  1.000  0.532 -0.344]
   331          504         0.118176         expand
  eval: e=0.1183  p=[0.669  0.350  0.559  0.364  1.000  0.534 -0.364]
   332          505         0.118176         reflect
  eval: e=0.1186  p=[0.638  0.349  0.572  0.367  1.000  0.541 -0.351]
   333          506         0.118176         reflect
  eval: e=0.1177  p=[0.624  0.334  0.598  0.368  1.000  0.537 -0.356]
  eval: e=0.1165  p=[0.588  0.311  0.652  0.360  1.000  0.540 -0.371]
   334          508         0.116459         expand
  eval: e=0.1150  p=[0.633  0.327  0.622  0.343  1.000  0.545 -0.391]
  eval: e=0.1083  p=[0.618  0.305  0.681  0.314  1.000  0.555 -0.432]
   335          510         0.108262         expand
  eval: e=0.1131  p=[0.600  0.309  0.668  0.333  1.000  0.552 -0.404]
   336          511         0.108262         reflect
  eval: e=0.1128  p=[0.587  0.306  0.689  0.319  1.000  0.561 -0.416]
   337          512         0.108262         reflect
  eval: e=0.1116  p=[0.567  0.280  0.718  0.341  1.000  0.542 -0.406]
   338          513         0.108262         reflect
  eval: e=0.1075  p=[0.578  0.279  0.729  0.321  1.000  0.549 -0.431]
  eval: e=0.1059  p=[0.548  0.245  0.808  0.298  1.000  0.554 -0.471]
   339          515         0.105854         expand
  eval: e=0.1181  p=[0.512  0.248  0.813  0.306  1.000  0.561 -0.448]
   340          516         0.105854         reflect
  eval: e=0.1257  p=[0.523  0.235  0.851  0.271  1.000  0.572 -0.498]
  eval: e=0.1150  p=[0.600  0.312  0.652  0.351  1.000  0.542 -0.382]
   341          518         0.105854         contract inside
  eval: e=0.1174  p=[0.662  0.343  0.578  0.356  1.000  0.537 -0.375]
  eval: e=0.1143  p=[0.624  0.319  0.637  0.344  1.000  0.543 -0.393]
   342          520         0.105854         contract outside
  eval: e=0.1022  p=[0.596  0.282  0.734  0.297  1.000  0.559 -0.459]
  eval: e=0.0959  p=[0.600  0.268  0.775  0.266  1.000  0.569 -0.503]
   343          522        0.0958781         expand
  eval: e=0.1002  p=[0.585  0.269  0.770  0.282  1.000  0.565 -0.482]
   344          523        0.0958781         reflect
  eval: e=0.1142  p=[0.548  0.247  0.823  0.272  1.000  0.570 -0.496]
  eval: e=0.1046  p=[0.567  0.265  0.777  0.290  1.000  0.563 -0.470]
   345          525        0.0958781         contract outside
  eval: e=0.1076  p=[0.563  0.245  0.822  0.270  1.000  0.565 -0.505]
   346          526        0.0958781         reflect
  eval: e=0.1038  p=[0.570  0.230  0.840  0.270  1.000  0.557 -0.518]
   347          527        0.0958781         reflect
  eval: e=0.1283  p=[0.591  0.242  0.846  0.227  1.000  0.580 -0.560]
  eval: e=0.1051  p=[0.573  0.271  0.750  0.313  1.000  0.551 -0.444]
   348          529        0.0958781         contract inside
  eval: e=0.1444  p=[0.527  0.207  0.902  0.254  1.000  0.566 -0.537]
  eval: e=0.1020  p=[0.595  0.280  0.736  0.299  1.000  0.558 -0.458]
   349          531        0.0958781         contract inside
  eval: e=0.1031  p=[0.590  0.278  0.737  0.306  1.000  0.554 -0.452]
   350          532        0.0958781         reflect
  eval: e=0.0972  p=[0.618  0.287  0.731  0.280  1.000  0.565 -0.480]
   351          533        0.0958781         reflect
  eval: e=0.0943  p=[0.606  0.266  0.783  0.257  1.000  0.572 -0.517]
  eval: e=0.0985  p=[0.622  0.264  0.799  0.229  1.000  0.582 -0.553]
   352          535        0.0943078         reflect
  eval: e=0.0892  p=[0.622  0.272  0.758  0.270  1.000  0.562 -0.504]
  eval: e=0.0833  p=[0.650  0.275  0.749  0.260  1.000  0.561 -0.520]
   353          537        0.0833005         expand
  eval: e=0.1062  p=[0.643  0.319  0.669  0.288  1.000  0.570 -0.457]
  eval: e=0.0955  p=[0.588  0.253  0.797  0.274  1.000  0.560 -0.503]
   354          539        0.0833005         contract inside
  eval: e=0.0910  p=[0.621  0.265  0.790  0.242  1.000  0.574 -0.538]
   355          540        0.0833005         reflect
  eval: e=0.0937  p=[0.624  0.258  0.805  0.233  1.000  0.576 -0.554]
   356          541        0.0833005         reflect
  eval: e=0.0791  p=[0.646  0.266  0.782  0.236  1.000  0.571 -0.551]
  eval: e=0.0686  p=[0.677  0.264  0.788  0.213  1.000  0.575 -0.586]
   357          543        0.0685593         expand
  eval: e=0.1097  p=[0.630  0.241  0.837  0.218  1.000  0.574 -0.583]
  eval: e=0.0906  p=[0.621  0.276  0.757  0.265  1.000  0.567 -0.506]
   358          545        0.0685593         contract inside
  eval: e=0.0751  p=[0.653  0.262  0.787  0.232  1.000  0.570 -0.561]
   359          546        0.0685593         reflect
  eval: e=0.0685  p=[0.684  0.280  0.762  0.212  1.000  0.581 -0.577]
  eval: e=0.0551  p=[0.732  0.294  0.745  0.181  1.000  0.592 -0.615]
   360          548        0.0550694         expand
  eval: e=0.0614  p=[0.702  0.275  0.766  0.208  1.000  0.576 -0.592]
   361          549        0.0550694         reflect
  eval: e=0.0756  p=[0.706  0.288  0.733  0.225  1.000  0.572 -0.565]
   362          550        0.0550694         reflect
  eval: e=0.0868  p=[0.733  0.288  0.732  0.210  1.000  0.572 -0.589]
   363          551        0.0550694         reflect
  eval: e=0.0884  p=[0.765  0.281  0.757  0.172  1.000  0.581 -0.645]
  eval: e=0.0650  p=[0.729  0.280  0.757  0.195  1.000  0.577 -0.610]
   364          553        0.0550694         contract outside
  eval: e=0.0811  p=[0.652  0.266  0.789  0.222  1.000  0.577 -0.568]
   365          554        0.0550694         reflect
  eval: e=0.0627  p=[0.736  0.276  0.783  0.161  1.000  0.593 -0.650]
   366          555        0.0550694         reflect
  eval: e=0.0866  p=[0.757  0.289  0.741  0.182  1.000  0.581 -0.626]
  eval: e=0.0688  p=[0.679  0.271  0.777  0.212  1.000  0.578 -0.582]
   367          557        0.0550694         contract inside
  eval: e=0.1039  p=[0.696  0.261  0.811  0.176  1.000  0.588 -0.633]
  eval: e=0.0653  p=[0.703  0.282  0.752  0.212  1.000  0.576 -0.582]
   368          559        0.0550694         contract inside
  eval: e=0.0545  p=[0.764  0.293  0.746  0.163  1.000  0.592 -0.644]
  eval: e=0.0970  p=[0.819  0.308  0.726  0.128  1.000  0.603 -0.686]
   369          561        0.0544924         reflect
  eval: e=0.0661  p=[0.762  0.290  0.747  0.169  1.000  0.587 -0.640]
   370          562        0.0544924         reflect
  eval: e=0.0912  p=[0.789  0.304  0.726  0.155  1.000  0.595 -0.652]
  eval: e=0.0588  p=[0.705  0.274  0.772  0.199  1.000  0.580 -0.602]
   371          564        0.0544924         contract inside
  eval: e=0.0660  p=[0.687  0.274  0.773  0.208  1.000  0.580 -0.587]
  eval: e=0.0594  p=[0.706  0.278  0.767  0.198  1.000  0.582 -0.600]
   372          566        0.0544924         contract outside
  eval: e=0.0491  p=[0.746  0.281  0.772  0.160  1.000  0.593 -0.650]
  eval: e=0.0825  p=[0.767  0.281  0.782  0.134  1.000  0.601 -0.684]
   373          568         0.049062         reflect
  eval: e=0.0674  p=[0.725  0.284  0.772  0.167  1.000  0.596 -0.634]
  eval: e=0.0561  p=[0.728  0.281  0.761  0.188  1.000  0.582 -0.616]
   374          570         0.049062         contract inside
  eval: e=0.0681  p=[0.716  0.289  0.739  0.209  1.000  0.578 -0.584]
  eval: e=0.0519  p=[0.731  0.279  0.772  0.173  1.000  0.589 -0.634]
   375          572         0.049062         contract inside
  eval: e=0.0447  p=[0.758  0.291  0.759  0.153  1.000  0.598 -0.655]
  eval: e=0.0488  p=[0.787  0.299  0.755  0.126  1.000  0.610 -0.686]
   376          574        0.0447323         reflect
  eval: e=0.0414  p=[0.770  0.292  0.755  0.149  1.000  0.597 -0.661]
  eval: e=0.0335  p=[0.802  0.298  0.750  0.125  1.000  0.605 -0.692]
   377          576        0.0335477         expand
  eval: e=0.0368  p=[0.799  0.302  0.744  0.128  1.000  0.606 -0.685]
   378          577        0.0335477         reflect
  eval: e=0.0419  p=[0.795  0.302  0.750  0.121  1.000  0.611 -0.691]
   379          578        0.0335477         reflect
  eval: e=0.0498  p=[0.810  0.291  0.768  0.112  1.000  0.606 -0.714]
   380          579        0.0335477         reflect
  eval: e=0.0966  p=[0.791  0.291  0.772  0.115  1.000  0.610 -0.704]
  eval: e=0.0432  p=[0.770  0.293  0.753  0.151  1.000  0.596 -0.659]
   381          581        0.0335477         contract inside
  eval: e=0.0220  p=[0.835  0.309  0.741  0.098  1.000  0.616 -0.722]
  eval: e=0.0133  p=[0.887  0.323  0.725  0.061  1.000  0.629 -0.766]
   382          583        0.0132973         expand
  eval: e=0.0444  p=[0.778  0.307  0.733  0.145  1.000  0.605 -0.657]
   383          584        0.0132973         reflect
  eval: e=0.0459  p=[0.851  0.323  0.717  0.092  1.000  0.622 -0.723]
  eval: e=0.0353  p=[0.825  0.313  0.731  0.109  1.000  0.614 -0.705]
   384          586        0.0132973         contract outside
  eval: e=0.0442  p=[0.858  0.320  0.723  0.087  1.000  0.621 -0.733]
   385          587        0.0132973         reflect
  eval: e=0.0287  p=[0.860  0.308  0.746  0.078  1.000  0.619 -0.751]
   386          588        0.0132973         reflect
  eval: e=0.0395  p=[0.782  0.291  0.762  0.134  1.000  0.602 -0.682]
   387          589        0.0132973         reflect
  eval: e=0.0665  p=[0.872  0.318  0.735  0.065  1.000  0.628 -0.761]
  eval: e=0.0351  p=[0.796  0.299  0.748  0.130  1.000  0.604 -0.685]
   388          591        0.0132973         contract inside
  eval: e=0.0601  p=[0.848  0.308  0.737  0.097  1.000  0.612 -0.728]
  eval: e=0.0310  p=[0.808  0.303  0.747  0.115  1.000  0.611 -0.700]
   389          593        0.0132973         contract inside
  eval: e=0.0448  p=[0.869  0.322  0.721  0.080  1.000  0.623 -0.742]
  eval: e=0.0305  p=[0.804  0.299  0.752  0.120  1.000  0.607 -0.697]
   390          595        0.0132973         contract inside
  eval: e=0.0248  p=[0.853  0.310  0.742  0.083  1.000  0.619 -0.743]
   391          596        0.0132973         reflect
  eval: e=0.0458  p=[0.835  0.299  0.757  0.094  1.000  0.613 -0.734]
  eval: e=0.0279  p=[0.827  0.309  0.737  0.106  1.000  0.614 -0.712]
   392          598        0.0132973         contract inside
  eval: e=0.0468  p=[0.873  0.316  0.737  0.067  1.000  0.625 -0.761]
  eval: e=0.0284  p=[0.815  0.303  0.745  0.114  1.000  0.610 -0.704]
   393          600        0.0132973         contract inside
  eval: e=0.0443  p=[0.871  0.318  0.734  0.068  1.000  0.626 -0.758]
  eval: e=0.0270  p=[0.819  0.303  0.746  0.111  1.000  0.610 -0.708]
   394          602        0.0132973         contract inside
  eval: e=0.0143  p=[0.868  0.313  0.737  0.077  1.000  0.620 -0.752]
   395          603        0.0132973         reflect
  eval: e=0.0099  p=[0.891  0.321  0.728  0.060  1.000  0.627 -0.771]
  eval: e=0.0586  p=[0.934  0.332  0.715  0.029  1.000  0.637 -0.808]
   396          605       0.00993985         reflect
  eval: e=0.0314  p=[0.842  0.316  0.729  0.096  1.000  0.618 -0.721]
  eval: e=0.0170  p=[0.856  0.310  0.741  0.083  1.000  0.619 -0.744]
   397          607       0.00993985         contract inside
  eval: e=0.0328  p=[0.899  0.322  0.728  0.052  1.000  0.630 -0.781]
  eval: e=0.0223  p=[0.836  0.308  0.741  0.098  1.000  0.615 -0.723]
   398          609       0.00993985         contract inside
  eval: e=0.0488  p=[0.890  0.316  0.736  0.058  1.000  0.626 -0.776]
  eval: e=0.0216  p=[0.843  0.311  0.737  0.094  1.000  0.617 -0.728]
   399          611       0.00993985         contract inside
  eval: e=0.0443  p=[0.904  0.324  0.726  0.048  1.000  0.631 -0.785]
  eval: e=0.0207  p=[0.841  0.308  0.741  0.095  1.000  0.615 -0.727]
   400          613       0.00993985         contract inside
  eval: e=0.0290  p=[0.867  0.317  0.730  0.079  1.000  0.621 -0.746]
  eval: e=0.0172  p=[0.857  0.312  0.739  0.082  1.000  0.620 -0.744]
   401          615       0.00993985         contract inside
  eval: e=0.0168  p=[0.890  0.320  0.730  0.059  1.000  0.627 -0.772]
   402          616       0.00993985         reflect
  eval: e=0.0359  p=[0.896  0.320  0.731  0.054  1.000  0.628 -0.779]
  eval: e=0.0167  p=[0.856  0.313  0.736  0.084  1.000  0.620 -0.741]
   403          618       0.00993985         contract inside
  eval: e=0.0332  p=[0.903  0.324  0.726  0.049  1.000  0.631 -0.784]
  eval: e=0.0161  p=[0.856  0.312  0.737  0.084  1.000  0.619 -0.741]
   404          620       0.00993985         contract inside
  eval: e=0.0102  p=[0.887  0.320  0.728  0.063  1.000  0.626 -0.767]
   405          621       0.00993985         reflect
  eval: e=0.0099  p=[0.897  0.325  0.721  0.056  1.000  0.629 -0.773]
  eval: e=0.0095  p=[0.917  0.333  0.711  0.043  1.000  0.635 -0.788]
   406          623       0.00948402         expand
  eval: e=0.0212  p=[0.871  0.319  0.728  0.075  1.000  0.623 -0.750]
  eval: e=0.0110  p=[0.885  0.320  0.729  0.063  1.000  0.626 -0.766]
   407          625       0.00948402         contract inside
  eval: e=0.0120  p=[0.912  0.327  0.720  0.045  1.000  0.632 -0.788]
   408          626       0.00948402         reflect
  eval: e=0.0214  p=[0.928  0.333  0.713  0.034  1.000  0.637 -0.801]
  eval: e=0.0123  p=[0.874  0.317  0.731  0.071  1.000  0.624 -0.756]
   409          628       0.00948402         contract inside
  eval: e=0.0194  p=[0.919  0.334  0.712  0.039  1.000  0.637 -0.792]
  eval: e=0.0113  p=[0.880  0.318  0.731  0.067  1.000  0.624 -0.762]
   410          630       0.00948402         contract inside
  eval: e=0.0120  p=[0.898  0.321  0.726  0.057  1.000  0.627 -0.776]
   411          631       0.00948402         reflect
  eval: e=0.0085  p=[0.917  0.328  0.718  0.042  1.000  0.633 -0.792]
  eval: e=0.0209  p=[0.939  0.334  0.711  0.028  1.000  0.637 -0.809]
   412          633       0.00852237         reflect
  eval: e=0.0133  p=[0.899  0.327  0.721  0.053  1.000  0.632 -0.777]
  eval: e=0.0094  p=[0.898  0.323  0.725  0.056  1.000  0.628 -0.776]
   413          635       0.00852237         contract inside
  eval: e=0.0139  p=[0.881  0.319  0.729  0.068  1.000  0.624 -0.761]
  eval: e=0.0087  p=[0.904  0.325  0.722  0.051  1.000  0.630 -0.781]
   414          637       0.00852237         contract inside
  eval: e=0.0096  p=[0.919  0.331  0.715  0.040  1.000  0.635 -0.793]
   415          638       0.00852237         reflect
  eval: e=0.0080  p=[0.925  0.332  0.713  0.038  1.000  0.635 -0.796]
  eval: e=0.0089  p=[0.945  0.338  0.705  0.026  1.000  0.639 -0.810]
   416          640       0.00803537         reflect
  eval: e=0.0114  p=[0.934  0.335  0.710  0.031  1.000  0.638 -0.803]
  eval: e=0.0088  p=[0.899  0.324  0.723  0.055  1.000  0.629 -0.776]
   417          642       0.00803537         contract inside
  eval: e=0.0082  p=[0.932  0.335  0.709  0.033  1.000  0.637 -0.801]
   418          643       0.00803537         reflect
  eval: e=0.0118  p=[0.907  0.326  0.719  0.051  1.000  0.630 -0.781]
  eval: e=0.0080  p=[0.916  0.330  0.716  0.043  1.000  0.633 -0.790]
   419          645       0.00796663         contract inside
  eval: e=0.0093  p=[0.909  0.323  0.725  0.048  1.000  0.629 -0.787]
   420          646       0.00796663         reflect
  eval: e=0.0123  p=[0.931  0.334  0.711  0.033  1.000  0.637 -0.802]
  eval: e=0.0083  p=[0.907  0.325  0.721  0.050  1.000  0.630 -0.782]
   421          648       0.00796663         contract inside
  eval: e=0.0090  p=[0.919  0.334  0.710  0.041  1.000  0.636 -0.790]
  eval: e=0.0082  p=[0.917  0.331  0.714  0.043  1.000  0.634 -0.789]
   422          650       0.00796663         contract outside
  eval: e=0.0094  p=[0.935  0.335  0.709  0.031  1.000  0.638 -0.804]
  eval: e=0.0081  p=[0.908  0.327  0.720  0.049  1.000  0.631 -0.783]
   423          652       0.00796663         contract inside
  eval: e=0.0087  p=[0.930  0.334  0.710  0.035  1.000  0.636 -0.799]
  eval: e=0.0079  p=[0.911  0.328  0.719  0.047  1.000  0.632 -0.786]
   424          654       0.00793602         contract inside
  eval: e=0.0096  p=[0.916  0.331  0.714  0.044  1.000  0.634 -0.788]
  eval: e=0.0078  p=[0.917  0.329  0.717  0.043  1.000  0.633 -0.791]
   425          656       0.00784253         contract inside
  eval: e=0.0081  p=[0.929  0.335  0.709  0.034  1.000  0.637 -0.799]
   426          657       0.00784253         reflect
  eval: e=0.0082  p=[0.923  0.330  0.715  0.039  1.000  0.634 -0.795]
  eval: e=0.0079  p=[0.918  0.331  0.714  0.042  1.000  0.634 -0.791]
   427          659       0.00784253         contract inside
  eval: e=0.0087  p=[0.903  0.325  0.722  0.051  1.000  0.630 -0.780]
  eval: e=0.0079  p=[0.925  0.333  0.712  0.038  1.000  0.635 -0.796]
   428          661       0.00784253         contract inside
  eval: e=0.0086  p=[0.933  0.335  0.709  0.032  1.000  0.637 -0.802]
  eval: e=0.0079  p=[0.914  0.329  0.717  0.045  1.000  0.633 -0.788]
   429          663       0.00784253         contract inside
  eval: e=0.0081  p=[0.907  0.325  0.722  0.050  1.000  0.630 -0.783]
  eval: e=0.0079  p=[0.912  0.328  0.719  0.046  1.000  0.632 -0.787]
   430          665       0.00784253         contract outside
  eval: e=0.0083  p=[0.908  0.327  0.720  0.048  1.000  0.631 -0.783]
  eval: e=0.0078  p=[0.921  0.331  0.715  0.041  1.000  0.634 -0.793]
   431          667       0.00784253         contract inside
  eval: e=0.0082  p=[0.917  0.330  0.716  0.043  1.000  0.633 -0.790]
  eval: e=0.0078  p=[0.917  0.330  0.716  0.043  1.000  0.633 -0.790]
   432          669       0.00780538         contract inside
  eval: e=0.0080  p=[0.924  0.332  0.712  0.038  1.000  0.635 -0.795]
  eval: e=0.0078  p=[0.914  0.329  0.717  0.045  1.000  0.633 -0.788]
   433          671       0.00780538         contract inside
  eval: e=0.0078  p=[0.916  0.328  0.718  0.044  1.000  0.632 -0.790]
   434          672       0.00780538         reflect
  eval: e=0.0081  p=[0.907  0.325  0.722  0.050  1.000  0.630 -0.783]
  eval: e=0.0078  p=[0.920  0.331  0.715  0.041  1.000  0.634 -0.793]
   435          674       0.00779638         contract inside
  eval: e=0.0078  p=[0.922  0.331  0.714  0.040  1.000  0.635 -0.794]
   436          675       0.00779638         reflect
  eval: e=0.0079  p=[0.922  0.331  0.715  0.040  1.000  0.634 -0.794]
  eval: e=0.0078  p=[0.916  0.329  0.717  0.043  1.000  0.633 -0.789]
   437          677       0.00779339         contract inside
  eval: e=0.0079  p=[0.913  0.328  0.718  0.046  1.000  0.632 -0.787]
  eval: e=0.0078  p=[0.919  0.330  0.715  0.041  1.000  0.634 -0.792]
   438          679       0.00778891         contract inside
  eval: e=0.0080  p=[0.914  0.328  0.718  0.045  1.000  0.632 -0.788]
  eval: e=0.0078  p=[0.919  0.330  0.715  0.042  1.000  0.634 -0.792]
   439          681       0.00778153         contract inside
  eval: e=0.0078  p=[0.918  0.330  0.715  0.042  1.000  0.634 -0.791]
  eval: e=0.0078  p=[0.918  0.330  0.716  0.042  1.000  0.633 -0.791]
   440          683       0.00778153         contract outside
  eval: e=0.0078  p=[0.921  0.331  0.715  0.040  1.000  0.634 -0.794]
   441          684       0.00778153         reflect
  eval: e=0.0078  p=[0.921  0.332  0.713  0.040  1.000  0.635 -0.793]
  eval: e=0.0078  p=[0.917  0.329  0.717  0.043  1.000  0.633 -0.791]
   442          686        0.0077785         contract inside
  eval: e=0.0078  p=[0.921  0.330  0.715  0.041  1.000  0.634 -0.793]
  eval: e=0.0078  p=[0.918  0.330  0.716  0.042  1.000  0.634 -0.791]
   443          688       0.00777804         contract inside
  eval: e=0.0078  p=[0.916  0.329  0.717  0.043  1.000  0.633 -0.790]
  eval: e=0.0078  p=[0.919  0.330  0.715  0.041  1.000  0.634 -0.792]
   444          690       0.00777762         contract inside
  eval: e=0.0078  p=[0.921  0.331  0.715  0.040  1.000  0.634 -0.794]
  eval: e=0.0078  p=[0.917  0.330  0.716  0.043  1.000  0.633 -0.790]
   445          692       0.00777723         contract inside
  eval: e=0.0078  p=[0.918  0.330  0.716  0.043  1.000  0.633 -0.791]
  eval: e=0.0078  p=[0.919  0.330  0.715  0.042  1.000  0.634 -0.792]
   446          694       0.00777462         contract inside
  eval: e=0.0078  p=[0.915  0.329  0.717  0.044  1.000  0.633 -0.789]
  eval: e=0.0078  p=[0.920  0.330  0.715  0.041  1.000  0.634 -0.792]
   447          696       0.00777411         contract inside
  eval: e=0.0078  p=[0.919  0.330  0.716  0.041  1.000  0.634 -0.792]
   448          697       0.00777411         reflect
  eval: e=0.0078  p=[0.918  0.330  0.716  0.042  1.000  0.634 -0.791]
  eval: e=0.0078  p=[0.919  0.330  0.716  0.042  1.000  0.634 -0.791]
   449          699       0.00777348         contract inside
  eval: e=0.0078  p=[0.917  0.330  0.716  0.042  1.000  0.633 -0.791]
  eval: e=0.0078  p=[0.919  0.330  0.716  0.042  1.000  0.634 -0.792]
   450          701       0.00777348         contract inside
  eval: e=0.0078  p=[0.920  0.331  0.714  0.041  1.000  0.634 -0.792]
  eval: e=0.0078  p=[0.918  0.330  0.716  0.042  1.000  0.633 -0.791]
   451          703       0.00777298         contract inside
  eval: e=0.0078  p=[0.920  0.330  0.715  0.041  1.000  0.634 -0.792]
  eval: e=0.0078  p=[0.919  0.330  0.715  0.041  1.000  0.634 -0.792]
   452          705       0.00777298         contract outside
  eval: e=0.0078  p=[0.918  0.330  0.716  0.042  1.000  0.633 -0.791]
  eval: e=0.0078  p=[0.919  0.330  0.715  0.042  1.000  0.634 -0.792]
   453          707       0.00777298         contract inside
  eval: e=0.0078  p=[0.920  0.330  0.715  0.041  1.000  0.634 -0.793]
  eval: e=0.0078  p=[0.918  0.330  0.716  0.042  1.000  0.634 -0.791]
   454          709       0.00777266         contract inside
  eval: e=0.0078  p=[0.919  0.330  0.716  0.042  1.000  0.634 -0.792]
  eval: e=0.0078  p=[0.919  0.330  0.716  0.042  1.000  0.634 -0.792]
   455          711        0.0077721         contract inside
  eval: e=0.0078  p=[0.919  0.330  0.716  0.042  1.000  0.634 -0.791]
  eval: e=0.0078  p=[0.919  0.330  0.716  0.042  1.000  0.634 -0.792]
   456          713       0.00777195         contract inside
  eval: e=0.0078  p=[0.918  0.330  0.716  0.042  1.000  0.633 -0.791]
   457          714       0.00777195         reflect
  eval: e=0.0078  p=[0.918  0.330  0.716  0.042  1.000  0.634 -0.791]
   458          715       0.00777195         reflect
  eval: e=0.0078  p=[0.918  0.330  0.716  0.042  1.000  0.633 -0.791]
  eval: e=0.0078  p=[0.919  0.330  0.716  0.042  1.000  0.634 -0.792]
   459          717        0.0077716         contract inside
  eval: e=0.0078  p=[0.918  0.330  0.716  0.042  1.000  0.633 -0.791]
  eval: e=0.0078  p=[0.919  0.330  0.716  0.042  1.000  0.634 -0.792]
   460          719        0.0077716         contract inside
  eval: e=0.0078  p=[0.919  0.330  0.715  0.041  1.000  0.634 -0.792]
  eval: e=0.0078  p=[0.918  0.330  0.716  0.042  1.000  0.633 -0.791]
   461          721        0.0077716         contract inside
  eval: e=0.0078  p=[0.919  0.330  0.715  0.041  1.000  0.634 -0.792]
  eval: e=0.0078  p=[0.918  0.330  0.716  0.042  1.000  0.633 -0.791]
   462          723        0.0077716         contract inside
  eval: e=0.0078  p=[0.919  0.330  0.716  0.042  1.000  0.634 -0.792]
  eval: e=0.0078  p=[0.918  0.330  0.716  0.042  1.000  0.634 -0.791]
   463          725        0.0077716         contract inside
  eval: e=0.0078  p=[0.919  0.330  0.716  0.042  1.000  0.634 -0.792]
  eval: e=0.0078  p=[0.918  0.330  0.716  0.042  1.000  0.634 -0.791]
   464          727       0.00777128         contract inside
  eval: e=0.0078  p=[0.918  0.330  0.716  0.042  1.000  0.633 -0.791]
   465          728       0.00777128         reflect
  eval: e=0.0078  p=[0.919  0.330  0.716  0.042  1.000  0.634 -0.792]
   466          729       0.00777128         reflect
  eval: e=0.0078  p=[0.918  0.330  0.716  0.042  1.000  0.633 -0.791]
   467          730       0.00777128         reflect
  eval: e=0.0078  p=[0.919  0.330  0.716  0.042  1.000  0.634 -0.792]
  eval: e=0.0078  p=[0.919  0.330  0.716  0.042  1.000  0.634 -0.792]
   468          732       0.00777092         reflect
  eval: e=0.0078  p=[0.919  0.330  0.716  0.042  1.000  0.634 -0.792]
  eval: e=0.0078  p=[0.918  0.330  0.716  0.042  1.000  0.634 -0.791]
   469          734       0.00777092         contract inside
  eval: e=0.0078  p=[0.918  0.330  0.716  0.042  1.000  0.633 -0.791]
  eval: e=0.0078  p=[0.918  0.330  0.716  0.042  1.000  0.633 -0.791]
   470          736       0.00777076         reflect
  eval: e=0.0078  p=[0.918  0.330  0.716  0.042  1.000  0.633 -0.791]
   471          737       0.00777076         reflect
  eval: e=0.0078  p=[0.919  0.330  0.716  0.042  1.000  0.634 -0.792]
  eval: e=0.0078  p=[0.918  0.330  0.716  0.042  1.000  0.633 -0.791]
   472          739       0.00777076         contract inside
  eval: e=0.0078  p=[0.918  0.330  0.716  0.042  1.000  0.633 -0.791]
  eval: e=0.0078  p=[0.919  0.330  0.716  0.042  1.000  0.634 -0.792]
   473          741       0.00777076         contract inside
  eval: e=0.0078  p=[0.919  0.330  0.716  0.042  1.000  0.634 -0.792]
  eval: e=0.0078  p=[0.918  0.330  0.716  0.042  1.000  0.633 -0.791]
   474          743       0.00777076         contract inside
  eval: e=0.0078  p=[0.919  0.330  0.716  0.042  1.000  0.634 -0.792]
  eval: e=0.0078  p=[0.918  0.330  0.716  0.042  1.000  0.633 -0.791]
   475          745       0.00777076         contract inside
  eval: e=0.0078  p=[0.918  0.330  0.716  0.042  1.000  0.633 -0.791]
  eval: e=0.0078  p=[0.918  0.330  0.716  0.042  1.000  0.633 -0.791]
   476          747       0.00777059         expand
  eval: e=0.0078  p=[0.918  0.330  0.716  0.042  1.000  0.633 -0.791]
   477          748       0.00777059         reflect
  eval: e=0.0078  p=[0.918  0.330  0.716  0.042  1.000  0.633 -0.791]
   478          749       0.00777059         reflect
  eval: e=0.0078  p=[0.918  0.330  0.716  0.042  1.000  0.633 -0.791]
  eval: e=0.0078  p=[0.918  0.330  0.716  0.042  1.000  0.633 -0.791]
   479          751       0.00777021         expand
  eval: e=0.0078  p=[0.918  0.330  0.716  0.042  1.000  0.633 -0.791]
   480          752       0.00777021         reflect
  eval: e=0.0078  p=[0.919  0.330  0.716  0.042  1.000  0.633 -0.792]
   481          753       0.00777021         reflect
  eval: e=0.0078  p=[0.918  0.330  0.716  0.042  1.000  0.633 -0.791]
  eval: e=0.0078  p=[0.918  0.329  0.716  0.042  1.000  0.633 -0.791]
   482          755       0.00776967         expand
  eval: e=0.0078  p=[0.918  0.330  0.716  0.042  1.000  0.633 -0.791]
   483          756       0.00776967         reflect
  eval: e=0.0078  p=[0.918  0.330  0.716  0.042  1.000  0.633 -0.791]
  eval: e=0.0078  p=[0.918  0.330  0.716  0.042  1.000  0.633 -0.791]
   484          758       0.00776922         expand
  eval: e=0.0078  p=[0.918  0.330  0.716  0.042  1.000  0.633 -0.792]
   485          759       0.00776922         reflect
  eval: e=0.0078  p=[0.918  0.329  0.716  0.042  1.000  0.633 -0.791]
  eval: e=0.0078  p=[0.918  0.329  0.717  0.042  1.000  0.633 -0.791]
   486          761       0.00776814         expand
  eval: e=0.0078  p=[0.918  0.329  0.716  0.042  1.000  0.633 -0.791]
   487          762       0.00776814         reflect
  eval: e=0.0078  p=[0.918  0.329  0.717  0.042  1.000  0.633 -0.791]
   488          763       0.00776814         reflect
  eval: e=0.0078  p=[0.918  0.329  0.717  0.042  1.000  0.633 -0.791]
  eval: e=0.0078  p=[0.918  0.329  0.717  0.043  1.000  0.633 -0.791]
   489          765       0.00776662         expand
  eval: e=0.0078  p=[0.918  0.329  0.717  0.042  1.000  0.633 -0.791]
   490          766       0.00776662         reflect
  eval: e=0.0078  p=[0.918  0.329  0.717  0.042  1.000  0.633 -0.791]
   491          767       0.00776662         reflect
  eval: e=0.0078  p=[0.917  0.329  0.717  0.043  1.000  0.633 -0.791]
  eval: e=0.0078  p=[0.917  0.328  0.718  0.043  1.000  0.633 -0.791]
   492          769       0.00776504         expand
  eval: e=0.0078  p=[0.917  0.329  0.717  0.043  1.000  0.633 -0.791]
   493          770       0.00776504         reflect
  eval: e=0.0078  p=[0.917  0.329  0.717  0.043  1.000  0.633 -0.791]
  eval: e=0.0078  p=[0.917  0.328  0.718  0.043  1.000  0.632 -0.791]
   494          772       0.00776321         expand
  eval: e=0.0078  p=[0.917  0.328  0.718  0.043  1.000  0.633 -0.791]
   495          773       0.00776321         reflect
  eval: e=0.0078  p=[0.917  0.328  0.718  0.043  1.000  0.632 -0.791]
  eval: e=0.0078  p=[0.916  0.327  0.719  0.044  1.000  0.632 -0.790]
   496          775       0.00776038         expand
  eval: e=0.0078  p=[0.916  0.328  0.719  0.044  1.000  0.632 -0.790]
   497          776       0.00776038         reflect
  eval: e=0.0078  p=[0.916  0.327  0.719  0.044  1.000  0.632 -0.790]
  eval: e=0.0078  p=[0.915  0.327  0.720  0.045  1.000  0.631 -0.790]
   498          778       0.00775615         expand
  eval: e=0.0078  p=[0.915  0.327  0.720  0.044  1.000  0.631 -0.790]
   499          779       0.00775615         reflect
  eval: e=0.0078  p=[0.915  0.327  0.720  0.045  1.000  0.631 -0.790]
   500          780       0.00775615         reflect
  eval: e=0.0078  p=[0.915  0.326  0.720  0.045  1.000  0.631 -0.790]
  eval: e=0.0077  p=[0.914  0.325  0.722  0.045  1.000  0.630 -0.790]
   501          782       0.00774806         expand
  eval: e=0.0078  p=[0.914  0.326  0.721  0.046  1.000  0.631 -0.789]
   502          783       0.00774806         reflect
  eval: e=0.0078  p=[0.913  0.325  0.722  0.046  1.000  0.630 -0.789]
   503          784       0.00774806         reflect
  eval: e=0.0077  p=[0.913  0.325  0.722  0.046  1.000  0.630 -0.789]
  eval: e=0.0077  p=[0.912  0.323  0.724  0.047  1.000  0.629 -0.789]
   504          786       0.00773475         expand
  eval: e=0.0077  p=[0.912  0.324  0.724  0.047  1.000  0.629 -0.789]
   505          787       0.00773475         reflect
  eval: e=0.0077  p=[0.912  0.324  0.724  0.047  1.000  0.629 -0.789]
   506          788       0.00773475         reflect
  eval: e=0.0077  p=[0.911  0.323  0.725  0.048  1.000  0.629 -0.788]
   507          789       0.00773475         reflect
  eval: e=0.0077  p=[0.910  0.322  0.726  0.048  1.000  0.628 -0.788]
  eval: e=0.0077  p=[0.908  0.320  0.729  0.050  1.000  0.627 -0.787]
   508          791       0.00772475         expand
  eval: e=0.0077  p=[0.910  0.321  0.727  0.049  1.000  0.628 -0.788]
   509          792       0.00772475         reflect
  eval: e=0.0077  p=[0.910  0.321  0.728  0.049  1.000  0.627 -0.788]
  eval: e=0.0077  p=[0.908  0.318  0.731  0.051  1.000  0.626 -0.787]
   510          794       0.00772398         reflect
  eval: e=0.0078  p=[0.907  0.319  0.730  0.051  1.000  0.626 -0.787]
  eval: e=0.0077  p=[0.912  0.324  0.724  0.047  1.000  0.629 -0.789]
   511          796       0.00772398         contract inside
  eval: e=0.0077  p=[0.909  0.320  0.728  0.049  1.000  0.627 -0.788]
   512          797       0.00772398         reflect
  eval: e=0.0077  p=[0.908  0.319  0.729  0.050  1.000  0.626 -0.787]
  eval: e=0.0077  p=[0.906  0.317  0.732  0.052  1.000  0.625 -0.787]
   513          799       0.00772037         reflect
  eval: e=0.0077  p=[0.907  0.318  0.731  0.051  1.000  0.626 -0.787]
  eval: e=0.0077  p=[0.911  0.322  0.725  0.048  1.000  0.628 -0.788]
   514          801       0.00772037         contract inside
  eval: e=0.0077  p=[0.908  0.319  0.730  0.050  1.000  0.626 -0.788]
   515          802       0.00772037         reflect
  eval: e=0.0078  p=[0.907  0.317  0.732  0.052  1.000  0.625 -0.787]
  eval: e=0.0077  p=[0.911  0.322  0.726  0.048  1.000  0.628 -0.788]
   516          804       0.00772037         contract inside
  eval: e=0.0077  p=[0.907  0.318  0.731  0.051  1.000  0.626 -0.787]
  eval: e=0.0077  p=[0.910  0.321  0.727  0.049  1.000  0.628 -0.788]
   517          806       0.00772037         contract inside
  eval: e=0.0077  p=[0.909  0.320  0.729  0.050  1.000  0.627 -0.788]
  eval: e=0.0077  p=[0.908  0.319  0.730  0.050  1.000  0.626 -0.788]
   518          808       0.00771275         expand
  eval: e=0.0077  p=[0.907  0.318  0.731  0.051  1.000  0.625 -0.787]
  eval: e=0.0077  p=[0.910  0.321  0.727  0.049  1.000  0.627 -0.788]
   519          810       0.00771275         contract inside
  eval: e=0.0077  p=[0.910  0.321  0.727  0.049  1.000  0.628 -0.788]
   520          811       0.00771275         reflect
  eval: e=0.0077  p=[0.910  0.321  0.727  0.049  1.000  0.628 -0.788]
   521          812       0.00771275         reflect
  eval: e=0.0077  p=[0.909  0.319  0.729  0.050  1.000  0.626 -0.788]
   522          813       0.00771275         reflect
  eval: e=0.0077  p=[0.909  0.320  0.729  0.050  1.000  0.627 -0.788]
   523          814       0.00771275         reflect
  eval: e=0.0077  p=[0.909  0.320  0.729  0.050  1.000  0.627 -0.788]
  eval: e=0.0077  p=[0.908  0.319  0.730  0.050  1.000  0.626 -0.787]
   524          816       0.00770447         expand
  eval: e=0.0077  p=[0.908  0.319  0.730  0.050  1.000  0.626 -0.788]
   525          817       0.00770447         reflect
  eval: e=0.0077  p=[0.908  0.318  0.731  0.051  1.000  0.626 -0.787]
   526          818       0.00770447         reflect
  eval: e=0.0077  p=[0.909  0.319  0.730  0.050  1.000  0.626 -0.788]
  eval: e=0.0077  p=[0.909  0.319  0.730  0.050  1.000  0.626 -0.788]
   527          820       0.00769975         expand
  eval: e=0.0077  p=[0.906  0.317  0.733  0.052  1.000  0.625 -0.787]
   528          821       0.00769975         reflect
  eval: e=0.0077  p=[0.908  0.318  0.731  0.051  1.000  0.625 -0.788]
  eval: e=0.0077  p=[0.907  0.317  0.732  0.051  1.000  0.625 -0.788]
   529          823       0.00768756         expand
  eval: e=0.0077  p=[0.910  0.321  0.728  0.049  1.000  0.627 -0.788]
   530          824       0.00768756         reflect
  eval: e=0.0077  p=[0.909  0.319  0.729  0.050  1.000  0.626 -0.788]
   531          825       0.00768756         reflect
  eval: e=0.0077  p=[0.908  0.318  0.731  0.051  1.000  0.625 -0.788]
   532          826       0.00768756         reflect
  eval: e=0.0077  p=[0.909  0.319  0.730  0.050  1.000  0.626 -0.788]
   533          827       0.00768756         reflect
  eval: e=0.0077  p=[0.907  0.316  0.733  0.052  1.000  0.624 -0.787]
   534          828       0.00768756         reflect
  eval: e=0.0077  p=[0.909  0.318  0.731  0.050  1.000  0.626 -0.788]
  eval: e=0.0077  p=[0.909  0.318  0.731  0.050  1.000  0.626 -0.788]
   535          830       0.00768436         reflect
  eval: e=0.0077  p=[0.908  0.317  0.732  0.051  1.000  0.625 -0.788]
  eval: e=0.0077  p=[0.908  0.316  0.734  0.052  1.000  0.624 -0.789]
   536          832       0.00768054         reflect
  eval: e=0.0077  p=[0.907  0.316  0.733  0.052  1.000  0.624 -0.787]
  eval: e=0.0077  p=[0.906  0.315  0.734  0.053  1.000  0.624 -0.787]
   537          834       0.00766124         expand
  eval: e=0.0077  p=[0.906  0.315  0.735  0.053  1.000  0.623 -0.788]
   538          835       0.00766124         reflect
  eval: e=0.0077  p=[0.907  0.316  0.734  0.052  1.000  0.624 -0.788]
   539          836       0.00766124         reflect
  eval: e=0.0077  p=[0.908  0.317  0.732  0.051  1.000  0.625 -0.788]
   540          837       0.00766124         reflect
  eval: e=0.0077  p=[0.906  0.314  0.736  0.053  1.000  0.623 -0.787]
   541          838       0.00766124         reflect
  eval: e=0.0077  p=[0.907  0.315  0.735  0.052  1.000  0.623 -0.788]
  eval: e=0.0076  p=[0.907  0.314  0.736  0.053  1.000  0.623 -0.788]
   542          840       0.00764026         expand
  eval: e=0.0077  p=[0.905  0.313  0.737  0.054  1.000  0.622 -0.787]
   543          841       0.00764026         reflect
  eval: e=0.0076  p=[0.905  0.313  0.737  0.054  1.000  0.622 -0.787]
  eval: e=0.0076  p=[0.903  0.311  0.739  0.055  1.000  0.621 -0.786]
   544          843        0.0076271         expand
  eval: e=0.0076  p=[0.906  0.314  0.736  0.053  1.000  0.623 -0.787]
   545          844        0.0076271         reflect
  eval: e=0.0077  p=[0.903  0.311  0.740  0.056  1.000  0.620 -0.786]
  eval: e=0.0076  p=[0.904  0.312  0.738  0.055  1.000  0.622 -0.787]
   546          846        0.0076271         contract outside
  eval: e=0.0076  p=[0.906  0.315  0.735  0.053  1.000  0.623 -0.787]
   547          847        0.0076271         reflect
  eval: e=0.0076  p=[0.904  0.312  0.739  0.055  1.000  0.621 -0.787]
  eval: e=0.0076  p=[0.902  0.310  0.741  0.057  1.000  0.620 -0.786]
   548          849       0.00760337         expand
  eval: e=0.0076  p=[0.904  0.312  0.739  0.055  1.000  0.621 -0.787]
   549          850       0.00760337         reflect
  eval: e=0.0076  p=[0.903  0.310  0.741  0.056  1.000  0.620 -0.787]
  eval: e=0.0076  p=[0.902  0.307  0.745  0.058  1.000  0.618 -0.787]
   550          852       0.00759057         reflect
  eval: e=0.0076  p=[0.902  0.309  0.742  0.057  1.000  0.619 -0.787]
   551          853       0.00759057         reflect
  eval: e=0.0076  p=[0.903  0.310  0.740  0.056  1.000  0.620 -0.787]
  eval: e=0.0076  p=[0.903  0.309  0.742  0.056  1.000  0.619 -0.787]
   552          855       0.00757199         expand
  eval: e=0.0077  p=[0.905  0.314  0.736  0.054  1.000  0.623 -0.787]
  eval: e=0.0076  p=[0.903  0.310  0.741  0.056  1.000  0.620 -0.787]
   553          857       0.00757199         contract inside
  eval: e=0.0076  p=[0.900  0.307  0.744  0.058  1.000  0.618 -0.785]
   554          858       0.00757199         reflect
  eval: e=0.0076  p=[0.900  0.306  0.746  0.059  1.000  0.617 -0.785]
   555          859       0.00757199         reflect
  eval: e=0.0075  p=[0.901  0.307  0.744  0.058  1.000  0.618 -0.786]
  eval: e=0.0075  p=[0.900  0.305  0.747  0.059  1.000  0.616 -0.786]
   556          861       0.00751972         expand
  eval: e=0.0076  p=[0.905  0.312  0.738  0.054  1.000  0.621 -0.787]
  eval: e=0.0076  p=[0.903  0.311  0.740  0.056  1.000  0.620 -0.787]
   557          863       0.00751972         contract outside
  eval: e=0.0076  p=[0.901  0.306  0.746  0.059  1.000  0.617 -0.786]
   558          864       0.00751972         reflect
  eval: e=0.0075  p=[0.900  0.306  0.745  0.059  1.000  0.617 -0.786]
   559          865       0.00751972         reflect
  eval: e=0.0075  p=[0.901  0.306  0.746  0.059  1.000  0.617 -0.786]
  eval: e=0.0075  p=[0.900  0.304  0.748  0.060  1.000  0.616 -0.787]
   560          867       0.00748677         expand
  eval: e=0.0075  p=[0.899  0.304  0.748  0.060  1.000  0.616 -0.786]
   561          868       0.00748677         reflect
  eval: e=0.0076  p=[0.901  0.307  0.744  0.058  1.000  0.618 -0.786]
   562          869       0.00748677         reflect
  eval: e=0.0075  p=[0.898  0.302  0.751  0.062  1.000  0.614 -0.785]
   563          870       0.00748677         reflect
  eval: e=0.0075  p=[0.900  0.303  0.749  0.060  1.000  0.615 -0.787]
  eval: e=0.0075  p=[0.901  0.301  0.751  0.060  1.000  0.614 -0.788]
   564          872        0.0074657         expand
  eval: e=0.0075  p=[0.897  0.299  0.754  0.063  1.000  0.612 -0.786]
   565          873        0.0074657         reflect
  eval: e=0.0077  p=[0.897  0.299  0.755  0.063  1.000  0.612 -0.786]
  eval: e=0.0075  p=[0.900  0.305  0.747  0.059  1.000  0.617 -0.786]
   566          875        0.0074657         contract inside
  eval: e=0.0075  p=[0.898  0.299  0.754  0.062  1.000  0.612 -0.787]
  eval: e=0.0076  p=[0.897  0.296  0.758  0.064  1.000  0.610 -0.787]
   567          877       0.00745668         reflect
  eval: e=0.0074  p=[0.898  0.299  0.754  0.062  1.000  0.612 -0.787]
  eval: e=0.0074  p=[0.897  0.296  0.757  0.064  1.000  0.610 -0.787]
   568          879       0.00740877         expand
  eval: e=0.0075  p=[0.901  0.304  0.748  0.059  1.000  0.616 -0.787]
  eval: e=0.0075  p=[0.898  0.300  0.752  0.062  1.000  0.613 -0.786]
   569          881       0.00740877         contract inside
  eval: e=0.0075  p=[0.900  0.301  0.751  0.061  1.000  0.614 -0.788]
   570          882       0.00740877         reflect
  eval: e=0.0075  p=[0.898  0.297  0.757  0.063  1.000  0.610 -0.787]
  eval: e=0.0075  p=[0.900  0.303  0.749  0.060  1.000  0.615 -0.786]
   571          884       0.00740877         contract inside
  eval: e=0.0074  p=[0.899  0.298  0.756  0.063  1.000  0.611 -0.788]
  eval: e=0.0075  p=[0.899  0.294  0.759  0.064  1.000  0.609 -0.789]
   572          886       0.00740286         reflect
  eval: e=0.0074  p=[0.898  0.296  0.758  0.064  1.000  0.610 -0.787]
  eval: e=0.0076  p=[0.897  0.292  0.762  0.066  1.000  0.607 -0.788]
   573          888       0.00739381         reflect
  eval: e=0.0075  p=[0.897  0.297  0.756  0.064  1.000  0.611 -0.786]
  eval: e=0.0074  p=[0.900  0.300  0.753  0.061  1.000  0.613 -0.787]
   574          890       0.00739381         contract inside
  eval: e=0.0076  p=[0.898  0.294  0.760  0.065  1.000  0.609 -0.788]
  eval: e=0.0074  p=[0.899  0.301  0.752  0.061  1.000  0.613 -0.787]
   575          892       0.00739381         contract inside
  eval: e=0.0075  p=[0.896  0.296  0.757  0.065  1.000  0.610 -0.786]
  eval: e=0.0074  p=[0.900  0.300  0.753  0.062  1.000  0.613 -0.787]
   576          894       0.00739381         contract inside
  eval: e=0.0074  p=[0.899  0.297  0.757  0.063  1.000  0.611 -0.788]
  eval: e=0.0074  p=[0.900  0.295  0.759  0.063  1.000  0.609 -0.789]
   577          896       0.00738767         reflect
  eval: e=0.0074  p=[0.899  0.297  0.756  0.063  1.000  0.611 -0.788]
   578          897       0.00738767         reflect
  eval: e=0.0074  p=[0.898  0.295  0.759  0.064  1.000  0.609 -0.788]
   579          898       0.00738767         reflect
  eval: e=0.0074  p=[0.898  0.294  0.760  0.065  1.000  0.608 -0.788]
  eval: e=0.0074  p=[0.899  0.299  0.755  0.062  1.000  0.612 -0.788]
   580          900       0.00738767         contract inside
  eval: e=0.0074  p=[0.898  0.293  0.761  0.065  1.000  0.608 -0.788]
  eval: e=0.0074  p=[0.898  0.295  0.759  0.064  1.000  0.609 -0.788]
   581          902       0.00738454         contract outside
  eval: e=0.0074  p=[0.900  0.297  0.757  0.062  1.000  0.610 -0.789]
  eval: e=0.0074  p=[0.898  0.296  0.757  0.064  1.000  0.610 -0.787]
   582          904       0.00738454         contract inside
  eval: e=0.0074  p=[0.899  0.299  0.754  0.062  1.000  0.612 -0.787]
   583          905       0.00738454         reflect
  eval: e=0.0074  p=[0.898  0.296  0.757  0.064  1.000  0.610 -0.788]
  eval: e=0.0073  p=[0.898  0.296  0.758  0.064  1.000  0.610 -0.787]
   584          907       0.00733778         expand
  eval: e=0.0074  p=[0.898  0.294  0.760  0.065  1.000  0.609 -0.788]
   585          908       0.00733778         reflect
  eval: e=0.0074  p=[0.898  0.293  0.761  0.065  1.000  0.608 -0.788]
   586          909       0.00733778         reflect
  eval: e=0.0074  p=[0.899  0.295  0.759  0.064  1.000  0.609 -0.788]
   587          910       0.00733778         reflect
  eval: e=0.0074  p=[0.897  0.293  0.761  0.065  1.000  0.608 -0.788]
  eval: e=0.0074  p=[0.899  0.296  0.757  0.063  1.000  0.610 -0.788]
   588          912       0.00733778         contract inside
  eval: e=0.0073  p=[0.897  0.293  0.761  0.065  1.000  0.608 -0.788]
   589          913       0.00733778         reflect
  eval: e=0.0073  p=[0.898  0.293  0.761  0.065  1.000  0.608 -0.789]
  eval: e=0.0073  p=[0.898  0.291  0.763  0.066  1.000  0.606 -0.789]
   590          915       0.00732736         expand
  eval: e=0.0073  p=[0.898  0.293  0.761  0.065  1.000  0.608 -0.788]
  eval: e=0.0073  p=[0.898  0.292  0.762  0.066  1.000  0.607 -0.788]
   591          917       0.00728969         expand
  eval: e=0.0074  p=[0.898  0.295  0.759  0.064  1.000  0.609 -0.788]
   592          918       0.00728969         reflect
  eval: e=0.0073  p=[0.898  0.294  0.760  0.065  1.000  0.609 -0.788]
   593          919       0.00728969         reflect
  eval: e=0.0073  p=[0.897  0.291  0.763  0.066  1.000  0.607 -0.788]
  eval: e=0.0072  p=[0.896  0.289  0.765  0.068  1.000  0.605 -0.788]
   594          921       0.00723168         expand
  eval: e=0.0073  p=[0.897  0.291  0.763  0.066  1.000  0.607 -0.788]
   595          922       0.00723168         reflect
  eval: e=0.0072  p=[0.896  0.290  0.765  0.067  1.000  0.606 -0.788]
   596          923       0.00723168         reflect
  eval: e=0.0073  p=[0.898  0.290  0.764  0.066  1.000  0.606 -0.789]
   597          924       0.00723168         reflect
  eval: e=0.0074  p=[0.896  0.289  0.766  0.068  1.001  0.605 -0.789]
  eval: e=0.0073  p=[0.898  0.293  0.761  0.065  1.000  0.608 -0.788]
   598          926       0.00723168         contract inside
  eval: e=0.0074  p=[0.897  0.286  0.769  0.069  1.001  0.603 -0.790]
  eval: e=0.0073  p=[0.897  0.293  0.760  0.065  1.000  0.608 -0.788]
   599          928       0.00723168         contract inside
  eval: e=0.0072  p=[0.896  0.292  0.763  0.067  1.000  0.607 -0.787]
   600          929       0.00723168         reflect
  eval: e=0.0073  p=[0.897  0.291  0.763  0.066  1.000  0.607 -0.788]
  eval: e=0.0073  p=[0.897  0.291  0.763  0.066  1.000  0.607 -0.788]
   601          931       0.00723168         contract inside
  eval: e=0.0072  p=[0.896  0.289  0.766  0.068  1.001  0.605 -0.788]
  eval: e=0.0072  p=[0.896  0.286  0.769  0.069  1.001  0.603 -0.789]
   602          933       0.00719523         expand
  eval: e=0.0072  p=[0.896  0.287  0.767  0.069  1.001  0.604 -0.788]
   603          934       0.00719523         reflect
  eval: e=0.0072  p=[0.895  0.287  0.768  0.069  1.001  0.603 -0.788]
  eval: e=0.0073  p=[0.894  0.284  0.772  0.071  1.001  0.601 -0.788]
   604          936       0.00718905         reflect
  eval: e=0.0073  p=[0.894  0.287  0.768  0.069  1.001  0.604 -0.787]
  eval: e=0.0072  p=[0.897  0.290  0.765  0.067  1.000  0.605 -0.789]
   605          938       0.00718905         contract inside
  eval: e=0.0072  p=[0.895  0.286  0.769  0.070  1.001  0.603 -0.788]
  eval: e=0.0072  p=[0.894  0.283  0.772  0.071  1.001  0.601 -0.788]
   606          940        0.0071573         reflect
  eval: e=0.0075  p=[0.896  0.284  0.771  0.070  1.001  0.601 -0.789]
  eval: e=0.0072  p=[0.896  0.290  0.765  0.068  1.000  0.605 -0.788]
   607          942        0.0071573         contract inside
  eval: e=0.0071  p=[0.896  0.286  0.769  0.069  1.001  0.602 -0.789]
  eval: e=0.0071  p=[0.895  0.284  0.771  0.071  1.001  0.601 -0.789]
   608          944       0.00712681         expand
  eval: e=0.0071  p=[0.895  0.285  0.770  0.070  1.001  0.602 -0.788]
  eval: e=0.0071  p=[0.894  0.283  0.772  0.071  1.001  0.600 -0.788]
   609          946       0.00709476         expand
  eval: e=0.0073  p=[0.894  0.283  0.773  0.072  1.001  0.600 -0.788]
  eval: e=0.0072  p=[0.896  0.288  0.767  0.068  1.001  0.604 -0.788]
   610          948       0.00709476         contract inside
  eval: e=0.0071  p=[0.895  0.285  0.770  0.070  1.001  0.602 -0.788]
   611          949       0.00709476         reflect
  eval: e=0.0073  p=[0.894  0.281  0.774  0.072  1.001  0.599 -0.789]
  eval: e=0.0072  p=[0.896  0.288  0.767  0.069  1.001  0.604 -0.788]
   612          951       0.00709476         contract inside
  eval: e=0.0071  p=[0.895  0.285  0.770  0.070  1.001  0.602 -0.788]
  eval: e=0.0070  p=[0.894  0.284  0.771  0.071  1.001  0.601 -0.788]
   613          953       0.00704718         expand
  eval: e=0.0071  p=[0.895  0.284  0.771  0.071  1.001  0.601 -0.789]
   614          954       0.00704718         reflect
  eval: e=0.0070  p=[0.894  0.282  0.774  0.072  1.001  0.599 -0.788]
  eval: e=0.0071  p=[0.893  0.279  0.777  0.074  1.001  0.597 -0.788]
   615          956       0.00704349         reflect
  eval: e=0.0071  p=[0.894  0.280  0.775  0.073  1.001  0.598 -0.789]
   616          957       0.00704349         reflect
  eval: e=0.0070  p=[0.894  0.280  0.775  0.073  1.001  0.598 -0.789]
  eval: e=0.0070  p=[0.893  0.278  0.778  0.075  1.001  0.596 -0.789]
   617          959       0.00696651         expand
  eval: e=0.0069  p=[0.893  0.281  0.775  0.073  1.001  0.599 -0.788]
  eval: e=0.0069  p=[0.892  0.279  0.777  0.075  1.001  0.598 -0.787]
   618          961        0.0068753         expand
  eval: e=0.0070  p=[0.892  0.278  0.778  0.075  1.001  0.597 -0.788]
   619          962        0.0068753         reflect
  eval: e=0.0069  p=[0.892  0.279  0.777  0.075  1.001  0.597 -0.788]
  eval: e=0.0068  p=[0.891  0.276  0.780  0.076  1.001  0.595 -0.788]
   620          964       0.00678839         expand
  eval: e=0.0069  p=[0.892  0.280  0.776  0.074  1.001  0.598 -0.788]
   621          965       0.00678839         reflect
  eval: e=0.0069  p=[0.890  0.275  0.781  0.077  1.001  0.595 -0.787]
   622          966       0.00678839         reflect
  eval: e=0.0072  p=[0.890  0.272  0.784  0.079  1.001  0.592 -0.788]
  eval: e=0.0070  p=[0.893  0.281  0.774  0.073  1.001  0.599 -0.788]
   623          968       0.00678839         contract inside
  eval: e=0.0067  p=[0.890  0.275  0.781  0.077  1.001  0.594 -0.787]
  eval: e=0.0066  p=[0.889  0.271  0.785  0.080  1.001  0.592 -0.787]
   624          970       0.00663804         expand
  eval: e=0.0068  p=[0.890  0.277  0.779  0.077  1.001  0.596 -0.786]
   625          971       0.00663804         reflect
  eval: e=0.0069  p=[0.890  0.277  0.780  0.077  1.001  0.595 -0.786]
   626          972       0.00663804         reflect
  eval: e=0.0066  p=[0.888  0.272  0.785  0.080  1.001  0.592 -0.786]
  eval: e=0.0068  p=[0.886  0.267  0.790  0.084  1.001  0.588 -0.785]
   627          974       0.00662355         reflect
  eval: e=0.0068  p=[0.888  0.271  0.786  0.081  1.001  0.591 -0.786]
   628          975       0.00662355         reflect
  eval: e=0.0066  p=[0.887  0.269  0.788  0.082  1.001  0.590 -0.786]
   629          976       0.00662355         reflect
  eval: e=0.0066  p=[0.888  0.271  0.785  0.081  1.001  0.592 -0.786]
   630          977       0.00662355         reflect
  eval: e=0.0069  p=[0.887  0.269  0.788  0.082  1.001  0.590 -0.786]
  eval: e=0.0067  p=[0.889  0.275  0.782  0.078  1.001  0.594 -0.786]
   631          979       0.00662355         contract inside
  eval: e=0.0069  p=[0.887  0.267  0.790  0.083  1.001  0.588 -0.787]
  eval: e=0.0067  p=[0.889  0.275  0.782  0.078  1.001  0.594 -0.786]
   632          981       0.00662355         contract inside
  eval: e=0.0066  p=[0.885  0.268  0.790  0.084  1.001  0.589 -0.785]
  eval: e=0.0069  p=[0.882  0.263  0.795  0.088  1.001  0.585 -0.783]
   633          983       0.00656052         reflect
  eval: e=0.0067  p=[0.888  0.272  0.784  0.080  1.001  0.592 -0.786]
   634          984       0.00656052         reflect
  eval: e=0.0066  p=[0.886  0.268  0.789  0.083  1.001  0.589 -0.785]
   635          985       0.00656052         reflect
  eval: e=0.0067  p=[0.885  0.266  0.792  0.085  1.001  0.587 -0.785]
   636          986       0.00656052         reflect
  eval: e=0.0072  p=[0.886  0.266  0.791  0.084  1.001  0.588 -0.786]
  eval: e=0.0066  p=[0.888  0.271  0.786  0.081  1.001  0.591 -0.786]
   637          988       0.00656052         contract inside
  eval: e=0.0067  p=[0.889  0.274  0.782  0.078  1.001  0.594 -0.786]
  eval: e=0.0066  p=[0.886  0.268  0.789  0.083  1.001  0.589 -0.786]
   638          990       0.00655012         contract inside
  eval: e=0.0066  p=[0.887  0.270  0.786  0.081  1.001  0.591 -0.785]
   639          991       0.00655012         reflect
  eval: e=0.0065  p=[0.885  0.268  0.789  0.084  1.001  0.589 -0.784]
  eval: e=0.0065  p=[0.883  0.266  0.791  0.086  1.001  0.588 -0.783]
   640          993       0.00647987         expand
  eval: e=0.0067  p=[0.885  0.266  0.791  0.085  1.001  0.588 -0.785]
  eval: e=0.0065  p=[0.887  0.270  0.787  0.082  1.001  0.591 -0.785]
   641          995       0.00647987         contract inside
  eval: e=0.0064  p=[0.884  0.266  0.792  0.086  1.001  0.587 -0.784]
  eval: e=0.0064  p=[0.882  0.262  0.795  0.088  1.001  0.585 -0.783]
   642          997       0.00640859         expand
  eval: e=0.0066  p=[0.885  0.268  0.789  0.084  1.001  0.589 -0.784]
  eval: e=0.0065  p=[0.885  0.268  0.789  0.084  1.001  0.589 -0.784]
   643          999       0.00640859         contract outside
  eval: e=0.0065  p=[0.882  0.264  0.793  0.087  1.001  0.586 -0.783]
   644         1000       0.00640859         reflect
  eval: e=0.0065  p=[0.882  0.263  0.795  0.088  1.001  0.585 -0.783]
   645         1001       0.00640859         reflect
  eval: e=0.0064  p=[0.883  0.264  0.793  0.087  1.001  0.586 -0.783]
   646         1002       0.00640859         reflect
  eval: e=0.0065  p=[0.880  0.263  0.794  0.089  1.001  0.585 -0.781]
   647         1003       0.00640859         reflect
  eval: e=0.0066  p=[0.878  0.259  0.799  0.092  1.001  0.582 -0.780]
  eval: e=0.0065  p=[0.885  0.267  0.790  0.084  1.001  0.588 -0.784]
   648         1005       0.00640859         contract inside
  eval: e=0.0067  p=[0.884  0.267  0.790  0.085  1.001  0.588 -0.783]
  eval: e=0.0064  p=[0.882  0.264  0.793  0.087  1.001  0.586 -0.783]
   649         1007       0.00640859         contract inside
  eval: e=0.0065  p=[0.886  0.267  0.790  0.084  1.001  0.588 -0.785]
  eval: e=0.0064  p=[0.884  0.266  0.791  0.085  1.001  0.588 -0.784]
   650         1009       0.00640859         contract outside
  eval: e=0.0065  p=[0.881  0.262  0.796  0.089  1.001  0.584 -0.782]
   651         1010       0.00640859         reflect
  eval: e=0.0065  p=[0.882  0.262  0.795  0.088  1.001  0.585 -0.783]
   652         1011       0.00640859         reflect
  eval: e=0.0066  p=[0.880  0.260  0.798  0.090  1.001  0.583 -0.782]
  eval: e=0.0064  p=[0.884  0.265  0.792  0.086  1.001  0.587 -0.784]
   653         1013       0.00640859         contract inside
  eval: e=0.0064  p=[0.884  0.266  0.791  0.085  1.001  0.588 -0.784]
   654         1014       0.00640859         reflect
  eval: e=0.0065  p=[0.884  0.267  0.790  0.085  1.001  0.588 -0.783]
  eval: e=0.0064  p=[0.883  0.264  0.794  0.087  1.001  0.586 -0.783]
   655         1016       0.00640859         contract inside
  eval: e=0.0064  p=[0.884  0.265  0.792  0.086  1.001  0.587 -0.784]
  eval: e=0.0064  p=[0.884  0.265  0.792  0.086  1.001  0.587 -0.784]
   656         1018       0.00640631         reflect
  eval: e=0.0064  p=[0.881  0.263  0.795  0.088  1.001  0.585 -0.782]
  eval: e=0.0064  p=[0.880  0.261  0.797  0.090  1.001  0.583 -0.782]
   657         1020        0.0063912         reflect
  eval: e=0.0064  p=[0.881  0.261  0.796  0.089  1.001  0.584 -0.782]
   658         1021        0.0063912         reflect
  eval: e=0.0064  p=[0.882  0.263  0.794  0.088  1.001  0.585 -0.783]
  eval: e=0.0064  p=[0.883  0.263  0.794  0.088  1.001  0.585 -0.783]
   659         1023       0.00637903         reflect
  eval: e=0.0064  p=[0.882  0.262  0.795  0.088  1.001  0.585 -0.783]
   660         1024       0.00637903         reflect
  eval: e=0.0064  p=[0.881  0.260  0.797  0.090  1.001  0.583 -0.782]
   661         1025       0.00637903         reflect
  eval: e=0.0064  p=[0.882  0.263  0.794  0.088  1.001  0.585 -0.783]
   662         1026       0.00637903         reflect
  eval: e=0.0064  p=[0.881  0.262  0.796  0.089  1.001  0.584 -0.782]
   663         1027       0.00637903         reflect
  eval: e=0.0064  p=[0.882  0.263  0.795  0.088  1.001  0.585 -0.783]
  eval: e=0.0064  p=[0.882  0.262  0.795  0.088  1.001  0.585 -0.783]
   664         1029       0.00637903         contract inside
  eval: e=0.0064  p=[0.883  0.264  0.794  0.087  1.001  0.586 -0.783]
  eval: e=0.0064  p=[0.881  0.262  0.795  0.089  1.001  0.584 -0.782]
   665         1031       0.00637903         contract inside
  eval: e=0.0064  p=[0.879  0.259  0.798  0.091  1.001  0.582 -0.781]
  eval: e=0.0064  p=[0.883  0.264  0.794  0.087  1.001  0.585 -0.783]
   666         1033       0.00637903         contract inside
  eval: e=0.0064  p=[0.881  0.262  0.796  0.089  1.001  0.584 -0.783]
  eval: e=0.0064  p=[0.881  0.261  0.797  0.089  1.001  0.583 -0.782]
   667         1035        0.0063784         reflect
  eval: e=0.0064  p=[0.882  0.263  0.794  0.088  1.001  0.585 -0.783]
  eval: e=0.0064  p=[0.881  0.262  0.796  0.089  1.001  0.584 -0.782]
   668         1037        0.0063781         contract inside
  eval: e=0.0064  p=[0.883  0.265  0.793  0.087  1.001  0.586 -0.783]
  eval: e=0.0064  p=[0.881  0.261  0.796  0.089  1.001  0.584 -0.782]
   669         1039       0.00637325         contract inside
  eval: e=0.0064  p=[0.882  0.262  0.795  0.089  1.001  0.584 -0.783]
  eval: e=0.0063  p=[0.882  0.262  0.796  0.089  1.001  0.584 -0.783]
   670         1041       0.00634859         expand
  eval: e=0.0064  p=[0.881  0.261  0.797  0.090  1.001  0.583 -0.782]
  eval: e=0.0064  p=[0.881  0.261  0.796  0.089  1.001  0.584 -0.782]
   671         1043       0.00634859         contract outside
  eval: e=0.0064  p=[0.881  0.261  0.796  0.089  1.001  0.584 -0.783]
   672         1044       0.00634859         reflect
  eval: e=0.0063  p=[0.882  0.262  0.796  0.089  1.001  0.584 -0.783]
  eval: e=0.0063  p=[0.882  0.261  0.796  0.089  1.001  0.584 -0.783]
   673         1046       0.00631988         expand
  eval: e=0.0064  p=[0.880  0.260  0.798  0.090  1.001  0.583 -0.782]
  eval: e=0.0064  p=[0.882  0.262  0.795  0.088  1.001  0.585 -0.783]
   674         1048       0.00631988         contract inside
  eval: e=0.0063  p=[0.882  0.262  0.796  0.089  1.001  0.584 -0.783]
   675         1049       0.00631988         reflect
  eval: e=0.0063  p=[0.882  0.261  0.796  0.089  1.001  0.584 -0.783]
   676         1050       0.00631988         reflect
  eval: e=0.0063  p=[0.882  0.262  0.796  0.089  1.001  0.584 -0.783]
   677         1051       0.00631988         reflect
  eval: e=0.0063  p=[0.883  0.262  0.795  0.088  1.001  0.584 -0.784]
  eval: e=0.0063  p=[0.884  0.262  0.795  0.088  1.001  0.584 -0.784]
   678         1053       0.00630814         expand
  eval: e=0.0063  p=[0.882  0.261  0.797  0.089  1.001  0.583 -0.784]
  eval: e=0.0063  p=[0.882  0.260  0.798  0.089  1.001  0.583 -0.784]
   679         1055       0.00626718         expand
  eval: e=0.0063  p=[0.883  0.261  0.796  0.088  1.001  0.584 -0.784]
   680         1056       0.00626718         reflect
  eval: e=0.0063  p=[0.883  0.261  0.796  0.089  1.001  0.583 -0.784]
   681         1057       0.00626718         reflect
  eval: e=0.0063  p=[0.884  0.261  0.797  0.088  1.001  0.583 -0.785]
  eval: e=0.0062  p=[0.884  0.261  0.797  0.088  1.001  0.583 -0.785]
   682         1059       0.00623753         expand
  eval: e=0.0063  p=[0.884  0.261  0.796  0.088  1.001  0.583 -0.785]
   683         1060       0.00623753         reflect
  eval: e=0.0062  p=[0.884  0.261  0.797  0.088  1.001  0.583 -0.785]
  eval: e=0.0062  p=[0.885  0.260  0.797  0.088  1.001  0.583 -0.786]
   684         1062       0.00618071         expand
  eval: e=0.0062  p=[0.885  0.260  0.797  0.088  1.001  0.583 -0.786]
   685         1063       0.00618071         reflect
  eval: e=0.0062  p=[0.884  0.259  0.798  0.089  1.001  0.582 -0.786]
   686         1064       0.00618071         reflect
  eval: e=0.0062  p=[0.885  0.259  0.798  0.089  1.001  0.582 -0.786]
  eval: e=0.0061  p=[0.886  0.258  0.799  0.089  1.001  0.581 -0.787]
   687         1066       0.00611597         expand
  eval: e=0.0062  p=[0.886  0.259  0.799  0.088  1.001  0.582 -0.787]
   688         1067       0.00611597         reflect
  eval: e=0.0061  p=[0.888  0.259  0.798  0.087  1.001  0.582 -0.788]
   689         1068       0.00611597         reflect
  eval: e=0.0063  p=[0.887  0.258  0.799  0.088  1.001  0.581 -0.788]
  eval: e=0.0062  p=[0.885  0.260  0.797  0.088  1.001  0.583 -0.786]
   690         1070       0.00611597         contract inside
  eval: e=0.0061  p=[0.887  0.258  0.799  0.088  1.001  0.581 -0.788]
  eval: e=0.0061  p=[0.888  0.257  0.800  0.088  1.001  0.580 -0.789]
   691         1072         0.006056         expand
  eval: e=0.0061  p=[0.888  0.259  0.798  0.087  1.001  0.582 -0.788]
   692         1073         0.006056         reflect
  eval: e=0.0061  p=[0.888  0.258  0.799  0.088  1.001  0.581 -0.789]
   693         1074         0.006056         reflect
  eval: e=0.0061  p=[0.889  0.257  0.800  0.088  1.001  0.580 -0.790]
   694         1075         0.006056         reflect
  eval: e=0.0061  p=[0.889  0.258  0.799  0.088  1.001  0.581 -0.789]
   695         1076         0.006056         reflect
  eval: e=0.0061  p=[0.891  0.256  0.801  0.088  1.001  0.580 -0.791]
   696         1077         0.006056         reflect
  eval: e=0.0060  p=[0.889  0.256  0.801  0.089  1.001  0.579 -0.790]
  eval: e=0.0060  p=[0.890  0.254  0.803  0.089  1.001  0.578 -0.791]
   697         1079       0.00603152         reflect
  eval: e=0.0061  p=[0.889  0.255  0.802  0.089  1.001  0.579 -0.790]
  eval: e=0.0061  p=[0.888  0.258  0.799  0.088  1.001  0.581 -0.789]
   698         1081       0.00603152         contract inside
  eval: e=0.0061  p=[0.892  0.256  0.801  0.087  1.001  0.580 -0.792]
   699         1082       0.00603152         reflect
  eval: e=0.0061  p=[0.890  0.257  0.800  0.087  1.001  0.580 -0.790]
   700         1083       0.00603152         reflect
  eval: e=0.0060  p=[0.891  0.256  0.801  0.088  1.001  0.580 -0.791]
  eval: e=0.0060  p=[0.892  0.255  0.801  0.088  1.001  0.579 -0.792]
   701         1085       0.00600566         expand
  eval: e=0.0061  p=[0.889  0.258  0.799  0.088  1.001  0.581 -0.789]
   702         1086       0.00600566         reflect
  eval: e=0.0061  p=[0.887  0.258  0.799  0.089  1.001  0.581 -0.788]
  eval: e=0.0060  p=[0.890  0.257  0.800  0.087  1.001  0.580 -0.791]
   703         1088       0.00600566         contract inside
  eval: e=0.0060  p=[0.891  0.256  0.801  0.088  1.001  0.579 -0.791]
  eval: e=0.0060  p=[0.892  0.254  0.803  0.088  1.001  0.578 -0.793]
   704         1090       0.00596015         expand
  eval: e=0.0060  p=[0.891  0.255  0.802  0.088  1.001  0.579 -0.792]
   705         1091       0.00596015         reflect
  eval: e=0.0060  p=[0.892  0.254  0.803  0.088  1.001  0.578 -0.793]
   706         1092       0.00596015         reflect
  eval: e=0.0060  p=[0.891  0.254  0.803  0.089  1.001  0.578 -0.792]
   707         1093       0.00596015         reflect
  eval: e=0.0061  p=[0.894  0.253  0.804  0.088  1.001  0.577 -0.795]
  eval: e=0.0060  p=[0.890  0.256  0.801  0.088  1.001  0.579 -0.790]
   708         1095       0.00596015         contract inside
  eval: e=0.0060  p=[0.890  0.255  0.802  0.088  1.001  0.579 -0.791]
   709         1096       0.00596015         reflect
  eval: e=0.0059  p=[0.891  0.253  0.804  0.089  1.001  0.577 -0.792]
  eval: e=0.0059  p=[0.892  0.251  0.805  0.090  1.001  0.576 -0.793]
   710         1098       0.00589332         expand
  eval: e=0.0059  p=[0.893  0.253  0.804  0.088  1.001  0.577 -0.794]
   711         1099       0.00589332         reflect
  eval: e=0.0059  p=[0.894  0.252  0.805  0.089  1.001  0.576 -0.795]
   712         1100       0.00589332         reflect
  eval: e=0.0059  p=[0.892  0.253  0.804  0.089  1.001  0.577 -0.793]
   713         1101       0.00589332         reflect
  eval: e=0.0060  p=[0.893  0.253  0.804  0.089  1.001  0.577 -0.793]
   714         1102       0.00589332         reflect
  eval: e=0.0059  p=[0.893  0.251  0.806  0.090  1.001  0.575 -0.794]
  eval: e=0.0060  p=[0.894  0.248  0.809  0.091  1.001  0.573 -0.795]
   715         1104       0.00586956         reflect
  eval: e=0.0059  p=[0.895  0.250  0.807  0.090  1.001  0.574 -0.796]
   716         1105       0.00586956         reflect
  eval: e=0.0059  p=[0.894  0.249  0.808  0.090  1.001  0.574 -0.795]
  eval: e=0.0060  p=[0.895  0.247  0.810  0.091  1.001  0.572 -0.797]
   717         1107       0.00586195         reflect
  eval: e=0.0061  p=[0.894  0.249  0.808  0.090  1.001  0.574 -0.795]
  eval: e=0.0059  p=[0.893  0.252  0.805  0.089  1.001  0.576 -0.794]
   718         1109       0.00586195         contract inside
  eval: e=0.0058  p=[0.893  0.251  0.806  0.090  1.001  0.575 -0.794]
  eval: e=0.0058  p=[0.892  0.251  0.806  0.091  1.001  0.575 -0.793]
   719         1111       0.00578884         expand
  eval: e=0.0058  p=[0.893  0.249  0.808  0.091  1.001  0.574 -0.794]
  eval: e=0.0058  p=[0.892  0.247  0.810  0.092  1.001  0.572 -0.794]
   720         1113       0.00576463         expand
  eval: e=0.0058  p=[0.890  0.252  0.805  0.091  1.001  0.576 -0.792]
   721         1114       0.00576463         reflect
  eval: e=0.0058  p=[0.893  0.248  0.809  0.092  1.001  0.573 -0.794]
   722         1115       0.00576463         reflect
  eval: e=0.0057  p=[0.893  0.248  0.809  0.091  1.001  0.573 -0.795]
  eval: e=0.0056  p=[0.894  0.247  0.810  0.092  1.001  0.572 -0.796]
   723         1117       0.00564874         expand
  eval: e=0.0058  p=[0.892  0.246  0.811  0.093  1.001  0.571 -0.794]
   724         1118       0.00564874         reflect
  eval: e=0.0056  p=[0.892  0.246  0.811  0.093  1.001  0.571 -0.794]
  eval: e=0.0056  p=[0.891  0.244  0.813  0.095  1.001  0.570 -0.794]
   725         1120       0.00556173         expand
  eval: e=0.0056  p=[0.890  0.246  0.811  0.094  1.001  0.571 -0.792]
   726         1121       0.00556173         reflect
  eval: e=0.0056  p=[0.891  0.247  0.810  0.093  1.001  0.572 -0.793]
   727         1122       0.00556173         reflect
  eval: e=0.0058  p=[0.894  0.242  0.815  0.095  1.001  0.568 -0.796]
  eval: e=0.0056  p=[0.893  0.244  0.812  0.094  1.001  0.570 -0.795]
   728         1124       0.00556173         contract outside
  eval: e=0.0057  p=[0.892  0.247  0.810  0.093  1.001  0.572 -0.793]
   729         1125       0.00556173         reflect
  eval: e=0.0056  p=[0.892  0.242  0.815  0.096  1.001  0.568 -0.794]
   730         1126       0.00556173         reflect
  eval: e=0.0055  p=[0.891  0.243  0.813  0.095  1.001  0.569 -0.794]
  eval: e=0.0055  p=[0.891  0.242  0.815  0.097  1.001  0.567 -0.793]
   731         1128         0.005492         reflect
  eval: e=0.0057  p=[0.892  0.242  0.814  0.096  1.001  0.568 -0.794]
  eval: e=0.0056  p=[0.892  0.246  0.811  0.094  1.001  0.571 -0.794]
   732         1130         0.005492         contract inside
  eval: e=0.0057  p=[0.893  0.242  0.815  0.095  1.001  0.568 -0.795]
  eval: e=0.0056  p=[0.891  0.246  0.811  0.094  1.001  0.571 -0.793]
   733         1132         0.005492         contract inside
  eval: e=0.0055  p=[0.889  0.242  0.815  0.097  1.001  0.568 -0.792]
   734         1133         0.005492         reflect
  eval: e=0.0055  p=[0.889  0.244  0.813  0.096  1.001  0.570 -0.792]
   735         1134         0.005492         reflect
  eval: e=0.0057  p=[0.889  0.248  0.809  0.094  1.001  0.572 -0.791]
  eval: e=0.0055  p=[0.891  0.243  0.814  0.096  1.001  0.569 -0.794]
   736         1136         0.005492         contract inside
  eval: e=0.0054  p=[0.892  0.242  0.815  0.096  1.001  0.568 -0.794]
  eval: e=0.0053  p=[0.892  0.240  0.817  0.097  1.001  0.566 -0.795]
   737         1138         0.005338         expand
  eval: e=0.0054  p=[0.890  0.241  0.816  0.098  1.001  0.567 -0.793]
   738         1139         0.005338         reflect
  eval: e=0.0054  p=[0.890  0.239  0.818  0.099  1.001  0.566 -0.793]
   739         1140         0.005338         reflect
  eval: e=0.0054  p=[0.889  0.240  0.817  0.099  1.001  0.566 -0.792]
   740         1141         0.005338         reflect
  eval: e=0.0055  p=[0.892  0.238  0.818  0.099  1.001  0.565 -0.794]
  eval: e=0.0054  p=[0.891  0.240  0.817  0.098  1.001  0.566 -0.794]
   741         1143         0.005338         contract outside
  eval: e=0.0053  p=[0.889  0.238  0.818  0.100  1.001  0.565 -0.793]
  eval: e=0.0053  p=[0.889  0.236  0.821  0.102  1.001  0.563 -0.792]
   742         1145       0.00530152         expand
  eval: e=0.0052  p=[0.892  0.237  0.819  0.099  1.001  0.564 -0.795]
  eval: e=0.0052  p=[0.893  0.234  0.822  0.100  1.001  0.561 -0.796]
   743         1147       0.00521702         expand
  eval: e=0.0058  p=[0.890  0.234  0.823  0.103  1.001  0.561 -0.794]
  eval: e=0.0054  p=[0.891  0.241  0.816  0.097  1.001  0.567 -0.794]
   744         1149       0.00521702         contract inside
  eval: e=0.0053  p=[0.892  0.238  0.818  0.099  1.001  0.565 -0.794]
   745         1150       0.00521702         reflect
  eval: e=0.0052  p=[0.892  0.236  0.820  0.100  1.001  0.563 -0.795]
  eval: e=0.0051  p=[0.893  0.234  0.822  0.101  1.001  0.561 -0.796]
   746         1152       0.00510932         expand
  eval: e=0.0052  p=[0.892  0.235  0.821  0.101  1.001  0.562 -0.795]
   747         1153       0.00510932         reflect
  eval: e=0.0051  p=[0.892  0.233  0.823  0.102  1.001  0.560 -0.795]
   748         1154       0.00510932         reflect
  eval: e=0.0051  p=[0.894  0.232  0.824  0.102  1.001  0.559 -0.797]
  eval: e=0.0056  p=[0.897  0.228  0.827  0.103  1.001  0.556 -0.800]
   749         1156       0.00510532         reflect
  eval: e=0.0051  p=[0.892  0.230  0.826  0.105  1.001  0.557 -0.795]
   750         1157       0.00510532         reflect
  eval: e=0.0050  p=[0.897  0.232  0.824  0.101  1.001  0.559 -0.799]
  eval: e=0.0050  p=[0.901  0.230  0.826  0.101  1.001  0.557 -0.802]
   751         1159       0.00498969         reflect
  eval: e=0.0055  p=[0.895  0.227  0.828  0.105  1.001  0.555 -0.798]
  eval: e=0.0052  p=[0.893  0.236  0.821  0.100  1.001  0.562 -0.795]
   752         1161       0.00498969         contract inside
  eval: e=0.0054  p=[0.895  0.230  0.825  0.102  1.001  0.558 -0.798]
  eval: e=0.0051  p=[0.893  0.234  0.822  0.101  1.001  0.561 -0.795]
   753         1163       0.00498969         contract inside
  eval: e=0.0050  p=[0.893  0.231  0.825  0.103  1.001  0.559 -0.796]
   754         1164       0.00498969         reflect
  eval: e=0.0051  p=[0.894  0.229  0.827  0.104  1.001  0.557 -0.797]
   755         1165       0.00498969         reflect
  eval: e=0.0049  p=[0.896  0.231  0.825  0.102  1.001  0.558 -0.798]
  eval: e=0.0049  p=[0.898  0.230  0.826  0.102  1.001  0.557 -0.800]
   756         1167       0.00489584         expand
  eval: e=0.0050  p=[0.896  0.228  0.827  0.104  1.001  0.556 -0.799]
   757         1168       0.00489584         reflect
  eval: e=0.0050  p=[0.898  0.232  0.823  0.100  1.001  0.559 -0.800]
   758         1169       0.00489584         reflect
  eval: e=0.0051  p=[0.899  0.227  0.828  0.103  1.001  0.555 -0.801]
   759         1170       0.00489584         reflect
  eval: e=0.0048  p=[0.899  0.227  0.828  0.103  1.001  0.555 -0.801]
  eval: e=0.0047  p=[0.901  0.225  0.830  0.104  1.001  0.553 -0.802]
   760         1172       0.00471267         expand
  eval: e=0.0051  p=[0.895  0.232  0.824  0.102  1.001  0.559 -0.797]
  eval: e=0.0049  p=[0.898  0.228  0.827  0.103  1.001  0.556 -0.800]
   761         1174       0.00471267         contract inside
  eval: e=0.0050  p=[0.900  0.230  0.825  0.101  1.001  0.557 -0.802]
   762         1175       0.00471267         reflect
  eval: e=0.0050  p=[0.903  0.227  0.827  0.101  1.001  0.555 -0.804]
   763         1176       0.00471267         reflect
  eval: e=0.0051  p=[0.902  0.230  0.825  0.100  1.001  0.558 -0.803]
  eval: e=0.0049  p=[0.898  0.229  0.827  0.103  1.001  0.556 -0.800]
   764         1178       0.00471267         contract inside
  eval: e=0.0049  p=[0.900  0.225  0.830  0.104  1.001  0.553 -0.802]
   765         1179       0.00471267         reflect
  eval: e=0.0048  p=[0.902  0.224  0.831  0.104  1.001  0.552 -0.804]
   766         1180       0.00471267         reflect
  eval: e=0.0054  p=[0.900  0.224  0.831  0.105  1.001  0.552 -0.802]
  eval: e=0.0048  p=[0.900  0.228  0.827  0.102  1.001  0.556 -0.802]
   767         1182       0.00471267         contract inside
  eval: e=0.0048  p=[0.896  0.227  0.829  0.105  1.001  0.555 -0.798]
   768         1183       0.00471267         reflect
  eval: e=0.0047  p=[0.901  0.225  0.829  0.104  1.001  0.553 -0.802]
  eval: e=0.0047  p=[0.902  0.224  0.831  0.104  1.001  0.552 -0.804]
   769         1185       0.00466278         expand
  eval: e=0.0048  p=[0.902  0.222  0.832  0.106  1.001  0.551 -0.804]
   770         1186       0.00466278         reflect
  eval: e=0.0046  p=[0.903  0.221  0.833  0.106  1.001  0.550 -0.804]
  eval: e=0.0048  p=[0.906  0.218  0.836  0.107  1.001  0.547 -0.807]
   771         1188       0.00462402         reflect
  eval: e=0.0047  p=[0.902  0.224  0.831  0.105  1.001  0.552 -0.803]
   772         1189       0.00462402         reflect
  eval: e=0.0048  p=[0.908  0.221  0.832  0.104  1.001  0.550 -0.808]
   773         1190       0.00462402         reflect
  eval: e=0.0048  p=[0.903  0.226  0.829  0.103  1.001  0.554 -0.804]
   774         1191       0.00462402         reflect
  eval: e=0.0047  p=[0.906  0.219  0.835  0.106  1.001  0.547 -0.807]
   775         1192       0.00462402         reflect
  eval: e=0.0051  p=[0.904  0.219  0.835  0.107  1.001  0.548 -0.805]
  eval: e=0.0047  p=[0.903  0.224  0.830  0.104  1.001  0.552 -0.804]
   776         1194       0.00462402         contract inside
  eval: e=0.0048  p=[0.898  0.225  0.830  0.106  1.001  0.553 -0.800]
   777         1195       0.00462402         reflect
  eval: e=0.0048  p=[0.902  0.222  0.832  0.106  1.001  0.551 -0.803]
   778         1196       0.00462402         reflect
  eval: e=0.0046  p=[0.907  0.221  0.833  0.104  1.001  0.549 -0.808]
  eval: e=0.0050  p=[0.912  0.219  0.834  0.103  1.001  0.548 -0.812]
   779         1198       0.00460471         reflect
  eval: e=0.0049  p=[0.905  0.223  0.831  0.104  1.001  0.551 -0.806]
  eval: e=0.0046  p=[0.903  0.223  0.832  0.105  1.001  0.551 -0.804]
   780         1200       0.00460471         contract inside
  eval: e=0.0049  p=[0.900  0.227  0.827  0.103  1.001  0.555 -0.802]
  eval: e=0.0046  p=[0.904  0.221  0.833  0.106  1.001  0.549 -0.806]
   781         1202       0.00457253         contract inside
  eval: e=0.0045  p=[0.906  0.220  0.834  0.106  1.001  0.548 -0.807]
  eval: e=0.0044  p=[0.909  0.217  0.836  0.106  1.001  0.546 -0.809]
   782         1204       0.00440571         expand
  eval: e=0.0046  p=[0.907  0.219  0.834  0.105  1.001  0.548 -0.808]
   783         1205       0.00440571         reflect
  eval: e=0.0047  p=[0.908  0.218  0.835  0.106  1.001  0.547 -0.809]
  eval: e=0.0046  p=[0.904  0.222  0.832  0.105  1.001  0.551 -0.805]
   784         1207       0.00440571         contract inside
  eval: e=0.0047  p=[0.908  0.217  0.836  0.107  1.001  0.546 -0.808]
  eval: e=0.0046  p=[0.904  0.222  0.832  0.105  1.001  0.551 -0.805]
   785         1209       0.00440571         contract inside
  eval: e=0.0048  p=[0.909  0.219  0.834  0.105  1.001  0.548 -0.809]
  eval: e=0.0046  p=[0.904  0.222  0.832  0.105  1.001  0.550 -0.805]
   786         1211       0.00440571         contract inside
  eval: e=0.0045  p=[0.909  0.220  0.833  0.104  1.001  0.548 -0.809]
   787         1212       0.00440571         reflect
  eval: e=0.0046  p=[0.905  0.222  0.832  0.105  1.001  0.551 -0.805]
  eval: e=0.0045  p=[0.907  0.220  0.833  0.105  1.001  0.549 -0.807]
   788         1214       0.00440571         contract inside
  eval: e=0.0045  p=[0.904  0.220  0.833  0.106  1.001  0.549 -0.805]
   789         1215       0.00440571         reflect
  eval: e=0.0045  p=[0.908  0.218  0.835  0.106  1.001  0.547 -0.808]
   790         1216       0.00440571         reflect
  eval: e=0.0044  p=[0.909  0.217  0.836  0.107  1.001  0.546 -0.809]
   791         1217       0.00440571         reflect
  eval: e=0.0044  p=[0.910  0.218  0.835  0.106  1.001  0.546 -0.810]
  eval: e=0.0043  p=[0.912  0.216  0.836  0.106  1.001  0.545 -0.812]
   792         1219       0.00434375         expand
  eval: e=0.0044  p=[0.912  0.215  0.837  0.106  1.001  0.544 -0.812]
   793         1220       0.00434375         reflect
  eval: e=0.0048  p=[0.915  0.215  0.837  0.105  1.001  0.544 -0.814]
  eval: e=0.0045  p=[0.907  0.219  0.834  0.106  1.001  0.548 -0.807]
   794         1222       0.00434375         contract inside
  eval: e=0.0043  p=[0.912  0.215  0.837  0.107  1.001  0.544 -0.812]
  eval: e=0.0042  p=[0.915  0.213  0.839  0.107  1.001  0.542 -0.814]
   795         1224       0.00424495         expand
  eval: e=0.0044  p=[0.912  0.213  0.839  0.108  1.001  0.542 -0.812]
   796         1225       0.00424495         reflect
  eval: e=0.0043  p=[0.914  0.213  0.839  0.107  1.001  0.542 -0.813]
   797         1226       0.00424495         reflect
  eval: e=0.0048  p=[0.917  0.211  0.840  0.108  1.001  0.540 -0.816]
  eval: e=0.0044  p=[0.909  0.217  0.836  0.106  1.001  0.546 -0.809]
   798         1228       0.00424495         contract inside
  eval: e=0.0042  p=[0.915  0.213  0.839  0.107  1.001  0.542 -0.814]
  eval: e=0.0042  p=[0.919  0.211  0.840  0.107  1.001  0.540 -0.817]
   799         1230       0.00422888         expand
  eval: e=0.0042  p=[0.914  0.213  0.839  0.108  1.001  0.542 -0.813]
   800         1231       0.00422888         reflect
  eval: e=0.0042  p=[0.918  0.210  0.841  0.108  1.001  0.539 -0.816]
  eval: e=0.0046  p=[0.922  0.207  0.843  0.109  1.001  0.536 -0.820]
   801         1233       0.00419558         reflect
  eval: e=0.0043  p=[0.917  0.213  0.838  0.106  1.001  0.542 -0.815]
   802         1234       0.00419558         reflect
  eval: e=0.0043  p=[0.922  0.209  0.842  0.108  1.001  0.538 -0.819]
   803         1235       0.00419558         reflect
  eval: e=0.0045  p=[0.921  0.207  0.843  0.109  1.001  0.537 -0.819]
  eval: e=0.0043  p=[0.915  0.214  0.838  0.107  1.001  0.543 -0.813]
   804         1237       0.00419558         contract inside
  eval: e=0.0045  p=[0.916  0.210  0.841  0.109  1.001  0.540 -0.815]
  eval: e=0.0042  p=[0.917  0.213  0.839  0.107  1.001  0.542 -0.815]
   805         1239       0.00419558         contract inside
  eval: e=0.0043  p=[0.910  0.216  0.836  0.107  1.001  0.545 -0.810]
  eval: e=0.0042  p=[0.919  0.210  0.841  0.108  1.001  0.540 -0.817]
   806         1241       0.00419047         contract inside
  eval: e=0.0041  p=[0.919  0.211  0.840  0.107  1.001  0.540 -0.817]
  eval: e=0.0041  p=[0.922  0.209  0.841  0.107  1.001  0.538 -0.819]
   807         1243       0.00411989         expand
  eval: e=0.0042  p=[0.920  0.209  0.842  0.108  1.001  0.538 -0.818]
   808         1244       0.00411989         reflect
  eval: e=0.0041  p=[0.922  0.209  0.842  0.108  1.001  0.538 -0.819]
  eval: e=0.0041  p=[0.925  0.207  0.843  0.108  1.001  0.536 -0.821]
   809         1246       0.00408344         expand
  eval: e=0.0046  p=[0.926  0.206  0.843  0.108  1.001  0.536 -0.822]
  eval: e=0.0042  p=[0.917  0.212  0.840  0.108  1.001  0.541 -0.815]
   810         1248       0.00408344         contract inside
  eval: e=0.0041  p=[0.920  0.209  0.841  0.108  1.001  0.538 -0.818]
   811         1249       0.00408344         reflect
  eval: e=0.0043  p=[0.924  0.206  0.844  0.109  1.001  0.536 -0.820]
  eval: e=0.0042  p=[0.918  0.211  0.840  0.107  1.001  0.540 -0.816]
   812         1251       0.00408344         contract inside
  eval: e=0.0041  p=[0.922  0.209  0.841  0.107  1.001  0.538 -0.819]
   813         1252       0.00408344         reflect
  eval: e=0.0041  p=[0.923  0.208  0.842  0.108  1.001  0.537 -0.820]
   814         1253       0.00408344         reflect
  eval: e=0.0043  p=[0.922  0.210  0.841  0.107  1.001  0.539 -0.819]
  eval: e=0.0041  p=[0.921  0.209  0.842  0.108  1.001  0.538 -0.818]
   815         1255       0.00408344         contract inside
  eval: e=0.0041  p=[0.926  0.206  0.843  0.108  1.001  0.536 -0.822]
  eval: e=0.0043  p=[0.931  0.204  0.845  0.108  1.001  0.533 -0.826]
   816         1257       0.00407531         reflect
  eval: e=0.0041  p=[0.927  0.205  0.844  0.108  1.001  0.535 -0.823]
  eval: e=0.0043  p=[0.931  0.203  0.846  0.109  1.001  0.532 -0.826]
   817         1259       0.00405124         reflect
  eval: e=0.0040  p=[0.925  0.206  0.843  0.109  1.001  0.535 -0.821]
  eval: e=0.0040  p=[0.927  0.205  0.845  0.109  1.001  0.534 -0.823]
   818         1261       0.00399882         expand
  eval: e=0.0041  p=[0.926  0.205  0.844  0.109  1.001  0.535 -0.822]
   819         1262       0.00399882         reflect
  eval: e=0.0040  p=[0.929  0.204  0.845  0.109  1.001  0.533 -0.824]
   820         1263       0.00399882         reflect
  eval: e=0.0044  p=[0.932  0.202  0.846  0.109  1.001  0.532 -0.827]
  eval: e=0.0040  p=[0.923  0.207  0.842  0.108  1.001  0.537 -0.820]
   821         1265       0.00399882         contract inside
  eval: e=0.0044  p=[0.930  0.203  0.846  0.109  1.001  0.533 -0.825]
  eval: e=0.0040  p=[0.924  0.207  0.843  0.108  1.001  0.536 -0.821]
   822         1267       0.00399882         contract inside
  eval: e=0.0040  p=[0.927  0.205  0.844  0.109  1.001  0.534 -0.823]
  eval: e=0.0039  p=[0.929  0.204  0.845  0.109  1.001  0.533 -0.824]
   823         1269       0.00393372         expand
  eval: e=0.0040  p=[0.927  0.206  0.843  0.108  1.001  0.535 -0.823]
   824         1270       0.00393372         reflect
  eval: e=0.0039  p=[0.927  0.205  0.845  0.109  1.001  0.534 -0.823]
   825         1271       0.00393372         reflect
  eval: e=0.0040  p=[0.926  0.205  0.844  0.109  1.001  0.535 -0.822]
   826         1272       0.00393372         reflect
  eval: e=0.0039  p=[0.931  0.202  0.846  0.109  1.001  0.532 -0.826]
  eval: e=0.0041  p=[0.934  0.200  0.848  0.110  1.001  0.529 -0.828]
   827         1274       0.00392878         reflect
  eval: e=0.0039  p=[0.931  0.202  0.846  0.110  1.001  0.531 -0.826]
  eval: e=0.0041  p=[0.935  0.199  0.848  0.110  1.001  0.529 -0.828]
   828         1276       0.00392136         reflect
  eval: e=0.0040  p=[0.930  0.202  0.847  0.110  1.001  0.531 -0.825]
   829         1277       0.00392136         reflect
  eval: e=0.0039  p=[0.928  0.203  0.846  0.110  1.001  0.532 -0.824]
  eval: e=0.0038  p=[0.928  0.202  0.846  0.111  1.001  0.532 -0.823]
   830         1279        0.0038331         expand
  eval: e=0.0038  p=[0.931  0.202  0.847  0.110  1.001  0.531 -0.826]
   831         1280        0.0038331         reflect
  eval: e=0.0040  p=[0.928  0.204  0.844  0.109  1.001  0.534 -0.823]
  eval: e=0.0039  p=[0.929  0.202  0.846  0.110  1.001  0.532 -0.824]
   832         1282        0.0038331         contract inside
  eval: e=0.0040  p=[0.933  0.200  0.848  0.110  1.001  0.530 -0.827]
  eval: e=0.0039  p=[0.931  0.201  0.847  0.110  1.001  0.531 -0.826]
   833         1284        0.0038331         contract outside
  eval: e=0.0039  p=[0.933  0.200  0.848  0.110  1.001  0.529 -0.827]
   834         1285        0.0038331         reflect
  eval: e=0.0038  p=[0.932  0.200  0.848  0.111  1.001  0.529 -0.827]
   835         1286        0.0038331         reflect
  eval: e=0.0038  p=[0.931  0.200  0.848  0.111  1.001  0.530 -0.826]
  eval: e=0.0037  p=[0.931  0.199  0.849  0.112  1.001  0.529 -0.826]
   836         1288       0.00374651         expand
  eval: e=0.0038  p=[0.930  0.200  0.848  0.112  1.001  0.530 -0.825]
   837         1289       0.00374651         reflect
  eval: e=0.0038  p=[0.928  0.202  0.847  0.111  1.001  0.531 -0.823]
   838         1290       0.00374651         reflect
  eval: e=0.0037  p=[0.931  0.199  0.849  0.112  1.001  0.529 -0.825]
  eval: e=0.0037  p=[0.932  0.197  0.850  0.113  1.001  0.527 -0.826]
   839         1292       0.00369094         expand
  eval: e=0.0038  p=[0.929  0.199  0.849  0.113  1.001  0.529 -0.824]
   840         1293       0.00369094         reflect
  eval: e=0.0039  p=[0.927  0.201  0.848  0.112  1.001  0.530 -0.823]
  eval: e=0.0038  p=[0.931  0.200  0.848  0.111  1.001  0.529 -0.826]
   841         1295       0.00369094         contract inside
  eval: e=0.0037  p=[0.929  0.198  0.850  0.114  1.001  0.528 -0.824]
   842         1296       0.00369094         reflect
  eval: e=0.0037  p=[0.932  0.196  0.851  0.114  1.001  0.526 -0.826]
  eval: e=0.0038  p=[0.934  0.193  0.853  0.115  1.001  0.524 -0.828]
   843         1298       0.00367582         reflect
  eval: e=0.0037  p=[0.934  0.195  0.852  0.114  1.001  0.525 -0.827]
   844         1299       0.00367582         reflect
  eval: e=0.0037  p=[0.931  0.196  0.851  0.115  1.001  0.526 -0.825]
  eval: e=0.0037  p=[0.931  0.194  0.853  0.116  1.001  0.524 -0.825]
   845         1301        0.0036671         reflect
  eval: e=0.0038  p=[0.933  0.196  0.851  0.114  1.001  0.526 -0.827]
  eval: e=0.0037  p=[0.930  0.198  0.849  0.113  1.001  0.528 -0.825]
   846         1303        0.0036671         contract inside
  eval: e=0.0037  p=[0.932  0.194  0.852  0.115  1.001  0.524 -0.826]
   847         1304        0.0036671         reflect
  eval: e=0.0037  p=[0.932  0.194  0.852  0.116  1.001  0.524 -0.826]
  eval: e=0.0037  p=[0.932  0.192  0.854  0.118  1.001  0.522 -0.826]
   848         1306       0.00365505         reflect
  eval: e=0.0038  p=[0.929  0.198  0.850  0.114  1.001  0.527 -0.824]
  eval: e=0.0037  p=[0.932  0.196  0.851  0.114  1.001  0.526 -0.827]
   849         1308       0.00365505         contract inside
  eval: e=0.0036  p=[0.934  0.194  0.852  0.115  1.001  0.524 -0.828]
  eval: e=0.0037  p=[0.937  0.192  0.854  0.116  1.001  0.522 -0.830]
   850         1310       0.00362458         reflect
  eval: e=0.0037  p=[0.934  0.193  0.853  0.116  1.001  0.523 -0.828]
  eval: e=0.0037  p=[0.931  0.197  0.850  0.114  1.001  0.527 -0.826]
   851         1312       0.00362458         contract inside
  eval: e=0.0037  p=[0.933  0.193  0.853  0.116  1.001  0.523 -0.827]
  eval: e=0.0037  p=[0.932  0.196  0.851  0.114  1.001  0.526 -0.826]
   852         1314       0.00362458         contract inside
  eval: e=0.0036  p=[0.932  0.194  0.852  0.116  1.001  0.524 -0.826]
   853         1315       0.00362458         reflect
  eval: e=0.0037  p=[0.933  0.193  0.853  0.116  1.001  0.523 -0.827]
   854         1316       0.00362458         reflect
  eval: e=0.0036  p=[0.933  0.195  0.851  0.115  1.001  0.525 -0.827]
   855         1317       0.00362458         reflect
  eval: e=0.0037  p=[0.932  0.194  0.853  0.116  1.001  0.524 -0.826]
   856         1318       0.00362458         reflect
  eval: e=0.0036  p=[0.934  0.193  0.853  0.116  1.001  0.523 -0.828]
  eval: e=0.0036  p=[0.936  0.192  0.854  0.116  1.001  0.522 -0.829]
   857         1320       0.00359124         expand
  eval: e=0.0037  p=[0.933  0.195  0.851  0.114  1.001  0.525 -0.827]
  eval: e=0.0036  p=[0.933  0.194  0.853  0.116  1.001  0.524 -0.827]
   858         1322       0.00359124         contract inside
  eval: e=0.0037  p=[0.935  0.191  0.855  0.117  1.001  0.521 -0.828]
   859         1323       0.00359124         reflect
  eval: e=0.0036  p=[0.935  0.193  0.853  0.116  1.001  0.523 -0.829]
   860         1324       0.00359124         reflect
  eval: e=0.0036  p=[0.936  0.193  0.853  0.115  1.001  0.523 -0.829]
   861         1325       0.00359124         reflect
  eval: e=0.0036  p=[0.934  0.196  0.851  0.114  1.001  0.526 -0.828]
   862         1326       0.00359124         reflect
  eval: e=0.0036  p=[0.937  0.193  0.853  0.115  1.001  0.523 -0.830]
   863         1327       0.00359124         reflect
  eval: e=0.0037  p=[0.938  0.191  0.854  0.116  1.001  0.522 -0.830]
  eval: e=0.0036  p=[0.934  0.194  0.852  0.115  1.001  0.524 -0.827]
   864         1329       0.00359124         contract inside
  eval: e=0.0036  p=[0.937  0.193  0.853  0.114  1.001  0.523 -0.830]
  eval: e=0.0036  p=[0.939  0.193  0.853  0.114  1.001  0.523 -0.831]
   865         1331       0.00358045         expand
  eval: e=0.0036  p=[0.938  0.190  0.855  0.117  1.001  0.521 -0.830]
  eval: e=0.0036  p=[0.935  0.194  0.852  0.114  1.001  0.524 -0.828]
   866         1333       0.00358045         contract inside
  eval: e=0.0036  p=[0.938  0.192  0.853  0.115  1.001  0.522 -0.830]
  eval: e=0.0035  p=[0.939  0.191  0.854  0.115  1.001  0.521 -0.831]
   867         1335       0.00353746         expand
  eval: e=0.0036  p=[0.937  0.193  0.853  0.115  1.001  0.523 -0.830]
   868         1336       0.00353746         reflect
  eval: e=0.0036  p=[0.940  0.191  0.854  0.115  1.001  0.521 -0.832]
   869         1337       0.00353746         reflect
  eval: e=0.0036  p=[0.941  0.190  0.855  0.116  1.001  0.520 -0.832]
   870         1338       0.00353746         reflect
  eval: e=0.0035  p=[0.940  0.191  0.854  0.116  1.001  0.521 -0.832]
  eval: e=0.0035  p=[0.941  0.189  0.855  0.116  1.001  0.519 -0.833]
   871         1340       0.00350148         expand
  eval: e=0.0035  p=[0.943  0.190  0.854  0.115  1.001  0.520 -0.834]
   872         1341       0.00350148         reflect
  eval: e=0.0035  p=[0.944  0.191  0.854  0.114  1.001  0.520 -0.835]
   873         1342       0.00350148         reflect
  eval: e=0.0035  p=[0.942  0.189  0.856  0.116  1.001  0.519 -0.833]
   874         1343       0.00350148         reflect
  eval: e=0.0035  p=[0.942  0.190  0.855  0.116  1.001  0.520 -0.833]
  eval: e=0.0035  p=[0.943  0.189  0.855  0.116  1.001  0.519 -0.834]
   875         1345       0.00348784         expand
  eval: e=0.0035  p=[0.942  0.190  0.854  0.115  1.001  0.520 -0.833]
   876         1346       0.00348784         reflect
  eval: e=0.0035  p=[0.947  0.187  0.856  0.116  1.002  0.517 -0.837]
   877         1347       0.00348784         reflect
  eval: e=0.0034  p=[0.947  0.187  0.856  0.116  1.002  0.517 -0.837]
  eval: e=0.0035  p=[0.951  0.185  0.857  0.116  1.002  0.515 -0.840]
   878         1349       0.00344675         reflect
  eval: e=0.0035  p=[0.945  0.188  0.856  0.116  1.001  0.518 -0.835]
   879         1350       0.00344675         reflect
  eval: e=0.0035  p=[0.944  0.186  0.857  0.118  1.001  0.517 -0.834]
   880         1351       0.00344675         reflect
  eval: e=0.0036  p=[0.940  0.190  0.855  0.116  1.001  0.520 -0.832]
  eval: e=0.0035  p=[0.945  0.188  0.856  0.116  1.001  0.518 -0.835]
   881         1353       0.00344675         contract inside
  eval: e=0.0035  p=[0.946  0.186  0.858  0.118  1.002  0.516 -0.836]
  eval: e=0.0035  p=[0.943  0.189  0.855  0.116  1.001  0.519 -0.834]
   882         1355       0.00344675         contract inside
  eval: e=0.0035  p=[0.946  0.188  0.856  0.116  1.001  0.518 -0.836]
   883         1356       0.00344675         reflect
  eval: e=0.0034  p=[0.948  0.186  0.857  0.116  1.002  0.516 -0.837]
  eval: e=0.0034  p=[0.951  0.185  0.857  0.116  1.002  0.515 -0.840]
   884         1358       0.00338047         expand
  eval: e=0.0035  p=[0.948  0.189  0.855  0.114  1.001  0.519 -0.837]
   885         1359       0.00338047         reflect
  eval: e=0.0034  p=[0.950  0.186  0.857  0.116  1.002  0.516 -0.839]
   886         1360       0.00338047         reflect
  eval: e=0.0034  p=[0.952  0.185  0.857  0.116  1.002  0.515 -0.840]
   887         1361       0.00338047         reflect
  eval: e=0.0034  p=[0.951  0.186  0.857  0.115  1.002  0.516 -0.840]
   888         1362       0.00338047         reflect
  eval: e=0.0035  p=[0.953  0.186  0.857  0.115  1.002  0.515 -0.841]
   889         1363       0.00338047         reflect
  eval: e=0.0034  p=[0.952  0.183  0.859  0.117  1.002  0.513 -0.840]
   890         1364       0.00338047         reflect
  eval: e=0.0034  p=[0.947  0.186  0.857  0.117  1.002  0.516 -0.837]
   891         1365       0.00338047         reflect
  eval: e=0.0035  p=[0.955  0.183  0.858  0.116  1.002  0.513 -0.843]
  eval: e=0.0034  p=[0.947  0.187  0.857  0.116  1.002  0.517 -0.837]
   892         1367       0.00338047         contract inside
  eval: e=0.0034  p=[0.953  0.184  0.858  0.117  1.002  0.514 -0.841]
  eval: e=0.0033  p=[0.956  0.182  0.859  0.117  1.002  0.512 -0.843]
   893         1369       0.00334522         expand
  eval: e=0.0034  p=[0.949  0.187  0.856  0.115  1.002  0.517 -0.838]
  eval: e=0.0034  p=[0.951  0.184  0.858  0.117  1.002  0.514 -0.840]
   894         1371       0.00334522         contract inside
  eval: e=0.0034  p=[0.956  0.184  0.858  0.115  1.002  0.514 -0.843]
  eval: e=0.0034  p=[0.953  0.184  0.857  0.116  1.002  0.514 -0.841]
   895         1373       0.00334522         contract outside
  eval: e=0.0034  p=[0.951  0.185  0.858  0.116  1.002  0.515 -0.840]
   896         1374       0.00334522         reflect
  eval: e=0.0034  p=[0.954  0.183  0.858  0.117  1.002  0.513 -0.841]
   897         1375       0.00334522         reflect
  eval: e=0.0033  p=[0.958  0.182  0.859  0.116  1.002  0.512 -0.845]
  eval: e=0.0035  p=[0.963  0.179  0.860  0.116  1.002  0.509 -0.848]
   898         1377        0.0033426         reflect
  eval: e=0.0034  p=[0.956  0.183  0.858  0.116  1.002  0.513 -0.843]
   899         1378        0.0033426         reflect
  eval: e=0.0033  p=[0.957  0.181  0.860  0.117  1.002  0.511 -0.844]
   900         1379        0.0033426         reflect
  eval: e=0.0034  p=[0.959  0.181  0.859  0.117  1.002  0.511 -0.845]
   901         1380        0.0033426         reflect
  eval: e=0.0033  p=[0.958  0.180  0.860  0.117  1.002  0.510 -0.844]
  eval: e=0.0033  p=[0.960  0.178  0.861  0.118  1.002  0.508 -0.846]
   902         1382       0.00332819         reflect
  eval: e=0.0034  p=[0.962  0.179  0.861  0.117  1.002  0.508 -0.847]
   903         1383       0.00332819         reflect
  eval: e=0.0034  p=[0.956  0.182  0.859  0.117  1.002  0.512 -0.843]
  eval: e=0.0033  p=[0.958  0.181  0.859  0.117  1.002  0.511 -0.844]
   904         1385       0.00332819         contract inside
  eval: e=0.0035  p=[0.959  0.179  0.861  0.118  1.002  0.509 -0.845]
  eval: e=0.0033  p=[0.957  0.182  0.859  0.116  1.002  0.512 -0.844]
   905         1387       0.00332819         contract inside
  eval: e=0.0034  p=[0.951  0.185  0.858  0.116  1.002  0.515 -0.840]
  eval: e=0.0033  p=[0.960  0.180  0.860  0.117  1.002  0.510 -0.846]
   906         1389       0.00332819         contract inside
  eval: e=0.0034  p=[0.962  0.179  0.860  0.117  1.002  0.509 -0.847]
  eval: e=0.0033  p=[0.956  0.182  0.859  0.117  1.002  0.512 -0.843]
   907         1391       0.00332819         contract inside
  eval: e=0.0033  p=[0.958  0.182  0.859  0.116  1.002  0.512 -0.844]
   908         1392       0.00332819         reflect
  eval: e=0.0033  p=[0.959  0.181  0.859  0.116  1.002  0.511 -0.845]
  eval: e=0.0033  p=[0.961  0.181  0.859  0.116  1.002  0.510 -0.847]
   909         1394       0.00331612         expand
  eval: e=0.0033  p=[0.958  0.181  0.860  0.117  1.002  0.511 -0.845]
   910         1395       0.00331612         reflect
  eval: e=0.0033  p=[0.961  0.180  0.860  0.117  1.002  0.510 -0.847]
  eval: e=0.0033  p=[0.964  0.179  0.860  0.116  1.002  0.509 -0.849]
   911         1397       0.00330589         reflect
  eval: e=0.0033  p=[0.960  0.181  0.859  0.116  1.002  0.511 -0.846]
  eval: e=0.0033  p=[0.959  0.181  0.859  0.117  1.002  0.511 -0.845]
   912         1399       0.00330589         contract inside
  eval: e=0.0033  p=[0.960  0.181  0.860  0.117  1.002  0.510 -0.846]
   913         1400       0.00330589         reflect
  eval: e=0.0033  p=[0.962  0.179  0.860  0.117  1.002  0.509 -0.847]
  eval: e=0.0033  p=[0.965  0.178  0.861  0.117  1.002  0.507 -0.849]
   914         1402       0.00330071         reflect
  eval: e=0.0033  p=[0.960  0.180  0.860  0.117  1.002  0.510 -0.846]
  eval: e=0.0033  p=[0.960  0.180  0.860  0.117  1.002  0.510 -0.846]
   915         1404       0.00330071         contract outside
  eval: e=0.0033  p=[0.962  0.179  0.861  0.117  1.002  0.508 -0.847]
   916         1405       0.00330071         reflect
  eval: e=0.0033  p=[0.961  0.180  0.860  0.117  1.002  0.510 -0.847]
   917         1406       0.00330071         reflect
  eval: e=0.0033  p=[0.964  0.179  0.860  0.116  1.002  0.509 -0.849]
   918         1407       0.00330071         reflect
  eval: e=0.0033  p=[0.965  0.179  0.860  0.116  1.002  0.508 -0.849]
   919         1408       0.00330071         reflect
  eval: e=0.0033  p=[0.965  0.179  0.860  0.116  1.002  0.508 -0.849]
  eval: e=0.0033  p=[0.968  0.178  0.861  0.116  1.002  0.507 -0.851]
   920         1410       0.00325446         expand
  eval: e=0.0033  p=[0.966  0.177  0.861  0.117  1.002  0.507 -0.850]
   921         1411       0.00325446         reflect
  eval: e=0.0034  p=[0.967  0.177  0.861  0.117  1.002  0.507 -0.851]
  eval: e=0.0033  p=[0.963  0.179  0.860  0.117  1.002  0.509 -0.848]
   922         1413       0.00325446         contract inside
  eval: e=0.0033  p=[0.961  0.181  0.859  0.116  1.002  0.510 -0.847]
   923         1414       0.00325446         reflect
  eval: e=0.0033  p=[0.964  0.180  0.860  0.115  1.002  0.509 -0.849]
   924         1415       0.00325446         reflect
  eval: e=0.0033  p=[0.966  0.178  0.861  0.117  1.002  0.507 -0.850]
   925         1416       0.00325446         reflect
  eval: e=0.0033  p=[0.963  0.179  0.860  0.116  1.002  0.509 -0.848]
   926         1417       0.00325446         reflect
  eval: e=0.0033  p=[0.968  0.178  0.861  0.116  1.002  0.507 -0.851]
   927         1418       0.00325446         reflect
  eval: e=0.0033  p=[0.966  0.178  0.861  0.117  1.002  0.507 -0.850]
   928         1419       0.00325446         reflect
  eval: e=0.0033  p=[0.969  0.178  0.860  0.116  1.002  0.507 -0.852]
   929         1420       0.00325446         reflect
  eval: e=0.0033  p=[0.970  0.177  0.861  0.116  1.002  0.507 -0.853]
   930         1421       0.00325446         reflect
  eval: e=0.0033  p=[0.967  0.179  0.860  0.115  1.002  0.508 -0.851]
  eval: e=0.0033  p=[0.967  0.178  0.861  0.116  1.002  0.508 -0.851]
   931         1423       0.00325446         contract inside
  eval: e=0.0033  p=[0.971  0.177  0.861  0.116  1.002  0.506 -0.854]
   932         1424       0.00325446         reflect
  eval: e=0.0033  p=[0.972  0.175  0.862  0.117  1.002  0.505 -0.854]
  eval: e=0.0033  p=[0.966  0.179  0.860  0.116  1.002  0.508 -0.850]
   933         1426       0.00325446         contract inside
  eval: e=0.0033  p=[0.970  0.178  0.861  0.116  1.002  0.507 -0.853]
   934         1427       0.00325446         reflect
  eval: e=0.0033  p=[0.972  0.177  0.860  0.115  1.002  0.507 -0.854]
  eval: e=0.0033  p=[0.967  0.178  0.861  0.116  1.002  0.507 -0.851]
   935         1429       0.00325412         contract inside
  eval: e=0.0032  p=[0.972  0.176  0.861  0.116  1.002  0.506 -0.854]
  eval: e=0.0033  p=[0.974  0.175  0.862  0.116  1.002  0.504 -0.856]
   936         1431       0.00324883         reflect
  eval: e=0.0033  p=[0.970  0.177  0.861  0.116  1.002  0.506 -0.853]
   937         1432       0.00324883         reflect
  eval: e=0.0033  p=[0.967  0.178  0.861  0.116  1.002  0.507 -0.851]
   938         1433       0.00324883         reflect
  eval: e=0.0033  p=[0.968  0.177  0.861  0.117  1.002  0.507 -0.851]
  eval: e=0.0033  p=[0.969  0.177  0.861  0.116  1.002  0.507 -0.852]
   939         1435       0.00324883         contract inside
  eval: e=0.0033  p=[0.971  0.177  0.861  0.116  1.002  0.506 -0.854]
  eval: e=0.0033  p=[0.968  0.178  0.861  0.116  1.002  0.507 -0.852]
   940         1437       0.00324883         contract inside
  eval: e=0.0033  p=[0.968  0.178  0.860  0.116  1.002  0.508 -0.851]
  eval: e=0.0033  p=[0.969  0.177  0.861  0.116  1.002  0.507 -0.852]
   941         1439       0.00324883         contract inside
  eval: e=0.0033  p=[0.967  0.177  0.861  0.117  1.002  0.507 -0.851]
  eval: e=0.0033  p=[0.969  0.177  0.861  0.116  1.002  0.507 -0.853]
   942         1441       0.00324883         contract inside
  eval: e=0.0032  p=[0.971  0.177  0.861  0.116  1.002  0.506 -0.853]
  eval: e=0.0032  p=[0.972  0.176  0.861  0.116  1.002  0.506 -0.854]
   943         1443       0.00324587         expand
  eval: e=0.0032  p=[0.971  0.177  0.861  0.116  1.002  0.506 -0.854]
   944         1444       0.00324587         reflect
  eval: e=0.0033  p=[0.973  0.176  0.861  0.116  1.002  0.505 -0.855]
  eval: e=0.0032  p=[0.972  0.177  0.861  0.116  1.002  0.506 -0.854]
   945         1446       0.00324587         contract outside
  eval: e=0.0032  p=[0.972  0.176  0.861  0.116  1.002  0.506 -0.854]
   946         1447       0.00324587         reflect
  eval: e=0.0032  p=[0.972  0.176  0.861  0.116  1.002  0.506 -0.854]
   947         1448       0.00324587         reflect
  eval: e=0.0033  p=[0.975  0.175  0.862  0.116  1.002  0.505 -0.856]
  eval: e=0.0032  p=[0.970  0.177  0.861  0.116  1.002  0.507 -0.853]
   948         1450       0.00324587         contract inside
  eval: e=0.0032  p=[0.973  0.176  0.862  0.116  1.002  0.505 -0.855]
  eval: e=0.0033  p=[0.976  0.175  0.862  0.116  1.002  0.504 -0.857]
   949         1452       0.00324566         reflect
  eval: e=0.0032  p=[0.972  0.176  0.861  0.116  1.002  0.506 -0.854]
  eval: e=0.0032  p=[0.972  0.176  0.861  0.116  1.002  0.505 -0.854]
   950         1454       0.00324037         expand
  eval: e=0.0032  p=[0.971  0.176  0.861  0.116  1.002  0.506 -0.854]
   951         1455       0.00324037         reflect
  eval: e=0.0032  p=[0.972  0.176  0.861  0.116  1.002  0.506 -0.854]
   952         1456       0.00324037         reflect
  eval: e=0.0032  p=[0.972  0.176  0.862  0.116  1.002  0.505 -0.854]
   953         1457       0.00324037         reflect
  eval: e=0.0032  p=[0.974  0.175  0.862  0.116  1.002  0.504 -0.856]
  eval: e=0.0032  p=[0.971  0.177  0.861  0.116  1.002  0.506 -0.854]
   954         1459       0.00324037         contract inside
  eval: e=0.0032  p=[0.972  0.176  0.861  0.116  1.002  0.505 -0.854]
   955         1460       0.00324037         reflect
  eval: e=0.0032  p=[0.972  0.176  0.862  0.116  1.002  0.505 -0.854]
  eval: e=0.0032  p=[0.972  0.176  0.862  0.117  1.002  0.505 -0.854]
   956         1462       0.00323811         expand
  eval: e=0.0032  p=[0.973  0.176  0.862  0.116  1.002  0.505 -0.855]
   957         1463       0.00323811         reflect
  eval: e=0.0032  p=[0.970  0.176  0.861  0.116  1.002  0.506 -0.853]
   958         1464       0.00323811         reflect
  eval: e=0.0032  p=[0.973  0.175  0.862  0.116  1.002  0.505 -0.855]
  eval: e=0.0032  p=[0.974  0.175  0.862  0.117  1.002  0.504 -0.856]
   959         1466         0.003233         expand
  eval: e=0.0032  p=[0.972  0.176  0.862  0.116  1.002  0.505 -0.854]
   960         1467         0.003233         reflect
  eval: e=0.0032  p=[0.973  0.175  0.862  0.117  1.002  0.505 -0.855]
   961         1468         0.003233         reflect
  eval: e=0.0032  p=[0.972  0.176  0.862  0.116  1.002  0.505 -0.854]
   962         1469         0.003233         reflect
  eval: e=0.0032  p=[0.975  0.175  0.862  0.116  1.002  0.504 -0.856]
   963         1470         0.003233         reflect
  eval: e=0.0032  p=[0.974  0.175  0.862  0.116  1.002  0.505 -0.855]
   964         1471         0.003233         reflect
  eval: e=0.0032  p=[0.974  0.175  0.862  0.117  1.002  0.504 -0.856]
   965         1472         0.003233         reflect
  eval: e=0.0032  p=[0.975  0.174  0.862  0.117  1.002  0.504 -0.856]
  eval: e=0.0032  p=[0.976  0.173  0.863  0.117  1.002  0.503 -0.857]
   966         1474       0.00323113         expand
  eval: e=0.0032  p=[0.972  0.175  0.862  0.117  1.002  0.505 -0.854]
   967         1475       0.00323113         reflect
  eval: e=0.0032  p=[0.974  0.174  0.863  0.117  1.002  0.504 -0.856]
   968         1476       0.00323113         reflect
  eval: e=0.0032  p=[0.974  0.174  0.863  0.117  1.002  0.504 -0.855]
  eval: e=0.0032  p=[0.974  0.175  0.862  0.116  1.002  0.504 -0.855]
   969         1478       0.00323113         contract inside
  eval: e=0.0032  p=[0.976  0.174  0.863  0.117  1.002  0.503 -0.857]
  eval: e=0.0032  p=[0.978  0.173  0.863  0.117  1.002  0.502 -0.858]
   970         1480       0.00322812         expand
  eval: e=0.0032  p=[0.977  0.173  0.863  0.117  1.002  0.503 -0.857]
  eval: e=0.0032  p=[0.976  0.174  0.863  0.117  1.002  0.503 -0.857]
   971         1482       0.00322812         contract outside
  eval: e=0.0032  p=[0.977  0.173  0.863  0.117  1.002  0.502 -0.858]
   972         1483       0.00322812         reflect
  eval: e=0.0032  p=[0.977  0.174  0.863  0.116  1.002  0.503 -0.858]
   973         1484       0.00322812         reflect
  eval: e=0.0032  p=[0.978  0.172  0.863  0.117  1.002  0.502 -0.858]
  eval: e=0.0032  p=[0.975  0.174  0.862  0.117  1.002  0.504 -0.856]
   974         1486       0.00322812         contract inside
  eval: e=0.0032  p=[0.978  0.173  0.863  0.117  1.002  0.502 -0.858]
   975         1487       0.00322812         reflect
  eval: e=0.0032  p=[0.979  0.172  0.864  0.117  1.002  0.501 -0.859]
  eval: e=0.0032  p=[0.978  0.173  0.863  0.117  1.002  0.502 -0.858]
   976         1489       0.00322812         contract outside
  eval: e=0.0032  p=[0.976  0.174  0.863  0.117  1.002  0.503 -0.857]
   977         1490       0.00322812         reflect
  eval: e=0.0032  p=[0.977  0.173  0.863  0.117  1.002  0.502 -0.858]
   978         1491       0.00322812         reflect
  eval: e=0.0032  p=[0.979  0.172  0.863  0.117  1.002  0.501 -0.859]
   979         1492       0.00322812         reflect
  eval: e=0.0032  p=[0.978  0.172  0.863  0.117  1.002  0.502 -0.858]
   980         1493       0.00322812         reflect
  eval: e=0.0032  p=[0.980  0.172  0.864  0.117  1.002  0.501 -0.860]
   981         1494       0.00322812         reflect
  eval: e=0.0032  p=[0.976  0.173  0.863  0.117  1.002  0.503 -0.857]
   982         1495       0.00322812         reflect
  eval: e=0.0032  p=[0.978  0.172  0.864  0.117  1.002  0.501 -0.858]
  eval: e=0.0032  p=[0.978  0.173  0.863  0.117  1.002  0.502 -0.858]
   983         1497       0.00322812         contract inside
  eval: e=0.0032  p=[0.978  0.173  0.863  0.117  1.002  0.502 -0.858]
  eval: e=0.0032  p=[0.978  0.173  0.863  0.117  1.002  0.502 -0.858]
   984         1499       0.00322795         contract inside
  eval: e=0.0032  p=[0.980  0.171  0.864  0.117  1.002  0.501 -0.859]
  eval: e=0.0032  p=[0.977  0.173  0.863  0.117  1.002  0.502 -0.858]
   985         1501       0.00322795         contract inside
  eval: e=0.0032  p=[0.980  0.172  0.864  0.117  1.002  0.501 -0.859]
  eval: e=0.0032  p=[0.977  0.173  0.863  0.117  1.002  0.502 -0.858]
   986         1503       0.00322795         contract inside
  eval: e=0.0032  p=[0.978  0.173  0.863  0.117  1.002  0.502 -0.858]
  eval: e=0.0032  p=[0.978  0.172  0.863  0.117  1.002  0.502 -0.858]
   987         1505       0.00322795         contract inside
  eval: e=0.0032  p=[0.978  0.173  0.863  0.117  1.002  0.502 -0.858]
  eval: e=0.0032  p=[0.978  0.173  0.863  0.117  1.002  0.502 -0.858]
   988         1507        0.0032277         contract inside
  eval: e=0.0032  p=[0.979  0.172  0.864  0.117  1.002  0.501 -0.859]
  eval: e=0.0032  p=[0.978  0.173  0.863  0.117  1.002  0.502 -0.858]
   989         1509        0.0032277         contract inside
  eval: e=0.0032  p=[0.975  0.174  0.863  0.117  1.002  0.503 -0.856]
  eval: e=0.0032  p=[0.979  0.172  0.863  0.117  1.002  0.501 -0.859]
   990         1511        0.0032277         contract inside
  eval: e=0.0032  p=[0.978  0.172  0.863  0.117  1.002  0.502 -0.858]
   991         1512        0.0032277         reflect
  eval: e=0.0032  p=[0.979  0.172  0.863  0.117  1.002  0.501 -0.859]
  eval: e=0.0032  p=[0.978  0.173  0.863  0.117  1.002  0.502 -0.858]
   992         1514        0.0032277         contract inside
  eval: e=0.0032  p=[0.978  0.173  0.863  0.117  1.002  0.502 -0.858]
   993         1515        0.0032277         reflect
  eval: e=0.0032  p=[0.977  0.173  0.863  0.117  1.002  0.503 -0.857]
  eval: e=0.0032  p=[0.976  0.174  0.863  0.117  1.002  0.503 -0.857]
   994         1517       0.00322769         reflect
  eval: e=0.0032  p=[0.978  0.173  0.863  0.117  1.002  0.502 -0.858]
  eval: e=0.0032  p=[0.978  0.173  0.863  0.117  1.002  0.502 -0.858]
   995         1519       0.00322769         contract inside
  eval: e=0.0032  p=[0.977  0.173  0.863  0.117  1.002  0.502 -0.858]
  eval: e=0.0032  p=[0.978  0.173  0.863  0.117  1.002  0.502 -0.858]
   996         1521       0.00322768         contract inside
  eval: e=0.0032  p=[0.978  0.173  0.863  0.117  1.002  0.502 -0.858]
  eval: e=0.0032  p=[0.978  0.173  0.863  0.117  1.002  0.502 -0.858]
   997         1523       0.00322768         contract inside
  eval: e=0.0032  p=[0.977  0.173  0.863  0.117  1.002  0.502 -0.858]
  eval: e=0.0032  p=[0.978  0.173  0.863  0.117  1.002  0.502 -0.858]
   998         1525       0.00322768         contract inside
  eval: e=0.0032  p=[0.977  0.173  0.863  0.117  1.002  0.502 -0.858]
  eval: e=0.0032  p=[0.978  0.173  0.863  0.117  1.002  0.502 -0.858]
   999         1527       0.00322768         contract inside
  eval: e=0.0032  p=[0.977  0.173  0.863  0.117  1.002  0.502 -0.858]
  eval: e=0.0032  p=[0.978  0.173  0.863  0.117  1.002  0.502 -0.858]
  1000         1529       0.00322768         contract inside
  eval: e=0.0032  p=[0.978  0.173  0.863  0.117  1.002  0.502 -0.858]
  eval: e=0.0032  p=[0.978  0.173  0.863  0.117  1.002  0.502 -0.858]
  1001         1531       0.00322768         contract inside
  eval: e=0.0032  p=[0.978  0.173  0.863  0.117  1.002  0.502 -0.858]
  eval: e=0.0032  p=[0.978  0.173  0.863  0.117  1.002  0.502 -0.858]
  1002         1533       0.00322768         contract inside
  eval: e=0.0032  p=[0.977  0.173  0.863  0.117  1.002  0.502 -0.858]
  eval: e=0.0032  p=[0.978  0.173  0.863  0.117  1.002  0.502 -0.858]
  1003         1535       0.00322768         contract inside
  eval: e=0.0032  p=[0.977  0.173  0.863  0.117  1.002  0.502 -0.858]
  eval: e=0.0032  p=[0.978  0.173  0.863  0.117  1.002  0.502 -0.858]
  eval: e=0.0032  p=[0.977  0.173  0.863  0.117  1.002  0.502 -0.858]
  eval: e=0.0032  p=[0.978  0.173  0.863  0.117  1.002  0.502 -0.858]
  eval: e=0.0032  p=[0.978  0.173  0.863  0.117  1.002  0.502 -0.858]
  eval: e=0.0032  p=[0.978  0.173  0.863  0.117  1.002  0.502 -0.858]
  eval: e=0.0032  p=[0.978  0.173  0.863  0.117  1.002  0.502 -0.858]
  eval: e=0.0032  p=[0.978  0.173  0.863  0.117  1.002  0.502 -0.858]
  eval: e=0.0032  p=[0.978  0.173  0.863  0.117  1.002  0.502 -0.858]
  1004         1544       0.00322768         shrink
  eval: e=0.0032  p=[0.978  0.173  0.863  0.117  1.002  0.502 -0.858]
  1005         1545       0.00322768         reflect
  eval: e=0.0032  p=[0.978  0.173  0.863  0.117  1.002  0.502 -0.858]
  1006         1546       0.00322768         reflect
  eval: e=0.0032  p=[0.978  0.172  0.863  0.117  1.002  0.502 -0.858]
  1007         1547       0.00322768         reflect
  eval: e=0.0032  p=[0.978  0.173  0.863  0.117  1.002  0.502 -0.858]
  eval: e=0.0032  p=[0.978  0.173  0.863  0.117  1.002  0.502 -0.858]
  1008         1549       0.00322768         contract inside
  eval: e=0.0032  p=[0.978  0.173  0.863  0.117  1.002  0.502 -0.858]
  1009         1550       0.00322768         reflect
  eval: e=0.0032  p=[0.978  0.173  0.863  0.117  1.002  0.502 -0.858]
  1010         1551       0.00322768         reflect
  eval: e=0.0032  p=[0.978  0.173  0.863  0.117  1.002  0.502 -0.858]
  1011         1552       0.00322768         reflect
  eval: e=0.0032  p=[0.978  0.173  0.863  0.117  1.002  0.502 -0.858]
  eval: e=0.0032  p=[0.978  0.172  0.863  0.117  1.002  0.502 -0.858]
  1012         1554       0.00322766         reflect
  eval: e=0.0032  p=[0.978  0.172  0.863  0.117  1.002  0.502 -0.858]
  1013         1555       0.00322766         reflect
  eval: e=0.0032  p=[0.978  0.173  0.863  0.117  1.002  0.502 -0.858]
  eval: e=0.0032  p=[0.978  0.172  0.863  0.117  1.002  0.502 -0.858]
  1014         1557       0.00322761         reflect
  eval: e=0.0032  p=[0.978  0.173  0.863  0.117  1.002  0.502 -0.858]
  eval: e=0.0032  p=[0.978  0.173  0.863  0.117  1.002  0.502 -0.858]
  eval: e=0.0032  p=[0.978  0.173  0.863  0.117  1.002  0.502 -0.858]
  eval: e=0.0032  p=[0.978  0.173  0.863  0.117  1.002  0.502 -0.858]
  eval: e=0.0032  p=[0.978  0.173  0.863  0.117  1.002  0.502 -0.858]
  eval: e=0.0032  p=[0.978  0.173  0.863  0.117  1.002  0.502 -0.858]
  eval: e=0.0032  p=[0.978  0.173  0.863  0.117  1.002  0.502 -0.858]
  eval: e=0.0032  p=[0.978  0.173  0.863  0.117  1.002  0.502 -0.858]
  eval: e=0.0032  p=[0.978  0.173  0.863  0.117  1.002  0.502 -0.858]
  1015         1566       0.00322758         shrink
  eval: e=0.0032  p=[0.978  0.173  0.863  0.117  1.002  0.502 -0.858]
  1016         1567       0.00322758         reflect
  eval: e=0.0032  p=[0.978  0.172  0.863  0.117  1.002  0.502 -0.858]
  1017         1568       0.00322758         reflect
  eval: e=0.0032  p=[0.978  0.172  0.863  0.117  1.002  0.502 -0.858]
  1018         1569       0.00322758         reflect
  eval: e=0.0032  p=[0.978  0.173  0.863  0.117  1.002  0.502 -0.858]
  eval: e=0.0032  p=[0.978  0.173  0.863  0.117  1.002  0.502 -0.858]
  eval: e=0.0032  p=[0.978  0.173  0.863  0.117  1.002  0.502 -0.858]
  eval: e=0.0032  p=[0.978  0.173  0.863  0.117  1.002  0.502 -0.858]
  eval: e=0.0032  p=[0.978  0.173  0.863  0.117  1.002  0.502 -0.858]
  eval: e=0.0032  p=[0.978  0.173  0.863  0.117  1.002  0.502 -0.858]
  eval: e=0.0032  p=[0.978  0.173  0.863  0.117  1.002  0.502 -0.858]
  eval: e=0.0032  p=[0.978  0.173  0.863  0.117  1.002  0.502 -0.858]
  eval: e=0.0032  p=[0.978  0.173  0.863  0.117  1.002  0.502 -0.858]
  1019         1578       0.00322755         shrink
 
Optimization terminated:
 the current x satisfies the termination criteria using OPTIONS.TolX of 1.000000e-04 
 and F(X) satisfies the convergence criteria using OPTIONS.TolFun of 1.000000e-06 

=== Fit complete: error=0.003228  AIC=-5601.6 ===
