  eval: e=0.8084  p=[0.500 0.500 0.750 0.020 0.500 0.500 0.500]
 
 Iteration   Func-count         f(x)         Procedure
     0            1         0.808401         
  eval: e=0.8112  p=[0.525 0.500 0.750 0.020 0.500 0.500 0.500]
  eval: e=0.8396  p=[0.500 0.525 0.750 0.020 0.500 0.500 0.500]
  eval: e=0.8212  p=[0.500 0.500 0.788 0.020 0.500 0.500 0.500]
  eval: e=0.8082  p=[0.500 0.500 0.750 0.021 0.500 0.500 0.500]
  eval: e=1.2911  p=[0.500 0.500 0.750 0.020 0.525 0.500 0.500]
  eval: e=0.6591  p=[0.500 0.500 0.750 0.020 0.500 0.525 0.500]
  eval: e=0.8135  p=[0.500 0.500 0.750 0.020 0.500 0.500 0.525]
     1            8         0.659114         initial simplex
  eval: e=0.4931  p=[0.507 0.507 0.761 0.020 0.475 0.507 0.507]
  eval: e=0.3265  p=[0.511 0.511 0.766 0.020 0.450 0.511 0.511]
     2           10         0.326541         expand
  eval: e=0.5588  p=[0.510 0.478 0.765 0.020 0.486 0.510 0.510]
     3           11         0.326541         reflect
  eval: e=0.5139  p=[0.513 0.497 0.721 0.021 0.482 0.513 0.513]
     4           12         0.326541         reflect
  eval: e=0.4612  p=[0.517 0.496 0.751 0.021 0.476 0.517 0.485]
     5           13         0.326541         reflect
  eval: e=0.4008  p=[0.490 0.495 0.751 0.021 0.470 0.522 0.505]
     6           14         0.326541         reflect
  eval: e=0.3403  p=[0.512 0.493 0.751 0.021 0.461 0.528 0.507]
     7           15         0.326541         reflect
  eval: e=0.2829  p=[0.515 0.491 0.752 0.020 0.450 0.536 0.509]
  eval: e=0.2097  p=[0.522 0.487 0.753 0.020 0.425 0.554 0.513]
     8           17         0.209738         expand
  eval: e=0.2373  p=[0.521 0.487 0.752 0.021 0.428 0.519 0.513]
     9           18         0.209738         reflect
  eval: e=0.2233  p=[0.514 0.512 0.733 0.021 0.426 0.536 0.503]
    10           19         0.209738         reflect
  eval: e=0.2021  p=[0.512 0.498 0.781 0.021 0.414 0.540 0.497]
  eval: e=0.1716  p=[0.511 0.498 0.810 0.021 0.381 0.554 0.490]
    11           21         0.171646         expand
  eval: e=0.1787  p=[0.506 0.499 0.768 0.021 0.392 0.547 0.527]
    12           22         0.171646         reflect
  eval: e=0.1704  p=[0.538 0.502 0.773 0.021 0.377 0.549 0.513]
  eval: e=0.1633  p=[0.562 0.505 0.784 0.020 0.331 0.563 0.516]
    13           24         0.163345         expand
  eval: e=0.1640  p=[0.531 0.507 0.782 0.020 0.348 0.553 0.514]
    14           25         0.163345         reflect
  eval: e=0.1633  p=[0.537 0.488 0.772 0.021 0.330 0.582 0.511]
  eval: e=0.1694  p=[0.550 0.477 0.775 0.021 0.271 0.618 0.511]
    15           27         0.163304         reflect
  eval: e=0.1638  p=[0.531 0.512 0.791 0.020 0.324 0.592 0.509]
    16           28         0.163304         reflect
  eval: e=0.1661  p=[0.543 0.487 0.827 0.020 0.297 0.591 0.520]
    17           29         0.163304         reflect
  eval: e=0.1699  p=[0.541 0.512 0.829 0.021 0.262 0.584 0.511]
    18           30         0.163304         reflect
  eval: e=0.1708  p=[0.567 0.503 0.831 0.020 0.257 0.601 0.493]
    19           31         0.163304         reflect
  eval: e=0.1736  p=[0.579 0.506 0.794 0.020 0.234 0.608 0.532]
  eval: e=0.1635  p=[0.528 0.500 0.806 0.021 0.344 0.567 0.500]
    20           33         0.163304         contract inside
  eval: e=0.1723  p=[0.511 0.500 0.767 0.021 0.382 0.551 0.530]
  eval: e=0.1669  p=[0.553 0.503 0.815 0.020 0.288 0.589 0.502]
    21           35         0.163304         contract inside
  eval: e=0.1710  p=[0.541 0.488 0.765 0.019 0.385 0.570 0.509]
  eval: e=0.1663  p=[0.541 0.506 0.813 0.021 0.293 0.580 0.511]
    22           37         0.163304         contract inside
  eval: e=0.1650  p=[0.525 0.499 0.779 0.020 0.359 0.562 0.521]
    23           38         0.163304         reflect
  eval: e=0.1679  p=[0.533 0.493 0.770 0.020 0.374 0.566 0.515]
  eval: e=0.1644  p=[0.539 0.503 0.802 0.020 0.313 0.577 0.512]
    24           40         0.163304         contract inside
  eval: e=0.1694  p=[0.529 0.517 0.749 0.021 0.374 0.551 0.504]
  eval: e=0.1642  p=[0.540 0.494 0.808 0.020 0.316 0.581 0.516]
    25           42         0.163304         contract inside
  eval: e=0.1657  p=[0.551 0.504 0.806 0.020 0.300 0.585 0.502]
  eval: e=0.1635  p=[0.532 0.500 0.785 0.020 0.345 0.568 0.516]
    26           44         0.163304         contract inside
  eval: e=0.1642  p=[0.536 0.499 0.778 0.020 0.355 0.568 0.511]
  eval: e=0.1634  p=[0.536 0.500 0.784 0.020 0.345 0.570 0.512]
    27           46         0.163304         contract outside
  eval: e=0.1651  p=[0.534 0.509 0.765 0.021 0.360 0.561 0.506]
  eval: e=0.1635  p=[0.538 0.498 0.797 0.020 0.327 0.576 0.513]
    28           48         0.163304         contract inside
  eval: e=0.1639  p=[0.545 0.494 0.795 0.021 0.322 0.595 0.508]
  eval: e=0.1635  p=[0.541 0.497 0.792 0.020 0.328 0.585 0.510]
    29           50         0.163304         contract outside
  eval: e=0.1636  p=[0.547 0.485 0.786 0.021 0.347 0.554 0.514]
  eval: e=0.1633  p=[0.543 0.492 0.787 0.021 0.342 0.564 0.512]
    30           52         0.163304         contract outside
  eval: e=0.1634  p=[0.555 0.495 0.766 0.020 0.327 0.578 0.526]
    31           53         0.163304         reflect
  eval: e=0.1633  p=[0.550 0.496 0.766 0.021 0.343 0.570 0.516]
  eval: e=0.1637  p=[0.555 0.494 0.750 0.021 0.351 0.567 0.517]
    32           55         0.163279         reflect
  eval: e=0.1636  p=[0.549 0.496 0.764 0.020 0.346 0.557 0.522]
  eval: e=0.1633  p=[0.543 0.497 0.785 0.020 0.333 0.578 0.513]
    33           57         0.163279         contract inside
  eval: e=0.1634  p=[0.562 0.492 0.770 0.021 0.327 0.576 0.514]
    34           58         0.163279         reflect
  eval: e=0.1635  p=[0.540 0.497 0.791 0.021 0.345 0.566 0.501]
  eval: e=0.1633  p=[0.551 0.495 0.772 0.020 0.331 0.575 0.520]
    35           60         0.163279         contract inside
  eval: e=0.1636  p=[0.563 0.490 0.770 0.021 0.323 0.575 0.518]
  eval: e=0.1633  p=[0.543 0.498 0.780 0.020 0.339 0.571 0.513]
    36           62         0.163258         contract inside
  eval: e=0.1635  p=[0.532 0.500 0.786 0.020 0.344 0.568 0.515]
  eval: e=0.1633  p=[0.555 0.494 0.774 0.021 0.331 0.574 0.514]
    37           64         0.163258         contract inside
  eval: e=0.1631  p=[0.530 0.483 0.769 0.021 0.341 0.584 0.512]
  eval: e=0.1630  p=[0.513 0.472 0.761 0.021 0.346 0.594 0.510]
    38           66         0.162993         expand
  eval: e=0.1633  p=[0.540 0.491 0.758 0.020 0.331 0.592 0.515]
    39           67         0.162993         reflect
  eval: e=0.1630  p=[0.540 0.484 0.753 0.021 0.339 0.582 0.516]
    40           68         0.162993         reflect
  eval: e=0.1632  p=[0.546 0.491 0.761 0.020 0.344 0.577 0.518]
    41           69         0.162993         reflect
  eval: e=0.1635  p=[0.545 0.489 0.775 0.021 0.347 0.563 0.515]
  eval: e=0.1632  p=[0.541 0.490 0.763 0.021 0.335 0.585 0.515]
    42           71         0.162993         contract inside
  eval: e=0.1632  p=[0.531 0.483 0.759 0.021 0.348 0.583 0.510]
    43           72         0.162993         reflect
  eval: e=0.1631  p=[0.527 0.479 0.763 0.021 0.337 0.592 0.511]
    44           73         0.162993         reflect
  eval: e=0.1632  p=[0.515 0.477 0.752 0.021 0.351 0.593 0.512]
    45           74         0.162993         reflect
  eval: e=0.1628  p=[0.518 0.467 0.738 0.021 0.347 0.602 0.513]
  eval: e=0.1625  p=[0.505 0.452 0.716 0.021 0.350 0.617 0.513]
    46           76         0.162463         expand
  eval: e=0.1628  p=[0.503 0.462 0.744 0.021 0.344 0.607 0.506]
    47           77         0.162463         reflect
  eval: e=0.1629  p=[0.510 0.464 0.742 0.021 0.338 0.608 0.514]
    48           78         0.162463         reflect
  eval: e=0.1626  p=[0.491 0.449 0.732 0.021 0.352 0.613 0.508]
    49           79         0.162463         reflect
  eval: e=0.1629  p=[0.511 0.455 0.737 0.021 0.337 0.611 0.510]
    50           80         0.162463         reflect
  eval: e=0.1624  p=[0.494 0.446 0.719 0.021 0.350 0.617 0.511]
  eval: e=0.1619  p=[0.477 0.429 0.697 0.022 0.356 0.630 0.510]
    51           82         0.161901         expand
  eval: e=0.1621  p=[0.464 0.426 0.712 0.022 0.353 0.641 0.505]
    52           83         0.161901         reflect
  eval: e=0.1619  p=[0.476 0.425 0.690 0.022 0.349 0.642 0.510]
    53           84         0.161901         reflect
  eval: e=0.1617  p=[0.469 0.421 0.695 0.022 0.359 0.638 0.504]
  eval: e=0.1606  p=[0.448 0.400 0.672 0.022 0.370 0.653 0.499]
    54           86          0.16061         expand
  eval: e=0.1614  p=[0.450 0.414 0.681 0.022 0.370 0.647 0.505]
    55           87          0.16061         reflect
  eval: e=0.1599  p=[0.443 0.394 0.656 0.022 0.371 0.662 0.508]
  eval: e=0.1562  p=[0.413 0.360 0.612 0.023 0.385 0.690 0.509]
    56           89         0.156221         expand
  eval: e=0.1588  p=[0.432 0.381 0.634 0.023 0.371 0.678 0.506]
    57           90         0.156221         reflect
  eval: e=0.1574  p=[0.397 0.358 0.626 0.023 0.379 0.692 0.499]
    58           91         0.156221         reflect
  eval: e=0.1563  p=[0.420 0.364 0.605 0.023 0.384 0.682 0.506]
    59           92         0.156221         reflect
  eval: e=0.1542  p=[0.392 0.348 0.603 0.023 0.398 0.693 0.500]
  eval: e=0.1500  p=[0.350 0.310 0.559 0.024 0.423 0.718 0.495]
    60           94         0.150031         expand
  eval: e=0.1528  p=[0.354 0.310 0.557 0.024 0.410 0.730 0.495]
    61           95         0.150031         reflect
  eval: e=0.1556  p=[0.354 0.295 0.538 0.025 0.407 0.737 0.498]
    62           96         0.150031         reflect
  eval: e=0.1586  p=[0.329 0.279 0.508 0.025 0.419 0.755 0.504]
    63           97         0.150031         reflect
  eval: e=0.1576  p=[0.315 0.270 0.511 0.025 0.431 0.752 0.495]
    64           98         0.150031         reflect
  eval: e=0.1576  p=[0.414 0.368 0.637 0.023 0.386 0.674 0.496]
  eval: e=0.1546  p=[0.393 0.346 0.605 0.023 0.395 0.694 0.498]
    65          100         0.150031         contract outside
  eval: e=0.1604  p=[0.450 0.400 0.661 0.022 0.364 0.661 0.505]
  eval: e=0.1529  p=[0.349 0.302 0.548 0.024 0.414 0.729 0.498]
    66          102         0.150031         contract inside
  eval: e=0.1529  p=[0.355 0.295 0.524 0.025 0.426 0.730 0.500]
    67          103         0.150031         reflect
  eval: e=0.1561  p=[0.314 0.269 0.521 0.025 0.433 0.754 0.492]
    68          104         0.150031         reflect
  eval: e=0.1611  p=[0.293 0.248 0.489 0.026 0.446 0.765 0.484]
  eval: e=0.1531  p=[0.383 0.332 0.581 0.024 0.400 0.709 0.503]
    69          106         0.150031         contract inside
  eval: e=0.1553  p=[0.411 0.356 0.597 0.023 0.388 0.688 0.504]
    70          107         0.150031         reflect
  eval: e=0.1528  p=[0.387 0.348 0.597 0.023 0.409 0.691 0.500]
    71          108         0.150031         reflect
  eval: e=0.1520  p=[0.324 0.284 0.538 0.025 0.433 0.741 0.492]
    72          109         0.150031         reflect
  eval: e=0.1550  p=[0.322 0.277 0.511 0.025 0.438 0.748 0.497]
  eval: e=0.1523  p=[0.375 0.329 0.581 0.024 0.406 0.708 0.498]
    73          111         0.150031         contract inside
  eval: e=0.1511  p=[0.330 0.291 0.535 0.025 0.435 0.734 0.491]
    74          112         0.150031         reflect
  eval: e=0.1490  p=[0.358 0.317 0.563 0.024 0.426 0.715 0.494]
  eval: e=0.1478  p=[0.363 0.324 0.571 0.024 0.432 0.708 0.492]
    75          114         0.147847         expand
  eval: e=0.1517  p=[0.354 0.332 0.601 0.024 0.417 0.706 0.489]
    76          115         0.147847         reflect
  eval: e=0.1537  p=[0.313 0.275 0.530 0.025 0.436 0.750 0.486]
  eval: e=0.1508  p=[0.369 0.330 0.580 0.024 0.416 0.706 0.496]
    77          117         0.147847         contract inside
  eval: e=0.1473  p=[0.350 0.319 0.576 0.024 0.436 0.704 0.492]
  eval: e=0.1457  p=[0.348 0.324 0.585 0.025 0.449 0.691 0.490]
    78          119         0.145707         expand
  eval: e=0.1454  p=[0.321 0.298 0.553 0.025 0.453 0.722 0.487]
  eval: e=0.1435  p=[0.294 0.283 0.538 0.025 0.476 0.729 0.481]
    79          121         0.143536         expand
  eval: e=0.1501  p=[0.364 0.342 0.596 0.024 0.437 0.685 0.489]
    80          122         0.143536         reflect
  eval: e=0.1448  p=[0.336 0.298 0.531 0.025 0.460 0.714 0.492]
    81          123         0.143536         reflect
  eval: e=0.1492  p=[0.363 0.341 0.597 0.024 0.449 0.681 0.491]
    82          124         0.143536         reflect
  eval: e=0.1393  p=[0.322 0.305 0.556 0.025 0.478 0.701 0.484]
  eval: e=0.1338  p=[0.299 0.293 0.544 0.026 0.509 0.699 0.477]
    83          126          0.13385         expand
  eval: e=0.1453  p=[0.308 0.278 0.526 0.026 0.477 0.726 0.488]
    84          127          0.13385         reflect
  eval: e=0.1335  p=[0.310 0.302 0.553 0.026 0.506 0.696 0.480]
  eval: e=0.1245  p=[0.290 0.297 0.550 0.026 0.548 0.684 0.472]
    85          129         0.124524         expand
  eval: e=0.1478  p=[0.277 0.258 0.502 0.026 0.508 0.734 0.478]
    86          130         0.124524         reflect
  eval: e=0.1414  p=[0.252 0.256 0.508 0.027 0.547 0.714 0.473]
    87          131         0.124524         reflect
  eval: e=0.1406  p=[0.331 0.321 0.579 0.025 0.482 0.683 0.486]
    88          132         0.124524         reflect
  eval: e=0.1440  p=[0.255 0.255 0.494 0.027 0.551 0.723 0.473]
    89          133         0.124524         reflect
  eval: e=0.1260  p=[0.280 0.294 0.544 0.026 0.544 0.687 0.471]
    90          134         0.124524         reflect
  eval: e=0.1220  p=[0.236 0.274 0.542 0.027 0.585 0.692 0.460]
  eval: e=0.1165  p=[0.185 0.262 0.548 0.028 0.647 0.681 0.444]
    91          136          0.11645         expand
  eval: e=0.1409  p=[0.297 0.318 0.595 0.026 0.522 0.671 0.471]
    92          137          0.11645         reflect
  eval: e=0.1133  p=[0.259 0.300 0.567 0.028 0.609 0.648 0.460]
  eval: e=0.1260  p=[0.241 0.309 0.581 0.029 0.675 0.607 0.449]
    93          139         0.113283         reflect
  eval: e=0.1879  p=[0.302 0.340 0.614 0.026 0.556 0.643 0.464]
  eval: e=0.1290  p=[0.265 0.277 0.535 0.027 0.549 0.697 0.471]
    94          141         0.113283         contract inside
  eval: e=0.1302  p=[0.249 0.266 0.510 0.028 0.590 0.694 0.466]
    95          142         0.113283         reflect
  eval: e=0.1353  p=[0.191 0.247 0.506 0.029 0.660 0.686 0.446]
  eval: e=0.1231  p=[0.226 0.265 0.524 0.028 0.615 0.685 0.456]
    96          144         0.113283         contract outside
  eval: e=0.1131  p=[0.202 0.268 0.535 0.028 0.663 0.666 0.449]
  eval: e=0.1234  p=[0.154 0.255 0.530 0.030 0.740 0.649 0.434]
    97          146         0.113052         reflect
  eval: e=0.1160  p=[0.239 0.295 0.577 0.027 0.604 0.662 0.455]
    98          147         0.113052         reflect
  eval: e=0.1000  p=[0.216 0.289 0.564 0.028 0.659 0.650 0.445]
  eval: e=0.0902  p=[0.191 0.295 0.579 0.029 0.714 0.627 0.432]
    99          149        0.0901821         expand
  eval: e=0.0957  p=[0.175 0.272 0.564 0.029 0.713 0.642 0.435]
   100          150        0.0901821         reflect
  eval: e=0.1053  p=[0.132 0.262 0.563 0.030 0.757 0.633 0.422]
   101          151        0.0901821         reflect
  eval: e=0.0921  p=[0.169 0.293 0.599 0.029 0.730 0.617 0.429]
   102          152        0.0901821         reflect
  eval: e=0.1182  p=[0.205 0.305 0.590 0.029 0.721 0.603 0.436]
  eval: e=0.1046  p=[0.190 0.273 0.559 0.028 0.666 0.662 0.442]
   103          154        0.0901821         contract inside
  eval: e=0.1040  p=[0.137 0.266 0.556 0.030 0.783 0.622 0.422]
   104          155        0.0901821         reflect
  eval: e=0.1272  p=[0.083 0.251 0.563 0.031 0.827 0.629 0.406]
  eval: e=0.0981  p=[0.215 0.288 0.566 0.028 0.663 0.643 0.446]
   105          157        0.0901821         contract inside
  eval: e=0.0790  p=[0.143 0.289 0.604 0.030 0.773 0.604 0.417]
  eval: e=0.1299  p=[0.114 0.300 0.639 0.031 0.828 0.574 0.401]
   106          159        0.0789874         reflect
  eval: e=0.1113  p=[0.217 0.303 0.588 0.028 0.684 0.629 0.441]
  eval: e=0.0930  p=[0.153 0.272 0.569 0.030 0.739 0.632 0.427]
   107          161        0.0789874         contract inside
  eval: e=0.0724  p=[0.148 0.292 0.595 0.030 0.796 0.592 0.417]
  eval: e=0.1140  p=[0.127 0.301 0.613 0.031 0.860 0.557 0.404]
   108          163        0.0724007         reflect
  eval: e=0.1402  p=[0.204 0.306 0.608 0.028 0.682 0.623 0.436]
  eval: e=0.0876  p=[0.154 0.276 0.569 0.030 0.758 0.622 0.425]
   109          165        0.0724007         contract inside
  eval: e=0.0756  p=[0.109 0.281 0.600 0.031 0.828 0.596 0.405]
   110          166        0.0724007         reflect
  eval: e=0.0872  p=[0.130 0.298 0.612 0.030 0.812 0.584 0.409]
   111          167        0.0724007         reflect
  eval: e=0.1397  p=[0.145 0.306 0.619 0.030 0.807 0.580 0.411]
  eval: e=0.0817  p=[0.151 0.281 0.582 0.030 0.756 0.619 0.423]
   112          169        0.0724007         contract inside
  eval: e=0.0764  p=[0.124 0.282 0.583 0.031 0.824 0.595 0.408]
   113          170        0.0724007         reflect
  eval: e=0.0786  p=[0.083 0.276 0.605 0.032 0.870 0.577 0.398]
   114          171        0.0724007         reflect
  eval: e=0.0813  p=[0.100 0.295 0.625 0.031 0.859 0.568 0.396]
   115          172        0.0724007         reflect
  eval: e=0.0869  p=[0.115 0.271 0.587 0.031 0.818 0.603 0.409]
  eval: e=0.0772  p=[0.119 0.278 0.593 0.031 0.817 0.598 0.409]
   116          174        0.0724007         contract outside
  eval: e=0.0689  p=[0.085 0.288 0.620 0.032 0.892 0.561 0.391]
  eval: e=0.0957  p=[0.052 0.292 0.639 0.033 0.960 0.532 0.375]
   117          176        0.0688653         reflect
  eval: e=0.0888  p=[0.132 0.272 0.575 0.030 0.798 0.610 0.416]
  eval: e=0.0693  p=[0.108 0.289 0.613 0.031 0.844 0.579 0.401]
   118          178        0.0688653         contract inside
  eval: e=0.0792  p=[0.078 0.278 0.599 0.032 0.904 0.567 0.392]
  eval: e=0.0715  p=[0.127 0.286 0.603 0.030 0.806 0.595 0.410]
   119          180        0.0688653         contract inside
  eval: e=0.0768  p=[0.151 0.295 0.596 0.030 0.789 0.599 0.414]
   120          181        0.0688653         reflect
  eval: e=0.0784  p=[0.124 0.297 0.610 0.031 0.834 0.578 0.404]
  eval: e=0.0720  p=[0.120 0.283 0.597 0.031 0.821 0.593 0.408]
   121          183        0.0688653         contract inside
  eval: e=0.0767  p=[0.083 0.277 0.607 0.032 0.871 0.576 0.397]
  eval: e=0.0718  p=[0.100 0.281 0.604 0.031 0.851 0.581 0.402]
   122          185        0.0688653         contract outside
  eval: e=0.0741  p=[0.104 0.290 0.625 0.031 0.844 0.575 0.402]
   123          186        0.0688653         reflect
  eval: e=0.0812  p=[0.117 0.294 0.617 0.031 0.844 0.569 0.404]
  eval: e=0.0709  p=[0.111 0.284 0.604 0.031 0.832 0.589 0.405]
   124          188        0.0688653         contract inside
  eval: e=0.0747  p=[0.125 0.283 0.585 0.031 0.825 0.593 0.408]
  eval: e=0.0696  p=[0.109 0.288 0.615 0.031 0.839 0.580 0.404]
   125          190        0.0688653         contract inside
  eval: e=0.0741  p=[0.069 0.280 0.621 0.032 0.886 0.573 0.389]
  eval: e=0.0694  p=[0.128 0.289 0.602 0.030 0.818 0.587 0.410]
   126          192        0.0688653         contract inside
  eval: e=0.0710  p=[0.099 0.290 0.620 0.031 0.859 0.571 0.399]
   127          193        0.0688653         reflect
  eval: e=0.0791  p=[0.119 0.294 0.618 0.031 0.832 0.579 0.404]
  eval: e=0.0691  p=[0.105 0.285 0.607 0.031 0.846 0.581 0.402]
   128          195        0.0688653         contract inside
  eval: e=0.0690  p=[0.086 0.289 0.620 0.031 0.889 0.562 0.393]
   129          196        0.0688653         reflect
  eval: e=0.0695  p=[0.110 0.285 0.603 0.031 0.843 0.583 0.403]
   130          197        0.0688653         reflect
  eval: e=0.0723  p=[0.098 0.291 0.619 0.031 0.874 0.563 0.396]
  eval: e=0.0689  p=[0.108 0.286 0.608 0.031 0.843 0.583 0.403]
   131          199        0.0688653         contract inside
  eval: e=0.0682  p=[0.099 0.286 0.606 0.031 0.868 0.573 0.398]
  eval: e=0.0697  p=[0.095 0.286 0.601 0.032 0.882 0.570 0.395]
   132          201        0.0681709         reflect
  eval: e=0.0700  p=[0.096 0.290 0.618 0.031 0.871 0.567 0.396]
  eval: e=0.0683  p=[0.106 0.286 0.607 0.031 0.850 0.579 0.402]
   133          203        0.0681709         contract inside
  eval: e=0.0691  p=[0.071 0.285 0.622 0.032 0.905 0.561 0.387]
   134          204        0.0681709         reflect
  eval: e=0.0695  p=[0.081 0.284 0.613 0.032 0.897 0.564 0.392]
  eval: e=0.0682  p=[0.101 0.288 0.613 0.031 0.857 0.575 0.399]
   135          206        0.0681709         contract inside
  eval: e=0.0690  p=[0.126 0.288 0.602 0.031 0.822 0.586 0.409]
   136          207        0.0681709         reflect
  eval: e=0.0684  p=[0.098 0.290 0.614 0.031 0.874 0.568 0.396]
   137          208        0.0681709         reflect
  eval: e=0.0695  p=[0.121 0.286 0.599 0.031 0.827 0.588 0.406]
  eval: e=0.0679  p=[0.095 0.288 0.615 0.031 0.873 0.568 0.396]
   138          210        0.0679431         contract inside
  eval: e=0.0689  p=[0.071 0.287 0.622 0.032 0.909 0.559 0.386]
   139          211        0.0679431         reflect
  eval: e=0.0698  p=[0.080 0.290 0.620 0.032 0.907 0.555 0.388]
  eval: e=0.0681  p=[0.101 0.287 0.611 0.031 0.859 0.576 0.399]
   140          213        0.0679431         contract inside
  eval: e=0.0686  p=[0.124 0.289 0.602 0.031 0.826 0.584 0.408]
   141          214        0.0679431         reflect
  eval: e=0.0693  p=[0.122 0.287 0.599 0.031 0.825 0.588 0.408]
  eval: e=0.0679  p=[0.094 0.288 0.615 0.031 0.875 0.568 0.395]
   142          216        0.0679121         contract inside
  eval: e=0.0688  p=[0.074 0.287 0.620 0.032 0.904 0.561 0.388]
  eval: e=0.0678  p=[0.112 0.288 0.607 0.031 0.846 0.578 0.403]
   143          218        0.0678451         contract inside
  eval: e=0.0692  p=[0.104 0.285 0.607 0.031 0.848 0.581 0.402]
  eval: e=0.0678  p=[0.100 0.289 0.612 0.031 0.868 0.571 0.398]
   144          220        0.0677534         contract inside
  eval: e=0.0684  p=[0.094 0.289 0.615 0.031 0.877 0.566 0.395]
  eval: e=0.0679  p=[0.103 0.287 0.609 0.031 0.857 0.576 0.400]
   145          222        0.0677534         contract inside
  eval: e=0.0674  p=[0.100 0.287 0.609 0.031 0.870 0.571 0.398]
  eval: e=0.0672  p=[0.099 0.287 0.607 0.031 0.877 0.569 0.397]
   146          224        0.0672494         expand
  eval: e=0.0686  p=[0.101 0.289 0.616 0.031 0.862 0.571 0.399]
  eval: e=0.0677  p=[0.100 0.287 0.608 0.031 0.866 0.573 0.398]
   147          226        0.0672494         contract inside
  eval: e=0.0673  p=[0.100 0.289 0.610 0.031 0.873 0.568 0.397]
   148          227        0.0672494         reflect
  eval: e=0.0674  p=[0.108 0.287 0.604 0.031 0.859 0.575 0.400]
   149          228        0.0672494         reflect
  eval: e=0.0675  p=[0.112 0.287 0.602 0.031 0.852 0.578 0.403]
   150          229        0.0672494         reflect
  eval: e=0.0668  p=[0.105 0.289 0.605 0.031 0.869 0.570 0.399]
  eval: e=0.0664  p=[0.107 0.290 0.603 0.031 0.875 0.567 0.399]
   151          231        0.0664304         expand
  eval: e=0.0672  p=[0.096 0.288 0.606 0.031 0.888 0.565 0.395]
   152          232        0.0664304         reflect
  eval: e=0.0672  p=[0.106 0.287 0.599 0.031 0.872 0.570 0.399]
   153          233        0.0664304         reflect
  eval: e=0.0662  p=[0.108 0.289 0.601 0.031 0.875 0.568 0.399]
  eval: e=0.0656  p=[0.112 0.289 0.597 0.031 0.880 0.565 0.400]
   154          235        0.0655666         expand
  eval: e=0.0669  p=[0.096 0.289 0.606 0.032 0.898 0.559 0.394]
   155          236        0.0655666         reflect
  eval: e=0.0667  p=[0.097 0.289 0.604 0.032 0.902 0.557 0.394]
   156          237        0.0655666         reflect
  eval: e=0.0665  p=[0.104 0.288 0.596 0.032 0.896 0.561 0.396]
   157          238        0.0655666         reflect
  eval: e=0.0658  p=[0.106 0.290 0.597 0.032 0.898 0.558 0.396]
   158          239        0.0655666         reflect
  eval: e=0.0675  p=[0.098 0.291 0.603 0.032 0.910 0.553 0.393]
  eval: e=0.0666  p=[0.104 0.288 0.600 0.031 0.882 0.566 0.398]
   159          241        0.0655666         contract inside
  eval: e=0.0653  p=[0.112 0.290 0.595 0.031 0.892 0.560 0.399]
  eval: e=0.0644  p=[0.120 0.292 0.589 0.031 0.894 0.557 0.401]
   160          243        0.0644104         expand
  eval: e=0.0650  p=[0.118 0.290 0.590 0.031 0.881 0.564 0.401]
   161          244        0.0644104         reflect
  eval: e=0.0651  p=[0.123 0.290 0.588 0.031 0.871 0.569 0.403]
   162          245        0.0644104         reflect
  eval: e=0.0643  p=[0.121 0.292 0.588 0.031 0.888 0.560 0.401]
  eval: e=0.0634  p=[0.129 0.293 0.582 0.031 0.891 0.557 0.403]
   163          247        0.0634129         expand
  eval: e=0.0643  p=[0.129 0.293 0.588 0.031 0.873 0.564 0.404]
   164          248        0.0634129         reflect
  eval: e=0.0628  p=[0.133 0.293 0.577 0.031 0.893 0.557 0.404]
  eval: e=0.0612  p=[0.145 0.294 0.564 0.031 0.902 0.552 0.406]
   165          250        0.0611627         expand
  eval: e=0.0620  p=[0.145 0.293 0.574 0.031 0.871 0.564 0.409]
   166          251        0.0611627         reflect
  eval: e=0.0610  p=[0.148 0.295 0.568 0.031 0.887 0.557 0.408]
  eval: e=0.0585  p=[0.166 0.298 0.553 0.031 0.890 0.553 0.412]
   167          253        0.0584912         expand
  eval: e=0.0613  p=[0.149 0.297 0.566 0.031 0.901 0.549 0.408]
   168          254        0.0584912         reflect
  eval: e=0.0593  p=[0.163 0.298 0.558 0.031 0.896 0.549 0.411]
   169          255        0.0584912         reflect
  eval: e=0.0574  p=[0.174 0.299 0.550 0.031 0.885 0.553 0.415]
  eval: e=0.0542  p=[0.201 0.302 0.531 0.031 0.881 0.552 0.422]
   170          257        0.0542375         expand
  eval: e=0.0558  p=[0.185 0.300 0.534 0.031 0.908 0.543 0.416]
   171          258        0.0542375         reflect
  eval: e=0.0544  p=[0.200 0.302 0.526 0.031 0.894 0.546 0.421]
   172          259        0.0542375         reflect
  eval: e=0.0527  p=[0.200 0.304 0.521 0.032 0.921 0.534 0.418]
  eval: e=0.0483  p=[0.228 0.310 0.494 0.032 0.946 0.519 0.422]
   173          261        0.0483228         expand
  eval: e=0.0534  p=[0.219 0.304 0.508 0.031 0.904 0.540 0.424]
   174          262        0.0483228         reflect
  eval: e=0.0480  p=[0.243 0.310 0.494 0.031 0.903 0.534 0.430]
  eval: e=0.0466  p=[0.292 0.318 0.459 0.031 0.904 0.525 0.443]
   175          264        0.0465581         expand
  eval: e=0.0533  p=[0.263 0.311 0.472 0.031 0.911 0.531 0.435]
   176          265        0.0465581         reflect
  eval: e=0.0492  p=[0.288 0.316 0.454 0.031 0.924 0.521 0.440]
   177          266        0.0465581         reflect
  eval: e=0.0504  p=[0.298 0.318 0.450 0.031 0.910 0.523 0.443]
   178          267        0.0465581         reflect
  eval: e=0.0475  p=[0.311 0.321 0.436 0.031 0.928 0.514 0.444]
   179          268        0.0465581         reflect
  eval: e=0.0466  p=[0.342 0.326 0.404 0.031 0.956 0.498 0.450]
   180          269        0.0465581         reflect
  eval: e=0.0458  p=[0.359 0.330 0.397 0.031 0.947 0.497 0.455]
  eval: e=0.0479  p=[0.429 0.343 0.342 0.031 0.969 0.475 0.470]
   181          271        0.0458279         reflect
  eval: e=0.0377  p=[0.342 0.329 0.412 0.031 0.950 0.497 0.450]
  eval: e=0.0309  p=[0.382 0.337 0.382 0.031 0.970 0.481 0.458]
   182          273        0.0308945         expand
  eval: e=0.0344  p=[0.331 0.327 0.415 0.032 0.969 0.492 0.446]
   183          274        0.0308945         reflect
  eval: e=0.0322  p=[0.353 0.332 0.399 0.032 0.968 0.487 0.451]
   184          275        0.0308945         reflect
  eval: e=0.0625  p=[0.449 0.345 0.333 0.031 0.951 0.480 0.476]
  eval: e=0.0399  p=[0.283 0.319 0.453 0.032 0.947 0.509 0.436]
   185          277        0.0308945         contract inside
  eval: e=0.0310  p=[0.358 0.333 0.396 0.032 0.975 0.483 0.452]
   186          278        0.0308945         reflect
  eval: e=0.0334  p=[0.332 0.330 0.425 0.031 0.953 0.494 0.447]
   187          279        0.0308945         reflect
  eval: e=0.0323  p=[0.393 0.342 0.360 0.032 1.018 0.458 0.456]
   188          280        0.0308945         reflect
  eval: e=0.0525  p=[0.336 0.333 0.411 0.032 0.995 0.476 0.444]
  eval: e=0.0366  p=[0.353 0.331 0.401 0.031 0.959 0.492 0.452]
   189          282        0.0308945         contract inside
  eval: e=0.0264  p=[0.432 0.348 0.340 0.032 0.999 0.459 0.468]
  eval: e=0.0258  p=[0.506 0.362 0.283 0.032 1.024 0.433 0.483]
   190          284        0.0258383         expand
  eval: e=0.0323  p=[0.406 0.345 0.359 0.032 1.005 0.459 0.460]
   191          285        0.0258383         reflect
  eval: e=0.0283  p=[0.450 0.353 0.330 0.032 1.006 0.449 0.471]
   192          286        0.0258383         reflect
  eval: e=0.0261  p=[0.482 0.357 0.292 0.032 1.038 0.434 0.476]
   193          287        0.0258383         reflect
  eval: e=0.0296  p=[0.446 0.350 0.337 0.031 0.977 0.463 0.473]
   194          288        0.0258383         reflect
  eval: e=0.0338  p=[0.445 0.348 0.332 0.031 0.983 0.464 0.472]
  eval: e=0.0276  p=[0.415 0.345 0.352 0.032 0.999 0.460 0.463]
   195          290        0.0258383         contract inside
  eval: e=0.0266  p=[0.515 0.364 0.278 0.032 1.029 0.428 0.485]
   196          291        0.0258383         reflect
  eval: e=0.0282  p=[0.555 0.372 0.249 0.032 1.038 0.417 0.493]
   197          292        0.0258383         reflect
  eval: e=0.0349  p=[0.580 0.378 0.225 0.032 1.062 0.401 0.498]
  eval: e=0.0267  p=[0.431 0.347 0.343 0.032 0.993 0.461 0.468]
   198          294        0.0258383         contract inside
  eval: e=0.0352  p=[0.512 0.365 0.270 0.032 1.059 0.418 0.481]
  eval: e=0.0260  p=[0.463 0.353 0.321 0.032 0.998 0.452 0.475]
   199          296        0.0258383         contract inside
  eval: e=0.0276  p=[0.512 0.361 0.276 0.032 1.028 0.433 0.485]
   200          297        0.0258383         reflect
  eval: e=0.0286  p=[0.395 0.339 0.364 0.032 0.993 0.469 0.460]
  eval: e=0.0261  p=[0.515 0.364 0.278 0.032 1.027 0.430 0.485]
   201          299        0.0258383         contract inside
  eval: e=0.0301  p=[0.563 0.371 0.239 0.032 1.039 0.417 0.496]
  eval: e=0.0257  p=[0.452 0.352 0.324 0.032 1.009 0.450 0.471]
   202          301        0.0257473         contract inside
  eval: e=0.0275  p=[0.449 0.353 0.330 0.032 1.006 0.450 0.471]
  eval: e=0.0259  p=[0.465 0.355 0.316 0.032 1.011 0.446 0.474]
   203          303        0.0257473         contract outside
  eval: e=0.0287  p=[0.539 0.369 0.255 0.032 1.046 0.417 0.489]
  eval: e=0.0256  p=[0.458 0.353 0.321 0.032 1.006 0.450 0.473]
   204          305        0.0256057         contract inside
  eval: e=0.0263  p=[0.440 0.349 0.332 0.032 1.003 0.456 0.468]
  eval: e=0.0256  p=[0.458 0.353 0.318 0.032 1.010 0.449 0.473]
   205          307        0.0256057         contract outside
  eval: e=0.0256  p=[0.466 0.355 0.325 0.031 0.987 0.454 0.477]
  eval: e=0.0263  p=[0.458 0.355 0.342 0.031 0.961 0.464 0.477]
   206          309        0.0255713         reflect
  eval: e=0.0270  p=[0.419 0.345 0.353 0.032 0.986 0.465 0.466]
  eval: e=0.0254  p=[0.491 0.359 0.297 0.032 1.017 0.439 0.480]
   207          311        0.0254423         contract inside
  eval: e=0.0260  p=[0.479 0.358 0.304 0.032 1.021 0.440 0.477]
  eval: e=0.0256  p=[0.475 0.357 0.308 0.032 1.015 0.443 0.476]
   208          313        0.0254423         contract outside
  eval: e=0.0257  p=[0.480 0.357 0.306 0.032 1.008 0.445 0.478]
   209          314        0.0254423         reflect
  eval: e=0.0263  p=[0.431 0.348 0.345 0.032 0.991 0.461 0.468]
  eval: e=0.0254  p=[0.487 0.359 0.299 0.032 1.016 0.440 0.479]
   210          316        0.0254319         contract inside
  eval: e=0.0256  p=[0.495 0.360 0.297 0.031 1.007 0.442 0.482]
   211          317        0.0254319         reflect
  eval: e=0.0255  p=[0.472 0.356 0.313 0.032 1.008 0.445 0.476]
   212          318        0.0254319         reflect
  eval: e=0.0253  p=[0.497 0.361 0.298 0.031 1.006 0.440 0.483]
  eval: e=0.0255  p=[0.517 0.365 0.289 0.031 1.004 0.436 0.488]
   213          320        0.0253159         reflect
  eval: e=0.0260  p=[0.461 0.354 0.321 0.032 1.009 0.447 0.474]
  eval: e=0.0254  p=[0.487 0.359 0.303 0.032 1.007 0.443 0.480]
   214          322        0.0253159         contract inside
  eval: e=0.0255  p=[0.506 0.363 0.291 0.031 1.010 0.437 0.484]
   215          323        0.0253159         reflect
  eval: e=0.0266  p=[0.510 0.363 0.277 0.032 1.036 0.428 0.483]
  eval: e=0.0254  p=[0.477 0.357 0.313 0.031 0.999 0.448 0.478]
   216          325        0.0253159         contract inside
  eval: e=0.0253  p=[0.501 0.362 0.296 0.031 1.003 0.441 0.484]
   217          326        0.0253159         reflect
  eval: e=0.0256  p=[0.513 0.364 0.286 0.031 1.008 0.437 0.486]
  eval: e=0.0254  p=[0.482 0.358 0.306 0.032 1.008 0.443 0.479]
   218          328        0.0253159         contract inside
  eval: e=0.0255  p=[0.472 0.355 0.312 0.032 1.006 0.447 0.476]
  eval: e=0.0253  p=[0.497 0.361 0.297 0.031 1.009 0.440 0.482]
   219          330        0.0253159         contract inside
  eval: e=0.0253  p=[0.489 0.360 0.307 0.031 0.997 0.445 0.481]
  eval: e=0.0252  p=[0.488 0.360 0.312 0.031 0.988 0.449 0.482]
   220          332        0.0252451         expand
  eval: e=0.0251  p=[0.492 0.361 0.308 0.031 0.990 0.447 0.483]
  eval: e=0.0250  p=[0.495 0.362 0.313 0.031 0.977 0.450 0.484]
   221          334        0.0250218         expand
  eval: e=0.0251  p=[0.495 0.362 0.308 0.031 0.990 0.446 0.483]
   222          335        0.0250218         reflect
  eval: e=0.0251  p=[0.504 0.363 0.304 0.031 0.984 0.446 0.486]
   223          336        0.0250218         reflect
  eval: e=0.0251  p=[0.517 0.366 0.295 0.031 0.989 0.441 0.489]
   224          337        0.0250218         reflect
  eval: e=0.0250  p=[0.497 0.363 0.312 0.031 0.980 0.448 0.485]
  eval: e=0.0250  p=[0.495 0.363 0.319 0.031 0.969 0.452 0.485]
   225          339        0.0249971         reflect
  eval: e=0.0250  p=[0.500 0.364 0.315 0.031 0.966 0.452 0.487]
   226          340        0.0249971         reflect
  eval: e=0.0251  p=[0.501 0.364 0.318 0.031 0.958 0.454 0.488]
   227          341        0.0249971         reflect
  eval: e=0.0248  p=[0.515 0.367 0.307 0.031 0.968 0.447 0.490]
  eval: e=0.0246  p=[0.528 0.370 0.304 0.031 0.958 0.447 0.494]
   228          343        0.0246074         expand
  eval: e=0.0253  p=[0.509 0.364 0.296 0.031 0.998 0.440 0.486]
  eval: e=0.0250  p=[0.503 0.364 0.313 0.031 0.968 0.451 0.487]
   229          345        0.0246074         contract inside
  eval: e=0.0249  p=[0.517 0.367 0.309 0.031 0.959 0.450 0.491]
   230          346        0.0246074         reflect
  eval: e=0.0247  p=[0.513 0.367 0.313 0.031 0.959 0.451 0.490]
   231          347        0.0246074         reflect
  eval: e=0.0249  p=[0.499 0.365 0.328 0.031 0.945 0.458 0.488]
   232          348        0.0246074         reflect
  eval: e=0.0247  p=[0.514 0.367 0.311 0.031 0.961 0.449 0.490]
   233          349        0.0246074         reflect
  eval: e=0.0246  p=[0.526 0.370 0.312 0.030 0.946 0.451 0.495]
  eval: e=0.0244  p=[0.541 0.375 0.311 0.030 0.930 0.452 0.500]
   234          351        0.0243868         expand
  eval: e=0.0246  p=[0.536 0.373 0.314 0.030 0.928 0.454 0.498]
   235          352        0.0243868         reflect
  eval: e=0.0244  p=[0.539 0.374 0.313 0.030 0.929 0.452 0.499]
  eval: e=0.0242  p=[0.557 0.379 0.312 0.030 0.910 0.453 0.505]
   236          354         0.024222         expand
  eval: e=0.0246  p=[0.537 0.374 0.318 0.030 0.924 0.454 0.499]
   237          355         0.024222         reflect
  eval: e=0.0244  p=[0.566 0.380 0.296 0.030 0.932 0.445 0.505]
   238          356         0.024222         reflect
  eval: e=0.0241  p=[0.568 0.381 0.306 0.030 0.911 0.451 0.507]
  eval: e=0.0239  p=[0.595 0.389 0.302 0.029 0.887 0.451 0.516]
   239          358        0.0239168         expand
  eval: e=0.0239  p=[0.589 0.387 0.306 0.029 0.887 0.452 0.515]
  eval: e=0.0236  p=[0.626 0.397 0.304 0.029 0.850 0.454 0.527]
   240          360        0.0236027         expand
  eval: e=0.0238  p=[0.603 0.392 0.312 0.029 0.859 0.457 0.520]
   241          361        0.0236027         reflect
  eval: e=0.0238  p=[0.613 0.393 0.297 0.029 0.875 0.450 0.522]
   242          362        0.0236027         reflect
  eval: e=0.0240  p=[0.636 0.399 0.296 0.029 0.856 0.449 0.528]
   243          363        0.0236027         reflect
  eval: e=0.0237  p=[0.658 0.405 0.294 0.028 0.833 0.451 0.535]
   244          364        0.0236027         reflect
  eval: e=0.0241  p=[0.659 0.407 0.309 0.028 0.803 0.459 0.538]
   245          365        0.0236027         reflect
  eval: e=0.0242  p=[0.697 0.415 0.292 0.027 0.794 0.452 0.548]
  eval: e=0.0236  p=[0.662 0.406 0.297 0.028 0.823 0.453 0.538]
   246          367        0.0236027         contract outside
  eval: e=0.0241  p=[0.596 0.388 0.292 0.030 0.907 0.445 0.515]
  eval: e=0.0236  p=[0.643 0.402 0.305 0.028 0.829 0.456 0.532]
   247          369        0.0236027         contract inside
  eval: e=0.0235  p=[0.622 0.396 0.307 0.029 0.846 0.457 0.526]
  eval: e=0.0237  p=[0.614 0.394 0.312 0.029 0.841 0.460 0.524]
   248          371        0.0235296         reflect
  eval: e=0.0237  p=[0.670 0.408 0.302 0.028 0.803 0.457 0.541]
   249          372        0.0235296         reflect
  eval: e=0.0251  p=[0.668 0.409 0.309 0.028 0.794 0.459 0.541]
  eval: e=0.0236  p=[0.627 0.397 0.300 0.029 0.855 0.452 0.526]
   250          374        0.0235296         contract inside
  eval: e=0.0237  p=[0.685 0.411 0.290 0.028 0.809 0.451 0.544]
   251          375        0.0235296         reflect
  eval: e=0.0234  p=[0.638 0.400 0.307 0.028 0.828 0.458 0.532]
  eval: e=0.0235  p=[0.628 0.398 0.313 0.028 0.826 0.461 0.530]
   252          377        0.0234358         reflect
  eval: e=0.0237  p=[0.617 0.394 0.301 0.029 0.865 0.452 0.523]
   253          378        0.0234358         reflect
  eval: e=0.0239  p=[0.582 0.386 0.315 0.029 0.876 0.457 0.514]
  eval: e=0.0235  p=[0.659 0.405 0.297 0.028 0.825 0.453 0.537]
   254          380        0.0234358         contract inside
  eval: e=0.0236  p=[0.662 0.407 0.304 0.028 0.808 0.457 0.539]
   255          381        0.0234358         reflect
  eval: e=0.0236  p=[0.617 0.395 0.310 0.029 0.846 0.458 0.525]
   256          382        0.0234358         reflect
  eval: e=0.0236  p=[0.629 0.397 0.303 0.029 0.845 0.455 0.528]
  eval: e=0.0235  p=[0.640 0.401 0.304 0.028 0.833 0.456 0.531]
   257          384        0.0234358         contract inside
  eval: e=0.0238  p=[0.603 0.390 0.304 0.029 0.873 0.453 0.519]
  eval: e=0.0235  p=[0.648 0.403 0.304 0.028 0.824 0.456 0.534]
   258          386        0.0234358         contract inside
  eval: e=0.0235  p=[0.645 0.402 0.304 0.028 0.824 0.458 0.533]
   259          387        0.0234358         reflect
  eval: e=0.0235  p=[0.650 0.404 0.309 0.028 0.810 0.460 0.536]
   260          388        0.0234358         reflect
  eval: e=0.0236  p=[0.669 0.408 0.300 0.028 0.808 0.456 0.540]
  eval: e=0.0235  p=[0.630 0.398 0.307 0.028 0.837 0.457 0.529]
   261          390        0.0234358         contract inside
  eval: e=0.0236  p=[0.667 0.408 0.303 0.028 0.806 0.457 0.541]
  eval: e=0.0235  p=[0.633 0.399 0.306 0.028 0.836 0.457 0.529]
   262          392        0.0234358         contract inside
  eval: e=0.0235  p=[0.647 0.402 0.305 0.028 0.820 0.458 0.534]
   263          393        0.0234358         reflect
  eval: e=0.0235  p=[0.624 0.397 0.316 0.028 0.825 0.462 0.528]
  eval: e=0.0234  p=[0.633 0.399 0.311 0.028 0.825 0.460 0.530]
   264          395        0.0234358         contract outside
  eval: e=0.0235  p=[0.632 0.399 0.309 0.028 0.833 0.458 0.530]
  eval: e=0.0234  p=[0.636 0.400 0.308 0.028 0.829 0.458 0.531]
   265          397        0.0234348         contract outside
  eval: e=0.0234  p=[0.650 0.404 0.307 0.028 0.814 0.459 0.536]
   266          398        0.0234348         reflect
  eval: e=0.0235  p=[0.631 0.398 0.304 0.028 0.842 0.456 0.529]
  eval: e=0.0234  p=[0.645 0.402 0.308 0.028 0.818 0.459 0.534]
   267          400        0.0234187         contract inside
  eval: e=0.0235  p=[0.632 0.399 0.311 0.028 0.826 0.460 0.530]
  eval: e=0.0234  p=[0.644 0.402 0.306 0.028 0.825 0.457 0.533]
   268          402        0.0234187         contract inside
  eval: e=0.0234  p=[0.650 0.404 0.309 0.028 0.811 0.460 0.536]
   269          403        0.0234187         reflect
  eval: e=0.0235  p=[0.639 0.401 0.311 0.028 0.819 0.460 0.533]
  eval: e=0.0234  p=[0.644 0.402 0.306 0.028 0.822 0.458 0.533]
   270          405        0.0234187         contract inside
  eval: e=0.0235  p=[0.633 0.399 0.306 0.028 0.836 0.457 0.529]
  eval: e=0.0234  p=[0.646 0.402 0.308 0.028 0.817 0.459 0.534]
   271          407        0.0234187         contract inside
  eval: e=0.0235  p=[0.654 0.404 0.303 0.028 0.818 0.456 0.536]
  eval: e=0.0234  p=[0.638 0.400 0.309 0.028 0.824 0.459 0.532]
   272          409        0.0234187         contract inside
  eval: e=0.0234  p=[0.649 0.403 0.308 0.028 0.814 0.459 0.535]
   273          410        0.0234187         reflect
  eval: e=0.0234  p=[0.635 0.400 0.308 0.028 0.829 0.458 0.531]
   274          411        0.0234187         reflect
  eval: e=0.0234  p=[0.650 0.403 0.307 0.028 0.813 0.459 0.536]
  eval: e=0.0234  p=[0.646 0.402 0.308 0.028 0.817 0.459 0.534]
   275          413        0.0234187         contract outside
  eval: e=0.0234  p=[0.637 0.400 0.307 0.028 0.829 0.458 0.531]
  eval: e=0.0234  p=[0.646 0.402 0.308 0.028 0.818 0.459 0.534]
   276          415         0.023418         contract inside
  eval: e=0.0234  p=[0.653 0.404 0.307 0.028 0.811 0.459 0.536]
  eval: e=0.0234  p=[0.640 0.401 0.308 0.028 0.824 0.458 0.532]
   277          417        0.0234177         contract inside
  eval: e=0.0234  p=[0.643 0.402 0.310 0.028 0.815 0.460 0.534]
   278          418        0.0234177         reflect
  eval: e=0.0234  p=[0.643 0.402 0.310 0.028 0.815 0.460 0.534]
   279          419        0.0234177         reflect
  eval: e=0.0234  p=[0.644 0.402 0.307 0.028 0.823 0.458 0.533]
  eval: e=0.0234  p=[0.643 0.402 0.309 0.028 0.817 0.460 0.534]
   280          421        0.0234167         contract inside
  eval: e=0.0234  p=[0.644 0.402 0.306 0.028 0.823 0.458 0.533]
  eval: e=0.0234  p=[0.643 0.402 0.309 0.028 0.817 0.460 0.534]
   281          423        0.0234167         contract inside
  eval: e=0.0234  p=[0.650 0.404 0.307 0.028 0.813 0.459 0.536]
  eval: e=0.0234  p=[0.641 0.401 0.309 0.028 0.821 0.459 0.533]
   282          425        0.0234151         contract inside
  eval: e=0.0234  p=[0.641 0.401 0.308 0.028 0.821 0.459 0.533]
  eval: e=0.0234  p=[0.639 0.401 0.309 0.028 0.823 0.459 0.532]
   283          427        0.0234104         expand
  eval: e=0.0234  p=[0.638 0.400 0.309 0.028 0.823 0.459 0.532]
   284          428        0.0234104         reflect
  eval: e=0.0234  p=[0.638 0.400 0.309 0.028 0.823 0.459 0.532]
   285          429        0.0234104         reflect
  eval: e=0.0234  p=[0.635 0.400 0.310 0.028 0.825 0.460 0.531]
  eval: e=0.0234  p=[0.643 0.402 0.308 0.028 0.820 0.459 0.533]
   286          431        0.0234104         contract inside
  eval: e=0.0234  p=[0.642 0.401 0.310 0.028 0.817 0.460 0.533]
   287          432        0.0234104         reflect
  eval: e=0.0234  p=[0.638 0.400 0.309 0.028 0.824 0.459 0.532]
   288          433        0.0234104         reflect
  eval: e=0.0234  p=[0.636 0.400 0.309 0.028 0.826 0.459 0.531]
  eval: e=0.0234  p=[0.638 0.400 0.309 0.028 0.824 0.459 0.532]
   289          435        0.0234104         contract outside
  eval: e=0.0234  p=[0.642 0.401 0.309 0.028 0.820 0.459 0.533]
   290          436        0.0234104         reflect
  eval: e=0.0234  p=[0.639 0.401 0.309 0.028 0.822 0.459 0.532]
   291          437        0.0234104         reflect
  eval: e=0.0234  p=[0.642 0.402 0.309 0.028 0.818 0.460 0.533]
   292          438        0.0234104         reflect
  eval: e=0.0234  p=[0.643 0.402 0.309 0.028 0.818 0.459 0.533]
  eval: e=0.0234  p=[0.645 0.402 0.308 0.028 0.816 0.460 0.534]
   293          440        0.0234103         reflect
  eval: e=0.0234  p=[0.640 0.401 0.309 0.028 0.821 0.460 0.532]
  eval: e=0.0234  p=[0.639 0.401 0.309 0.028 0.821 0.460 0.532]
   294          442        0.0234098         reflect
  eval: e=0.0234  p=[0.638 0.400 0.310 0.028 0.821 0.460 0.532]
  eval: e=0.0234  p=[0.635 0.400 0.311 0.028 0.822 0.460 0.531]
   295          444        0.0234048         expand
  eval: e=0.0234  p=[0.637 0.400 0.308 0.028 0.825 0.459 0.531]
   296          445        0.0234048         reflect
  eval: e=0.0234  p=[0.641 0.401 0.309 0.028 0.819 0.460 0.532]
   297          446        0.0234048         reflect
  eval: e=0.0234  p=[0.636 0.400 0.309 0.028 0.824 0.459 0.531]
   298          447        0.0234048         reflect
  eval: e=0.0234  p=[0.639 0.400 0.309 0.028 0.822 0.460 0.532]
  eval: e=0.0234  p=[0.639 0.401 0.309 0.028 0.822 0.459 0.532]
   299          449        0.0234048         contract inside
  eval: e=0.0234  p=[0.639 0.401 0.310 0.028 0.820 0.460 0.532]
  eval: e=0.0234  p=[0.638 0.401 0.311 0.028 0.818 0.461 0.531]
   300          451        0.0234003         expand
  eval: e=0.0234  p=[0.633 0.399 0.310 0.028 0.825 0.460 0.530]
   301          452        0.0234003         reflect
  eval: e=0.0234  p=[0.634 0.400 0.310 0.028 0.824 0.460 0.530]
  eval: e=0.0234  p=[0.632 0.399 0.311 0.028 0.825 0.460 0.529]
   302          454        0.0233988         expand
  eval: e=0.0234  p=[0.635 0.400 0.312 0.028 0.819 0.461 0.531]
  eval: e=0.0234  p=[0.634 0.400 0.314 0.028 0.816 0.462 0.530]
   303          456        0.0233985         reflect
  eval: e=0.0234  p=[0.633 0.399 0.312 0.028 0.822 0.461 0.529]
  eval: e=0.0234  p=[0.630 0.398 0.313 0.028 0.822 0.462 0.528]
   304          458        0.0233927         expand
  eval: e=0.0234  p=[0.638 0.400 0.311 0.028 0.818 0.461 0.531]
   305          459        0.0233927         reflect
  eval: e=0.0234  p=[0.635 0.400 0.313 0.028 0.817 0.462 0.530]
   306          460        0.0233927         reflect
  eval: e=0.0234  p=[0.629 0.398 0.314 0.028 0.821 0.462 0.528]
  eval: e=0.0234  p=[0.623 0.397 0.316 0.028 0.823 0.463 0.526]
   307          462        0.0233911         reflect
  eval: e=0.0234  p=[0.632 0.399 0.313 0.028 0.819 0.462 0.529]
  eval: e=0.0234  p=[0.630 0.399 0.314 0.028 0.817 0.463 0.528]
   308          464        0.0233866         expand
  eval: e=0.0234  p=[0.627 0.398 0.314 0.028 0.822 0.462 0.527]
  eval: e=0.0234  p=[0.621 0.396 0.316 0.029 0.823 0.463 0.525]
   309          466         0.023385         expand
  eval: e=0.0234  p=[0.631 0.399 0.316 0.028 0.814 0.464 0.529]
   310          467         0.023385         reflect
  eval: e=0.0234  p=[0.625 0.398 0.316 0.028 0.819 0.464 0.527]
  eval: e=0.0234  p=[0.621 0.397 0.318 0.029 0.818 0.465 0.524]
   311          469        0.0233725         expand
  eval: e=0.0234  p=[0.618 0.396 0.318 0.029 0.820 0.465 0.524]
   312          470        0.0233725         reflect
  eval: e=0.0234  p=[0.616 0.395 0.318 0.029 0.822 0.465 0.523]
   313          471        0.0233725         reflect
  eval: e=0.0234  p=[0.616 0.395 0.316 0.029 0.827 0.463 0.523]
   314          472        0.0233725         reflect
  eval: e=0.0234  p=[0.614 0.395 0.320 0.029 0.821 0.466 0.522]
   315          473        0.0233725         reflect
  eval: e=0.0234  p=[0.610 0.394 0.321 0.029 0.821 0.466 0.520]
   316          474        0.0233725         reflect
  eval: e=0.0234  p=[0.603 0.392 0.322 0.029 0.827 0.466 0.518]
  eval: e=0.0234  p=[0.623 0.397 0.316 0.028 0.819 0.464 0.526]
   317          476        0.0233725         contract inside
  eval: e=0.0234  p=[0.613 0.395 0.320 0.029 0.819 0.466 0.521]
  eval: e=0.0234  p=[0.609 0.394 0.322 0.029 0.817 0.468 0.519]
   318          478        0.0233695         reflect
  eval: e=0.0234  p=[0.620 0.396 0.317 0.029 0.822 0.464 0.524]
   319          479        0.0233695         reflect
  eval: e=0.0234  p=[0.618 0.396 0.321 0.029 0.813 0.467 0.524]
  eval: e=0.0234  p=[0.617 0.396 0.317 0.029 0.824 0.464 0.523]
   320          481        0.0233695         contract inside
  eval: e=0.0234  p=[0.616 0.395 0.318 0.029 0.822 0.465 0.522]
  eval: e=0.0234  p=[0.615 0.395 0.318 0.029 0.823 0.465 0.521]
   321          483        0.0233547         expand
  eval: e=0.0234  p=[0.609 0.394 0.320 0.029 0.823 0.466 0.520]
   322          484        0.0233547         reflect
  eval: e=0.0234  p=[0.614 0.395 0.319 0.029 0.820 0.466 0.521]
   323          485        0.0233547         reflect
  eval: e=0.0234  p=[0.621 0.396 0.316 0.029 0.821 0.464 0.524]
   324          486        0.0233547         reflect
  eval: e=0.0234  p=[0.615 0.395 0.319 0.029 0.818 0.466 0.522]
   325          487        0.0233547         reflect
  eval: e=0.0234  p=[0.610 0.394 0.321 0.029 0.819 0.467 0.520]
   326          488        0.0233547         reflect
  eval: e=0.0233  p=[0.607 0.393 0.320 0.029 0.823 0.467 0.518]
  eval: e=0.0233  p=[0.600 0.392 0.322 0.029 0.825 0.467 0.515]
   327          490        0.0233375         expand
  eval: e=0.0233  p=[0.611 0.394 0.318 0.029 0.824 0.465 0.519]
  eval: e=0.0233  p=[0.609 0.394 0.317 0.029 0.826 0.465 0.518]
   328          492        0.0233231         expand
  eval: e=0.0233  p=[0.600 0.392 0.323 0.029 0.823 0.468 0.515]
   329          493        0.0233231         reflect
  eval: e=0.0233  p=[0.610 0.394 0.319 0.029 0.821 0.466 0.518]
   330          494        0.0233231         reflect
  eval: e=0.0233  p=[0.603 0.392 0.321 0.029 0.824 0.467 0.515]
   331          495        0.0233231         reflect
  eval: e=0.0233  p=[0.605 0.393 0.319 0.029 0.826 0.466 0.516]
  eval: e=0.0233  p=[0.602 0.392 0.318 0.029 0.830 0.466 0.514]
   332          497        0.0233006         expand
  eval: e=0.0233  p=[0.596 0.391 0.320 0.029 0.831 0.466 0.512]
   333          498        0.0233006         reflect
  eval: e=0.0233  p=[0.591 0.389 0.322 0.030 0.829 0.468 0.509]
  eval: e=0.0233  p=[0.579 0.386 0.325 0.030 0.832 0.470 0.503]
   334          500        0.0232726         expand
  eval: e=0.0233  p=[0.600 0.391 0.317 0.029 0.831 0.466 0.512]
   335          501        0.0232726         reflect
  eval: e=0.0233  p=[0.599 0.391 0.317 0.030 0.830 0.466 0.512]
  eval: e=0.0232  p=[0.599 0.391 0.315 0.030 0.832 0.465 0.510]
   336          503        0.0232346         expand
  eval: e=0.0233  p=[0.587 0.388 0.319 0.030 0.838 0.466 0.506]
   337          504        0.0232346         reflect
  eval: e=0.0232  p=[0.589 0.388 0.317 0.030 0.839 0.466 0.506]
   338          505        0.0232346         reflect
  eval: e=0.0232  p=[0.577 0.386 0.320 0.030 0.840 0.468 0.500]
  eval: e=0.0232  p=[0.560 0.382 0.321 0.031 0.847 0.469 0.491]
   339          507        0.0231785         expand
  eval: e=0.0232  p=[0.580 0.386 0.318 0.030 0.840 0.467 0.500]
   340          508        0.0231785         reflect
  eval: e=0.0232  p=[0.568 0.383 0.320 0.031 0.844 0.469 0.494]
  eval: e=0.0231  p=[0.551 0.379 0.321 0.032 0.851 0.470 0.484]
   341          510        0.0231148         expand
  eval: e=0.0231  p=[0.556 0.381 0.321 0.031 0.849 0.470 0.488]
   342          511        0.0231148         reflect
  eval: e=0.0231  p=[0.570 0.384 0.313 0.031 0.853 0.465 0.493]
  eval: e=0.0231  p=[0.566 0.382 0.308 0.032 0.864 0.462 0.488]
   343          513        0.0230605         expand
  eval: e=0.0231  p=[0.556 0.380 0.316 0.032 0.854 0.468 0.485]
  eval: e=0.0230  p=[0.541 0.376 0.314 0.032 0.863 0.468 0.474]
   344          515        0.0229639         expand
  eval: e=0.0230  p=[0.541 0.377 0.317 0.032 0.860 0.469 0.476]
   345          516        0.0229639         reflect
  eval: e=0.0231  p=[0.513 0.370 0.319 0.033 0.875 0.471 0.462]
   346          517        0.0229639         reflect
  eval: e=0.0230  p=[0.514 0.370 0.317 0.033 0.877 0.470 0.460]
   347          518        0.0229639         reflect
  eval: e=0.0229  p=[0.520 0.371 0.312 0.033 0.878 0.468 0.461]
  eval: e=0.0230  p=[0.500 0.366 0.308 0.035 0.893 0.467 0.447]
   348          520        0.0229443         reflect
  eval: e=0.0229  p=[0.514 0.369 0.310 0.034 0.885 0.467 0.457]
  eval: e=0.0230  p=[0.494 0.364 0.304 0.035 0.903 0.466 0.441]
   349          522        0.0229184         reflect
  eval: e=0.0229  p=[0.509 0.368 0.307 0.034 0.892 0.466 0.452]
  eval: e=0.0230  p=[0.488 0.362 0.300 0.036 0.912 0.464 0.436]
   350          524        0.0229091         reflect
  eval: e=0.0229  p=[0.545 0.377 0.305 0.033 0.873 0.463 0.472]
  eval: e=0.0230  p=[0.561 0.380 0.298 0.033 0.873 0.459 0.477]
   351          526        0.0228977         reflect
  eval: e=0.0232  p=[0.486 0.363 0.316 0.035 0.887 0.472 0.441]
  eval: e=0.0230  p=[0.546 0.377 0.310 0.032 0.870 0.465 0.476]
   352          528        0.0228977         contract inside
  eval: e=0.0229  p=[0.548 0.378 0.304 0.033 0.872 0.463 0.473]
  eval: e=0.0229  p=[0.565 0.381 0.298 0.032 0.870 0.460 0.480]
   353          530        0.0228746         reflect
  eval: e=0.0228  p=[0.524 0.371 0.301 0.034 0.892 0.462 0.458]
  eval: e=0.0229  p=[0.515 0.368 0.293 0.035 0.908 0.459 0.448]
   354          532        0.0228489         reflect
  eval: e=0.0229  p=[0.511 0.368 0.305 0.034 0.889 0.466 0.451]
   355          533        0.0228489         reflect
  eval: e=0.0229  p=[0.508 0.367 0.298 0.035 0.903 0.462 0.447]
   356          534        0.0228489         reflect
  eval: e=0.0229  p=[0.525 0.371 0.297 0.034 0.895 0.460 0.456]
   357          535        0.0228489         reflect
  eval: e=0.0229  p=[0.534 0.374 0.295 0.034 0.891 0.460 0.460]
   358          536        0.0228489         reflect
  eval: e=0.0228  p=[0.547 0.377 0.295 0.033 0.884 0.459 0.467]
  eval: e=0.0229  p=[0.566 0.381 0.289 0.033 0.880 0.456 0.475]
   359          538         0.022847         reflect
  eval: e=0.0228  p=[0.511 0.368 0.294 0.035 0.906 0.460 0.446]
  eval: e=0.0230  p=[0.494 0.363 0.288 0.036 0.922 0.459 0.433]
   360          540        0.0228391         reflect
  eval: e=0.0230  p=[0.498 0.364 0.291 0.036 0.917 0.459 0.437]
  eval: e=0.0228  p=[0.536 0.374 0.301 0.034 0.883 0.462 0.464]
   361          542        0.0228303         contract inside
  eval: e=0.0228  p=[0.545 0.377 0.298 0.033 0.880 0.461 0.468]
   362          543        0.0228303         reflect
  eval: e=0.0228  p=[0.534 0.374 0.300 0.034 0.883 0.463 0.463]
  eval: e=0.0228  p=[0.538 0.375 0.302 0.033 0.877 0.464 0.466]
   363          545        0.0227991         reflect
  eval: e=0.0229  p=[0.555 0.378 0.290 0.033 0.888 0.456 0.470]
  eval: e=0.0228  p=[0.522 0.371 0.302 0.034 0.889 0.463 0.456]
   364          547        0.0227991         contract inside
  eval: e=0.0228  p=[0.528 0.372 0.302 0.034 0.885 0.464 0.460]
   365          548        0.0227991         reflect
  eval: e=0.0228  p=[0.540 0.375 0.297 0.034 0.882 0.461 0.464]
  eval: e=0.0227  p=[0.549 0.377 0.295 0.034 0.878 0.461 0.466]
   366          550        0.0227469         expand
  eval: e=0.0228  p=[0.517 0.370 0.303 0.034 0.888 0.465 0.454]
   367          551        0.0227469         reflect
  eval: e=0.0229  p=[0.555 0.379 0.307 0.032 0.862 0.465 0.477]
  eval: e=0.0228  p=[0.522 0.371 0.297 0.034 0.895 0.461 0.454]
   368          553        0.0227469         contract inside
  eval: e=0.0228  p=[0.514 0.369 0.302 0.035 0.892 0.465 0.451]
  eval: e=0.0228  p=[0.522 0.371 0.301 0.034 0.889 0.464 0.455]
   369          555        0.0227469         contract outside
  eval: e=0.0228  p=[0.520 0.370 0.299 0.035 0.890 0.463 0.452]
   370          556        0.0227469         reflect
  eval: e=0.0228  p=[0.539 0.375 0.296 0.034 0.886 0.460 0.462]
   371          557        0.0227469         reflect
  eval: e=0.0227  p=[0.539 0.375 0.295 0.034 0.884 0.461 0.462]
  eval: e=0.0227  p=[0.547 0.376 0.292 0.034 0.882 0.460 0.465]
   372          559        0.0227338         expand
  eval: e=0.0227  p=[0.538 0.374 0.292 0.034 0.887 0.460 0.459]
  eval: e=0.0227  p=[0.544 0.375 0.288 0.034 0.888 0.458 0.459]
   373          561        0.0227152         expand
  eval: e=0.0228  p=[0.551 0.377 0.290 0.034 0.883 0.458 0.465]
   374          562        0.0227152         reflect
  eval: e=0.0227  p=[0.543 0.375 0.287 0.034 0.888 0.458 0.459]
  eval: e=0.0227  p=[0.548 0.376 0.280 0.035 0.891 0.456 0.457]
   375          564        0.0227079         reflect
  eval: e=0.0227  p=[0.561 0.380 0.288 0.034 0.875 0.458 0.469]
   376          565        0.0227079         reflect
  eval: e=0.0227  p=[0.551 0.377 0.287 0.034 0.881 0.459 0.462]
  eval: e=0.0227  p=[0.557 0.378 0.282 0.034 0.879 0.458 0.462]
   377          567        0.0226566         expand
  eval: e=0.0228  p=[0.581 0.384 0.279 0.033 0.874 0.454 0.475]
  eval: e=0.0227  p=[0.535 0.374 0.294 0.034 0.886 0.461 0.458]
   378          569        0.0226566         contract inside
  eval: e=0.0227  p=[0.545 0.376 0.289 0.034 0.882 0.460 0.460]
   379          570        0.0226566         reflect
  eval: e=0.0227  p=[0.547 0.376 0.282 0.035 0.888 0.457 0.457]
   380          571        0.0226566         reflect
  eval: e=0.0227  p=[0.548 0.376 0.282 0.035 0.886 0.457 0.456]
  eval: e=0.0226  p=[0.548 0.376 0.276 0.035 0.888 0.456 0.451]
   381          573        0.0226454         expand
  eval: e=0.0227  p=[0.530 0.372 0.283 0.035 0.896 0.458 0.447]
   382          574        0.0226454         reflect
  eval: e=0.0226  p=[0.544 0.375 0.282 0.035 0.885 0.459 0.453]
  eval: e=0.0226  p=[0.544 0.375 0.279 0.035 0.884 0.459 0.450]
   383          576        0.0226149         expand
  eval: e=0.0227  p=[0.555 0.377 0.272 0.035 0.887 0.455 0.452]
   384          577        0.0226149         reflect
  eval: e=0.0226  p=[0.550 0.376 0.274 0.035 0.884 0.457 0.450]
   385          578        0.0226149         reflect
  eval: e=0.0227  p=[0.549 0.376 0.268 0.036 0.891 0.455 0.445]
   386          579        0.0226149         reflect
  eval: e=0.0226  p=[0.548 0.376 0.270 0.036 0.886 0.456 0.445]
  eval: e=0.0226  p=[0.549 0.376 0.265 0.036 0.885 0.456 0.440]
   387          581        0.0226147         reflect
  eval: e=0.0226  p=[0.546 0.376 0.286 0.035 0.881 0.460 0.457]
   388          582        0.0226147         reflect
  eval: e=0.0227  p=[0.570 0.381 0.271 0.035 0.872 0.456 0.458]
  eval: e=0.0226  p=[0.540 0.374 0.280 0.035 0.890 0.458 0.450]
   389          584        0.0226147         contract inside
  eval: e=0.0226  p=[0.537 0.373 0.271 0.036 0.892 0.457 0.440]
   390          585        0.0226147         reflect
  eval: e=0.0226  p=[0.535 0.373 0.282 0.036 0.886 0.460 0.446]
  eval: e=0.0226  p=[0.525 0.371 0.287 0.036 0.886 0.463 0.443]
   391          587        0.0225996         reflect
  eval: e=0.0227  p=[0.537 0.374 0.279 0.036 0.885 0.460 0.445]
  eval: e=0.0226  p=[0.546 0.375 0.277 0.035 0.887 0.457 0.450]
   392          589        0.0225996         contract inside
  eval: e=0.0226  p=[0.535 0.373 0.282 0.035 0.889 0.459 0.447]
   393          590        0.0225996         reflect
  eval: e=0.0226  p=[0.535 0.372 0.269 0.037 0.894 0.457 0.437]
  eval: e=0.0226  p=[0.543 0.375 0.282 0.035 0.884 0.459 0.452]
   394          592        0.0225996         contract inside
  eval: e=0.0226  p=[0.546 0.376 0.286 0.035 0.881 0.460 0.457]
  eval: e=0.0226  p=[0.539 0.374 0.275 0.036 0.889 0.458 0.444]
   395          594        0.0225996         contract inside
  eval: e=0.0226  p=[0.543 0.375 0.276 0.036 0.883 0.459 0.446]
  eval: e=0.0226  p=[0.545 0.375 0.274 0.036 0.880 0.459 0.444]
   396          596        0.0225823         expand
  eval: e=0.0226  p=[0.539 0.374 0.276 0.036 0.888 0.458 0.444]
   397          597        0.0225823         reflect
  eval: e=0.0226  p=[0.532 0.373 0.286 0.035 0.886 0.461 0.448]
   398          598        0.0225823         reflect
  eval: e=0.0226  p=[0.531 0.372 0.282 0.036 0.885 0.461 0.443]
   399          599        0.0225823         reflect
  eval: e=0.0226  p=[0.535 0.373 0.286 0.035 0.882 0.462 0.448]
  eval: e=0.0226  p=[0.532 0.373 0.291 0.035 0.878 0.463 0.450]
   400          601        0.0225807         reflect
  eval: e=0.0226  p=[0.528 0.372 0.281 0.036 0.886 0.461 0.439]
  eval: e=0.0226  p=[0.521 0.370 0.280 0.037 0.887 0.462 0.433]
   401          603        0.0225753         reflect
  eval: e=0.0226  p=[0.539 0.374 0.275 0.036 0.884 0.459 0.441]
  eval: e=0.0226  p=[0.542 0.374 0.269 0.037 0.882 0.458 0.437]
   402          605        0.0225724         reflect
  eval: e=0.0226  p=[0.537 0.374 0.277 0.036 0.879 0.461 0.440]
   403          606        0.0225724         reflect
  eval: e=0.0226  p=[0.538 0.374 0.275 0.036 0.881 0.460 0.439]
  eval: e=0.0226  p=[0.539 0.374 0.272 0.037 0.878 0.460 0.436]
   404          608        0.0225576         reflect
  eval: e=0.0226  p=[0.533 0.373 0.281 0.036 0.877 0.463 0.440]
  eval: e=0.0226  p=[0.538 0.374 0.277 0.036 0.885 0.459 0.443]
   405          610        0.0225576         contract inside
  eval: e=0.0226  p=[0.543 0.375 0.274 0.036 0.879 0.459 0.441]
   406          611        0.0225576         reflect
  eval: e=0.0226  p=[0.538 0.374 0.278 0.036 0.885 0.459 0.444]
   407          612        0.0225576         reflect
  eval: e=0.0226  p=[0.529 0.372 0.282 0.036 0.886 0.461 0.441]
   408          613        0.0225576         reflect
  eval: e=0.0226  p=[0.538 0.373 0.269 0.037 0.886 0.458 0.434]
  eval: e=0.0226  p=[0.535 0.373 0.282 0.036 0.883 0.461 0.444]
   409          615        0.0225576         contract inside
  eval: e=0.0226  p=[0.546 0.376 0.274 0.036 0.881 0.458 0.445]
   410          616        0.0225576         reflect
  eval: e=0.0226  p=[0.550 0.376 0.271 0.036 0.878 0.458 0.444]
  eval: e=0.0226  p=[0.534 0.373 0.279 0.036 0.884 0.460 0.441]
   411          618        0.0225576         contract inside
  eval: e=0.0226  p=[0.539 0.374 0.279 0.036 0.881 0.460 0.444]
   412          619        0.0225576         reflect
  eval: e=0.0225  p=[0.541 0.375 0.277 0.036 0.879 0.460 0.443]
  eval: e=0.0225  p=[0.542 0.375 0.277 0.036 0.876 0.461 0.443]
   413          621        0.0225483         expand
  eval: e=0.0226  p=[0.541 0.375 0.276 0.036 0.876 0.461 0.441]
   414          622        0.0225483         reflect
  eval: e=0.0226  p=[0.532 0.373 0.281 0.036 0.879 0.462 0.439]
   415          623        0.0225483         reflect
  eval: e=0.0226  p=[0.532 0.373 0.283 0.036 0.881 0.462 0.442]
   416          624        0.0225483         reflect
  eval: e=0.0226  p=[0.538 0.374 0.276 0.036 0.877 0.461 0.439]
   417          625        0.0225483         reflect
  eval: e=0.0225  p=[0.540 0.375 0.278 0.036 0.873 0.462 0.441]
   418          626        0.0225483         reflect
  eval: e=0.0226  p=[0.536 0.374 0.277 0.036 0.874 0.462 0.437]
   419          627        0.0225483         reflect
  eval: e=0.0226  p=[0.545 0.375 0.271 0.037 0.872 0.460 0.437]
  eval: e=0.0225  p=[0.535 0.373 0.280 0.036 0.879 0.461 0.441]
   420          629        0.0225471         contract inside
  eval: e=0.0226  p=[0.538 0.374 0.281 0.036 0.872 0.462 0.441]
   421          630        0.0225471         reflect
  eval: e=0.0226  p=[0.540 0.375 0.280 0.036 0.878 0.460 0.444]
  eval: e=0.0225  p=[0.537 0.374 0.278 0.036 0.875 0.462 0.439]
   422          632        0.0225471         contract inside
  eval: e=0.0226  p=[0.538 0.374 0.275 0.036 0.881 0.460 0.440]
  eval: e=0.0225  p=[0.538 0.374 0.279 0.036 0.874 0.462 0.441]
   423          634        0.0225471         contract inside
  eval: e=0.0225  p=[0.534 0.374 0.281 0.036 0.876 0.462 0.440]
   424          635        0.0225471         reflect
  eval: e=0.0225  p=[0.536 0.374 0.282 0.036 0.875 0.462 0.442]
  eval: e=0.0226  p=[0.534 0.374 0.286 0.036 0.874 0.463 0.444]
   425          637        0.0225454         reflect
  eval: e=0.0226  p=[0.543 0.376 0.278 0.036 0.872 0.461 0.442]
  eval: e=0.0225  p=[0.535 0.373 0.280 0.036 0.878 0.462 0.440]
   426          639        0.0225454         contract inside
  eval: e=0.0225  p=[0.533 0.373 0.282 0.036 0.879 0.462 0.441]
   427          640        0.0225454         reflect
  eval: e=0.0226  p=[0.535 0.374 0.283 0.036 0.878 0.462 0.443]
  eval: e=0.0225  p=[0.537 0.374 0.279 0.036 0.876 0.462 0.440]
   428          642        0.0225453         contract inside
  eval: e=0.0225  p=[0.539 0.374 0.279 0.036 0.877 0.461 0.443]
   429          643        0.0225453         reflect
  eval: e=0.0226  p=[0.530 0.372 0.283 0.036 0.878 0.463 0.439]
  eval: e=0.0225  p=[0.539 0.374 0.279 0.036 0.876 0.461 0.442]
   430          645        0.0225449         contract inside
  eval: e=0.0225  p=[0.534 0.373 0.281 0.036 0.880 0.461 0.442]
  eval: e=0.0225  p=[0.537 0.374 0.280 0.036 0.876 0.462 0.441]
   431          647        0.0225449         contract inside
  eval: e=0.0225  p=[0.540 0.375 0.278 0.036 0.874 0.461 0.442]
  eval: e=0.0225  p=[0.535 0.374 0.281 0.036 0.878 0.462 0.441]
   432          649        0.0225449         contract inside
  eval: e=0.0225  p=[0.534 0.373 0.281 0.036 0.876 0.462 0.440]
  eval: e=0.0225  p=[0.537 0.374 0.280 0.036 0.877 0.461 0.442]
   433          651        0.0225449         contract inside
  eval: e=0.0225  p=[0.538 0.374 0.280 0.036 0.874 0.462 0.441]
  eval: e=0.0225  p=[0.540 0.375 0.280 0.036 0.872 0.462 0.441]
   434          653        0.0225447         reflect
  eval: e=0.0225  p=[0.539 0.375 0.280 0.036 0.875 0.462 0.442]
  eval: e=0.0225  p=[0.541 0.375 0.280 0.036 0.873 0.462 0.444]
   435          655        0.0225437         reflect
  eval: e=0.0225  p=[0.538 0.374 0.280 0.036 0.876 0.462 0.442]
  eval: e=0.0225  p=[0.538 0.374 0.281 0.036 0.876 0.462 0.443]
   436          657        0.0225424         expand
  eval: e=0.0225  p=[0.541 0.375 0.279 0.036 0.873 0.462 0.442]
   437          658        0.0225424         reflect
  eval: e=0.0225  p=[0.539 0.375 0.280 0.036 0.873 0.462 0.442]
   438          659        0.0225424         reflect
  eval: e=0.0225  p=[0.541 0.375 0.277 0.036 0.874 0.461 0.441]
  eval: e=0.0225  p=[0.537 0.374 0.281 0.036 0.875 0.462 0.442]
   439          661        0.0225424         contract inside
  eval: e=0.0225  p=[0.541 0.375 0.281 0.036 0.874 0.462 0.444]
   440          662        0.0225424         reflect
  eval: e=0.0225  p=[0.539 0.375 0.282 0.036 0.872 0.463 0.443]
  eval: e=0.0225  p=[0.539 0.375 0.281 0.036 0.873 0.462 0.443]
   441          664        0.0225424         contract outside
  eval: e=0.0225  p=[0.540 0.375 0.281 0.036 0.874 0.462 0.444]
  eval: e=0.0225  p=[0.541 0.375 0.282 0.036 0.874 0.462 0.446]
   442          666        0.0225421         reflect
  eval: e=0.0225  p=[0.537 0.374 0.282 0.036 0.875 0.462 0.443]
   443          667        0.0225421         reflect
  eval: e=0.0225  p=[0.541 0.375 0.281 0.036 0.874 0.462 0.444]
  eval: e=0.0225  p=[0.542 0.376 0.281 0.036 0.873 0.462 0.445]
   444          669        0.0225416         expand
  eval: e=0.0225  p=[0.540 0.375 0.282 0.036 0.873 0.462 0.444]
  eval: e=0.0225  p=[0.540 0.375 0.283 0.036 0.873 0.463 0.445]
   445          671        0.0225415         reflect
  eval: e=0.0225  p=[0.540 0.375 0.282 0.036 0.875 0.462 0.446]
  eval: e=0.0225  p=[0.539 0.375 0.281 0.036 0.874 0.462 0.443]
   446          673        0.0225415         contract inside
  eval: e=0.0225  p=[0.540 0.375 0.281 0.036 0.875 0.462 0.445]
   447          674        0.0225415         reflect
  eval: e=0.0225  p=[0.538 0.375 0.282 0.036 0.875 0.462 0.444]
  eval: e=0.0225  p=[0.537 0.374 0.282 0.036 0.876 0.462 0.443]
   448          676        0.0225392         expand
  eval: e=0.0225  p=[0.542 0.375 0.280 0.036 0.874 0.462 0.445]
   449          677        0.0225392         reflect
  eval: e=0.0225  p=[0.542 0.376 0.282 0.036 0.872 0.462 0.446]
   450          678        0.0225392         reflect
  eval: e=0.0225  p=[0.542 0.375 0.282 0.035 0.874 0.462 0.446]
   451          679        0.0225392         reflect
  eval: e=0.0225  p=[0.542 0.375 0.282 0.036 0.874 0.462 0.446]
  eval: e=0.0225  p=[0.542 0.376 0.282 0.035 0.873 0.462 0.446]
   452          681        0.0225374         expand
  eval: e=0.0225  p=[0.542 0.376 0.281 0.036 0.872 0.462 0.445]
   453          682        0.0225374         reflect
  eval: e=0.0225  p=[0.539 0.375 0.282 0.036 0.874 0.462 0.445]
   454          683        0.0225374         reflect
  eval: e=0.0225  p=[0.539 0.375 0.282 0.036 0.876 0.462 0.444]
   455          684        0.0225374         reflect
  eval: e=0.0225  p=[0.541 0.375 0.281 0.036 0.875 0.462 0.446]
  eval: e=0.0225  p=[0.542 0.376 0.281 0.036 0.876 0.461 0.446]
   456          686        0.0225338         expand
  eval: e=0.0225  p=[0.539 0.375 0.281 0.036 0.875 0.462 0.444]
   457          687        0.0225338         reflect
  eval: e=0.0225  p=[0.539 0.375 0.283 0.036 0.876 0.462 0.445]
   458          688        0.0225338         reflect
  eval: e=0.0225  p=[0.543 0.376 0.282 0.035 0.873 0.462 0.447]
   459          689        0.0225338         reflect
  eval: e=0.0225  p=[0.543 0.376 0.282 0.035 0.873 0.462 0.447]
  eval: e=0.0225  p=[0.546 0.377 0.282 0.035 0.871 0.462 0.448]
   460          691        0.0225337         reflect
  eval: e=0.0225  p=[0.541 0.375 0.282 0.035 0.876 0.462 0.446]
  eval: e=0.0225  p=[0.540 0.375 0.282 0.035 0.878 0.462 0.447]
   461          693        0.0225332         reflect
  eval: e=0.0225  p=[0.543 0.376 0.281 0.035 0.875 0.462 0.447]
  eval: e=0.0225  p=[0.545 0.377 0.280 0.035 0.875 0.461 0.448]
   462          695        0.0225279         expand
  eval: e=0.0225  p=[0.541 0.376 0.281 0.035 0.876 0.462 0.446]
  eval: e=0.0225  p=[0.540 0.375 0.281 0.035 0.877 0.462 0.446]
   463          697        0.0225239         expand
  eval: e=0.0225  p=[0.545 0.377 0.279 0.035 0.874 0.461 0.447]
   464          698        0.0225239         reflect
  eval: e=0.0225  p=[0.541 0.376 0.280 0.036 0.877 0.461 0.445]
   465          699        0.0225239         reflect
  eval: e=0.0225  p=[0.546 0.377 0.280 0.035 0.876 0.461 0.449]
   466          700        0.0225239         reflect
  eval: e=0.0225  p=[0.544 0.377 0.281 0.035 0.875 0.462 0.448]
  eval: e=0.0225  p=[0.545 0.377 0.280 0.035 0.875 0.462 0.448]
   467          702        0.0225176         expand
  eval: e=0.0225  p=[0.544 0.376 0.279 0.035 0.879 0.461 0.447]
   468          703        0.0225176         reflect
  eval: e=0.0225  p=[0.547 0.377 0.278 0.035 0.876 0.461 0.448]
  eval: e=0.0225  p=[0.550 0.378 0.276 0.035 0.876 0.460 0.449]
   469          705        0.0225127         expand
  eval: e=0.0225  p=[0.543 0.376 0.279 0.036 0.877 0.462 0.445]
   470          706        0.0225127         reflect
  eval: e=0.0225  p=[0.543 0.376 0.279 0.035 0.879 0.461 0.447]
  eval: e=0.0225  p=[0.541 0.376 0.279 0.035 0.881 0.461 0.447]
   471          708        0.0225066         expand
  eval: e=0.0225  p=[0.542 0.376 0.278 0.035 0.880 0.461 0.446]
  eval: e=0.0225  p=[0.541 0.376 0.278 0.035 0.883 0.461 0.445]
   472          710        0.0224967         expand
  eval: e=0.0225  p=[0.546 0.378 0.278 0.035 0.879 0.461 0.448]
   473          711        0.0224967         reflect
  eval: e=0.0225  p=[0.548 0.378 0.276 0.035 0.880 0.461 0.449]
   474          712        0.0224967         reflect
  eval: e=0.0225  p=[0.546 0.378 0.277 0.035 0.878 0.461 0.447]
  eval: e=0.0225  p=[0.548 0.379 0.276 0.035 0.878 0.462 0.447]
   475          714        0.0224697         expand
  eval: e=0.0225  p=[0.545 0.378 0.274 0.035 0.883 0.460 0.446]
   476          715        0.0224697         reflect
  eval: e=0.0225  p=[0.548 0.379 0.275 0.035 0.884 0.460 0.449]
   477          716        0.0224697         reflect
  eval: e=0.0225  p=[0.540 0.377 0.277 0.035 0.886 0.462 0.445]
   478          717        0.0224697         reflect
  eval: e=0.0225  p=[0.549 0.379 0.273 0.035 0.883 0.461 0.447]
  eval: e=0.0224  p=[0.553 0.381 0.270 0.035 0.884 0.460 0.448]
   479          719        0.0224477         expand
  eval: e=0.0225  p=[0.546 0.379 0.272 0.035 0.886 0.461 0.445]
   480          720        0.0224477         reflect
  eval: e=0.0224  p=[0.544 0.378 0.273 0.035 0.887 0.461 0.444]
  eval: e=0.0224  p=[0.541 0.378 0.271 0.036 0.890 0.461 0.442]
   481          722        0.0224196         expand
  eval: e=0.0224  p=[0.551 0.381 0.269 0.035 0.886 0.461 0.447]
   482          723        0.0224196         reflect
  eval: e=0.0224  p=[0.545 0.379 0.271 0.036 0.886 0.461 0.442]
   483          724        0.0224196         reflect
  eval: e=0.0224  p=[0.547 0.380 0.270 0.035 0.887 0.462 0.445]
  eval: e=0.0224  p=[0.548 0.382 0.268 0.035 0.888 0.462 0.444]
   484          726        0.0223681         expand
  eval: e=0.0224  p=[0.555 0.382 0.265 0.035 0.885 0.461 0.445]
   485          727        0.0223681         reflect
  eval: e=0.0224  p=[0.549 0.382 0.263 0.035 0.894 0.460 0.443]
   486          728        0.0223681         reflect
  eval: e=0.0224  p=[0.551 0.383 0.264 0.035 0.890 0.461 0.443]
  eval: e=0.0223  p=[0.554 0.384 0.260 0.035 0.892 0.462 0.442]
   487          730        0.0223134         expand
  eval: e=0.0223  p=[0.545 0.382 0.263 0.035 0.894 0.462 0.440]
   488          731        0.0223134         reflect
  eval: e=0.0223  p=[0.545 0.382 0.262 0.036 0.894 0.462 0.438]
   489          732        0.0223134         reflect
  eval: e=0.0223  p=[0.552 0.385 0.258 0.035 0.896 0.462 0.442]
  eval: e=0.0223  p=[0.556 0.388 0.252 0.035 0.902 0.462 0.441]
   490          734        0.0222511         expand
  eval: e=0.0223  p=[0.559 0.388 0.253 0.035 0.895 0.462 0.442]
  eval: e=0.0222  p=[0.568 0.392 0.244 0.035 0.897 0.462 0.442]
   491          736         0.022188         expand
  eval: e=0.0222  p=[0.550 0.387 0.253 0.035 0.904 0.463 0.438]
   492          737         0.022188         reflect
  eval: e=0.0222  p=[0.555 0.389 0.252 0.035 0.897 0.464 0.439]
   493          738         0.022188         reflect
  eval: e=0.0222  p=[0.558 0.391 0.243 0.035 0.906 0.463 0.436]
  eval: e=0.0221  p=[0.564 0.395 0.230 0.035 0.914 0.463 0.432]
   494          740        0.0220686         expand
  eval: e=0.0221  p=[0.566 0.394 0.237 0.035 0.906 0.463 0.438]
   495          741        0.0220686         reflect
  eval: e=0.0221  p=[0.573 0.398 0.232 0.035 0.910 0.463 0.440]
   496          742        0.0220686         reflect
  eval: e=0.0220  p=[0.570 0.399 0.226 0.035 0.917 0.464 0.434]
  eval: e=0.0220  p=[0.578 0.407 0.210 0.035 0.930 0.466 0.431]
   497          744        0.0219579         expand
  eval: e=0.0220  p=[0.574 0.401 0.221 0.035 0.915 0.465 0.433]
   498          745        0.0219579         reflect
  eval: e=0.0220  p=[0.587 0.407 0.212 0.035 0.916 0.465 0.434]
   499          746        0.0219579         reflect
  eval: e=0.0220  p=[0.590 0.410 0.201 0.035 0.928 0.464 0.432]
   500          747        0.0219579         reflect
  eval: e=0.0219  p=[0.584 0.411 0.197 0.035 0.937 0.466 0.426]
  eval: e=0.0219  p=[0.591 0.420 0.173 0.035 0.957 0.468 0.419]
   501          749        0.0218745         expand
  eval: e=0.0219  p=[0.593 0.416 0.185 0.035 0.943 0.466 0.425]
  eval: e=0.0218  p=[0.606 0.428 0.159 0.034 0.961 0.468 0.418]
   502          751        0.0218058         expand
  eval: e=0.0218  p=[0.595 0.421 0.170 0.035 0.953 0.468 0.417]
  eval: e=0.0217  p=[0.606 0.433 0.139 0.035 0.975 0.470 0.406]
   503          753        0.0217437         expand
  eval: e=0.0218  p=[0.617 0.435 0.146 0.034 0.966 0.469 0.418]
   504          754        0.0217437         reflect
  eval: e=0.0218  p=[0.619 0.438 0.133 0.034 0.980 0.469 0.412]
   505          755        0.0217437         reflect
  eval: e=0.0218  p=[0.615 0.442 0.120 0.034 0.997 0.471 0.404]
   506          756        0.0217437         reflect
  eval: e=0.0218  p=[0.619 0.448 0.107 0.034 1.005 0.474 0.398]
   507          757        0.0217437         reflect
  eval: e=0.0224  p=[0.643 0.463 0.069 0.034 1.024 0.474 0.391]
  eval: e=0.0218  p=[0.594 0.421 0.175 0.035 0.954 0.468 0.421]
   508          759        0.0217437         contract inside
  eval: e=0.0218  p=[0.630 0.450 0.107 0.034 0.997 0.471 0.404]
   509          760        0.0217437         reflect
  eval: e=0.0219  p=[0.606 0.422 0.172 0.034 0.947 0.465 0.425]
  eval: e=0.0218  p=[0.616 0.442 0.123 0.034 0.990 0.471 0.405]
   510          762        0.0217437         contract inside
  eval: e=0.0219  p=[0.637 0.455 0.090 0.034 1.008 0.472 0.398]
  eval: e=0.0218  p=[0.605 0.429 0.154 0.034 0.967 0.469 0.415]
   511          764        0.0217437         contract inside
  eval: e=0.0218  p=[0.613 0.431 0.155 0.034 0.956 0.469 0.418]
   512          765        0.0217437         reflect
  eval: e=0.0219  p=[0.593 0.418 0.182 0.035 0.945 0.467 0.423]
  eval: e=0.0218  p=[0.621 0.442 0.125 0.034 0.984 0.470 0.408]
   513          767        0.0217437         contract inside
  eval: e=0.0217  p=[0.605 0.430 0.153 0.035 0.963 0.470 0.413]
  eval: e=0.0217  p=[0.598 0.426 0.163 0.035 0.954 0.471 0.413]
   514          769        0.0217053         expand
  eval: e=0.0217  p=[0.601 0.431 0.145 0.035 0.973 0.470 0.406]
   515          770        0.0217053         reflect
  eval: e=0.0217  p=[0.612 0.439 0.128 0.035 0.982 0.472 0.402]
   516          771        0.0217053         reflect
  eval: e=0.0217  p=[0.600 0.424 0.165 0.035 0.950 0.469 0.415]
   517          772        0.0217053         reflect
  eval: e=0.0217  p=[0.610 0.435 0.138 0.035 0.968 0.471 0.405]
  eval: e=0.0216  p=[0.613 0.437 0.130 0.035 0.968 0.472 0.399]
   518          774        0.0216283         expand
  eval: e=0.0217  p=[0.591 0.421 0.167 0.036 0.947 0.470 0.409]
   519          775        0.0216283         reflect
  eval: e=0.0217  p=[0.593 0.429 0.142 0.036 0.973 0.472 0.396]
   520          776        0.0216283         reflect
  eval: e=0.0216  p=[0.596 0.426 0.158 0.035 0.953 0.472 0.406]
  eval: e=0.0216  p=[0.591 0.423 0.167 0.036 0.942 0.473 0.406]
   521          778        0.0215636         expand
  eval: e=0.0216  p=[0.585 0.416 0.181 0.036 0.934 0.470 0.410]
   522          779        0.0215636         reflect
  eval: e=0.0216  p=[0.592 0.428 0.148 0.036 0.962 0.474 0.397]
   523          780        0.0215636         reflect
  eval: e=0.0216  p=[0.588 0.421 0.169 0.036 0.936 0.474 0.402]
  eval: e=0.0216  p=[0.582 0.416 0.181 0.037 0.917 0.476 0.400]
   524          782        0.0215559         reflect
  eval: e=0.0215  p=[0.589 0.425 0.152 0.037 0.949 0.474 0.392]
  eval: e=0.0216  p=[0.584 0.424 0.147 0.038 0.946 0.475 0.382]
   525          784         0.021542         reflect
  eval: e=0.0215  p=[0.595 0.430 0.144 0.036 0.957 0.475 0.392]
  eval: e=0.0215  p=[0.596 0.435 0.132 0.037 0.961 0.478 0.384]
   526          786        0.0214753         expand
  eval: e=0.0215  p=[0.594 0.423 0.167 0.036 0.928 0.475 0.401]
   527          787        0.0214753         reflect
  eval: e=0.0215  p=[0.604 0.439 0.124 0.036 0.965 0.478 0.384]
   528          788        0.0214753         reflect
  eval: e=0.0215  p=[0.574 0.418 0.173 0.037 0.929 0.478 0.391]
   529          789        0.0214753         reflect
  eval: e=0.0215  p=[0.590 0.424 0.161 0.037 0.927 0.477 0.392]
   530          790        0.0214753         reflect
  eval: e=0.0215  p=[0.590 0.430 0.141 0.037 0.943 0.479 0.379]
   531          791        0.0214753         reflect
  eval: e=0.0215  p=[0.594 0.435 0.131 0.037 0.950 0.481 0.376]
  eval: e=0.0216  p=[0.596 0.441 0.112 0.038 0.958 0.484 0.363]
   532          793        0.0214653         reflect
  eval: e=0.0215  p=[0.595 0.434 0.141 0.037 0.937 0.482 0.381]
   533          794        0.0214653         reflect
  eval: e=0.0216  p=[0.590 0.438 0.120 0.038 0.961 0.483 0.367]
  eval: e=0.0215  p=[0.593 0.427 0.155 0.037 0.936 0.477 0.392]
   534          796        0.0214653         contract inside
  eval: e=0.0215  p=[0.576 0.419 0.172 0.038 0.917 0.479 0.386]
  eval: e=0.0215  p=[0.597 0.434 0.136 0.037 0.953 0.479 0.385]
   535          798        0.0214653         contract inside
  eval: e=0.0215  p=[0.592 0.429 0.153 0.036 0.941 0.478 0.393]
  eval: e=0.0215  p=[0.593 0.429 0.160 0.036 0.941 0.478 0.399]
   536          800        0.0214599         reflect
  eval: e=0.0215  p=[0.593 0.436 0.130 0.037 0.961 0.480 0.380]
  eval: e=0.0215  p=[0.595 0.442 0.115 0.037 0.979 0.482 0.374]
   537          802        0.0214546         reflect
  eval: e=0.0215  p=[0.614 0.447 0.107 0.036 0.968 0.481 0.378]
  eval: e=0.0214  p=[0.584 0.426 0.156 0.037 0.939 0.479 0.388]
   538          804        0.0214443         contract inside
  eval: e=0.0215  p=[0.593 0.438 0.125 0.037 0.962 0.482 0.375]
   539          805        0.0214443         reflect
  eval: e=0.0214  p=[0.589 0.431 0.146 0.037 0.937 0.482 0.381]
  eval: e=0.0215  p=[0.586 0.430 0.153 0.037 0.925 0.484 0.379]
   540          807        0.0214439         reflect
  eval: e=0.0214  p=[0.586 0.431 0.145 0.037 0.941 0.483 0.379]
  eval: e=0.0214  p=[0.580 0.430 0.150 0.037 0.936 0.484 0.376]
   541          809        0.0214139         reflect
  eval: e=0.0214  p=[0.586 0.431 0.141 0.037 0.958 0.479 0.382]
   542          810        0.0214139         reflect
  eval: e=0.0214  p=[0.585 0.429 0.154 0.036 0.947 0.480 0.389]
   543          811        0.0214139         reflect
  eval: e=0.0215  p=[0.584 0.434 0.132 0.037 0.957 0.483 0.371]
  eval: e=0.0214  p=[0.590 0.430 0.148 0.037 0.945 0.479 0.387]
   544          813        0.0214139         contract inside
  eval: e=0.0214  p=[0.582 0.426 0.160 0.037 0.932 0.481 0.386]
   545          814        0.0214139         reflect
  eval: e=0.0215  p=[0.578 0.420 0.175 0.037 0.924 0.479 0.394]
  eval: e=0.0214  p=[0.590 0.434 0.138 0.037 0.952 0.481 0.380]
   546          816        0.0214139         contract inside
  eval: e=0.0214  p=[0.589 0.435 0.138 0.037 0.950 0.483 0.379]
  eval: e=0.0214  p=[0.592 0.440 0.130 0.037 0.956 0.485 0.375]
   547          818        0.0214059         reflect
  eval: e=0.0214  p=[0.584 0.430 0.146 0.036 0.956 0.480 0.386]
   548          819        0.0214059         reflect
  eval: e=0.0214  p=[0.592 0.437 0.129 0.036 0.968 0.481 0.380]
  eval: e=0.0214  p=[0.584 0.429 0.152 0.037 0.941 0.481 0.385]
   549          821        0.0214059         contract inside
  eval: e=0.0215  p=[0.588 0.432 0.151 0.037 0.938 0.483 0.385]
  eval: e=0.0214  p=[0.586 0.431 0.143 0.037 0.953 0.480 0.383]
   550          823        0.0214059         contract inside
  eval: e=0.0214  p=[0.590 0.434 0.135 0.037 0.950 0.482 0.376]
   551          824        0.0214059         reflect
  eval: e=0.0214  p=[0.584 0.433 0.137 0.037 0.953 0.483 0.375]
  eval: e=0.0214  p=[0.581 0.435 0.132 0.037 0.957 0.485 0.369]
   552          826        0.0213903         reflect
  eval: e=0.0214  p=[0.583 0.430 0.148 0.037 0.946 0.482 0.381]
  eval: e=0.0214  p=[0.579 0.429 0.153 0.037 0.943 0.482 0.381]
   553          828        0.0213901         reflect
  eval: e=0.0214  p=[0.586 0.432 0.140 0.037 0.959 0.480 0.382]
   554          829        0.0213901         reflect
  eval: e=0.0214  p=[0.588 0.436 0.130 0.037 0.964 0.482 0.376]
   555          830        0.0213901         reflect
  eval: e=0.0214  p=[0.582 0.431 0.146 0.036 0.959 0.481 0.384]
   556          831        0.0213901         reflect
  eval: e=0.0214  p=[0.584 0.434 0.138 0.037 0.958 0.483 0.378]
  eval: e=0.0214  p=[0.583 0.436 0.136 0.037 0.961 0.484 0.375]
   557          833        0.0213809         reflect
  eval: e=0.0214  p=[0.586 0.436 0.133 0.037 0.955 0.484 0.373]
   558          834        0.0213809         reflect
  eval: e=0.0214  p=[0.589 0.437 0.130 0.037 0.952 0.484 0.371]
  eval: e=0.0214  p=[0.584 0.433 0.142 0.037 0.957 0.482 0.381]
   559          836        0.0213809         contract inside
  eval: e=0.0214  p=[0.580 0.432 0.138 0.037 0.961 0.482 0.377]
  eval: e=0.0214  p=[0.576 0.431 0.138 0.037 0.967 0.481 0.375]
   560          838        0.0213746         reflect
  eval: e=0.0214  p=[0.582 0.435 0.136 0.037 0.954 0.485 0.372]
   561          839        0.0213746         reflect
  eval: e=0.0214  p=[0.579 0.431 0.148 0.037 0.946 0.484 0.377]
   562          840        0.0213746         reflect
  eval: e=0.0214  p=[0.581 0.433 0.144 0.037 0.955 0.483 0.379]
   563          841        0.0213746         reflect
  eval: e=0.0214  p=[0.582 0.437 0.132 0.037 0.964 0.485 0.373]
   564          842        0.0213746         reflect
  eval: e=0.0214  p=[0.580 0.435 0.135 0.037 0.956 0.485 0.370]
  eval: e=0.0214  p=[0.579 0.437 0.131 0.037 0.955 0.487 0.365]
   565          844        0.0213686         reflect
  eval: e=0.0214  p=[0.577 0.432 0.144 0.037 0.958 0.483 0.377]
  eval: e=0.0214  p=[0.572 0.429 0.150 0.037 0.959 0.482 0.379]
   566          846        0.0213631         reflect
  eval: e=0.0214  p=[0.583 0.437 0.129 0.037 0.970 0.483 0.373]
   567          847        0.0213631         reflect
  eval: e=0.0214  p=[0.581 0.436 0.129 0.037 0.965 0.484 0.369]
   568          848        0.0213631         reflect
  eval: e=0.0214  p=[0.578 0.435 0.131 0.037 0.964 0.485 0.368]
   569          849        0.0213631         reflect
  eval: e=0.0214  p=[0.579 0.433 0.142 0.037 0.957 0.484 0.376]
   570          850        0.0213631         reflect
  eval: e=0.0214  p=[0.577 0.434 0.136 0.037 0.969 0.483 0.375]
   571          851        0.0213631         reflect
  eval: e=0.0214  p=[0.575 0.431 0.145 0.037 0.952 0.484 0.374]
  eval: e=0.0214  p=[0.572 0.428 0.153 0.037 0.944 0.484 0.375]
   572          853        0.0213581         reflect
  eval: e=0.0213  p=[0.575 0.430 0.145 0.037 0.955 0.483 0.375]
  eval: e=0.0213  p=[0.571 0.426 0.152 0.037 0.951 0.482 0.377]
   573          855        0.0213484         expand
  eval: e=0.0214  p=[0.573 0.432 0.143 0.037 0.954 0.486 0.371]
   574          856        0.0213484         reflect
  eval: e=0.0214  p=[0.571 0.429 0.149 0.037 0.960 0.482 0.378]
   575          857        0.0213484         reflect
  eval: e=0.0213  p=[0.570 0.430 0.144 0.037 0.960 0.483 0.372]
  eval: e=0.0213  p=[0.565 0.428 0.145 0.037 0.962 0.483 0.370]
   576          859          0.02134         reflect
  eval: e=0.0214  p=[0.569 0.426 0.158 0.037 0.951 0.482 0.382]
  eval: e=0.0214  p=[0.576 0.433 0.138 0.037 0.961 0.484 0.371]
   577          861          0.02134         contract inside
  eval: e=0.0214  p=[0.569 0.427 0.154 0.037 0.944 0.484 0.374]
   578          862          0.02134         reflect
  eval: e=0.0213  p=[0.568 0.428 0.148 0.038 0.952 0.484 0.371]
  eval: e=0.0213  p=[0.563 0.426 0.150 0.038 0.949 0.484 0.368]
   579          864        0.0213383         reflect
  eval: e=0.0214  p=[0.575 0.433 0.137 0.037 0.967 0.483 0.373]
   580          865        0.0213383         reflect
  eval: e=0.0213  p=[0.569 0.429 0.144 0.037 0.963 0.483 0.372]
  eval: e=0.0213  p=[0.565 0.428 0.143 0.037 0.968 0.482 0.371]
   581          867        0.0213248         expand
  eval: e=0.0214  p=[0.569 0.427 0.146 0.037 0.965 0.480 0.375]
  eval: e=0.0213  p=[0.572 0.431 0.144 0.037 0.957 0.484 0.372]
   582          869        0.0213248         contract inside
  eval: e=0.0213  p=[0.571 0.431 0.139 0.038 0.959 0.484 0.367]
   583          870        0.0213248         reflect
  eval: e=0.0213  p=[0.566 0.426 0.151 0.038 0.949 0.484 0.371]
   584          871        0.0213248         reflect
  eval: e=0.0213  p=[0.562 0.424 0.154 0.038 0.952 0.483 0.372]
   585          872        0.0213248         reflect
  eval: e=0.0213  p=[0.564 0.430 0.140 0.038 0.963 0.485 0.365]
  eval: e=0.0213  p=[0.561 0.432 0.135 0.038 0.969 0.487 0.359]
   586          874        0.0213217         reflect
  eval: e=0.0213  p=[0.561 0.426 0.148 0.038 0.958 0.483 0.367]
   587          875        0.0213217         reflect
  eval: e=0.0213  p=[0.561 0.426 0.148 0.038 0.955 0.484 0.366]
  eval: e=0.0213  p=[0.556 0.424 0.150 0.038 0.952 0.484 0.363]
   588          877        0.0213186         reflect
  eval: e=0.0213  p=[0.561 0.427 0.144 0.038 0.964 0.483 0.366]
  eval: e=0.0213  p=[0.558 0.427 0.142 0.038 0.970 0.483 0.363]
   589          879        0.0213037         expand
  eval: e=0.0213  p=[0.561 0.429 0.139 0.038 0.972 0.483 0.364]
   590          880        0.0213037         reflect
  eval: e=0.0213  p=[0.553 0.423 0.151 0.038 0.967 0.482 0.367]
   591          881        0.0213037         reflect
  eval: e=0.0213  p=[0.558 0.429 0.135 0.038 0.977 0.483 0.361]
   592          882        0.0213037         reflect
  eval: e=0.0213  p=[0.559 0.429 0.138 0.038 0.977 0.483 0.363]
   593          883        0.0213037         reflect
  eval: e=0.0213  p=[0.553 0.427 0.141 0.038 0.969 0.485 0.357]
   594          884        0.0213037         reflect
  eval: e=0.0213  p=[0.558 0.425 0.150 0.038 0.958 0.483 0.367]
   595          885        0.0213037         reflect
  eval: e=0.0213  p=[0.550 0.423 0.148 0.038 0.970 0.481 0.363]
   596          886        0.0213037         reflect
  eval: e=0.0213  p=[0.551 0.426 0.140 0.038 0.983 0.482 0.361]
  eval: e=0.0213  p=[0.553 0.426 0.142 0.038 0.976 0.482 0.362]
   597          888        0.0213037         contract outside
  eval: e=0.0213  p=[0.549 0.423 0.150 0.038 0.967 0.483 0.362]
  eval: e=0.0213  p=[0.543 0.420 0.155 0.038 0.964 0.482 0.361]
   598          890        0.0212983         reflect
  eval: e=0.0213  p=[0.556 0.428 0.138 0.038 0.972 0.484 0.358]
  eval: e=0.0213  p=[0.557 0.431 0.131 0.038 0.975 0.485 0.354]
   599          892        0.0212943         reflect
  eval: e=0.0213  p=[0.557 0.425 0.147 0.038 0.971 0.481 0.368]
   600          893        0.0212943         reflect
  eval: e=0.0213  p=[0.551 0.427 0.137 0.038 0.986 0.481 0.359]
  eval: e=0.0213  p=[0.556 0.425 0.147 0.038 0.965 0.483 0.365]
   601          895        0.0212943         contract inside
  eval: e=0.0213  p=[0.552 0.427 0.140 0.038 0.971 0.485 0.357]
  eval: e=0.0213  p=[0.555 0.425 0.145 0.038 0.971 0.482 0.365]
   602          897        0.0212943         contract inside
  eval: e=0.0213  p=[0.560 0.430 0.138 0.038 0.972 0.484 0.363]
   603          898        0.0212943         reflect
  eval: e=0.0213  p=[0.559 0.427 0.143 0.038 0.965 0.484 0.363]
   604          899        0.0212943         reflect
  eval: e=0.0213  p=[0.553 0.424 0.149 0.038 0.961 0.483 0.362]
   605          900        0.0212943         reflect
  eval: e=0.0213  p=[0.553 0.426 0.147 0.038 0.965 0.484 0.362]
  eval: e=0.0213  p=[0.551 0.425 0.149 0.038 0.963 0.485 0.361]
   606          902        0.0212925         reflect
  eval: e=0.0213  p=[0.558 0.429 0.139 0.038 0.975 0.484 0.363]
   607          903        0.0212925         reflect
  eval: e=0.0213  p=[0.550 0.423 0.150 0.038 0.965 0.482 0.363]
   608          904        0.0212925         reflect
  eval: e=0.0213  p=[0.552 0.426 0.142 0.038 0.973 0.483 0.360]
  eval: e=0.0213  p=[0.550 0.427 0.140 0.038 0.977 0.484 0.358]
   609          906        0.0212854         expand
  eval: e=0.0213  p=[0.552 0.427 0.142 0.038 0.968 0.485 0.357]
   610          907        0.0212854         reflect
  eval: e=0.0213  p=[0.559 0.430 0.135 0.038 0.972 0.485 0.359]
   611          908        0.0212854         reflect
  eval: e=0.0213  p=[0.560 0.433 0.131 0.038 0.976 0.486 0.358]
  eval: e=0.0213  p=[0.553 0.425 0.145 0.038 0.968 0.483 0.361]
   612          910        0.0212854         contract inside
  eval: e=0.0213  p=[0.551 0.425 0.144 0.039 0.964 0.484 0.357]
  eval: e=0.0213  p=[0.553 0.426 0.143 0.038 0.967 0.484 0.358]
   613          912        0.0212854         contract outside
  eval: e=0.0213  p=[0.549 0.427 0.140 0.038 0.975 0.484 0.355]
   614          913        0.0212854         reflect
  eval: e=0.0213  p=[0.550 0.425 0.146 0.038 0.968 0.484 0.359]
   615          914        0.0212854         reflect
  eval: e=0.0213  p=[0.551 0.428 0.137 0.038 0.976 0.484 0.354]
  eval: e=0.0213  p=[0.550 0.429 0.131 0.039 0.982 0.485 0.351]
   616          916        0.0212854         reflect
  eval: e=0.0213  p=[0.551 0.429 0.135 0.038 0.976 0.486 0.353]
  eval: e=0.0213  p=[0.550 0.431 0.130 0.038 0.980 0.487 0.349]
   617          918         0.021285         reflect
  eval: e=0.0213  p=[0.550 0.429 0.136 0.038 0.979 0.485 0.355]
  eval: e=0.0213  p=[0.549 0.430 0.133 0.038 0.986 0.485 0.353]
   618          920        0.0212836         reflect
  eval: e=0.0213  p=[0.542 0.424 0.143 0.039 0.976 0.484 0.353]
  eval: e=0.0213  p=[0.555 0.429 0.137 0.038 0.973 0.485 0.357]
   619          922        0.0212836         contract inside
  eval: e=0.0213  p=[0.550 0.429 0.135 0.038 0.982 0.484 0.354]
   620          923        0.0212836         reflect
  eval: e=0.0213  p=[0.552 0.431 0.129 0.038 0.986 0.485 0.351]
  eval: e=0.0213  p=[0.550 0.427 0.141 0.038 0.972 0.484 0.357]
   621          925        0.0212836         contract inside
  eval: e=0.0213  p=[0.554 0.430 0.135 0.038 0.978 0.485 0.356]
   622          926        0.0212836         reflect
  eval: e=0.0213  p=[0.547 0.428 0.137 0.038 0.981 0.484 0.353]
   623          927        0.0212836         reflect
  eval: e=0.0213  p=[0.551 0.430 0.133 0.038 0.979 0.486 0.352]
   624          928        0.0212836         reflect
  eval: e=0.0213  p=[0.550 0.429 0.136 0.038 0.980 0.485 0.354]
   625          929        0.0212836         reflect
  eval: e=0.0213  p=[0.550 0.428 0.137 0.038 0.982 0.484 0.356]
  eval: e=0.0213  p=[0.551 0.429 0.136 0.038 0.977 0.485 0.354]
   626          931        0.0212832         contract inside
  eval: e=0.0213  p=[0.551 0.428 0.137 0.038 0.977 0.484 0.355]
  eval: e=0.0213  p=[0.550 0.429 0.136 0.038 0.979 0.485 0.355]
   627          933        0.0212831         contract inside
  eval: e=0.0213  p=[0.550 0.427 0.140 0.038 0.978 0.484 0.358]
  eval: e=0.0213  p=[0.550 0.429 0.135 0.038 0.979 0.485 0.353]
   628          935        0.0212831         contract inside
  eval: e=0.0213  p=[0.554 0.430 0.136 0.038 0.975 0.485 0.356]
  eval: e=0.0213  p=[0.549 0.428 0.137 0.038 0.980 0.485 0.354]
   629          937         0.021283         contract inside
  eval: e=0.0213  p=[0.551 0.431 0.130 0.038 0.986 0.485 0.352]
  eval: e=0.0213  p=[0.550 0.428 0.139 0.038 0.976 0.485 0.356]
   630          939        0.0212829         contract inside
  eval: e=0.0213  p=[0.551 0.429 0.137 0.038 0.975 0.486 0.355]
  eval: e=0.0213  p=[0.551 0.429 0.137 0.038 0.977 0.485 0.355]
   631          941        0.0212829         contract outside
  eval: e=0.0213  p=[0.547 0.428 0.138 0.038 0.978 0.485 0.353]
  eval: e=0.0213  p=[0.549 0.428 0.137 0.038 0.978 0.485 0.354]
   632          943        0.0212829         contract outside
  eval: e=0.0213  p=[0.550 0.428 0.137 0.038 0.977 0.485 0.354]
  eval: e=0.0213  p=[0.550 0.428 0.137 0.038 0.977 0.485 0.354]
   633          945        0.0212828         contract outside
  eval: e=0.0213  p=[0.549 0.428 0.137 0.038 0.979 0.485 0.355]
   634          946        0.0212828         reflect
  eval: e=0.0213  p=[0.549 0.428 0.138 0.038 0.976 0.485 0.354]
  eval: e=0.0213  p=[0.550 0.429 0.136 0.038 0.979 0.485 0.354]
   635          948        0.0212828         contract inside
  eval: e=0.0213  p=[0.548 0.428 0.137 0.038 0.980 0.484 0.354]
  eval: e=0.0213  p=[0.550 0.429 0.137 0.038 0.977 0.485 0.355]
   636          950        0.0212828         contract inside
  eval: e=0.0213  p=[0.549 0.427 0.139 0.038 0.977 0.485 0.356]
  eval: e=0.0213  p=[0.549 0.428 0.138 0.038 0.978 0.485 0.355]
   637          952        0.0212828         contract outside
  eval: e=0.0213  p=[0.551 0.428 0.137 0.038 0.978 0.484 0.356]
   638          953        0.0212828         reflect
  eval: e=0.0213  p=[0.551 0.428 0.138 0.038 0.975 0.485 0.356]
  eval: e=0.0213  p=[0.550 0.428 0.137 0.038 0.979 0.485 0.355]
   639          955        0.0212827         contract inside
  eval: e=0.0213  p=[0.551 0.428 0.137 0.038 0.976 0.485 0.355]
   640          956        0.0212827         reflect
  eval: e=0.0213  p=[0.549 0.428 0.137 0.038 0.977 0.485 0.354]
  eval: e=0.0213  p=[0.550 0.428 0.137 0.038 0.978 0.485 0.355]
   641          958        0.0212827         contract inside
  eval: e=0.0213  p=[0.550 0.429 0.136 0.038 0.979 0.485 0.354]
  eval: e=0.0213  p=[0.550 0.429 0.136 0.038 0.979 0.485 0.354]
   642          960        0.0212827         contract outside
  eval: e=0.0213  p=[0.550 0.428 0.137 0.038 0.978 0.485 0.355]
  eval: e=0.0213  p=[0.550 0.428 0.137 0.038 0.978 0.485 0.354]
   643          962        0.0212827         contract inside
  eval: e=0.0213  p=[0.550 0.428 0.138 0.038 0.977 0.485 0.355]
  eval: e=0.0213  p=[0.550 0.428 0.138 0.038 0.976 0.485 0.355]
   644          964        0.0212827         reflect
  eval: e=0.0213  p=[0.551 0.429 0.136 0.038 0.978 0.485 0.354]
  eval: e=0.0213  p=[0.551 0.429 0.136 0.038 0.978 0.485 0.355]
   645          966        0.0212827         contract outside
  eval: e=0.0213  p=[0.549 0.428 0.137 0.038 0.979 0.485 0.354]
  eval: e=0.0213  p=[0.551 0.428 0.137 0.038 0.977 0.485 0.355]
   646          968        0.0212827         contract inside
  eval: e=0.0213  p=[0.550 0.428 0.137 0.038 0.978 0.485 0.355]
   647          969        0.0212827         reflect
  eval: e=0.0213  p=[0.551 0.428 0.137 0.038 0.976 0.485 0.355]
  eval: e=0.0213  p=[0.550 0.428 0.137 0.038 0.978 0.485 0.355]
   648          971        0.0212826         contract inside
  eval: e=0.0213  p=[0.550 0.428 0.137 0.038 0.978 0.485 0.354]
  eval: e=0.0213  p=[0.550 0.428 0.137 0.038 0.978 0.485 0.355]
   649          973        0.0212826         contract inside
  eval: e=0.0213  p=[0.550 0.428 0.137 0.038 0.978 0.485 0.355]
  eval: e=0.0213  p=[0.551 0.428 0.137 0.038 0.978 0.484 0.355]
   650          975        0.0212826         reflect
  eval: e=0.0213  p=[0.550 0.428 0.138 0.038 0.978 0.485 0.355]
  eval: e=0.0213  p=[0.550 0.428 0.137 0.038 0.978 0.485 0.355]
   651          977        0.0212826         contract inside
  eval: e=0.0213  p=[0.551 0.428 0.138 0.038 0.976 0.484 0.356]
  eval: e=0.0213  p=[0.550 0.428 0.137 0.038 0.978 0.485 0.355]
   652          979        0.0212826         contract inside
  eval: e=0.0213  p=[0.550 0.429 0.136 0.038 0.979 0.485 0.355]
  eval: e=0.0213  p=[0.550 0.428 0.137 0.038 0.977 0.485 0.355]
   653          981        0.0212826         contract inside
  eval: e=0.0213  p=[0.550 0.428 0.137 0.038 0.978 0.485 0.355]
  eval: e=0.0213  p=[0.550 0.428 0.137 0.038 0.977 0.485 0.355]
   654          983        0.0212826         contract inside
  eval: e=0.0213  p=[0.551 0.429 0.137 0.038 0.977 0.485 0.355]
  eval: e=0.0213  p=[0.550 0.428 0.137 0.038 0.978 0.485 0.355]
   655          985        0.0212826         contract inside
  eval: e=0.0213  p=[0.550 0.428 0.137 0.038 0.978 0.485 0.355]
  eval: e=0.0213  p=[0.550 0.428 0.137 0.038 0.977 0.485 0.355]
   656          987        0.0212826         contract inside
  eval: e=0.0213  p=[0.550 0.428 0.137 0.038 0.978 0.485 0.355]
   657          988        0.0212826         reflect
  eval: e=0.0213  p=[0.551 0.428 0.137 0.038 0.977 0.485 0.355]
   658          989        0.0212826         reflect
  eval: e=0.0213  p=[0.551 0.428 0.137 0.038 0.977 0.485 0.355]
  eval: e=0.0213  p=[0.550 0.428 0.137 0.038 0.977 0.485 0.355]
   659          991        0.0212826         contract outside
  eval: e=0.0213  p=[0.550 0.428 0.137 0.038 0.978 0.485 0.355]
   660          992        0.0212826         reflect
  eval: e=0.0213  p=[0.550 0.428 0.137 0.038 0.978 0.485 0.355]
  eval: e=0.0213  p=[0.550 0.428 0.137 0.038 0.978 0.485 0.355]
   661          994        0.0212826         contract outside
  eval: e=0.0213  p=[0.550 0.428 0.137 0.038 0.978 0.485 0.355]
   662          995        0.0212826         reflect
  eval: e=0.0213  p=[0.551 0.428 0.137 0.038 0.977 0.485 0.355]
  eval: e=0.0213  p=[0.550 0.428 0.137 0.038 0.978 0.485 0.355]
   663          997        0.0212826         contract inside
  eval: e=0.0213  p=[0.550 0.428 0.137 0.038 0.978 0.485 0.355]
  eval: e=0.0213  p=[0.550 0.428 0.137 0.038 0.977 0.485 0.355]
   664          999        0.0212826         contract inside
  eval: e=0.0213  p=[0.551 0.428 0.137 0.038 0.977 0.485 0.355]
  eval: e=0.0213  p=[0.550 0.428 0.137 0.038 0.978 0.485 0.355]
  eval: e=0.0213  p=[0.550 0.428 0.137 0.038 0.978 0.485 0.355]
  eval: e=0.0213  p=[0.550 0.428 0.137 0.038 0.978 0.485 0.355]
  eval: e=0.0213  p=[0.550 0.428 0.137 0.038 0.978 0.485 0.355]
  eval: e=0.0213  p=[0.550 0.428 0.137 0.038 0.978 0.485 0.355]
  eval: e=0.0213  p=[0.550 0.428 0.137 0.038 0.978 0.485 0.355]
  eval: e=0.0213  p=[0.550 0.428 0.137 0.038 0.978 0.485 0.355]
  eval: e=0.0213  p=[0.550 0.428 0.137 0.038 0.978 0.485 0.355]
   665         1008        0.0212826         shrink
  eval: e=0.0213  p=[0.550 0.428 0.137 0.038 0.978 0.485 0.355]
  eval: e=0.0213  p=[0.550 0.428 0.137 0.038 0.978 0.485 0.355]
   666         1010        0.0212826         contract inside
  eval: e=0.0213  p=[0.550 0.428 0.137 0.038 0.978 0.485 0.355]
  eval: e=0.0213  p=[0.550 0.428 0.137 0.038 0.978 0.485 0.355]
  eval: e=0.0213  p=[0.550 0.428 0.137 0.038 0.978 0.485 0.355]
  eval: e=0.0213  p=[0.550 0.428 0.137 0.038 0.978 0.485 0.355]
  eval: e=0.0213  p=[0.550 0.428 0.137 0.038 0.978 0.485 0.355]
  eval: e=0.0213  p=[0.550 0.428 0.137 0.038 0.978 0.485 0.355]
  eval: e=0.0213  p=[0.550 0.428 0.137 0.038 0.978 0.485 0.355]
  eval: e=0.0213  p=[0.550 0.428 0.137 0.038 0.978 0.485 0.355]
  eval: e=0.0213  p=[0.550 0.428 0.137 0.038 0.978 0.485 0.355]
   667         1019        0.0212826         shrink
 
Optimization terminated:
 the current x satisfies the termination criteria using OPTIONS.TolX of 1.000000e-04 
 and F(X) satisfies the convergence criteria using OPTIONS.TolFun of 1.000000e-06 

=== Fit complete: error=0.021283  AIC=-3716.5 ===
