  eval: e=0.1305  p=[0.863 0.461 0.000 0.017 0.484 0.377]
 
 Iteration   Func-count         f(x)         Procedure
     0            1         0.130492         
  eval: e=0.1304  p=[0.906 0.461 0.000 0.017 0.484 0.377]
  eval: e=0.1307  p=[0.863 0.484 0.000 0.017 0.484 0.377]
  eval: e=0.1305  p=[0.863 0.461 0.000 0.017 0.484 0.377]
  eval: e=0.1305  p=[0.863 0.461 0.000 0.018 0.484 0.377]
  eval: e=0.1333  p=[0.863 0.461 0.000 0.017 0.508 0.377]
  eval: e=0.1308  p=[0.863 0.461 0.000 0.017 0.484 0.396]
     1            7         0.130399         initial simplex
  eval: e=0.1288  p=[0.877 0.469 0.000 0.017 0.460 0.383]
  eval: e=0.1286  p=[0.885 0.473 0.000 0.017 0.436 0.386]
     2            9         0.128638         expand
  eval: e=0.1299  p=[0.885 0.473 0.000 0.017 0.468 0.361]
     3           10         0.128638         reflect
  eval: e=0.1297  p=[0.892 0.446 0.000 0.018 0.462 0.375]
     4           11         0.128638         reflect
  eval: e=0.1288  p=[0.901 0.464 0.000 0.017 0.455 0.374]
     5           12         0.128638         reflect
  eval: e=0.1286  p=[0.914 0.464 0.000 0.017 0.446 0.373]
  eval: e=0.1292  p=[0.940 0.466 0.000 0.018 0.427 0.371]
     6           14         0.128562         reflect
  eval: e=0.1287  p=[0.931 0.466 0.000 0.017 0.433 0.372]
     7           15         0.128562         reflect
  eval: e=0.1306  p=[0.896 0.467 0.000 0.018 0.416 0.370]
  eval: e=0.1292  p=[0.904 0.463 0.000 0.017 0.467 0.375]
     8           17         0.128562         contract inside
  eval: e=0.1282  p=[0.924 0.452 0.000 0.017 0.432 0.391]
  eval: e=0.1290  p=[0.944 0.442 0.000 0.017 0.414 0.406]
     9           19         0.128238         reflect
  eval: e=0.1315  p=[0.928 0.481 0.000 0.017 0.427 0.382]
  eval: e=0.1287  p=[0.901 0.455 0.000 0.017 0.454 0.377]
    10           21         0.128238         contract inside
  eval: e=0.1287  p=[0.915 0.462 0.000 0.017 0.418 0.382]
    11           22         0.128238         reflect
  eval: e=0.1284  p=[0.922 0.460 0.000 0.018 0.417 0.386]
    12           23         0.128238         reflect
  eval: e=0.1282  p=[0.889 0.456 0.000 0.017 0.434 0.393]
  eval: e=0.1284  p=[0.868 0.452 0.000 0.017 0.435 0.404]
    13           25         0.128188         reflect
  eval: e=0.1286  p=[0.897 0.458 0.000 0.018 0.455 0.387]
    14           26         0.128188         reflect
  eval: e=0.1284  p=[0.909 0.467 0.000 0.018 0.420 0.395]
    15           27         0.128188         reflect
  eval: e=0.1284  p=[0.934 0.447 0.000 0.018 0.432 0.389]
    16           28         0.128188         reflect
  eval: e=0.1290  p=[0.934 0.457 0.000 0.017 0.406 0.390]
  eval: e=0.1283  p=[0.906 0.458 0.000 0.018 0.443 0.387]
    17           30         0.128188         contract inside
  eval: e=0.1284  p=[0.914 0.449 0.000 0.018 0.414 0.407]
  eval: e=0.1282  p=[0.914 0.453 0.000 0.018 0.422 0.399]
    18           32         0.128188         contract outside
  eval: e=0.1285  p=[0.904 0.451 0.000 0.017 0.443 0.398]
  eval: e=0.1280  p=[0.917 0.458 0.000 0.018 0.424 0.389]
    19           34          0.12797         contract inside
  eval: e=0.1290  p=[0.919 0.441 0.000 0.017 0.443 0.387]
  eval: e=0.1279  p=[0.912 0.460 0.000 0.018 0.425 0.393]
    20           36         0.127912         contract inside
  eval: e=0.1280  p=[0.887 0.466 0.000 0.017 0.428 0.396]
    21           37         0.127912         reflect
  eval: e=0.1282  p=[0.909 0.457 0.000 0.017 0.412 0.400]
    22           38         0.127912         reflect
  eval: e=0.1283  p=[0.885 0.464 0.000 0.018 0.417 0.399]
  eval: e=0.1281  p=[0.915 0.455 0.000 0.017 0.428 0.393]
    23           40         0.127912         contract inside
  eval: e=0.1281  p=[0.895 0.465 0.000 0.017 0.429 0.389]
    24           41         0.127912         reflect
  eval: e=0.1283  p=[0.896 0.463 0.000 0.018 0.444 0.385]
  eval: e=0.1280  p=[0.906 0.459 0.000 0.017 0.420 0.396]
    25           43         0.127912         contract inside
  eval: e=0.1286  p=[0.921 0.464 0.000 0.018 0.417 0.392]
  eval: e=0.1281  p=[0.897 0.458 0.000 0.017 0.430 0.393]
    26           45         0.127912         contract inside
  eval: e=0.1283  p=[0.890 0.467 0.000 0.018 0.424 0.393]
  eval: e=0.1280  p=[0.908 0.458 0.000 0.017 0.427 0.393]
    27           47         0.127912         contract inside
  eval: e=0.1281  p=[0.914 0.455 0.000 0.018 0.422 0.398]
  eval: e=0.1280  p=[0.900 0.462 0.000 0.017 0.427 0.391]
    28           49         0.127912         contract inside
  eval: e=0.1282  p=[0.913 0.463 0.000 0.018 0.420 0.393]
  eval: e=0.1280  p=[0.901 0.459 0.000 0.017 0.428 0.393]
    29           51         0.127912         contract inside
  eval: e=0.1280  p=[0.899 0.463 0.000 0.018 0.424 0.393]
  eval: e=0.1279  p=[0.906 0.459 0.000 0.017 0.426 0.393]
    30           53         0.127912         contract inside
  eval: e=0.1280  p=[0.927 0.454 0.000 0.018 0.423 0.390]
  eval: e=0.1279  p=[0.897 0.463 0.000 0.017 0.426 0.394]
    31           55         0.127912         contract inside
  eval: e=0.1280  p=[0.912 0.461 0.000 0.018 0.422 0.393]
  eval: e=0.1279  p=[0.904 0.460 0.000 0.017 0.426 0.393]
    32           57         0.127912         contract inside
  eval: e=0.1280  p=[0.906 0.462 0.000 0.018 0.432 0.389]
  eval: e=0.1280  p=[0.906 0.459 0.000 0.017 0.423 0.394]
    33           59         0.127912         contract inside
  eval: e=0.1280  p=[0.914 0.458 0.000 0.018 0.423 0.394]
    34           60         0.127912         reflect
  eval: e=0.1279  p=[0.895 0.462 0.000 0.017 0.426 0.398]
  eval: e=0.1279  p=[0.884 0.464 0.000 0.017 0.427 0.402]
    35           62          0.12786         expand
  eval: e=0.1279  p=[0.900 0.462 0.000 0.017 0.428 0.396]
    36           63          0.12786         reflect
  eval: e=0.1279  p=[0.887 0.465 0.000 0.017 0.430 0.396]
    37           64          0.12786         reflect
  eval: e=0.1279  p=[0.888 0.465 0.000 0.017 0.428 0.399]
    38           65          0.12786         reflect
  eval: e=0.1280  p=[0.891 0.464 0.000 0.017 0.426 0.397]
  eval: e=0.1279  p=[0.898 0.462 0.000 0.017 0.428 0.396]
    39           67          0.12786         contract inside
  eval: e=0.1279  p=[0.894 0.463 0.000 0.017 0.429 0.399]
    40           68          0.12786         reflect
  eval: e=0.1279  p=[0.884 0.467 0.000 0.017 0.430 0.402]
  eval: e=0.1278  p=[0.874 0.470 0.000 0.017 0.432 0.407]
    41           70          0.12784         expand
  eval: e=0.1279  p=[0.887 0.466 0.000 0.017 0.428 0.399]
  eval: e=0.1279  p=[0.892 0.464 0.000 0.017 0.429 0.399]
    42           72          0.12784         contract inside
  eval: e=0.1279  p=[0.894 0.463 0.000 0.017 0.429 0.399]
    43           73          0.12784         reflect
  eval: e=0.1279  p=[0.898 0.463 0.000 0.017 0.426 0.403]
    44           74          0.12784         reflect
  eval: e=0.1279  p=[0.868 0.469 0.000 0.017 0.431 0.409]
    45           75          0.12784         reflect
  eval: e=0.1278  p=[0.880 0.467 0.000 0.017 0.429 0.406]
  eval: e=0.1278  p=[0.874 0.468 0.000 0.017 0.429 0.410]
    46           77         0.127795         expand
  eval: e=0.1278  p=[0.866 0.470 0.000 0.016 0.430 0.414]
    47           78         0.127795         reflect
  eval: e=0.1278  p=[0.861 0.471 0.000 0.016 0.430 0.416]
  eval: e=0.1277  p=[0.844 0.475 0.000 0.016 0.431 0.424]
    48           80         0.127698         expand
  eval: e=0.1277  p=[0.857 0.475 0.000 0.016 0.433 0.420]
    49           81         0.127698         reflect
  eval: e=0.1277  p=[0.869 0.472 0.000 0.017 0.429 0.417]
  eval: e=0.1276  p=[0.870 0.474 0.000 0.016 0.428 0.421]
    50           83         0.127648         expand
  eval: e=0.1277  p=[0.831 0.481 0.000 0.016 0.434 0.429]
    51           84         0.127648         reflect
  eval: e=0.1276  p=[0.840 0.478 0.000 0.016 0.430 0.432]
  eval: e=0.1275  p=[0.823 0.481 0.000 0.015 0.429 0.445]
    52           86         0.127526         expand
  eval: e=0.1276  p=[0.833 0.481 0.000 0.016 0.431 0.435]
    53           87         0.127526         reflect
  eval: e=0.1275  p=[0.813 0.488 0.000 0.015 0.433 0.448]
  eval: e=0.1273  p=[0.782 0.497 0.000 0.015 0.434 0.467]
    54           89           0.1273         expand
  eval: e=0.1274  p=[0.804 0.489 0.000 0.015 0.430 0.454]
    55           90           0.1273         reflect
  eval: e=0.1273  p=[0.803 0.493 0.000 0.015 0.431 0.460]
    56           91           0.1273         reflect
  eval: e=0.1273  p=[0.808 0.490 0.000 0.015 0.427 0.465]
  eval: e=0.1272  p=[0.796 0.495 0.000 0.015 0.423 0.483]
    57           93         0.127173         expand
  eval: e=0.1271  p=[0.744 0.505 0.000 0.014 0.432 0.494]
  eval: e=0.1268  p=[0.680 0.520 0.000 0.012 0.434 0.530]
    58           95         0.126842         expand
  eval: e=0.1269  p=[0.730 0.510 0.000 0.013 0.430 0.511]
    59           96         0.126842         reflect
  eval: e=0.1268  p=[0.709 0.520 0.001 0.013 0.432 0.523]
  eval: e=0.1264  p=[0.652 0.540 0.001 0.011 0.433 0.563]
    60           98         0.126447         expand
  eval: e=0.1266  p=[0.677 0.530 0.001 0.012 0.432 0.551]
    61           99         0.126447         reflect
  eval: e=0.1265  p=[0.636 0.538 0.001 0.011 0.431 0.575]
    62          100         0.126447         reflect
  eval: e=0.1266  p=[0.609 0.547 0.001 0.010 0.426 0.604]
    63          101         0.126447         reflect
  eval: e=0.1265  p=[0.532 0.567 0.001 0.009 0.439 0.628]
    64          102         0.126447         reflect
  eval: e=0.1264  p=[0.532 0.570 0.001 0.009 0.435 0.639]
  eval: e=0.1273  p=[0.434 0.600 0.001 0.007 0.438 0.703]
    65          104         0.126423         reflect
  eval: e=0.1263  p=[0.532 0.577 0.001 0.008 0.431 0.656]
  eval: e=0.1267  p=[0.458 0.605 0.001 0.007 0.430 0.720]
    66          106         0.126325         reflect
  eval: e=0.1263  p=[0.579 0.560 0.001 0.010 0.441 0.600]
  eval: e=0.1264  p=[0.564 0.566 0.001 0.010 0.448 0.598]
    67          108         0.126303         reflect
  eval: e=0.1266  p=[0.477 0.588 0.001 0.008 0.438 0.670]
  eval: e=0.1264  p=[0.627 0.544 0.001 0.011 0.433 0.580]
    68          110         0.126303         contract inside
  eval: e=0.1262  p=[0.516 0.581 0.001 0.008 0.440 0.647]
  eval: e=0.1264  p=[0.456 0.602 0.001 0.007 0.445 0.684]
    69          112          0.12622         reflect
  eval: e=0.1262  p=[0.614 0.557 0.001 0.010 0.432 0.601]
  eval: e=0.1261  p=[0.656 0.552 0.001 0.011 0.429 0.587]
    70          114         0.126128         expand
  eval: e=0.1263  p=[0.495 0.588 0.001 0.008 0.437 0.674]
    71          115         0.126128         reflect
  eval: e=0.1261  p=[0.603 0.564 0.001 0.010 0.435 0.609]
  eval: e=0.1260  p=[0.638 0.561 0.001 0.011 0.435 0.594]
    72          117         0.126048         expand
  eval: e=0.1258  p=[0.511 0.596 0.001 0.008 0.437 0.673]
  eval: e=0.1256  p=[0.453 0.621 0.001 0.007 0.439 0.719]
    73          119         0.125566         expand
  eval: e=0.1261  p=[0.629 0.562 0.001 0.011 0.435 0.594]
    74          120         0.125566         reflect
  eval: e=0.1264  p=[0.625 0.569 0.001 0.011 0.442 0.591]
  eval: e=0.1260  p=[0.555 0.575 0.001 0.009 0.434 0.640]
    75          122         0.125566         contract inside
  eval: e=0.1255  p=[0.570 0.591 0.001 0.009 0.430 0.661]
  eval: e=0.1252  p=[0.566 0.606 0.001 0.009 0.424 0.691]
    76          124         0.125195         expand
  eval: e=0.1258  p=[0.650 0.578 0.001 0.011 0.425 0.628]
    77          125         0.125195         reflect
  eval: e=0.1251  p=[0.508 0.616 0.001 0.007 0.435 0.701]
  eval: e=0.1248  p=[0.435 0.648 0.001 0.005 0.438 0.758]
    78          127         0.124759         expand
  eval: e=0.1249  p=[0.470 0.634 0.001 0.006 0.430 0.749]
    79          128         0.124759         reflect
  eval: e=0.1250  p=[0.405 0.660 0.001 0.005 0.429 0.801]
    80          129         0.124759         reflect
  eval: e=0.1237  p=[0.437 0.675 0.002 0.005 0.428 0.809]
  eval: e=0.1614  p=[0.378 0.724 0.002 0.003 0.426 0.893]
    81          131         0.123665         reflect
  eval: e=0.1265  p=[0.272 0.703 0.002 0.002 0.438 0.881]
  eval: e=0.1252  p=[0.556 0.610 0.001 0.009 0.428 0.691]
    82          133         0.123665         contract inside
  eval: e=0.1254  p=[0.503 0.656 0.002 0.007 0.420 0.781]
  eval: e=0.1250  p=[0.490 0.647 0.001 0.007 0.425 0.765]
    83          135         0.123665         contract outside
  eval: e=0.1208  p=[0.379 0.681 0.002 0.004 0.430 0.833]
  eval: e=0.1252  p=[0.291 0.716 0.002 0.002 0.431 0.905]
    84          137          0.12079         reflect
  eval: e=0.1252  p=[0.306 0.708 0.002 0.002 0.436 0.881]
  eval: e=0.1217  p=[0.371 0.683 0.002 0.004 0.433 0.833]
    85          139          0.12079         contract outside
  eval: e=0.1216  p=[0.342 0.679 0.002 0.003 0.438 0.829]
    86          140          0.12079         reflect
  eval: e=0.1226  p=[0.406 0.673 0.002 0.004 0.437 0.803]
    87          141          0.12079         reflect
  eval: e=0.1302  p=[0.320 0.712 0.002 0.002 0.438 0.873]
  eval: e=0.1248  p=[0.432 0.654 0.001 0.005 0.432 0.780]
    88          143          0.12079         contract inside
  eval: e=0.1249  p=[0.358 0.692 0.002 0.003 0.436 0.842]
  eval: e=0.1245  p=[0.414 0.663 0.002 0.005 0.433 0.796]
    89          145          0.12079         contract inside
  eval: e=0.1251  p=[0.348 0.704 0.002 0.003 0.428 0.876]
  eval: e=0.1242  p=[0.413 0.662 0.002 0.005 0.436 0.788]
    90          147          0.12079         contract inside
  eval: e=0.1234  p=[0.369 0.687 0.002 0.004 0.434 0.836]
    91          148          0.12079         reflect
  eval: e=0.1244  p=[0.355 0.698 0.002 0.003 0.431 0.860]
  eval: e=0.1212  p=[0.399 0.671 0.002 0.005 0.435 0.806]
    92          150          0.12079         contract inside
  eval: e=0.1260  p=[0.318 0.683 0.002 0.003 0.441 0.838]
  eval: e=0.1223  p=[0.408 0.677 0.002 0.005 0.431 0.816]
    93          152          0.12079         contract inside
  eval: e=0.1245  p=[0.399 0.667 0.002 0.005 0.434 0.804]
  eval: e=0.1223  p=[0.377 0.682 0.002 0.004 0.434 0.828]
    94          154          0.12079         contract inside
  eval: e=0.1207  p=[0.352 0.685 0.002 0.004 0.430 0.845]
  eval: e=0.1257  p=[0.325 0.690 0.002 0.003 0.426 0.867]
    95          156         0.120697         reflect
  eval: e=0.1245  p=[0.373 0.676 0.002 0.004 0.432 0.826]
  eval: e=0.1217  p=[0.376 0.681 0.002 0.004 0.434 0.828]
    96          158         0.120697         contract inside
  eval: e=0.1256  p=[0.332 0.683 0.002 0.003 0.435 0.842]
  eval: e=0.1216  p=[0.389 0.678 0.002 0.004 0.432 0.823]
    97          160         0.120697         contract inside
  eval: e=0.1206  p=[0.374 0.675 0.002 0.004 0.433 0.821]
  eval: e=0.1248  p=[0.376 0.671 0.001 0.004 0.433 0.815]
    98          162         0.120612         reflect
  eval: e=0.1247  p=[0.369 0.675 0.002 0.004 0.433 0.825]
  eval: e=0.1213  p=[0.374 0.679 0.002 0.004 0.433 0.827]
    99          164         0.120612         contract inside
  eval: e=0.1252  p=[0.351 0.678 0.002 0.004 0.434 0.831]
  eval: e=0.1212  p=[0.379 0.678 0.002 0.004 0.433 0.825]
   100          166         0.120612         contract inside
  eval: e=0.1212  p=[0.411 0.677 0.002 0.005 0.427 0.824]
   101          167         0.120612         reflect
  eval: e=0.1203  p=[0.390 0.676 0.002 0.004 0.429 0.824]
  eval: e=0.1239  p=[0.399 0.674 0.002 0.004 0.427 0.823]
   102          169         0.120342         reflect
  eval: e=0.1251  p=[0.347 0.678 0.002 0.004 0.437 0.828]
  eval: e=0.1208  p=[0.395 0.677 0.002 0.004 0.429 0.825]
   103          171         0.120342         contract inside
  eval: e=0.1202  p=[0.384 0.676 0.002 0.004 0.429 0.827]
  eval: e=0.1245  p=[0.386 0.676 0.002 0.004 0.428 0.828]
   104          173          0.12017         reflect
  eval: e=0.1201  p=[0.359 0.686 0.002 0.004 0.426 0.853]
  eval: e=0.1250  p=[0.340 0.694 0.002 0.003 0.421 0.876]
   105          175         0.120094         reflect
  eval: e=0.1250  p=[0.352 0.682 0.002 0.004 0.430 0.843]
  eval: e=0.1206  p=[0.384 0.678 0.002 0.004 0.429 0.829]
   106          177         0.120094         contract inside
  eval: e=0.1246  p=[0.369 0.678 0.002 0.004 0.429 0.833]
  eval: e=0.1206  p=[0.376 0.680 0.002 0.004 0.430 0.833]
   107          179         0.120094         contract inside
  eval: e=0.1234  p=[0.404 0.673 0.002 0.005 0.429 0.817]
  eval: e=0.1205  p=[0.365 0.682 0.002 0.004 0.430 0.838]
   108          181         0.120094         contract inside
  eval: e=0.1203  p=[0.379 0.684 0.002 0.004 0.424 0.847]
   109          182         0.120094         reflect
  eval: e=0.1200  p=[0.367 0.683 0.002 0.004 0.427 0.845]
  eval: e=0.1247  p=[0.359 0.685 0.002 0.004 0.425 0.853]
   110          184         0.120046         reflect
  eval: e=0.1239  p=[0.372 0.682 0.002 0.004 0.425 0.845]
  eval: e=0.1204  p=[0.375 0.681 0.002 0.004 0.429 0.836]
   111          186         0.120046         contract inside
  eval: e=0.1199  p=[0.387 0.681 0.002 0.004 0.425 0.839]
  eval: e=0.1197  p=[0.397 0.680 0.002 0.004 0.422 0.840]
   112          188         0.119705         expand
  eval: e=0.1198  p=[0.384 0.681 0.002 0.004 0.424 0.842]
   113          189         0.119705         reflect
  eval: e=0.1197  p=[0.366 0.688 0.002 0.004 0.422 0.860]
   114          190         0.119705         reflect
  eval: e=0.1247  p=[0.374 0.680 0.002 0.004 0.425 0.842]
  eval: e=0.1201  p=[0.378 0.683 0.002 0.004 0.425 0.846]
   115          192         0.119705         contract inside
  eval: e=0.1198  p=[0.367 0.691 0.002 0.004 0.419 0.868]
   116          193         0.119705         reflect
  eval: e=0.1197  p=[0.394 0.683 0.002 0.004 0.421 0.848]
  eval: e=0.1196  p=[0.411 0.681 0.002 0.004 0.418 0.845]
   117          195         0.119617         expand
  eval: e=0.1237  p=[0.387 0.685 0.002 0.004 0.419 0.854]
  eval: e=0.1199  p=[0.380 0.684 0.002 0.004 0.423 0.848]
   118          197         0.119617         contract inside
  eval: e=0.1197  p=[0.401 0.685 0.002 0.004 0.416 0.856]
   119          198         0.119617         reflect
  eval: e=0.1195  p=[0.396 0.685 0.002 0.004 0.417 0.856]
  eval: e=0.1194  p=[0.403 0.686 0.002 0.004 0.414 0.860]
   120          200         0.119411         expand
  eval: e=0.1241  p=[0.421 0.676 0.002 0.005 0.420 0.833]
  eval: e=0.1197  p=[0.380 0.687 0.002 0.004 0.419 0.859]
   121          202         0.119411         contract inside
  eval: e=0.1198  p=[0.403 0.688 0.002 0.004 0.413 0.864]
  eval: e=0.1196  p=[0.389 0.683 0.002 0.004 0.421 0.848]
   122          204         0.119411         contract inside
  eval: e=0.1235  p=[0.427 0.680 0.002 0.005 0.415 0.842]
  eval: e=0.1196  p=[0.382 0.686 0.002 0.004 0.420 0.856]
   123          206         0.119411         contract inside
  eval: e=0.1235  p=[0.386 0.682 0.002 0.004 0.422 0.846]
  eval: e=0.1196  p=[0.397 0.684 0.002 0.004 0.418 0.854]
   124          208         0.119411         contract inside
  eval: e=0.1196  p=[0.390 0.689 0.002 0.004 0.414 0.868]
   125          209         0.119411         reflect
  eval: e=0.1228  p=[0.410 0.682 0.002 0.004 0.416 0.850]
  eval: e=0.1196  p=[0.388 0.686 0.002 0.004 0.418 0.857]
   126          211         0.119411         contract inside
  eval: e=0.1194  p=[0.390 0.686 0.002 0.004 0.418 0.857]
   127          212         0.119411         reflect
  eval: e=0.1196  p=[0.399 0.688 0.002 0.004 0.413 0.866]
  eval: e=0.1195  p=[0.391 0.684 0.002 0.004 0.419 0.852]
   128          214         0.119411         contract inside
  eval: e=0.1195  p=[0.371 0.691 0.002 0.004 0.416 0.872]
   129          215         0.119411         reflect
  eval: e=0.1195  p=[0.396 0.688 0.002 0.004 0.413 0.866]
   130          216         0.119411         reflect
  eval: e=0.1194  p=[0.390 0.684 0.002 0.004 0.419 0.854]
  eval: e=0.1239  p=[0.390 0.682 0.002 0.004 0.421 0.847]
   131          218         0.119406         reflect
  eval: e=0.1193  p=[0.393 0.687 0.002 0.004 0.415 0.863]
  eval: e=0.1191  p=[0.395 0.688 0.002 0.004 0.413 0.867]
   132          220         0.119115         expand
  eval: e=0.1193  p=[0.390 0.690 0.002 0.004 0.412 0.873]
   133          221         0.119115         reflect
  eval: e=0.1237  p=[0.384 0.687 0.002 0.004 0.417 0.861]
  eval: e=0.1194  p=[0.393 0.688 0.002 0.004 0.414 0.865]
   134          223         0.119115         contract inside
  eval: e=0.1239  p=[0.417 0.683 0.002 0.004 0.413 0.853]
  eval: e=0.1194  p=[0.382 0.689 0.002 0.004 0.416 0.867]
   135          225         0.119115         contract inside
  eval: e=0.1192  p=[0.394 0.689 0.002 0.004 0.411 0.871]
   136          226         0.119115         reflect
  eval: e=0.1192  p=[0.378 0.690 0.002 0.004 0.414 0.873]
   137          227         0.119115         reflect
  eval: e=0.1194  p=[0.388 0.693 0.002 0.004 0.408 0.884]
  eval: e=0.1193  p=[0.389 0.687 0.002 0.004 0.416 0.862]
   138          229         0.119115         contract inside
  eval: e=0.1191  p=[0.383 0.690 0.002 0.004 0.413 0.872]
  eval: e=0.1244  p=[0.379 0.691 0.002 0.004 0.412 0.876]
   139          231         0.119086         reflect
  eval: e=0.1190  p=[0.395 0.689 0.002 0.004 0.411 0.872]
  eval: e=0.1241  p=[0.401 0.689 0.002 0.004 0.408 0.874]
   140          233         0.119013         reflect
  eval: e=0.1191  p=[0.389 0.692 0.002 0.004 0.409 0.881]
   141          234         0.119013         reflect
  eval: e=0.1242  p=[0.388 0.689 0.002 0.004 0.412 0.872]
  eval: e=0.1192  p=[0.390 0.690 0.002 0.004 0.412 0.873]
   142          236         0.119013         contract inside
  eval: e=0.1241  p=[0.382 0.690 0.002 0.004 0.412 0.874]
  eval: e=0.1192  p=[0.391 0.689 0.002 0.004 0.412 0.872]
   143          238         0.119013         contract inside
  eval: e=0.1236  p=[0.388 0.689 0.002 0.004 0.412 0.873]
  eval: e=0.1191  p=[0.389 0.690 0.002 0.004 0.412 0.873]
   144          240         0.119013         contract inside
  eval: e=0.1191  p=[0.403 0.689 0.002 0.004 0.409 0.873]
   145          241         0.119013         reflect
  eval: e=0.1190  p=[0.394 0.689 0.002 0.004 0.410 0.874]
  eval: e=0.1240  p=[0.395 0.689 0.002 0.004 0.410 0.875]
   146          243         0.118978         reflect
  eval: e=0.1235  p=[0.397 0.689 0.002 0.004 0.410 0.873]
  eval: e=0.1191  p=[0.391 0.689 0.002 0.004 0.411 0.873]
   147          245         0.118978         contract inside
  eval: e=0.1190  p=[0.390 0.692 0.002 0.004 0.408 0.882]
   148          246         0.118978         reflect
  eval: e=0.1238  p=[0.396 0.688 0.002 0.004 0.412 0.868]
  eval: e=0.1191  p=[0.391 0.691 0.002 0.004 0.409 0.877]
   149          248         0.118978         contract inside
  eval: e=0.1190  p=[0.394 0.690 0.002 0.004 0.409 0.877]
  eval: e=0.1189  p=[0.396 0.691 0.002 0.004 0.408 0.879]
   150          250         0.118918         expand
  eval: e=0.1191  p=[0.406 0.690 0.002 0.004 0.405 0.880]
   151          251         0.118918         reflect
  eval: e=0.1189  p=[0.387 0.692 0.002 0.004 0.408 0.882]
   152          252         0.118918         reflect
  eval: e=0.1240  p=[0.378 0.691 0.002 0.004 0.413 0.875]
  eval: e=0.1190  p=[0.399 0.690 0.002 0.004 0.407 0.879]
   153          254         0.118918         contract inside
  eval: e=0.1239  p=[0.396 0.690 0.002 0.004 0.408 0.878]
  eval: e=0.1190  p=[0.392 0.691 0.002 0.004 0.409 0.878]
   154          256         0.118918         contract inside
  eval: e=0.1239  p=[0.397 0.689 0.002 0.004 0.410 0.873]
  eval: e=0.1190  p=[0.392 0.691 0.002 0.004 0.408 0.879]
   155          258         0.118918         contract inside
  eval: e=0.1189  p=[0.395 0.690 0.002 0.004 0.408 0.877]
  eval: e=0.1240  p=[0.397 0.690 0.002 0.004 0.408 0.877]
   156          260         0.118912         reflect
  eval: e=0.1189  p=[0.393 0.692 0.002 0.004 0.406 0.885]
   157          261         0.118912         reflect
  eval: e=0.1240  p=[0.386 0.691 0.002 0.004 0.409 0.880]
  eval: e=0.1190  p=[0.396 0.691 0.002 0.004 0.408 0.879]
   158          263         0.118912         contract inside
  eval: e=0.1239  p=[0.395 0.691 0.002 0.004 0.408 0.879]
  eval: e=0.1190  p=[0.393 0.691 0.002 0.004 0.408 0.879]
   159          265         0.118912         contract inside
  eval: e=0.1189  p=[0.393 0.693 0.002 0.004 0.405 0.887]
   160          266         0.118912         reflect
  eval: e=0.1189  p=[0.390 0.692 0.002 0.004 0.407 0.884]
  eval: e=0.1188  p=[0.387 0.693 0.002 0.004 0.407 0.886]
   161          268         0.118841         expand
  eval: e=0.1189  p=[0.391 0.693 0.002 0.004 0.406 0.886]
   162          269         0.118841         reflect
  eval: e=0.1240  p=[0.390 0.691 0.002 0.004 0.409 0.878]
  eval: e=0.1189  p=[0.392 0.692 0.002 0.004 0.406 0.885]
   163          271         0.118841         contract inside
  eval: e=0.1240  p=[0.390 0.691 0.002 0.004 0.408 0.880]
  eval: e=0.1189  p=[0.392 0.692 0.002 0.004 0.407 0.884]
   164          273         0.118841         contract inside
  eval: e=0.1189  p=[0.397 0.692 0.002 0.004 0.405 0.884]
   165          274         0.118841         reflect
  eval: e=0.1188  p=[0.389 0.693 0.002 0.004 0.406 0.888]
   166          275         0.118841         reflect
  eval: e=0.1189  p=[0.387 0.695 0.001 0.004 0.404 0.894]
   167          276         0.118841         reflect
  eval: e=0.1188  p=[0.389 0.693 0.002 0.004 0.405 0.889]
  eval: e=0.1242  p=[0.387 0.694 0.001 0.004 0.404 0.892]
   168          278         0.118815         reflect
  eval: e=0.1188  p=[0.387 0.694 0.001 0.004 0.404 0.892]
  eval: e=0.1242  p=[0.385 0.695 0.001 0.004 0.403 0.896]
   169          280         0.118798         reflect
  eval: e=0.1241  p=[0.392 0.691 0.002 0.004 0.407 0.882]
  eval: e=0.1189  p=[0.388 0.694 0.002 0.004 0.405 0.891]
   170          282         0.118798         contract inside
  eval: e=0.1243  p=[0.380 0.695 0.001 0.004 0.405 0.893]
  eval: e=0.1189  p=[0.393 0.693 0.002 0.004 0.405 0.886]
   171          284         0.118798         contract inside
  eval: e=0.1240  p=[0.390 0.692 0.002 0.004 0.406 0.885]
  eval: e=0.1188  p=[0.389 0.694 0.002 0.004 0.405 0.889]
   172          286         0.118798         contract inside
  eval: e=0.1188  p=[0.387 0.694 0.001 0.004 0.405 0.891]
   173          287         0.118798         reflect
  eval: e=0.1241  p=[0.383 0.695 0.001 0.004 0.405 0.892]
  eval: e=0.1188  p=[0.390 0.693 0.002 0.004 0.405 0.888]
   174          289         0.118798         contract inside
  eval: e=0.1188  p=[0.387 0.694 0.001 0.004 0.405 0.891]
  eval: e=0.1242  p=[0.386 0.694 0.001 0.004 0.404 0.892]
   175          291         0.118796         reflect
  eval: e=0.1242  p=[0.387 0.694 0.001 0.004 0.405 0.890]
  eval: e=0.1188  p=[0.388 0.694 0.002 0.004 0.405 0.889]
   176          293         0.118796         contract inside
  eval: e=0.1188  p=[0.390 0.694 0.001 0.004 0.403 0.894]
   177          294         0.118796         reflect
  eval: e=0.1188  p=[0.386 0.695 0.001 0.004 0.404 0.894]
  eval: e=0.1241  p=[0.384 0.696 0.001 0.004 0.403 0.897]
   178          296         0.118787         reflect
  eval: e=0.1188  p=[0.387 0.695 0.001 0.004 0.403 0.894]
  eval: e=0.1188  p=[0.386 0.695 0.001 0.004 0.402 0.897]
   179          298         0.118766         expand
  eval: e=0.1243  p=[0.384 0.694 0.001 0.004 0.405 0.891]
  eval: e=0.1188  p=[0.388 0.694 0.001 0.004 0.404 0.893]
   180          300         0.118766         contract inside
  eval: e=0.1188  p=[0.385 0.695 0.001 0.004 0.403 0.897]
   181          301         0.118766         reflect
  eval: e=0.1188  p=[0.387 0.695 0.001 0.004 0.402 0.897]
   182          302         0.118766         reflect
  eval: e=0.1243  p=[0.385 0.695 0.001 0.004 0.403 0.896]
  eval: e=0.1188  p=[0.387 0.695 0.001 0.004 0.403 0.894]
   183          304         0.118766         contract inside
  eval: e=0.1188  p=[0.385 0.696 0.001 0.004 0.402 0.898]
  eval: e=0.1188  p=[0.384 0.696 0.001 0.004 0.401 0.900]
   184          306         0.118758         expand
  eval: e=0.1188  p=[0.385 0.697 0.001 0.004 0.401 0.902]
   185          307         0.118758         reflect
  eval: e=0.1188  p=[0.384 0.697 0.001 0.004 0.401 0.902]
   186          308         0.118758         reflect
  eval: e=0.1241  p=[0.386 0.695 0.001 0.004 0.404 0.893]
  eval: e=0.1188  p=[0.385 0.696 0.001 0.004 0.401 0.900]
   187          310         0.118758         contract inside
  eval: e=0.1188  p=[0.385 0.697 0.001 0.004 0.400 0.903]
   188          311         0.118758         reflect
  eval: e=0.1188  p=[0.385 0.697 0.001 0.004 0.400 0.903]
   189          312         0.118758         reflect
  eval: e=0.1242  p=[0.385 0.696 0.001 0.004 0.401 0.901]
  eval: e=0.1188  p=[0.385 0.696 0.001 0.004 0.401 0.900]
   190          314         0.118758         contract inside
  eval: e=0.1188  p=[0.386 0.695 0.001 0.004 0.403 0.896]
   191          315         0.118758         reflect
  eval: e=0.1188  p=[0.383 0.697 0.001 0.004 0.401 0.903]
   192          316         0.118758         reflect
  eval: e=0.1188  p=[0.384 0.698 0.001 0.004 0.400 0.905]
  eval: e=0.1188  p=[0.385 0.696 0.001 0.004 0.402 0.899]
   193          318         0.118758         contract inside
  eval: e=0.1242  p=[0.384 0.696 0.001 0.004 0.401 0.901]
  eval: e=0.1188  p=[0.385 0.696 0.001 0.004 0.401 0.900]
   194          320         0.118758         contract inside
  eval: e=0.1188  p=[0.382 0.698 0.001 0.004 0.400 0.905]
  eval: e=0.1188  p=[0.385 0.696 0.001 0.004 0.402 0.899]
   195          322         0.118758         contract inside
  eval: e=0.1188  p=[0.384 0.697 0.001 0.004 0.401 0.901]
  eval: e=0.1242  p=[0.384 0.697 0.001 0.004 0.401 0.902]
   196          324         0.118755         reflect
  eval: e=0.1241  p=[0.385 0.696 0.001 0.004 0.401 0.900]
  eval: e=0.1188  p=[0.384 0.697 0.001 0.004 0.401 0.901]
   197          326         0.118755         contract inside
  eval: e=0.1188  p=[0.384 0.697 0.001 0.004 0.400 0.904]
  eval: e=0.1188  p=[0.385 0.696 0.001 0.004 0.402 0.900]
   198          328         0.118755         contract inside
  eval: e=0.1242  p=[0.384 0.696 0.001 0.004 0.402 0.899]
  eval: e=0.1188  p=[0.385 0.697 0.001 0.004 0.401 0.902]
   199          330         0.118755         contract inside
  eval: e=0.1188  p=[0.383 0.697 0.001 0.004 0.400 0.904]
   200          331         0.118755         reflect
  eval: e=0.1188  p=[0.385 0.696 0.001 0.004 0.401 0.900]
   201          332         0.118755         reflect
  eval: e=0.1188  p=[0.386 0.696 0.001 0.004 0.402 0.898]
  eval: e=0.1188  p=[0.384 0.697 0.001 0.004 0.401 0.902]
   202          334         0.118755         contract inside
  eval: e=0.1188  p=[0.385 0.696 0.001 0.004 0.401 0.901]
  eval: e=0.1241  p=[0.385 0.696 0.001 0.004 0.401 0.900]
   203          336         0.118754         reflect
  eval: e=0.1188  p=[0.384 0.697 0.001 0.004 0.401 0.902]
   204          337         0.118754         reflect
  eval: e=0.1242  p=[0.384 0.696 0.001 0.004 0.401 0.900]
  eval: e=0.1188  p=[0.384 0.697 0.001 0.004 0.401 0.901]
   205          339         0.118754         contract inside
  eval: e=0.1188  p=[0.385 0.696 0.001 0.004 0.401 0.900]
   206          340         0.118754         reflect
  eval: e=0.1188  p=[0.385 0.697 0.001 0.004 0.401 0.902]
   207          341         0.118754         reflect
  eval: e=0.1188  p=[0.384 0.697 0.001 0.004 0.401 0.902]
  eval: e=0.1188  p=[0.384 0.697 0.001 0.004 0.400 0.903]
   208          343         0.118753         expand
  eval: e=0.1242  p=[0.384 0.697 0.001 0.004 0.401 0.901]
  eval: e=0.1188  p=[0.384 0.697 0.001 0.004 0.401 0.901]
   209          345         0.118753         contract inside
  eval: e=0.1188  p=[0.385 0.696 0.001 0.004 0.401 0.901]
   210          346         0.118753         reflect
  eval: e=0.1241  p=[0.385 0.696 0.001 0.004 0.401 0.901]
  eval: e=0.1188  p=[0.384 0.697 0.001 0.004 0.401 0.901]
   211          348         0.118753         contract inside
  eval: e=0.1188  p=[0.385 0.696 0.001 0.004 0.401 0.901]
  eval: e=0.1187  p=[0.386 0.696 0.001 0.004 0.401 0.901]
   212          350         0.118749         expand
  eval: e=0.1188  p=[0.384 0.697 0.001 0.004 0.400 0.903]
   213          351         0.118749         reflect
  eval: e=0.1187  p=[0.385 0.697 0.001 0.004 0.401 0.902]
   214          352         0.118749         reflect
  eval: e=0.1242  p=[0.384 0.697 0.001 0.004 0.401 0.902]
  eval: e=0.1188  p=[0.385 0.697 0.001 0.004 0.401 0.902]
   215          354         0.118749         contract inside
  eval: e=0.1187  p=[0.384 0.697 0.001 0.004 0.400 0.903]
   216          355         0.118749         reflect
  eval: e=0.1188  p=[0.384 0.697 0.001 0.004 0.400 0.904]
   217          356         0.118749         reflect
  eval: e=0.1187  p=[0.386 0.696 0.001 0.004 0.401 0.901]
  eval: e=0.1187  p=[0.387 0.696 0.001 0.004 0.401 0.900]
   218          358         0.118746         expand
  eval: e=0.1188  p=[0.386 0.696 0.001 0.004 0.401 0.900]
   219          359         0.118746         reflect
  eval: e=0.1187  p=[0.386 0.696 0.001 0.004 0.401 0.901]
  eval: e=0.1187  p=[0.387 0.696 0.001 0.004 0.401 0.901]
   220          361         0.118742         expand
  eval: e=0.1187  p=[0.387 0.696 0.001 0.004 0.401 0.899]
   221          362         0.118742         reflect
  eval: e=0.1187  p=[0.386 0.697 0.001 0.004 0.400 0.903]
   222          363         0.118742         reflect
  eval: e=0.1187  p=[0.388 0.696 0.001 0.004 0.401 0.901]
  eval: e=0.1187  p=[0.389 0.696 0.001 0.004 0.401 0.900]
   223          365         0.118737         expand
  eval: e=0.1242  p=[0.389 0.695 0.001 0.004 0.401 0.898]
  eval: e=0.1187  p=[0.386 0.697 0.001 0.004 0.400 0.902]
   224          367         0.118737         contract inside
  eval: e=0.1187  p=[0.388 0.696 0.001 0.004 0.400 0.901]
  eval: e=0.1242  p=[0.389 0.696 0.001 0.004 0.400 0.901]
   225          369         0.118737         reflect
  eval: e=0.1241  p=[0.387 0.696 0.001 0.004 0.400 0.902]
  eval: e=0.1187  p=[0.387 0.696 0.001 0.004 0.401 0.901]
   226          371         0.118737         contract inside
  eval: e=0.1241  p=[0.389 0.696 0.001 0.004 0.401 0.900]
  eval: e=0.1187  p=[0.387 0.696 0.001 0.004 0.400 0.901]
   227          373         0.118737         contract inside
  eval: e=0.1242  p=[0.389 0.696 0.001 0.004 0.401 0.898]
  eval: e=0.1187  p=[0.387 0.696 0.001 0.004 0.400 0.902]
   228          375         0.118737         contract inside
  eval: e=0.1187  p=[0.387 0.697 0.001 0.004 0.400 0.902]
   229          376         0.118737         reflect
  eval: e=0.1187  p=[0.388 0.696 0.001 0.004 0.400 0.902]
   230          377         0.118737         reflect
  eval: e=0.1187  p=[0.389 0.696 0.001 0.004 0.400 0.901]
  eval: e=0.1187  p=[0.390 0.696 0.001 0.004 0.400 0.901]
   231          379         0.118733         expand
  eval: e=0.1187  p=[0.390 0.696 0.001 0.004 0.400 0.902]
   232          380         0.118733         reflect
  eval: e=0.1187  p=[0.390 0.696 0.001 0.004 0.400 0.901]
  eval: e=0.1243  p=[0.392 0.696 0.001 0.004 0.399 0.901]
   233          382         0.118732         reflect
  eval: e=0.1242  p=[0.391 0.696 0.001 0.004 0.400 0.900]
  eval: e=0.1187  p=[0.388 0.696 0.001 0.004 0.400 0.902]
   234          384         0.118732         contract inside
  eval: e=0.1242  p=[0.390 0.696 0.001 0.004 0.400 0.900]
  eval: e=0.1187  p=[0.389 0.696 0.001 0.004 0.400 0.901]
   235          386         0.118732         contract inside
  eval: e=0.1242  p=[0.391 0.696 0.001 0.004 0.400 0.900]
  eval: e=0.1187  p=[0.388 0.696 0.001 0.004 0.400 0.901]
   236          388         0.118732         contract inside
  eval: e=0.1187  p=[0.389 0.696 0.001 0.004 0.399 0.903]
   237          389         0.118732         reflect
  eval: e=0.1187  p=[0.390 0.696 0.001 0.004 0.400 0.902]
   238          390         0.118732         reflect
  eval: e=0.1187  p=[0.391 0.696 0.001 0.004 0.399 0.902]
   239          391         0.118732         reflect
  eval: e=0.1187  p=[0.392 0.696 0.001 0.004 0.399 0.902]
  eval: e=0.1187  p=[0.393 0.696 0.001 0.004 0.399 0.902]
   240          393         0.118731         expand
  eval: e=0.1241  p=[0.392 0.696 0.001 0.004 0.399 0.902]
  eval: e=0.1187  p=[0.390 0.696 0.001 0.004 0.399 0.902]
   241          395         0.118731         contract inside
  eval: e=0.1242  p=[0.392 0.696 0.001 0.004 0.399 0.901]
  eval: e=0.1187  p=[0.390 0.696 0.001 0.004 0.399 0.902]
   242          397         0.118731         contract inside
  eval: e=0.1187  p=[0.391 0.696 0.001 0.004 0.399 0.902]
  eval: e=0.1242  p=[0.392 0.696 0.001 0.004 0.399 0.902]
   243          399          0.11873         reflect
  eval: e=0.1243  p=[0.392 0.696 0.001 0.004 0.399 0.901]
  eval: e=0.1187  p=[0.391 0.696 0.001 0.004 0.399 0.902]
   244          401          0.11873         contract inside
  eval: e=0.1242  p=[0.391 0.696 0.001 0.004 0.400 0.901]
  eval: e=0.1187  p=[0.391 0.696 0.001 0.004 0.399 0.902]
   245          403          0.11873         contract inside
  eval: e=0.1187  p=[0.392 0.696 0.001 0.004 0.399 0.902]
   246          404          0.11873         reflect
  eval: e=0.1242  p=[0.392 0.696 0.001 0.004 0.399 0.902]
  eval: e=0.1187  p=[0.391 0.696 0.001 0.004 0.399 0.902]
   247          406          0.11873         contract inside
  eval: e=0.1187  p=[0.390 0.696 0.001 0.004 0.400 0.901]
   248          407          0.11873         reflect
  eval: e=0.1242  p=[0.392 0.696 0.001 0.004 0.399 0.902]
  eval: e=0.1187  p=[0.391 0.696 0.001 0.004 0.399 0.902]
   249          409          0.11873         contract inside
  eval: e=0.1187  p=[0.393 0.696 0.001 0.004 0.399 0.902]
   250          410          0.11873         reflect
  eval: e=0.1187  p=[0.393 0.696 0.001 0.004 0.398 0.903]
  eval: e=0.1187  p=[0.391 0.696 0.001 0.004 0.399 0.902]
   251          412          0.11873         contract inside
  eval: e=0.1187  p=[0.393 0.696 0.001 0.004 0.399 0.902]
   252          413          0.11873         reflect
  eval: e=0.1187  p=[0.391 0.696 0.001 0.004 0.399 0.902]
   253          414          0.11873         reflect
  eval: e=0.1243  p=[0.392 0.696 0.001 0.004 0.399 0.902]
  eval: e=0.1187  p=[0.391 0.696 0.001 0.004 0.399 0.902]
   254          416          0.11873         contract inside
  eval: e=0.1187  p=[0.392 0.696 0.001 0.004 0.399 0.902]
  eval: e=0.1187  p=[0.391 0.696 0.001 0.004 0.399 0.902]
   255          418          0.11873         contract inside
  eval: e=0.1187  p=[0.392 0.696 0.001 0.004 0.399 0.902]
  eval: e=0.1187  p=[0.392 0.696 0.001 0.004 0.399 0.902]
   256          420          0.11873         reflect
  eval: e=0.1187  p=[0.390 0.696 0.001 0.004 0.399 0.902]
  eval: e=0.1187  p=[0.392 0.696 0.001 0.004 0.399 0.902]
   257          422          0.11873         contract inside
  eval: e=0.1241  p=[0.393 0.696 0.001 0.004 0.399 0.902]
  eval: e=0.1187  p=[0.391 0.696 0.001 0.004 0.399 0.902]
   258          424          0.11873         contract inside
  eval: e=0.1187  p=[0.390 0.696 0.001 0.004 0.400 0.902]
  eval: e=0.1187  p=[0.392 0.696 0.001 0.004 0.399 0.902]
  eval: e=0.1187  p=[0.392 0.696 0.001 0.004 0.399 0.902]
  eval: e=0.1187  p=[0.392 0.696 0.001 0.004 0.399 0.902]
  eval: e=0.1187  p=[0.392 0.696 0.001 0.004 0.399 0.902]
  eval: e=0.1241  p=[0.391 0.696 0.001 0.004 0.399 0.902]
  eval: e=0.1187  p=[0.392 0.696 0.001 0.004 0.399 0.902]
  eval: e=0.1187  p=[0.392 0.696 0.001 0.004 0.399 0.902]
   259          432          0.11873         shrink
  eval: e=0.1187  p=[0.393 0.696 0.001 0.004 0.399 0.902]
  eval: e=0.1187  p=[0.392 0.696 0.001 0.004 0.399 0.902]
   260          434          0.11873         contract outside
  eval: e=0.1187  p=[0.392 0.696 0.001 0.004 0.399 0.902]
   261          435          0.11873         reflect
  eval: e=0.1187  p=[0.391 0.696 0.001 0.004 0.399 0.902]
  eval: e=0.1187  p=[0.392 0.696 0.001 0.004 0.399 0.902]
   262          437          0.11873         contract inside
  eval: e=0.1187  p=[0.391 0.696 0.001 0.004 0.399 0.902]
  eval: e=0.1187  p=[0.392 0.696 0.001 0.004 0.399 0.902]
   263          439          0.11873         contract outside
  eval: e=0.1187  p=[0.391 0.696 0.001 0.004 0.399 0.902]
   264          440          0.11873         reflect
  eval: e=0.1187  p=[0.392 0.696 0.001 0.004 0.399 0.902]
  eval: e=0.1241  p=[0.392 0.696 0.001 0.004 0.399 0.902]
   265          442         0.118729         reflect
  eval: e=0.1242  p=[0.392 0.696 0.001 0.004 0.399 0.902]
  eval: e=0.1187  p=[0.392 0.696 0.001 0.004 0.399 0.902]
   266          444         0.118729         contract inside
  eval: e=0.1187  p=[0.391 0.696 0.001 0.004 0.399 0.902]
  eval: e=0.1187  p=[0.391 0.696 0.001 0.004 0.399 0.902]
   267          446         0.118729         contract outside
  eval: e=0.1187  p=[0.392 0.696 0.001 0.004 0.399 0.902]
  eval: e=0.1187  p=[0.392 0.696 0.001 0.004 0.399 0.902]
  eval: e=0.1187  p=[0.392 0.696 0.001 0.004 0.399 0.902]
  eval: e=0.1187  p=[0.392 0.696 0.001 0.004 0.399 0.902]
  eval: e=0.1187  p=[0.392 0.696 0.001 0.004 0.399 0.902]
  eval: e=0.1187  p=[0.392 0.696 0.001 0.004 0.399 0.902]
  eval: e=0.1187  p=[0.392 0.696 0.001 0.004 0.399 0.902]
  eval: e=0.1187  p=[0.392 0.696 0.001 0.004 0.399 0.902]
   268          454         0.118729         shrink
  eval: e=0.1187  p=[0.392 0.696 0.001 0.004 0.399 0.902]
   269          455         0.118729         reflect
  eval: e=0.1187  p=[0.392 0.696 0.001 0.004 0.399 0.902]
  eval: e=0.1187  p=[0.392 0.696 0.001 0.004 0.399 0.902]
   270          457         0.118729         contract inside
  eval: e=0.1187  p=[0.392 0.696 0.001 0.004 0.399 0.902]
  eval: e=0.1187  p=[0.392 0.696 0.001 0.004 0.399 0.902]
   271          459         0.118729         contract inside
 
Optimization terminated:
 the current x satisfies the termination criteria using OPTIONS.TolX of 1.000000e-04 
 and F(X) satisfies the convergence criteria using OPTIONS.TolFun of 1.000000e-06 

=== Fit complete: error=0.118729  AIC=-2052.9 ===
  eval: e=0.1530  p=[0.500 0.500 0.500 0.500 0.500 0.500 0.500]
 
 Iteration   Func-count         f(x)         Procedure
     0            1         0.152993         
  eval: e=0.1528  p=[0.525 0.500 0.500 0.500 0.500 0.500 0.500]
  eval: e=0.1557  p=[0.500 0.525 0.500 0.500 0.500 0.500 0.500]
  eval: e=0.1542  p=[0.500 0.500 0.525 0.500 0.500 0.500 0.500]
  eval: e=0.1525  p=[0.500 0.500 0.500 0.525 0.500 0.500 0.500]
  eval: e=0.1518  p=[0.500 0.500 0.500 0.500 0.525 0.500 0.500]
  eval: e=0.1536  p=[0.500 0.500 0.500 0.500 0.500 0.525 0.500]
  eval: e=0.1521  p=[0.500 0.500 0.500 0.500 0.500 0.500 0.525]
     1            8         0.151824         initial simplex
  eval: e=0.1507  p=[0.507 0.475 0.507 0.507 0.507 0.507 0.507]
  eval: e=0.1500  p=[0.511 0.450 0.511 0.511 0.511 0.511 0.511]
     2           10         0.150038         expand
  eval: e=0.1503  p=[0.510 0.486 0.478 0.510 0.510 0.510 0.510]
     3           11         0.150038         reflect
  eval: e=0.1486  p=[0.513 0.482 0.497 0.513 0.513 0.481 0.513]
  eval: e=0.1456  p=[0.520 0.472 0.495 0.520 0.520 0.459 0.520]
     4           13         0.145608         expand
  eval: e=0.1478  p=[0.519 0.474 0.495 0.519 0.519 0.494 0.519]
     5           14         0.145608         reflect
  eval: e=0.1468  p=[0.492 0.466 0.494 0.524 0.524 0.493 0.524]
     6           15         0.145608         reflect
  eval: e=0.1452  p=[0.515 0.457 0.492 0.499 0.531 0.490 0.531]
  eval: e=0.1430  p=[0.522 0.435 0.489 0.486 0.546 0.486 0.546]
     7           17         0.142973         expand
  eval: e=0.1431  p=[0.521 0.438 0.489 0.520 0.544 0.486 0.512]
     8           18         0.142973         reflect
  eval: e=0.1508  p=[0.527 0.420 0.486 0.525 0.525 0.483 0.541]
  eval: e=0.1470  p=[0.520 0.440 0.490 0.519 0.525 0.487 0.530]
     9           20         0.142973         contract outside
  eval: e=0.1416  p=[0.520 0.422 0.511 0.518 0.544 0.466 0.536]
  eval: e=0.1413  p=[0.524 0.390 0.528 0.522 0.561 0.443 0.549]
    10           22         0.141346         expand
  eval: e=0.1364  p=[0.523 0.440 0.484 0.520 0.557 0.446 0.547]
  eval: e=0.1330  p=[0.529 0.435 0.470 0.525 0.581 0.414 0.565]
    11           24         0.132966         expand
  eval: e=0.1403  p=[0.518 0.405 0.492 0.514 0.567 0.439 0.552]
    12           25         0.132966         reflect
  eval: e=0.1314  p=[0.516 0.429 0.498 0.512 0.573 0.433 0.546]
  eval: e=0.1238  p=[0.513 0.423 0.502 0.509 0.597 0.406 0.554]
    13           27         0.123773         expand
  eval: e=0.1331  p=[0.550 0.390 0.496 0.503 0.595 0.403 0.561]
    14           28         0.123773         reflect
  eval: e=0.1367  p=[0.531 0.361 0.495 0.503 0.621 0.420 0.577]
    15           29         0.123773         reflect
  eval: e=0.1341  p=[0.533 0.373 0.503 0.498 0.618 0.374 0.603]
    16           30         0.123773         reflect
  eval: e=0.1373  p=[0.535 0.359 0.507 0.535 0.636 0.343 0.585]
    17           31         0.123773         reflect
  eval: e=0.1322  p=[0.535 0.395 0.462 0.503 0.644 0.356 0.593]
    18           32         0.123773         reflect
  eval: e=0.1353  p=[0.547 0.377 0.490 0.508 0.659 0.337 0.602]
    19           33         0.123773         reflect
  eval: e=0.1314  p=[0.533 0.428 0.469 0.479 0.597 0.431 0.573]
    20           34         0.123773         reflect
  eval: e=0.1248  p=[0.538 0.445 0.474 0.504 0.605 0.357 0.580]
    21           35         0.123773         reflect
  eval: e=0.1374  p=[0.519 0.449 0.475 0.498 0.551 0.447 0.549]
  eval: e=0.1303  p=[0.540 0.395 0.486 0.505 0.632 0.364 0.589]
    22           37         0.123773         contract inside
  eval: e=0.1290  p=[0.536 0.459 0.457 0.511 0.596 0.406 0.544]
    23           38         0.123773         reflect
  eval: e=0.1238  p=[0.514 0.461 0.453 0.507 0.620 0.379 0.581]
    24           39         0.123773         reflect
  eval: e=0.1289  p=[0.531 0.424 0.474 0.480 0.645 0.358 0.582]
    25           40         0.123773         reflect
  eval: e=0.1435  p=[0.523 0.472 0.485 0.495 0.583 0.416 0.551]
  eval: e=0.1288  p=[0.532 0.414 0.468 0.501 0.629 0.371 0.582]
    26           42         0.123773         contract inside
  eval: e=0.1313  p=[0.525 0.435 0.478 0.526 0.639 0.323 0.573]
  eval: e=0.1202  p=[0.527 0.433 0.476 0.515 0.629 0.350 0.573]
    27           44         0.120239         contract outside
  eval: e=0.1538  p=[0.515 0.480 0.458 0.502 0.603 0.387 0.553]
  eval: e=0.1284  p=[0.534 0.416 0.479 0.505 0.625 0.370 0.580]
    28           46         0.120239         contract inside
  eval: e=0.1337  p=[0.519 0.403 0.493 0.496 0.646 0.334 0.608]
  eval: e=0.1228  p=[0.531 0.445 0.466 0.507 0.609 0.388 0.560]
    29           48         0.120239         contract inside
  eval: e=0.1240  p=[0.523 0.444 0.474 0.534 0.587 0.391 0.564]
    30           49         0.120239         reflect
  eval: e=0.1379  p=[0.519 0.462 0.482 0.522 0.592 0.384 0.558]
  eval: e=0.1278  p=[0.529 0.426 0.471 0.506 0.619 0.374 0.576]
    31           51         0.120239         contract inside
  eval: e=0.1332  p=[0.517 0.464 0.469 0.519 0.594 0.386 0.560]
  eval: e=0.1273  p=[0.529 0.428 0.476 0.508 0.617 0.374 0.575]
    32           53         0.120239         contract inside
  eval: e=0.1300  p=[0.521 0.454 0.478 0.518 0.599 0.382 0.563]
  eval: e=0.1265  p=[0.527 0.433 0.473 0.509 0.614 0.376 0.573]
    33           55         0.120239         contract inside
  eval: e=0.1278  p=[0.520 0.454 0.472 0.516 0.600 0.383 0.564]
  eval: e=0.1258  p=[0.527 0.434 0.475 0.510 0.613 0.376 0.572]
    34           57         0.120239         contract inside
  eval: e=0.1261  p=[0.523 0.449 0.476 0.515 0.603 0.380 0.565]
  eval: e=0.1235  p=[0.524 0.445 0.475 0.514 0.606 0.379 0.567]
    35           59         0.120239         contract outside
  eval: e=0.1265  p=[0.522 0.451 0.473 0.515 0.602 0.381 0.565]
  eval: e=0.1200  p=[0.526 0.438 0.475 0.511 0.610 0.377 0.570]
    36           61         0.120042         contract inside
  eval: e=0.1242  p=[0.508 0.437 0.475 0.523 0.611 0.406 0.554]
  eval: e=0.1211  p=[0.515 0.439 0.475 0.519 0.610 0.394 0.560]
    37           63         0.120042         contract outside
  eval: e=0.1248  p=[0.520 0.437 0.475 0.490 0.636 0.373 0.569]
  eval: e=0.1222  p=[0.522 0.442 0.474 0.523 0.599 0.387 0.565]
    38           65         0.120042         contract inside
  eval: e=0.1262  p=[0.531 0.415 0.502 0.520 0.597 0.388 0.547]
  eval: e=0.1221  p=[0.518 0.450 0.465 0.511 0.614 0.381 0.573]
    39           67         0.120042         contract inside
  eval: e=0.1240  p=[0.533 0.461 0.442 0.519 0.625 0.353 0.580]
  eval: e=0.1220  p=[0.518 0.432 0.487 0.512 0.604 0.393 0.560]
    40           69         0.120042         contract inside
  eval: e=0.1249  p=[0.522 0.435 0.473 0.514 0.616 0.384 0.565]
  eval: e=0.1222  p=[0.523 0.442 0.475 0.514 0.608 0.380 0.567]
    41           71         0.120042         contract inside
  eval: e=0.1242  p=[0.512 0.434 0.484 0.523 0.612 0.372 0.574]
  eval: e=0.1218  p=[0.526 0.442 0.471 0.511 0.610 0.384 0.563]
    42           73         0.120042         contract inside
  eval: e=0.1223  p=[0.521 0.437 0.475 0.515 0.614 0.381 0.566]
  eval: e=0.1215  p=[0.523 0.441 0.475 0.514 0.610 0.381 0.567]
    43           75         0.120042         contract inside
  eval: e=0.1208  p=[0.522 0.437 0.475 0.504 0.625 0.374 0.568]
    44           76         0.120042         reflect
  eval: e=0.1234  p=[0.526 0.426 0.487 0.514 0.614 0.377 0.559]
  eval: e=0.1213  p=[0.520 0.444 0.471 0.511 0.614 0.380 0.569]
    45           78         0.120042         contract inside
  eval: e=0.1211  p=[0.527 0.446 0.460 0.512 0.627 0.361 0.574]
    46           79         0.120042         reflect
  eval: e=0.1191  p=[0.519 0.437 0.474 0.514 0.626 0.363 0.574]
  eval: e=0.1247  p=[0.516 0.435 0.475 0.515 0.634 0.353 0.580]
    47           81         0.119128         reflect
  eval: e=0.1190  p=[0.522 0.437 0.470 0.510 0.631 0.362 0.573]
  eval: e=0.1249  p=[0.522 0.436 0.467 0.509 0.641 0.353 0.577]
    48           83         0.119004         reflect
  eval: e=0.1241  p=[0.525 0.433 0.473 0.513 0.631 0.358 0.572]
  eval: e=0.1204  p=[0.522 0.441 0.471 0.512 0.618 0.374 0.570]
    49           85         0.119004         contract inside
  eval: e=0.1233  p=[0.532 0.438 0.468 0.504 0.637 0.338 0.583]
  eval: e=0.1199  p=[0.519 0.439 0.473 0.515 0.617 0.380 0.566]
    50           87         0.119004         contract inside
  eval: e=0.1202  p=[0.518 0.429 0.486 0.510 0.618 0.376 0.567]
    51           88         0.119004         reflect
  eval: e=0.1251  p=[0.522 0.436 0.475 0.521 0.617 0.365 0.573]
  eval: e=0.1201  p=[0.522 0.437 0.475 0.508 0.623 0.371 0.569]
    52           90         0.119004         contract inside
  eval: e=0.1239  p=[0.522 0.431 0.480 0.512 0.625 0.363 0.571]
  eval: e=0.1199  p=[0.522 0.438 0.473 0.512 0.620 0.372 0.570]
    53           92         0.119004         contract inside
  eval: e=0.1205  p=[0.515 0.440 0.475 0.509 0.613 0.393 0.567]
  eval: e=0.1196  p=[0.524 0.435 0.475 0.513 0.625 0.361 0.572]
    54           94         0.119004         contract inside
  eval: e=0.1205  p=[0.526 0.446 0.461 0.513 0.625 0.363 0.574]
  eval: e=0.1192  p=[0.520 0.433 0.480 0.511 0.620 0.373 0.569]
    55           96         0.119004         contract inside
  eval: e=0.1230  p=[0.522 0.437 0.474 0.517 0.619 0.368 0.572]
  eval: e=0.1197  p=[0.522 0.437 0.475 0.510 0.622 0.371 0.570]
    56           98         0.119004         contract inside
  eval: e=0.1200  p=[0.516 0.435 0.474 0.513 0.635 0.360 0.571]
  eval: e=0.1195  p=[0.523 0.438 0.475 0.512 0.617 0.373 0.570]
    57          100         0.119004         contract inside
  eval: e=0.1195  p=[0.524 0.434 0.476 0.509 0.629 0.356 0.576]
    58          101         0.119004         reflect
  eval: e=0.1187  p=[0.522 0.433 0.476 0.511 0.628 0.360 0.574]
  eval: e=0.1248  p=[0.523 0.431 0.478 0.510 0.632 0.354 0.576]
    59          103         0.118715         reflect
  eval: e=0.1229  p=[0.523 0.434 0.475 0.513 0.627 0.357 0.576]
  eval: e=0.1194  p=[0.522 0.436 0.475 0.511 0.623 0.367 0.571]
    60          105         0.118715         contract inside
  eval: e=0.1190  p=[0.520 0.436 0.475 0.509 0.625 0.369 0.574]
    61          106         0.118715         reflect
  eval: e=0.1192  p=[0.519 0.433 0.475 0.510 0.635 0.355 0.576]
    62          107         0.118715         reflect
  eval: e=0.1187  p=[0.517 0.436 0.474 0.513 0.625 0.373 0.570]
  eval: e=0.1210  p=[0.514 0.438 0.473 0.515 0.623 0.381 0.567]
    63          109          0.11867         reflect
  eval: e=0.1232  p=[0.518 0.434 0.475 0.511 0.630 0.363 0.575]
  eval: e=0.1191  p=[0.521 0.436 0.475 0.511 0.625 0.366 0.572]
    64          111          0.11867         contract inside
  eval: e=0.1191  p=[0.520 0.438 0.468 0.511 0.636 0.355 0.578]
    65          112          0.11867         reflect
  eval: e=0.1191  p=[0.521 0.439 0.471 0.513 0.620 0.373 0.571]
    66          113          0.11867         reflect
  eval: e=0.1219  p=[0.522 0.436 0.471 0.509 0.628 0.367 0.572]
  eval: e=0.1190  p=[0.520 0.437 0.473 0.512 0.626 0.364 0.574]
    67          115          0.11867         contract inside
  eval: e=0.1196  p=[0.521 0.435 0.478 0.512 0.616 0.378 0.568]
  eval: e=0.1188  p=[0.520 0.437 0.471 0.511 0.631 0.361 0.575]
    68          117          0.11867         contract inside
  eval: e=0.1220  p=[0.520 0.438 0.471 0.512 0.628 0.366 0.574]
  eval: e=0.1189  p=[0.521 0.436 0.474 0.511 0.626 0.366 0.573]
    69          119          0.11867         contract inside
  eval: e=0.1190  p=[0.519 0.433 0.476 0.509 0.634 0.357 0.575]
    70          120          0.11867         reflect
  eval: e=0.1192  p=[0.521 0.435 0.472 0.513 0.632 0.358 0.573]
  eval: e=0.1187  p=[0.520 0.436 0.474 0.510 0.627 0.366 0.574]
    71          122          0.11867         contract inside
  eval: e=0.1190  p=[0.518 0.434 0.478 0.512 0.626 0.365 0.574]
  eval: e=0.1187  p=[0.519 0.435 0.476 0.511 0.627 0.365 0.574]
    72          124         0.118664         contract outside
  eval: e=0.1191  p=[0.521 0.439 0.472 0.514 0.620 0.373 0.571]
  eval: e=0.1188  p=[0.520 0.434 0.475 0.510 0.631 0.361 0.574]
    73          126         0.118664         contract inside
  eval: e=0.1207  p=[0.520 0.434 0.475 0.510 0.629 0.364 0.573]
  eval: e=0.1188  p=[0.520 0.436 0.474 0.512 0.627 0.364 0.574]
    74          128         0.118664         contract inside
  eval: e=0.1206  p=[0.519 0.435 0.475 0.511 0.630 0.362 0.574]
  eval: e=0.1188  p=[0.520 0.436 0.474 0.511 0.627 0.365 0.573]
    75          130         0.118664         contract inside
  eval: e=0.1186  p=[0.520 0.435 0.475 0.511 0.629 0.364 0.573]
  eval: e=0.1214  p=[0.520 0.434 0.475 0.510 0.629 0.364 0.573]
    76          132         0.118567         reflect
  eval: e=0.1188  p=[0.519 0.433 0.479 0.511 0.624 0.369 0.571]
    77          133         0.118567         reflect
  eval: e=0.1211  p=[0.519 0.433 0.477 0.511 0.627 0.365 0.573]
  eval: e=0.1187  p=[0.520 0.435 0.475 0.511 0.627 0.365 0.573]
    78          135         0.118567         contract inside
  eval: e=0.1188  p=[0.520 0.437 0.471 0.511 0.631 0.361 0.575]
  eval: e=0.1186  p=[0.519 0.434 0.477 0.511 0.626 0.367 0.572]
    79          137         0.118567         contract inside
  eval: e=0.1202  p=[0.520 0.435 0.476 0.512 0.623 0.370 0.571]
  eval: e=0.1187  p=[0.520 0.435 0.475 0.511 0.629 0.363 0.574]
    80          139         0.118567         contract inside
  eval: e=0.1194  p=[0.519 0.434 0.476 0.511 0.627 0.365 0.573]
  eval: e=0.1187  p=[0.520 0.435 0.475 0.511 0.627 0.365 0.573]
    81          141         0.118567         contract inside
  eval: e=0.1187  p=[0.516 0.437 0.474 0.511 0.626 0.373 0.571]
    82          142         0.118567         reflect
  eval: e=0.1186  p=[0.517 0.434 0.476 0.512 0.627 0.368 0.571]
  eval: e=0.1185  p=[0.516 0.433 0.478 0.514 0.627 0.369 0.570]
    83          144         0.118505         expand
  eval: e=0.1186  p=[0.517 0.435 0.476 0.513 0.624 0.373 0.570]
    84          145         0.118505         reflect
  eval: e=0.1186  p=[0.516 0.435 0.476 0.513 0.625 0.373 0.570]
    85          146         0.118505         reflect
  eval: e=0.1186  p=[0.518 0.433 0.478 0.511 0.628 0.365 0.573]
    86          147         0.118505         reflect
  eval: e=0.1189  p=[0.516 0.435 0.476 0.512 0.626 0.373 0.569]
  eval: e=0.1186  p=[0.518 0.435 0.476 0.512 0.627 0.367 0.572]
    87          149         0.118505         contract inside
  eval: e=0.1212  p=[0.519 0.432 0.479 0.512 0.627 0.364 0.572]
  eval: e=0.1186  p=[0.517 0.436 0.475 0.512 0.626 0.370 0.571]
    88          151         0.118505         contract inside
  eval: e=0.1185  p=[0.515 0.435 0.476 0.513 0.627 0.371 0.571]
  eval: e=0.1184  p=[0.513 0.436 0.475 0.514 0.628 0.373 0.570]
    89          153         0.118402         expand
  eval: e=0.1185  p=[0.517 0.434 0.476 0.512 0.630 0.365 0.573]
    90          154         0.118402         reflect
  eval: e=0.1184  p=[0.515 0.434 0.476 0.513 0.628 0.370 0.570]
    91          155         0.118402         reflect
  eval: e=0.1197  p=[0.516 0.433 0.477 0.513 0.629 0.366 0.571]
  eval: e=0.1185  p=[0.517 0.435 0.476 0.512 0.627 0.369 0.571]
    92          157         0.118402         contract inside
  eval: e=0.1185  p=[0.512 0.434 0.478 0.515 0.627 0.374 0.569]
    93          158         0.118402         reflect
  eval: e=0.1184  p=[0.515 0.434 0.477 0.513 0.630 0.366 0.572]
    94          159         0.118402         reflect
  eval: e=0.1184  p=[0.512 0.435 0.475 0.515 0.628 0.374 0.568]
  eval: e=0.1184  p=[0.509 0.437 0.474 0.517 0.629 0.378 0.566]
    95          161         0.118351         expand
  eval: e=0.1183  p=[0.511 0.434 0.477 0.516 0.630 0.372 0.569]
  eval: e=0.1182  p=[0.508 0.434 0.477 0.517 0.631 0.374 0.567]
    96          163         0.118161         expand
  eval: e=0.1184  p=[0.508 0.435 0.476 0.518 0.627 0.379 0.566]
    97          164         0.118161         reflect
  eval: e=0.1182  p=[0.507 0.436 0.475 0.517 0.630 0.378 0.567]
    98          165         0.118161         reflect
  eval: e=0.1186  p=[0.510 0.436 0.473 0.516 0.632 0.374 0.568]
  eval: e=0.1184  p=[0.511 0.435 0.477 0.515 0.628 0.374 0.569]
    99          167         0.118161         contract inside
  eval: e=0.1187  p=[0.506 0.437 0.474 0.519 0.628 0.384 0.564]
  eval: e=0.1184  p=[0.513 0.434 0.476 0.514 0.630 0.371 0.570]
   100          169         0.118161         contract inside
  eval: e=0.1183  p=[0.505 0.436 0.475 0.519 0.630 0.380 0.565]
   101          170         0.118161         reflect
  eval: e=0.1183  p=[0.511 0.436 0.475 0.515 0.631 0.372 0.570]
   102          171         0.118161         reflect
  eval: e=0.1181  p=[0.505 0.435 0.476 0.519 0.632 0.378 0.565]
  eval: e=0.1180  p=[0.501 0.434 0.477 0.521 0.634 0.380 0.563]
   103          173         0.117997         expand
  eval: e=0.1180  p=[0.504 0.436 0.474 0.520 0.633 0.378 0.565]
   104          174         0.117997         reflect
  eval: e=0.1180  p=[0.500 0.437 0.474 0.522 0.633 0.384 0.563]
   105          175         0.117997         reflect
  eval: e=0.1179  p=[0.502 0.434 0.477 0.520 0.635 0.377 0.565]
  eval: e=0.1177  p=[0.498 0.433 0.478 0.522 0.638 0.377 0.565]
   106          177         0.117722         expand
  eval: e=0.1179  p=[0.504 0.434 0.476 0.519 0.636 0.374 0.566]
   107          178         0.117722         reflect
  eval: e=0.1180  p=[0.496 0.434 0.477 0.524 0.636 0.384 0.561]
   108          179         0.117722         reflect
  eval: e=0.1177  p=[0.496 0.433 0.478 0.525 0.638 0.380 0.561]
  eval: e=0.1174  p=[0.491 0.432 0.479 0.529 0.642 0.380 0.558]
   109          181         0.117394         expand
  eval: e=0.1175  p=[0.490 0.435 0.476 0.528 0.641 0.386 0.559]
   110          182         0.117394         reflect
  eval: e=0.1176  p=[0.495 0.431 0.480 0.525 0.641 0.376 0.562]
   111          183         0.117394         reflect
  eval: e=0.1173  p=[0.489 0.431 0.481 0.528 0.643 0.381 0.559]
  eval: e=0.1170  p=[0.481 0.428 0.485 0.532 0.648 0.383 0.556]
   112          185          0.11697         expand
  eval: e=0.1175  p=[0.492 0.431 0.480 0.526 0.644 0.375 0.562]
   113          186          0.11697         reflect
  eval: e=0.1171  p=[0.484 0.430 0.482 0.530 0.649 0.377 0.560]
   114          187          0.11697         reflect
  eval: e=0.1168  p=[0.477 0.429 0.484 0.536 0.650 0.384 0.554]
  eval: e=0.1234  p=[0.463 0.426 0.488 0.544 0.658 0.389 0.548]
   115          189         0.116816         reflect
  eval: e=0.1168  p=[0.477 0.428 0.483 0.537 0.653 0.384 0.553]
  eval: e=0.1237  p=[0.466 0.426 0.486 0.544 0.660 0.387 0.546]
   116          191         0.116751         reflect
  eval: e=0.1167  p=[0.474 0.429 0.483 0.538 0.652 0.386 0.553]
  eval: e=0.1233  p=[0.464 0.428 0.485 0.544 0.657 0.391 0.548]
   117          193          0.11667         reflect
  eval: e=0.1222  p=[0.471 0.429 0.483 0.540 0.652 0.391 0.550]
  eval: e=0.1173  p=[0.487 0.430 0.481 0.529 0.646 0.379 0.559]
   118          195          0.11667         contract inside
  eval: e=0.1168  p=[0.473 0.424 0.489 0.538 0.656 0.378 0.553]
   119          196          0.11667         reflect
  eval: e=0.1238  p=[0.467 0.425 0.488 0.540 0.659 0.383 0.552]
  eval: e=0.1171  p=[0.485 0.430 0.481 0.532 0.646 0.381 0.557]
   120          198          0.11667         contract inside
  eval: e=0.1232  p=[0.470 0.426 0.487 0.540 0.656 0.385 0.551]
  eval: e=0.1171  p=[0.483 0.429 0.482 0.532 0.648 0.380 0.557]
   121          200          0.11667         contract inside
  eval: e=0.1166  p=[0.472 0.426 0.486 0.538 0.655 0.383 0.553]
  eval: e=0.1240  p=[0.465 0.425 0.489 0.541 0.660 0.383 0.551]
   122          202         0.116605         reflect
  eval: e=0.1165  p=[0.469 0.426 0.487 0.541 0.655 0.388 0.549]
  eval: e=0.1230  p=[0.461 0.424 0.490 0.547 0.657 0.393 0.543]
   123          204         0.116482         reflect
  eval: e=0.1234  p=[0.466 0.425 0.488 0.542 0.657 0.387 0.549]
  eval: e=0.1169  p=[0.479 0.428 0.484 0.535 0.651 0.382 0.555]
   124          206         0.116482         contract inside
  eval: e=0.1235  p=[0.468 0.426 0.486 0.542 0.659 0.384 0.550]
  eval: e=0.1168  p=[0.478 0.428 0.485 0.535 0.650 0.383 0.554]
   125          208         0.116482         contract inside
  eval: e=0.1230  p=[0.469 0.426 0.487 0.540 0.656 0.385 0.550]
  eval: e=0.1168  p=[0.476 0.428 0.485 0.536 0.652 0.383 0.554]
   126          210         0.116482         contract inside
  eval: e=0.1165  p=[0.470 0.426 0.486 0.540 0.656 0.384 0.551]
   127          211         0.116482         reflect
  eval: e=0.1235  p=[0.469 0.425 0.487 0.541 0.658 0.383 0.550]
  eval: e=0.1167  p=[0.475 0.428 0.485 0.537 0.652 0.384 0.553]
   128          213         0.116482         contract inside
  eval: e=0.1232  p=[0.469 0.426 0.487 0.541 0.657 0.385 0.550]
  eval: e=0.1167  p=[0.475 0.427 0.485 0.537 0.653 0.383 0.553]
   129          215         0.116482         contract inside
  eval: e=0.1167  p=[0.473 0.430 0.481 0.538 0.651 0.391 0.551]
   130          216         0.116482         reflect
  eval: e=0.1165  p=[0.469 0.427 0.486 0.540 0.655 0.387 0.551]
  eval: e=0.1230  p=[0.465 0.426 0.488 0.542 0.655 0.389 0.550]
   131          218         0.116478         reflect
  eval: e=0.1229  p=[0.468 0.427 0.485 0.541 0.655 0.388 0.550]
  eval: e=0.1166  p=[0.473 0.428 0.485 0.538 0.653 0.385 0.552]
   132          220         0.116478         contract inside
  eval: e=0.1226  p=[0.468 0.428 0.485 0.541 0.655 0.389 0.550]
  eval: e=0.1166  p=[0.473 0.427 0.485 0.538 0.653 0.385 0.552]
   133          222         0.116478         contract inside
  eval: e=0.1166  p=[0.470 0.424 0.490 0.540 0.657 0.380 0.552]
   134          223         0.116478         reflect
  eval: e=0.1235  p=[0.467 0.424 0.490 0.541 0.658 0.383 0.550]
  eval: e=0.1166  p=[0.472 0.428 0.485 0.538 0.654 0.385 0.552]
   135          225         0.116478         contract inside
  eval: e=0.1234  p=[0.468 0.425 0.488 0.541 0.657 0.384 0.550]
  eval: e=0.1166  p=[0.472 0.427 0.486 0.539 0.654 0.385 0.552]
   136          227         0.116478         contract inside
  eval: e=0.1233  p=[0.468 0.425 0.488 0.541 0.657 0.384 0.551]
  eval: e=0.1166  p=[0.472 0.427 0.486 0.539 0.654 0.385 0.552]
   137          229         0.116478         contract inside
  eval: e=0.1166  p=[0.472 0.430 0.482 0.539 0.652 0.390 0.551]
  eval: e=0.1166  p=[0.471 0.428 0.484 0.539 0.653 0.388 0.551]
   138          231         0.116478         contract outside
  eval: e=0.1229  p=[0.469 0.426 0.487 0.541 0.656 0.386 0.550]
  eval: e=0.1166  p=[0.472 0.427 0.485 0.539 0.654 0.385 0.552]
   139          233         0.116478         contract inside
  eval: e=0.1165  p=[0.469 0.427 0.485 0.542 0.653 0.389 0.549]
   140          234         0.116478         reflect
  eval: e=0.1165  p=[0.469 0.427 0.486 0.542 0.655 0.388 0.549]
  eval: e=0.1225  p=[0.467 0.427 0.486 0.543 0.655 0.390 0.548]
   141          236         0.116467         reflect
  eval: e=0.1165  p=[0.468 0.427 0.486 0.542 0.655 0.390 0.548]
  eval: e=0.1164  p=[0.466 0.427 0.486 0.544 0.655 0.392 0.547]
   142          238         0.116415         expand
  eval: e=0.1224  p=[0.466 0.427 0.486 0.543 0.655 0.391 0.547]
  eval: e=0.1165  p=[0.470 0.427 0.486 0.540 0.654 0.387 0.550]
   143          240         0.116415         contract inside
  eval: e=0.1229  p=[0.466 0.426 0.488 0.543 0.656 0.388 0.548]
  eval: e=0.1165  p=[0.470 0.428 0.485 0.540 0.654 0.388 0.550]
   144          242         0.116415         contract inside
  eval: e=0.1166  p=[0.467 0.428 0.486 0.542 0.652 0.393 0.548]
  eval: e=0.1165  p=[0.470 0.427 0.486 0.541 0.655 0.386 0.550]
   145          244         0.116415         contract inside
  eval: e=0.1230  p=[0.468 0.426 0.487 0.541 0.656 0.387 0.550]
  eval: e=0.1165  p=[0.469 0.427 0.486 0.541 0.654 0.389 0.549]
   146          246         0.116415         contract inside
  eval: e=0.1164  p=[0.467 0.427 0.486 0.543 0.655 0.390 0.548]
   147          247         0.116415         reflect
  eval: e=0.1227  p=[0.466 0.426 0.487 0.543 0.655 0.389 0.548]
  eval: e=0.1165  p=[0.469 0.427 0.486 0.541 0.654 0.388 0.550]
   148          249         0.116415         contract inside
  eval: e=0.1228  p=[0.467 0.426 0.487 0.542 0.655 0.388 0.549]
  eval: e=0.1165  p=[0.469 0.427 0.486 0.542 0.654 0.389 0.549]
   149          251         0.116415         contract inside
  eval: e=0.1165  p=[0.467 0.427 0.487 0.543 0.654 0.392 0.548]
   150          252         0.116415         reflect
  eval: e=0.1164  p=[0.466 0.426 0.487 0.543 0.655 0.391 0.548]
   151          253         0.116415         reflect
  eval: e=0.1164  p=[0.466 0.428 0.485 0.543 0.654 0.392 0.548]
   152          254         0.116415         reflect
  eval: e=0.1225  p=[0.465 0.427 0.486 0.543 0.655 0.392 0.548]
  eval: e=0.1165  p=[0.468 0.427 0.486 0.542 0.654 0.389 0.549]
   153          256         0.116415         contract inside
  eval: e=0.1164  p=[0.465 0.427 0.486 0.545 0.654 0.394 0.545]
   154          257         0.116415         reflect
  eval: e=0.1164  p=[0.464 0.427 0.486 0.545 0.654 0.394 0.546]
   155          258         0.116415         reflect
  eval: e=0.1226  p=[0.465 0.427 0.485 0.544 0.655 0.392 0.547]
  eval: e=0.1164  p=[0.466 0.427 0.486 0.543 0.654 0.392 0.547]
   156          260         0.116415         contract inside
  eval: e=0.1164  p=[0.464 0.427 0.486 0.545 0.655 0.395 0.545]
  eval: e=0.1164  p=[0.462 0.427 0.486 0.547 0.655 0.397 0.543]
   157          262         0.116409         reflect
  eval: e=0.1223  p=[0.465 0.427 0.486 0.545 0.655 0.393 0.546]
  eval: e=0.1164  p=[0.466 0.427 0.486 0.543 0.654 0.392 0.547]
   158          264         0.116409         contract inside
  eval: e=0.1164  p=[0.464 0.428 0.485 0.545 0.654 0.396 0.545]
  eval: e=0.1164  p=[0.466 0.427 0.486 0.543 0.655 0.391 0.547]
   159          266         0.116409         contract inside
  eval: e=0.1164  p=[0.465 0.427 0.486 0.545 0.655 0.393 0.546]
  eval: e=0.1223  p=[0.464 0.427 0.486 0.545 0.655 0.394 0.546]
   160          268         0.116405         reflect
  eval: e=0.1225  p=[0.465 0.427 0.486 0.543 0.655 0.391 0.548]
  eval: e=0.1164  p=[0.465 0.427 0.486 0.544 0.654 0.393 0.546]
   161          270         0.116405         contract inside
  eval: e=0.1164  p=[0.464 0.426 0.487 0.545 0.655 0.394 0.544]
  eval: e=0.1164  p=[0.464 0.425 0.488 0.547 0.655 0.394 0.543]
   162          272          0.11639         expand
  eval: e=0.1224  p=[0.466 0.426 0.487 0.544 0.655 0.391 0.546]
  eval: e=0.1164  p=[0.465 0.427 0.486 0.545 0.654 0.394 0.546]
   163          274          0.11639         contract inside
  eval: e=0.1164  p=[0.464 0.427 0.487 0.546 0.655 0.395 0.544]
   164          275          0.11639         reflect
  eval: e=0.1222  p=[0.464 0.426 0.487 0.545 0.655 0.393 0.545]
  eval: e=0.1164  p=[0.465 0.427 0.486 0.545 0.655 0.393 0.546]
   165          277          0.11639         contract inside
  eval: e=0.1164  p=[0.463 0.427 0.486 0.547 0.655 0.397 0.543]
  eval: e=0.1164  p=[0.465 0.427 0.487 0.544 0.655 0.392 0.546]
   166          279          0.11639         contract inside
  eval: e=0.1222  p=[0.465 0.427 0.487 0.545 0.655 0.394 0.545]
  eval: e=0.1164  p=[0.465 0.427 0.486 0.545 0.655 0.394 0.546]
   167          281          0.11639         contract inside
  eval: e=0.1164  p=[0.463 0.426 0.488 0.546 0.655 0.395 0.543]
   168          282          0.11639         reflect
  eval: e=0.1164  p=[0.463 0.426 0.487 0.546 0.655 0.395 0.544]
   169          283          0.11639         reflect
  eval: e=0.1164  p=[0.463 0.426 0.487 0.546 0.655 0.395 0.543]
   170          284          0.11639         reflect
  eval: e=0.1164  p=[0.462 0.426 0.487 0.548 0.655 0.397 0.542]
  eval: e=0.1164  p=[0.465 0.427 0.487 0.545 0.655 0.393 0.545]
   171          286          0.11639         contract inside
  eval: e=0.1164  p=[0.464 0.425 0.488 0.546 0.655 0.394 0.543]
  eval: e=0.1164  p=[0.464 0.424 0.489 0.547 0.655 0.394 0.542]
   172          288         0.116377         expand
  eval: e=0.1164  p=[0.464 0.425 0.488 0.546 0.655 0.394 0.543]
   173          289         0.116377         reflect
  eval: e=0.1164  p=[0.463 0.424 0.490 0.548 0.655 0.395 0.541]
   174          290         0.116377         reflect
  eval: e=0.1164  p=[0.464 0.424 0.489 0.546 0.655 0.393 0.543]
  eval: e=0.1224  p=[0.465 0.424 0.490 0.546 0.655 0.392 0.542]
   175          292         0.116377         reflect
  eval: e=0.1164  p=[0.463 0.423 0.490 0.548 0.655 0.395 0.540]
  eval: e=0.1164  p=[0.462 0.422 0.492 0.550 0.655 0.396 0.538]
   176          294         0.116354         expand
  eval: e=0.1164  p=[0.463 0.423 0.491 0.548 0.655 0.394 0.540]
   177          295         0.116354         reflect
  eval: e=0.1164  p=[0.463 0.422 0.492 0.549 0.655 0.394 0.539]
   178          296         0.116354         reflect
  eval: e=0.1223  p=[0.463 0.422 0.492 0.549 0.656 0.395 0.539]
  eval: e=0.1164  p=[0.463 0.424 0.489 0.547 0.655 0.394 0.542]
   179          298         0.116354         contract inside
  eval: e=0.1164  p=[0.462 0.421 0.492 0.550 0.656 0.396 0.537]
  eval: e=0.1163  p=[0.462 0.420 0.494 0.551 0.656 0.396 0.534]
   180          300         0.116337         expand
  eval: e=0.1223  p=[0.463 0.422 0.492 0.549 0.656 0.394 0.538]
  eval: e=0.1164  p=[0.463 0.423 0.490 0.548 0.655 0.395 0.540]
   181          302         0.116337         contract inside
  eval: e=0.1222  p=[0.462 0.421 0.493 0.550 0.656 0.395 0.537]
  eval: e=0.1164  p=[0.463 0.423 0.490 0.548 0.655 0.395 0.540]
   182          304         0.116337         contract inside
  eval: e=0.1163  p=[0.462 0.421 0.493 0.550 0.656 0.396 0.536]
   183          305         0.116337         reflect
  eval: e=0.1163  p=[0.461 0.419 0.495 0.552 0.656 0.397 0.534]
   184          306         0.116337         reflect
  eval: e=0.1222  p=[0.462 0.419 0.494 0.551 0.656 0.396 0.534]
  eval: e=0.1164  p=[0.463 0.422 0.491 0.549 0.655 0.395 0.539]
   185          308         0.116337         contract inside
  eval: e=0.1221  p=[0.461 0.419 0.495 0.552 0.656 0.397 0.534]
  eval: e=0.1164  p=[0.463 0.422 0.491 0.549 0.655 0.395 0.539]
   186          310         0.116337         contract inside
  eval: e=0.1163  p=[0.461 0.420 0.494 0.552 0.656 0.397 0.534]
   187          311         0.116337         reflect
  eval: e=0.1221  p=[0.461 0.419 0.495 0.552 0.656 0.397 0.534]
  eval: e=0.1164  p=[0.462 0.422 0.492 0.550 0.655 0.396 0.537]
   188          313         0.116337         contract inside
  eval: e=0.1220  p=[0.461 0.419 0.495 0.552 0.656 0.397 0.533]
  eval: e=0.1164  p=[0.462 0.421 0.492 0.550 0.656 0.396 0.537]
   189          315         0.116337         contract inside
  eval: e=0.1163  p=[0.460 0.419 0.495 0.553 0.656 0.398 0.533]
   190          316         0.116337         reflect
  eval: e=0.1163  p=[0.461 0.418 0.495 0.552 0.656 0.397 0.533]
  eval: e=0.1221  p=[0.461 0.417 0.497 0.553 0.656 0.397 0.531]
   191          318         0.116333         reflect
  eval: e=0.1221  p=[0.460 0.418 0.496 0.553 0.656 0.398 0.532]
  eval: e=0.1163  p=[0.462 0.421 0.493 0.551 0.656 0.396 0.536]
   192          320         0.116333         contract inside
  eval: e=0.1220  p=[0.460 0.418 0.496 0.553 0.656 0.398 0.531]
  eval: e=0.1163  p=[0.462 0.421 0.493 0.551 0.656 0.396 0.536]
   193          322         0.116333         contract inside
  eval: e=0.1163  p=[0.463 0.420 0.493 0.550 0.656 0.395 0.537]
   194          323         0.116333         reflect
  eval: e=0.1163  p=[0.461 0.419 0.495 0.552 0.656 0.396 0.534]
  eval: e=0.1222  p=[0.461 0.418 0.496 0.552 0.656 0.397 0.533]
   195          325         0.116332         reflect
  eval: e=0.1221  p=[0.461 0.419 0.495 0.552 0.656 0.396 0.533]
  eval: e=0.1163  p=[0.462 0.420 0.494 0.551 0.656 0.396 0.535]
   196          327         0.116332         contract inside
  eval: e=0.1163  p=[0.460 0.419 0.495 0.553 0.656 0.399 0.532]
  eval: e=0.1163  p=[0.461 0.419 0.495 0.552 0.656 0.398 0.533]
   197          329         0.116332         contract outside
  eval: e=0.1163  p=[0.460 0.418 0.496 0.553 0.656 0.398 0.531]
   198          330         0.116332         reflect
  eval: e=0.1163  p=[0.460 0.418 0.496 0.553 0.656 0.398 0.532]
  eval: e=0.1220  p=[0.460 0.417 0.497 0.554 0.656 0.399 0.530]
   199          332         0.116332         reflect
  eval: e=0.1220  p=[0.461 0.418 0.496 0.553 0.656 0.397 0.532]
  eval: e=0.1163  p=[0.461 0.419 0.495 0.552 0.656 0.397 0.534]
   200          334         0.116332         contract inside
  eval: e=0.1221  p=[0.461 0.418 0.496 0.553 0.656 0.397 0.532]
  eval: e=0.1163  p=[0.461 0.419 0.495 0.552 0.656 0.397 0.533]
   201          336         0.116332         contract inside
  eval: e=0.1163  p=[0.461 0.418 0.496 0.552 0.656 0.397 0.533]
  eval: e=0.1163  p=[0.462 0.418 0.496 0.552 0.656 0.396 0.533]
   202          338         0.116327         expand
  eval: e=0.1221  p=[0.461 0.418 0.496 0.553 0.656 0.397 0.532]
  eval: e=0.1163  p=[0.461 0.419 0.495 0.552 0.656 0.397 0.533]
   203          340         0.116327         contract inside
  eval: e=0.1221  p=[0.461 0.418 0.496 0.553 0.656 0.397 0.532]
  eval: e=0.1163  p=[0.461 0.419 0.495 0.552 0.656 0.397 0.533]
   204          342         0.116327         contract inside
  eval: e=0.1163  p=[0.460 0.417 0.497 0.554 0.656 0.398 0.531]
   205          343         0.116327         reflect
  eval: e=0.1163  p=[0.461 0.417 0.497 0.553 0.656 0.397 0.531]
  eval: e=0.1221  p=[0.461 0.417 0.497 0.554 0.656 0.397 0.531]
   206          345         0.116326         reflect
  eval: e=0.1221  p=[0.461 0.417 0.497 0.553 0.656 0.397 0.531]
  eval: e=0.1163  p=[0.461 0.418 0.496 0.553 0.656 0.397 0.533]
   207          347         0.116326         contract inside
  eval: e=0.1163  p=[0.462 0.418 0.496 0.552 0.656 0.396 0.533]
   208          348         0.116326         reflect
  eval: e=0.1221  p=[0.461 0.417 0.497 0.553 0.656 0.397 0.532]
  eval: e=0.1163  p=[0.461 0.418 0.496 0.552 0.656 0.397 0.533]
   209          350         0.116326         contract inside
  eval: e=0.1221  p=[0.461 0.418 0.496 0.553 0.656 0.397 0.532]
  eval: e=0.1163  p=[0.461 0.418 0.496 0.553 0.656 0.397 0.532]
   210          352         0.116326         contract inside
  eval: e=0.1163  p=[0.461 0.417 0.497 0.554 0.656 0.398 0.530]
  eval: e=0.1221  p=[0.460 0.416 0.498 0.555 0.656 0.398 0.529]
   211          354         0.116325         reflect
  eval: e=0.1163  p=[0.462 0.417 0.496 0.552 0.656 0.396 0.532]
   212          355         0.116325         reflect
  eval: e=0.1221  p=[0.461 0.417 0.497 0.553 0.656 0.397 0.531]
  eval: e=0.1163  p=[0.461 0.418 0.496 0.553 0.656 0.397 0.532]
   213          357         0.116325         contract inside
  eval: e=0.1221  p=[0.461 0.417 0.497 0.553 0.656 0.397 0.531]
  eval: e=0.1163  p=[0.461 0.418 0.496 0.553 0.656 0.397 0.532]
   214          359         0.116325         contract inside
  eval: e=0.1163  p=[0.461 0.417 0.497 0.553 0.656 0.397 0.531]
  eval: e=0.1221  p=[0.461 0.417 0.497 0.553 0.656 0.397 0.531]
   215          361         0.116324         reflect
  eval: e=0.1163  p=[0.461 0.417 0.497 0.553 0.656 0.397 0.531]
  eval: e=0.1221  p=[0.461 0.417 0.497 0.553 0.656 0.397 0.531]
   216          363         0.116323         reflect
  eval: e=0.1163  p=[0.462 0.418 0.496 0.552 0.656 0.396 0.533]
   217          364         0.116323         reflect
  eval: e=0.1163  p=[0.461 0.417 0.497 0.554 0.656 0.397 0.530]
  eval: e=0.1220  p=[0.461 0.416 0.498 0.554 0.656 0.397 0.529]
   218          366         0.116322         reflect
  eval: e=0.1220  p=[0.461 0.416 0.498 0.554 0.656 0.397 0.530]
  eval: e=0.1163  p=[0.462 0.418 0.496 0.553 0.656 0.396 0.532]
   219          368         0.116322         contract inside
  eval: e=0.1163  p=[0.462 0.417 0.497 0.553 0.656 0.396 0.532]
   220          369         0.116322         reflect
  eval: e=0.1221  p=[0.461 0.417 0.497 0.554 0.656 0.397 0.531]
  eval: e=0.1163  p=[0.462 0.417 0.497 0.553 0.656 0.396 0.532]
   221          371         0.116322         contract inside
  eval: e=0.1163  p=[0.460 0.416 0.498 0.554 0.656 0.398 0.530]
   222          372         0.116322         reflect
  eval: e=0.1220  p=[0.461 0.416 0.498 0.554 0.656 0.397 0.530]
  eval: e=0.1163  p=[0.461 0.417 0.497 0.553 0.656 0.397 0.532]
   223          374         0.116322         contract inside
  eval: e=0.1163  p=[0.462 0.417 0.497 0.553 0.656 0.396 0.532]
   224          375         0.116322         reflect
  eval: e=0.1221  p=[0.461 0.417 0.498 0.554 0.656 0.397 0.530]
  eval: e=0.1163  p=[0.461 0.417 0.497 0.553 0.656 0.396 0.532]
   225          377         0.116322         contract inside
  eval: e=0.1163  p=[0.462 0.418 0.496 0.552 0.656 0.395 0.533]
  eval: e=0.1163  p=[0.461 0.417 0.497 0.553 0.656 0.397 0.531]
   226          379         0.116322         contract inside
  eval: e=0.1163  p=[0.461 0.417 0.497 0.553 0.656 0.396 0.531]
  eval: e=0.1163  p=[0.461 0.416 0.498 0.553 0.656 0.396 0.531]
   227          381          0.11632         expand
  eval: e=0.1163  p=[0.462 0.416 0.498 0.553 0.656 0.396 0.531]
   228          382          0.11632         reflect
  eval: e=0.1163  p=[0.461 0.416 0.498 0.553 0.656 0.396 0.531]
   229          383          0.11632         reflect
  eval: e=0.1221  p=[0.461 0.416 0.498 0.554 0.656 0.397 0.530]
  eval: e=0.1163  p=[0.462 0.417 0.497 0.553 0.656 0.396 0.531]
   230          385          0.11632         contract inside
  eval: e=0.1163  p=[0.462 0.417 0.497 0.553 0.656 0.396 0.531]
   231          386          0.11632         reflect
  eval: e=0.1163  p=[0.462 0.416 0.498 0.553 0.656 0.396 0.531]
   232          387          0.11632         reflect
  eval: e=0.1163  p=[0.461 0.416 0.498 0.554 0.656 0.396 0.530]
  eval: e=0.1221  p=[0.461 0.416 0.498 0.554 0.656 0.397 0.530]
   233          389         0.116319         reflect
  eval: e=0.1163  p=[0.462 0.416 0.498 0.554 0.656 0.396 0.530]
  eval: e=0.1221  p=[0.461 0.415 0.499 0.554 0.656 0.396 0.529]
   234          391         0.116318         reflect
  eval: e=0.1163  p=[0.462 0.416 0.498 0.553 0.656 0.395 0.531]
   235          392         0.116318         reflect
  eval: e=0.1163  p=[0.461 0.416 0.498 0.554 0.656 0.397 0.530]
   236          393         0.116318         reflect
  eval: e=0.1163  p=[0.462 0.416 0.498 0.554 0.656 0.396 0.530]
  eval: e=0.1221  p=[0.462 0.415 0.499 0.554 0.656 0.396 0.530]
   237          395         0.116317         reflect
  eval: e=0.1163  p=[0.462 0.416 0.498 0.553 0.656 0.396 0.530]
   238          396         0.116317         reflect
  eval: e=0.1221  p=[0.461 0.416 0.498 0.554 0.656 0.397 0.530]
  eval: e=0.1163  p=[0.462 0.416 0.498 0.553 0.656 0.396 0.531]
   239          398         0.116317         contract inside
  eval: e=0.1163  p=[0.462 0.415 0.499 0.554 0.656 0.396 0.530]
  eval: e=0.1163  p=[0.462 0.415 0.499 0.554 0.656 0.396 0.529]
   240          400         0.116314         expand
  eval: e=0.1221  p=[0.461 0.415 0.499 0.554 0.656 0.397 0.529]
  eval: e=0.1163  p=[0.462 0.416 0.498 0.553 0.656 0.396 0.530]
   241          402         0.116314         contract inside
  eval: e=0.1163  p=[0.462 0.415 0.499 0.554 0.656 0.396 0.529]
   242          403         0.116314         reflect
  eval: e=0.1163  p=[0.462 0.415 0.499 0.554 0.656 0.396 0.530]
   243          404         0.116314         reflect
  eval: e=0.1163  p=[0.461 0.415 0.499 0.554 0.656 0.396 0.529]
   244          405         0.116314         reflect
  eval: e=0.1163  p=[0.462 0.415 0.499 0.554 0.656 0.396 0.529]
   245          406         0.116314         reflect
  eval: e=0.1163  p=[0.462 0.415 0.499 0.554 0.656 0.396 0.529]
  eval: e=0.1163  p=[0.462 0.414 0.500 0.554 0.656 0.395 0.528]
   246          408         0.116311         expand
  eval: e=0.1163  p=[0.462 0.414 0.500 0.554 0.656 0.396 0.529]
   247          409         0.116311         reflect
  eval: e=0.1163  p=[0.462 0.414 0.500 0.554 0.656 0.396 0.528]
  eval: e=0.1222  p=[0.462 0.413 0.501 0.555 0.656 0.395 0.527]
   248          411          0.11631         reflect
  eval: e=0.1163  p=[0.462 0.414 0.500 0.554 0.656 0.395 0.528]
   249          412          0.11631         reflect
  eval: e=0.1221  p=[0.462 0.414 0.500 0.554 0.656 0.396 0.528]
  eval: e=0.1163  p=[0.462 0.415 0.499 0.554 0.656 0.396 0.529]
   250          414          0.11631         contract inside
  eval: e=0.1163  p=[0.463 0.414 0.500 0.554 0.656 0.395 0.528]
   251          415          0.11631         reflect
  eval: e=0.1163  p=[0.462 0.413 0.501 0.554 0.656 0.395 0.528]
  eval: e=0.1163  p=[0.462 0.413 0.502 0.555 0.656 0.395 0.527]
   252          417         0.116306         expand
  eval: e=0.1163  p=[0.462 0.413 0.501 0.555 0.656 0.395 0.527]
   253          418         0.116306         reflect
  eval: e=0.1163  p=[0.463 0.412 0.502 0.555 0.656 0.395 0.527]
   254          419         0.116306         reflect
  eval: e=0.1221  p=[0.462 0.413 0.501 0.555 0.656 0.396 0.527]
  eval: e=0.1163  p=[0.463 0.414 0.501 0.554 0.656 0.395 0.528]
   255          421         0.116306         contract inside
  eval: e=0.1163  p=[0.463 0.412 0.502 0.555 0.656 0.394 0.527]
   256          422         0.116306         reflect
  eval: e=0.1163  p=[0.463 0.412 0.502 0.555 0.656 0.395 0.527]
   257          423         0.116306         reflect
  eval: e=0.1163  p=[0.463 0.412 0.502 0.555 0.656 0.395 0.526]
  eval: e=0.1163  p=[0.463 0.411 0.503 0.555 0.656 0.394 0.525]
   258          425         0.116302         expand
  eval: e=0.1163  p=[0.463 0.411 0.503 0.555 0.656 0.394 0.526]
   259          426         0.116302         reflect
  eval: e=0.1163  p=[0.463 0.411 0.504 0.556 0.656 0.394 0.525]
  eval: e=0.1223  p=[0.463 0.409 0.505 0.556 0.656 0.394 0.524]
   260          428         0.116301         reflect
  eval: e=0.1222  p=[0.463 0.411 0.503 0.555 0.656 0.395 0.526]
  eval: e=0.1163  p=[0.463 0.412 0.502 0.555 0.656 0.395 0.527]
   261          430         0.116301         contract inside
  eval: e=0.1163  p=[0.463 0.410 0.504 0.556 0.656 0.394 0.525]
   262          431         0.116301         reflect
  eval: e=0.1163  p=[0.463 0.410 0.504 0.556 0.656 0.394 0.525]
   263          432         0.116301         reflect
  eval: e=0.1163  p=[0.463 0.410 0.504 0.556 0.656 0.394 0.525]
  eval: e=0.1163  p=[0.463 0.409 0.506 0.556 0.656 0.394 0.524]
   264          434         0.116298         expand
  eval: e=0.1163  p=[0.464 0.409 0.506 0.556 0.656 0.393 0.523]
   265          435         0.116298         reflect
  eval: e=0.1223  p=[0.464 0.408 0.506 0.557 0.656 0.393 0.523]
  eval: e=0.1163  p=[0.463 0.411 0.503 0.555 0.656 0.394 0.526]
   266          437         0.116298         contract inside
  eval: e=0.1223  p=[0.463 0.409 0.505 0.556 0.656 0.394 0.524]
  eval: e=0.1163  p=[0.463 0.411 0.504 0.555 0.656 0.394 0.525]
   267          439         0.116298         contract inside
  eval: e=0.1163  p=[0.463 0.409 0.505 0.556 0.656 0.394 0.524]
   268          440         0.116298         reflect
  eval: e=0.1163  p=[0.463 0.409 0.505 0.556 0.656 0.394 0.524]
  eval: e=0.1223  p=[0.463 0.408 0.506 0.557 0.656 0.394 0.523]
   269          442         0.116297         reflect
  eval: e=0.1163  p=[0.463 0.409 0.506 0.556 0.656 0.394 0.523]
  eval: e=0.1223  p=[0.463 0.408 0.507 0.557 0.656 0.393 0.523]
   270          444         0.116296         reflect
  eval: e=0.1163  p=[0.464 0.408 0.507 0.557 0.656 0.393 0.523]
   271          445         0.116296         reflect
  eval: e=0.1223  p=[0.464 0.408 0.507 0.557 0.657 0.393 0.522]
  eval: e=0.1163  p=[0.463 0.410 0.505 0.556 0.656 0.394 0.524]
   272          447         0.116296         contract inside
  eval: e=0.1163  p=[0.464 0.407 0.508 0.557 0.657 0.393 0.522]
  eval: e=0.1224  p=[0.464 0.405 0.509 0.557 0.657 0.392 0.520]
   273          449         0.116296         reflect
  eval: e=0.1222  p=[0.463 0.409 0.506 0.556 0.656 0.394 0.523]
  eval: e=0.1163  p=[0.464 0.409 0.506 0.556 0.656 0.393 0.523]
   274          451         0.116296         contract inside
  eval: e=0.1223  p=[0.464 0.407 0.507 0.557 0.657 0.393 0.522]
  eval: e=0.1163  p=[0.463 0.409 0.505 0.556 0.656 0.394 0.524]
   275          453         0.116296         contract inside
  eval: e=0.1223  p=[0.463 0.408 0.506 0.556 0.656 0.394 0.523]
  eval: e=0.1163  p=[0.464 0.409 0.506 0.556 0.656 0.393 0.523]
   276          455         0.116296         contract inside
  eval: e=0.1163  p=[0.464 0.408 0.507 0.557 0.656 0.393 0.523]
  eval: e=0.1223  p=[0.464 0.407 0.507 0.557 0.657 0.393 0.522]
   277          457         0.116295         reflect
  eval: e=0.1223  p=[0.464 0.408 0.507 0.557 0.656 0.393 0.522]
  eval: e=0.1163  p=[0.463 0.409 0.506 0.556 0.656 0.394 0.523]
   278          459         0.116295         contract inside
  eval: e=0.1223  p=[0.464 0.408 0.507 0.557 0.657 0.393 0.522]
  eval: e=0.1163  p=[0.463 0.409 0.506 0.556 0.656 0.393 0.523]
   279          461         0.116295         contract inside
  eval: e=0.1223  p=[0.464 0.408 0.507 0.557 0.656 0.393 0.523]
  eval: e=0.1163  p=[0.464 0.408 0.506 0.556 0.656 0.393 0.523]
   280          463         0.116295         contract inside
  eval: e=0.1163  p=[0.464 0.408 0.507 0.557 0.656 0.393 0.523]
  eval: e=0.1223  p=[0.464 0.407 0.507 0.557 0.657 0.393 0.522]
   281          465         0.116295         reflect
  eval: e=0.1163  p=[0.464 0.407 0.508 0.557 0.657 0.393 0.522]
   282          466         0.116295         reflect
  eval: e=0.1163  p=[0.464 0.407 0.507 0.557 0.657 0.393 0.522]
  eval: e=0.1163  p=[0.464 0.407 0.508 0.557 0.657 0.393 0.522]
   283          468         0.116294         expand
  eval: e=0.1163  p=[0.464 0.408 0.507 0.557 0.656 0.393 0.522]
   284          469         0.116294         reflect
  eval: e=0.1223  p=[0.464 0.406 0.508 0.557 0.657 0.393 0.521]
  eval: e=0.1163  p=[0.464 0.408 0.506 0.557 0.656 0.393 0.523]
   285          471         0.116294         contract inside
  eval: e=0.1163  p=[0.464 0.406 0.509 0.557 0.657 0.392 0.521]
   286          472         0.116294         reflect
  eval: e=0.1163  p=[0.464 0.406 0.508 0.557 0.657 0.393 0.521]
   287          473         0.116294         reflect
  eval: e=0.1223  p=[0.464 0.407 0.507 0.557 0.657 0.393 0.522]
  eval: e=0.1163  p=[0.464 0.407 0.508 0.557 0.657 0.393 0.522]
   288          475         0.116294         contract inside
  eval: e=0.1223  p=[0.464 0.407 0.508 0.557 0.657 0.393 0.522]
  eval: e=0.1163  p=[0.464 0.407 0.508 0.557 0.657 0.393 0.522]
   289          477         0.116294         contract inside
  eval: e=0.1163  p=[0.464 0.406 0.509 0.557 0.657 0.392 0.521]
   290          478         0.116294         reflect
  eval: e=0.1224  p=[0.464 0.405 0.509 0.557 0.657 0.392 0.521]
  eval: e=0.1163  p=[0.464 0.407 0.507 0.557 0.657 0.393 0.522]
   291          480         0.116294         contract inside
  eval: e=0.1163  p=[0.464 0.406 0.508 0.557 0.657 0.393 0.521]
  eval: e=0.1223  p=[0.464 0.406 0.509 0.557 0.657 0.392 0.521]
   292          482         0.116294         reflect
  eval: e=0.1163  p=[0.464 0.406 0.509 0.557 0.657 0.393 0.521]
  eval: e=0.1224  p=[0.464 0.406 0.509 0.557 0.657 0.392 0.521]
   293          484         0.116294         reflect
  eval: e=0.1223  p=[0.464 0.406 0.509 0.557 0.657 0.392 0.521]
  eval: e=0.1163  p=[0.464 0.407 0.508 0.557 0.657 0.393 0.522]
   294          486         0.116294         contract inside
  eval: e=0.1223  p=[0.464 0.407 0.508 0.557 0.657 0.393 0.522]
  eval: e=0.1163  p=[0.464 0.406 0.508 0.557 0.657 0.393 0.521]
   295          488         0.116294         contract inside
  eval: e=0.1223  p=[0.464 0.407 0.508 0.557 0.657 0.393 0.522]
  eval: e=0.1163  p=[0.464 0.406 0.508 0.557 0.657 0.393 0.521]
   296          490         0.116294         contract inside
  eval: e=0.1224  p=[0.464 0.405 0.510 0.558 0.657 0.392 0.520]
  eval: e=0.1163  p=[0.464 0.407 0.508 0.557 0.657 0.393 0.522]
   297          492         0.116294         contract inside
  eval: e=0.1223  p=[0.464 0.406 0.509 0.557 0.657 0.392 0.521]
  eval: e=0.1163  p=[0.464 0.407 0.508 0.557 0.657 0.393 0.522]
   298          494         0.116294         contract inside
  eval: e=0.1223  p=[0.464 0.406 0.508 0.557 0.657 0.393 0.521]
  eval: e=0.1223  p=[0.464 0.406 0.508 0.557 0.657 0.393 0.522]
  eval: e=0.1223  p=[0.464 0.406 0.508 0.557 0.657 0.393 0.521]
  eval: e=0.1163  p=[0.464 0.406 0.508 0.557 0.657 0.393 0.521]
  eval: e=0.1223  p=[0.464 0.406 0.509 0.557 0.657 0.392 0.521]
  eval: e=0.1163  p=[0.464 0.407 0.508 0.557 0.657 0.393 0.522]
  eval: e=0.1223  p=[0.464 0.406 0.508 0.557 0.657 0.393 0.521]
  eval: e=0.1223  p=[0.464 0.406 0.508 0.557 0.657 0.393 0.521]
  eval: e=0.1223  p=[0.464 0.406 0.508 0.557 0.657 0.393 0.521]
   299          503         0.116294         shrink
  eval: e=0.1163  p=[0.464 0.406 0.508 0.557 0.657 0.393 0.521]
   300          504         0.116294         reflect
  eval: e=0.1223  p=[0.464 0.407 0.508 0.557 0.657 0.393 0.522]
   301          505         0.116294         reflect
  eval: e=0.1163  p=[0.464 0.406 0.508 0.557 0.657 0.393 0.521]
   302          506         0.116294         reflect
  eval: e=0.1163  p=[0.464 0.406 0.509 0.557 0.657 0.392 0.521]
   303          507         0.116294         reflect
  eval: e=0.1163  p=[0.464 0.406 0.508 0.557 0.657 0.393 0.521]
   304          508         0.116294         reflect
  eval: e=0.1163  p=[0.464 0.406 0.508 0.557 0.657 0.393 0.521]
   305          509         0.116294         reflect
  eval: e=0.1223  p=[0.464 0.406 0.508 0.557 0.657 0.393 0.521]
  eval: e=0.1163  p=[0.464 0.406 0.508 0.557 0.657 0.393 0.521]
   306          511         0.116294         contract inside
  eval: e=0.1223  p=[0.464 0.406 0.509 0.557 0.657 0.393 0.521]
  eval: e=0.1163  p=[0.464 0.406 0.508 0.557 0.657 0.393 0.521]
   307          513         0.116294         contract inside
  eval: e=0.1223  p=[0.464 0.406 0.508 0.557 0.657 0.393 0.521]
  eval: e=0.1223  p=[0.464 0.406 0.508 0.557 0.657 0.393 0.521]
  eval: e=0.1223  p=[0.464 0.406 0.508 0.557 0.657 0.393 0.521]
  eval: e=0.1223  p=[0.464 0.406 0.508 0.557 0.657 0.393 0.521]
  eval: e=0.1223  p=[0.464 0.406 0.508 0.557 0.657 0.393 0.521]
  eval: e=0.1163  p=[0.464 0.406 0.508 0.557 0.657 0.393 0.521]
  eval: e=0.1223  p=[0.464 0.406 0.508 0.557 0.657 0.393 0.521]
  eval: e=0.1163  p=[0.464 0.406 0.509 0.557 0.657 0.393 0.521]
  eval: e=0.1223  p=[0.464 0.406 0.508 0.557 0.657 0.393 0.521]
   308          522         0.116294         shrink
  eval: e=0.1223  p=[0.464 0.406 0.508 0.557 0.657 0.393 0.521]
   309          523         0.116294         reflect
  eval: e=0.1223  p=[0.464 0.406 0.508 0.557 0.657 0.393 0.521]
   310          524         0.116294         reflect
  eval: e=0.1163  p=[0.464 0.406 0.509 0.557 0.657 0.393 0.521]
   311          525         0.116294         reflect
  eval: e=0.1163  p=[0.464 0.406 0.509 0.557 0.657 0.393 0.521]
   312          526         0.116294         reflect
  eval: e=0.1223  p=[0.464 0.406 0.509 0.557 0.657 0.393 0.521]
  eval: e=0.1223  p=[0.464 0.406 0.509 0.557 0.657 0.393 0.521]
   313          528         0.116294         contract outside
  eval: e=0.1223  p=[0.464 0.406 0.508 0.557 0.657 0.393 0.521]
  eval: e=0.1223  p=[0.464 0.406 0.509 0.557 0.657 0.393 0.521]
   314          530         0.116294         contract inside
  eval: e=0.1223  p=[0.464 0.406 0.508 0.557 0.657 0.393 0.521]
  eval: e=0.1223  p=[0.464 0.406 0.509 0.557 0.657 0.393 0.521]
   315          532         0.116294         contract inside
  eval: e=0.1223  p=[0.464 0.406 0.508 0.557 0.657 0.393 0.521]
   316          533         0.116294         reflect
  eval: e=0.1163  p=[0.464 0.406 0.509 0.557 0.657 0.393 0.521]
   317          534         0.116294         reflect
  eval: e=0.1223  p=[0.464 0.406 0.509 0.557 0.657 0.393 0.521]
  eval: e=0.1163  p=[0.464 0.406 0.508 0.557 0.657 0.393 0.521]
   318          536         0.116294         contract inside
  eval: e=0.1163  p=[0.464 0.406 0.509 0.557 0.657 0.393 0.521]
   319          537         0.116294         reflect
  eval: e=0.1163  p=[0.464 0.406 0.508 0.557 0.657 0.393 0.521]
   320          538         0.116294         reflect
  eval: e=0.1223  p=[0.464 0.406 0.508 0.557 0.657 0.393 0.521]
  eval: e=0.1163  p=[0.464 0.406 0.509 0.557 0.657 0.393 0.521]
   321          540         0.116294         contract inside
  eval: e=0.1223  p=[0.464 0.406 0.508 0.557 0.657 0.393 0.521]
  eval: e=0.1223  p=[0.464 0.406 0.509 0.557 0.657 0.393 0.521]
  eval: e=0.1223  p=[0.464 0.406 0.508 0.557 0.657 0.393 0.521]
  eval: e=0.1223  p=[0.464 0.406 0.509 0.557 0.657 0.393 0.521]
  eval: e=0.1163  p=[0.464 0.406 0.509 0.557 0.657 0.393 0.521]
  eval: e=0.1163  p=[0.464 0.406 0.509 0.557 0.657 0.393 0.521]
  eval: e=0.1223  p=[0.464 0.406 0.508 0.557 0.657 0.393 0.521]
  eval: e=0.1223  p=[0.464 0.406 0.509 0.557 0.657 0.393 0.521]
  eval: e=0.1223  p=[0.464 0.406 0.509 0.557 0.657 0.393 0.521]
   322          549         0.116294         shrink
  eval: e=0.1223  p=[0.464 0.406 0.508 0.557 0.657 0.393 0.521]
   323          550         0.116294         reflect
  eval: e=0.1223  p=[0.464 0.406 0.508 0.557 0.657 0.393 0.521]
   324          551         0.116294         reflect
  eval: e=0.1223  p=[0.464 0.406 0.509 0.557 0.657 0.393 0.521]
  eval: e=0.1223  p=[0.464 0.406 0.508 0.557 0.657 0.393 0.521]
  eval: e=0.1223  p=[0.464 0.406 0.509 0.557 0.657 0.393 0.521]
  eval: e=0.1223  p=[0.464 0.406 0.509 0.557 0.657 0.393 0.521]
  eval: e=0.1163  p=[0.464 0.406 0.509 0.557 0.657 0.393 0.521]
  eval: e=0.1223  p=[0.464 0.406 0.508 0.557 0.657 0.393 0.521]
  eval: e=0.1223  p=[0.464 0.406 0.508 0.557 0.657 0.393 0.521]
  eval: e=0.1223  p=[0.464 0.406 0.508 0.557 0.657 0.393 0.521]
  eval: e=0.1163  p=[0.464 0.406 0.508 0.557 0.657 0.393 0.521]
   325          560         0.116294         shrink
  eval: e=0.1223  p=[0.464 0.406 0.509 0.557 0.657 0.393 0.521]
   326          561         0.116294         reflect
  eval: e=0.1223  p=[0.464 0.406 0.509 0.557 0.657 0.393 0.521]
   327          562         0.116294         reflect
  eval: e=0.1223  p=[0.464 0.406 0.508 0.557 0.657 0.393 0.521]
  eval: e=0.1223  p=[0.464 0.406 0.509 0.557 0.657 0.393 0.521]
  eval: e=0.1223  p=[0.464 0.406 0.509 0.557 0.657 0.393 0.521]
  eval: e=0.1163  p=[0.464 0.406 0.509 0.557 0.657 0.393 0.521]
  eval: e=0.1223  p=[0.464 0.406 0.508 0.557 0.657 0.393 0.521]
  eval: e=0.1223  p=[0.464 0.406 0.508 0.557 0.657 0.393 0.521]
  eval: e=0.1223  p=[0.464 0.406 0.509 0.557 0.657 0.393 0.521]
  eval: e=0.1163  p=[0.464 0.406 0.509 0.557 0.657 0.393 0.521]
  eval: e=0.1163  p=[0.464 0.406 0.509 0.557 0.657 0.393 0.521]
   328          571         0.116294         shrink
  eval: e=0.1223  p=[0.464 0.406 0.509 0.557 0.657 0.393 0.521]
  eval: e=0.1223  p=[0.464 0.406 0.509 0.557 0.657 0.393 0.521]
   329          573         0.116294         contract outside
  eval: e=0.1223  p=[0.464 0.406 0.509 0.557 0.657 0.393 0.521]
  eval: e=0.1163  p=[0.464 0.406 0.509 0.557 0.657 0.393 0.521]
   330          575         0.116294         contract inside
  eval: e=0.1223  p=[0.464 0.406 0.509 0.557 0.657 0.393 0.521]
   331          576         0.116294         reflect
  eval: e=0.1223  p=[0.464 0.406 0.509 0.557 0.657 0.393 0.521]
  eval: e=0.1223  p=[0.464 0.406 0.509 0.557 0.657 0.393 0.521]
  eval: e=0.1223  p=[0.464 0.406 0.509 0.557 0.657 0.393 0.521]
  eval: e=0.1223  p=[0.464 0.406 0.509 0.557 0.657 0.393 0.521]
  eval: e=0.1223  p=[0.464 0.406 0.509 0.557 0.657 0.393 0.521]
  eval: e=0.1223  p=[0.464 0.406 0.509 0.557 0.657 0.393 0.521]
  eval: e=0.1223  p=[0.464 0.406 0.509 0.557 0.657 0.393 0.521]
  eval: e=0.1223  p=[0.464 0.406 0.509 0.557 0.657 0.393 0.521]
  eval: e=0.1223  p=[0.464 0.406 0.509 0.557 0.657 0.393 0.521]
   332          585         0.116294         shrink
  eval: e=0.1223  p=[0.464 0.406 0.509 0.557 0.657 0.393 0.521]
   333          586         0.116294         reflect
  eval: e=0.1223  p=[0.464 0.406 0.509 0.557 0.657 0.393 0.521]
   334          587         0.116294         reflect
  eval: e=0.1223  p=[0.464 0.406 0.509 0.557 0.657 0.393 0.521]
   335          588         0.116294         reflect
  eval: e=0.1223  p=[0.464 0.406 0.509 0.557 0.657 0.393 0.521]
   336          589         0.116294         reflect
  eval: e=0.1223  p=[0.464 0.406 0.509 0.557 0.657 0.393 0.521]
   337          590         0.116294         reflect
  eval: e=0.1223  p=[0.464 0.406 0.509 0.557 0.657 0.393 0.521]
  eval: e=0.1223  p=[0.464 0.406 0.509 0.557 0.657 0.393 0.521]
  eval: e=0.1223  p=[0.464 0.406 0.509 0.557 0.657 0.393 0.521]
  eval: e=0.1163  p=[0.464 0.406 0.509 0.557 0.657 0.393 0.521]
  eval: e=0.1163  p=[0.464 0.406 0.509 0.557 0.657 0.393 0.521]
  eval: e=0.1223  p=[0.464 0.406 0.509 0.557 0.657 0.393 0.521]
  eval: e=0.1223  p=[0.464 0.406 0.509 0.557 0.657 0.393 0.521]
  eval: e=0.1163  p=[0.464 0.406 0.509 0.557 0.657 0.393 0.521]
  eval: e=0.1223  p=[0.464 0.406 0.509 0.557 0.657 0.393 0.521]
   338          599         0.116294         shrink
  eval: e=0.1223  p=[0.464 0.406 0.509 0.557 0.657 0.393 0.521]
  eval: e=0.1223  p=[0.464 0.406 0.509 0.557 0.657 0.393 0.521]
   339          601         0.116294         contract outside
  eval: e=0.1223  p=[0.464 0.406 0.509 0.557 0.657 0.393 0.521]
   340          602         0.116294         reflect
  eval: e=0.1223  p=[0.464 0.406 0.509 0.557 0.657 0.393 0.521]
  eval: e=0.1223  p=[0.464 0.406 0.509 0.557 0.657 0.393 0.521]
  eval: e=0.1163  p=[0.464 0.406 0.509 0.557 0.657 0.393 0.521]
  eval: e=0.1223  p=[0.464 0.406 0.509 0.557 0.657 0.393 0.521]
  eval: e=0.1223  p=[0.464 0.406 0.509 0.557 0.657 0.393 0.521]
  eval: e=0.1223  p=[0.464 0.406 0.509 0.557 0.657 0.393 0.521]
  eval: e=0.1223  p=[0.464 0.406 0.509 0.557 0.657 0.393 0.521]
  eval: e=0.1223  p=[0.464 0.406 0.509 0.557 0.657 0.393 0.521]
  eval: e=0.1223  p=[0.464 0.406 0.509 0.557 0.657 0.393 0.521]
   341          611         0.116294         shrink
  eval: e=0.1223  p=[0.464 0.406 0.509 0.557 0.657 0.393 0.521]
   342          612         0.116294         reflect
  eval: e=0.1223  p=[0.464 0.406 0.509 0.557 0.657 0.393 0.521]
   343          613         0.116294         reflect
  eval: e=0.1163  p=[0.464 0.406 0.509 0.557 0.657 0.393 0.521]
   344          614         0.116294         reflect
  eval: e=0.1223  p=[0.464 0.406 0.509 0.557 0.657 0.393 0.521]
   345          615         0.116294         reflect
  eval: e=0.1223  p=[0.464 0.406 0.509 0.557 0.657 0.393 0.521]
   346          616         0.116294         reflect
  eval: e=0.1223  p=[0.464 0.406 0.509 0.557 0.657 0.393 0.521]
  eval: e=0.1223  p=[0.464 0.406 0.509 0.557 0.657 0.393 0.521]
   347          618         0.116294         contract outside
  eval: e=0.1223  p=[0.464 0.406 0.509 0.557 0.657 0.393 0.521]
  eval: e=0.1223  p=[0.464 0.406 0.509 0.557 0.657 0.393 0.521]
   348          620         0.116294         contract inside
  eval: e=0.1223  p=[0.464 0.406 0.509 0.557 0.657 0.393 0.521]
   349          621         0.116294         reflect
  eval: e=0.1223  p=[0.464 0.406 0.509 0.557 0.657 0.393 0.521]
  eval: e=0.1223  p=[0.464 0.406 0.509 0.557 0.657 0.393 0.521]
  eval: e=0.1163  p=[0.464 0.406 0.509 0.557 0.657 0.393 0.521]
  eval: e=0.1223  p=[0.464 0.406 0.509 0.557 0.657 0.393 0.521]
  eval: e=0.1223  p=[0.464 0.406 0.509 0.557 0.657 0.393 0.521]
  eval: e=0.1223  p=[0.464 0.406 0.509 0.557 0.657 0.393 0.521]
  eval: e=0.1163  p=[0.464 0.406 0.509 0.557 0.657 0.393 0.521]
  eval: e=0.1163  p=[0.464 0.406 0.509 0.557 0.657 0.393 0.521]
  eval: e=0.1163  p=[0.464 0.406 0.509 0.557 0.657 0.393 0.521]
   350          630         0.116294         shrink
  eval: e=0.1223  p=[0.464 0.406 0.509 0.557 0.657 0.393 0.521]
  eval: e=0.1223  p=[0.464 0.406 0.509 0.557 0.657 0.393 0.521]
   351          632         0.116294         contract inside
  eval: e=0.1223  p=[0.464 0.406 0.509 0.557 0.657 0.393 0.521]
   352          633         0.116294         reflect
  eval: e=0.1163  p=[0.464 0.406 0.509 0.557 0.657 0.393 0.521]
   353          634         0.116294         reflect
  eval: e=0.1223  p=[0.464 0.406 0.509 0.557 0.657 0.393 0.521]
  eval: e=0.1223  p=[0.464 0.406 0.509 0.557 0.657 0.393 0.521]
  eval: e=0.1163  p=[0.464 0.406 0.509 0.557 0.657 0.393 0.521]
  eval: e=0.1223  p=[0.464 0.406 0.509 0.557 0.657 0.393 0.521]
  eval: e=0.1223  p=[0.464 0.406 0.509 0.557 0.657 0.393 0.521]
  eval: e=0.1163  p=[0.464 0.406 0.509 0.557 0.657 0.393 0.521]
  eval: e=0.1163  p=[0.464 0.406 0.509 0.557 0.657 0.393 0.521]
  eval: e=0.1223  p=[0.464 0.406 0.509 0.557 0.657 0.393 0.521]
  eval: e=0.1223  p=[0.464 0.406 0.509 0.557 0.657 0.393 0.521]
   354          643         0.116294         shrink
  eval: e=0.1223  p=[0.464 0.406 0.509 0.557 0.657 0.393 0.521]
  eval: e=0.1223  p=[0.464 0.406 0.509 0.557 0.657 0.393 0.521]
  eval: e=0.1163  p=[0.464 0.406 0.509 0.557 0.657 0.393 0.521]
  eval: e=0.1223  p=[0.464 0.406 0.509 0.557 0.657 0.393 0.521]
  eval: e=0.1163  p=[0.464 0.406 0.509 0.557 0.657 0.393 0.521]
  eval: e=0.1163  p=[0.464 0.406 0.509 0.557 0.657 0.393 0.521]
  eval: e=0.1163  p=[0.464 0.406 0.509 0.557 0.657 0.393 0.521]
  eval: e=0.1223  p=[0.464 0.406 0.509 0.557 0.657 0.393 0.521]
  eval: e=0.1163  p=[0.464 0.406 0.509 0.557 0.657 0.393 0.521]
   355          652         0.116294         shrink
  eval: e=0.1163  p=[0.464 0.406 0.509 0.557 0.657 0.393 0.521]
   356          653         0.116294         reflect
  eval: e=0.1223  p=[0.464 0.406 0.509 0.557 0.657 0.393 0.521]
  eval: e=0.1223  p=[0.464 0.406 0.509 0.557 0.657 0.393 0.521]
  eval: e=0.1163  p=[0.464 0.406 0.509 0.557 0.657 0.393 0.521]
  eval: e=0.1163  p=[0.464 0.406 0.509 0.557 0.657 0.393 0.521]
  eval: e=0.1163  p=[0.464 0.406 0.509 0.557 0.657 0.393 0.521]
  eval: e=0.1163  p=[0.464 0.406 0.509 0.557 0.657 0.393 0.521]
  eval: e=0.1163  p=[0.464 0.406 0.509 0.557 0.657 0.393 0.521]
  eval: e=0.1163  p=[0.464 0.406 0.509 0.557 0.657 0.393 0.521]
  eval: e=0.1223  p=[0.464 0.406 0.509 0.557 0.657 0.393 0.521]
   357          662         0.116294         shrink
  eval: e=0.1223  p=[0.464 0.406 0.509 0.557 0.657 0.393 0.521]
  eval: e=0.1163  p=[0.464 0.406 0.509 0.557 0.657 0.393 0.521]
   358          664         0.116294         contract outside
 
Optimization terminated:
 the current x satisfies the termination criteria using OPTIONS.TolX of 1.000000e-04 
 and F(X) satisfies the convergence criteria using OPTIONS.TolFun of 1.000000e-06 

=== Fit complete: error=0.116294  AIC=-2070.9 ===
