  eval: e=0.3894  p=[0.815 0.276 0.162 0.417]
  eval: e=4.3484  p=[0.906 0.680 0.794 0.050]
  eval: e=0.3965  p=[0.127 0.655 0.311 0.903]
  eval: e=0.3951  p=[0.913 0.163 0.529 0.945]
  eval: e=0.3964  p=[0.632 0.119 0.166 0.491]
  eval: e=0.3968  p=[0.098 0.498 0.602 0.489]
  eval: e=0.5716  p=[0.278 0.960 0.263 0.338]
  eval: e=0.3966  p=[0.547 0.340 0.654 0.900]
  eval: e=3.2752  p=[0.958 0.585 0.689 0.369]
  eval: e=0.3949  p=[0.965 0.224 0.748 0.111]
  eval: e=0.3962  p=[0.158 0.751 0.451 0.780]
  eval: e=1.1123  p=[0.971 0.255 0.084 0.390]
  eval: e=2.3471  p=[0.957 0.506 0.229 0.242]
  eval: e=0.3963  p=[0.485 0.699 0.913 0.404]
  eval: e=0.3883  p=[0.800 0.891 0.152 0.096]
  eval: e=0.3960  p=[0.142 0.959 0.826 0.132]
  eval: e=0.3964  p=[0.422 0.547 0.538 0.942]
  eval: e=0.3964  p=[0.916 0.139 0.996 0.956]
  eval: e=0.3941  p=[0.792 0.149 0.078 0.575]
  eval: e=0.3886  p=[0.959 0.258 0.443 0.060]
  eval: e=0.3678  p=[0.656 0.841 0.107 0.235]
  eval: e=0.3968  p=[0.036 0.254 0.962 0.353]
  eval: e=0.3891  p=[0.849 0.814 0.005 0.821]
  eval: e=0.3953  p=[0.934 0.244 0.775 0.015]
  eval: e=9.3541  p=[0.679 0.929 0.817 0.043]
  eval: e=0.3962  p=[0.758 0.350 0.869 0.169]
  eval: e=0.3945  p=[0.743 0.197 0.084 0.649]
  eval: e=0.3967  p=[0.392 0.251 0.400 0.732]
  eval: e=4.9635  p=[0.655 0.616 0.260 0.648]
  eval: e=0.3968  p=[0.171 0.473 0.800 0.451]
  eval: e=0.3954  p=[0.706 0.352 0.431 0.547]
  eval: e=0.3968  p=[0.032 0.831 0.911 0.296]
  eval: e=0.3960  p=[0.277 0.585 0.182 0.745]
  eval: e=0.3967  p=[0.046 0.550 0.264 0.189]
  eval: e=0.3396  p=[0.097 0.917 0.146 0.687]
  eval: e=0.3857  p=[0.823 0.286 0.136 0.184]
  eval: e=0.3902  p=[0.695 0.757 0.869 0.368]
  eval: e=0.3960  p=[0.317 0.754 0.580 0.626]
  eval: e=0.3792  p=[0.950 0.380 0.550 0.780]
  eval: e=0.3967  p=[0.034 0.568 0.145 0.081]
  eval: e=0.3968  p=[0.439 0.076 0.853 0.929]
  eval: e=0.3968  p=[0.382 0.054 0.622 0.776]
  eval: e=0.3440  p=[0.766 0.531 0.351 0.487]
  eval: e=8.5312  p=[0.795 0.779 0.513 0.436]
  eval: e=0.3636  p=[0.187 0.934 0.402 0.447]
  eval: e=0.3966  p=[0.490 0.130 0.076 0.306]
  eval: e=0.3949  p=[0.446 0.569 0.240 0.509]
  eval: e=0.3854  p=[0.646 0.469 0.123 0.511]
  eval: e=0.3964  p=[0.709 0.012 0.184 0.818]
  eval: e=0.3924  p=[0.755 0.337 0.240 0.795]

                                 Best            Mean     Stall
Iteration     f-count            f(x)            f(x)    Iterations
    0              50          0.3396           1.018        0
  eval: e=0.3924  p=[1.000 1.000 0.000 0.225]
  eval: e=0.3944  p=[0.000 0.956 0.669 1.000]
  eval: e=0.3922  p=[1.000 0.944 0.000 0.339]
  eval: e=0.3965  p=[0.613 0.000 0.000 0.506]
  eval: e=0.3966  p=[0.221 0.640 0.508 0.895]
  eval: e=0.3924  p=[1.000 1.000 0.000 0.569]
  eval: e=0.3715  p=[0.931 1.000 0.881 0.000]
  eval: e=0.3964  p=[0.781 0.298 0.909 0.000]
  eval: e=0.3964  p=[0.716 0.387 0.961 1.000]
  eval: e=0.3909  p=[0.811 1.000 0.000 0.000]
  eval: e=0.3968  p=[0.000 0.000 0.573 0.000]
  eval: e=1.6635  p=[0.435 1.000 0.382 0.590]
  eval: e=9.3714  p=[0.804 1.000 1.000 1.000]
  eval: e=0.3967  p=[0.000 1.000 1.000 0.826]
  eval: e=0.3962  p=[1.000 0.000 0.781 0.000]
  eval: e=0.3968  p=[0.000 0.432 0.336 0.000]
  eval: e=0.3968  p=[0.307 0.164 0.403 0.721]
  eval: e=0.3916  p=[0.052 1.000 0.678 1.000]
  eval: e=0.3968  p=[0.163 0.000 0.000 0.000]
  eval: e=0.3712  p=[0.625 0.817 0.000 1.000]
  eval: e=0.3968  p=[0.240 0.000 0.000 0.553]
  eval: e=0.3883  p=[1.000 0.699 0.009 0.045]
  eval: e=0.3968  p=[0.000 0.849 0.912 0.000]
  eval: e=0.3793  p=[0.105 1.000 0.507 0.107]
  eval: e=0.3924  p=[1.000 1.000 0.000 0.703]
  eval: e=0.3917  p=[1.000 1.000 0.338 0.000]
  eval: e=0.3510  p=[0.640 1.000 0.462 0.683]
  eval: e=0.3968  p=[0.000 0.000 0.274 0.000]
  eval: e=0.3940  p=[0.000 1.000 0.731 0.357]
  eval: e=0.3967  p=[0.740 0.000 0.752 0.833]
  eval: e=0.3960  p=[0.659 0.103 0.000 0.058]
  eval: e=0.3734  p=[0.000 1.000 0.302 0.039]
  eval: e=0.3532  p=[0.895 0.577 0.000 0.904]
  eval: e=0.3955  p=[0.642 0.702 1.000 0.017]
  eval: e=0.3867  p=[0.000 1.000 0.000 1.000]
  eval: e=0.3867  p=[0.000 1.000 0.000 1.000]
  eval: e=0.2695  p=[0.253 0.832 0.089 0.963]
  eval: e=0.3819  p=[0.000 1.000 0.000 0.345]
  eval: e=0.3734  p=[0.659 1.000 0.417 0.600]
  eval: e=0.2151  p=[0.335 0.714 0.000 0.000]
  eval: e=0.3968  p=[0.000 0.000 1.000 1.000]
  eval: e=0.3968  p=[0.259 0.000 1.000 1.000]
  eval: e=0.3925  p=[1.000 1.000 0.000 1.000]
  eval: e=0.3968  p=[0.000 0.000 0.712 0.176]
  eval: e=0.3920  p=[1.000 0.912 0.000 0.654]
  eval: e=0.3941  p=[0.507 0.429 0.003 0.000]
  eval: e=1.9041  p=[0.367 1.000 0.506 0.342]
  eval: e=10.3697  p=[0.819 0.937 1.000 0.099]
  eval: e=0.3816  p=[0.000 1.000 0.215 0.000]
  eval: e=0.3967  p=[0.000 0.965 1.000 0.018]
    1             100          0.2151          0.8187        0
  eval: e=0.3968  p=[0.000 0.404 0.213 0.176]
  eval: e=0.3597  p=[0.081 1.000 0.000 0.727]
  eval: e=0.3856  p=[0.674 1.000 0.277 0.000]
  eval: e=0.3088  p=[0.772 0.695 0.102 0.579]
  eval: e=0.3927  p=[0.000 1.000 0.656 0.621]
  eval: e=9.2503  p=[0.777 0.581 0.284 0.543]
  eval: e=1.9020  p=[0.546 0.945 0.791 0.504]
  eval: e=0.3799  p=[0.835 0.283 0.102 0.670]
  eval: e=0.3966  p=[0.406 0.638 0.929 0.580]
  eval: e=0.3793  p=[0.000 0.826 0.000 0.000]
  eval: e=0.3958  p=[0.424 0.718 0.628 0.863]
  eval: e=0.3968  p=[0.445 0.000 0.412 0.720]
  eval: e=0.3968  p=[0.067 0.331 0.000 0.558]
  eval: e=6.9284  p=[1.000 0.325 0.000 0.619]
  eval: e=0.3862  p=[0.650 1.000 0.135 1.000]
  eval: e=0.3734  p=[0.137 0.860 0.234 0.484]
  eval: e=0.3638  p=[0.277 0.651 0.034 0.534]
  eval: e=0.3863  p=[0.000 0.967 0.000 0.983]
  eval: e=0.3960  p=[0.420 0.406 0.056 1.000]
  eval: e=0.3854  p=[0.000 1.000 0.045 0.937]
  eval: e=0.1444  p=[0.351 1.000 0.140 0.649]
  eval: e=0.3919  p=[0.896 1.000 0.000 0.854]
  eval: e=0.3645  p=[1.000 0.968 0.950 0.612]
  eval: e=0.3829  p=[0.000 0.959 0.053 0.739]
  eval: e=0.3914  p=[0.849 0.963 0.000 1.000]
  eval: e=0.3904  p=[0.839 0.880 0.000 0.100]
  eval: e=1.2863  p=[0.528 1.000 0.876 0.721]
  eval: e=0.3967  p=[0.283 0.370 0.176 1.000]
  eval: e=0.3871  p=[0.510 1.000 1.000 0.049]
  eval: e=0.3868  p=[1.000 0.179 0.339 0.227]
  eval: e=0.3952  p=[0.759 0.586 1.000 0.189]
  eval: e=0.2584  p=[0.165 0.843 0.000 0.000]
  eval: e=0.3924  p=[1.000 1.000 0.124 0.999]
  eval: e=0.3910  p=[1.000 0.869 0.148 0.000]
  eval: e=0.3963  p=[0.213 0.578 0.172 0.000]
  eval: e=0.3966  p=[0.613 0.000 0.067 0.559]
  eval: e=0.3864  p=[0.000 0.915 0.000 1.000]
  eval: e=0.3797  p=[0.025 0.837 0.059 0.056]
  eval: e=0.3535  p=[0.145 0.929 0.261 0.247]
  eval: e=0.3847  p=[0.666 0.874 0.000 0.000]
  eval: e=0.3711  p=[0.189 1.000 0.581 0.930]
  eval: e=0.3968  p=[0.076 0.084 0.000 0.549]
  eval: e=0.3968  p=[0.000 0.405 0.571 0.429]
  eval: e=0.3968  p=[0.227 0.223 0.088 0.000]
  eval: e=0.3968  p=[0.000 0.945 1.000 0.560]
  eval: e=1.4629  p=[0.497 0.787 0.000 0.000]
  eval: e=0.3956  p=[0.330 0.486 0.000 0.000]
  eval: e=0.3817  p=[0.000 0.923 0.000 0.255]
  eval: e=0.3937  p=[0.025 0.722 0.210 0.000]
  eval: e=0.3143  p=[0.478 1.000 0.291 0.050]
    2             150          0.1444          0.7545        0
  eval: e=4.9091  p=[1.000 0.464 0.434 0.212]
  eval: e=0.2679  p=[0.170 1.000 0.000 0.427]
  eval: e=0.3792  p=[0.068 1.000 0.436 0.417]
  eval: e=0.3899  p=[0.761 1.000 0.196 1.000]
  eval: e=0.3795  p=[0.248 1.000 0.771 0.396]
  eval: e=0.2229  p=[0.327 1.000 0.551 0.590]
  eval: e=0.3470  p=[0.227 0.725 0.000 0.221]
  eval: e=0.2544  p=[0.638 0.740 0.000 1.000]
  eval: e=2.8559  p=[0.386 0.783 0.000 0.240]
  eval: e=0.3967  p=[0.078 0.649 0.351 0.055]
  eval: e=0.3904  p=[1.000 1.000 0.543 1.000]
  eval: e=0.3967  p=[0.395 0.197 0.345 0.808]
  eval: e=0.3968  p=[0.024 0.000 0.008 0.097]
  eval: e=0.3967  p=[0.638 0.247 1.000 0.394]
  eval: e=0.1899  p=[0.223 1.000 0.000 0.556]
  eval: e=0.2729  p=[0.431 1.000 0.050 1.000]
  eval: e=0.3614  p=[0.073 1.000 0.000 0.496]
  eval: e=0.3567  p=[0.069 0.945 0.206 0.478]
  eval: e=0.3894  p=[0.756 0.954 0.093 0.000]
  eval: e=0.3751  p=[0.912 0.637 0.048 0.274]
  eval: e=0.3067  p=[0.473 1.000 0.294 0.754]
  eval: e=9.2785  p=[0.744 0.557 0.104 1.000]
  eval: e=0.3911  p=[0.863 1.000 0.265 1.000]
  eval: e=0.3471  p=[1.000 0.319 0.422 0.734]
  eval: e=0.3183  p=[0.465 0.955 0.106 0.844]
  eval: e=4.4926  p=[0.451 0.726 0.048 0.650]
  eval: e=0.3968  p=[0.020 0.773 1.000 0.000]
  eval: e=0.3613  p=[0.514 1.000 0.029 0.752]
  eval: e=0.3882  p=[0.929 0.955 0.497 0.000]
  eval: e=1.5036  p=[0.995 0.379 0.000 0.000]
  eval: e=0.3878  p=[0.499 1.000 0.992 0.422]
  eval: e=3.7413  p=[0.467 0.873 0.167 0.605]
  eval: e=0.3812  p=[0.701 0.887 0.178 0.919]
  eval: e=0.3922  p=[0.954 1.000 0.000 0.450]
  eval: e=0.3818  p=[0.394 0.807 0.503 0.667]
  eval: e=0.3844  p=[0.643 1.000 0.233 0.125]
  eval: e=0.3297  p=[0.638 0.860 0.202 0.960]
  eval: e=0.3936  p=[0.095 0.659 0.147 0.370]
  eval: e=0.3818  p=[0.000 0.923 0.000 0.398]
  eval: e=0.1446  p=[0.750 0.629 0.000 0.000]
  eval: e=4.1543  p=[0.444 0.782 0.000 0.868]
  eval: e=0.3967  p=[0.391 0.278 0.480 0.000]
  eval: e=0.3892  p=[1.000 0.077 0.186 0.059]
  eval: e=9.1423  p=[0.626 0.639 0.000 0.433]
  eval: e=0.3734  p=[0.627 1.000 0.371 0.480]
  eval: e=0.3407  p=[0.481 1.000 0.003 0.000]
  eval: e=0.3967  p=[0.398 0.198 0.117 0.592]
  eval: e=0.2381  p=[0.374 0.658 0.000 0.269]
  eval: e=0.3959  p=[0.318 0.507 0.059 0.000]
  eval: e=0.3923  p=[0.971 1.000 0.000 0.713]
    3             200          0.1444           1.097        1
  eval: e=0.3932  p=[0.609 0.470 0.221 0.399]
  eval: e=6.8890  p=[0.756 0.573 0.000 0.000]
  eval: e=0.3917  p=[0.000 0.969 0.545 0.688]
  eval: e=0.1903  p=[0.219 0.972 0.194 0.100]
  eval: e=0.3804  p=[0.617 1.000 0.287 0.284]
  eval: e=0.3906  p=[0.000 1.000 0.554 0.653]
  eval: e=0.3967  p=[0.000 0.616 0.194 0.303]
  eval: e=0.1936  p=[0.390 1.000 0.020 0.814]
  eval: e=0.3901  p=[0.679 0.841 1.000 0.020]
  eval: e=0.3965  p=[0.179 0.763 0.595 0.142]
  eval: e=0.3628  p=[0.871 0.807 0.424 0.000]
  eval: e=0.3313  p=[0.123 1.000 0.000 0.734]
  eval: e=0.2093  p=[0.205 0.890 0.007 0.000]
  eval: e=0.3733  p=[0.000 1.000 0.286 0.494]
  eval: e=0.3965  p=[0.152 0.478 0.000 0.000]
  eval: e=0.3878  p=[0.683 1.000 0.000 0.679]
  eval: e=0.3793  p=[0.011 0.893 0.000 0.000]
  eval: e=3.5719  p=[0.412 0.996 0.416 0.000]
  eval: e=0.3833  p=[0.616 1.000 0.154 0.928]
  eval: e=0.1841  p=[0.783 0.614 0.010 0.025]
  eval: e=0.2032  p=[0.400 1.000 0.226 0.684]
  eval: e=0.3966  p=[0.419 0.291 0.210 0.363]
  eval: e=0.3886  p=[0.705 0.988 0.000 0.662]
  eval: e=0.3968  p=[0.482 0.049 0.352 0.722]
  eval: e=0.3819  p=[0.000 0.985 0.136 0.466]
  eval: e=9.2129  p=[0.657 0.571 0.052 0.000]
  eval: e=0.3859  p=[0.820 0.767 0.000 0.549]
  eval: e=0.3873  p=[0.671 1.000 0.000 0.391]
  eval: e=0.3920  p=[0.958 0.958 0.000 0.060]
  eval: e=0.1197  p=[0.311 1.000 0.456 0.915]
  eval: e=0.2144  p=[0.198 1.000 0.301 0.830]
  eval: e=1.8239  p=[0.443 0.937 0.263 0.689]
  eval: e=0.3950  p=[0.513 0.384 0.000 0.000]
  eval: e=0.3555  p=[0.245 0.761 0.145 0.000]
  eval: e=0.2613  p=[0.175 1.000 0.299 1.000]
  eval: e=10.1490  p=[0.811 0.508 0.140 0.000]
  eval: e=0.3872  p=[1.000 0.735 0.156 0.108]
  eval: e=0.3967  p=[0.295 0.568 0.663 0.634]
  eval: e=0.1928  p=[0.217 1.000 0.343 0.444]
  eval: e=6.9166  p=[0.842 0.359 0.000 0.000]
  eval: e=0.3965  p=[0.384 0.721 0.871 0.641]
  eval: e=9.8309  p=[0.710 1.000 0.985 0.523]
  eval: e=0.3920  p=[0.922 1.000 0.000 0.130]
  eval: e=0.3201  p=[0.349 0.689 0.104 0.823]
  eval: e=0.3903  p=[0.772 0.991 0.000 0.396]
  eval: e=0.3872  p=[0.720 0.871 0.006 0.000]
  eval: e=0.3946  p=[0.485 0.555 0.254 1.000]
  eval: e=10.7204  p=[0.761 0.561 0.057 0.309]
  eval: e=5.8052  p=[0.488 0.721 0.000 0.000]
  eval: e=0.3906  p=[1.000 0.852 0.192 1.000]
    4             250          0.1197            1.58        0
  eval: e=0.3902  p=[0.160 0.596 0.000 0.631]
  eval: e=0.3870  p=[1.000 0.668 0.000 0.327]
  eval: e=0.1449  p=[0.353 0.968 0.072 0.709]
  eval: e=0.3813  p=[0.000 0.953 0.141 0.000]
  eval: e=9.4633  p=[0.912 0.542 0.333 0.083]
  eval: e=4.4277  p=[0.461 1.000 0.440 0.922]
  eval: e=8.1262  p=[0.576 0.766 0.211 0.223]
  eval: e=0.3572  p=[0.082 1.000 0.120 0.485]
  eval: e=8.3965  p=[0.663 0.929 0.558 0.000]
  eval: e=0.3660  p=[0.804 0.786 0.244 0.155]
  eval: e=0.3944  p=[0.124 0.680 0.215 0.044]
  eval: e=2.1875  p=[0.714 0.630 0.000 0.160]
  eval: e=3.8865  p=[0.433 1.000 0.408 0.328]
  eval: e=0.2887  p=[0.158 1.000 0.000 0.628]
  eval: e=0.3843  p=[0.884 0.700 0.000 0.574]
  eval: e=0.3891  p=[0.907 0.783 0.020 0.076]
  eval: e=0.3883  p=[0.826 0.813 0.014 0.627]
  eval: e=0.3232  p=[0.631 1.000 0.486 1.000]
  eval: e=0.2738  p=[0.189 1.000 0.214 1.000]
  eval: e=9.3121  p=[0.640 0.589 0.000 0.000]
  eval: e=0.1699  p=[0.251 1.000 0.075 0.576]
  eval: e=0.2504  p=[0.971 0.208 0.068 0.000]
  eval: e=0.3721  p=[0.628 0.980 0.338 0.398]
  eval: e=0.3950  p=[0.516 0.380 0.000 0.532]
  eval: e=0.3900  p=[0.770 1.000 0.129 0.286]
  eval: e=0.3899  p=[1.000 0.753 0.013 0.128]
  eval: e=0.3925  p=[1.000 1.000 0.000 1.000]
  eval: e=0.3918  p=[0.723 0.353 0.175 0.314]
  eval: e=0.3967  p=[0.000 1.000 1.000 0.780]
  eval: e=0.3967  p=[0.000 1.000 0.958 1.000]
  eval: e=8.0063  p=[0.615 0.675 0.000 0.996]
  eval: e=0.2958  p=[0.247 0.895 0.107 0.000]
  eval: e=0.3930  p=[0.694 0.315 0.086 1.000]
  eval: e=0.3886  p=[0.000 0.827 0.156 0.586]
  eval: e=0.3818  p=[0.000 0.998 0.000 0.119]
  eval: e=0.3957  p=[0.594 0.449 0.436 1.000]
  eval: e=0.5042  p=[0.273 0.837 0.014 0.293]
  eval: e=0.3814  p=[0.502 0.949 0.861 0.888]
  eval: e=0.3867  p=[1.000 0.803 0.330 0.000]
  eval: e=0.3695  p=[0.784 0.698 0.000 0.000]
  eval: e=0.3955  p=[0.473 0.800 0.833 0.327]
  eval: e=0.3965  p=[0.364 0.584 0.514 1.000]
  eval: e=0.3958  p=[0.639 0.224 0.112 0.570]
  eval: e=0.3838  p=[0.000 0.956 0.283 1.000]
  eval: e=0.3915  p=[0.378 0.928 0.779 1.000]
  eval: e=0.3906  p=[0.878 0.868 0.011 0.014]
  eval: e=0.1687  p=[0.253 0.995 0.207 0.581]
  eval: e=0.1626  p=[0.287 1.000 0.000 0.336]
  eval: e=0.3596  p=[0.515 1.000 0.176 0.762]
  eval: e=9.9803  p=[0.743 0.906 0.693 0.877]
    5             300          0.1197           1.567        1
  eval: e=0.3967  p=[0.126 0.504 0.161 0.656]
  eval: e=0.2070  p=[0.473 1.000 0.348 1.000]
  eval: e=0.3893  p=[0.721 0.993 0.000 0.911]
  eval: e=0.3439  p=[0.502 1.000 0.277 0.563]
  eval: e=0.3968  p=[0.000 0.512 0.684 0.889]
  eval: e=0.3887  p=[0.708 0.985 0.000 0.740]
  eval: e=0.3837  p=[0.816 0.807 0.141 0.059]
  eval: e=0.1682  p=[0.257 1.000 0.097 0.395]
  eval: e=4.4167  p=[0.441 1.000 0.515 0.546]
  eval: e=0.3899  p=[1.000 0.748 0.000 0.162]
  eval: e=0.3880  p=[0.000 0.895 0.268 0.485]
  eval: e=0.3897  p=[0.761 1.000 0.164 0.053]
  eval: e=4.1238  p=[0.465 0.921 0.471 1.000]
  eval: e=0.2221  p=[0.404 1.000 0.031 0.804]
  eval: e=0.3921  p=[0.929 1.000 0.055 1.000]
  eval: e=3.8550  p=[0.423 0.832 0.183 0.110]
  eval: e=0.3844  p=[0.944 0.815 0.351 1.000]
  eval: e=0.3479  p=[0.684 1.000 0.533 0.901]
  eval: e=0.3844  p=[0.000 1.000 0.224 0.901]
  eval: e=0.3419  p=[0.486 1.000 0.154 0.936]
  eval: e=0.3555  p=[0.202 1.000 0.511 0.809]
  eval: e=0.1513  p=[0.638 0.907 0.373 1.000]
  eval: e=0.3708  p=[0.985 0.996 0.956 0.634]
  eval: e=0.3886  p=[0.976 0.849 0.309 0.387]
  eval: e=0.3921  p=[1.000 0.961 0.122 0.767]
  eval: e=0.3914  p=[0.928 0.886 0.000 0.266]
  eval: e=0.3825  p=[0.000 1.000 0.176 0.684]
  eval: e=0.3968  p=[0.264 0.318 0.612 1.000]
  eval: e=0.1696  p=[0.262 1.000 0.000 1.000]
  eval: e=0.3900  p=[0.486 1.000 1.000 0.895]
  eval: e=0.3451  p=[0.853 0.422 0.317 0.746]
  eval: e=0.3861  p=[0.000 0.891 0.000 1.000]
  eval: e=4.5054  p=[0.541 0.639 0.124 0.794]
  eval: e=0.3619  p=[0.126 1.000 0.394 0.909]
  eval: e=0.3162  p=[0.908 0.683 0.324 0.280]
  eval: e=0.3887  p=[0.036 1.000 0.558 0.346]
  eval: e=0.3867  p=[0.000 0.996 0.030 1.000]
  eval: e=0.3710  p=[0.541 1.000 0.000 0.000]
  eval: e=0.3774  p=[0.000 0.883 0.082 0.971]
  eval: e=5.2814  p=[0.479 1.000 0.594 0.825]
  eval: e=0.3862  p=[0.000 1.000 0.231 1.000]
  eval: e=0.3965  p=[0.000 0.553 0.000 0.936]
  eval: e=0.3968  p=[0.066 0.000 0.952 1.000]
  eval: e=0.3876  p=[0.835 1.000 0.485 0.969]
  eval: e=0.3967  p=[0.000 0.948 0.867 0.158]
  eval: e=0.3818  p=[0.000 1.000 0.047 0.079]
  eval: e=0.3795  p=[0.013 1.000 0.179 0.213]
  eval: e=0.3867  p=[0.000 1.000 0.043 1.000]
  eval: e=0.3783  p=[0.254 1.000 0.762 1.000]
  eval: e=0.3877  p=[0.183 1.000 0.778 0.000]
    6             350          0.1197          0.7659        2
  eval: e=0.3679  p=[1.000 0.704 0.381 0.728]
  eval: e=0.3950  p=[0.000 1.000 0.801 0.896]
  eval: e=0.3905  p=[0.821 1.000 0.273 1.000]
  eval: e=3.4630  p=[0.431 0.973 0.477 1.000]
  eval: e=0.3958  p=[0.571 0.615 0.739 1.000]
  eval: e=0.2035  p=[0.201 0.998 0.293 0.439]
  eval: e=0.3874  p=[0.000 0.986 0.427 0.297]
  eval: e=0.3603  p=[0.518 1.000 0.207 0.528]
  eval: e=0.3875  p=[0.166 0.980 0.704 1.000]
  eval: e=0.2851  p=[0.535 0.974 0.877 0.355]
  eval: e=0.3888  p=[1.000 1.000 0.660 1.000]
  eval: e=0.3784  p=[0.580 0.983 0.151 0.896]
  eval: e=0.2753  p=[0.375 0.809 0.336 0.537]
  eval: e=0.3534  p=[0.599 1.000 0.404 1.000]
  eval: e=0.2473  p=[0.417 1.000 0.096 0.754]
  eval: e=0.3887  p=[0.000 1.000 0.470 1.000]
  eval: e=0.3923  p=[0.000 1.000 0.633 0.555]
  eval: e=0.3423  p=[0.232 1.000 0.518 0.871]
  eval: e=0.2818  p=[0.307 1.000 0.552 0.936]
  eval: e=0.3935  p=[0.386 0.813 0.590 1.000]
  eval: e=0.2393  p=[0.312 1.000 0.511 1.000]
  eval: e=0.3944  p=[0.000 1.000 0.756 0.996]
  eval: e=9.6074  p=[0.803 0.995 1.000 1.000]
  eval: e=4.8300  p=[1.000 0.746 0.852 0.926]
  eval: e=0.3889  p=[0.720 0.969 0.096 1.000]
  eval: e=0.3906  p=[0.794 1.000 0.060 0.723]
  eval: e=8.5127  p=[0.602 1.000 0.796 0.569]
  eval: e=0.3968  p=[0.000 0.619 0.376 0.736]
  eval: e=6.1302  p=[0.607 1.000 0.595 0.898]
  eval: e=0.3791  p=[0.720 1.000 0.465 0.785]
  eval: e=0.3962  p=[0.314 0.841 0.809 0.583]
  eval: e=0.1544  p=[0.309 0.981 0.094 0.476]
  eval: e=0.1660  p=[0.266 1.000 0.216 0.691]
  eval: e=2.7558  p=[0.385 0.810 0.097 0.316]
  eval: e=0.2184  p=[1.000 0.662 0.487 1.000]
  eval: e=0.3894  p=[0.000 1.000 0.513 0.000]
  eval: e=0.3223  p=[0.133 1.000 0.254 0.764]
  eval: e=0.1497  p=[0.321 1.000 0.200 0.321]
  eval: e=0.2789  p=[0.433 1.000 0.015 0.816]
  eval: e=0.3968  p=[0.056 0.488 0.931 1.000]
  eval: e=0.2183  p=[0.209 1.000 0.000 0.849]
  eval: e=0.1851  p=[0.230 1.000 0.163 0.752]
  eval: e=0.3965  p=[0.000 1.000 0.910 0.287]
  eval: e=0.3958  p=[0.369 0.747 0.597 0.729]
  eval: e=0.3633  p=[0.519 1.000 0.000 0.060]
  eval: e=0.3887  p=[0.774 1.000 0.332 0.862]
  eval: e=0.3922  p=[0.439 0.575 0.136 0.004]
  eval: e=0.1661  p=[0.272 1.000 0.164 0.155]
  eval: e=0.3622  p=[0.072 0.996 0.000 0.541]
  eval: e=0.3938  p=[0.000 1.000 0.725 0.076]
    7             400          0.1197          0.9968        3
  eval: e=0.3716  p=[0.867 0.927 0.622 0.888]
  eval: e=5.9242  p=[0.611 1.000 0.945 0.865]
  eval: e=0.3918  p=[0.000 0.994 0.595 0.714]
  eval: e=0.3820  p=[0.165 0.974 0.612 0.622]
  eval: e=0.3652  p=[0.807 1.000 0.698 0.522]
  eval: e=0.3940  p=[0.000 1.000 0.736 0.244]
  eval: e=7.6214  p=[0.561 0.814 0.216 0.650]
  eval: e=0.3791  p=[0.146 1.000 0.572 1.000]
  eval: e=0.3929  p=[0.000 0.977 0.613 0.994]
  eval: e=0.3967  p=[0.000 1.000 1.000 1.000]
  eval: e=0.3371  p=[0.866 0.955 0.784 0.000]
  eval: e=0.3823  p=[0.032 0.987 0.371 1.000]
  eval: e=0.1891  p=[0.220 1.000 0.261 0.000]
  eval: e=4.6849  p=[0.510 1.000 0.763 0.880]
  eval: e=0.3819  p=[0.000 1.000 0.036 0.336]
  eval: e=0.3763  p=[0.583 1.000 0.279 0.962]
  eval: e=0.3146  p=[0.321 1.000 0.654 0.438]
  eval: e=1.6978  p=[0.351 1.000 0.417 0.871]
  eval: e=0.3303  p=[0.529 1.000 0.347 1.000]
  eval: e=0.3914  p=[0.741 0.727 0.948 0.000]
  eval: e=0.2738  p=[0.439 1.000 0.248 0.643]
  eval: e=0.1566  p=[0.577 0.954 0.394 0.994]
  eval: e=0.3921  p=[0.158 0.984 0.798 0.395]
  eval: e=0.3967  p=[0.634 0.198 1.000 1.000]
  eval: e=0.3769  p=[0.000 0.976 0.270 0.753]
  eval: e=0.1543  p=[0.862 0.786 0.536 1.000]
  eval: e=0.3676  p=[1.000 1.000 1.000 0.640]
  eval: e=0.3706  p=[0.543 1.000 0.152 0.729]
  eval: e=0.3926  p=[0.445 1.000 1.000 0.945]
  eval: e=0.3504  p=[0.494 1.000 0.000 0.814]
  eval: e=0.3967  p=[0.000 1.000 0.994 0.801]
  eval: e=3.9725  p=[0.649 1.000 0.650 0.543]
  eval: e=0.3917  p=[0.001 1.000 0.602 0.874]
  eval: e=0.3211  p=[0.508 0.689 0.287 0.000]
  eval: e=0.3967  p=[0.038 0.753 0.657 0.922]
  eval: e=0.3782  p=[0.570 1.000 0.019 1.000]
  eval: e=6.3678  p=[0.544 0.810 0.401 0.839]
  eval: e=0.3814  p=[0.066 1.000 0.443 1.000]
  eval: e=9.3624  p=[0.680 1.000 0.744 0.273]
  eval: e=0.3968  p=[0.000 0.501 0.428 0.185]
  eval: e=0.3752  p=[0.562 1.000 0.156 0.746]
  eval: e=0.3451  p=[0.553 1.000 0.356 0.769]
  eval: e=0.3583  p=[1.000 0.412 0.631 0.000]
  eval: e=0.3968  p=[0.000 0.451 0.450 0.698]
  eval: e=0.3909  p=[0.808 1.000 0.019 0.238]
  eval: e=0.3901  p=[0.770 1.000 0.117 0.314]
  eval: e=0.3014  p=[0.723 0.532 0.245 0.378]
  eval: e=0.3734  p=[0.589 1.000 0.315 0.524]
  eval: e=4.4901  p=[0.443 0.998 0.470 0.433]
  eval: e=0.3644  p=[0.030 1.000 0.294 0.570]
    8             450          0.1197           1.182        4
  eval: e=0.3408  p=[0.639 0.998 0.472 0.900]
  eval: e=0.3896  p=[1.000 1.000 0.608 1.000]
  eval: e=0.3785  p=[0.581 0.992 0.149 0.474]
  eval: e=0.3818  p=[0.000 1.000 0.104 0.000]
  eval: e=0.3776  p=[0.821 1.000 0.643 0.116]
  eval: e=0.1609  p=[0.411 1.000 0.696 1.000]
  eval: e=0.3167  p=[0.807 0.680 0.129 0.572]
  eval: e=0.3930  p=[0.000 1.000 0.676 0.049]
  eval: e=0.3757  p=[0.633 0.996 0.360 0.881]
  eval: e=0.3762  p=[1.000 0.968 0.874 0.516]
  eval: e=0.3946  p=[0.340 0.964 0.890 1.000]
  eval: e=0.3875  p=[0.000 1.000 0.452 0.754]
  eval: e=0.3770  p=[0.074 1.000 0.404 0.997]
  eval: e=0.2067  p=[0.204 1.000 0.284 0.688]
  eval: e=0.3588  p=[0.197 1.000 0.524 0.459]
  eval: e=0.3923  p=[0.961 1.000 0.000 0.904]
  eval: e=0.3777  p=[0.664 1.000 0.395 0.603]
  eval: e=0.3719  p=[0.587 1.000 0.327 0.977]
  eval: e=0.2274  p=[0.206 1.000 0.206 0.889]
  eval: e=0.3393  p=[1.000 0.930 0.930 0.961]
  eval: e=0.1565  p=[0.366 1.000 0.082 0.534]
  eval: e=0.3918  p=[1.000 0.894 0.081 0.991]
  eval: e=0.3815  p=[0.000 0.964 0.158 0.405]
  eval: e=0.3856  p=[0.708 0.347 0.000 0.911]
  eval: e=3.6705  p=[0.419 0.975 0.443 0.728]
  eval: e=0.3968  p=[0.184 0.660 1.000 0.876]
  eval: e=0.3867  p=[0.000 1.000 0.000 1.000]
  eval: e=0.3925  p=[1.000 1.000 0.012 0.952]
  eval: e=0.3866  p=[0.000 1.000 0.000 0.996]
  eval: e=0.3967  p=[0.000 1.000 1.000 1.000]
  eval: e=0.3625  p=[0.515 1.000 0.000 1.000]
  eval: e=0.3850  p=[0.943 0.985 0.696 1.000]
  eval: e=0.3885  p=[0.000 1.000 0.474 0.893]
  eval: e=0.3749  p=[0.533 0.800 0.573 0.454]
  eval: e=0.3212  p=[0.261 0.926 0.374 0.901]
  eval: e=0.3925  p=[1.000 1.000 0.000 0.997]
  eval: e=0.4169  p=[0.795 0.653 0.171 0.946]
  eval: e=5.9647  p=[0.493 1.000 0.581 0.328]
  eval: e=0.3965  p=[0.130 1.000 1.000 0.776]
  eval: e=0.3876  p=[0.679 1.000 0.000 0.052]
  eval: e=0.3903  p=[0.807 1.000 0.253 0.887]
  eval: e=0.2588  p=[0.275 1.000 0.461 0.853]
  eval: e=0.3852  p=[0.175 0.625 0.000 0.275]
  eval: e=0.2339  p=[0.429 0.866 0.000 0.729]
  eval: e=0.3868  p=[0.669 1.000 0.150 0.773]
  eval: e=0.1433  p=[0.348 1.000 0.123 0.059]
  eval: e=0.3768  p=[0.102 1.000 0.452 1.000]
  eval: e=0.1469  p=[0.550 1.000 0.452 1.000]
  eval: e=9.3920  p=[0.775 1.000 0.937 1.000]
  eval: e=0.3893  p=[0.715 1.000 0.005 1.000]
    9             500          0.1197          0.7073        5
  eval: e=0.3553  p=[0.070 1.000 0.287 0.913]
  eval: e=0.3866  p=[0.000 1.000 0.116 1.000]
  eval: e=0.3912  p=[0.820 0.988 0.000 0.953]
  eval: e=0.2277  p=[0.406 0.988 0.000 0.064]
  eval: e=0.3224  p=[0.266 1.000 0.536 0.860]
  eval: e=0.3841  p=[0.797 0.999 0.519 0.976]
  eval: e=0.5256  p=[0.630 0.885 0.349 0.569]
  eval: e=4.9047  p=[0.457 1.000 0.534 0.030]
  eval: e=0.3922  p=[1.000 1.000 0.155 0.791]
  eval: e=0.3841  p=[0.250 0.945 0.702 0.429]
  eval: e=0.3849  p=[0.000 0.975 0.354 0.000]
  eval: e=0.3163  p=[0.458 1.000 0.013 0.655]
  eval: e=0.3919  p=[0.000 1.000 0.599 1.000]
  eval: e=0.3824  p=[0.000 1.000 0.000 0.652]
  eval: e=0.9445  p=[0.467 1.000 0.743 0.863]
  eval: e=0.3864  p=[0.818 1.000 0.497 0.932]
  eval: e=0.3314  p=[0.671 1.000 0.536 0.807]
  eval: e=0.3518  p=[0.581 1.000 0.383 1.000]
  eval: e=0.3741  p=[0.000 1.000 0.287 0.800]
  eval: e=0.3862  p=[0.004 1.000 0.000 1.000]
  eval: e=0.1903  p=[0.232 1.000 0.359 0.503]
  eval: e=0.3333  p=[0.152 0.848 0.054 0.887]
  eval: e=0.2726  p=[0.430 0.977 0.000 0.683]
  eval: e=0.3962  p=[0.364 0.656 0.512 0.637]
  eval: e=0.3812  p=[0.741 1.000 0.477 0.945]
  eval: e=0.3802  p=[0.016 0.939 0.240 0.818]
  eval: e=4.1095  p=[0.433 1.000 0.514 0.675]
  eval: e=0.3248  p=[0.244 1.000 0.481 1.000]
  eval: e=0.2347  p=[0.208 1.000 0.061 0.956]
  eval: e=0.1433  p=[0.347 1.000 0.149 0.819]
  eval: e=8.2928  p=[0.590 1.000 0.760 0.663]
  eval: e=0.3796  p=[0.000 0.966 0.199 0.275]
  eval: e=0.3251  p=[0.467 1.000 0.101 0.773]
  eval: e=0.3857  p=[0.508 0.779 0.544 1.000]
  eval: e=0.3741  p=[0.720 0.806 0.103 0.993]
  eval: e=0.3818  p=[0.130 1.000 0.585 0.902]
  eval: e=0.1457  p=[0.323 0.948 0.000 1.000]
  eval: e=0.3817  p=[0.598 1.000 0.032 0.000]
  eval: e=0.3893  p=[0.000 1.000 0.491 1.000]
  eval: e=0.3891  p=[1.000 0.970 0.575 0.803]
  eval: e=0.3316  p=[0.184 1.000 0.386 1.000]
  eval: e=0.3752  p=[0.000 1.000 0.285 0.825]
  eval: e=0.3521  p=[0.163 1.000 0.407 1.000]
  eval: e=0.3912  p=[0.820 1.000 0.044 0.949]
  eval: e=0.1961  p=[0.237 1.000 0.326 1.000]
  eval: e=0.3755  p=[0.000 1.000 0.281 0.231]
  eval: e=0.3808  p=[0.000 0.995 0.331 0.900]
  eval: e=0.3713  p=[0.199 1.000 0.604 0.926]
  eval: e=0.3213  p=[0.340 1.000 0.705 0.737]
  eval: e=0.3923  p=[1.000 1.000 0.171 0.941]
   10             550          0.1197          0.6844        6
  eval: e=7.5089  p=[0.570 0.998 0.683 0.917]
  eval: e=0.3867  p=[0.656 1.000 0.075 0.998]
  eval: e=0.2593  p=[0.762 0.968 0.678 1.000]
  eval: e=2.8691  p=[0.388 0.981 0.411 0.581]
  eval: e=0.3882  p=[0.000 1.000 0.457 1.000]
  eval: e=8.0176  p=[0.594 1.000 0.640 0.912]
  eval: e=0.3595  p=[0.530 1.000 0.446 0.579]
  eval: e=0.1563  p=[0.397 1.000 0.295 1.000]
  eval: e=0.3356  p=[0.176 0.997 0.378 0.970]
  eval: e=0.3929  p=[0.000 0.996 0.661 0.377]
  eval: e=0.4591  p=[0.449 0.963 0.301 1.000]
  eval: e=0.3864  p=[0.654 1.000 0.000 0.761]
  eval: e=0.1659  p=[0.374 1.000 0.096 0.000]
  eval: e=0.3950  p=[0.046 1.000 0.837 0.855]
  eval: e=0.1024  p=[0.433 1.000 0.702 1.000]
  eval: e=0.3928  p=[0.000 1.000 0.656 0.934]
  eval: e=0.2166  p=[0.325 1.000 0.542 0.626]
  eval: e=0.2987  p=[0.339 1.000 0.653 0.974]
  eval: e=0.3197  p=[0.637 1.000 0.496 0.908]
  eval: e=0.2584  p=[0.354 0.960 0.570 0.000]
  eval: e=3.1952  p=[0.420 1.000 0.419 1.000]
  eval: e=0.2610  p=[0.292 0.916 0.327 0.941]
  eval: e=0.3058  p=[0.508 1.000 0.343 1.000]
  eval: e=0.3942  p=[0.377 0.828 0.633 0.634]
  eval: e=0.1437  p=[0.522 0.979 0.375 0.919]
  eval: e=0.3789  p=[0.675 0.948 0.296 0.981]
  eval: e=8.0358  p=[0.574 1.000 0.651 0.599]
  eval: e=0.3936  p=[0.000 1.000 0.704 0.894]
  eval: e=1.5339  p=[0.359 1.000 0.467 0.963]
  eval: e=0.3158  p=[0.457 1.000 0.000 0.756]
  eval: e=0.3892  p=[0.385 1.000 0.911 0.707]
  eval: e=0.2140  p=[0.203 0.992 0.000 0.235]
  eval: e=0.3728  p=[0.548 1.000 0.061 0.774]
  eval: e=3.8784  p=[0.422 0.985 0.452 0.000]
  eval: e=0.2016  p=[1.000 0.671 0.514 0.946]
  eval: e=0.3866  p=[0.000 1.000 0.148 1.000]
  eval: e=0.3571  p=[0.058 1.000 0.295 0.880]
  eval: e=0.3867  p=[0.000 1.000 0.000 1.000]
  eval: e=0.3717  p=[0.543 1.000 0.000 0.308]
  eval: e=0.5341  p=[0.290 0.906 0.197 0.540]
  eval: e=0.3879  p=[0.000 1.000 0.462 0.794]
  eval: e=0.2076  p=[0.444 1.000 0.319 0.818]
  eval: e=0.3965  p=[0.390 0.627 0.648 0.752]
  eval: e=0.3939  p=[0.000 0.942 0.610 0.877]
  eval: e=0.3892  p=[0.000 1.000 0.494 0.908]
  eval: e=0.3915  p=[0.894 1.000 0.196 0.720]
  eval: e=0.3556  p=[0.115 0.995 0.354 0.482]
  eval: e=0.1040  p=[0.267 1.000 0.371 0.940]
  eval: e=0.3857  p=[0.063 1.000 0.529 0.758]
  eval: e=0.3949  p=[0.000 1.000 0.792 0.842]
   11             600          0.1024          0.9825        0
  eval: e=0.3736  p=[0.567 0.998 0.258 0.489]
  eval: e=0.3678  p=[0.652 1.000 0.438 1.000]
  eval: e=0.1731  p=[0.379 0.956 0.000 0.585]
  eval: e=0.2506  p=[0.187 0.968 0.111 0.803]
  eval: e=0.3490  p=[0.313 1.000 0.720 0.857]
  eval: e=0.3352  p=[0.225 0.999 0.486 0.451]
  eval: e=5.5197  p=[0.722 0.882 0.555 0.869]
  eval: e=0.1560  p=[0.367 1.000 0.182 1.000]
  eval: e=0.3900  p=[0.000 0.998 0.513 1.000]
  eval: e=2.7870  p=[0.398 1.000 0.521 0.855]
  eval: e=0.3860  p=[0.980 0.954 0.655 0.000]
  eval: e=0.2959  p=[0.308 0.989 0.562 0.770]
  eval: e=0.3841  p=[0.623 0.974 0.066 0.981]
  eval: e=0.3963  p=[0.202 1.000 1.000 0.399]
  eval: e=0.1165  p=[0.414 1.000 0.679 1.000]
  eval: e=0.3912  p=[0.935 1.000 0.337 0.395]
  eval: e=0.3471  p=[0.141 1.000 0.373 0.214]
  eval: e=0.2017  p=[0.213 0.981 0.108 0.586]
  eval: e=0.1506  p=[0.315 1.000 0.075 0.633]
  eval: e=0.3307  p=[1.000 0.800 0.676 1.000]
  eval: e=0.1818  p=[0.383 1.000 0.060 0.712]
  eval: e=7.4954  p=[0.577 1.000 0.647 0.977]
  eval: e=0.3698  p=[0.541 0.966 0.089 0.848]
  eval: e=0.1609  p=[0.912 0.670 0.384 0.900]
  eval: e=0.3115  p=[0.277 0.987 0.507 0.906]
  eval: e=0.3485  p=[1.000 0.680 0.403 0.478]
  eval: e=2.0216  p=[0.354 1.000 0.401 0.000]
  eval: e=3.2407  p=[0.454 1.000 0.650 1.000]
  eval: e=4.0174  p=[0.451 1.000 0.562 1.000]
  eval: e=0.3882  p=[0.503 1.000 1.000 1.000]
  eval: e=0.3830  p=[0.000 1.000 0.000 0.745]
  eval: e=0.2493  p=[0.419 0.999 0.071 1.000]
  eval: e=0.3238  p=[0.446 1.000 0.872 0.824]
  eval: e=1.0370  p=[0.318 0.834 0.000 0.514]
  eval: e=0.3963  p=[0.302 0.721 0.563 0.888]
  eval: e=0.3922  p=[1.000 0.945 0.000 0.000]
  eval: e=0.1642  p=[0.268 0.970 0.188 0.885]
  eval: e=0.2406  p=[0.720 1.000 0.671 0.277]
  eval: e=5.6137  p=[0.499 0.989 0.640 0.878]
  eval: e=0.3376  p=[0.111 0.914 0.000 0.000]
  eval: e=0.3882  p=[0.693 1.000 0.009 0.766]
  eval: e=0.1469  p=[0.370 1.000 0.267 0.806]
  eval: e=9.3506  p=[0.658 0.816 0.535 0.402]
  eval: e=0.1233  p=[0.342 0.913 0.354 0.840]
  eval: e=0.4078  p=[0.262 1.000 0.327 0.000]
  eval: e=0.3695  p=[0.597 1.000 0.353 0.962]
  eval: e=0.3750  p=[0.559 1.000 0.154 0.954]
  eval: e=0.1544  p=[0.305 1.000 0.242 0.948]
  eval: e=3.3263  p=[0.410 0.998 0.480 0.818]
  eval: e=0.3153  p=[0.701 0.978 0.554 0.000]
   12             650          0.1024           1.127        1
  eval: e=4.9930  p=[0.481 1.000 0.484 0.975]
  eval: e=0.3292  p=[0.274 1.000 0.561 1.000]
  eval: e=0.3954  p=[0.327 1.000 1.000 1.000]
  eval: e=0.2307  p=[0.434 0.986 0.777 0.231]
  eval: e=0.1521  p=[0.303 1.000 0.083 0.940]
  eval: e=0.1238  p=[0.372 0.999 0.602 0.507]
  eval: e=5.5643  p=[0.492 0.784 0.119 0.897]
  eval: e=2.6144  p=[0.399 1.000 0.485 1.000]
  eval: e=0.3423  p=[0.089 0.999 0.295 0.888]
  eval: e=0.3418  p=[0.603 0.992 1.000 0.369]
  eval: e=0.3907  p=[0.506 0.973 0.982 0.039]
  eval: e=0.3734  p=[0.218 0.990 0.637 0.977]
  eval: e=0.3732  p=[0.022 1.000 0.323 0.313]
  eval: e=0.3668  p=[0.294 1.000 0.760 0.514]
  eval: e=0.1200  p=[0.423 1.000 0.700 1.000]
  eval: e=0.2659  p=[0.492 1.000 0.346 1.000]
  eval: e=0.1807  p=[0.441 1.000 0.326 1.000]
  eval: e=0.1835  p=[0.240 0.984 0.193 0.948]
  eval: e=0.2148  p=[0.401 1.000 0.040 0.939]
  eval: e=0.3899  p=[0.000 0.720 0.000 0.254]
  eval: e=0.3948  p=[0.368 1.000 1.000 0.788]
  eval: e=0.3364  p=[0.484 0.965 0.152 0.988]
  eval: e=0.1644  p=[0.265 0.995 0.210 0.836]
  eval: e=6.4963  p=[0.593 0.859 0.298 1.000]
  eval: e=0.1655  p=[0.424 0.983 0.308 0.956]
  eval: e=0.3828  p=[0.159 1.000 0.651 1.000]
  eval: e=0.3408  p=[0.621 1.000 0.450 0.689]
  eval: e=0.1841  p=[0.281 1.000 0.416 1.000]
  eval: e=0.1437  p=[0.340 1.000 0.128 1.000]
  eval: e=0.2642  p=[0.184 1.000 0.000 0.896]
  eval: e=0.3221  p=[0.598 1.000 1.000 0.995]
  eval: e=0.3683  p=[0.221 0.991 0.616 0.572]
  eval: e=0.5864  p=[0.284 1.000 0.357 0.693]
  eval: e=0.1814  p=[0.501 0.809 0.472 1.000]
  eval: e=8.8557  p=[0.672 1.000 0.741 0.984]
  eval: e=0.3568  p=[0.224 1.000 0.553 1.000]
  eval: e=1.1530  p=[0.340 0.991 0.408 1.000]
  eval: e=5.0458  p=[0.537 1.000 0.834 0.631]
  eval: e=0.3760  p=[0.000 0.997 0.309 0.495]
  eval: e=0.3785  p=[0.292 0.913 0.640 1.000]
  eval: e=0.3885  p=[0.045 1.000 0.558 0.971]
  eval: e=0.1425  p=[0.431 1.000 0.730 1.000]
  eval: e=0.3860  p=[0.755 0.373 0.159 0.000]
  eval: e=0.6969  p=[0.346 0.980 0.286 0.843]
  eval: e=0.7842  p=[0.299 1.000 0.330 0.586]
  eval: e=0.1848  p=[0.225 1.000 0.235 0.148]
  eval: e=5.2824  p=[0.472 0.898 0.334 0.671]
  eval: e=0.2048  p=[0.270 1.000 0.411 0.941]
  eval: e=1.7016  p=[0.357 1.000 0.454 0.897]
  eval: e=0.3133  p=[0.472 1.000 0.280 0.933]
   13             700          0.1024           1.091        2
  eval: e=6.7106  p=[0.550 0.998 0.685 0.990]
  eval: e=0.3645  p=[0.655 1.000 0.453 1.000]
  eval: e=0.2475  p=[0.416 0.991 0.000 0.651]
  eval: e=0.1700  p=[0.256 0.981 0.231 1.000]
  eval: e=0.2418  p=[0.307 1.000 0.508 0.930]
  eval: e=0.9205  p=[0.306 1.000 0.357 0.734]
  eval: e=9.8864  p=[0.713 0.993 0.877 0.921]
  eval: e=1.5932  p=[0.416 1.000 0.599 1.000]
  eval: e=0.3808  p=[0.615 0.997 0.279 1.000]
  eval: e=6.5042  p=[0.546 0.998 0.697 1.000]
  eval: e=0.1527  p=[0.628 0.979 0.503 0.900]
  eval: e=5.8842  p=[0.497 0.990 0.595 0.769]
  eval: e=6.6581  p=[0.538 1.000 0.773 0.000]
  eval: e=4.4116  p=[0.466 1.000 0.587 1.000]
  eval: e=0.2672  p=[0.448 1.000 0.705 1.000]
  eval: e=1.9864  p=[0.374 1.000 0.368 0.959]
  eval: e=4.4377  p=[0.471 1.000 0.620 1.000]
  eval: e=5.1890  p=[0.497 0.986 0.452 1.000]
  eval: e=3.7712  p=[0.429 1.000 0.586 0.642]
  eval: e=0.3827  p=[0.630 0.941 0.131 0.706]
  eval: e=2.1983  p=[0.380 1.000 0.459 0.980]
  eval: e=0.1882  p=[0.550 0.980 0.418 0.946]
  eval: e=0.0939  p=[0.363 1.000 0.557 0.942]
  eval: e=0.1440  p=[0.387 0.917 0.470 0.941]
  eval: e=4.2184  p=[0.566 0.993 0.873 0.947]
  eval: e=0.1944  p=[1.000 0.724 0.632 1.000]
  eval: e=5.3927  p=[0.497 1.000 0.529 1.000]
  eval: e=0.3532  p=[0.334 1.000 0.765 1.000]
  eval: e=0.6390  p=[0.297 1.000 0.349 0.950]
  eval: e=5.1822  p=[0.526 1.000 0.756 1.000]
  eval: e=0.3855  p=[0.000 1.000 0.401 0.912]
  eval: e=0.1654  p=[0.515 0.991 0.382 0.851]
  eval: e=0.1422  p=[0.433 1.000 0.339 0.996]
  eval: e=0.1882  p=[0.435 0.981 0.729 1.000]
  eval: e=6.8035  p=[0.910 0.625 0.579 0.971]
  eval: e=0.1828  p=[0.412 1.000 0.713 1.000]
  eval: e=0.2960  p=[0.344 0.999 0.654 1.000]
  eval: e=0.3292  p=[0.121 1.000 0.000 0.466]
  eval: e=0.1818  p=[0.458 1.000 0.342 0.614]
  eval: e=0.3954  p=[0.460 0.519 0.223 0.288]
  eval: e=0.2105  p=[0.399 1.000 0.074 0.869]
  eval: e=0.1631  p=[0.442 1.000 0.768 1.000]
  eval: e=7.9820  p=[0.746 0.707 0.485 1.000]
  eval: e=0.3448  p=[0.233 0.909 0.352 0.874]
  eval: e=0.7426  p=[0.398 1.000 0.350 1.000]
  eval: e=0.1870  p=[0.424 1.000 0.756 0.512]
  eval: e=0.3650  p=[0.189 1.000 0.542 0.735]
  eval: e=0.3178  p=[0.265 1.000 0.321 0.939]
  eval: e=0.3950  p=[0.357 1.000 1.000 1.000]
  eval: e=3.2411  p=[0.421 1.000 0.490 1.000]
   14             750         0.09385           2.036        0
  eval: e=5.4447  p=[0.478 0.998 0.471 0.369]
  eval: e=0.1493  p=[0.310 1.000 0.000 1.000]
  eval: e=0.2721  p=[0.208 1.000 0.354 0.980]
  eval: e=0.3505  p=[0.310 0.981 0.685 0.501]
  eval: e=0.4727  p=[0.288 1.000 0.365 0.945]
  eval: e=0.1400  p=[0.379 1.000 0.624 0.705]
  eval: e=0.3688  p=[0.347 0.583 0.000 0.309]
  eval: e=0.1940  p=[0.390 1.000 0.040 1.000]
  eval: e=0.3719  p=[0.289 0.998 0.766 0.989]
  eval: e=2.8082  p=[0.385 0.974 0.403 0.320]
  eval: e=0.2298  p=[0.297 1.000 0.471 0.992]
  eval: e=0.3727  p=[0.208 0.959 0.560 0.837]
  eval: e=0.8878  p=[0.447 1.000 0.382 1.000]
  eval: e=0.2686  p=[0.171 1.000 0.319 0.835]
  eval: e=0.1358  p=[0.419 1.000 0.701 1.000]
  eval: e=0.1933  p=[0.458 1.000 0.819 1.000]
  eval: e=3.4959  p=[0.436 1.000 0.565 1.000]
  eval: e=0.3819  p=[0.035 0.995 0.394 0.915]
  eval: e=0.1653  p=[0.271 1.000 0.000 0.610]
  eval: e=6.7792  p=[0.579 0.840 0.239 0.179]
  eval: e=1.8817  p=[0.352 1.000 0.425 0.622]
  eval: e=0.1586  p=[0.482 0.822 0.472 0.965]
  eval: e=0.1254  p=[0.373 1.000 0.592 0.953]
  eval: e=3.0357  p=[0.415 1.000 0.546 0.954]
  eval: e=0.3721  p=[0.282 0.875 0.516 0.925]
  eval: e=0.3788  p=[0.463 0.853 0.629 1.000]
  eval: e=0.2239  p=[0.306 1.000 0.296 0.888]
  eval: e=0.2088  p=[0.405 1.000 0.233 0.998]
  eval: e=0.9779  p=[0.324 1.000 0.357 1.000]
  eval: e=0.2874  p=[0.238 1.000 0.421 0.799]
  eval: e=4.6409  p=[0.503 1.000 0.461 0.892]
  eval: e=0.2530  p=[0.176 0.994 0.268 0.680]
  eval: e=0.7656  p=[0.311 1.000 0.366 1.000]
  eval: e=0.1781  p=[0.377 0.810 0.254 0.897]
  eval: e=0.3726  p=[0.717 1.000 0.511 0.951]
  eval: e=0.1204  p=[0.443 1.000 0.724 1.000]
  eval: e=0.1462  p=[0.323 0.985 0.000 0.871]
  eval: e=0.3836  p=[0.106 0.980 0.537 0.536]
  eval: e=4.9893  p=[0.495 1.000 0.456 0.717]
  eval: e=0.3741  p=[0.750 0.783 0.099 0.690]
  eval: e=0.1484  p=[0.336 1.000 0.519 0.897]
  eval: e=0.0887  p=[0.424 1.000 0.664 1.000]
  eval: e=0.3920  p=[0.571 0.668 0.497 0.600]
  eval: e=3.2710  p=[0.414 0.906 0.362 0.799]
  eval: e=0.3608  p=[0.193 0.917 0.348 0.975]
  eval: e=0.1701  p=[0.378 1.000 0.158 0.000]
  eval: e=0.2767  p=[0.435 0.999 0.184 0.700]
  eval: e=0.1910  p=[0.472 1.000 0.844 0.969]
  eval: e=0.2954  p=[0.363 1.000 0.714 0.269]
  eval: e=4.4424  p=[0.460 1.000 0.457 0.953]
   15             800         0.08866            1.06        0
  eval: e=0.1525  p=[0.625 0.999 0.539 0.881]
  eval: e=0.6513  p=[0.304 1.000 0.336 0.996]
  eval: e=3.5423  p=[0.423 0.977 0.358 0.793]
  eval: e=0.1540  p=[0.295 1.000 0.052 1.000]
  eval: e=1.7819  p=[0.500 1.000 0.786 0.982]
  eval: e=0.2836  p=[0.328 1.000 0.614 0.696]
  eval: e=5.9701  p=[0.508 1.000 0.679 0.812]
  eval: e=0.2581  p=[0.346 1.000 0.614 0.966]
  eval: e=0.3169  p=[0.288 0.998 0.574 0.667]
  eval: e=2.9414  p=[0.422 0.979 0.577 0.429]
  eval: e=0.2644  p=[0.499 0.971 0.353 0.863]
  eval: e=0.2511  p=[0.331 1.000 0.581 0.802]
  eval: e=0.3019  p=[0.320 1.000 0.628 0.000]
  eval: e=2.0648  p=[0.415 1.000 0.608 0.848]
  eval: e=0.1027  p=[0.433 1.000 0.703 1.000]
  eval: e=0.2299  p=[0.462 1.000 0.844 1.000]
  eval: e=0.2425  p=[0.188 1.000 0.294 0.980]
  eval: e=0.3786  p=[0.662 0.984 0.356 1.000]
  eval: e=0.3288  p=[0.480 1.000 0.257 0.849]
  eval: e=4.9215  p=[0.655 0.612 0.235 1.000]
  eval: e=0.2171  p=[0.402 1.000 0.058 0.660]
  eval: e=3.3942  p=[0.422 0.954 0.378 0.969]
  eval: e=0.0506  p=[0.364 1.000 0.545 0.938]
  eval: e=0.3336  p=[0.419 0.930 0.711 0.965]
  eval: e=0.6245  p=[0.377 1.000 0.336 0.930]
  eval: e=0.3855  p=[0.668 0.942 0.135 0.813]
  eval: e=0.3450  p=[0.317 1.000 0.712 0.937]
  eval: e=0.3945  p=[0.306 1.000 0.930 1.000]
  eval: e=0.2500  p=[0.382 1.000 0.692 1.000]
  eval: e=0.1006  p=[0.312 1.000 0.444 1.000]
  eval: e=0.1560  p=[0.328 1.000 0.502 0.949]
  eval: e=0.3750  p=[0.579 0.983 0.240 0.536]
  eval: e=2.6327  p=[0.396 0.974 0.323 0.810]
  eval: e=1.0487  p=[0.367 0.959 0.426 0.917]
  eval: e=0.3894  p=[0.606 0.727 0.619 0.980]
  eval: e=0.1322  p=[0.446 1.000 0.726 1.000]
  eval: e=0.2831  p=[0.365 0.944 0.577 1.000]
  eval: e=3.3289  p=[0.416 1.000 0.438 0.930]
  eval: e=3.5869  p=[0.421 1.000 0.513 0.833]
  eval: e=0.3261  p=[0.377 0.768 0.323 0.678]
  eval: e=0.0626  p=[0.378 1.000 0.588 0.728]
  eval: e=0.0984  p=[0.423 1.000 0.654 1.000]
  eval: e=0.3962  p=[0.486 0.502 0.469 0.842]
  eval: e=0.2970  p=[0.370 0.995 0.710 1.000]
  eval: e=1.5162  p=[0.352 0.984 0.370 0.998]
  eval: e=3.6941  p=[0.426 1.000 0.577 0.639]
  eval: e=0.1958  p=[0.278 0.994 0.403 1.000]
  eval: e=0.3067  p=[0.459 1.000 0.243 0.989]
  eval: e=0.0896  p=[0.363 1.000 0.569 0.317]
  eval: e=4.7229  p=[0.468 1.000 0.566 0.942]
   16             850         0.05058           1.097        0
  eval: e=6.7011  p=[0.548 0.999 0.639 1.000]
  eval: e=0.1498  p=[0.374 1.000 0.269 1.000]
  eval: e=0.4218  p=[0.301 0.975 0.262 0.823]
  eval: e=0.2705  p=[0.461 1.000 0.860 1.000]
  eval: e=0.1921  p=[0.240 1.000 0.000 0.996]
  eval: e=0.1710  p=[0.412 1.000 0.709 0.935]
  eval: e=0.1376  p=[0.636 0.760 0.542 0.782]
  eval: e=0.2470  p=[0.419 1.000 0.149 0.995]
  eval: e=0.1288  p=[0.267 0.999 0.387 0.710]
  eval: e=2.7477  p=[0.518 0.996 0.829 0.568]
  eval: e=4.4985  p=[0.463 0.998 0.617 0.891]
  eval: e=1.5564  p=[0.381 1.000 0.542 0.805]
  eval: e=0.2156  p=[0.405 0.999 0.204 0.525]
  eval: e=0.0454  p=[0.366 1.000 0.557 0.691]
  eval: e=0.1005  p=[0.406 1.000 0.656 0.957]
  eval: e=0.2294  p=[0.274 1.000 0.426 1.000]
  eval: e=0.1914  p=[0.484 1.000 0.392 0.692]
  eval: e=0.3831  p=[0.000 1.000 0.367 0.890]
  eval: e=0.3557  p=[0.157 1.000 0.424 0.796]
  eval: e=0.3626  p=[0.546 0.871 0.710 0.000]
  eval: e=0.3337  p=[0.330 1.000 0.707 0.901]
  eval: e=5.6108  p=[0.529 1.000 0.739 1.000]
  eval: e=0.0418  p=[0.363 1.000 0.540 0.936]
  eval: e=0.0773  p=[0.388 0.922 0.452 0.959]
  eval: e=5.0931  p=[0.501 0.972 0.655 0.924]
  eval: e=0.3637  p=[0.907 1.000 0.880 0.978]
  eval: e=0.2532  p=[0.300 1.000 0.504 0.933]
  eval: e=1.4076  p=[0.338 0.999 0.432 0.786]
  eval: e=0.1552  p=[0.314 1.000 0.232 0.658]
  eval: e=0.0569  p=[0.320 1.000 0.447 1.000]
  eval: e=0.2555  p=[0.315 1.000 0.533 1.000]
  eval: e=1.3249  p=[0.339 0.984 0.366 0.952]
  eval: e=0.1473  p=[0.423 1.000 0.648 1.000]
  eval: e=1.0791  p=[0.468 0.896 0.523 0.953]
  eval: e=0.3860  p=[0.854 0.925 0.408 0.986]
  eval: e=2.2582  p=[0.390 1.000 0.553 0.621]
  eval: e=3.1666  p=[0.418 0.990 0.409 1.000]
  eval: e=0.1451  p=[0.356 1.000 0.195 0.271]
  eval: e=0.2014  p=[0.435 1.000 0.313 0.592]
  eval: e=0.2729  p=[0.442 0.907 0.061 0.010]
  eval: e=0.0761  p=[0.368 1.000 0.569 0.827]
  eval: e=0.0850  p=[0.424 1.000 0.664 1.000]
  eval: e=0.3963  p=[0.457 0.564 0.549 0.664]
  eval: e=2.8014  p=[0.393 0.905 0.278 0.848]
  eval: e=0.1101  p=[0.269 0.998 0.364 0.944]
  eval: e=0.1713  p=[0.379 1.000 0.163 0.861]
  eval: e=0.1645  p=[0.255 0.998 0.378 0.714]
  eval: e=0.3841  p=[0.069 1.000 0.505 0.875]
  eval: e=0.0616  p=[0.373 1.000 0.581 0.434]
  eval: e=0.1933  p=[0.394 1.000 0.213 0.713]
   17             900         0.04181          0.9236        0
  eval: e=3.8334  p=[0.448 0.999 0.413 0.891]
  eval: e=0.1529  p=[0.319 1.000 0.236 0.552]
  eval: e=0.2494  p=[0.433 0.997 0.271 0.535]
  eval: e=1.4018  p=[0.370 1.000 0.506 0.955]
  eval: e=5.4564  p=[0.491 1.000 0.691 0.616]
  eval: e=0.0650  p=[0.350 1.000 0.499 0.718]
  eval: e=4.9920  p=[0.474 1.000 0.528 0.926]
  eval: e=0.0831  p=[0.291 1.000 0.390 1.000]
  eval: e=0.1899  p=[0.269 1.000 0.406 0.889]
  eval: e=0.1660  p=[0.437 0.992 0.755 0.667]
  eval: e=0.3467  p=[0.649 0.999 0.483 0.996]
  eval: e=0.0804  p=[0.364 1.000 0.563 0.786]
  eval: e=0.1448  p=[0.381 1.000 0.288 0.238]
  eval: e=0.0321  p=[0.358 1.000 0.537 0.722]
  eval: e=2.3563  p=[0.394 1.000 0.535 0.927]
  eval: e=0.3499  p=[0.317 1.000 0.724 0.977]
  eval: e=1.5217  p=[0.336 0.999 0.371 0.721]
  eval: e=0.1670  p=[0.442 0.976 0.307 0.327]
  eval: e=0.1527  p=[0.306 1.000 0.151 0.870]
  eval: e=4.2375  p=[0.560 0.770 0.429 0.846]
  eval: e=0.1448  p=[0.330 1.000 0.211 0.757]
  eval: e=0.3004  p=[0.364 0.888 0.493 0.918]
  eval: e=0.0409  p=[0.363 1.000 0.540 0.936]
  eval: e=2.2554  p=[0.374 0.990 0.456 0.826]
  eval: e=3.1726  p=[0.399 0.998 0.446 0.642]
  eval: e=0.3631  p=[0.672 0.972 0.427 1.000]
  eval: e=0.0263  p=[0.350 1.000 0.514 0.828]
  eval: e=0.7500  p=[0.306 1.000 0.379 0.921]
  eval: e=0.1529  p=[0.298 0.999 0.176 1.000]
  eval: e=0.0525  p=[0.320 1.000 0.447 1.000]
  eval: e=2.2513  p=[0.447 1.000 0.673 0.900]
  eval: e=0.1995  p=[0.317 1.000 0.288 0.468]
  eval: e=0.1493  p=[0.379 1.000 0.615 0.985]
  eval: e=0.2437  p=[0.372 0.844 0.357 0.933]
  eval: e=0.2632  p=[0.328 0.936 0.446 0.991]
  eval: e=0.1749  p=[0.447 1.000 0.715 1.000]
  eval: e=0.1514  p=[0.303 0.990 0.000 1.000]
  eval: e=1.3877  p=[0.353 1.000 0.341 0.559]
  eval: e=0.1526  p=[0.448 1.000 0.771 1.000]
  eval: e=0.3949  p=[0.454 0.571 0.261 0.595]
  eval: e=0.0752  p=[0.365 1.000 0.562 0.831]
  eval: e=0.1275  p=[0.391 1.000 0.648 0.565]
  eval: e=0.3628  p=[0.548 0.841 0.651 0.574]
  eval: e=0.2501  p=[0.329 0.911 0.402 0.646]
  eval: e=0.3481  p=[0.289 0.999 0.671 0.644]
  eval: e=0.1513  p=[0.364 1.000 0.179 0.274]
  eval: e=0.2864  p=[0.311 0.999 0.578 0.666]
  eval: e=0.5245  p=[0.425 1.000 0.360 0.958]
  eval: e=0.0219  p=[0.368 1.000 0.551 0.776]
  eval: e=0.1888  p=[0.383 0.911 0.480 0.825]
   18             950         0.02185          0.8189        0
  eval: e=1.4681  p=[0.533 1.000 0.467 0.849]
  eval: e=0.1538  p=[0.360 1.000 0.000 1.000]
  eval: e=1.2166  p=[0.386 0.995 0.526 1.000]
  eval: e=0.1639  p=[0.270 1.000 0.107 1.000]
  eval: e=0.2103  p=[0.227 1.000 0.000 1.000]
  eval: e=0.6477  p=[0.344 1.000 0.478 0.696]
  eval: e=0.3509  p=[0.315 0.915 0.561 0.783]
  eval: e=0.1123  p=[0.300 1.000 0.440 0.683]
  eval: e=1.4284  p=[0.337 1.000 0.390 0.856]
  eval: e=3.2413  p=[0.417 0.958 0.358 0.975]
  eval: e=0.3134  p=[0.263 0.998 0.514 0.518]
  eval: e=0.0974  p=[0.362 1.000 0.565 0.785]
  eval: e=0.2843  p=[0.359 1.000 0.688 0.812]
  eval: e=0.0308  p=[0.358 1.000 0.535 0.725]
  eval: e=0.0338  p=[0.367 1.000 0.544 0.943]
  eval: e=2.3994  p=[0.407 1.000 0.578 0.892]
  eval: e=1.4553  p=[0.378 1.000 0.352 0.968]
  eval: e=1.9583  p=[0.371 0.986 0.486 0.623]
  eval: e=1.2336  p=[0.326 1.000 0.403 0.769]
  eval: e=0.1546  p=[0.652 0.756 0.084 0.719]
  eval: e=0.1963  p=[0.402 0.984 0.225 0.723]
  eval: e=2.6606  p=[0.397 0.923 0.362 0.914]
  eval: e=0.0409  p=[0.363 1.000 0.539 0.936]
  eval: e=1.6232  p=[0.385 0.996 0.539 0.834]
  eval: e=2.5880  p=[0.379 0.976 0.378 0.666]
  eval: e=7.4040  p=[0.576 0.931 0.515 0.990]
  eval: e=0.0083  p=[0.355 1.000 0.515 0.817]
  eval: e=0.0728  p=[0.332 1.000 0.482 0.938]
  eval: e=2.2545  p=[0.387 0.913 0.314 0.991]
  eval: e=0.1694  p=[0.323 1.000 0.494 0.975]
  eval: e=0.3091  p=[0.271 1.000 0.508 1.000]
  eval: e=0.1852  p=[0.334 0.995 0.527 0.804]
  eval: e=2.5258  p=[0.387 1.000 0.503 0.829]
  eval: e=0.1437  p=[0.356 0.961 0.205 0.933]
  eval: e=4.2157  p=[0.947 0.652 0.768 0.931]
  eval: e=2.6327  p=[0.401 1.000 0.538 0.921]
  eval: e=0.3177  p=[0.375 0.969 0.705 0.850]
  eval: e=1.6252  p=[0.357 1.000 0.487 0.638]
  eval: e=0.3510  p=[0.339 1.000 0.772 0.857]
  eval: e=0.1571  p=[0.763 0.784 0.338 0.019]
  eval: e=1.1976  p=[0.384 1.000 0.558 0.642]
  eval: e=0.2655  p=[0.349 1.000 0.627 1.000]
  eval: e=6.1839  p=[0.521 0.634 0.002 0.697]
  eval: e=0.3062  p=[0.251 0.922 0.320 0.777]
  eval: e=1.0695  p=[0.315 1.000 0.382 0.698]
  eval: e=0.0303  p=[0.334 1.000 0.481 0.785]
  eval: e=0.2868  p=[0.294 0.998 0.297 0.679]
  eval: e=0.3486  p=[0.129 1.000 0.358 0.768]
  eval: e=0.0202  p=[0.367 1.000 0.548 0.810]
  eval: e=0.1551  p=[0.354 0.960 0.484 0.924]
   19            1000        0.008323           1.126        0
  eval: e=6.5615  p=[0.523 0.999 0.602 0.818]
  eval: e=0.1637  p=[0.360 1.000 0.590 0.740]
  eval: e=0.1958  p=[0.323 0.984 0.415 0.426]
  eval: e=0.0104  p=[0.361 1.000 0.513 0.983]
  eval: e=0.3767  p=[0.281 1.000 0.791 0.858]
  eval: e=0.2412  p=[0.374 1.000 0.545 0.712]
  eval: e=8.2562  p=[0.651 0.786 0.522 0.754]
  eval: e=0.8587  p=[0.359 1.000 0.503 0.775]
  eval: e=1.7355  p=[0.356 1.000 0.473 0.740]
  eval: e=0.3923  p=[0.426 1.000 0.974 0.447]
  eval: e=2.0060  p=[0.415 0.978 0.554 0.945]
  eval: e=0.0129  p=[0.368 1.000 0.543 0.790]
  eval: e=2.5187  p=[0.381 1.000 0.480 0.767]
  eval: e=0.2823  p=[0.357 1.000 0.506 0.779]
  eval: e=0.1455  p=[0.323 1.000 0.494 0.795]
  eval: e=0.1467  p=[0.460 1.000 0.775 1.000]
  eval: e=3.5795  p=[0.438 1.000 0.413 0.978]
  eval: e=1.6154  p=[0.344 1.000 0.430 0.737]
  eval: e=0.1447  p=[0.328 1.000 0.117 0.648]
  eval: e=1.2870  p=[0.333 0.942 0.310 0.780]
  eval: e=0.6010  p=[0.292 0.999 0.373 0.813]
  eval: e=0.3352  p=[0.479 1.000 0.395 0.853]
  eval: e=0.0830  p=[0.357 1.000 0.508 0.840]
  eval: e=0.3434  p=[0.396 0.840 0.515 1.000]
  eval: e=1.4527  p=[0.352 0.988 0.441 0.886]
  eval: e=2.5060  p=[0.451 0.946 0.554 0.995]
  eval: e=0.0112  p=[0.356 1.000 0.515 0.815]
  eval: e=2.0655  p=[0.383 1.000 0.515 0.943]
  eval: e=1.1653  p=[0.380 0.986 0.507 0.938]
  eval: e=0.0199  p=[0.328 1.000 0.466 0.832]
  eval: e=0.2380  p=[0.299 1.000 0.496 0.751]
  eval: e=0.1428  p=[0.337 0.990 0.071 0.748]
  eval: e=0.2346  p=[0.436 0.969 0.231 0.996]
  eval: e=0.2607  p=[0.355 0.985 0.618 0.837]
  eval: e=8.4976  p=[0.616 0.923 0.485 0.659]
  eval: e=0.0165  p=[0.354 1.000 0.521 0.797]
  eval: e=0.1597  p=[0.279 0.985 0.000 0.935]
  eval: e=1.9782  p=[0.358 1.000 0.360 0.512]
  eval: e=0.3076  p=[0.370 1.000 0.743 0.835]
  eval: e=0.2620  p=[0.366 0.848 0.379 0.101]
  eval: e=1.1477  p=[0.380 1.000 0.546 0.775]
  eval: e=4.5556  p=[0.468 1.000 0.634 0.919]
  eval: e=0.3967  p=[0.326 0.505 0.620 0.791]
  eval: e=2.7908  p=[0.396 0.932 0.348 0.895]
  eval: e=0.0841  p=[0.286 1.000 0.385 1.000]
  eval: e=0.0893  p=[0.357 1.000 0.543 0.921]
  eval: e=0.2953  p=[0.280 0.999 0.515 0.766]
  eval: e=3.0805  p=[0.400 1.000 0.413 0.781]
  eval: e=0.1335  p=[0.359 1.000 0.513 0.818]
  eval: e=0.0524  p=[0.353 1.000 0.518 0.961]
   20            1050        0.008323           1.277        1
  eval: e=0.3837  p=[0.430 0.999 0.358 0.847]
  eval: e=0.1594  p=[0.280 1.000 0.000 1.000]
  eval: e=0.1426  p=[0.338 0.982 0.178 0.739]
  eval: e=0.1258  p=[0.374 1.000 0.597 0.919]
  eval: e=3.3848  p=[0.426 1.000 0.486 1.000]
  eval: e=0.0135  p=[0.361 1.000 0.535 0.724]
  eval: e=6.6668  p=[0.540 1.000 0.528 0.838]
  eval: e=0.8797  p=[0.320 1.000 0.381 1.000]
  eval: e=0.1026  p=[0.331 1.000 0.498 0.756]
  eval: e=0.9488  p=[0.368 0.997 0.508 0.887]
  eval: e=0.3613  p=[0.700 0.985 0.498 0.857]
  eval: e=0.0332  p=[0.369 1.000 0.539 0.791]
  eval: e=2.4010  p=[0.370 1.000 0.435 0.073]
  eval: e=0.0735  p=[0.357 1.000 0.545 0.745]
  eval: e=1.8113  p=[0.393 1.000 0.560 0.868]
  eval: e=0.1429  p=[0.415 1.000 0.641 0.871]
  eval: e=1.5938  p=[0.355 1.000 0.405 0.998]
  eval: e=0.1132  p=[0.356 0.982 0.526 0.216]
  eval: e=0.1663  p=[0.350 1.000 0.497 0.670]
  eval: e=4.6625  p=[0.467 1.000 0.437 0.789]
  eval: e=0.1625  p=[0.372 1.000 0.142 0.657]
  eval: e=4.0069  p=[0.496 0.977 0.404 0.996]
  eval: e=0.0494  p=[0.355 1.000 0.524 0.930]
  eval: e=2.3190  p=[0.380 1.000 0.450 0.932]
  eval: e=3.6971  p=[0.430 1.000 0.530 0.913]
  eval: e=5.8608  p=[0.670 0.918 0.532 0.707]
  eval: e=0.0083  p=[0.355 1.000 0.515 0.817]
  eval: e=0.0725  p=[0.355 1.000 0.533 0.925]
  eval: e=1.0520  p=[0.330 1.000 0.396 1.000]
  eval: e=0.0091  p=[0.351 1.000 0.510 0.797]
  eval: e=0.0156  p=[0.372 1.000 0.553 0.837]
  eval: e=1.5883  p=[0.357 1.000 0.481 0.804]
  eval: e=0.7797  p=[0.431 0.998 0.654 0.886]
  eval: e=0.1421  p=[0.356 0.978 0.237 0.899]
  eval: e=2.8210  p=[0.591 0.952 0.457 1.000]
  eval: e=0.0666  p=[0.345 1.000 0.517 0.772]
  eval: e=0.9268  p=[0.321 0.968 0.286 0.991]
  eval: e=1.8900  p=[0.354 1.000 0.359 0.500]
  eval: e=2.4334  p=[0.394 1.000 0.547 0.810]
  eval: e=0.3472  p=[0.669 0.788 0.071 0.219]
  eval: e=0.0636  p=[0.362 1.000 0.552 0.791]
  eval: e=3.9883  p=[0.437 1.000 0.505 0.891]
  eval: e=0.3774  p=[0.763 1.000 0.548 0.711]
  eval: e=0.2054  p=[0.342 0.978 0.435 0.772]
  eval: e=0.1965  p=[0.345 1.000 0.569 0.864]
  eval: e=0.4572  p=[0.354 1.000 0.488 0.925]
  eval: e=0.1966  p=[0.262 0.999 0.400 0.813]
  eval: e=0.1761  p=[0.333 1.000 0.516 1.000]
  eval: e=0.0972  p=[0.356 1.000 0.550 0.781]
  eval: e=0.0622  p=[0.354 1.000 0.527 0.920]
   21            1100        0.008323           1.165        2
  eval: e=0.2909  p=[0.477 1.000 0.391 0.859]
  eval: e=0.1551  p=[0.306 1.000 0.262 0.997]
  eval: e=0.1823  p=[0.343 1.000 0.544 1.000]
  eval: e=0.1566  p=[0.339 1.000 0.524 0.966]
  eval: e=0.1580  p=[0.366 1.000 0.037 0.860]
  eval: e=0.0085  p=[0.357 1.000 0.519 0.825]
  eval: e=0.3952  p=[0.443 0.702 0.535 0.819]
  eval: e=0.8776  p=[0.318 1.000 0.416 0.813]
  eval: e=1.7663  p=[0.369 1.000 0.503 0.850]
  eval: e=0.1690  p=[0.357 0.999 0.580 0.849]
  eval: e=5.1912  p=[0.477 1.000 0.488 0.862]
  eval: e=0.0280  p=[0.366 1.000 0.534 0.805]
  eval: e=1.8372  p=[0.349 1.000 0.369 0.546]
  eval: e=0.0448  p=[0.356 1.000 0.535 0.793]
  eval: e=0.0089  p=[0.348 1.000 0.493 0.936]
  eval: e=3.0764  p=[0.404 1.000 0.519 0.799]
  eval: e=1.5596  p=[0.344 1.000 0.400 0.874]
  eval: e=0.1011  p=[0.356 0.983 0.523 0.222]
  eval: e=0.1429  p=[0.338 1.000 0.089 0.835]
  eval: e=8.0152  p=[0.580 0.826 0.394 0.724]
  eval: e=2.0899  p=[0.359 1.000 0.404 0.666]
  eval: e=8.3778  p=[0.618 0.908 0.509 0.959]
  eval: e=0.6254  p=[0.367 1.000 0.522 0.801]
  eval: e=0.2978  p=[0.363 0.893 0.499 0.869]
  eval: e=0.0425  p=[0.370 0.990 0.541 0.874]
  eval: e=2.5987  p=[0.403 0.998 0.515 1.000]
  eval: e=0.0082  p=[0.355 1.000 0.515 0.818]
  eval: e=0.0532  p=[0.345 1.000 0.510 0.826]
  eval: e=0.1561  p=[0.367 1.000 0.144 0.867]
  eval: e=0.0086  p=[0.356 1.000 0.519 0.790]
  eval: e=2.2040  p=[0.383 1.000 0.522 0.848]
  eval: e=1.3788  p=[0.345 0.990 0.439 0.788]
  eval: e=2.7243  p=[0.398 1.000 0.516 0.903]
  eval: e=1.4809  p=[0.355 1.000 0.346 0.845]
  eval: e=0.3849  p=[0.736 0.579 0.518 0.932]
  eval: e=0.7146  p=[0.366 1.000 0.522 0.732]
  eval: e=2.0765  p=[0.380 0.975 0.311 0.831]
  eval: e=1.6876  p=[0.361 1.000 0.372 1.000]
  eval: e=3.2207  p=[0.421 1.000 0.510 1.000]
  eval: e=4.0138  p=[0.473 0.757 0.226 0.701]
  eval: e=0.0522  p=[0.358 1.000 0.539 0.798]
  eval: e=0.2970  p=[0.298 1.000 0.556 0.903]
  eval: e=0.3966  p=[0.452 0.320 0.423 0.554]
  eval: e=0.1706  p=[0.348 0.903 0.373 0.761]
  eval: e=0.2453  p=[0.286 1.000 0.471 0.847]
  eval: e=0.1438  p=[0.329 1.000 0.508 0.792]
  eval: e=1.8643  p=[0.351 0.998 0.370 0.691]
  eval: e=0.9488  p=[0.315 1.000 0.381 0.898]
  eval: e=0.0487  p=[0.369 1.000 0.551 0.971]
  eval: e=0.0081  p=[0.355 1.000 0.513 0.851]
   22            1150        0.008097            1.25        0
  eval: e=3.8234  p=[0.517 0.999 0.466 0.859]
  eval: e=0.1433  p=[0.325 1.000 0.491 0.945]
  eval: e=0.1664  p=[0.343 0.993 0.541 0.473]
  eval: e=0.0154  p=[0.353 1.000 0.493 1.000]
  eval: e=0.1619  p=[0.271 1.000 0.201 0.923]
  eval: e=0.0086  p=[0.356 1.000 0.515 0.846]
  eval: e=0.3949  p=[0.460 0.696 0.517 0.785]
  eval: e=0.2258  p=[0.365 1.000 0.520 0.864]
  eval: e=0.1140  p=[0.337 1.000 0.513 0.796]
  eval: e=0.2290  p=[0.441 0.998 0.813 0.574]
  eval: e=3.8202  p=[0.433 0.983 0.512 0.882]
  eval: e=0.5240  p=[0.362 1.000 0.501 0.954]
  eval: e=1.2146  p=[0.359 1.000 0.492 0.879]
  eval: e=0.0119  p=[0.355 1.000 0.520 0.800]
  eval: e=0.0910  p=[0.340 1.000 0.506 0.893]
  eval: e=0.2050  p=[0.353 1.000 0.596 0.820]
  eval: e=5.1558  p=[0.476 1.000 0.488 0.858]
  eval: e=0.0993  p=[0.355 1.000 0.511 0.484]
  eval: e=0.1435  p=[0.343 1.000 0.133 0.955]
  eval: e=0.2109  p=[0.513 0.993 0.371 0.797]
  eval: e=0.0642  p=[0.352 1.000 0.525 0.887]
  eval: e=4.6941  p=[0.464 1.000 0.514 0.930]
  eval: e=0.0679  p=[0.367 1.000 0.563 0.841]
  eval: e=0.1234  p=[0.393 0.917 0.481 0.801]
  eval: e=0.0300  p=[0.348 1.000 0.507 0.911]
  eval: e=0.3902  p=[0.975 1.000 0.527 0.736]
  eval: e=0.0081  p=[0.355 1.000 0.515 0.818]
  eval: e=0.0093  p=[0.352 1.000 0.512 0.783]
  eval: e=0.1428  p=[0.355 1.000 0.247 0.965]
  eval: e=0.0087  p=[0.357 1.000 0.521 0.789]
  eval: e=0.0707  p=[0.364 1.000 0.559 0.823]
  eval: e=0.1423  p=[0.341 0.992 0.160 0.847]
  eval: e=0.1421  p=[0.403 1.000 0.314 0.749]
  eval: e=0.1484  p=[0.356 0.973 0.511 0.896]
  eval: e=0.3938  p=[0.623 0.593 0.530 0.798]
  eval: e=0.1144  p=[0.341 1.000 0.521 0.807]
  eval: e=0.1455  p=[0.357 0.962 0.132 0.936]
  eval: e=0.1441  p=[0.352 1.000 0.156 0.000]
  eval: e=0.2394  p=[0.342 1.000 0.593 0.857]
  eval: e=8.5303  p=[0.596 0.846 0.356 0.488]
  eval: e=0.0269  p=[0.361 1.000 0.537 0.801]
  eval: e=0.0516  p=[0.405 1.000 0.616 1.000]
  eval: e=3.3352  p=[0.789 0.734 0.372 0.653]
  eval: e=1.7772  p=[0.355 1.000 0.431 0.884]
  eval: e=0.9016  p=[0.320 1.000 0.401 0.950]
  eval: e=0.0421  p=[0.347 1.000 0.515 0.764]
  eval: e=0.1034  p=[0.347 0.999 0.525 0.901]
  eval: e=0.4569  p=[0.281 1.000 0.362 0.852]
  eval: e=0.0250  p=[0.370 1.000 0.549 0.915]
  eval: e=0.0167  p=[0.355 1.000 0.510 0.837]
   23            1200        0.008097          0.7821        1
  eval: e=2.0444  p=[0.389 1.000 0.545 0.854]
  eval: e=0.0974  p=[0.351 1.000 0.540 0.750]
  eval: e=0.1428  p=[0.339 0.987 0.064 0.808]
  eval: e=1.0452  p=[0.365 1.000 0.513 0.796]
  eval: e=2.1922  p=[0.371 1.000 0.426 0.876]
  eval: e=0.0102  p=[0.357 1.000 0.515 0.840]
  eval: e=0.3842  p=[0.426 0.810 0.533 0.841]
  eval: e=1.5597  p=[0.366 1.000 0.352 0.966]
  eval: e=0.0079  p=[0.348 1.000 0.502 0.774]
  eval: e=0.1507  p=[0.428 0.997 0.730 0.903]
  eval: e=6.1291  p=[0.537 1.000 0.510 0.873]
  eval: e=0.0419  p=[0.362 1.000 0.525 0.741]
  eval: e=0.8941  p=[0.372 1.000 0.338 0.515]
  eval: e=0.0081  p=[0.355 1.000 0.513 0.848]
  eval: e=0.0081  p=[0.355 1.000 0.512 0.864]
  eval: e=0.1601  p=[0.416 1.000 0.642 0.862]
  eval: e=0.1482  p=[0.439 1.000 0.348 0.999]
  eval: e=0.0085  p=[0.355 1.000 0.509 0.933]
  eval: e=1.4455  p=[0.341 1.000 0.432 0.825]
  eval: e=0.3013  p=[0.497 0.853 0.026 0.826]
  eval: e=0.0829  p=[0.354 1.000 0.534 0.926]
  eval: e=2.0055  p=[0.433 0.880 0.413 0.824]
  eval: e=0.0616  p=[0.357 1.000 0.537 0.883]
  eval: e=0.0134  p=[0.360 0.984 0.494 0.881]
  eval: e=0.0469  p=[0.344 1.000 0.498 0.949]
  eval: e=0.3748  p=[0.180 0.961 0.528 0.758]
  eval: e=0.0081  p=[0.355 1.000 0.515 0.818]
  eval: e=0.0280  p=[0.357 1.000 0.512 0.812]
  eval: e=1.7478  p=[0.353 1.000 0.432 0.852]
  eval: e=0.0082  p=[0.356 1.000 0.514 0.880]
  eval: e=0.0771  p=[0.361 1.000 0.553 0.816]
  eval: e=0.1421  p=[0.342 0.997 0.190 0.836]
  eval: e=0.0715  p=[0.363 1.000 0.522 0.820]
  eval: e=0.1411  p=[0.355 0.981 0.228 0.867]
  eval: e=2.8921  p=[0.402 1.000 0.516 0.884]
  eval: e=0.7005  p=[0.364 1.000 0.514 0.811]
  eval: e=0.2473  p=[0.353 0.971 0.565 0.950]
  eval: e=0.4813  p=[0.347 1.000 0.479 0.865]
  eval: e=5.1330  p=[0.480 1.000 0.569 0.932]
  eval: e=0.3792  p=[0.786 0.842 0.238 0.280]
  eval: e=0.0174  p=[0.356 1.000 0.521 0.868]
  eval: e=2.8432  p=[0.395 1.000 0.510 0.764]
  eval: e=10.5631  p=[0.785 0.706 0.455 0.679]
  eval: e=1.4307  p=[0.356 0.990 0.458 0.877]
  eval: e=1.0332  p=[0.346 1.000 0.459 0.968]
  eval: e=0.0126  p=[0.351 1.000 0.511 0.824]
  eval: e=0.1074  p=[0.353 1.000 0.543 0.873]
  eval: e=0.2694  p=[0.315 1.000 0.422 0.932]
  eval: e=0.0786  p=[0.346 1.000 0.522 0.814]
  eval: e=0.0082  p=[0.355 1.000 0.512 0.861]
   24            1250        0.007923          0.9557        0
  eval: e=0.1546  p=[0.612 0.999 0.520 0.838]
  eval: e=0.0319  p=[0.361 1.000 0.541 0.762]
  eval: e=0.9973  p=[0.348 0.992 0.459 0.872]
  eval: e=0.0089  p=[0.359 1.000 0.517 0.945]
  eval: e=0.0424  p=[0.364 1.000 0.548 0.829]
  eval: e=0.0174  p=[0.352 1.000 0.505 0.817]
  eval: e=0.2498  p=[0.415 0.871 0.512 0.960]
  eval: e=0.7073  p=[0.312 1.000 0.407 0.878]
  eval: e=0.0445  p=[0.350 1.000 0.499 0.769]
  eval: e=0.1626  p=[0.396 0.998 0.668 0.867]
  eval: e=4.9730  p=[0.475 0.984 0.507 0.942]
  eval: e=0.0291  p=[0.361 1.000 0.541 0.773]
  eval: e=1.8653  p=[0.367 1.000 0.508 0.442]
  eval: e=0.0503  p=[0.345 1.000 0.510 0.810]
  eval: e=0.0269  p=[0.358 1.000 0.513 0.858]
  eval: e=0.0510  p=[0.350 1.000 0.494 0.875]
  eval: e=0.3269  p=[0.361 1.000 0.321 1.000]
  eval: e=0.0228  p=[0.355 1.000 0.517 0.925]
  eval: e=0.1423  p=[0.347 1.000 0.202 0.818]
  eval: e=1.9105  p=[0.486 0.832 0.085 0.800]
  eval: e=0.0087  p=[0.353 1.000 0.511 0.853]
  eval: e=0.4661  p=[0.579 0.989 0.486 1.000]
  eval: e=0.0468  p=[0.357 1.000 0.531 0.888]
  eval: e=0.0196  p=[0.352 1.000 0.512 0.897]
  eval: e=0.0133  p=[0.354 1.000 0.512 0.890]
  eval: e=0.3902  p=[0.406 0.798 0.526 1.000]
  eval: e=0.0081  p=[0.355 1.000 0.515 0.818]
  eval: e=0.0094  p=[0.352 1.000 0.512 0.803]
  eval: e=1.1225  p=[0.355 1.000 0.487 0.868]
  eval: e=0.0241  p=[0.351 1.000 0.502 0.786]
  eval: e=0.0319  p=[0.362 1.000 0.540 0.843]
  eval: e=0.0172  p=[0.347 0.999 0.494 0.749]
  eval: e=0.1369  p=[0.354 1.000 0.559 0.842]
  eval: e=0.1455  p=[0.355 1.000 0.178 0.853]
  eval: e=0.3894  p=[0.703 0.578 0.510 0.959]
  eval: e=0.0291  p=[0.350 1.000 0.513 0.856]
  eval: e=1.3270  p=[0.355 0.978 0.298 0.844]
  eval: e=1.8478  p=[0.353 1.000 0.356 0.256]
  eval: e=4.1091  p=[0.471 1.000 0.668 0.966]
  eval: e=0.3813  p=[0.468 0.658 0.246 0.332]
  eval: e=0.0082  p=[0.356 1.000 0.516 0.844]
  eval: e=0.2158  p=[0.347 1.000 0.586 0.869]
  eval: e=8.7266  p=[0.642 0.878 0.430 0.490]
  eval: e=0.2108  p=[0.334 0.973 0.502 0.760]
  eval: e=0.2127  p=[0.310 1.000 0.420 0.861]
  eval: e=0.0117  p=[0.353 1.000 0.513 0.868]
  eval: e=0.0837  p=[0.345 1.000 0.520 0.815]
  eval: e=0.7746  p=[0.316 1.000 0.415 0.863]
  eval: e=0.2075  p=[0.359 1.000 0.511 0.800]
  eval: e=0.0317  p=[0.348 1.000 0.509 0.857]
   25            1300        0.007923          0.6564        1
  eval: e=0.2967  p=[0.285 0.999 0.525 0.904]
  eval: e=1.4916  p=[0.361 1.000 0.498 0.765]
  eval: e=0.1581  p=[0.338 0.993 0.519 0.805]
  eval: e=0.4988  p=[0.354 1.000 0.499 0.722]
  eval: e=0.0193  p=[0.348 1.000 0.507 0.816]
  eval: e=0.0079  p=[0.352 1.000 0.508 0.831]
  eval: e=7.0050  p=[0.532 0.944 0.509 0.520]
  eval: e=0.1008  p=[0.338 1.000 0.503 0.946]
  eval: e=0.0161  p=[0.346 1.000 0.503 0.769]
  eval: e=2.5756  p=[0.390 0.999 0.503 0.870]
  eval: e=0.0402  p=[0.350 0.992 0.502 0.819]
  eval: e=0.0483  p=[0.358 1.000 0.533 0.898]
  eval: e=0.1556  p=[0.377 1.000 0.261 0.910]
  eval: e=0.0086  p=[0.352 1.000 0.508 0.809]
  eval: e=0.0081  p=[0.355 1.000 0.512 0.852]
  eval: e=0.0989  p=[0.337 1.000 0.467 0.863]
  eval: e=2.5695  p=[0.422 1.000 0.601 0.954]
  eval: e=0.0171  p=[0.350 1.000 0.509 0.853]
  eval: e=1.5808  p=[0.353 1.000 0.464 0.853]
  eval: e=4.3658  p=[0.442 1.000 0.488 0.722]
  eval: e=0.0207  p=[0.352 1.000 0.505 0.762]
  eval: e=1.8558  p=[0.367 0.959 0.378 0.959]
  eval: e=0.0105  p=[0.364 1.000 0.531 0.862]
  eval: e=0.0250  p=[0.359 0.986 0.504 0.835]
  eval: e=0.0082  p=[0.356 1.000 0.515 0.863]
  eval: e=0.3831  p=[0.945 0.888 0.537 0.980]
  eval: e=0.3438  p=[0.354 1.000 0.499 0.763]
  eval: e=0.0287  p=[0.348 1.000 0.511 0.749]
  eval: e=1.4886  p=[0.347 1.000 0.359 0.940]
  eval: e=0.0560  p=[0.353 1.000 0.522 0.934]
  eval: e=0.0113  p=[0.359 1.000 0.525 0.854]
  eval: e=0.1766  p=[0.351 0.999 0.575 0.740]
  eval: e=0.1942  p=[0.359 1.000 0.510 0.826]
  eval: e=0.2876  p=[0.355 0.980 0.639 0.866]
  eval: e=9.3632  p=[0.750 0.744 0.517 0.938]
  eval: e=0.0080  p=[0.351 1.000 0.509 0.727]
  eval: e=0.1419  p=[0.354 0.987 0.220 0.779]
  eval: e=1.9395  p=[0.355 1.000 0.415 0.717]
  eval: e=0.3689  p=[0.312 1.000 0.793 0.873]
  eval: e=2.4844  p=[0.382 0.899 0.224 0.885]
  eval: e=0.0090  p=[0.355 1.000 0.512 0.844]
  eval: e=2.3008  p=[0.397 1.000 0.528 0.998]
  eval: e=0.3332  p=[0.597 0.716 0.433 0.533]
  eval: e=1.9780  p=[0.357 0.944 0.297 0.761]
  eval: e=0.0373  p=[0.311 1.000 0.427 0.935]
  eval: e=0.0084  p=[0.355 1.000 0.514 0.862]
  eval: e=0.0123  p=[0.354 1.000 0.513 0.871]
  eval: e=0.5605  p=[0.297 1.000 0.375 0.956]
  eval: e=0.0431  p=[0.360 1.000 0.521 0.774]
  eval: e=0.0304  p=[0.349 1.000 0.512 0.847]
   26            1350        0.007893          0.9114        0
  eval: e=4.2214  p=[0.445 0.999 0.530 0.877]
  eval: e=0.0123  p=[0.349 1.000 0.500 0.778]
  eval: e=0.1437  p=[0.349 1.000 0.128 0.657]
  eval: e=0.0307  p=[0.357 1.000 0.522 0.938]
  eval: e=0.0117  p=[0.349 1.000 0.506 0.823]
  eval: e=0.0080  p=[0.352 1.000 0.509 0.833]
  eval: e=7.1380  p=[0.604 0.853 0.554 1.000]
  eval: e=0.2346  p=[0.302 1.000 0.490 0.945]
  eval: e=0.0115  p=[0.347 1.000 0.503 0.774]
  eval: e=2.7178  p=[0.395 0.999 0.505 0.872]
  eval: e=0.1510  p=[0.326 1.000 0.503 0.804]
  eval: e=1.7875  p=[0.365 1.000 0.491 0.828]
  eval: e=1.0786  p=[0.373 1.000 0.531 0.768]
  eval: e=0.0136  p=[0.356 1.000 0.511 0.867]
  eval: e=0.0084  p=[0.354 1.000 0.512 0.869]
  eval: e=0.1145  p=[0.350 1.000 0.543 0.799]
  eval: e=3.6080  p=[0.424 1.000 0.436 0.899]
  eval: e=0.0086  p=[0.351 1.000 0.506 0.856]
  eval: e=0.1035  p=[0.351 1.000 0.542 0.783]
  eval: e=6.4044  p=[0.516 0.760 0.046 0.739]
  eval: e=0.0234  p=[0.356 1.000 0.517 0.952]
  eval: e=0.8497  p=[0.343 0.980 0.414 0.996]
  eval: e=0.6938  p=[0.359 1.000 0.502 0.828]
  eval: e=0.0919  p=[0.347 0.987 0.499 0.860]
  eval: e=0.1767  p=[0.356 1.000 0.508 0.660]
  eval: e=0.3856  p=[0.885 0.953 0.527 0.961]
  eval: e=0.0635  p=[0.355 1.000 0.528 0.933]
  eval: e=0.0144  p=[0.358 1.000 0.515 0.876]
  eval: e=0.1479  p=[0.361 1.000 0.216 0.955]
  eval: e=0.0176  p=[0.352 1.000 0.516 0.816]
  eval: e=0.0118  p=[0.358 1.000 0.514 0.885]
  eval: e=1.6879  p=[0.349 0.999 0.440 0.759]
  eval: e=0.0976  p=[0.359 1.000 0.513 0.816]
  eval: e=0.1477  p=[0.355 1.000 0.094 0.869]
  eval: e=1.6841  p=[0.420 0.939 0.505 0.816]
  eval: e=0.0107  p=[0.351 1.000 0.508 0.701]
  eval: e=0.1417  p=[0.350 0.994 0.256 0.760]
  eval: e=0.1448  p=[0.355 1.000 0.200 0.816]
  eval: e=3.3131  p=[0.408 1.000 0.467 0.792]
  eval: e=0.1376  p=[0.395 0.869 0.403 0.000]
  eval: e=0.0086  p=[0.355 1.000 0.517 0.810]
  eval: e=0.1072  p=[0.390 1.000 0.620 1.000]
  eval: e=0.3576  p=[0.290 0.877 0.469 0.571]
  eval: e=1.5811  p=[0.350 1.000 0.433 0.910]
  eval: e=0.1473  p=[0.347 1.000 0.544 0.910]
  eval: e=0.0247  p=[0.352 1.000 0.507 0.728]
  eval: e=0.0116  p=[0.356 1.000 0.512 0.864]
  eval: e=0.9533  p=[0.314 1.000 0.395 0.798]
  eval: e=0.0100  p=[0.362 1.000 0.529 0.828]
  eval: e=0.0196  p=[0.357 1.000 0.514 0.852]
   27            1400        0.007893          0.8174        1
  eval: e=0.2735  p=[0.632 0.999 0.514 0.846]
  eval: e=0.0088  p=[0.350 1.000 0.506 0.801]
  eval: e=0.2197  p=[0.352 1.000 0.606 0.746]
  eval: e=0.0436  p=[0.345 1.000 0.507 0.835]
  eval: e=0.0086  p=[0.352 1.000 0.507 0.830]
  eval: e=0.0079  p=[0.352 1.000 0.508 0.832]
  eval: e=0.3708  p=[0.266 0.881 0.500 0.763]
  eval: e=0.2270  p=[0.303 1.000 0.485 0.964]
  eval: e=0.0135  p=[0.349 1.000 0.500 0.774]
  eval: e=0.2366  p=[0.349 0.999 0.611 0.815]
  eval: e=0.0149  p=[0.353 0.996 0.507 0.829]
  eval: e=0.0798  p=[0.367 1.000 0.569 0.753]
  eval: e=2.4998  p=[0.373 1.000 0.412 0.087]
  eval: e=0.0221  p=[0.352 1.000 0.515 0.857]
  eval: e=0.0080  p=[0.353 1.000 0.509 0.847]
  eval: e=0.8037  p=[0.355 1.000 0.489 0.911]
  eval: e=0.2028  p=[0.440 1.000 0.317 0.836]
  eval: e=0.0119  p=[0.356 1.000 0.511 0.901]
  eval: e=0.0383  p=[0.351 1.000 0.522 0.745]
  eval: e=7.7898  p=[0.575 0.846 0.446 0.754]
  eval: e=0.0110  p=[0.354 1.000 0.506 0.887]
  eval: e=0.3500  p=[0.714 0.961 0.498 0.797]
  eval: e=0.0225  p=[0.363 1.000 0.537 0.857]
  eval: e=0.0101  p=[0.353 0.993 0.498 0.871]
  eval: e=0.0442  p=[0.351 1.000 0.508 0.998]
  eval: e=0.2914  p=[0.278 1.000 0.505 0.836]
  eval: e=0.0281  p=[0.348 1.000 0.509 0.808]
  eval: e=0.0173  p=[0.344 1.000 0.499 0.781]
  eval: e=1.6839  p=[0.349 1.000 0.362 0.823]
  eval: e=0.0207  p=[0.357 1.000 0.510 0.892]
  eval: e=0.0151  p=[0.357 1.000 0.516 0.820]
  eval: e=0.0959  p=[0.346 0.999 0.525 0.775]
  eval: e=0.0097  p=[0.359 1.000 0.524 0.830]
  eval: e=0.3085  p=[0.352 0.984 0.673 0.869]
  eval: e=0.3670  p=[1.000 0.630 0.513 0.980]
  eval: e=0.0083  p=[0.350 1.000 0.503 0.834]
  eval: e=0.3802  p=[0.350 1.000 0.318 0.768]
  eval: e=0.0444  p=[0.354 1.000 0.534 0.062]
  eval: e=3.0733  p=[0.416 1.000 0.498 1.000]
  eval: e=0.0162  p=[0.356 0.976 0.480 0.448]
  eval: e=0.0145  p=[0.353 1.000 0.506 0.843]
  eval: e=0.2416  p=[0.354 1.000 0.625 0.888]
  eval: e=0.2657  p=[0.334 0.914 0.437 0.592]
  eval: e=0.2906  p=[0.338 0.923 0.491 0.863]
  eval: e=0.8652  p=[0.316 1.000 0.402 0.901]
  eval: e=0.0911  p=[0.352 1.000 0.501 0.778]
  eval: e=0.0104  p=[0.350 1.000 0.508 0.821]
  eval: e=0.8284  p=[0.319 1.000 0.408 0.936]
  eval: e=0.0418  p=[0.356 1.000 0.508 0.842]
  eval: e=0.0095  p=[0.352 1.000 0.511 0.802]
   28            1450        0.007891          0.4468        0
  eval: e=6.4248  p=[0.566 1.000 0.545 0.927]
  eval: e=0.0086  p=[0.353 1.000 0.510 0.823]
  eval: e=0.1421  p=[0.349 0.979 0.174 0.758]
  eval: e=0.4477  p=[0.363 1.000 0.513 0.823]
  eval: e=0.0079  p=[0.353 1.000 0.509 0.853]
  eval: e=0.0079  p=[0.352 1.000 0.508 0.832]
  eval: e=0.3365  p=[0.352 0.884 0.531 0.764]
  eval: e=1.2307  p=[0.328 1.000 0.381 0.875]
  eval: e=0.0081  p=[0.347 1.000 0.502 0.773]
  eval: e=0.0317  p=[0.375 0.997 0.561 0.854]
  eval: e=0.0644  p=[0.357 0.999 0.508 0.837]
  eval: e=0.1372  p=[0.349 1.000 0.551 0.778]
  eval: e=1.9891  p=[0.353 0.999 0.397 0.085]
  eval: e=0.0151  p=[0.356 1.000 0.513 0.834]
  eval: e=0.0079  p=[0.352 1.000 0.508 0.842]
  eval: e=0.0275  p=[0.348 1.000 0.508 0.844]
  eval: e=3.2159  p=[0.423 1.000 0.578 0.908]
  eval: e=0.0138  p=[0.353 1.000 0.508 0.780]
  eval: e=0.1076  p=[0.351 1.000 0.499 0.725]
  eval: e=0.3354  p=[0.604 0.805 0.031 0.728]
  eval: e=0.0083  p=[0.352 1.000 0.510 0.798]
  eval: e=3.3486  p=[0.413 0.966 0.360 0.868]
  eval: e=0.0142  p=[0.350 1.000 0.507 0.868]
  eval: e=0.4792  p=[0.357 1.000 0.500 0.857]
  eval: e=0.0105  p=[0.352 1.000 0.510 0.720]
  eval: e=0.3955  p=[0.402 0.712 0.535 0.977]
  eval: e=0.1412  p=[0.354 1.000 0.503 0.760]
  eval: e=0.0252  p=[0.350 1.000 0.513 0.804]
  eval: e=0.1721  p=[0.363 1.000 0.587 1.000]
  eval: e=0.0200  p=[0.357 1.000 0.510 0.875]
  eval: e=0.0368  p=[0.353 1.000 0.528 0.706]
  eval: e=0.0085  p=[0.346 0.999 0.497 0.782]
  eval: e=0.0185  p=[0.350 1.000 0.515 0.696]
  eval: e=0.3368  p=[0.351 0.982 0.722 0.832]
  eval: e=0.3849  p=[0.070 1.000 0.518 0.951]
  eval: e=0.0078  p=[0.351 1.000 0.510 0.719]
  eval: e=0.2161  p=[0.351 0.998 0.593 0.833]
  eval: e=0.1699  p=[0.355 1.000 0.584 0.152]
  eval: e=0.1771  p=[0.404 1.000 0.702 0.770]
  eval: e=0.0100  p=[0.345 1.000 0.498 0.614]
  eval: e=0.0158  p=[0.355 1.000 0.509 0.853]
  eval: e=0.6859  p=[0.349 1.000 0.478 0.910]
  eval: e=0.0220  p=[0.359 1.000 0.521 0.714]
  eval: e=1.0065  p=[0.352 0.956 0.398 0.822]
  eval: e=0.0082  p=[0.355 1.000 0.513 0.872]
  eval: e=0.0131  p=[0.355 1.000 0.518 0.858]
  eval: e=0.0078  p=[0.350 1.000 0.508 0.708]
  eval: e=1.9067  p=[0.369 1.000 0.493 0.841]
  eval: e=0.0411  p=[0.360 1.000 0.539 0.819]
  eval: e=0.0094  p=[0.350 1.000 0.509 0.773]
   29            1500        0.007762          0.4852        0
  eval: e=1.4694  p=[0.384 0.999 0.538 0.915]
  eval: e=0.0079  p=[0.352 1.000 0.511 0.704]
  eval: e=1.7825  p=[0.348 0.983 0.380 0.713]
  eval: e=0.1241  p=[0.363 1.000 0.518 0.855]
  eval: e=0.0080  p=[0.351 1.000 0.509 0.765]
  eval: e=0.0137  p=[0.350 1.000 0.508 0.826]
  eval: e=10.4622  p=[0.769 0.775 0.520 0.843]
  eval: e=1.6869  p=[0.349 1.000 0.390 0.871]
  eval: e=0.0082  p=[0.348 1.000 0.502 0.773]
  eval: e=2.3334  p=[0.375 0.999 0.476 0.761]
  eval: e=0.0149  p=[0.356 0.997 0.508 0.833]
  eval: e=1.1502  p=[0.350 1.000 0.477 0.832]
  eval: e=0.0170  p=[0.354 0.999 0.502 0.910]
  eval: e=0.0260  p=[0.356 1.000 0.509 0.842]
  eval: e=0.0079  p=[0.352 1.000 0.508 0.840]
  eval: e=0.0644  p=[0.345 1.000 0.516 0.782]
  eval: e=0.1426  p=[0.412 1.000 0.321 1.000]
  eval: e=0.0127  p=[0.346 1.000 0.504 0.736]
  eval: e=0.0149  p=[0.347 1.000 0.497 0.747]
  eval: e=0.0991  p=[0.311 0.950 0.354 0.830]
  eval: e=0.0079  p=[0.352 1.000 0.511 0.778]
  eval: e=2.8545  p=[0.407 0.918 0.313 1.000]
  eval: e=0.4546  p=[0.357 1.000 0.499 0.869]
  eval: e=0.0258  p=[0.354 0.996 0.500 0.838]
  eval: e=0.0085  p=[0.354 1.000 0.516 0.799]
  eval: e=0.3893  p=[1.000 0.958 0.538 0.884]
  eval: e=0.0082  p=[0.352 1.000 0.511 0.786]
  eval: e=0.0084  p=[0.351 1.000 0.507 0.759]
  eval: e=1.7783  p=[0.352 1.000 0.366 0.800]
  eval: e=0.0106  p=[0.355 1.000 0.511 0.850]
  eval: e=0.0172  p=[0.354 1.000 0.510 0.759]
  eval: e=0.0220  p=[0.346 1.000 0.492 0.838]
  eval: e=0.0883  p=[0.359 1.000 0.515 0.759]
  eval: e=0.1499  p=[0.357 1.000 0.000 0.896]
  eval: e=2.6453  p=[0.585 0.986 0.516 0.927]
  eval: e=0.0084  p=[0.351 1.000 0.512 0.674]
  eval: e=0.1788  p=[0.350 0.995 0.289 0.799]
  eval: e=0.1223  p=[0.352 1.000 0.497 0.853]
  eval: e=0.2380  p=[0.369 1.000 0.662 0.776]
  eval: e=0.0583  p=[0.342 1.000 0.510 0.703]
  eval: e=0.0091  p=[0.352 1.000 0.514 0.730]
  eval: e=2.5169  p=[0.387 1.000 0.434 0.935]
  eval: e=0.0803  p=[0.360 1.000 0.554 0.806]
  eval: e=0.1318  p=[0.353 0.940 0.439 0.746]
  eval: e=0.0393  p=[0.367 1.000 0.554 0.812]
  eval: e=0.0208  p=[0.356 1.000 0.521 0.891]
  eval: e=0.0077  p=[0.350 1.000 0.508 0.663]
  eval: e=0.1773  p=[0.283 1.000 0.430 0.705]
  eval: e=0.0528  p=[0.355 1.000 0.532 0.825]
  eval: e=0.0082  p=[0.353 1.000 0.510 0.867]
   30            1550        0.007691          0.6313        0

                                 Best            Mean     Stall
Iteration     f-count            f(x)            f(x)    Iterations
  eval: e=0.2636  p=[0.293 0.999 0.503 0.746]
  eval: e=0.0088  p=[0.350 1.000 0.512 0.610]
  eval: e=0.1019  p=[0.359 0.999 0.508 0.864]
  eval: e=0.0987  p=[0.347 1.000 0.518 0.994]
  eval: e=0.0080  p=[0.352 1.000 0.507 0.834]
  eval: e=0.0112  p=[0.352 1.000 0.510 0.722]
  eval: e=8.3565  p=[0.720 0.734 0.520 0.860]
  eval: e=0.8392  p=[0.316 1.000 0.415 0.805]
  eval: e=0.0157  p=[0.350 1.000 0.505 0.672]
  eval: e=2.0416  p=[0.364 0.999 0.471 0.668]
  eval: e=0.0372  p=[0.349 0.997 0.510 0.771]
  eval: e=1.8207  p=[0.358 1.000 0.462 0.812]
  eval: e=0.2147  p=[0.352 1.000 0.587 1.000]
  eval: e=0.0132  p=[0.351 1.000 0.510 0.840]
  eval: e=0.0089  p=[0.349 1.000 0.508 0.666]
  eval: e=0.0603  p=[0.346 1.000 0.517 0.793]
  eval: e=0.2056  p=[0.398 1.000 0.153 0.929]
  eval: e=0.2554  p=[0.360 1.000 0.511 0.791]
  eval: e=0.0160  p=[0.344 1.000 0.501 0.725]
  eval: e=0.3910  p=[0.120 1.000 0.764 0.892]
  eval: e=0.0077  p=[0.351 1.000 0.510 0.649]
  eval: e=4.1657  p=[0.465 0.929 0.530 0.836]
  eval: e=0.0159  p=[0.359 1.000 0.532 0.764]
  eval: e=0.0348  p=[0.350 0.994 0.505 0.787]
  eval: e=0.0084  p=[0.356 1.000 0.514 0.882]
  eval: e=0.3849  p=[0.817 1.000 0.531 0.810]
  eval: e=0.0299  p=[0.355 1.000 0.523 0.855]
  eval: e=0.0527  p=[0.352 1.000 0.504 0.706]
  eval: e=0.1418  p=[0.345 1.000 0.210 0.675]
  eval: e=0.0099  p=[0.349 1.000 0.509 0.696]
  eval: e=0.0410  p=[0.352 1.000 0.502 0.789]
  eval: e=0.0084  p=[0.348 1.000 0.504 0.728]
  eval: e=0.0085  p=[0.356 1.000 0.520 0.791]
  eval: e=0.1446  p=[0.356 1.000 0.210 0.727]
  eval: e=1.1661  p=[0.952 0.656 0.512 0.793]
  eval: e=0.0098  p=[0.349 1.000 0.509 0.636]
  eval: e=0.1502  p=[0.350 0.998 0.283 0.651]
  eval: e=1.8315  p=[0.352 1.000 0.455 0.105]
  eval: e=0.9271  p=[0.427 1.000 0.651 0.826]
  eval: e=0.0697  p=[0.341 1.000 0.512 0.658]
  eval: e=0.0182  p=[0.354 1.000 0.512 0.707]
  eval: e=0.0786  p=[0.414 1.000 0.655 0.805]
  eval: e=0.0740  p=[0.353 1.000 0.538 0.761]
  eval: e=0.2910  p=[0.349 0.917 0.507 0.792]
  eval: e=1.6080  p=[0.362 1.000 0.499 0.737]
  eval: e=0.0081  p=[0.351 1.000 0.513 0.644]
  eval: e=0.0077  p=[0.349 1.000 0.508 0.627]
  eval: e=0.7223  p=[0.298 1.000 0.344 0.871]
  eval: e=0.0115  p=[0.354 1.000 0.519 0.745]
  eval: e=0.0511  p=[0.354 1.000 0.505 0.818]
   31            1600        0.007691          0.5369        1
  eval: e=6.3091  p=[0.510 0.999 0.510 0.577]
  eval: e=0.0082  p=[0.350 1.000 0.508 0.584]
  eval: e=0.2313  p=[0.367 1.000 0.649 0.845]
  eval: e=0.1603  p=[0.335 1.000 0.516 0.993]
  eval: e=0.0110  p=[0.352 1.000 0.505 0.852]
  eval: e=0.0115  p=[0.352 1.000 0.509 0.717]
  eval: e=0.3435  p=[0.298 0.926 0.528 0.505]
  eval: e=0.2776  p=[0.261 1.000 0.451 0.866]
  eval: e=0.0103  p=[0.351 1.000 0.509 0.652]
  eval: e=0.2017  p=[0.352 0.998 0.587 0.785]
  eval: e=0.0402  p=[0.345 0.998 0.507 0.753]
  eval: e=0.0380  p=[0.365 1.000 0.554 0.654]
  eval: e=0.2148  p=[0.352 1.000 0.602 0.712]
  eval: e=0.0396  p=[0.347 1.000 0.513 0.758]
  eval: e=0.0080  p=[0.349 1.000 0.508 0.492]
  eval: e=0.3932  p=[0.354 1.000 0.500 0.742]
  eval: e=0.1733  p=[0.381 1.000 0.182 0.551]
  eval: e=0.0627  p=[0.362 1.000 0.517 0.874]
  eval: e=0.0102  p=[0.346 1.000 0.502 0.714]
  eval: e=0.3816  p=[0.265 0.928 0.662 0.694]
  eval: e=0.0123  p=[0.348 1.000 0.509 0.524]
  eval: e=8.3909  p=[0.587 1.000 0.678 0.456]
  eval: e=0.0510  p=[0.357 1.000 0.540 0.710]
  eval: e=0.0171  p=[0.347 0.999 0.504 0.774]
  eval: e=0.0195  p=[0.355 1.000 0.513 0.699]
  eval: e=0.3875  p=[0.198 0.857 0.506 0.864]
  eval: e=0.0639  p=[0.353 1.000 0.530 0.826]
  eval: e=0.0093  p=[0.351 1.000 0.508 0.671]
  eval: e=0.2043  p=[0.345 1.000 0.300 0.523]
  eval: e=0.0092  p=[0.350 1.000 0.512 0.550]
  eval: e=0.0387  p=[0.351 1.000 0.518 0.870]
  eval: e=0.0528  p=[0.349 1.000 0.526 0.565]
  eval: e=0.0582  p=[0.346 1.000 0.517 0.711]
  eval: e=0.2131  p=[0.354 0.980 0.568 0.588]
  eval: e=0.3447  p=[0.952 0.409 0.503 0.766]
  eval: e=0.0091  p=[0.348 1.000 0.506 0.655]
  eval: e=0.4166  p=[0.350 1.000 0.318 0.537]
  eval: e=0.0423  p=[0.352 1.000 0.509 0.000]
  eval: e=3.9288  p=[0.448 1.000 0.613 0.916]
  eval: e=0.5198  p=[0.355 1.000 0.503 0.576]
  eval: e=0.0107  p=[0.354 1.000 0.508 0.843]
  eval: e=0.3157  p=[0.365 1.000 0.748 0.740]
  eval: e=0.1093  p=[0.345 1.000 0.490 0.520]
  eval: e=0.0639  p=[0.342 0.989 0.487 0.756]
  eval: e=1.0575  p=[0.338 1.000 0.458 0.730]
  eval: e=0.0082  p=[0.346 1.000 0.503 0.410]
  eval: e=0.0077  p=[0.349 1.000 0.508 0.641]
  eval: e=0.3240  p=[0.307 1.000 0.307 0.922]
  eval: e=1.1214  p=[0.358 1.000 0.500 0.713]
  eval: e=0.0544  p=[0.356 1.000 0.510 0.752]
   32            1650        0.007691          0.5358        2
  eval: e=0.3839  p=[0.806 1.000 0.533 0.645]
  eval: e=0.0181  p=[0.351 1.000 0.505 0.707]
  eval: e=0.2643  p=[0.351 0.999 0.642 0.803]
  eval: e=0.0767  p=[0.338 1.000 0.507 0.675]
  eval: e=0.0117  p=[0.353 1.000 0.512 0.656]
  eval: e=0.0087  p=[0.349 1.000 0.505 0.689]
  eval: e=0.3893  p=[0.024 1.000 0.554 0.451]
  eval: e=0.3309  p=[0.222 1.000 0.464 0.843]
  eval: e=0.0082  p=[0.351 1.000 0.508 0.737]
  eval: e=0.2991  p=[0.351 0.998 0.687 0.814]
  eval: e=0.0463  p=[0.343 0.998 0.505 0.677]
  eval: e=0.1766  p=[0.357 1.000 0.592 0.597]
  eval: e=1.7105  p=[0.352 1.000 0.463 0.680]
  eval: e=0.0489  p=[0.345 1.000 0.514 0.640]
  eval: e=0.0117  p=[0.351 1.000 0.508 0.870]
  eval: e=0.0809  p=[0.351 1.000 0.500 0.729]
  eval: e=0.3079  p=[0.353 1.000 0.712 0.546]
  eval: e=0.0457  p=[0.352 1.000 0.517 0.933]
  eval: e=0.0293  p=[0.352 1.000 0.508 0.642]
  eval: e=0.3196  p=[0.497 0.923 0.155 0.499]
  eval: e=0.0076  p=[0.348 1.000 0.507 0.471]
  eval: e=3.7890  p=[0.423 0.935 0.411 0.563]
  eval: e=0.1956  p=[0.356 1.000 0.506 0.735]
  eval: e=0.0773  p=[0.354 0.999 0.504 0.732]
  eval: e=0.0328  p=[0.355 1.000 0.513 0.624]
  eval: e=0.3942  p=[0.000 0.883 0.516 0.907]
  eval: e=0.0079  p=[0.351 1.000 0.511 0.561]
  eval: e=0.0174  p=[0.348 1.000 0.512 0.657]
  eval: e=1.7550  p=[0.346 1.000 0.412 0.628]
  eval: e=0.0086  p=[0.353 1.000 0.511 0.749]
  eval: e=0.0904  p=[0.351 1.000 0.535 0.814]
  eval: e=0.0449  p=[0.352 1.000 0.529 0.413]
  eval: e=0.0812  p=[0.339 1.000 0.511 0.682]
  eval: e=0.3429  p=[0.348 0.966 0.703 0.555]
  eval: e=0.3889  p=[0.274 0.820 0.502 0.671]
  eval: e=0.0124  p=[0.347 1.000 0.506 0.708]
  eval: e=0.0484  p=[0.350 0.996 0.519 0.497]
  eval: e=0.1499  p=[0.352 1.000 0.567 0.511]
  eval: e=4.0370  p=[0.440 1.000 0.514 0.915]
  eval: e=1.9096  p=[0.365 1.000 0.496 0.647]
  eval: e=0.0235  p=[0.350 1.000 0.507 0.914]
  eval: e=0.2577  p=[0.332 1.000 0.585 0.889]
  eval: e=0.5233  p=[0.347 1.000 0.489 0.466]
  eval: e=0.0241  p=[0.339 1.000 0.483 0.658]
  eval: e=1.2385  p=[0.343 1.000 0.454 0.866]
  eval: e=0.0198  p=[0.345 1.000 0.505 0.700]
  eval: e=0.0077  p=[0.350 1.000 0.508 0.691]
  eval: e=1.6725  p=[0.363 1.000 0.349 0.627]
  eval: e=1.8159  p=[0.361 1.000 0.486 0.692]
  eval: e=0.0365  p=[0.348 1.000 0.517 0.675]
   33            1700        0.007624          0.4716        0
  eval: e=0.3686  p=[0.726 0.999 0.545 1.000]
  eval: e=0.0551  p=[0.354 1.000 0.504 0.836]
  eval: e=1.3755  p=[0.336 0.998 0.433 0.639]
  eval: e=2.3128  p=[0.374 1.000 0.499 0.233]
  eval: e=0.0085  p=[0.353 1.000 0.517 0.635]
  eval: e=0.0107  p=[0.348 1.000 0.502 0.641]
  eval: e=0.3928  p=[0.098 0.861 0.521 0.577]
  eval: e=2.7692  p=[0.388 1.000 0.497 0.609]
  eval: e=0.0086  p=[0.346 1.000 0.500 0.738]
  eval: e=2.7711  p=[0.384 0.998 0.406 0.484]
  eval: e=0.1333  p=[0.357 0.995 0.504 0.521]
  eval: e=0.1875  p=[0.347 1.000 0.571 0.789]
  eval: e=1.8641  p=[0.354 1.000 0.399 0.817]
  eval: e=0.0294  p=[0.348 1.000 0.516 0.497]
  eval: e=0.0297  p=[0.353 1.000 0.509 1.000]
  eval: e=0.0434  p=[0.345 1.000 0.514 0.525]
  eval: e=0.3904  p=[0.384 1.000 0.918 0.818]
  eval: e=0.0299  p=[0.345 1.000 0.500 0.905]
  eval: e=0.0243  p=[0.354 1.000 0.511 0.655]
  eval: e=0.3657  p=[0.525 1.000 0.023 0.502]
  eval: e=0.0177  p=[0.349 1.000 0.505 0.413]
  eval: e=2.5013  p=[0.404 0.888 0.156 1.000]
  eval: e=0.7517  p=[0.358 1.000 0.485 1.000]
  eval: e=0.0085  p=[0.359 0.996 0.508 0.928]
  eval: e=0.0095  p=[0.352 1.000 0.513 0.721]
  eval: e=0.3696  p=[1.000 0.788 0.543 0.906]
  eval: e=0.9220  p=[0.347 1.000 0.485 0.206]
  eval: e=0.0095  p=[0.349 1.000 0.507 0.767]
  eval: e=1.7336  p=[0.349 1.000 0.355 0.674]
  eval: e=0.0163  p=[0.355 1.000 0.507 0.900]
  eval: e=0.0090  p=[0.355 1.000 0.521 0.610]
  eval: e=0.0581  p=[0.349 1.000 0.498 0.658]
  eval: e=0.0632  p=[0.342 1.000 0.513 0.629]
  eval: e=1.5995  p=[0.356 0.985 0.379 1.000]
  eval: e=0.2761  p=[0.295 1.000 0.515 0.973]
  eval: e=0.0104  p=[0.352 1.000 0.513 0.784]
  eval: e=0.3264  p=[0.349 0.994 0.724 0.442]
  eval: e=0.1586  p=[0.352 1.000 0.552 1.000]
  eval: e=3.8327  p=[0.425 1.000 0.557 0.346]
  eval: e=0.0333  p=[0.355 1.000 0.507 0.842]
  eval: e=0.0121  p=[0.346 1.000 0.507 0.337]
  eval: e=1.5531  p=[0.374 1.000 0.353 1.000]
  eval: e=0.0418  p=[0.361 1.000 0.539 0.880]
  eval: e=0.0089  p=[0.344 1.000 0.496 0.480]
  eval: e=1.9677  p=[0.365 1.000 0.484 0.747]
  eval: e=0.0125  p=[0.353 1.000 0.518 0.722]
  eval: e=0.0078  p=[0.350 1.000 0.508 0.698]
  eval: e=0.1883  p=[0.277 1.000 0.427 0.622]
  eval: e=0.0322  p=[0.347 1.000 0.512 0.767]
  eval: e=0.0451  p=[0.347 1.000 0.517 0.686]
   34            1750        0.007624          0.5949        1
  eval: e=0.3842  p=[0.061 0.998 0.496 0.204]
  eval: e=0.0166  p=[0.351 1.000 0.508 0.594]
  eval: e=1.4940  p=[0.333 0.999 0.374 0.571]
  eval: e=3.3852  p=[0.407 1.000 0.509 0.064]
  eval: e=0.0078  p=[0.351 1.000 0.510 0.660]
  eval: e=0.0110  p=[0.351 1.000 0.507 0.705]
  eval: e=0.3899  p=[0.686 0.585 0.501 1.000]
  eval: e=2.1611  p=[0.383 1.000 0.533 0.718]
  eval: e=0.0095  p=[0.345 1.000 0.497 0.680]
  eval: e=2.4010  p=[0.371 0.998 0.378 0.179]
  eval: e=1.4617  p=[0.368 0.995 0.508 0.592]
  eval: e=1.0477  p=[0.346 1.000 0.453 0.998]
  eval: e=1.5878  p=[0.354 1.000 0.459 0.900]
  eval: e=0.8050  p=[0.357 1.000 0.504 0.538]
  eval: e=0.1087  p=[0.354 1.000 0.509 0.161]
  eval: e=0.0648  p=[0.344 1.000 0.516 0.709]
  eval: e=3.1817  p=[0.416 1.000 0.479 0.981]
  eval: e=0.0289  p=[0.347 1.000 0.491 0.856]
  eval: e=0.0700  p=[0.341 1.000 0.511 0.710]
  eval: e=0.3858  p=[0.153 0.982 0.659 0.951]
  eval: e=0.0076  p=[0.349 1.000 0.508 0.466]
  eval: e=0.3860  p=[0.667 0.999 0.229 0.750]
  eval: e=0.0244  p=[0.362 1.000 0.544 0.661]
  eval: e=0.0129  p=[0.360 0.997 0.512 0.991]
  eval: e=0.0620  p=[0.347 1.000 0.514 0.889]
  eval: e=0.3908  p=[0.422 0.805 0.558 0.919]
  eval: e=1.4997  p=[0.348 1.000 0.471 0.232]
  eval: e=0.0232  p=[0.352 1.000 0.503 0.842]
  eval: e=0.1412  p=[0.353 1.000 0.259 0.524]
  eval: e=0.0855  p=[0.358 1.000 0.513 0.759]
  eval: e=1.4153  p=[0.359 1.000 0.500 0.572]
  eval: e=0.0631  p=[0.348 1.000 0.478 1.000]
  eval: e=1.5777  p=[0.367 1.000 0.517 0.506]
  eval: e=0.1480  p=[0.355 1.000 0.000 0.510]
  eval: e=0.3915  p=[0.670 0.593 0.524 1.000]
  eval: e=0.0139  p=[0.355 1.000 0.512 0.779]
  eval: e=0.3327  p=[0.350 0.998 0.748 0.536]
  eval: e=1.1221  p=[0.349 1.000 0.486 0.000]
  eval: e=0.1285  p=[0.421 1.000 0.717 0.237]
  eval: e=0.1385  p=[0.330 1.000 0.510 0.605]
  eval: e=0.0082  p=[0.354 1.000 0.520 0.197]
  eval: e=2.7282  p=[0.388 1.000 0.479 0.746]
  eval: e=0.1499  p=[0.371 1.000 0.542 0.612]
  eval: e=0.0121  p=[0.351 1.000 0.517 0.281]
  eval: e=0.1108  p=[0.353 1.000 0.552 0.610]
  eval: e=0.0549  p=[0.359 1.000 0.522 0.352]
  eval: e=0.0082  p=[0.350 1.000 0.507 0.616]
  eval: e=0.3536  p=[0.199 1.000 0.497 0.760]
  eval: e=0.1522  p=[0.340 1.000 0.536 0.766]
  eval: e=0.0221  p=[0.354 1.000 0.511 0.960]
   35            1800        0.007624          0.6113        2
  eval: e=0.3881  p=[0.000 0.999 0.469 0.000]
  eval: e=0.0312  p=[0.347 1.000 0.515 0.302]
  eval: e=0.0220  p=[0.348 1.000 0.515 0.550]
  eval: e=3.2872  p=[0.425 1.000 0.523 1.000]
  eval: e=0.0093  p=[0.347 1.000 0.503 0.500]
  eval: e=0.0177  p=[0.353 1.000 0.513 0.909]
  eval: e=0.3916  p=[0.769 0.463 0.492 0.174]
  eval: e=0.3695  p=[0.279 1.000 0.370 0.814]
  eval: e=0.0121  p=[0.349 1.000 0.513 0.418]
  eval: e=0.2572  p=[0.347 0.999 0.623 0.827]
  eval: e=0.1412  p=[0.337 0.996 0.511 0.908]
  eval: e=0.0621  p=[0.350 1.000 0.531 0.291]
  eval: e=0.1267  p=[0.353 1.000 0.550 0.889]
  eval: e=1.7520  p=[0.365 1.000 0.502 0.715]
  eval: e=0.0228  p=[0.351 1.000 0.508 0.000]
  eval: e=0.0108  p=[0.351 1.000 0.506 0.786]
  eval: e=0.1686  p=[0.374 1.000 0.000 1.000]
  eval: e=0.1844  p=[0.359 1.000 0.510 0.818]
  eval: e=0.0697  p=[0.339 1.000 0.508 0.639]
  eval: e=0.3965  p=[0.000 0.926 0.748 1.000]
  eval: e=0.0146  p=[0.348 1.000 0.510 0.531]
  eval: e=0.3809  p=[0.900 1.000 0.739 0.508]
  eval: e=0.1137  p=[0.368 1.000 0.589 0.121]
  eval: e=0.0083  p=[0.353 1.000 0.516 0.300]
  eval: e=0.0414  p=[0.348 1.000 0.515 0.768]
  eval: e=0.3956  p=[0.000 0.861 0.562 0.901]
  eval: e=0.0467  p=[0.350 1.000 0.523 0.768]
  eval: e=0.0625  p=[0.352 1.000 0.501 0.780]
  eval: e=1.9283  p=[0.355 1.000 0.359 0.315]
  eval: e=0.0234  p=[0.350 1.000 0.519 0.566]
  eval: e=0.0094  p=[0.351 1.000 0.513 0.566]
  eval: e=0.0267  p=[0.347 1.000 0.511 0.656]
  eval: e=1.9612  p=[0.376 1.000 0.520 0.748]
  eval: e=0.3029  p=[0.350 0.989 0.674 0.617]
  eval: e=0.3645  p=[0.863 0.492 0.515 0.917]
  eval: e=0.0098  p=[0.346 1.000 0.504 0.486]
  eval: e=1.7863  p=[0.350 1.000 0.382 0.806]
  eval: e=1.8134  p=[0.348 1.000 0.430 0.301]
  eval: e=0.2737  p=[0.374 1.000 0.714 0.214]
  eval: e=0.1111  p=[0.329 1.000 0.502 0.275]
  eval: e=0.0108  p=[0.355 1.000 0.525 0.391]
  eval: e=0.3648  p=[0.354 1.000 0.832 0.196]
  eval: e=0.1508  p=[0.347 1.000 0.493 0.191]
  eval: e=0.0434  p=[0.351 1.000 0.527 0.129]
  eval: e=0.2243  p=[0.337 1.000 0.576 0.612]
  eval: e=0.8188  p=[0.354 1.000 0.499 0.268]
  eval: e=0.0080  p=[0.348 1.000 0.507 0.420]
  eval: e=3.1586  p=[0.409 1.000 0.556 0.684]
  eval: e=0.0649  p=[0.344 1.000 0.519 0.399]
  eval: e=1.4588  p=[0.362 1.000 0.504 0.632]
   36            1850        0.007624           0.474        3
  eval: e=0.1919  p=[0.603 1.000 0.499 1.000]
  eval: e=0.0492  p=[0.348 1.000 0.520 0.662]
  eval: e=0.2482  p=[0.365 1.000 0.666 0.505]
  eval: e=1.5927  p=[0.374 1.000 0.529 0.680]
  eval: e=0.0080  p=[0.346 1.000 0.501 0.465]
  eval: e=0.0367  p=[0.350 1.000 0.512 0.894]
  eval: e=4.0069  p=[0.429 0.980 0.508 0.000]
  eval: e=0.2418  p=[0.269 1.000 0.299 0.703]
  eval: e=0.0220  p=[0.351 1.000 0.521 0.415]
  eval: e=0.3498  p=[0.354 0.998 0.785 1.000]
  eval: e=0.2293  p=[0.313 1.000 0.506 1.000]
  eval: e=0.1460  p=[0.373 1.000 0.614 0.402]
  eval: e=0.2088  p=[0.349 0.999 0.592 0.406]
  eval: e=0.0180  p=[0.353 1.000 0.505 0.864]
  eval: e=0.0100  p=[0.347 1.000 0.507 0.543]
  eval: e=0.8652  p=[0.356 1.000 0.495 0.829]
  eval: e=0.3950  p=[0.324 1.000 0.966 0.828]
  eval: e=0.0095  p=[0.359 1.000 0.529 0.539]
  eval: e=0.6473  p=[0.353 1.000 0.498 0.549]
  eval: e=0.3719  p=[0.237 0.883 0.462 0.600]
  eval: e=0.0089  p=[0.348 1.000 0.509 0.459]
  eval: e=0.8473  p=[0.666 0.951 0.548 0.488]
  eval: e=0.0250  p=[0.364 1.000 0.549 0.118]
  eval: e=0.0278  p=[0.343 1.000 0.507 0.000]
  eval: e=0.0110  p=[0.351 1.000 0.516 0.562]
  eval: e=0.3814  p=[0.772 1.000 0.519 0.670]
  eval: e=0.1188  p=[0.353 1.000 0.550 0.819]
  eval: e=0.0081  p=[0.349 1.000 0.510 0.282]
  eval: e=1.2344  p=[0.345 1.000 0.475 0.436]
  eval: e=0.0364  p=[0.344 1.000 0.509 0.505]
  eval: e=0.0932  p=[0.343 0.999 0.525 0.503]
  eval: e=0.1241  p=[0.347 1.000 0.544 0.319]
  eval: e=0.1470  p=[0.356 1.000 0.510 0.674]
  eval: e=0.3956  p=[0.349 0.976 1.000 1.000]
  eval: e=0.3907  p=[1.000 1.000 0.494 0.368]
  eval: e=0.0098  p=[0.343 1.000 0.499 0.343]
  eval: e=0.1440  p=[0.348 1.000 0.082 0.666]
  eval: e=1.5566  p=[0.353 1.000 0.431 0.962]
  eval: e=0.1883  p=[0.298 1.000 0.467 0.374]
  eval: e=0.0556  p=[0.336 1.000 0.498 0.062]
  eval: e=0.0360  p=[0.351 1.000 0.524 0.485]
  eval: e=0.2084  p=[0.361 1.000 0.623 0.581]
  eval: e=0.9011  p=[0.328 1.000 0.446 0.557]
  eval: e=0.1089  p=[0.346 1.000 0.534 0.683]
  eval: e=0.1319  p=[0.337 1.000 0.523 0.740]
  eval: e=0.0162  p=[0.341 1.000 0.486 0.744]
  eval: e=0.0076  p=[0.348 1.000 0.507 0.247]
  eval: e=3.5893  p=[0.416 1.000 0.535 0.446]
  eval: e=0.0166  p=[0.351 1.000 0.507 0.575]
  eval: e=0.0239  p=[0.345 1.000 0.507 0.466]
   37            1900        0.007621          0.4098        0
  eval: e=0.3881  p=[0.905 1.000 0.562 0.537]
  eval: e=0.2915  p=[0.352 1.000 0.496 0.771]
  eval: e=0.3174  p=[0.363 1.000 0.748 0.540]
  eval: e=0.2940  p=[0.279 1.000 0.518 0.414]
  eval: e=0.0146  p=[0.347 1.000 0.509 0.451]
  eval: e=0.0160  p=[0.348 1.000 0.505 0.825]
  eval: e=0.3854  p=[0.069 1.000 0.539 0.338]
  eval: e=2.3176  p=[0.395 1.000 0.542 0.913]
  eval: e=0.0104  p=[0.350 1.000 0.506 0.682]
  eval: e=0.2120  p=[0.371 0.996 0.633 0.883]
  eval: e=0.0805  p=[0.339 0.997 0.504 0.694]
  eval: e=2.0422  p=[0.388 1.000 0.518 1.000]
  eval: e=0.0337  p=[0.349 1.000 0.521 0.170]
  eval: e=0.1072  p=[0.339 1.000 0.508 0.919]
  eval: e=0.0965  p=[0.345 1.000 0.511 1.000]
  eval: e=0.1957  p=[0.353 1.000 0.497 0.847]
  eval: e=0.2715  p=[0.394 1.000 0.755 0.425]
  eval: e=0.0241  p=[0.347 1.000 0.511 0.661]
  eval: e=1.4237  p=[0.356 1.000 0.492 0.604]
  eval: e=0.3688  p=[0.551 0.926 0.102 0.366]
  eval: e=0.0113  p=[0.349 1.000 0.506 0.404]
  eval: e=0.3878  p=[0.000 0.886 0.243 0.730]
  eval: e=0.0280  p=[0.349 1.000 0.497 1.000]
  eval: e=0.1714  p=[0.353 1.000 0.502 0.637]
  eval: e=0.0339  p=[0.352 1.000 0.510 0.184]
  eval: e=0.3779  p=[1.000 0.793 0.492 0.517]
  eval: e=1.3412  p=[0.353 1.000 0.489 0.454]
  eval: e=0.0506  p=[0.346 1.000 0.518 0.000]
  eval: e=1.6177  p=[0.345 1.000 0.360 0.802]
  eval: e=0.1789  p=[0.356 1.000 0.503 0.844]
  eval: e=0.1220  p=[0.344 1.000 0.534 0.713]
  eval: e=0.0699  p=[0.348 1.000 0.526 0.696]
  eval: e=0.1277  p=[0.324 1.000 0.495 0.450]
  eval: e=0.1444  p=[0.349 0.981 0.000 0.234]
  eval: e=9.7842  p=[0.768 0.797 0.506 0.023]
  eval: e=0.0497  p=[0.357 1.000 0.509 0.842]
  eval: e=0.1873  p=[0.348 0.998 0.295 0.286]
  eval: e=0.0837  p=[0.356 1.000 0.531 1.000]
  eval: e=0.9907  p=[0.332 1.000 0.330 0.434]
  eval: e=0.0207  p=[0.354 1.000 0.495 1.000]
  eval: e=0.0114  p=[0.343 1.000 0.495 0.018]
  eval: e=0.1553  p=[0.371 1.000 0.235 1.000]
  eval: e=0.1537  p=[0.330 1.000 0.501 1.000]
  eval: e=0.0997  p=[0.339 1.000 0.498 1.000]
  eval: e=1.6391  p=[0.358 1.000 0.446 0.961]
  eval: e=0.0561  p=[0.349 1.000 0.507 1.000]
  eval: e=0.0077  p=[0.348 1.000 0.507 0.057]
  eval: e=0.2002  p=[0.253 1.000 0.293 0.621]
  eval: e=1.4476  p=[0.365 1.000 0.512 0.617]
  eval: e=0.0827  p=[0.340 1.000 0.514 0.572]
   38            1950        0.007621          0.5705        1
  eval: e=0.1324  p=[0.367 0.999 0.594 0.224]
  eval: e=1.3740  p=[0.352 1.000 0.484 0.653]
  eval: e=0.2048  p=[0.336 1.000 0.558 0.674]
  eval: e=0.2564  p=[0.289 1.000 0.494 0.198]
  eval: e=0.0216  p=[0.350 1.000 0.518 0.390]
  eval: e=0.0079  p=[0.349 1.000 0.507 0.598]
  eval: e=0.3968  p=[0.000 0.660 0.535 0.920]
  eval: e=0.1345  p=[0.423 1.000 0.672 0.670]
  eval: e=0.0158  p=[0.344 1.000 0.484 1.000]
  eval: e=0.3918  p=[0.389 0.998 0.331 0.502]
  eval: e=2.5320  p=[0.383 0.995 0.507 0.000]
  eval: e=1.5751  p=[0.338 1.000 0.416 0.490]
  eval: e=1.8919  p=[0.350 1.000 0.409 0.300]
  eval: e=0.1171  p=[0.341 1.000 0.516 0.918]
  eval: e=0.0076  p=[0.349 1.000 0.509 0.000]
  eval: e=0.0216  p=[0.346 1.000 0.505 0.766]
  eval: e=0.3267  p=[0.467 1.000 0.043 0.195]
  eval: e=0.0352  p=[0.344 1.000 0.490 1.000]
  eval: e=0.0723  p=[0.337 1.000 0.505 0.630]
  eval: e=0.3500  p=[0.494 1.000 0.000 0.339]
  eval: e=0.0118  p=[0.348 1.000 0.504 0.188]
  eval: e=3.2623  p=[0.421 0.828 0.133 1.000]
  eval: e=1.1773  p=[0.354 1.000 0.494 0.513]
  eval: e=0.0099  p=[0.361 0.999 0.514 1.000]
  eval: e=0.0108  p=[0.354 1.000 0.506 0.898]
  eval: e=0.3955  p=[0.467 0.642 0.507 0.558]
  eval: e=1.7452  p=[0.350 1.000 0.453 0.573]
  eval: e=0.0700  p=[0.347 1.000 0.507 1.000]
  eval: e=0.1415  p=[0.353 0.999 0.248 0.150]
  eval: e=1.2812  p=[0.362 1.000 0.506 0.670]
  eval: e=0.0152  p=[0.353 1.000 0.521 0.632]
  eval: e=1.3442  p=[0.349 1.000 0.477 0.711]
  eval: e=0.0080  p=[0.351 1.000 0.512 0.536]
  eval: e=0.3242  p=[0.349 1.000 0.732 0.000]
  eval: e=0.3965  p=[0.341 0.601 0.520 0.413]
  eval: e=0.0109  p=[0.363 1.000 0.521 1.000]
  eval: e=0.3939  p=[0.350 0.997 0.938 0.039]
  eval: e=0.1892  p=[0.355 1.000 0.597 0.000]
  eval: e=0.3775  p=[0.428 1.000 0.900 0.313]
  eval: e=1.6955  p=[0.362 1.000 0.502 0.000]
  eval: e=0.6521  p=[0.354 1.000 0.501 0.000]
  eval: e=0.1944  p=[0.367 1.000 0.615 0.954]
  eval: e=0.2260  p=[0.345 1.000 0.596 0.528]
  eval: e=0.7818  p=[0.340 1.000 0.471 0.498]
  eval: e=2.1076  p=[0.377 1.000 0.427 1.000]
  eval: e=0.0100  p=[0.359 1.000 0.531 0.311]
  eval: e=0.0076  p=[0.348 1.000 0.507 0.000]
  eval: e=0.3270  p=[0.135 1.000 0.317 1.000]
  eval: e=0.3285  p=[0.376 1.000 0.528 1.000]
  eval: e=0.1207  p=[0.363 1.000 0.513 0.929]
   39            2000        0.007608          0.5496        0
  eval: e=0.3903  p=[0.000 0.999 0.544 0.000]
  eval: e=0.0089  p=[0.347 1.000 0.507 0.321]
  eval: e=0.7217  p=[0.318 1.000 0.322 0.481]
  eval: e=2.7895  p=[0.387 1.000 0.494 0.102]
  eval: e=0.0463  p=[0.354 0.999 0.510 0.225]
  eval: e=0.1115  p=[0.354 1.000 0.509 0.000]
  eval: e=0.3844  p=[1.000 0.861 0.520 1.000]
  eval: e=0.1565  p=[0.314 1.000 0.484 0.627]
  eval: e=1.3878  p=[0.353 1.000 0.471 0.890]
  eval: e=0.1862  p=[0.386 1.000 0.114 0.231]
  eval: e=2.4636  p=[0.383 0.995 0.511 0.444]
  eval: e=0.7445  p=[0.296 1.000 0.380 0.000]
  eval: e=1.5121  p=[0.351 1.000 0.396 1.000]
  eval: e=0.0952  p=[0.361 0.999 0.516 0.814]
  eval: e=0.0952  p=[0.352 1.000 0.505 0.000]
  eval: e=0.0616  p=[0.344 1.000 0.515 0.624]
  eval: e=0.1902  p=[0.387 1.000 0.000 0.385]
  eval: e=1.1315  p=[0.358 1.000 0.504 0.323]
  eval: e=0.1421  p=[0.336 1.000 0.521 0.849]
  eval: e=0.3949  p=[0.319 0.960 0.879 0.437]
  eval: e=0.0106  p=[0.348 1.000 0.509 0.062]
  eval: e=0.3241  p=[0.902 0.825 0.602 0.000]
  eval: e=1.1634  p=[0.363 1.000 0.514 0.382]
  eval: e=0.1228  p=[0.361 1.000 0.524 0.120]
  eval: e=0.0369  p=[0.353 1.000 0.511 1.000]
  eval: e=0.3967  p=[0.070 0.669 0.548 1.000]
  eval: e=0.1224  p=[0.349 1.000 0.542 0.808]
  eval: e=0.2734  p=[0.349 1.000 0.496 0.000]
  eval: e=0.1496  p=[0.362 1.000 0.189 0.204]
  eval: e=0.0089  p=[0.350 1.000 0.513 0.000]
  eval: e=1.6749  p=[0.362 1.000 0.499 0.628]
  eval: e=0.3136  p=[0.349 1.000 0.489 0.819]
  eval: e=2.1282  p=[0.379 1.000 0.530 0.156]
  eval: e=0.3953  p=[0.352 0.973 0.964 1.000]
  eval: e=0.3916  p=[0.000 0.969 0.524 1.000]
  eval: e=1.1112  p=[0.364 1.000 0.515 0.613]
  eval: e=0.3709  p=[0.351 0.996 0.836 0.000]
  eval: e=0.0332  p=[0.342 1.000 0.470 1.000]
  eval: e=3.6586  p=[0.509 1.000 0.803 0.555]
  eval: e=0.0084  p=[0.357 1.000 0.505 1.000]
  eval: e=0.1233  p=[0.364 1.000 0.530 0.090]
  eval: e=0.3846  p=[0.388 1.000 0.894 0.782]
  eval: e=2.6421  p=[0.384 1.000 0.500 0.307]
  eval: e=0.0305  p=[0.354 1.000 0.531 0.000]
  eval: e=0.0754  p=[0.370 1.000 0.541 0.677]
  eval: e=0.0348  p=[0.364 1.000 0.535 0.000]
  eval: e=0.0076  p=[0.348 1.000 0.507 0.000]
  eval: e=0.3584  p=[0.197 1.000 0.508 0.935]
  eval: e=0.0097  p=[0.359 1.000 0.530 0.162]
  eval: e=1.5756  p=[0.378 1.000 0.510 1.000]
   40            2050        0.007608           0.619        1
  eval: e=3.8128  p=[0.420 1.000 0.497 0.160]
  eval: e=0.1101  p=[0.345 1.000 0.535 0.321]
  eval: e=1.6170  p=[0.380 1.000 0.545 0.000]
  eval: e=3.6834  p=[0.435 1.000 0.527 0.976]
  eval: e=0.0399  p=[0.349 0.999 0.500 0.066]
  eval: e=0.0141  p=[0.357 1.000 0.510 1.000]
  eval: e=0.2891  p=[0.646 1.000 0.529 0.000]
  eval: e=0.1975  p=[0.216 1.000 0.219 0.573]
  eval: e=0.0131  p=[0.352 1.000 0.513 0.000]
  eval: e=1.7812  p=[0.345 0.998 0.401 0.000]
  eval: e=0.0083  p=[0.356 1.000 0.512 0.894]
  eval: e=0.2284  p=[0.335 1.000 0.570 0.828]
  eval: e=0.1383  p=[0.352 0.999 0.560 0.019]
  eval: e=2.1137  p=[0.372 1.000 0.506 0.559]
  eval: e=0.0287  p=[0.351 1.000 0.507 0.000]
  eval: e=0.0294  p=[0.351 1.000 0.523 0.000]
  eval: e=0.3497  p=[0.315 1.000 0.729 0.310]
  eval: e=0.3092  p=[0.367 1.000 0.532 0.068]
  eval: e=0.0230  p=[0.346 1.000 0.508 0.667]
  eval: e=0.3966  p=[0.143 0.951 1.000 0.794]
  eval: e=0.0108  p=[0.349 1.000 0.512 0.000]
  eval: e=0.6142  p=[1.000 0.860 1.000 1.000]
  eval: e=0.0196  p=[0.368 1.000 0.554 0.479]
  eval: e=0.0712  p=[0.345 1.000 0.522 0.000]
  eval: e=0.0179  p=[0.351 1.000 0.520 0.000]
  eval: e=6.5486  p=[0.515 1.000 0.552 0.551]
  eval: e=0.1966  p=[0.350 1.000 0.585 0.660]
  eval: e=0.0334  p=[0.351 1.000 0.506 0.325]
  eval: e=0.1526  p=[0.367 1.000 0.209 0.407]
  eval: e=0.0756  p=[0.342 1.000 0.517 0.036]
  eval: e=1.9150  p=[0.366 1.000 0.502 0.119]
  eval: e=0.1176  p=[0.348 1.000 0.544 0.246]
  eval: e=2.4720  p=[0.381 1.000 0.515 0.074]
  eval: e=1.9846  p=[0.358 0.952 0.334 0.744]
  eval: e=0.3907  p=[1.000 1.000 0.504 0.000]
  eval: e=0.0620  p=[0.337 1.000 0.503 0.000]
  eval: e=0.1461  p=[0.348 0.997 0.488 0.554]
  eval: e=1.5196  p=[0.334 1.000 0.357 0.070]
  eval: e=0.0725  p=[0.369 1.000 0.574 0.594]
  eval: e=0.0142  p=[0.350 1.000 0.513 0.635]
  eval: e=0.1105  p=[0.349 1.000 0.545 0.201]
  eval: e=0.3934  p=[0.415 1.000 0.990 0.133]
  eval: e=2.6032  p=[0.377 1.000 0.414 0.132]
  eval: e=0.0711  p=[0.355 1.000 0.542 0.632]
  eval: e=0.2697  p=[0.334 1.000 0.614 0.000]
  eval: e=0.0610  p=[0.335 1.000 0.497 0.691]
  eval: e=0.0076  p=[0.348 1.000 0.507 0.000]
  eval: e=0.2273  p=[0.312 1.000 0.522 0.142]
  eval: e=0.1791  p=[0.325 1.000 0.520 0.000]
  eval: e=0.4525  p=[0.358 1.000 0.509 0.627]
   41            2100        0.007601          0.7199        0
  eval: e=0.3871  p=[0.842 1.000 0.504 0.213]
  eval: e=0.1453  p=[0.348 1.000 0.557 0.313]
  eval: e=0.2115  p=[0.413 1.000 0.747 0.034]
  eval: e=0.2495  p=[0.315 1.000 0.528 1.000]
  eval: e=0.0465  p=[0.350 1.000 0.514 0.917]
  eval: e=0.0369  p=[0.355 1.000 0.510 0.739]
  eval: e=0.3967  p=[0.096 0.685 0.517 0.369]
  eval: e=0.1732  p=[0.243 1.000 0.092 0.410]
  eval: e=0.1406  p=[0.343 1.000 0.542 0.233]
  eval: e=0.3932  p=[0.306 0.997 0.900 0.501]
  eval: e=0.1939  p=[0.325 1.000 0.510 1.000]
  eval: e=0.1330  p=[0.427 1.000 0.715 1.000]
  eval: e=0.2990  p=[0.353 1.000 0.697 0.210]
  eval: e=0.0084  p=[0.346 1.000 0.500 0.662]
  eval: e=0.0241  p=[0.346 1.000 0.512 0.000]
  eval: e=0.1092  p=[0.359 1.000 0.498 1.000]
  eval: e=0.3960  p=[0.267 1.000 1.000 0.915]
  eval: e=0.0092  p=[0.358 1.000 0.527 0.621]
  eval: e=1.7871  p=[0.360 1.000 0.491 0.373]
  eval: e=0.1597  p=[0.298 0.948 0.000 0.490]
  eval: e=0.0382  p=[0.349 1.000 0.501 1.000]
  eval: e=0.3964  p=[0.000 1.000 0.886 0.742]
  eval: e=0.1212  p=[0.349 1.000 0.541 0.823]
  eval: e=0.1243  p=[0.330 1.000 0.504 0.754]
  eval: e=0.0951  p=[0.350 1.000 0.521 1.000]
  eval: e=0.3816  p=[1.000 0.823 0.505 0.000]
  eval: e=1.6671  p=[0.351 1.000 0.470 0.212]
  eval: e=0.0563  p=[0.349 1.000 0.526 0.366]
  eval: e=1.6155  p=[0.344 1.000 0.380 0.835]
  eval: e=0.0229  p=[0.348 1.000 0.514 0.559]
  eval: e=0.0558  p=[0.361 1.000 0.526 0.000]
  eval: e=0.1484  p=[0.347 1.000 0.554 0.489]
  eval: e=0.1172  p=[0.325 1.000 0.494 0.323]
  eval: e=0.1522  p=[0.361 0.995 0.000 0.164]
  eval: e=3.1785  p=[0.401 0.991 0.495 0.145]
  eval: e=0.1840  p=[0.325 1.000 0.504 1.000]
  eval: e=0.1459  p=[0.350 0.999 0.131 1.000]
  eval: e=0.0148  p=[0.361 1.000 0.537 0.379]
  eval: e=0.2122  p=[0.205 0.999 0.291 0.919]
  eval: e=0.0229  p=[0.349 0.999 0.512 0.735]
  eval: e=0.2024  p=[0.333 1.000 0.551 0.192]
  eval: e=0.2534  p=[0.351 1.000 0.619 1.000]
  eval: e=1.0093  p=[0.326 1.000 0.375 1.000]
  eval: e=0.8810  p=[0.345 1.000 0.455 1.000]
  eval: e=0.2047  p=[0.327 1.000 0.533 0.843]
  eval: e=0.0541  p=[0.327 1.000 0.459 0.605]
  eval: e=0.0076  p=[0.348 1.000 0.507 0.000]
  eval: e=0.2680  p=[0.412 1.000 0.342 0.789]
  eval: e=0.1116  p=[0.331 1.000 0.506 0.115]
  eval: e=0.1761  p=[0.322 1.000 0.511 0.000]
   42            2150        0.007601          0.3444        1
  eval: e=0.3560  p=[0.754 0.999 0.629 0.140]
  eval: e=0.0121  p=[0.356 1.000 0.526 0.673]
  eval: e=0.3044  p=[0.344 1.000 0.685 0.550]
  eval: e=0.3461  p=[0.210 1.000 0.489 0.749]
  eval: e=0.0865  p=[0.351 1.000 0.522 1.000]
  eval: e=0.0269  p=[0.343 1.000 0.505 0.000]
  eval: e=0.3966  p=[0.386 0.518 0.527 0.466]
  eval: e=0.8964  p=[0.316 1.000 0.332 0.844]
  eval: e=0.0525  p=[0.341 1.000 0.501 0.851]
  eval: e=0.3325  p=[0.333 0.997 0.699 1.000]
  eval: e=0.0082  p=[0.347 1.000 0.505 0.208]
  eval: e=3.4650  p=[0.432 0.999 0.597 0.886]
  eval: e=0.3079  p=[0.350 1.000 0.706 0.472]
  eval: e=0.1458  p=[0.326 1.000 0.507 0.459]
  eval: e=0.0190  p=[0.346 1.000 0.508 0.000]
  eval: e=1.6164  p=[0.358 1.000 0.493 0.000]
  eval: e=0.3596  p=[0.509 1.000 0.000 1.000]
  eval: e=0.0865  p=[0.341 1.000 0.500 0.988]
  eval: e=0.0103  p=[0.340 1.000 0.488 0.426]
  eval: e=7.1789  p=[0.537 0.989 0.580 0.000]
  eval: e=0.2000  p=[0.347 1.000 0.493 0.000]
  eval: e=0.3923  p=[1.000 0.987 0.000 0.000]
  eval: e=0.0762  p=[0.332 1.000 0.490 0.809]
  eval: e=0.1534  p=[0.318 1.000 0.493 0.394]
  eval: e=0.1787  p=[0.350 1.000 0.498 0.368]
  eval: e=0.3951  p=[0.000 0.826 0.467 0.434]
  eval: e=1.9415  p=[0.352 1.000 0.378 0.000]
  eval: e=0.0677  p=[0.349 1.000 0.530 0.577]
  eval: e=0.2429  p=[0.326 1.000 0.554 0.905]
  eval: e=1.4968  p=[0.366 1.000 0.504 0.854]
  eval: e=0.1512  p=[0.342 1.000 0.544 0.387]
  eval: e=0.0906  p=[0.346 1.000 0.523 0.861]
  eval: e=0.1187  p=[0.323 1.000 0.490 0.194]
  eval: e=0.1418  p=[0.345 1.000 0.206 0.000]
  eval: e=0.3929  p=[0.002 0.922 0.507 1.000]
  eval: e=0.1445  p=[0.333 1.000 0.521 0.264]
  eval: e=1.9316  p=[0.352 1.000 0.375 0.274]
  eval: e=0.2609  p=[0.386 1.000 0.715 0.956]
  eval: e=0.2819  p=[0.466 1.000 0.306 0.531]
  eval: e=0.0910  p=[0.350 1.000 0.499 0.643]
  eval: e=0.0770  p=[0.350 1.000 0.535 0.007]
  eval: e=0.1622  p=[0.291 1.000 0.132 0.167]
  eval: e=0.1508  p=[0.322 1.000 0.500 0.487]
  eval: e=1.5531  p=[0.338 1.000 0.368 0.697]
  eval: e=1.6391  p=[0.357 1.000 0.399 1.000]
  eval: e=0.0672  p=[0.361 1.000 0.524 0.631]
  eval: e=0.0076  p=[0.348 1.000 0.507 0.000]
  eval: e=0.2268  p=[0.411 1.000 0.205 1.000]
  eval: e=1.9136  p=[0.371 1.000 0.517 0.266]
  eval: e=0.0498  p=[0.353 1.000 0.513 1.000]
   43            2200        0.007601          0.6121        2
  eval: e=0.3393  p=[0.278 0.998 0.614 0.146]
  eval: e=1.9737  p=[0.359 1.000 0.471 0.163]
  eval: e=0.3661  p=[0.273 1.000 0.309 0.317]
  eval: e=0.0763  p=[0.313 1.000 0.458 0.000]
  eval: e=0.0283  p=[0.350 0.999 0.520 0.000]
  eval: e=0.0539  p=[0.337 1.000 0.501 0.181]
  eval: e=0.3810  p=[0.864 0.933 0.539 0.159]
  eval: e=0.2697  p=[0.399 1.000 0.757 0.914]
  eval: e=1.7617  p=[0.351 1.000 0.459 0.486]
  eval: e=0.1894  p=[0.390 1.000 0.179 0.666]
  eval: e=2.1408  p=[0.371 1.000 0.502 0.000]
  eval: e=3.1332  p=[0.402 1.000 0.389 0.319]
  eval: e=0.0774  p=[0.351 1.000 0.517 1.000]
  eval: e=2.2203  p=[0.378 1.000 0.521 0.092]
  eval: e=0.0369  p=[0.350 1.000 0.504 0.000]
  eval: e=0.1316  p=[0.338 1.000 0.513 0.946]
  eval: e=0.3835  p=[0.620 1.000 0.134 0.000]
  eval: e=0.0669  p=[0.328 1.000 0.485 0.000]
  eval: e=0.1302  p=[0.324 1.000 0.492 0.778]
  eval: e=0.3871  p=[0.511 1.000 1.000 0.029]
  eval: e=0.0094  p=[0.347 1.000 0.508 0.332]
  eval: e=0.3966  p=[0.072 0.927 0.831 0.900]
  eval: e=1.7326  p=[0.349 1.000 0.454 0.196]
  eval: e=0.0595  p=[0.338 1.000 0.505 0.000]
  eval: e=1.8258  p=[0.357 1.000 0.479 0.000]
  eval: e=10.3647  p=[0.709 0.813 0.479 0.479]
  eval: e=0.1157  p=[0.349 1.000 0.542 0.718]
  eval: e=0.5677  p=[0.349 1.000 0.493 0.370]
  eval: e=1.6661  p=[0.350 1.000 0.469 0.000]
  eval: e=0.1880  p=[0.367 1.000 0.511 1.000]
  eval: e=0.1907  p=[0.332 1.000 0.538 0.757]
  eval: e=1.6471  p=[0.347 1.000 0.448 0.664]
  eval: e=0.0783  p=[0.347 1.000 0.528 0.228]
  eval: e=0.1186  p=[0.341 0.992 0.467 0.350]
  eval: e=10.0514  p=[0.682 0.827 0.520 0.027]
  eval: e=1.9693  p=[0.368 1.000 0.505 0.000]
  eval: e=0.3634  p=[0.352 1.000 0.827 0.000]
  eval: e=0.2176  p=[0.363 1.000 0.619 0.976]
  eval: e=8.1047  p=[0.667 1.000 0.704 0.000]
  eval: e=1.3220  p=[0.357 1.000 0.495 0.732]
  eval: e=2.2678  p=[0.373 1.000 0.498 0.000]
  eval: e=0.1663  p=[0.269 1.000 0.071 0.000]
  eval: e=0.2738  p=[0.354 1.000 0.666 0.000]
  eval: e=0.2671  p=[0.335 1.000 0.614 0.000]
  eval: e=2.7297  p=[0.384 1.000 0.386 0.274]
  eval: e=0.4381  p=[0.386 1.000 0.571 0.233]
  eval: e=0.0076  p=[0.348 1.000 0.507 0.000]
  eval: e=0.1577  p=[0.297 1.000 0.249 0.938]
  eval: e=2.2991  p=[0.381 1.000 0.526 0.420]
  eval: e=2.6176  p=[0.384 1.000 0.506 0.198]
   44            2250        0.007601           1.327        3
  eval: e=0.3576  p=[0.148 1.000 0.422 0.119]
  eval: e=0.0199  p=[0.351 1.000 0.521 0.000]
  eval: e=0.2875  p=[0.395 1.000 0.334 0.000]
  eval: e=3.1177  p=[0.409 1.000 0.534 0.845]
  eval: e=0.0233  p=[0.349 0.999 0.502 0.425]
  eval: e=0.2373  p=[0.355 1.000 0.507 0.426]
  eval: e=6.2995  p=[0.510 1.000 0.512 0.558]
  eval: e=0.2438  p=[0.396 1.000 0.332 0.484]
  eval: e=0.0301  p=[0.356 1.000 0.517 0.000]
  eval: e=0.1584  p=[0.372 0.998 0.201 0.000]
  eval: e=0.0225  p=[0.352 1.000 0.510 0.173]
  eval: e=0.0462  p=[0.352 1.000 0.531 0.000]
  eval: e=1.9447  p=[0.351 1.000 0.393 0.000]
  eval: e=0.0989  p=[0.336 1.000 0.511 0.608]
  eval: e=0.0139  p=[0.349 1.000 0.505 0.000]
  eval: e=0.1532  p=[0.336 1.000 0.513 1.000]
  eval: e=1.0787  p=[0.314 1.000 0.339 0.000]
  eval: e=1.5855  p=[0.366 1.000 0.515 0.078]
  eval: e=0.0084  p=[0.355 1.000 0.521 0.212]
  eval: e=0.2227  p=[0.404 0.976 0.000 0.236]
  eval: e=0.0209  p=[0.348 1.000 0.514 0.428]
  eval: e=0.2325  p=[0.271 0.979 0.397 0.532]
  eval: e=0.0433  p=[0.374 1.000 0.578 0.000]
  eval: e=1.7669  p=[0.369 1.000 0.517 0.084]
  eval: e=0.0083  p=[0.353 1.000 0.519 0.497]
  eval: e=0.3863  p=[0.873 1.000 0.581 0.448]
  eval: e=0.2565  p=[0.347 1.000 0.627 0.709]
  eval: e=0.7539  p=[0.349 1.000 0.491 0.000]
  eval: e=2.2497  p=[0.366 1.000 0.386 0.641]
  eval: e=0.1098  p=[0.334 1.000 0.512 0.198]
  eval: e=2.1649  p=[0.371 0.999 0.490 0.701]
  eval: e=1.2213  p=[0.348 1.000 0.481 0.312]
  eval: e=0.0514  p=[0.365 1.000 0.535 0.030]
  eval: e=0.2898  p=[0.339 0.992 0.636 0.126]
  eval: e=0.3836  p=[1.000 0.845 0.511 0.449]
  eval: e=0.5292  p=[0.353 1.000 0.498 0.686]
  eval: e=0.1004  p=[0.344 0.997 0.524 0.341]
  eval: e=1.4591  p=[0.336 1.000 0.436 0.203]
  eval: e=0.1627  p=[0.449 1.000 0.791 0.756]
  eval: e=1.0134  p=[0.356 1.000 0.501 0.533]
  eval: e=0.1647  p=[0.353 1.000 0.506 0.217]
  eval: e=0.3730  p=[0.354 1.000 0.850 1.000]
  eval: e=1.5016  p=[0.368 1.000 0.520 0.046]
  eval: e=0.0299  p=[0.360 1.000 0.543 0.014]
  eval: e=0.1812  p=[0.348 1.000 0.573 0.000]
  eval: e=2.3304  p=[0.369 1.000 0.459 0.200]
  eval: e=0.0076  p=[0.348 1.000 0.507 0.000]
  eval: e=0.3647  p=[0.235 1.000 0.639 0.000]
  eval: e=0.1220  p=[0.331 1.000 0.508 0.052]
  eval: e=0.0263  p=[0.345 1.000 0.510 0.436]
   45            2300        0.007601          0.6851        0
  eval: e=4.1701  p=[0.453 0.999 0.424 0.891]
  eval: e=0.1041  p=[0.348 1.000 0.537 0.661]
  eval: e=0.1486  p=[0.387 1.000 0.632 1.000]
  eval: e=0.5719  p=[0.379 1.000 0.530 1.000]
  eval: e=0.0176  p=[0.351 1.000 0.503 0.790]
  eval: e=0.0082  p=[0.356 1.000 0.512 0.899]
  eval: e=0.0672  p=[0.363 0.977 0.512 0.767]
  eval: e=0.1602  p=[0.304 1.000 0.230 0.605]
  eval: e=0.1319  p=[0.339 1.000 0.529 0.114]
  eval: e=1.2069  p=[0.337 0.998 0.359 1.000]
  eval: e=0.1113  p=[0.334 1.000 0.510 0.575]
  eval: e=0.2661  p=[0.345 1.000 0.618 1.000]
  eval: e=0.1995  p=[0.354 0.999 0.503 0.687]
  eval: e=0.2170  p=[0.318 1.000 0.507 1.000]
  eval: e=0.0137  p=[0.348 1.000 0.512 0.000]
  eval: e=0.1540  p=[0.352 1.000 0.498 0.809]
  eval: e=0.3333  p=[0.313 1.000 0.663 1.000]
  eval: e=1.0456  p=[0.367 1.000 0.524 0.560]
  eval: e=1.3402  p=[0.372 1.000 0.531 0.385]
  eval: e=0.3962  p=[0.262 0.934 0.920 1.000]
  eval: e=0.0218  p=[0.348 1.000 0.503 0.185]
  eval: e=0.3895  p=[0.787 0.928 0.135 0.873]
  eval: e=0.0695  p=[0.362 1.000 0.545 0.936]
  eval: e=0.0077  p=[0.351 1.000 0.512 0.079]
  eval: e=0.0481  p=[0.352 1.000 0.526 0.786]
  eval: e=0.3965  p=[0.183 0.759 0.564 0.484]
  eval: e=1.9200  p=[0.352 0.999 0.392 0.624]
  eval: e=0.0298  p=[0.350 1.000 0.521 0.412]
  eval: e=1.7121  p=[0.359 1.000 0.401 0.990]
  eval: e=0.0578  p=[0.339 1.000 0.507 0.000]
  eval: e=0.0222  p=[0.345 1.000 0.507 0.668]
  eval: e=0.0150  p=[0.348 1.000 0.512 0.321]
  eval: e=0.0130  p=[0.356 1.000 0.527 0.128]
  eval: e=0.2506  p=[0.340 1.000 0.607 0.473]
  eval: e=6.2773  p=[0.508 0.948 0.505 0.677]
  eval: e=0.1190  p=[0.341 1.000 0.518 0.920]
  eval: e=1.6152  p=[0.350 0.996 0.341 0.714]
  eval: e=1.9870  p=[0.353 1.000 0.408 0.065]
  eval: e=0.3795  p=[0.180 1.000 0.656 0.668]
  eval: e=0.0992  p=[0.354 1.000 0.509 0.100]
  eval: e=0.1155  p=[0.338 1.000 0.521 0.052]
  eval: e=0.2092  p=[0.440 1.000 0.804 0.000]
  eval: e=1.4101  p=[0.344 1.000 0.431 0.917]
  eval: e=1.7470  p=[0.347 1.000 0.441 0.038]
  eval: e=0.2320  p=[0.333 1.000 0.554 1.000]
  eval: e=1.5045  p=[0.342 1.000 0.441 0.721]
  eval: e=0.0076  p=[0.348 1.000 0.507 0.000]
  eval: e=0.3700  p=[0.231 1.000 0.666 0.616]
  eval: e=0.1293  p=[0.339 1.000 0.529 0.000]
  eval: e=0.1479  p=[0.327 1.000 0.507 0.625]
   46            2350        0.007601          0.6394        1
  eval: e=0.4393  p=[0.420 1.000 0.651 0.000]
  eval: e=1.1270  p=[0.347 1.000 0.479 0.669]
  eval: e=0.1841  p=[0.310 1.000 0.490 0.000]
  eval: e=0.2177  p=[0.358 1.000 0.512 0.663]
  eval: e=0.0108  p=[0.348 1.000 0.509 0.671]
  eval: e=0.0089  p=[0.348 1.000 0.509 0.103]
  eval: e=0.2202  p=[0.308 1.000 0.505 0.645]
  eval: e=0.3428  p=[0.328 1.000 0.734 0.423]
  eval: e=0.0337  p=[0.357 1.000 0.520 0.316]
  eval: e=0.2768  p=[0.362 0.997 0.684 0.274]
  eval: e=0.0686  p=[0.338 1.000 0.507 0.000]
  eval: e=0.0885  p=[0.368 1.000 0.577 0.686]
  eval: e=0.1001  p=[0.347 1.000 0.534 0.564]
  eval: e=0.0704  p=[0.342 1.000 0.516 0.000]
  eval: e=0.0077  p=[0.348 1.000 0.508 0.000]
  eval: e=0.2466  p=[0.355 1.000 0.508 0.091]
  eval: e=5.3984  p=[0.475 1.000 0.584 0.199]
  eval: e=0.1177  p=[0.332 1.000 0.504 0.823]
  eval: e=1.5518  p=[0.355 1.000 0.489 0.000]
  eval: e=0.1647  p=[0.281 1.000 0.128 0.000]
  eval: e=0.0078  p=[0.348 1.000 0.508 0.131]
  eval: e=0.3861  p=[0.734 0.944 0.250 0.000]
  eval: e=0.1633  p=[0.339 1.000 0.478 0.570]
  eval: e=0.0303  p=[0.344 1.000 0.509 0.028]
  eval: e=1.2381  p=[0.355 1.000 0.488 0.809]
  eval: e=0.3857  p=[0.901 0.944 0.525 0.645]
  eval: e=0.2318  p=[0.348 1.000 0.609 0.045]
  eval: e=0.0282  p=[0.347 1.000 0.499 0.010]
  eval: e=0.1418  p=[0.345 1.000 0.250 0.069]
  eval: e=0.0637  p=[0.348 1.000 0.507 1.000]
  eval: e=0.0351  p=[0.355 1.000 0.516 0.000]
  eval: e=0.0080  p=[0.347 1.000 0.507 0.468]
  eval: e=0.0332  p=[0.344 1.000 0.510 0.471]
  eval: e=0.1550  p=[0.341 0.998 0.541 0.000]
  eval: e=10.4033  p=[0.836 0.691 0.520 0.281]
  eval: e=0.0488  p=[0.340 1.000 0.505 0.448]
  eval: e=1.8513  p=[0.351 0.996 0.434 0.000]
  eval: e=0.0109  p=[0.359 1.000 0.528 0.114]
  eval: e=0.2890  p=[0.286 1.000 0.527 0.000]
  eval: e=0.0236  p=[0.346 1.000 0.509 0.695]
  eval: e=0.1956  p=[0.361 1.000 0.521 0.030]
  eval: e=2.4288  p=[0.371 1.000 0.395 0.288]
  eval: e=1.8734  p=[0.354 1.000 0.441 0.719]
  eval: e=1.7453  p=[0.344 1.000 0.418 0.000]
  eval: e=1.6525  p=[0.357 1.000 0.488 0.396]
  eval: e=0.2239  p=[0.344 1.000 0.593 0.000]
  eval: e=0.0076  p=[0.348 1.000 0.507 0.000]
  eval: e=0.3060  p=[0.268 1.000 0.513 0.643]
  eval: e=0.0283  p=[0.355 1.000 0.515 0.222]
  eval: e=0.0869  p=[0.339 1.000 0.511 0.695]
   47            2400        0.007601          0.6952        2
  eval: e=0.2209  p=[0.325 0.999 0.545 0.017]
  eval: e=1.0795  p=[0.354 1.000 0.492 0.698]
  eval: e=2.5369  p=[0.383 1.000 0.505 0.643]
  eval: e=0.0308  p=[0.343 1.000 0.506 0.125]
  eval: e=0.0080  p=[0.349 1.000 0.509 0.008]
  eval: e=0.0784  p=[0.352 1.000 0.505 0.147]
  eval: e=0.7460  p=[0.382 0.973 0.504 0.000]
  eval: e=0.1509  p=[0.305 1.000 0.050 1.000]
  eval: e=0.0156  p=[0.339 1.000 0.492 0.493]
  eval: e=2.0231  p=[0.360 1.000 0.415 0.802]
  eval: e=0.0109  p=[0.349 1.000 0.505 0.135]
  eval: e=0.4884  p=[0.364 1.000 0.524 0.347]
  eval: e=0.0097  p=[0.356 1.000 0.522 0.752]
  eval: e=0.7483  p=[0.358 1.000 0.509 0.079]
  eval: e=0.0118  p=[0.349 1.000 0.506 0.000]
  eval: e=0.0157  p=[0.354 1.000 0.507 0.981]
  eval: e=0.1823  p=[0.283 1.000 0.272 0.000]
  eval: e=1.2507  p=[0.360 1.000 0.506 0.049]
  eval: e=0.0325  p=[0.352 1.000 0.526 0.300]
  eval: e=0.0364  p=[0.389 0.946 0.494 0.544]
  eval: e=0.0076  p=[0.348 1.000 0.507 0.058]
  eval: e=3.4673  p=[0.433 0.931 0.416 1.000]
  eval: e=0.9699  p=[0.359 1.000 0.506 0.577]
  eval: e=0.0182  p=[0.351 1.000 0.510 0.022]
  eval: e=0.1093  p=[0.355 1.000 0.511 0.000]
  eval: e=4.2817  p=[0.438 0.980 0.510 0.438]
  eval: e=1.8288  p=[0.350 1.000 0.440 0.302]
  eval: e=0.0162  p=[0.350 1.000 0.515 0.270]
  eval: e=2.0974  p=[0.358 1.000 0.404 0.299]
  eval: e=0.0343  p=[0.354 1.000 0.511 0.539]
  eval: e=0.0609  p=[0.347 1.000 0.520 0.721]
  eval: e=0.0079  p=[0.348 1.000 0.506 0.381]
  eval: e=0.0695  p=[0.352 1.000 0.505 0.253]
  eval: e=1.2379  p=[0.348 0.999 0.481 0.431]
  eval: e=0.3873  p=[0.487 0.769 0.513 0.853]
  eval: e=1.3422  p=[0.362 1.000 0.510 0.266]
  eval: e=0.2435  p=[0.348 0.998 0.617 0.271]
  eval: e=0.0091  p=[0.357 1.000 0.526 0.107]
  eval: e=4.3939  p=[0.442 1.000 0.507 0.667]
  eval: e=0.0756  p=[0.349 1.000 0.500 0.139]
  eval: e=0.0500  p=[0.343 1.000 0.512 0.147]
  eval: e=0.1447  p=[0.386 1.000 0.627 1.000]
  eval: e=0.1859  p=[0.348 1.000 0.577 0.188]
  eval: e=0.1826  p=[0.347 1.000 0.574 0.003]
  eval: e=0.0454  p=[0.353 1.000 0.530 0.523]
  eval: e=1.2936  p=[0.358 1.000 0.503 0.029]
  eval: e=0.0076  p=[0.348 1.000 0.507 0.000]
  eval: e=1.3772  p=[0.327 1.000 0.376 0.429]
  eval: e=0.0229  p=[0.351 1.000 0.521 0.000]
  eval: e=1.3178  p=[0.364 1.000 0.514 0.203]
   48            2450        0.007601          0.6993        3
  eval: e=0.1135  p=[0.359 1.000 0.567 0.233]
  eval: e=0.0099  p=[0.346 1.000 0.500 0.480]
  eval: e=0.2399  p=[0.304 1.000 0.514 0.090]
  eval: e=1.3846  p=[0.372 1.000 0.513 0.933]
  eval: e=0.0087  p=[0.351 1.000 0.508 0.758]
  eval: e=0.0111  p=[0.349 1.000 0.507 0.741]
  eval: e=0.0811  p=[0.339 0.999 0.511 0.297]
  eval: e=0.3108  p=[0.348 1.000 0.706 0.637]
  eval: e=0.6884  p=[0.359 1.000 0.510 0.535]
  eval: e=0.0458  p=[0.365 0.998 0.556 0.000]
  eval: e=0.0094  p=[0.349 1.000 0.506 0.011]
  eval: e=0.0571  p=[0.345 1.000 0.519 0.267]
  eval: e=0.0149  p=[0.351 1.000 0.510 0.140]
  eval: e=0.0082  p=[0.351 1.000 0.510 0.625]
  eval: e=0.0096  p=[0.349 1.000 0.506 0.000]
  eval: e=0.0080  p=[0.346 1.000 0.505 0.030]
  eval: e=0.1477  p=[0.323 1.000 0.253 1.000]
  eval: e=0.0091  p=[0.358 1.000 0.509 1.000]
  eval: e=0.0210  p=[0.349 1.000 0.516 0.323]
  eval: e=0.0447  p=[0.386 0.975 0.535 0.506]
  eval: e=0.0077  p=[0.348 1.000 0.507 0.472]
  eval: e=4.1396  p=[0.446 1.000 0.481 0.946]
  eval: e=0.0381  p=[0.357 1.000 0.537 0.698]
  eval: e=0.0140  p=[0.347 1.000 0.509 0.024]
  eval: e=0.0125  p=[0.348 1.000 0.510 0.027]
  eval: e=3.0360  p=[0.442 0.933 0.506 0.943]
  eval: e=0.1473  p=[0.350 1.000 0.560 0.427]
  eval: e=0.0091  p=[0.349 1.000 0.511 0.124]
  eval: e=1.7904  p=[0.345 1.000 0.377 0.411]
  eval: e=0.1384  p=[0.354 1.000 0.508 0.120]
  eval: e=1.1950  p=[0.358 1.000 0.504 0.035]
  eval: e=0.0077  p=[0.348 1.000 0.506 0.038]
  eval: e=0.0229  p=[0.348 1.000 0.515 0.191]
  eval: e=0.0662  p=[0.337 0.999 0.503 0.340]
  eval: e=0.3882  p=[1.000 0.916 0.508 0.505]
  eval: e=0.0090  p=[0.348 1.000 0.509 0.439]
  eval: e=1.7084  p=[0.349 0.999 0.458 0.362]
  eval: e=0.0811  p=[0.357 1.000 0.515 0.068]
  eval: e=0.0657  p=[0.345 1.000 0.521 0.320]
  eval: e=0.0570  p=[0.352 1.000 0.506 0.368]
  eval: e=0.0232  p=[0.350 1.000 0.520 0.021]
  eval: e=3.1178  p=[0.397 1.000 0.462 0.485]
  eval: e=1.7573  p=[0.350 1.000 0.457 0.024]
  eval: e=1.1653  p=[0.345 1.000 0.477 0.463]
  eval: e=0.9834  p=[0.355 1.000 0.500 0.101]
  eval: e=0.0133  p=[0.346 1.000 0.507 0.265]
  eval: e=0.0076  p=[0.348 1.000 0.507 0.000]
  eval: e=0.2879  p=[0.252 1.000 0.452 0.107]
  eval: e=0.0506  p=[0.347 1.000 0.522 0.075]
  eval: e=0.0086  p=[0.346 1.000 0.504 0.529]
   49            2500        0.007601          0.4715        4
  eval: e=0.0093  p=[0.348 1.000 0.508 0.123]
  eval: e=0.0129  p=[0.353 1.000 0.514 0.519]
  eval: e=0.2187  p=[0.309 1.000 0.507 0.675]
  eval: e=0.0882  p=[0.337 1.000 0.509 0.493]
  eval: e=0.0116  p=[0.350 1.000 0.508 0.449]
  eval: e=0.0240  p=[0.351 1.000 0.508 0.563]
  eval: e=0.0173  p=[0.352 0.994 0.508 0.545]
  eval: e=0.9292  p=[0.309 1.000 0.399 0.309]
  eval: e=0.0530  p=[0.341 1.000 0.508 0.105]
  eval: e=0.0174  p=[0.370 0.999 0.555 0.479]
  eval: e=0.0084  p=[0.347 1.000 0.505 0.103]
  eval: e=0.1011  p=[0.347 1.000 0.537 0.336]
  eval: e=0.1763  p=[0.355 1.000 0.508 0.000]
  eval: e=0.0131  p=[0.353 1.000 0.513 0.000]
  eval: e=0.0082  p=[0.349 1.000 0.510 0.000]
  eval: e=0.0108  p=[0.347 1.000 0.507 0.000]
  eval: e=0.2675  p=[0.379 1.000 0.717 0.000]
  eval: e=0.0512  p=[0.340 1.000 0.506 0.517]
  eval: e=0.0077  p=[0.349 1.000 0.508 0.000]
  eval: e=0.1895  p=[0.336 0.956 0.463 0.000]
  eval: e=0.0079  p=[0.348 1.000 0.507 0.032]
  eval: e=6.2645  p=[0.505 0.945 0.515 0.243]
  eval: e=0.0344  p=[0.356 1.000 0.536 0.000]
  eval: e=0.0083  p=[0.350 1.000 0.511 0.032]
  eval: e=0.5610  p=[0.360 1.000 0.514 0.088]
  eval: e=5.6670  p=[0.488 0.937 0.521 0.000]
  eval: e=1.8216  p=[0.350 1.000 0.448 0.000]
  eval: e=0.0076  p=[0.348 1.000 0.507 0.206]
  eval: e=1.7815  p=[0.348 1.000 0.357 0.301]
  eval: e=0.0086  p=[0.349 1.000 0.508 0.217]
  eval: e=0.0077  p=[0.346 1.000 0.503 0.282]
  eval: e=0.0076  p=[0.348 1.000 0.507 0.000]
  eval: e=0.0091  p=[0.349 1.000 0.511 0.102]
  eval: e=0.0082  p=[0.351 0.999 0.510 0.000]
  eval: e=0.3851  p=[0.963 0.888 0.516 0.684]
  eval: e=0.0151  p=[0.350 1.000 0.507 0.054]
  eval: e=0.1858  p=[0.349 0.999 0.576 0.236]
  eval: e=0.0547  p=[0.344 1.000 0.516 0.000]
  eval: e=0.1054  p=[0.339 1.000 0.519 0.267]
  eval: e=0.0304  p=[0.353 1.000 0.506 0.800]
  eval: e=0.0270  p=[0.349 1.000 0.518 0.138]
  eval: e=2.4662  p=[0.396 1.000 0.546 0.867]
  eval: e=1.9646  p=[0.361 1.000 0.479 0.146]
  eval: e=0.0935  p=[0.343 1.000 0.526 0.160]
  eval: e=0.0269  p=[0.351 1.000 0.517 0.780]
  eval: e=0.0330  p=[0.355 1.000 0.514 0.152]
  eval: e=0.0076  p=[0.348 1.000 0.507 0.000]
  eval: e=0.2987  p=[0.274 1.000 0.514 0.560]
  eval: e=0.0205  p=[0.350 1.000 0.507 0.072]
  eval: e=0.0510  p=[0.345 1.000 0.516 0.527]
   50            2550        0.007601          0.4835        5
  eval: e=0.0105  p=[0.347 1.000 0.502 0.105]
  eval: e=0.0186  p=[0.352 1.000 0.510 0.536]
  eval: e=2.1547  p=[0.374 1.000 0.516 0.000]
  eval: e=0.0262  p=[0.351 1.000 0.508 0.243]
  eval: e=0.0077  p=[0.350 1.000 0.510 0.215]
  eval: e=0.0080  p=[0.349 1.000 0.508 0.610]
  eval: e=0.0334  p=[0.348 0.994 0.507 0.000]
  eval: e=0.9793  p=[0.336 1.000 0.457 0.731]
  eval: e=1.0850  p=[0.357 1.000 0.500 0.636]
  eval: e=0.0871  p=[0.351 1.000 0.540 0.092]
  eval: e=0.0103  p=[0.347 1.000 0.507 0.031]
  eval: e=0.0412  p=[0.356 1.000 0.536 0.394]
  eval: e=0.0110  p=[0.355 1.000 0.515 0.695]
  eval: e=0.0650  p=[0.352 1.000 0.505 0.659]
  eval: e=0.0080  p=[0.348 1.000 0.505 0.000]
  eval: e=0.0086  p=[0.347 1.000 0.506 0.043]
  eval: e=1.7160  p=[0.425 1.000 0.635 0.862]
  eval: e=0.0354  p=[0.350 1.000 0.511 0.919]
  eval: e=0.0076  p=[0.348 1.000 0.506 0.000]
  eval: e=0.0362  p=[0.377 0.953 0.486 0.007]
  eval: e=0.0076  p=[0.348 1.000 0.507 0.423]
  eval: e=0.2370  p=[0.325 0.939 0.439 0.472]
  eval: e=0.0118  p=[0.348 1.000 0.504 0.263]
  eval: e=0.0112  p=[0.349 1.000 0.506 0.038]
  eval: e=0.0215  p=[0.346 1.000 0.510 0.061]
  eval: e=0.3847  p=[0.574 0.740 0.541 1.000]
  eval: e=0.1894  p=[0.349 1.000 0.583 0.119]
  eval: e=0.0076  p=[0.348 1.000 0.506 0.184]
  eval: e=0.5173  p=[0.354 1.000 0.323 0.003]
  eval: e=0.0221  p=[0.348 1.000 0.515 0.391]
  eval: e=0.0077  p=[0.347 1.000 0.504 0.124]
  eval: e=0.0076  p=[0.348 1.000 0.507 0.000]
  eval: e=0.0123  p=[0.349 1.000 0.506 0.498]
  eval: e=0.0130  p=[0.351 0.999 0.509 0.000]
  eval: e=0.3936  p=[0.550 0.659 0.506 0.552]
  eval: e=0.0077  p=[0.349 1.000 0.509 0.159]
  eval: e=0.0677  p=[0.348 1.000 0.529 0.023]
  eval: e=1.6895  p=[0.366 1.000 0.512 0.022]
  eval: e=0.0377  p=[0.348 1.000 0.518 0.177]
  eval: e=0.1634  p=[0.354 1.000 0.506 0.459]
  eval: e=0.0103  p=[0.351 1.000 0.517 0.197]
  eval: e=0.2038  p=[0.346 1.000 0.584 0.487]
  eval: e=0.1911  p=[0.345 1.000 0.570 0.651]
  eval: e=0.0086  p=[0.350 1.000 0.513 0.000]
  eval: e=0.4036  p=[0.351 1.000 0.497 0.460]
  eval: e=0.0468  p=[0.342 1.000 0.509 0.277]
  eval: e=0.0076  p=[0.348 1.000 0.507 0.000]
  eval: e=0.2058  p=[0.300 1.000 0.479 0.228]
  eval: e=0.0299  p=[0.348 1.000 0.516 0.162]
  eval: e=0.0161  p=[0.351 1.000 0.508 0.366]
   51            2600        0.007601          0.2257        6
  eval: e=0.0115  p=[0.348 1.000 0.510 0.009]
  eval: e=0.0096  p=[0.350 1.000 0.508 0.565]
  eval: e=0.1792  p=[0.322 1.000 0.514 0.098]
  eval: e=0.0175  p=[0.348 1.000 0.513 0.248]
  eval: e=0.0081  p=[0.348 1.000 0.507 0.000]
  eval: e=0.0083  p=[0.348 1.000 0.508 0.059]
  eval: e=0.0119  p=[0.351 0.996 0.507 0.148]
  eval: e=1.5046  p=[0.336 1.000 0.423 0.172]
  eval: e=0.1024  p=[0.350 1.000 0.501 0.405]
  eval: e=0.0764  p=[0.348 0.999 0.530 0.263]
  eval: e=0.0086  p=[0.348 1.000 0.506 0.173]
  eval: e=0.2721  p=[0.371 1.000 0.536 0.767]
  eval: e=0.0348  p=[0.345 1.000 0.511 0.573]
  eval: e=0.0093  p=[0.355 1.000 0.517 0.664]
  eval: e=0.0077  p=[0.349 1.000 0.510 0.000]
  eval: e=0.0078  p=[0.348 1.000 0.506 0.032]
  eval: e=0.1511  p=[0.313 1.000 0.050 0.649]
  eval: e=0.1164  p=[0.358 1.000 0.506 0.895]
  eval: e=0.0077  p=[0.348 1.000 0.506 0.000]
  eval: e=0.0160  p=[0.345 1.000 0.507 0.002]
  eval: e=0.0076  p=[0.348 1.000 0.507 0.215]
  eval: e=0.2365  p=[0.655 0.950 0.463 0.938]
  eval: e=0.0587  p=[0.370 1.000 0.535 0.889]
  eval: e=0.0109  p=[0.349 1.000 0.506 0.085]
  eval: e=0.0082  p=[0.352 1.000 0.515 0.197]
  eval: e=0.2539  p=[0.458 0.842 0.535 0.847]
  eval: e=0.0912  p=[0.348 1.000 0.536 0.141]
  eval: e=0.0076  p=[0.348 1.000 0.506 0.088]
  eval: e=1.6433  p=[0.350 1.000 0.348 0.633]
  eval: e=0.0398  p=[0.351 1.000 0.506 1.000]
  eval: e=0.0084  p=[0.347 1.000 0.504 0.284]
  eval: e=0.0076  p=[0.348 1.000 0.507 0.000]
  eval: e=0.0132  p=[0.348 1.000 0.510 0.484]
  eval: e=0.0111  p=[0.350 1.000 0.508 0.000]
  eval: e=0.3801  p=[0.760 1.000 0.516 0.168]
  eval: e=0.0133  p=[0.349 1.000 0.506 0.006]
  eval: e=0.0352  p=[0.348 1.000 0.499 0.544]
  eval: e=0.0821  p=[0.344 1.000 0.523 0.126]
  eval: e=0.0148  p=[0.349 1.000 0.513 0.066]
  eval: e=0.0560  p=[0.354 1.000 0.506 0.800]
  eval: e=0.0289  p=[0.351 1.000 0.507 0.014]
  eval: e=3.3035  p=[0.404 1.000 0.500 0.314]
  eval: e=0.1165  p=[0.352 1.000 0.555 0.008]
  eval: e=0.0102  p=[0.348 1.000 0.510 0.000]
  eval: e=0.0191  p=[0.354 1.000 0.516 0.000]
  eval: e=0.0178  p=[0.351 1.000 0.509 0.276]
  eval: e=0.0076  p=[0.348 1.000 0.507 0.000]
  eval: e=0.7835  p=[0.298 1.000 0.337 0.709]
  eval: e=0.2104  p=[0.355 1.000 0.509 0.131]
  eval: e=0.0171  p=[0.350 1.000 0.507 0.312]
   52            2650        0.007601          0.2011        7
  eval: e=0.0118  p=[0.348 1.000 0.510 0.147]
  eval: e=0.0077  p=[0.350 1.000 0.511 0.431]
  eval: e=2.5764  p=[0.382 1.000 0.503 0.432]
  eval: e=0.7464  p=[0.359 1.000 0.510 0.589]
  eval: e=0.0089  p=[0.349 1.000 0.507 0.117]
  eval: e=0.0090  p=[0.348 1.000 0.507 0.581]
  eval: e=0.0216  p=[0.347 0.997 0.506 0.044]
  eval: e=1.0113  p=[0.333 1.000 0.448 0.783]
  eval: e=0.0126  p=[0.347 1.000 0.508 0.000]
  eval: e=2.3104  p=[0.381 0.999 0.524 0.026]
  eval: e=0.0107  p=[0.346 1.000 0.506 0.147]
  eval: e=0.0278  p=[0.347 1.000 0.512 0.668]
  eval: e=0.5382  p=[0.360 1.000 0.513 0.470]
  eval: e=0.0666  p=[0.351 1.000 0.504 0.000]
  eval: e=0.0077  p=[0.348 1.000 0.506 0.000]
  eval: e=0.0077  p=[0.348 1.000 0.507 0.000]
  eval: e=4.3144  p=[0.438 1.000 0.450 0.441]
  eval: e=0.0699  p=[0.355 1.000 0.508 0.741]
  eval: e=0.0076  p=[0.348 1.000 0.507 0.000]
  eval: e=0.0355  p=[0.343 1.000 0.509 0.001]
  eval: e=0.0076  p=[0.348 1.000 0.507 0.189]
  eval: e=2.8603  p=[0.388 0.948 0.364 0.518]
  eval: e=0.0329  p=[0.353 1.000 0.528 0.451]
  eval: e=0.0123  p=[0.348 1.000 0.511 0.008]
  eval: e=0.1430  p=[0.352 1.000 0.503 0.133]
  eval: e=0.1791  p=[0.609 1.000 0.511 0.000]
  eval: e=0.0179  p=[0.349 1.000 0.505 0.225]
  eval: e=0.0076  p=[0.348 1.000 0.507 0.000]
  eval: e=0.0413  p=[0.349 1.000 0.523 0.000]
  eval: e=0.0389  p=[0.352 1.000 0.508 0.533]
  eval: e=0.0083  p=[0.347 1.000 0.506 0.111]
  eval: e=0.0076  p=[0.348 1.000 0.507 0.000]
  eval: e=0.0076  p=[0.348 1.000 0.507 0.000]
  eval: e=0.0132  p=[0.348 1.000 0.510 0.000]
  eval: e=6.5577  p=[0.523 0.953 0.502 0.826]
  eval: e=0.0113  p=[0.348 1.000 0.511 0.064]
  eval: e=0.0564  p=[0.348 1.000 0.498 0.446]
  eval: e=0.0126  p=[0.353 1.000 0.522 0.000]
  eval: e=0.0130  p=[0.348 1.000 0.511 0.000]
  eval: e=0.0134  p=[0.352 1.000 0.506 0.930]
  eval: e=0.0102  p=[0.351 1.000 0.516 0.076]
  eval: e=0.1912  p=[0.368 1.000 0.629 0.330]
  eval: e=1.7610  p=[0.356 1.000 0.452 0.840]
  eval: e=0.0099  p=[0.350 1.000 0.508 0.000]
  eval: e=0.0083  p=[0.351 1.000 0.512 0.201]
  eval: e=0.0316  p=[0.351 1.000 0.507 0.499]
  eval: e=0.0076  p=[0.348 1.000 0.507 0.000]
  eval: e=0.0264  p=[0.316 1.000 0.448 0.573]
  eval: e=0.0078  p=[0.351 1.000 0.512 0.123]
  eval: e=0.0322  p=[0.355 1.000 0.513 0.585]
   53            2700        0.007601          0.4786        8
  eval: e=0.0076  p=[0.348 1.000 0.507 0.085]
  eval: e=0.0114  p=[0.348 1.000 0.505 0.000]
  eval: e=0.1374  p=[0.335 1.000 0.524 0.423]
  eval: e=0.2373  p=[0.359 1.000 0.511 0.777]
  eval: e=0.0081  p=[0.350 1.000 0.509 0.175]
  eval: e=0.0110  p=[0.350 1.000 0.508 0.828]
  eval: e=0.0311  p=[0.353 0.998 0.507 0.118]
  eval: e=1.1872  p=[0.334 1.000 0.422 0.922]
  eval: e=0.0454  p=[0.347 1.000 0.500 1.000]
  eval: e=0.0665  p=[0.349 1.000 0.531 0.156]
  eval: e=0.0093  p=[0.346 1.000 0.506 0.195]
  eval: e=0.0199  p=[0.361 1.000 0.531 0.000]
  eval: e=0.1456  p=[0.356 1.000 0.511 0.576]
  eval: e=0.0417  p=[0.352 1.000 0.510 0.989]
  eval: e=0.0098  p=[0.348 1.000 0.510 0.000]
  eval: e=0.0076  p=[0.348 1.000 0.507 0.000]
  eval: e=0.0265  p=[0.343 1.000 0.485 1.000]
  eval: e=0.0107  p=[0.349 1.000 0.507 0.029]
  eval: e=0.0076  p=[0.348 1.000 0.507 0.000]
  eval: e=0.0335  p=[0.350 1.000 0.505 0.002]
  eval: e=0.0076  p=[0.348 1.000 0.507 0.000]
  eval: e=0.3721  p=[0.689 0.968 0.400 0.060]
  eval: e=0.0580  p=[0.349 1.000 0.520 0.865]
  eval: e=0.0197  p=[0.350 1.000 0.507 0.037]
  eval: e=0.0079  p=[0.351 1.000 0.514 0.083]
  eval: e=0.3896  p=[0.462 0.778 0.527 0.948]
  eval: e=0.0127  p=[0.351 1.000 0.507 0.591]
  eval: e=0.0076  p=[0.348 1.000 0.507 0.030]
  eval: e=0.0775  p=[0.347 1.000 0.530 0.000]
  eval: e=0.3893  p=[0.356 1.000 0.508 0.000]
  eval: e=0.0101  p=[0.346 1.000 0.506 0.122]
  eval: e=0.0076  p=[0.348 1.000 0.507 0.000]
  eval: e=0.0077  p=[0.348 1.000 0.506 0.000]
  eval: e=0.0218  p=[0.350 0.999 0.506 0.000]
  eval: e=0.3955  p=[0.306 0.762 0.512 0.000]
  eval: e=0.0092  p=[0.349 1.000 0.506 0.134]
  eval: e=0.0077  p=[0.348 1.000 0.507 0.214]
  eval: e=0.0087  p=[0.356 1.000 0.523 0.024]
  eval: e=0.0082  p=[0.348 1.000 0.508 0.000]
  eval: e=0.0119  p=[0.349 1.000 0.506 0.542]
  eval: e=0.0095  p=[0.350 1.000 0.510 0.154]
  eval: e=2.4991  p=[0.386 1.000 0.532 0.338]
  eval: e=1.8312  p=[0.353 1.000 0.461 0.228]
  eval: e=0.0088  p=[0.349 1.000 0.511 0.000]
  eval: e=0.0080  p=[0.353 1.000 0.512 0.810]
  eval: e=0.0129  p=[0.346 1.000 0.508 0.038]
  eval: e=0.0076  p=[0.348 1.000 0.507 0.000]
  eval: e=0.1047  p=[0.342 1.000 0.527 0.046]
  eval: e=0.0077  p=[0.349 1.000 0.510 0.075]
  eval: e=0.1217  p=[0.353 1.000 0.507 0.201]
   54            2750        0.007601          0.1699        9
  eval: e=0.0077  p=[0.348 1.000 0.506 0.054]
  eval: e=0.0103  p=[0.350 1.000 0.511 0.637]
  eval: e=0.0254  p=[0.344 1.000 0.507 0.351]
  eval: e=0.0135  p=[0.351 1.000 0.518 0.506]
  eval: e=0.0124  p=[0.349 1.000 0.506 0.150]
  eval: e=0.0293  p=[0.351 1.000 0.507 0.051]
  eval: e=0.0410  p=[0.352 0.999 0.507 0.099]
  eval: e=0.2556  p=[0.305 1.000 0.530 0.000]
  eval: e=0.0193  p=[0.348 1.000 0.502 0.000]
  eval: e=1.4049  p=[0.366 0.998 0.515 0.386]
  eval: e=0.0077  p=[0.348 1.000 0.506 0.181]
  eval: e=0.0090  p=[0.357 1.000 0.526 0.093]
  eval: e=0.0579  p=[0.345 1.000 0.517 0.387]
  eval: e=0.0375  p=[0.352 1.000 0.509 0.000]
  eval: e=0.0076  p=[0.349 1.000 0.509 0.000]
  eval: e=0.0076  p=[0.348 1.000 0.507 0.000]
  eval: e=0.0267  p=[0.335 1.000 0.489 0.458]
  eval: e=0.0303  p=[0.351 1.000 0.508 0.262]
  eval: e=0.0076  p=[0.348 1.000 0.507 0.000]
  eval: e=0.0139  p=[0.346 1.000 0.507 0.002]
  eval: e=0.0076  p=[0.348 1.000 0.507 0.000]
  eval: e=0.3515  p=[0.662 0.973 0.436 0.463]
  eval: e=0.0397  p=[0.347 1.000 0.519 0.000]
  eval: e=0.0088  p=[0.349 1.000 0.512 0.041]
  eval: e=0.0181  p=[0.349 1.000 0.505 0.028]
  eval: e=0.3823  p=[0.779 1.000 0.517 0.296]
  eval: e=0.0095  p=[0.350 1.000 0.509 0.043]
  eval: e=0.0076  p=[0.348 1.000 0.507 0.002]
  eval: e=0.0180  p=[0.348 1.000 0.514 0.000]
  eval: e=0.0096  p=[0.351 1.000 0.511 0.255]
  eval: e=0.0076  p=[0.347 1.000 0.504 0.157]
  eval: e=0.0076  p=[0.348 1.000 0.507 0.000]
  eval: e=0.0076  p=[0.348 1.000 0.507 0.000]
  eval: e=0.0078  p=[0.350 1.000 0.511 0.000]
  eval: e=0.3845  p=[0.967 0.876 0.515 0.335]
  eval: e=0.0138  p=[0.348 1.000 0.510 0.109]
  eval: e=0.0083  p=[0.348 1.000 0.508 0.000]
  eval: e=0.0234  p=[0.353 1.000 0.513 0.018]
  eval: e=0.0076  p=[0.348 1.000 0.507 0.000]
  eval: e=0.0217  p=[0.350 1.000 0.506 0.312]
  eval: e=0.0248  p=[0.349 1.000 0.518 0.211]
  eval: e=2.5488  p=[0.384 1.000 0.519 0.121]
  eval: e=1.5712  p=[0.358 1.000 0.495 0.000]
  eval: e=0.0128  p=[0.348 1.000 0.510 0.000]
  eval: e=0.0205  p=[0.352 1.000 0.510 0.502]
  eval: e=0.0198  p=[0.347 1.000 0.512 0.115]
  eval: e=0.0076  p=[0.348 1.000 0.507 0.000]
  eval: e=0.7467  p=[0.342 1.000 0.476 0.000]
  eval: e=0.0080  p=[0.348 1.000 0.508 0.044]
  eval: e=0.0581  p=[0.347 1.000 0.513 0.886]
   55            2800          0.0076          0.1677        0
  eval: e=0.0076  p=[0.348 1.000 0.507 0.076]
  eval: e=0.0078  p=[0.349 1.000 0.508 0.000]
  eval: e=0.0079  p=[0.349 1.000 0.510 0.005]
  eval: e=0.0639  p=[0.356 1.000 0.515 0.449]
  eval: e=0.0083  p=[0.348 1.000 0.509 0.192]
  eval: e=0.0397  p=[0.348 1.000 0.508 0.925]
  eval: e=0.0085  p=[0.347 1.000 0.507 0.086]
  eval: e=1.0532  p=[0.315 1.000 0.336 0.487]
  eval: e=0.0635  p=[0.348 1.000 0.507 1.000]
  eval: e=0.1573  p=[0.351 1.000 0.569 0.352]
  eval: e=0.0076  p=[0.348 1.000 0.507 0.161]
  eval: e=0.3316  p=[0.351 1.000 0.498 0.007]
  eval: e=0.0628  p=[0.357 1.000 0.518 0.277]
  eval: e=0.0265  p=[0.353 1.000 0.506 1.000]
  eval: e=0.0076  p=[0.349 1.000 0.509 0.000]
  eval: e=0.0076  p=[0.348 1.000 0.507 0.000]
  eval: e=0.0548  p=[0.341 1.000 0.509 0.170]
  eval: e=0.3663  p=[0.356 1.000 0.508 0.418]
  eval: e=0.0078  p=[0.348 1.000 0.506 0.000]
  eval: e=0.0095  p=[0.347 1.000 0.507 0.001]
  eval: e=0.0076  p=[0.348 1.000 0.507 0.000]
  eval: e=0.2979  p=[0.573 0.976 0.374 0.287]
  eval: e=0.0491  p=[0.354 1.000 0.515 1.000]
  eval: e=0.0103  p=[0.349 1.000 0.507 0.024]
  eval: e=0.0080  p=[0.351 1.000 0.512 0.037]
  eval: e=7.9650  p=[0.604 0.907 0.522 1.000]
  eval: e=0.0077  p=[0.348 1.000 0.507 0.329]
  eval: e=0.0076  p=[0.348 1.000 0.507 0.000]
  eval: e=0.0158  p=[0.348 1.000 0.504 0.000]
  eval: e=0.0138  p=[0.351 1.000 0.509 0.606]
  eval: e=0.0090  p=[0.348 1.000 0.505 0.000]
  eval: e=0.0076  p=[0.348 1.000 0.507 0.000]
  eval: e=0.0076  p=[0.348 1.000 0.507 0.000]
  eval: e=0.0169  p=[0.347 1.000 0.510 0.001]
  eval: e=0.3603  p=[0.919 0.800 0.503 0.600]
  eval: e=0.0226  p=[0.350 1.000 0.505 0.055]
  eval: e=0.0076  p=[0.348 1.000 0.507 0.034]
  eval: e=0.0435  p=[0.347 1.000 0.519 0.058]
  eval: e=0.0076  p=[0.348 1.000 0.507 0.000]
  eval: e=0.0086  p=[0.349 1.000 0.506 0.738]
  eval: e=0.0461  p=[0.351 1.000 0.506 0.000]
  eval: e=0.1419  p=[0.368 1.000 0.602 0.236]
  eval: e=0.1234  p=[0.347 1.000 0.545 0.140]
  eval: e=0.0208  p=[0.351 1.000 0.508 0.000]
  eval: e=0.0152  p=[0.347 1.000 0.511 0.212]
  eval: e=0.0085  p=[0.349 1.000 0.508 0.721]
  eval: e=0.0076  p=[0.348 1.000 0.507 0.000]
  eval: e=0.1146  p=[0.308 1.000 0.458 0.283]
  eval: e=0.0077  p=[0.349 1.000 0.510 0.022]
  eval: e=0.0099  p=[0.350 1.000 0.507 0.571]
   56            2850          0.0076          0.2334        1
  eval: e=0.0076  p=[0.348 1.000 0.506 0.051]
  eval: e=0.0099  p=[0.349 1.000 0.511 0.136]
  eval: e=0.0082  p=[0.348 1.000 0.508 0.000]
  eval: e=0.0206  p=[0.350 1.000 0.511 0.836]
  eval: e=0.0096  p=[0.349 1.000 0.507 0.000]
  eval: e=0.0888  p=[0.353 1.000 0.507 0.000]
  eval: e=0.0096  p=[0.347 1.000 0.507 0.046]
  eval: e=0.1556  p=[0.326 1.000 0.512 0.301]
  eval: e=0.0221  p=[0.348 1.000 0.502 0.000]
  eval: e=2.1342  p=[0.364 1.000 0.471 0.304]
  eval: e=0.0076  p=[0.348 1.000 0.507 0.126]
  eval: e=0.0387  p=[0.351 1.000 0.526 0.021]
  eval: e=0.0183  p=[0.352 1.000 0.510 0.069]
  eval: e=0.0240  p=[0.347 1.000 0.513 0.375]
  eval: e=0.0085  p=[0.347 1.000 0.507 0.000]
  eval: e=0.0076  p=[0.348 1.000 0.507 0.000]
  eval: e=0.8410  p=[0.350 1.000 0.485 0.797]
  eval: e=0.0780  p=[0.353 1.000 0.508 0.415]
  eval: e=0.0076  p=[0.348 1.000 0.507 0.000]
  eval: e=0.0078  p=[0.348 1.000 0.507 0.000]
  eval: e=0.0076  p=[0.348 1.000 0.507 0.000]
  eval: e=0.2902  p=[0.628 0.987 0.475 1.000]
  eval: e=0.0723  p=[0.359 1.000 0.522 0.297]
  eval: e=0.0081  p=[0.349 1.000 0.507 0.045]
  eval: e=0.0117  p=[0.350 1.000 0.514 0.019]
  eval: e=6.2305  p=[0.502 0.990 0.537 0.000]
  eval: e=0.0077  p=[0.348 1.000 0.507 0.280]
  eval: e=0.0076  p=[0.348 1.000 0.507 0.000]
  eval: e=0.0106  p=[0.348 1.000 0.505 0.000]
  eval: e=0.0133  p=[0.349 1.000 0.513 0.323]
  eval: e=0.0079  p=[0.347 1.000 0.505 0.151]
  eval: e=0.0076  p=[0.348 1.000 0.507 0.000]
  eval: e=0.0076  p=[0.348 1.000 0.507 0.000]
  eval: e=0.0180  p=[0.349 1.000 0.505 0.001]
  eval: e=0.3816  p=[0.876 0.911 0.508 0.967]
  eval: e=0.0079  p=[0.348 1.000 0.506 0.024]
  eval: e=0.0076  p=[0.348 1.000 0.507 0.009]
  eval: e=0.0077  p=[0.348 1.000 0.507 0.035]
  eval: e=0.0076  p=[0.348 1.000 0.507 0.000]
  eval: e=0.0081  p=[0.348 1.000 0.506 0.397]
  eval: e=0.0079  p=[0.348 1.000 0.507 0.191]
  eval: e=2.8610  p=[0.396 1.000 0.535 0.606]
  eval: e=1.8013  p=[0.360 1.000 0.492 0.200]
  eval: e=0.0141  p=[0.348 1.000 0.512 0.000]
  eval: e=0.0123  p=[0.350 1.000 0.507 0.531]
  eval: e=0.0080  p=[0.350 1.000 0.511 0.281]
  eval: e=0.0076  p=[0.348 1.000 0.507 0.000]
  eval: e=0.0654  p=[0.319 1.000 0.466 0.191]
  eval: e=0.0077  p=[0.348 1.000 0.507 0.015]
  eval: e=0.0087  p=[0.350 1.000 0.513 0.406]
   57            2900          0.0076          0.3084        2
  eval: e=0.0076  p=[0.348 1.000 0.506 0.000]
  eval: e=0.0091  p=[0.349 1.000 0.511 0.047]
  eval: e=0.0077  p=[0.349 1.000 0.509 0.004]
  eval: e=0.1179  p=[0.357 1.000 0.514 0.000]
  eval: e=0.0076  p=[0.349 1.000 0.509 0.112]
  eval: e=0.0099  p=[0.348 1.000 0.507 0.676]
  eval: e=0.0082  p=[0.348 1.000 0.507 0.032]
  eval: e=0.2234  p=[0.302 1.000 0.496 0.297]
  eval: e=0.0098  p=[0.348 1.000 0.505 0.357]
  eval: e=0.0738  p=[0.343 1.000 0.519 0.239]
  eval: e=0.0076  p=[0.348 1.000 0.507 0.000]
  eval: e=0.9974  p=[0.355 1.000 0.500 0.044]
  eval: e=0.0717  p=[0.352 1.000 0.522 0.963]
  eval: e=0.1638  p=[0.354 1.000 0.506 0.519]
  eval: e=0.0084  p=[0.348 1.000 0.508 0.000]
  eval: e=0.0076  p=[0.348 1.000 0.507 0.000]
  eval: e=0.3894  p=[0.348 1.000 0.491 0.488]
  eval: e=0.0084  p=[0.349 1.000 0.508 0.068]
  eval: e=0.0076  p=[0.348 1.000 0.507 0.000]
  eval: e=0.0077  p=[0.348 1.000 0.507 0.000]
  eval: e=0.0076  p=[0.348 1.000 0.507 0.000]
  eval: e=5.4764  p=[0.479 0.923 0.457 0.000]
  eval: e=0.0519  p=[0.364 1.000 0.524 0.842]
  eval: e=0.0092  p=[0.351 1.000 0.511 0.091]
  eval: e=0.0133  p=[0.348 1.000 0.511 0.049]
  eval: e=0.3894  p=[0.443 0.790 0.533 0.553]
  eval: e=0.0076  p=[0.348 1.000 0.507 0.086]
  eval: e=0.0076  p=[0.348 1.000 0.507 0.000]
  eval: e=0.0087  p=[0.348 1.000 0.506 0.000]
  eval: e=0.0122  p=[0.352 1.000 0.512 0.058]
  eval: e=0.0077  p=[0.347 1.000 0.506 0.166]
  eval: e=0.0076  p=[0.348 1.000 0.507 0.000]
  eval: e=0.0077  p=[0.348 1.000 0.506 0.000]
  eval: e=0.0088  p=[0.350 0.999 0.508 0.000]
  eval: e=0.3223  p=[0.308 0.936 0.513 0.090]
  eval: e=0.0090  p=[0.349 1.000 0.510 0.174]
  eval: e=0.0076  p=[0.348 1.000 0.507 0.002]
  eval: e=0.0082  p=[0.348 1.000 0.506 0.029]
  eval: e=0.0076  p=[0.348 1.000 0.507 0.000]
  eval: e=0.0077  p=[0.348 1.000 0.507 0.358]
  eval: e=0.0082  p=[0.347 1.000 0.507 0.057]
  eval: e=0.0143  p=[0.368 1.000 0.549 0.033]
  eval: e=0.0380  p=[0.346 1.000 0.497 0.261]
  eval: e=0.0118  p=[0.349 1.000 0.507 0.000]
  eval: e=0.0167  p=[0.353 1.000 0.508 0.772]
  eval: e=0.0087  p=[0.348 1.000 0.508 0.037]
  eval: e=0.0076  p=[0.348 1.000 0.507 0.000]
  eval: e=0.5917  p=[0.355 1.000 0.504 0.534]
  eval: e=0.0076  p=[0.349 1.000 0.509 0.012]
  eval: e=0.0128  p=[0.350 1.000 0.508 0.073]
   58            2950          0.0076          0.1848        3
  eval: e=0.0076  p=[0.348 1.000 0.507 0.043]
  eval: e=0.0107  p=[0.348 1.000 0.510 0.510]
  eval: e=0.0084  p=[0.349 1.000 0.507 0.000]
  eval: e=0.0773  p=[0.347 1.000 0.508 1.000]
  eval: e=0.0108  p=[0.347 1.000 0.509 0.105]
  eval: e=0.0084  p=[0.349 1.000 0.507 0.598]
  eval: e=0.0077  p=[0.348 1.000 0.507 0.016]
  eval: e=1.3834  p=[0.327 1.000 0.365 0.000]
  eval: e=0.0081  p=[0.348 1.000 0.504 0.742]
  eval: e=0.0382  p=[0.377 0.999 0.563 0.153]
  eval: e=0.0076  p=[0.348 1.000 0.507 0.037]
  eval: e=0.0161  p=[0.351 1.000 0.518 0.062]
  eval: e=0.0079  p=[0.349 1.000 0.505 0.756]
  eval: e=0.0114  p=[0.353 1.000 0.515 0.060]
  eval: e=0.0094  p=[0.349 1.000 0.508 0.000]
  eval: e=0.0076  p=[0.348 1.000 0.507 0.000]
  eval: e=0.0119  p=[0.345 1.000 0.504 0.185]
  eval: e=0.0078  p=[0.348 1.000 0.506 0.032]
  eval: e=0.0076  p=[0.348 1.000 0.507 0.000]
  eval: e=0.0076  p=[0.348 1.000 0.507 0.000]
  eval: e=0.0076  p=[0.348 1.000 0.507 0.000]
  eval: e=0.3497  p=[0.577 1.000 0.380 0.871]
  eval: e=0.0125  p=[0.347 1.000 0.510 0.000]
  eval: e=0.0078  p=[0.350 1.000 0.509 0.085]
  eval: e=0.0086  p=[0.348 1.000 0.509 0.039]
  eval: e=0.3611  p=[0.753 0.952 0.518 0.557]
  eval: e=0.0076  p=[0.348 1.000 0.507 0.027]
  eval: e=0.0076  p=[0.348 1.000 0.507 0.000]
  eval: e=0.0081  p=[0.348 1.000 0.506 0.000]
  eval: e=0.0508  p=[0.352 1.000 0.508 0.353]
  eval: e=0.0076  p=[0.347 1.000 0.505 0.000]
  eval: e=0.0076  p=[0.348 1.000 0.507 0.000]
  eval: e=0.0076  p=[0.348 1.000 0.507 0.000]
  eval: e=0.0097  p=[0.348 1.000 0.510 0.000]
  eval: e=0.3883  p=[0.989 0.926 0.515 0.543]
  eval: e=0.0085  p=[0.349 1.000 0.507 0.071]
  eval: e=0.0076  p=[0.348 1.000 0.507 0.000]
  eval: e=0.0093  p=[0.348 1.000 0.509 0.007]
  eval: e=0.0076  p=[0.348 1.000 0.507 0.000]
  eval: e=0.0077  p=[0.348 1.000 0.507 0.349]
  eval: e=0.0076  p=[0.348 1.000 0.507 0.013]
  eval: e=0.0187  p=[0.344 1.000 0.495 0.000]
  eval: e=0.0150  p=[0.362 1.000 0.533 0.506]
  eval: e=0.0088  p=[0.349 1.000 0.510 0.000]
  eval: e=0.0243  p=[0.347 1.000 0.512 0.002]
  eval: e=0.0077  p=[0.348 1.000 0.507 0.353]
  eval: e=0.0076  p=[0.348 1.000 0.507 0.000]
  eval: e=0.1455  p=[0.296 1.000 0.447 0.002]
  eval: e=0.0076  p=[0.348 1.000 0.507 0.010]
  eval: e=0.0512  p=[0.350 1.000 0.508 1.000]
   59            3000          0.0076         0.06465        0
  eval: e=0.0076  p=[0.348 1.000 0.507 0.037]
  eval: e=0.0081  p=[0.349 1.000 0.510 0.000]
  eval: e=0.0077  p=[0.348 1.000 0.507 0.001]
  eval: e=0.0081  p=[0.353 1.000 0.518 0.000]
  eval: e=0.0090  p=[0.349 1.000 0.506 0.082]
  eval: e=0.0103  p=[0.350 1.000 0.508 0.550]
  eval: e=0.0076  p=[0.348 1.000 0.507 0.000]
  eval: e=0.2750  p=[0.321 1.000 0.572 1.000]
  eval: e=0.0147  p=[0.348 1.000 0.503 0.447]
  eval: e=0.0186  p=[0.355 0.999 0.527 0.249]
  eval: e=0.0076  p=[0.348 1.000 0.506 0.058]
  eval: e=0.5186  p=[0.356 1.000 0.507 0.060]
  eval: e=0.0126  p=[0.348 1.000 0.504 0.000]
  eval: e=0.0113  p=[0.351 1.000 0.508 0.561]
  eval: e=0.0084  p=[0.348 1.000 0.509 0.000]
  eval: e=0.0076  p=[0.348 1.000 0.507 0.000]
  eval: e=0.0132  p=[0.347 1.000 0.508 0.000]
  eval: e=0.0077  p=[0.348 1.000 0.506 0.030]
  eval: e=0.0076  p=[0.348 1.000 0.507 0.000]
  eval: e=0.0076  p=[0.348 1.000 0.507 0.000]
  eval: e=0.0076  p=[0.348 1.000 0.507 0.000]
  eval: e=4.1958  p=[0.436 0.972 0.498 0.107]
  eval: e=0.1523  p=[0.362 1.000 0.524 0.521]
  eval: e=0.0099  p=[0.350 1.000 0.513 0.046]
  eval: e=0.0078  p=[0.350 1.000 0.510 0.019]
  eval: e=0.3206  p=[0.638 0.732 0.515 0.427]
  eval: e=0.0076  p=[0.348 1.000 0.507 0.010]
  eval: e=0.0076  p=[0.348 1.000 0.507 0.000]
  eval: e=0.0078  p=[0.348 1.000 0.506 0.000]
  eval: e=0.0114  p=[0.352 1.000 0.513 0.149]
  eval: e=0.0076  p=[0.348 1.000 0.506 0.000]
  eval: e=0.0076  p=[0.348 1.000 0.507 0.000]
  eval: e=0.0076  p=[0.348 1.000 0.507 0.000]
  eval: e=0.0077  p=[0.349 1.000 0.509 0.000]
  eval: e=0.2523  p=[0.297 1.000 0.508 0.000]
  eval: e=0.0093  p=[0.348 1.000 0.510 0.042]
  eval: e=0.0076  p=[0.348 1.000 0.507 0.000]
  eval: e=0.0078  p=[0.348 1.000 0.507 0.021]
  eval: e=0.0076  p=[0.348 1.000 0.507 0.000]
  eval: e=0.0076  p=[0.348 1.000 0.507 0.000]
  eval: e=0.0076  p=[0.348 1.000 0.507 0.000]
  eval: e=0.3396  p=[0.362 1.000 0.521 0.027]
  eval: e=0.0447  p=[0.351 1.000 0.528 0.098]
  eval: e=0.0135  p=[0.348 1.000 0.512 0.000]
  eval: e=0.0126  p=[0.352 1.000 0.509 0.877]
  eval: e=0.0076  p=[0.348 1.000 0.507 0.025]
  eval: e=0.0076  p=[0.348 1.000 0.507 0.000]
  eval: e=0.1922  p=[0.320 1.000 0.515 0.019]
  eval: e=0.0076  p=[0.348 1.000 0.507 0.000]
  eval: e=0.2047  p=[0.355 1.000 0.509 0.433]
   60            3050          0.0076          0.1372        0
Optimization ended: relative change in the objective value 
over the last OPTIONS.MaxStallIterations iterations is less than OPTIONS.FunctionTolerance.
=== Fit complete: error=0.007600  AIC=-4769.1 ===
