  eval: e=0.3377  p=[0.815 0.276 0.162 0.417 0.644]
  eval: e=0.2512  p=[0.906 0.680 0.794 0.050 0.379]
  eval: e=0.3245  p=[0.127 0.655 0.311 0.903 0.812]
  eval: e=43.4304  p=[0.913 0.163 0.529 0.945 0.533]
  eval: e=3.2364  p=[0.632 0.119 0.166 0.491 0.351]
  eval: e=0.3968  p=[0.098 0.498 0.602 0.489 0.939]
  eval: e=0.3952  p=[0.278 0.960 0.263 0.338 0.876]
  eval: e=41.2616  p=[0.547 0.340 0.654 0.900 0.550]
  eval: e=0.6042  p=[0.958 0.585 0.689 0.369 0.622]
  eval: e=0.3931  p=[0.965 0.224 0.748 0.111 0.587]
  eval: e=69.7083  p=[0.158 0.751 0.451 0.780 0.208]
  eval: e=14.9938  p=[0.971 0.255 0.084 0.390 0.301]
  eval: e=1.0050  p=[0.957 0.506 0.229 0.242 0.471]
  eval: e=45.3636  p=[0.485 0.699 0.913 0.404 0.230]
  eval: e=0.3744  p=[0.800 0.891 0.152 0.096 0.844]
  eval: e=0.3602  p=[0.142 0.959 0.826 0.132 0.195]
  eval: e=102.3508  p=[0.422 0.547 0.538 0.942 0.226]
  eval: e=83.0250  p=[0.916 0.139 0.996 0.956 0.171]
  eval: e=57.3377  p=[0.792 0.149 0.078 0.575 0.228]
  eval: e=0.3600  p=[0.959 0.258 0.443 0.060 0.436]
  eval: e=2.5506  p=[0.656 0.841 0.107 0.235 0.311]
  eval: e=0.3968  p=[0.036 0.254 0.962 0.353 0.923]
  eval: e=0.2213  p=[0.849 0.814 0.005 0.821 0.430]
  eval: e=0.2920  p=[0.934 0.244 0.775 0.015 0.185]
  eval: e=0.3962  p=[0.679 0.929 0.817 0.043 0.905]
  eval: e=0.3968  p=[0.758 0.350 0.869 0.169 0.980]
  eval: e=33.1471  p=[0.743 0.197 0.084 0.649 0.439]
  eval: e=154.4061  p=[0.392 0.251 0.400 0.732 0.111]
  eval: e=28.4068  p=[0.655 0.616 0.260 0.648 0.258]
  eval: e=0.3921  p=[0.171 0.473 0.800 0.451 0.409]
  eval: e=0.9756  p=[0.706 0.352 0.431 0.547 0.595]
  eval: e=0.3853  p=[0.032 0.831 0.911 0.296 0.262]
  eval: e=45.5352  p=[0.277 0.585 0.182 0.745 0.603]
  eval: e=0.3967  p=[0.046 0.550 0.264 0.189 0.711]
  eval: e=25.9542  p=[0.097 0.917 0.146 0.687 0.222]
  eval: e=11.3741  p=[0.823 0.286 0.136 0.184 0.117]
  eval: e=14.9639  p=[0.695 0.757 0.869 0.368 0.297]
  eval: e=48.7180  p=[0.317 0.754 0.580 0.626 0.319]
  eval: e=67.7254  p=[0.950 0.380 0.550 0.780 0.424]
  eval: e=0.3964  p=[0.034 0.568 0.145 0.081 0.508]
  eval: e=43.2088  p=[0.439 0.076 0.853 0.929 0.086]
  eval: e=1.7454  p=[0.382 0.054 0.622 0.776 0.262]
  eval: e=0.5512  p=[0.766 0.531 0.351 0.487 0.801]
  eval: e=15.3046  p=[0.795 0.779 0.513 0.436 0.029]
  eval: e=0.3958  p=[0.187 0.934 0.402 0.447 0.929]
  eval: e=0.3955  p=[0.490 0.130 0.076 0.306 0.730]
  eval: e=20.7233  p=[0.446 0.569 0.240 0.509 0.489]
  eval: e=6.1909  p=[0.646 0.469 0.123 0.511 0.579]
  eval: e=32.5581  p=[0.709 0.012 0.184 0.818 0.237]
  eval: e=107.4806  p=[0.755 0.337 0.240 0.795 0.459]

                                 Best            Mean     Stall
Iteration     f-count            f(x)            f(x)    Iterations
    0              50          0.2213           22.62        0
  eval: e=0.3952  p=[1.000 0.000 0.000 0.259 1.000]
  eval: e=34.8971  p=[1.000 1.000 1.000 0.000 0.000]
  eval: e=0.3952  p=[0.173 0.000 0.677 1.000 0.729]
  eval: e=0.3959  p=[0.348 0.000 0.810 0.026 0.144]
  eval: e=167.6349  p=[0.243 0.440 0.645 1.000 0.441]
  eval: e=0.3845  p=[1.000 0.000 0.671 0.836 1.000]
  eval: e=0.4784  p=[0.588 1.000 0.000 0.613 0.054]
  eval: e=0.3938  p=[0.922 0.941 0.000 0.000 1.000]
  eval: e=0.3968  p=[0.000 0.806 1.000 0.000 0.639]
  eval: e=9.6997  p=[0.960 0.000 0.000 0.324 0.000]
  eval: e=131.1386  p=[0.000 1.000 0.000 0.857 0.000]
  eval: e=0.3673  p=[1.000 0.285 0.576 0.418 0.653]
  eval: e=0.7805  p=[1.000 1.000 0.896 0.042 0.408]
  eval: e=0.5027  p=[1.000 1.000 1.000 0.703 0.000]
  eval: e=0.9022  p=[0.093 1.000 0.000 0.474 0.491]
  eval: e=180.4075  p=[0.000 0.858 0.537 1.000 0.431]
  eval: e=417.4940  p=[0.000 0.420 0.217 0.953 0.000]
  eval: e=0.3924  p=[1.000 0.903 1.000 0.000 0.754]
  eval: e=0.3962  p=[0.018 0.000 0.215 0.000 0.000]
  eval: e=0.3968  p=[1.000 0.000 1.000 0.304 1.000]
  eval: e=0.8874  p=[0.000 0.033 0.535 1.000 0.000]
  eval: e=0.3959  p=[0.402 0.195 0.249 0.664 1.000]
  eval: e=23.3795  p=[0.836 1.000 0.000 0.000 0.000]
  eval: e=13.0950  p=[1.000 1.000 0.000 0.000 0.047]
  eval: e=0.3165  p=[1.000 0.000 0.753 0.000 0.000]
  eval: e=0.3958  p=[1.000 0.105 0.000 0.000 0.885]
  eval: e=0.5429  p=[0.985 0.687 0.516 0.582 1.000]
  eval: e=0.3967  p=[0.124 0.000 0.000 0.197 0.561]
  eval: e=32.6450  p=[0.999 1.000 0.667 0.100 0.045]
  eval: e=50.9716  p=[0.000 1.000 0.146 1.000 0.735]
  eval: e=0.3652  p=[0.000 0.581 0.000 0.972 0.903]
  eval: e=34.1262  p=[1.000 0.208 0.178 1.000 0.769]
  eval: e=0.2995  p=[0.519 0.000 0.283 1.000 0.857]
  eval: e=2.1898  p=[0.110 1.000 0.000 1.000 1.000]
  eval: e=0.3411  p=[1.000 0.000 0.908 0.000 0.000]
  eval: e=0.3951  p=[0.669 0.000 1.000 0.528 0.627]
  eval: e=0.3562  p=[0.543 0.498 1.000 0.000 0.000]
  eval: e=28.8603  p=[1.000 0.000 0.233 0.694 0.000]
  eval: e=132.3781  p=[1.000 0.400 0.033 1.000 0.660]
  eval: e=0.0717  p=[0.995 0.287 0.000 0.000 0.267]
  eval: e=0.3963  p=[0.192 1.000 1.000 0.000 0.522]
  eval: e=0.3968  p=[0.064 1.000 1.000 0.000 0.730]
  eval: e=0.3931  p=[1.000 0.000 0.989 0.844 1.000]
  eval: e=83.2845  p=[0.000 1.000 0.000 1.000 0.000]
  eval: e=0.3965  p=[1.000 0.000 0.617 0.000 0.718]
  eval: e=3.5460  p=[0.236 0.118 0.000 0.749 0.361]
  eval: e=1.4645  p=[1.000 0.744 0.000 1.000 1.000]
  eval: e=0.3940  p=[1.000 1.000 0.000 0.000 1.000]
  eval: e=0.4736  p=[0.802 0.904 0.000 1.000 0.000]
  eval: e=0.3517  p=[0.790 1.000 0.000 0.146 0.660]
    1             100         0.07169           27.23        0
  eval: e=34.2314  p=[0.000 0.931 0.432 0.940 0.695]
  eval: e=0.3790  p=[0.850 0.609 0.621 0.093 0.616]
  eval: e=0.3954  p=[0.092 0.346 0.596 0.913 0.830]
  eval: e=0.3965  p=[0.000 0.298 1.000 0.000 0.000]
  eval: e=0.3968  p=[0.190 0.349 0.837 0.000 0.717]
  eval: e=17.9359  p=[0.958 0.016 0.918 0.771 0.132]
  eval: e=214.6160  p=[0.247 0.513 0.492 0.959 0.000]
  eval: e=0.7669  p=[0.846 1.000 0.313 0.175 0.527]
  eval: e=0.3467  p=[0.433 0.593 0.855 0.019 0.000]
  eval: e=0.2055  p=[0.998 0.396 0.095 0.000 0.386]
  eval: e=0.3964  p=[0.222 0.103 0.503 0.000 0.253]
  eval: e=5.1496  p=[0.910 0.992 0.962 0.939 0.880]
  eval: e=0.1950  p=[0.998 0.593 0.487 0.000 0.336]
  eval: e=0.5251  p=[1.000 0.874 0.785 1.000 0.000]
  eval: e=0.3923  p=[0.145 0.090 0.078 0.280 0.272]
  eval: e=4.0120  p=[0.774 0.831 0.451 0.458 0.459]
  eval: e=207.9242  p=[0.442 0.279 0.042 0.928 0.386]
  eval: e=0.3862  p=[1.000 1.000 0.929 0.000 0.713]
  eval: e=0.3961  p=[0.000 0.355 0.226 0.000 0.234]
  eval: e=4.2675  p=[0.914 0.240 0.579 0.290 0.114]
  eval: e=8.9294  p=[0.697 0.000 0.950 0.753 0.157]
  eval: e=38.6651  p=[1.000 0.193 0.129 0.718 0.479]
  eval: e=0.3187  p=[0.833 0.863 0.010 1.000 0.582]
  eval: e=189.1125  p=[0.771 0.434 0.342 1.000 0.393]
  eval: e=0.1989  p=[0.999 0.314 0.000 0.000 0.381]
  eval: e=0.3960  p=[0.770 0.000 0.048 0.086 0.747]
  eval: e=0.3949  p=[1.000 1.000 1.000 0.105 0.967]
  eval: e=0.3965  p=[0.000 0.956 0.252 0.509 1.000]
  eval: e=0.3273  p=[1.000 0.161 0.998 0.000 0.097]
  eval: e=0.3963  p=[0.717 0.371 0.000 0.000 0.956]
  eval: e=80.2209  p=[0.603 0.698 1.000 0.530 0.145]
  eval: e=0.3968  p=[0.298 0.081 0.421 0.047 0.635]
  eval: e=0.1249  p=[1.000 0.134 0.217 0.294 0.363]
  eval: e=0.3964  p=[0.914 0.000 0.290 0.000 0.755]
  eval: e=0.3416  p=[0.970 0.250 1.000 0.006 0.199]
  eval: e=0.3964  p=[0.383 0.000 0.814 1.000 1.000]
  eval: e=69.5183  p=[0.827 0.405 0.000 0.547 0.375]
  eval: e=0.5865  p=[1.000 0.000 0.265 0.162 0.000]
  eval: e=0.0795  p=[0.911 0.366 0.088 0.000 0.284]
  eval: e=0.2278  p=[1.000 0.000 0.000 0.000 0.002]
  eval: e=0.3968  p=[0.000 0.960 0.768 0.032 0.973]
  eval: e=0.3967  p=[0.121 0.510 0.000 0.000 0.726]
  eval: e=0.3694  p=[1.000 0.000 1.000 0.649 0.640]
  eval: e=0.3556  p=[1.000 0.141 0.695 0.000 0.264]
  eval: e=0.3636  p=[0.051 1.000 0.763 0.046 0.000]
  eval: e=18.0817  p=[0.578 0.160 0.029 0.591 0.404]
  eval: e=139.6523  p=[0.997 0.474 0.000 0.274 0.000]
  eval: e=0.3532  p=[0.834 0.846 0.003 0.281 0.973]
  eval: e=0.3806  p=[1.000 1.000 0.281 0.880 0.542]
  eval: e=0.3968  p=[0.503 0.168 0.258 0.000 1.000]
    2             150         0.07169           20.91        1
  eval: e=0.5289  p=[1.000 0.952 0.609 0.619 0.000]
  eval: e=0.3960  p=[0.845 0.038 0.000 0.170 0.934]
  eval: e=0.4743  p=[0.731 1.000 0.222 0.280 0.746]
  eval: e=0.3907  p=[0.492 0.584 0.805 0.015 0.353]
  eval: e=0.3968  p=[0.323 0.174 0.303 0.000 0.878]
  eval: e=0.1319  p=[0.959 0.224 0.173 0.000 0.244]
  eval: e=0.3963  p=[0.680 0.000 0.582 0.642 1.000]
  eval: e=0.1001  p=[0.907 0.061 0.000 0.068 0.200]
  eval: e=0.1653  p=[1.000 0.220 0.000 0.018 0.202]
  eval: e=0.3385  p=[1.000 0.771 0.125 0.000 0.653]
  eval: e=0.3964  p=[0.864 0.000 0.862 0.000 0.533]
  eval: e=1.8373  p=[0.961 0.855 1.000 0.965 0.571]
  eval: e=0.3242  p=[0.998 0.000 0.000 0.280 0.282]
  eval: e=0.1715  p=[0.994 0.513 0.621 0.000 0.292]
  eval: e=0.3967  p=[0.696 0.000 0.165 0.000 0.856]
  eval: e=6.6794  p=[1.000 0.613 0.396 0.000 0.113]
  eval: e=7.1406  p=[1.000 0.384 0.297 0.692 0.634]
  eval: e=6.6821  p=[1.000 0.459 0.276 0.237 0.267]
  eval: e=0.3746  p=[1.000 0.925 0.545 0.000 0.639]
  eval: e=55.4136  p=[0.859 0.572 0.000 0.000 0.000]
  eval: e=0.3516  p=[1.000 0.403 0.278 0.220 0.511]
  eval: e=0.0535  p=[0.391 0.308 0.053 0.423 0.374]
  eval: e=0.3956  p=[1.000 0.349 0.044 0.000 1.000]
  eval: e=0.3967  p=[0.728 0.000 1.000 0.000 0.544]
  eval: e=0.3446  p=[0.994 0.627 0.000 0.000 0.705]
  eval: e=4.1867  p=[1.000 0.465 0.041 0.107 0.259]
  eval: e=0.3726  p=[0.999 0.522 0.993 0.000 0.422]
  eval: e=0.9654  p=[0.822 1.000 0.277 0.416 0.656]
  eval: e=0.1939  p=[0.998 0.000 0.016 0.000 0.195]
  eval: e=0.3967  p=[1.000 0.000 0.877 0.089 0.783]
  eval: e=8.8392  p=[1.000 0.736 0.535 0.179 0.246]
  eval: e=0.3872  p=[0.000 0.852 0.691 0.000 0.000]
  eval: e=19.9954  p=[0.997 0.423 0.000 0.000 0.000]
  eval: e=0.3796  p=[1.000 0.270 0.665 0.000 0.415]
  eval: e=0.3382  p=[0.960 0.471 0.507 0.009 0.441]
  eval: e=4.2083  p=[0.696 0.146 0.000 0.356 0.297]
  eval: e=0.3814  p=[1.000 0.338 0.408 0.000 0.534]
  eval: e=0.3240  p=[1.000 0.059 0.291 0.000 0.278]
  eval: e=2.7934  p=[0.814 0.330 0.148 0.000 0.000]
  eval: e=20.5505  p=[0.988 0.530 0.000 0.000 0.097]
  eval: e=3.4348  p=[1.000 0.271 0.000 0.039 0.095]
  eval: e=0.1162  p=[1.000 0.000 0.006 0.327 0.437]
  eval: e=0.2360  p=[1.000 0.112 0.326 0.040 0.008]
  eval: e=0.3951  p=[0.996 0.000 0.494 0.000 0.556]
  eval: e=0.3964  p=[0.167 0.470 0.880 0.089 0.361]
  eval: e=0.3943  p=[1.000 0.446 0.627 0.150 0.827]
  eval: e=0.3874  p=[0.786 0.678 0.007 0.177 1.000]
  eval: e=118.6959  p=[0.878 0.503 0.004 0.237 0.037]
  eval: e=0.3963  p=[0.992 0.196 0.288 0.079 0.955]
  eval: e=0.3852  p=[0.270 0.000 0.208 0.170 0.000]
    3             200         0.05346           5.469        0
  eval: e=0.3966  p=[0.887 0.000 0.112 0.000 0.937]
  eval: e=0.2691  p=[0.553 0.326 0.552 0.287 0.308]
  eval: e=0.3950  p=[0.884 0.000 0.000 0.000 0.673]
  eval: e=0.3405  p=[0.893 0.820 0.000 0.070 0.760]
  eval: e=0.3937  p=[0.564 0.083 0.000 0.050 0.472]
  eval: e=0.1839  p=[1.000 0.458 0.000 0.000 0.391]
  eval: e=0.3933  p=[0.931 1.000 0.213 0.000 0.310]
  eval: e=0.2231  p=[0.974 0.000 0.000 0.000 0.000]
  eval: e=0.3854  p=[0.999 0.000 0.000 0.000 0.518]
  eval: e=0.3729  p=[0.689 0.215 0.101 0.481 0.796]
  eval: e=7.6436  p=[0.726 0.354 1.000 0.615 0.328]
  eval: e=0.2421  p=[1.000 0.000 0.209 0.000 0.165]
  eval: e=5.2737  p=[0.998 0.657 0.528 0.160 0.246]
  eval: e=0.3948  p=[0.988 0.117 0.441 0.000 0.613]
  eval: e=0.3908  p=[1.000 0.635 0.186 0.094 1.000]
  eval: e=0.3913  p=[0.000 0.435 0.353 0.091 0.000]
  eval: e=0.3959  p=[0.960 0.491 0.482 0.000 0.897]
  eval: e=0.1165  p=[0.952 0.116 0.000 0.132 0.254]
  eval: e=0.3765  p=[0.999 1.000 0.162 0.000 0.790]
  eval: e=0.3672  p=[0.966 0.689 0.371 0.029 0.491]
  eval: e=0.3276  p=[0.915 0.806 0.000 0.000 0.671]
  eval: e=0.3936  p=[0.000 0.434 0.000 0.098 0.259]
  eval: e=34.9461  p=[0.887 0.000 0.192 1.000 0.000]
  eval: e=9.2708  p=[0.893 0.299 0.000 0.430 0.423]
  eval: e=35.4911  p=[0.994 0.811 0.055 0.000 0.051]
  eval: e=1.0015  p=[0.902 0.634 0.060 0.000 0.327]
  eval: e=0.1829  p=[0.992 0.000 0.153 0.000 0.000]
  eval: e=0.2352  p=[0.631 0.000 0.288 0.197 0.000]
  eval: e=0.1795  p=[0.995 0.252 0.000 0.000 0.344]
  eval: e=0.3864  p=[0.255 0.124 1.000 0.353 0.000]
  eval: e=0.3880  p=[0.454 0.280 0.000 0.719 1.000]
  eval: e=3.0012  p=[0.810 1.000 0.620 0.423 0.655]
  eval: e=132.2084  p=[1.000 0.369 0.480 0.594 0.158]
  eval: e=8.0856  p=[0.978 0.599 0.577 0.000 0.000]
  eval: e=0.5863  p=[0.896 0.713 0.000 0.064 0.491]
  eval: e=0.1839  p=[1.000 0.334 0.916 0.000 0.000]
  eval: e=0.3962  p=[0.708 0.100 1.000 0.020 0.435]
  eval: e=0.3912  p=[0.897 0.126 0.255 0.017 0.546]
  eval: e=0.3058  p=[1.000 0.290 0.000 0.000 0.460]
  eval: e=0.4929  p=[0.978 0.740 0.000 0.000 0.424]
  eval: e=0.2064  p=[0.874 0.000 0.344 0.131 0.000]
  eval: e=218.9876  p=[0.827 0.442 0.025 0.738 0.085]
  eval: e=17.8561  p=[0.994 0.409 0.000 0.000 0.000]
  eval: e=0.3397  p=[0.984 0.256 0.023 0.000 0.171]
  eval: e=0.3795  p=[1.000 0.117 0.375 0.027 0.440]
  eval: e=0.3847  p=[1.000 0.584 0.578 0.000 0.632]
  eval: e=109.8435  p=[0.567 0.744 0.011 0.005 0.012]
  eval: e=34.9534  p=[1.000 0.339 0.000 0.119 0.000]
  eval: e=0.3968  p=[0.221 0.157 0.000 0.292 1.000]
  eval: e=0.3931  p=[0.533 0.071 0.000 0.686 1.000]
    4             250         0.05346           12.62        1
  eval: e=0.3965  p=[0.027 0.795 0.000 0.459 1.000]
  eval: e=9.6034  p=[0.487 1.000 1.000 0.498 0.000]
  eval: e=0.3743  p=[0.186 0.139 0.016 0.500 0.371]
  eval: e=0.3907  p=[0.673 0.334 0.073 0.262 0.799]
  eval: e=1.5904  p=[0.987 0.099 0.000 0.061 0.000]
  eval: e=10.9766  p=[0.827 0.574 0.173 0.328 0.367]
  eval: e=188.1746  p=[0.676 0.474 0.000 0.575 0.000]
  eval: e=3.4318  p=[0.826 0.311 0.044 0.481 0.526]
  eval: e=3.0688  p=[0.855 0.720 0.009 0.322 0.469]
  eval: e=0.3924  p=[0.516 0.026 0.062 0.212 0.477]
  eval: e=81.8283  p=[0.543 0.567 0.235 0.923 0.000]
  eval: e=22.5116  p=[0.995 0.402 0.000 0.026 0.000]
  eval: e=3.2107  p=[0.967 1.000 0.782 0.000 0.234]
  eval: e=0.3962  p=[0.390 0.266 0.000 0.204 0.754]
  eval: e=0.4121  p=[0.788 1.000 0.056 0.188 0.471]
  eval: e=0.3845  p=[0.274 0.244 0.252 0.680 0.640]
  eval: e=0.3923  p=[0.948 0.468 0.632 0.000 0.637]
  eval: e=0.3967  p=[0.086 0.000 0.033 0.046 0.376]
  eval: e=0.3927  p=[0.933 0.309 0.000 0.000 0.799]
  eval: e=0.3965  p=[1.000 0.000 0.633 0.297 0.927]
  eval: e=0.3838  p=[0.855 0.281 0.000 0.005 0.609]
  eval: e=0.3042  p=[0.621 0.493 0.058 0.000 0.393]
  eval: e=6.4409  p=[0.619 0.542 0.260 0.560 0.630]
  eval: e=127.6287  p=[1.000 0.539 0.683 0.536 0.000]
  eval: e=0.1872  p=[0.978 0.000 0.099 0.000 0.000]
  eval: e=0.3622  p=[0.842 0.000 0.000 0.232 0.541]
  eval: e=0.3366  p=[0.987 0.024 0.000 0.000 0.362]
  eval: e=0.4008  p=[0.761 0.304 0.014 0.000 0.158]
  eval: e=0.2682  p=[0.992 0.529 0.000 0.000 0.494]
  eval: e=0.2581  p=[0.000 0.303 0.142 0.701 0.293]
  eval: e=0.3426  p=[0.410 0.000 0.000 0.609 0.523]
  eval: e=0.5804  p=[0.976 0.448 0.104 0.270 0.561]
  eval: e=0.2887  p=[0.936 0.000 0.279 0.410 0.527]
  eval: e=2.8056  p=[0.729 0.445 0.321 0.317 0.380]
  eval: e=0.3950  p=[0.137 0.224 0.195 0.350 0.445]
  eval: e=19.4576  p=[0.549 0.518 1.000 0.382 0.047]
  eval: e=0.6551  p=[0.000 0.481 0.000 0.486 0.000]
  eval: e=0.3156  p=[0.667 0.209 0.000 0.387 0.627]
  eval: e=0.3960  p=[0.870 0.279 0.084 0.000 0.916]
  eval: e=0.4738  p=[0.859 0.519 0.017 0.274 0.671]
  eval: e=0.3915  p=[0.322 0.225 0.573 0.513 0.496]
  eval: e=246.6087  p=[0.984 0.412 0.022 0.750 0.071]
  eval: e=2.7028  p=[0.994 0.586 0.414 0.019 0.167]
  eval: e=2.1920  p=[0.303 0.547 0.000 0.158 0.000]
  eval: e=0.3966  p=[0.000 0.022 0.000 0.190 0.385]
  eval: e=24.6293  p=[0.359 0.700 0.192 0.191 0.169]
  eval: e=34.9974  p=[0.920 0.496 0.000 0.000 0.000]
  eval: e=0.3957  p=[0.893 0.364 0.000 0.021 1.000]
  eval: e=99.4224  p=[0.000 0.845 0.265 0.606 0.289]
  eval: e=3.9847  p=[1.000 0.997 0.000 0.000 0.145]
    5             300         0.05346           18.13        2
  eval: e=147.8118  p=[0.000 0.864 0.126 0.867 0.398]
  eval: e=0.3898  p=[0.563 0.335 0.236 0.102 0.493]
  eval: e=151.6769  p=[0.000 0.788 0.176 1.000 0.303]
  eval: e=0.4966  p=[0.262 0.505 0.103 0.595 0.547]
  eval: e=15.8132  p=[1.000 0.331 0.076 0.126 0.081]
  eval: e=0.2471  p=[0.710 0.000 0.152 0.147 0.182]
  eval: e=0.8599  p=[0.318 0.088 0.045 0.583 0.241]
  eval: e=4.9662  p=[0.910 0.645 0.010 0.520 0.616]
  eval: e=0.2835  p=[0.503 0.990 0.047 0.616 0.169]
  eval: e=0.5361  p=[0.596 0.368 0.062 0.000 0.000]
  eval: e=0.3956  p=[0.170 0.658 0.000 0.000 0.536]
  eval: e=0.3491  p=[0.278 0.505 0.223 0.108 0.177]
  eval: e=0.3741  p=[1.000 0.038 0.712 0.000 0.264]
  eval: e=15.9653  p=[0.747 0.560 0.440 0.049 0.000]
  eval: e=28.4841  p=[0.617 0.462 0.000 0.192 0.225]
  eval: e=1.3324  p=[0.550 0.565 0.300 0.805 1.000]
  eval: e=0.3796  p=[0.166 0.336 0.321 0.420 0.328]
  eval: e=0.2247  p=[1.000 0.489 0.020 0.000 0.425]
  eval: e=0.1068  p=[0.970 0.378 0.252 0.000 0.221]
  eval: e=1.6450  p=[0.825 0.330 0.479 0.412 0.378]
  eval: e=0.3913  p=[0.203 0.002 0.055 0.360 0.318]
  eval: e=0.1988  p=[0.926 0.159 0.116 0.348 0.490]
  eval: e=0.3966  p=[0.267 1.000 0.000 0.289 1.000]
  eval: e=9.0663  p=[0.909 0.652 1.000 0.306 0.206]
  eval: e=0.3954  p=[0.391 0.029 0.125 0.303 0.553]
  eval: e=0.0838  p=[0.781 0.002 0.000 0.408 0.432]
  eval: e=0.3651  p=[0.170 0.186 0.234 0.506 0.290]
  eval: e=0.0855  p=[0.761 0.222 0.000 0.157 0.358]
  eval: e=0.2730  p=[0.912 0.510 0.045 0.049 0.463]
  eval: e=77.0509  p=[0.177 0.504 0.000 0.900 0.661]
  eval: e=8.7777  p=[0.343 0.275 0.013 0.359 0.000]
  eval: e=0.3833  p=[0.000 0.285 0.005 0.297 0.164]
  eval: e=0.3828  p=[1.000 0.229 0.039 0.000 0.614]
  eval: e=0.3790  p=[0.648 0.091 0.177 0.615 0.808]
  eval: e=0.3932  p=[0.036 0.021 0.410 0.682 0.385]
  eval: e=7.2999  p=[0.331 0.341 0.819 0.645 0.163]
  eval: e=18.7426  p=[0.484 0.871 1.000 0.478 0.421]
  eval: e=112.6501  p=[0.390 0.367 0.016 0.817 0.530]
  eval: e=0.3955  p=[0.318 0.388 0.153 0.614 1.000]
  eval: e=0.2734  p=[0.745 0.039 0.032 0.422 0.564]
  eval: e=0.3917  p=[0.042 0.391 0.289 0.547 0.482]
  eval: e=0.3958  p=[1.000 0.000 0.000 0.000 0.811]
  eval: e=0.3936  p=[0.282 0.116 0.680 0.379 0.331]
  eval: e=1.7848  p=[0.620 0.283 0.023 0.153 0.174]
  eval: e=11.9089  p=[0.477 1.000 1.000 0.493 0.000]
  eval: e=0.2335  p=[0.000 0.378 0.000 0.494 0.000]
  eval: e=0.3951  p=[1.000 0.134 0.107 0.019 0.793]
  eval: e=0.8808  p=[0.813 0.741 0.005 0.168 0.561]
  eval: e=0.4360  p=[1.000 1.000 0.549 0.829 0.000]
  eval: e=0.7899  p=[0.358 1.000 0.021 0.480 0.000]
    6             350         0.05346           12.56        3
  eval: e=3.3307  p=[0.953 0.000 0.212 0.277 0.000]
  eval: e=0.3958  p=[1.000 0.000 0.000 0.000 0.817]
  eval: e=0.5074  p=[0.537 1.000 0.382 0.620 0.438]
  eval: e=168.6135  p=[0.554 0.495 0.070 0.884 0.145]
  eval: e=0.3810  p=[0.319 0.345 0.068 0.327 0.472]
  eval: e=0.3464  p=[0.194 0.633 0.023 0.000 0.112]
  eval: e=0.3923  p=[0.105 1.000 0.272 0.355 0.630]
  eval: e=0.3659  p=[0.266 0.035 0.000 0.356 0.224]
  eval: e=0.7623  p=[0.217 0.000 0.069 0.634 0.000]
  eval: e=0.3581  p=[0.613 0.768 0.079 0.139 0.708]
  eval: e=0.3963  p=[0.000 0.676 0.006 0.557 1.000]
  eval: e=0.3968  p=[0.000 0.124 0.385 0.132 0.590]
  eval: e=0.3181  p=[0.857 0.000 0.417 0.335 0.432]
  eval: e=0.3818  p=[1.000 0.746 0.880 0.000 0.595]
  eval: e=0.3899  p=[0.518 0.227 0.212 0.479 0.730]
  eval: e=0.3678  p=[0.629 1.000 0.662 0.000 0.567]
  eval: e=30.9869  p=[0.000 0.159 0.000 0.883 0.022]
  eval: e=0.2735  p=[0.225 0.397 0.047 0.288 0.203]
  eval: e=7.0980  p=[1.000 0.394 0.180 0.000 0.000]
  eval: e=384.1303  p=[0.268 0.637 0.276 0.435 0.000]
  eval: e=39.9188  p=[0.511 0.466 0.080 0.619 0.505]
  eval: e=19.0346  p=[0.832 0.024 0.048 0.861 0.551]
  eval: e=288.8822  p=[0.000 0.681 0.006 0.846 0.355]
  eval: e=0.3968  p=[0.205 0.195 0.417 0.000 0.519]
  eval: e=0.3223  p=[0.238 0.233 0.110 0.768 0.602]
  eval: e=2.7200  p=[0.232 0.268 0.066 0.611 0.307]
  eval: e=45.2177  p=[0.604 0.113 0.241 0.580 0.102]
  eval: e=4.6401  p=[0.576 0.166 0.009 0.684 0.592]
  eval: e=10.3085  p=[0.736 0.000 0.087 0.568 0.275]
  eval: e=34.0861  p=[0.397 0.323 0.173 0.731 0.513]
  eval: e=0.3910  p=[0.315 0.283 0.029 0.350 0.560]
  eval: e=2.6113  p=[0.308 0.124 0.000 0.467 0.000]
  eval: e=0.5541  p=[0.636 0.453 0.000 0.222 0.459]
  eval: e=0.3958  p=[0.270 0.012 0.000 0.815 1.000]
  eval: e=3.7647  p=[0.246 0.455 0.650 0.695 0.342]
  eval: e=0.3795  p=[0.491 0.099 0.000 0.239 0.409]
  eval: e=0.3114  p=[1.000 0.510 0.000 0.000 0.572]
  eval: e=269.7740  p=[0.098 0.499 0.041 0.851 0.334]
  eval: e=16.4077  p=[0.273 0.451 0.127 0.350 0.000]
  eval: e=0.2370  p=[0.739 0.000 0.052 0.230 0.336]
  eval: e=0.3753  p=[0.641 0.267 0.000 0.000 0.000]
  eval: e=0.3691  p=[0.390 0.230 0.006 0.651 0.736]
  eval: e=0.3963  p=[0.000 0.000 0.480 0.311 0.261]
  eval: e=0.3305  p=[1.000 0.014 0.056 0.252 0.536]
  eval: e=2.3647  p=[0.654 0.398 0.000 0.370 0.507]
  eval: e=0.1305  p=[0.387 0.000 0.046 0.731 0.501]
  eval: e=0.3967  p=[0.532 0.113 0.080 0.216 1.000]
  eval: e=0.3914  p=[0.537 0.856 0.057 0.789 0.562]
  eval: e=110.9949  p=[0.374 0.352 0.413 1.000 0.575]
  eval: e=0.3966  p=[0.000 0.199 0.024 0.592 0.859]
    7             400         0.05346           29.13        4
  eval: e=0.3960  p=[1.000 0.373 0.197 0.000 1.000]
  eval: e=0.3355  p=[0.415 1.000 0.718 0.287 0.542]
  eval: e=0.3945  p=[0.362 0.574 0.105 0.067 0.604]
  eval: e=0.3915  p=[0.869 0.504 0.029 0.058 0.901]
  eval: e=0.3965  p=[0.000 0.324 0.052 0.637 0.897]
  eval: e=0.3926  p=[0.000 0.549 0.072 0.251 0.389]
  eval: e=0.3968  p=[0.050 0.144 0.476 0.131 0.759]
  eval: e=0.3960  p=[0.000 0.000 0.043 0.000 0.000]
  eval: e=0.3962  p=[0.314 0.201 0.000 0.000 0.475]
  eval: e=0.3838  p=[0.536 0.672 0.063 0.449 1.000]
  eval: e=0.7032  p=[0.600 0.331 0.040 0.728 0.874]
  eval: e=0.0850  p=[1.000 0.000 0.172 0.240 0.288]
  eval: e=54.0152  p=[0.666 0.488 0.033 0.669 0.470]
  eval: e=0.3936  p=[0.644 0.507 0.234 0.298 0.924]
  eval: e=1.9370  p=[0.593 0.957 0.396 0.552 0.875]
  eval: e=0.3885  p=[0.095 0.364 1.000 0.320 0.000]
  eval: e=90.0989  p=[0.446 0.173 0.082 0.915 0.455]
  eval: e=0.2306  p=[0.000 0.228 0.078 0.612 0.026]
  eval: e=1.2864  p=[0.883 0.345 0.106 0.476 0.599]
  eval: e=0.3951  p=[0.248 0.327 0.029 0.000 0.371]
  eval: e=0.3832  p=[0.847 0.790 0.078 0.000 0.836]
  eval: e=12.8118  p=[0.420 0.158 0.000 0.473 0.189]
  eval: e=88.7079  p=[0.827 0.108 0.013 1.000 0.000]
  eval: e=0.3911  p=[0.612 0.000 0.193 0.376 0.608]
  eval: e=134.3665  p=[0.853 0.177 0.048 0.725 0.000]
  eval: e=2.0531  p=[0.401 0.186 0.119 0.500 0.273]
  eval: e=0.2275  p=[0.896 0.079 0.000 0.000 0.055]
  eval: e=43.6159  p=[0.394 0.326 0.036 0.904 0.706]
  eval: e=15.5289  p=[0.294 0.245 0.044 0.562 0.242]
  eval: e=0.3692  p=[0.208 0.099 0.290 0.414 0.177]
  eval: e=0.3915  p=[0.439 0.226 0.049 0.736 1.000]
  eval: e=8.8117  p=[0.379 0.430 0.014 0.622 0.592]
  eval: e=162.0645  p=[0.473 0.528 0.307 0.655 0.073]
  eval: e=0.3965  p=[0.000 0.103 0.094 0.505 0.615]
  eval: e=0.6349  p=[1.000 0.803 0.067 0.000 0.377]
  eval: e=0.3936  p=[0.791 0.305 0.378 0.000 0.586]
  eval: e=0.3967  p=[0.099 0.111 0.031 0.050 0.491]
  eval: e=0.2048  p=[0.598 0.438 0.080 0.000 0.267]
  eval: e=0.1054  p=[0.910 0.248 0.054 0.000 0.202]
  eval: e=19.2232  p=[0.514 0.423 0.001 0.165 0.113]
  eval: e=0.2562  p=[1.000 0.000 0.238 0.152 0.085]
  eval: e=111.6406  p=[0.000 0.313 0.046 0.824 0.000]
  eval: e=1.1935  p=[0.861 0.098 0.000 0.218 0.217]
  eval: e=0.3968  p=[0.107 0.000 0.090 0.526 0.900]
  eval: e=0.3968  p=[0.000 0.000 0.665 0.105 0.409]
  eval: e=0.3069  p=[0.813 0.099 0.097 0.937 0.959]
  eval: e=0.3916  p=[0.194 0.331 0.000 0.595 0.728]
  eval: e=22.4904  p=[0.571 0.559 0.037 1.000 0.815]
  eval: e=0.3967  p=[0.000 0.000 0.000 0.718 1.000]
  eval: e=0.3791  p=[0.890 0.559 0.048 0.266 1.000]
    8             450         0.05346           15.65        5
  eval: e=46.5110  p=[0.229 0.720 0.000 0.617 0.000]
  eval: e=0.3940  p=[0.000 0.042 1.000 0.549 0.120]
  eval: e=0.3967  p=[0.120 0.000 0.000 0.540 0.882]
  eval: e=0.3967  p=[0.604 0.228 0.000 0.000 1.000]
  eval: e=66.6929  p=[0.906 0.295 0.058 0.611 0.395]
  eval: e=0.3082  p=[0.619 0.127 0.212 0.394 0.474]
  eval: e=0.3863  p=[0.328 0.000 0.207 0.288 0.247]
  eval: e=70.9017  p=[1.000 0.282 0.080 0.447 0.209]
  eval: e=1.5094  p=[0.758 0.520 0.041 0.421 0.688]
  eval: e=0.3946  p=[0.843 0.357 0.087 0.099 0.903]
  eval: e=0.1899  p=[0.943 0.000 0.074 0.000 0.000]
  eval: e=40.1080  p=[0.445 0.091 0.000 0.575 0.045]
  eval: e=0.3489  p=[0.552 0.789 0.155 0.750 0.388]
  eval: e=0.3964  p=[0.221 0.049 0.000 0.536 0.831]
  eval: e=0.3790  p=[0.670 1.000 0.408 0.314 0.960]
  eval: e=0.3964  p=[0.000 0.000 0.098 0.484 0.528]
  eval: e=0.3946  p=[0.781 0.346 0.232 0.000 0.697]
  eval: e=34.2431  p=[0.544 0.014 0.053 0.800 0.170]
  eval: e=0.3676  p=[0.282 0.298 0.000 0.596 0.626]
  eval: e=0.3662  p=[1.000 0.000 0.087 0.515 0.840]
  eval: e=0.3865  p=[0.994 0.525 0.000 0.029 0.884]
  eval: e=0.3877  p=[0.000 0.528 0.072 0.000 0.000]
  eval: e=21.2786  p=[1.000 0.000 0.012 0.746 0.380]
  eval: e=63.2441  p=[0.941 0.138 0.000 0.450 0.000]
  eval: e=1.3782  p=[0.981 0.280 0.000 0.045 0.170]
  eval: e=0.1655  p=[0.723 0.066 0.000 0.269 0.389]
  eval: e=11.2765  p=[0.890 0.200 0.159 0.345 0.219]
  eval: e=0.3276  p=[0.211 0.439 0.068 0.181 0.141]
  eval: e=0.3964  p=[0.000 0.594 0.000 0.000 0.484]
  eval: e=0.3914  p=[0.000 0.310 0.000 0.157 0.166]
  eval: e=22.6495  p=[0.523 0.018 0.057 0.698 0.242]
  eval: e=0.2951  p=[0.048 0.553 0.074 0.548 0.411]
  eval: e=58.9976  p=[0.606 0.289 0.612 0.635 0.255]
  eval: e=0.3945  p=[0.103 0.204 0.295 0.193 0.238]
  eval: e=3.1593  p=[0.919 0.712 0.032 0.439 0.479]
  eval: e=122.2127  p=[0.842 0.552 0.804 0.491 0.034]
  eval: e=0.1588  p=[0.299 0.176 0.041 0.575 0.391]
  eval: e=0.1232  p=[1.000 0.250 0.087 0.145 0.339]
  eval: e=0.1397  p=[1.000 0.045 0.017 0.504 0.581]
  eval: e=175.5202  p=[0.343 0.747 0.011 0.312 0.122]
  eval: e=26.9185  p=[0.814 0.129 0.454 0.712 0.346]
  eval: e=0.3941  p=[0.614 0.074 0.086 0.470 0.862]
  eval: e=41.1976  p=[1.000 0.474 0.281 0.202 0.095]
  eval: e=0.3942  p=[0.000 0.240 0.096 0.616 0.557]
  eval: e=0.3889  p=[0.118 1.000 1.000 0.000 0.195]
  eval: e=0.3958  p=[0.191 0.315 0.117 0.600 0.869]
  eval: e=28.5605  p=[0.439 0.781 0.054 0.310 0.240]
  eval: e=0.3964  p=[0.649 0.271 0.001 0.000 0.853]
  eval: e=19.2364  p=[1.000 0.749 0.274 0.368 0.000]
  eval: e=5.4649  p=[1.000 0.832 0.026 0.000 0.205]
    9             500         0.05346           17.43        6
  eval: e=0.3575  p=[0.488 0.000 0.111 0.572 0.542]
  eval: e=0.3775  p=[0.516 0.008 0.326 0.393 0.396]
  eval: e=3.9944  p=[0.373 0.804 0.221 0.867 0.826]
  eval: e=127.1045  p=[0.565 0.603 0.077 0.260 0.117]
  eval: e=76.9962  p=[1.000 0.301 0.058 0.350 0.109]
  eval: e=30.7722  p=[1.000 0.250 0.194 0.333 0.130]
  eval: e=0.9212  p=[0.515 0.010 0.000 0.393 0.150]
  eval: e=0.2155  p=[0.535 0.415 0.000 0.307 0.494]
  eval: e=92.8842  p=[0.996 0.210 0.046 0.426 0.000]
  eval: e=0.2277  p=[1.000 0.189 0.062 0.239 0.482]
  eval: e=31.8316  p=[0.879 0.440 0.088 0.577 0.470]
  eval: e=0.9109  p=[0.427 0.207 0.072 0.539 0.404]
  eval: e=0.3852  p=[0.843 0.051 0.510 0.000 0.321]
  eval: e=12.4969  p=[0.739 0.573 0.295 0.554 0.490]
  eval: e=46.2581  p=[0.643 0.734 0.124 0.041 0.142]
  eval: e=0.3578  p=[0.280 0.564 0.000 0.068 0.286]
  eval: e=256.7567  p=[0.290 0.403 0.209 0.702 0.211]
  eval: e=0.1359  p=[0.803 0.120 0.005 0.139 0.325]
  eval: e=0.3541  p=[0.492 0.308 0.308 0.000 0.106]
  eval: e=0.3967  p=[0.241 0.173 0.548 0.297 0.661]
  eval: e=4.9675  p=[0.979 0.189 0.021 0.473 0.437]
  eval: e=0.3823  p=[0.528 0.423 0.076 0.231 0.619]
  eval: e=0.3763  p=[0.332 0.588 0.004 0.352 0.655]
  eval: e=0.3927  p=[0.559 0.391 0.513 0.000 0.406]
  eval: e=0.2214  p=[0.896 0.278 0.129 0.044 0.366]
  eval: e=0.4283  p=[0.763 0.093 0.052 0.446 0.447]
  eval: e=0.3906  p=[0.344 0.054 0.196 0.180 0.261]
  eval: e=0.0946  p=[0.898 0.336 0.039 0.000 0.259]
  eval: e=0.2244  p=[0.715 0.242 0.031 0.216 0.455]
  eval: e=254.2895  p=[0.042 0.422 0.086 1.000 0.414]
  eval: e=4.8942  p=[0.321 0.066 0.031 0.546 0.035]
  eval: e=0.3653  p=[0.000 0.543 0.095 0.372 0.282]
  eval: e=0.3596  p=[0.745 0.135 0.352 0.460 0.634]
  eval: e=0.3880  p=[0.800 0.330 0.079 0.315 0.903]
  eval: e=0.1990  p=[0.736 0.000 0.632 0.629 0.492]
  eval: e=5.8781  p=[0.903 0.064 1.000 0.532 0.000]
  eval: e=199.9251  p=[0.468 0.398 0.049 0.788 0.336]
  eval: e=8.9708  p=[0.796 0.189 0.056 0.494 0.405]
  eval: e=0.3960  p=[0.124 0.573 0.090 0.003 0.473]
  eval: e=0.3942  p=[0.416 0.000 0.057 0.233 0.456]
  eval: e=0.3709  p=[0.551 0.340 0.373 0.250 0.454]
  eval: e=0.3953  p=[0.887 0.083 0.000 0.050 0.794]
  eval: e=6.9531  p=[0.704 0.605 0.373 0.000 0.081]
  eval: e=0.4689  p=[0.950 0.370 0.026 0.046 0.266]
  eval: e=0.3715  p=[0.249 0.251 0.201 0.130 0.016]
  eval: e=0.3774  p=[0.000 0.084 0.010 0.481 0.163]
  eval: e=0.2619  p=[0.531 0.882 0.029 0.166 0.598]
  eval: e=0.3108  p=[0.693 0.986 0.011 0.532 0.381]
  eval: e=1.2892  p=[0.882 0.966 0.333 0.905 1.000]
  eval: e=276.8557  p=[0.073 0.683 0.042 0.642 0.270]
   10             550         0.05346            29.1        7
  eval: e=0.3366  p=[0.727 0.286 0.085 0.312 0.635]
  eval: e=3.5885  p=[0.840 0.770 0.318 0.248 0.452]
  eval: e=0.3959  p=[0.351 0.251 0.319 0.350 0.667]
  eval: e=0.3557  p=[0.794 0.767 0.009 0.280 0.971]
  eval: e=0.3629  p=[0.458 0.356 0.063 0.285 0.501]
  eval: e=0.1139  p=[0.702 0.335 0.000 0.053 0.325]
  eval: e=0.3940  p=[0.362 0.094 0.098 0.321 0.516]
  eval: e=0.3920  p=[0.612 0.090 0.075 0.109 0.488]
  eval: e=0.3640  p=[0.398 0.210 0.041 0.383 0.457]
  eval: e=41.5335  p=[0.701 0.332 0.067 0.221 0.083]
  eval: e=0.3725  p=[0.446 0.013 0.053 0.080 0.095]
  eval: e=0.3068  p=[1.000 0.119 0.130 0.107 0.418]
  eval: e=0.5362  p=[0.871 1.000 0.366 0.006 0.375]
  eval: e=0.3620  p=[0.665 0.421 0.694 0.000 0.255]
  eval: e=52.9798  p=[0.610 0.472 0.000 0.354 0.291]
  eval: e=0.1773  p=[0.426 0.576 0.071 0.045 0.227]
  eval: e=0.3862  p=[0.147 0.301 0.250 0.490 0.415]
  eval: e=0.0684  p=[0.575 0.158 0.038 0.330 0.354]
  eval: e=2.5445  p=[0.882 0.357 0.191 0.051 0.122]
  eval: e=6.2401  p=[1.000 0.385 0.000 0.034 0.136]
  eval: e=0.9728  p=[0.773 0.836 0.011 0.296 0.612]
  eval: e=0.1358  p=[0.468 0.091 0.066 0.528 0.430]
  eval: e=3.0771  p=[0.445 0.807 0.019 0.422 0.635]
  eval: e=0.3738  p=[0.686 0.319 0.903 0.338 0.465]
  eval: e=0.3949  p=[0.183 0.055 0.030 0.247 0.361]
  eval: e=0.1138  p=[0.459 0.224 0.012 0.449 0.407]
  eval: e=0.1979  p=[0.447 0.154 0.000 0.225 0.109]
  eval: e=2.3407  p=[0.961 0.130 0.020 0.428 0.402]
  eval: e=25.8095  p=[0.485 0.220 0.060 0.532 0.324]
  eval: e=92.1728  p=[0.534 0.268 0.110 0.633 0.323]
  eval: e=10.1103  p=[0.419 0.231 0.026 0.425 0.215]
  eval: e=4.5280  p=[0.547 0.390 0.047 0.408 0.460]
  eval: e=1.5757  p=[0.968 0.333 0.096 0.134 0.247]
  eval: e=1.1739  p=[0.575 0.007 0.091 0.794 0.608]
  eval: e=0.3440  p=[0.428 0.169 0.193 0.398 0.386]
  eval: e=0.3740  p=[0.403 0.000 0.857 0.349 0.003]
  eval: e=0.2603  p=[0.315 0.223 0.056 0.545 0.438]
  eval: e=0.3815  p=[0.317 0.307 0.067 0.240 0.377]
  eval: e=0.3852  p=[0.400 0.424 0.088 0.054 0.376]
  eval: e=0.5174  p=[1.000 0.367 0.000 0.112 0.330]
  eval: e=0.2038  p=[0.374 0.340 0.000 0.196 0.188]
  eval: e=2.1299  p=[0.310 0.243 0.013 0.372 0.000]
  eval: e=0.3874  p=[0.488 0.168 0.000 0.124 0.406]
  eval: e=0.1335  p=[0.835 0.323 0.055 0.123 0.373]
  eval: e=3.7619  p=[0.275 0.811 0.398 0.410 0.425]
  eval: e=0.1601  p=[0.626 0.095 0.041 0.547 0.538]
  eval: e=0.3902  p=[0.503 0.287 0.040 0.306 0.669]
  eval: e=3.1434  p=[0.293 0.187 0.047 0.566 0.247]
  eval: e=35.4578  p=[0.748 0.517 0.196 0.981 0.732]
  eval: e=0.3807  p=[0.517 0.407 0.043 0.300 0.666]
   11             600         0.05346           6.064        8
  eval: e=2.0162  p=[0.516 0.350 0.071 0.428 0.455]
  eval: e=0.1417  p=[0.837 0.287 0.106 0.143 0.384]
  eval: e=146.7967  p=[0.264 0.671 0.155 0.531 0.272]
  eval: e=0.3964  p=[0.595 0.261 0.044 0.100 0.871]
  eval: e=0.3408  p=[0.286 0.332 0.058 0.434 0.434]
  eval: e=0.3931  p=[0.231 0.331 0.056 0.134 0.376]
  eval: e=1.0093  p=[0.325 0.197 0.080 0.440 0.126]
  eval: e=19.0403  p=[0.894 0.129 0.047 0.268 0.000]
  eval: e=78.5267  p=[0.769 0.308 0.005 0.388 0.181]
  eval: e=0.3452  p=[0.746 0.325 0.092 0.263 0.436]
  eval: e=21.4920  p=[0.861 0.324 0.061 0.253 0.193]
  eval: e=38.4029  p=[0.596 0.222 0.167 0.484 0.237]
  eval: e=55.9344  p=[0.755 0.403 0.027 0.514 0.371]
  eval: e=0.2827  p=[0.781 0.324 0.000 0.104 0.306]
  eval: e=0.3958  p=[0.447 0.573 0.210 0.183 0.843]
  eval: e=0.4904  p=[0.444 0.238 0.058 0.359 0.253]
  eval: e=0.3786  p=[0.238 0.325 0.213 0.378 0.375]
  eval: e=0.3297  p=[0.294 0.191 0.045 0.477 0.384]
  eval: e=0.0872  p=[0.332 0.364 0.000 0.349 0.311]
  eval: e=0.3951  p=[0.212 0.316 0.155 0.289 0.530]
  eval: e=0.3890  p=[0.748 0.314 0.037 0.000 0.593]
  eval: e=0.7868  p=[0.364 0.420 0.034 0.373 0.340]
  eval: e=23.0908  p=[0.940 0.601 0.017 0.817 0.413]
  eval: e=1.4974  p=[0.465 0.279 0.395 0.407 0.196]
  eval: e=0.3897  p=[0.359 0.145 0.124 0.186 0.333]
  eval: e=0.1595  p=[0.419 0.270 0.027 0.415 0.415]
  eval: e=0.5808  p=[0.939 0.229 0.055 0.325 0.422]
  eval: e=0.3815  p=[0.201 0.442 0.028 0.226 0.359]
  eval: e=0.5604  p=[0.419 0.310 0.028 0.440 0.394]
  eval: e=0.3871  p=[0.016 0.339 0.119 0.412 0.317]
  eval: e=0.4774  p=[0.401 0.275 0.000 0.606 0.553]
  eval: e=0.3862  p=[0.025 0.355 0.052 0.536 0.447]
  eval: e=0.3042  p=[0.199 0.278 0.130 0.479 0.296]
  eval: e=0.3967  p=[0.393 0.058 0.136 0.103 0.682]
  eval: e=0.3352  p=[0.604 0.212 0.449 0.469 0.525]
  eval: e=20.3026  p=[0.415 0.686 0.437 0.170 0.025]
  eval: e=0.3036  p=[0.304 0.281 0.036 0.346 0.303]
  eval: e=15.9924  p=[0.602 0.322 0.064 0.387 0.335]
  eval: e=7.4832  p=[0.985 0.213 0.059 0.326 0.273]
  eval: e=2.0930  p=[0.741 0.366 0.047 0.161 0.289]
  eval: e=0.0858  p=[0.357 0.337 0.028 0.440 0.405]
  eval: e=0.3932  p=[0.572 0.147 0.030 0.446 0.841]
  eval: e=0.1441  p=[0.477 0.203 0.254 0.362 0.212]
  eval: e=0.3926  p=[0.255 0.304 0.058 0.162 0.389]
  eval: e=273.1024  p=[0.363 0.474 0.000 0.371 0.005]
  eval: e=0.2743  p=[0.176 0.218 0.053 0.618 0.378]
  eval: e=0.3120  p=[0.404 0.644 0.033 0.320 0.608]
  eval: e=0.2644  p=[0.925 0.223 0.028 0.353 0.577]
  eval: e=163.7279  p=[0.792 0.445 0.093 0.619 0.190]
  eval: e=1.5674  p=[0.468 0.947 0.024 0.129 0.423]
   12             650         0.05346           17.68        9
  eval: e=0.3893  p=[0.368 0.276 0.077 0.271 0.489]
  eval: e=0.3849  p=[0.332 0.260 0.020 0.201 0.368]
  eval: e=0.2940  p=[0.078 0.320 0.294 0.999 0.640]
  eval: e=0.5709  p=[0.349 1.000 0.010 0.279 0.524]
  eval: e=0.3313  p=[0.283 0.328 0.055 0.442 0.427]
  eval: e=0.2320  p=[0.760 0.332 0.013 0.130 0.336]
  eval: e=0.3957  p=[0.410 0.059 0.156 0.242 0.553]
  eval: e=0.1649  p=[0.375 0.335 0.000 0.232 0.214]
  eval: e=0.2661  p=[0.823 0.231 0.029 0.018 0.357]
  eval: e=11.2452  p=[0.771 0.402 0.075 0.336 0.354]
  eval: e=111.9125  p=[0.733 0.247 0.056 0.477 0.105]
  eval: e=0.5907  p=[0.489 0.288 0.152 0.447 0.403]
  eval: e=0.6725  p=[0.467 0.469 0.534 0.408 0.332]
  eval: e=0.3582  p=[0.534 0.316 0.525 0.212 0.318]
  eval: e=11.6795  p=[0.564 0.385 0.100 0.358 0.349]
  eval: e=36.1479  p=[0.403 0.675 0.067 0.381 0.398]
  eval: e=0.1531  p=[0.389 0.313 0.043 0.377 0.371]
  eval: e=0.0753  p=[0.632 0.209 0.049 0.266 0.365]
  eval: e=0.0525  p=[0.344 0.304 0.049 0.468 0.377]
  eval: e=0.3776  p=[0.468 0.266 0.273 0.271 0.418]
  eval: e=2.9528  p=[0.776 0.558 0.031 0.362 0.579]
  eval: e=0.2012  p=[0.416 0.212 0.065 0.417 0.375]
  eval: e=15.2031  p=[0.599 0.536 0.054 0.285 0.365]
  eval: e=0.1225  p=[0.826 0.274 0.105 0.000 0.181]
  eval: e=9.3696  p=[1.000 0.209 0.066 0.385 0.310]
  eval: e=0.3448  p=[0.471 0.000 0.026 0.415 0.392]
  eval: e=0.3949  p=[0.253 0.000 0.146 0.000 0.144]
  eval: e=0.3856  p=[0.933 0.191 0.030 0.269 0.369]
  eval: e=1.0246  p=[1.000 0.295 0.036 0.197 0.320]
  eval: e=28.8785  p=[0.354 0.307 0.091 0.615 0.390]
  eval: e=0.1707  p=[0.402 0.001 0.074 0.603 0.389]
  eval: e=0.3719  p=[0.064 0.407 0.067 0.531 0.426]
  eval: e=0.2491  p=[0.701 0.150 0.149 0.309 0.450]
  eval: e=73.3393  p=[0.392 0.351 0.155 0.717 0.456]
  eval: e=0.1523  p=[0.536 0.000 0.458 0.557 0.325]
  eval: e=0.3683  p=[0.467 0.208 0.633 0.130 0.066]
  eval: e=0.3000  p=[0.328 0.263 0.055 0.434 0.393]
  eval: e=2.1518  p=[0.738 0.215 0.070 0.351 0.359]
  eval: e=0.3914  p=[0.411 0.272 0.057 0.000 0.343]
  eval: e=0.3813  p=[0.478 0.331 0.011 0.000 0.339]
  eval: e=0.2013  p=[0.361 0.305 0.056 0.449 0.421]
  eval: e=0.1772  p=[0.687 0.157 0.040 0.274 0.324]
  eval: e=0.1870  p=[0.375 0.270 0.149 0.404 0.325]
  eval: e=38.0031  p=[0.435 0.324 0.050 0.533 0.369]
  eval: e=0.3736  p=[0.076 0.673 0.145 0.000 0.042]
  eval: e=0.2966  p=[0.435 0.048 0.053 0.487 0.401]
  eval: e=2.2468  p=[0.523 0.808 0.055 0.225 0.506]
  eval: e=8.5487  p=[0.858 0.347 0.060 0.341 0.352]
  eval: e=10.6590  p=[0.421 0.722 0.170 0.458 0.572]
  eval: e=7.3060  p=[0.693 0.667 0.032 0.251 0.384]
   13             700         0.05245           7.621        0
  eval: e=0.2759  p=[0.517 0.295 0.057 0.485 0.598]
  eval: e=0.0887  p=[0.403 0.318 0.172 0.464 0.387]
  eval: e=230.8369  p=[0.334 0.281 0.046 0.962 0.325]
  eval: e=0.3912  p=[0.504 0.062 0.051 0.274 0.519]
  eval: e=0.1175  p=[0.910 0.338 0.070 0.000 0.321]
  eval: e=0.3837  p=[0.424 0.299 0.035 0.081 0.352]
  eval: e=0.2576  p=[1.000 0.000 0.155 0.000 0.206]
  eval: e=0.3736  p=[0.642 0.090 0.075 0.121 0.374]
  eval: e=0.2719  p=[0.856 0.129 0.017 0.004 0.305]
  eval: e=0.1631  p=[0.917 0.402 0.034 0.031 0.386]
  eval: e=0.3041  p=[0.739 0.000 0.043 0.000 0.129]
  eval: e=0.3900  p=[0.357 0.000 0.102 0.329 0.376]
  eval: e=0.3279  p=[0.752 0.473 0.495 0.039 0.384]
  eval: e=1.1234  p=[0.809 0.571 0.452 0.157 0.323]
  eval: e=1.0307  p=[0.566 0.594 0.136 0.383 0.650]
  eval: e=0.1447  p=[0.676 0.346 0.019 0.000 0.181]
  eval: e=1.0417  p=[0.716 0.257 0.081 0.303 0.367]
  eval: e=0.0533  p=[0.509 0.192 0.037 0.370 0.356]
  eval: e=0.0545  p=[0.346 0.298 0.054 0.480 0.384]
  eval: e=0.0969  p=[1.000 0.271 0.098 0.000 0.211]
  eval: e=7.0897  p=[0.348 0.807 0.046 0.386 0.533]
  eval: e=0.0569  p=[0.403 0.288 0.049 0.429 0.376]
  eval: e=88.8828  p=[0.218 0.620 0.036 0.667 0.435]
  eval: e=0.2605  p=[0.616 0.276 0.017 0.152 0.377]
  eval: e=0.1069  p=[0.972 0.143 0.075 0.000 0.195]
  eval: e=0.1430  p=[0.952 0.005 0.000 0.394 0.423]
  eval: e=8.7845  p=[0.594 0.329 0.070 0.182 0.127]
  eval: e=8.8392  p=[0.703 0.341 0.033 0.350 0.365]
  eval: e=0.2370  p=[0.704 0.174 0.002 0.139 0.357]
  eval: e=0.3555  p=[0.000 0.299 0.135 0.614 0.311]
  eval: e=0.3475  p=[0.391 0.132 0.061 0.379 0.361]
  eval: e=121.8348  p=[0.335 0.518 0.054 0.533 0.343]
  eval: e=5.1296  p=[0.784 0.355 0.177 0.355 0.367]
  eval: e=0.0765  p=[0.858 0.017 0.028 0.303 0.357]
  eval: e=13.4202  p=[0.400 0.239 0.027 0.539 0.343]
  eval: e=0.2212  p=[1.000 0.478 0.073 0.000 0.317]
  eval: e=0.1807  p=[0.442 0.005 0.022 0.497 0.343]
  eval: e=0.9656  p=[0.811 0.367 0.052 0.196 0.361]
  eval: e=0.0758  p=[1.000 0.320 0.113 0.000 0.265]
  eval: e=0.1467  p=[0.812 0.279 0.000 0.000 0.205]
  eval: e=0.0562  p=[0.357 0.351 0.031 0.426 0.382]
  eval: e=0.1525  p=[1.000 0.233 0.000 0.023 0.335]
  eval: e=2.0254  p=[0.708 0.076 0.120 0.324 0.203]
  eval: e=0.8393  p=[0.823 0.309 0.049 0.340 0.476]
  eval: e=0.2449  p=[0.367 0.775 0.826 0.200 0.237]
  eval: e=0.3369  p=[0.446 0.078 0.022 0.474 0.463]
  eval: e=0.3032  p=[0.931 0.294 0.047 0.087 0.498]
  eval: e=0.3137  p=[0.981 0.214 0.000 0.013 0.439]
  eval: e=0.3770  p=[0.382 0.998 0.148 0.714 0.472]
  eval: e=0.2865  p=[0.624 0.663 0.031 0.137 0.584]
   14             750         0.05245           9.996        1
  eval: e=2.7149  p=[0.435 0.377 0.033 0.477 0.471]
  eval: e=1.6988  p=[0.401 0.315 0.133 0.493 0.379]
  eval: e=0.3907  p=[0.040 0.323 0.351 0.728 0.556]
  eval: e=0.4157  p=[0.842 1.000 0.000 0.318 0.503]
  eval: e=0.3533  p=[0.317 0.348 0.026 0.264 0.346]
  eval: e=83.8586  p=[0.505 0.299 0.019 0.605 0.363]
  eval: e=36.4328  p=[0.570 0.433 0.055 0.414 0.355]
  eval: e=2.9912  p=[0.663 0.125 0.035 0.246 0.131]
  eval: e=0.3222  p=[0.287 0.439 0.032 0.197 0.264]
  eval: e=42.9309  p=[0.521 0.380 0.051 0.493 0.382]
  eval: e=0.2086  p=[0.543 0.273 0.082 0.252 0.365]
  eval: e=0.0633  p=[0.527 0.343 0.117 0.276 0.343]
  eval: e=7.8879  p=[0.900 0.577 0.023 0.261 0.376]
  eval: e=0.3847  p=[0.638 0.144 0.696 0.248 0.376]
  eval: e=0.3598  p=[0.636 0.594 0.089 0.222 0.722]
  eval: e=61.0960  p=[0.262 0.314 0.018 0.622 0.299]
  eval: e=3.6531  p=[0.324 0.295 0.005 0.550 0.382]
  eval: e=0.0528  p=[0.497 0.191 0.035 0.380 0.355]
  eval: e=0.0577  p=[0.344 0.302 0.045 0.466 0.378]
  eval: e=3.5336  p=[0.742 0.291 0.054 0.150 0.195]
  eval: e=0.3821  p=[1.000 0.140 0.054 0.000 0.551]
  eval: e=0.3053  p=[0.347 0.316 0.052 0.484 0.374]
  eval: e=8.3575  p=[0.817 0.295 0.013 0.445 0.437]
  eval: e=9.8546  p=[0.716 0.308 0.052 0.268 0.262]
  eval: e=0.2961  p=[0.391 0.142 0.028 0.303 0.242]
  eval: e=0.3874  p=[0.320 0.027 0.008 0.378 0.399]
  eval: e=28.3140  p=[0.555 0.212 0.170 0.516 0.281]
  eval: e=0.9597  p=[0.642 0.282 0.017 0.295 0.376]
  eval: e=0.2362  p=[0.730 0.291 0.029 0.207 0.372]
  eval: e=158.4676  p=[0.462 0.306 0.054 0.666 0.286]
  eval: e=0.1937  p=[0.432 0.115 0.039 0.441 0.352]
  eval: e=0.3687  p=[0.101 0.419 0.069 0.460 0.394]
  eval: e=0.2339  p=[0.531 0.214 0.122 0.302 0.360]
  eval: e=0.5449  p=[0.880 0.152 0.032 0.316 0.371]
  eval: e=0.1382  p=[0.521 0.272 0.593 0.512 0.353]
  eval: e=0.3946  p=[0.564 0.412 1.000 0.021 0.367]
  eval: e=0.3717  p=[0.187 0.209 0.052 0.513 0.403]
  eval: e=2.2637  p=[0.796 0.265 0.073 0.316 0.358]
  eval: e=0.9766  p=[0.822 0.241 0.080 0.308 0.376]
  eval: e=0.1271  p=[1.000 0.294 0.000 0.000 0.239]
  eval: e=0.6213  p=[0.401 0.349 0.041 0.419 0.376]
  eval: e=1.6229  p=[0.582 0.104 0.058 0.540 0.431]
  eval: e=0.3297  p=[0.503 0.357 0.239 0.059 0.212]
  eval: e=0.3877  p=[0.427 0.310 0.051 0.073 0.384]
  eval: e=1.2863  p=[0.365 0.460 0.102 0.419 0.393]
  eval: e=6.6244  p=[0.296 0.160 0.038 0.824 0.511]
  eval: e=0.3949  p=[0.000 0.380 0.034 0.466 0.567]
  eval: e=0.3136  p=[0.958 0.352 0.021 0.263 0.626]
  eval: e=6.7790  p=[0.352 0.060 0.056 0.735 0.361]
  eval: e=0.2483  p=[0.685 0.180 0.019 0.340 0.409]
   15             800         0.05245           9.624        2
  eval: e=0.3654  p=[0.369 0.222 0.039 0.480 0.531]
  eval: e=0.3257  p=[0.446 0.165 0.075 0.341 0.364]
  eval: e=0.3842  p=[0.104 0.299 0.252 0.493 0.365]
  eval: e=0.3917  p=[0.686 0.553 0.024 0.132 0.873]
  eval: e=0.2289  p=[0.987 0.342 0.082 0.000 0.388]
  eval: e=0.3273  p=[0.476 0.306 0.043 0.180 0.343]
  eval: e=0.3140  p=[0.578 0.337 0.167 0.000 0.215]
  eval: e=0.2147  p=[0.530 0.075 0.009 0.231 0.195]
  eval: e=27.0919  p=[1.000 0.287 0.019 0.379 0.280]
  eval: e=0.3379  p=[0.633 0.390 0.032 0.000 0.379]
  eval: e=21.7162  p=[0.891 0.119 0.068 0.374 0.125]
  eval: e=3.7420  p=[0.513 0.367 0.019 0.334 0.363]
  eval: e=0.3290  p=[0.842 0.047 0.160 0.103 0.347]
  eval: e=0.2043  p=[0.569 0.499 0.377 0.172 0.355]
  eval: e=0.9305  p=[0.593 0.385 0.060 0.510 0.663]
  eval: e=0.3439  p=[0.625 0.342 0.027 0.000 0.353]
  eval: e=0.0577  p=[0.396 0.308 0.096 0.421 0.367]
  eval: e=0.1321  p=[0.466 0.212 0.053 0.383 0.370]
  eval: e=0.0530  p=[0.344 0.305 0.049 0.467 0.377]
  eval: e=1.3589  p=[0.984 0.277 0.097 0.303 0.373]
  eval: e=0.5957  p=[0.872 0.849 0.043 0.036 0.385]
  eval: e=0.0578  p=[0.404 0.316 0.050 0.402 0.377]
  eval: e=0.3388  p=[0.594 0.944 0.025 0.603 0.418]
  eval: e=0.1047  p=[0.669 0.166 0.079 0.151 0.211]
  eval: e=0.3256  p=[0.942 0.237 0.063 0.140 0.273]
  eval: e=0.5176  p=[0.400 0.371 0.049 0.407 0.379]
  eval: e=0.3525  p=[0.547 0.026 0.031 0.000 0.000]
  eval: e=0.2378  p=[0.450 0.112 0.009 0.378 0.333]
  eval: e=0.2473  p=[0.706 0.253 0.039 0.107 0.371]
  eval: e=0.3796  p=[0.054 0.307 0.131 0.596 0.424]
  eval: e=1.4677  p=[0.367 0.263 0.092 0.564 0.401]
  eval: e=0.3156  p=[0.223 0.370 0.055 0.459 0.399]
  eval: e=1.7812  p=[0.798 0.269 0.202 0.350 0.364]
  eval: e=0.3766  p=[0.221 0.132 0.032 0.468 0.375]
  eval: e=0.0924  p=[0.428 0.282 0.426 0.506 0.361]
  eval: e=12.7145  p=[0.428 0.337 0.329 0.353 0.000]
  eval: e=0.1267  p=[0.272 0.204 0.044 0.580 0.377]
  eval: e=4.8625  p=[0.927 0.266 0.054 0.326 0.333]
  eval: e=0.3696  p=[0.314 0.420 0.084 0.092 0.255]
  eval: e=18.5336  p=[0.951 0.251 0.049 0.519 0.417]
  eval: e=0.7694  p=[0.467 0.286 0.022 0.401 0.373]
  eval: e=34.1104  p=[0.853 0.231 0.000 0.535 0.379]
  eval: e=288.0213  p=[0.441 0.366 0.000 1.000 0.270]
  eval: e=0.3154  p=[0.709 0.311 0.053 0.205 0.357]
  eval: e=0.0837  p=[0.339 0.541 0.606 0.413 0.263]
  eval: e=0.3836  p=[0.337 0.243 0.054 0.382 0.493]
  eval: e=0.3889  p=[0.183 1.000 0.027 0.099 0.425]
  eval: e=0.5753  p=[0.794 0.121 0.059 0.467 0.478]
  eval: e=0.5063  p=[0.359 1.000 0.070 0.406 0.468]
  eval: e=1.0623  p=[0.461 0.222 0.053 0.483 0.389]
   16             850         0.05245           8.577        3
  eval: e=1.6539  p=[0.541 0.265 0.063 0.481 0.470]
  eval: e=0.3624  p=[0.330 0.236 0.167 0.591 0.366]
  eval: e=0.3844  p=[0.125 0.307 0.062 0.593 0.536]
  eval: e=0.3912  p=[0.686 0.420 0.003 0.142 0.795]
  eval: e=0.3933  p=[0.231 0.310 0.058 0.117 0.358]
  eval: e=1.7237  p=[0.651 0.316 0.036 0.289 0.372]
  eval: e=0.2137  p=[0.792 0.019 0.087 0.310 0.425]
  eval: e=0.1091  p=[0.411 0.223 0.030 0.349 0.241]
  eval: e=0.3326  p=[0.482 0.231 0.025 0.208 0.337]
  eval: e=97.7523  p=[0.582 0.371 0.052 0.619 0.379]
  eval: e=4.4577  p=[0.527 0.013 0.048 0.418 0.039]
  eval: e=0.1280  p=[0.507 0.299 0.099 0.304 0.369]
  eval: e=0.3850  p=[0.406 0.300 0.162 0.144 0.360]
  eval: e=1.4327  p=[0.800 0.499 0.560 0.295 0.362]
  eval: e=0.3931  p=[0.349 0.363 0.077 0.300 0.624]
  eval: e=0.3631  p=[0.368 0.341 0.043 0.143 0.294]
  eval: e=0.0490  p=[0.335 0.308 0.036 0.466 0.372]
  eval: e=2.1077  p=[0.480 0.197 0.046 0.485 0.373]
  eval: e=0.0520  p=[0.344 0.304 0.049 0.469 0.377]
  eval: e=27.2972  p=[0.934 0.277 0.099 0.346 0.216]
  eval: e=0.3904  p=[0.308 0.422 0.000 0.090 0.416]
  eval: e=0.1104  p=[0.336 0.300 0.052 0.458 0.377]
  eval: e=2.3992  p=[0.529 0.715 0.003 0.631 0.394]
  eval: e=0.1630  p=[0.261 0.235 0.077 0.495 0.292]
  eval: e=21.9539  p=[1.000 0.203 0.062 0.421 0.271]
  eval: e=0.1837  p=[0.848 0.065 0.045 0.412 0.445]
  eval: e=0.1909  p=[1.000 0.077 0.220 0.369 0.363]
  eval: e=10.2618  p=[0.537 0.311 0.051 0.412 0.364]
  eval: e=23.7261  p=[0.963 0.295 0.047 0.457 0.361]
  eval: e=0.1815  p=[0.147 0.303 0.094 0.612 0.347]
  eval: e=0.3402  p=[0.346 0.091 0.018 0.473 0.386]
  eval: e=0.1415  p=[0.247 0.399 0.061 0.496 0.401]
  eval: e=13.8173  p=[0.627 0.207 0.000 0.487 0.382]
  eval: e=0.1481  p=[0.863 0.128 0.049 0.267 0.355]
  eval: e=0.0637  p=[0.353 0.310 0.139 0.496 0.385]
  eval: e=0.1281  p=[1.000 0.320 0.625 0.028 0.109]
  eval: e=0.2950  p=[0.331 0.252 0.049 0.421 0.374]
  eval: e=0.3926  p=[0.185 0.279 0.057 0.208 0.359]
  eval: e=36.2612  p=[0.778 0.189 0.078 0.483 0.258]
  eval: e=0.3653  p=[0.197 0.339 0.041 0.448 0.419]
  eval: e=0.2195  p=[0.213 0.377 0.045 0.501 0.386]
  eval: e=0.3733  p=[0.556 0.000 0.004 0.273 0.407]
  eval: e=0.3942  p=[0.364 0.255 0.376 0.078 0.336]
  eval: e=0.3604  p=[0.503 0.318 0.049 0.124 0.372]
  eval: e=0.3290  p=[0.337 0.329 0.457 0.464 0.360]
  eval: e=0.1135  p=[0.395 0.244 0.049 0.541 0.463]
  eval: e=8.4735  p=[0.837 0.377 0.059 0.421 0.439]
  eval: e=0.1282  p=[0.546 0.297 0.014 0.339 0.448]
  eval: e=0.0626  p=[0.508 0.000 0.092 0.637 0.466]
  eval: e=1.7922  p=[0.601 0.274 0.004 0.345 0.387]
   17             900         0.04901           5.275        0
  eval: e=0.3568  p=[0.407 0.340 0.056 0.465 0.601]
  eval: e=0.2410  p=[0.399 0.317 0.122 0.475 0.398]
  eval: e=0.3746  p=[0.145 0.000 0.240 0.870 0.506]
  eval: e=0.7073  p=[0.831 0.342 0.047 0.535 0.735]
  eval: e=47.8844  p=[0.852 0.321 0.059 0.480 0.325]
  eval: e=0.2889  p=[0.440 0.328 0.000 0.207 0.332]
  eval: e=0.2816  p=[0.554 0.000 0.081 0.518 0.486]
  eval: e=0.0885  p=[1.000 0.179 0.034 0.146 0.323]
  eval: e=18.1919  p=[0.792 0.000 0.047 0.658 0.297]
  eval: e=1.1460  p=[0.695 0.239 0.039 0.305 0.361]
  eval: e=0.2519  p=[0.702 0.079 0.095 0.000 0.004]
  eval: e=0.0576  p=[0.524 0.408 0.147 0.230 0.336]
  eval: e=15.5864  p=[0.809 0.421 0.133 0.392 0.365]
  eval: e=0.2555  p=[0.398 0.516 0.000 0.145 0.339]
  eval: e=0.3401  p=[0.400 0.481 0.055 0.391 0.594]
  eval: e=0.5859  p=[0.547 0.334 0.036 0.240 0.299]
  eval: e=0.0483  p=[0.328 0.308 0.030 0.471 0.372]
  eval: e=0.2673  p=[0.367 0.301 0.036 0.365 0.375]
  eval: e=0.0519  p=[0.344 0.303 0.049 0.469 0.377]
  eval: e=0.3040  p=[0.180 0.280 0.067 0.430 0.247]
  eval: e=0.3964  p=[0.526 0.111 0.102 0.200 0.773]
  eval: e=0.0907  p=[0.399 0.309 0.056 0.426 0.373]
  eval: e=139.4613  p=[1.000 0.294 0.000 0.648 0.312]
  eval: e=0.2413  p=[0.679 0.293 0.086 0.015 0.265]
  eval: e=3.8235  p=[0.621 0.295 0.044 0.215 0.226]
  eval: e=0.1551  p=[0.668 0.000 0.081 0.457 0.460]
  eval: e=0.2120  p=[0.646 0.230 0.108 0.000 0.000]
  eval: e=0.1603  p=[0.527 0.314 0.010 0.230 0.365]
  eval: e=0.3121  p=[0.972 0.000 0.010 0.044 0.345]
  eval: e=0.2739  p=[0.234 0.190 0.088 0.554 0.340]
  eval: e=3.4788  p=[0.385 0.243 0.086 0.556 0.377]
  eval: e=0.2169  p=[0.517 0.101 0.053 0.384 0.369]
  eval: e=0.9474  p=[1.000 0.243 0.249 0.220 0.247]
  eval: e=0.3217  p=[0.340 0.034 0.044 0.541 0.378]
  eval: e=0.0921  p=[0.331 0.311 0.022 0.488 0.383]
  eval: e=0.3920  p=[0.535 0.000 0.566 0.549 0.582]
  eval: e=41.8871  p=[0.561 0.263 0.117 0.565 0.358]
  eval: e=0.2847  p=[0.682 0.194 0.072 0.374 0.433]
  eval: e=0.0529  p=[0.530 0.262 0.018 0.265 0.314]
  eval: e=0.2929  p=[0.486 0.332 0.025 0.109 0.271]
  eval: e=0.0867  p=[0.322 0.336 0.029 0.482 0.385]
  eval: e=2.9051  p=[0.546 0.403 0.065 0.316 0.385]
  eval: e=0.3286  p=[0.442 0.249 0.204 0.266 0.302]
  eval: e=0.2823  p=[0.642 0.305 0.013 0.080 0.361]
  eval: e=4.6482  p=[0.352 0.365 0.142 0.430 0.263]
  eval: e=33.2556  p=[0.385 0.375 0.040 0.507 0.367]
  eval: e=0.3506  p=[0.016 0.750 0.024 0.479 0.487]
  eval: e=17.9051  p=[0.479 0.320 0.034 0.509 0.416]
  eval: e=61.3254  p=[0.479 0.320 0.081 0.542 0.338]
  eval: e=18.5972  p=[0.544 0.296 0.041 0.484 0.393]
   18             950          0.0483           8.402        0
  eval: e=0.2982  p=[0.453 0.492 0.846 0.409 0.365]
  eval: e=1.1395  p=[0.401 0.317 0.025 0.453 0.384]
  eval: e=0.2494  p=[0.224 0.744 0.196 0.488 0.547]
  eval: e=0.3845  p=[0.480 0.385 0.000 0.023 0.416]
  eval: e=0.1327  p=[0.942 0.288 0.000 0.111 0.350]
  eval: e=0.1283  p=[0.671 0.302 0.060 0.119 0.331]
  eval: e=0.2618  p=[0.611 0.222 0.027 0.124 0.305]
  eval: e=0.0715  p=[0.423 0.354 0.048 0.353 0.356]
  eval: e=0.3055  p=[0.573 0.283 0.000 0.000 0.224]
  eval: e=0.1575  p=[0.736 0.342 0.033 0.145 0.359]
  eval: e=10.1292  p=[0.608 0.371 0.089 0.336 0.341]
  eval: e=0.2410  p=[0.523 0.102 0.000 0.435 0.345]
  eval: e=0.2321  p=[1.000 0.407 0.587 0.214 0.337]
  eval: e=0.3366  p=[0.809 0.062 0.385 0.136 0.308]
  eval: e=0.2013  p=[0.359 0.229 0.051 0.417 0.335]
  eval: e=0.5646  p=[0.621 0.332 0.055 0.071 0.138]
  eval: e=0.0482  p=[0.328 0.308 0.029 0.471 0.372]
  eval: e=0.0731  p=[0.554 0.097 0.035 0.369 0.335]
  eval: e=0.0519  p=[0.344 0.303 0.049 0.469 0.377]
  eval: e=0.3951  p=[0.238 0.280 0.057 0.000 0.333]
  eval: e=20.0655  p=[1.000 1.000 0.035 0.000 0.000]
  eval: e=0.0872  p=[0.377 0.307 0.047 0.446 0.374]
  eval: e=32.7617  p=[0.274 0.521 0.009 0.467 0.358]
  eval: e=115.8921  p=[0.329 0.207 0.039 0.769 0.263]
  eval: e=0.1457  p=[0.751 0.211 0.051 0.012 0.203]
  eval: e=2.9201  p=[0.705 0.057 0.000 0.435 0.329]
  eval: e=0.0941  p=[1.000 0.000 0.069 0.137 0.219]
  eval: e=0.0593  p=[0.613 0.282 0.008 0.157 0.289]
  eval: e=27.4267  p=[0.428 0.473 0.039 0.411 0.381]
  eval: e=0.7232  p=[0.259 0.301 0.021 0.562 0.351]
  eval: e=0.0505  p=[0.382 0.202 0.019 0.505 0.386]
  eval: e=0.1757  p=[0.279 0.224 0.109 0.606 0.415]
  eval: e=6.2820  p=[0.995 0.272 0.146 0.590 0.539]
  eval: e=0.2259  p=[1.000 0.011 0.025 0.151 0.364]
  eval: e=0.1458  p=[0.350 0.305 0.177 0.474 0.375]
  eval: e=6.1206  p=[0.602 0.163 0.203 0.288 0.010]
  eval: e=0.2071  p=[0.411 0.229 0.000 0.346 0.333]
  eval: e=0.0944  p=[1.000 0.184 0.097 0.000 0.179]
  eval: e=1.0349  p=[0.408 0.303 0.016 0.413 0.339]
  eval: e=0.3056  p=[0.584 0.219 0.011 0.063 0.253]
  eval: e=0.0973  p=[0.404 0.355 0.032 0.387 0.379]
  eval: e=0.3154  p=[0.604 0.021 0.000 0.362 0.444]
  eval: e=0.0575  p=[0.540 0.121 0.032 0.394 0.347]
  eval: e=5.6931  p=[0.555 0.323 0.024 0.379 0.384]
  eval: e=0.1616  p=[0.329 0.383 0.192 0.446 0.379]
  eval: e=0.1640  p=[0.371 0.283 0.040 0.461 0.421]
  eval: e=0.3789  p=[0.420 0.592 0.046 0.179 0.574]
  eval: e=0.3497  p=[0.294 0.318 0.013 0.365 0.397]
  eval: e=0.2863  p=[0.526 0.000 0.100 0.718 0.527]
  eval: e=0.3640  p=[0.343 0.290 0.029 0.291 0.380]
   19            1000         0.04823           4.762        0
  eval: e=0.3845  p=[0.370 0.107 0.000 0.473 0.546]
  eval: e=13.7372  p=[0.494 0.311 0.075 0.460 0.368]
  eval: e=0.3549  p=[0.314 0.381 0.100 0.439 0.501]
  eval: e=0.3707  p=[0.566 0.768 0.005 0.278 0.847]
  eval: e=0.3469  p=[0.467 0.481 0.219 0.086 0.326]
  eval: e=0.0742  p=[0.525 0.403 0.110 0.202 0.330]
  eval: e=0.3828  p=[0.385 0.157 0.094 0.430 0.507]
  eval: e=6.5509  p=[0.612 0.345 0.003 0.298 0.339]
  eval: e=58.6673  p=[0.483 0.238 0.023 0.485 0.216]
  eval: e=0.3948  p=[0.432 0.000 0.041 0.132 0.422]
  eval: e=1.7785  p=[0.625 0.205 0.000 0.125 0.026]
  eval: e=0.3735  p=[0.251 0.489 0.224 0.250 0.349]
  eval: e=0.3957  p=[0.128 0.352 0.320 0.134 0.353]
  eval: e=0.1689  p=[0.741 0.450 0.490 0.087 0.310]
  eval: e=0.1887  p=[0.343 0.249 0.050 0.453 0.367]
  eval: e=0.0586  p=[0.627 0.298 0.003 0.149 0.299]
  eval: e=0.0482  p=[0.328 0.308 0.029 0.471 0.372]
  eval: e=40.6703  p=[0.565 0.253 0.012 0.576 0.397]
  eval: e=0.0528  p=[0.345 0.225 0.014 0.508 0.378]
  eval: e=101.0364  p=[0.781 0.284 0.101 0.529 0.228]
  eval: e=0.3965  p=[0.614 0.379 0.015 0.063 1.000]
  eval: e=0.1173  p=[0.388 0.270 0.030 0.465 0.380]
  eval: e=23.0992  p=[0.800 0.437 0.016 0.479 0.442]
  eval: e=0.3937  p=[0.315 0.262 0.083 0.000 0.314]
  eval: e=0.2042  p=[0.796 0.135 0.063 0.146 0.353]
  eval: e=2.6610  p=[0.660 0.262 0.006 0.432 0.466]
  eval: e=4.9667  p=[0.589 0.057 0.040 0.461 0.259]
  eval: e=0.0630  p=[0.622 0.279 0.008 0.150 0.281]
  eval: e=0.2646  p=[0.949 0.144 0.000 0.000 0.340]
  eval: e=10.6480  p=[0.487 0.309 0.016 0.376 0.303]
  eval: e=0.0534  p=[0.382 0.198 0.012 0.500 0.387]
  eval: e=0.3534  p=[0.220 0.408 0.036 0.327 0.350]
  eval: e=0.1845  p=[0.704 0.142 0.000 0.460 0.551]
  eval: e=0.0732  p=[0.153 0.034 0.023 0.833 0.361]
  eval: e=0.1252  p=[0.353 0.312 0.180 0.482 0.384]
  eval: e=0.1939  p=[0.772 0.255 0.710 0.104 0.082]
  eval: e=0.3762  p=[0.258 0.270 0.122 0.378 0.379]
  eval: e=3.6301  p=[0.700 0.201 0.029 0.285 0.266]
  eval: e=0.8664  p=[0.574 0.223 0.025 0.328 0.325]
  eval: e=0.3769  p=[0.551 0.287 0.024 0.067 0.401]
  eval: e=0.2259  p=[0.320 0.320 0.028 0.414 0.375]
  eval: e=1.9787  p=[0.914 0.163 0.047 0.443 0.435]
  eval: e=0.1007  p=[0.550 0.108 0.015 0.406 0.352]
  eval: e=0.3533  p=[0.748 0.038 0.073 0.092 0.343]
  eval: e=6.5890  p=[0.561 0.385 0.478 0.377 0.260]
  eval: e=0.0834  p=[0.535 0.212 0.040 0.377 0.384]
  eval: e=24.4874  p=[0.532 0.432 0.033 0.517 0.478]
  eval: e=10.2283  p=[0.570 0.306 0.048 0.414 0.374]
  eval: e=0.0966  p=[0.523 0.024 0.047 0.451 0.346]
  eval: e=3.0301  p=[0.870 0.203 0.009 0.339 0.350]
   20            1050         0.04822           6.445        0
  eval: e=0.2518  p=[0.398 0.406 0.065 0.489 0.540]
  eval: e=0.3332  p=[0.251 0.310 0.126 0.473 0.392]
  eval: e=0.2635  p=[0.372 0.276 0.046 0.486 0.474]
  eval: e=0.8938  p=[0.482 0.700 0.026 0.247 0.528]
  eval: e=0.1582  p=[0.922 0.168 0.000 0.085 0.349]
  eval: e=0.2926  p=[0.489 0.247 0.019 0.407 0.388]
  eval: e=0.0935  p=[1.000 0.142 0.031 0.000 0.198]
  eval: e=31.4963  p=[0.376 0.362 0.064 0.537 0.376]
  eval: e=0.3415  p=[0.456 0.196 0.000 0.131 0.235]
  eval: e=47.6435  p=[0.553 0.464 0.034 0.449 0.367]
  eval: e=0.3877  p=[0.933 0.257 0.104 0.297 0.425]
  eval: e=0.2980  p=[0.575 0.386 0.099 0.211 0.321]
  eval: e=0.2867  p=[0.912 0.410 0.153 0.112 0.346]
  eval: e=49.5580  p=[0.476 0.390 0.382 0.605 0.373]
  eval: e=0.1343  p=[0.353 0.229 0.040 0.493 0.391]
  eval: e=54.3052  p=[0.496 0.370 0.035 0.550 0.404]
  eval: e=0.0482  p=[0.328 0.308 0.029 0.471 0.372]
  eval: e=0.1121  p=[0.425 0.171 0.029 0.446 0.368]
  eval: e=0.1150  p=[0.344 0.267 0.081 0.482 0.377]
  eval: e=0.0836  p=[1.000 0.129 0.101 0.124 0.284]
  eval: e=5.1799  p=[0.618 0.830 0.017 0.355 0.000]
  eval: e=0.2021  p=[0.388 0.274 0.034 0.472 0.382]
  eval: e=16.7824  p=[0.508 0.685 0.128 0.463 0.319]
  eval: e=4.8749  p=[0.986 0.171 0.060 0.265 0.215]
  eval: e=0.2384  p=[0.267 0.161 0.049 0.457 0.237]
  eval: e=25.8103  p=[0.655 0.319 0.021 0.474 0.390]
  eval: e=0.0535  p=[0.410 0.194 0.074 0.454 0.330]
  eval: e=0.1949  p=[0.506 0.275 0.022 0.211 0.305]
  eval: e=0.3010  p=[0.473 0.266 0.002 0.238 0.360]
  eval: e=59.4346  p=[0.345 0.304 0.128 0.696 0.405]
  eval: e=4.0016  p=[0.357 0.342 0.038 0.492 0.374]
  eval: e=0.1215  p=[0.418 0.219 0.015 0.459 0.369]
  eval: e=4.0316  p=[0.661 0.169 0.050 0.310 0.240]
  eval: e=3.8334  p=[0.326 0.078 0.025 0.717 0.370]
  eval: e=0.3760  p=[0.414 0.283 0.000 0.135 0.349]
  eval: e=0.3835  p=[0.484 0.291 0.452 0.230 0.387]
  eval: e=35.9195  p=[0.568 0.145 0.000 0.604 0.334]
  eval: e=0.1137  p=[0.667 0.325 0.137 0.137 0.329]
  eval: e=0.1959  p=[0.534 0.274 0.020 0.183 0.302]
  eval: e=48.7508  p=[1.000 0.228 0.018 0.426 0.218]
  eval: e=0.1044  p=[0.372 0.337 0.045 0.434 0.377]
  eval: e=0.2024  p=[0.937 0.027 0.046 0.338 0.353]
  eval: e=0.4228  p=[0.473 0.216 0.018 0.436 0.374]
  eval: e=0.0972  p=[0.950 0.316 0.065 0.027 0.267]
  eval: e=27.2043  p=[0.531 0.499 0.402 0.485 0.377]
  eval: e=0.1663  p=[0.546 0.332 0.114 0.295 0.356]
  eval: e=5.6585  p=[0.464 0.627 0.046 0.375 0.540]
  eval: e=0.2144  p=[0.508 0.169 0.032 0.436 0.463]
  eval: e=0.0803  p=[0.470 0.114 0.067 0.475 0.376]
  eval: e=0.1139  p=[0.553 0.233 0.023 0.305 0.387]
   21            1100         0.04822           8.643        0
  eval: e=1.0005  p=[0.342 0.294 0.053 0.486 0.331]
  eval: e=0.4986  p=[0.538 0.287 0.096 0.377 0.391]
  eval: e=0.3218  p=[0.305 0.367 0.199 0.511 0.476]
  eval: e=18.1193  p=[0.779 0.668 0.006 0.106 0.227]
  eval: e=14.4291  p=[0.930 0.377 0.028 0.312 0.313]
  eval: e=1.6749  p=[0.489 0.463 0.026 0.274 0.373]
  eval: e=0.3296  p=[0.278 0.147 0.013 0.555 0.424]
  eval: e=0.1555  p=[0.447 0.126 0.054 0.399 0.311]
  eval: e=5.3927  p=[0.617 0.328 0.024 0.194 0.217]
  eval: e=27.1359  p=[0.640 0.219 0.029 0.526 0.366]
  eval: e=46.6461  p=[0.660 0.263 0.050 0.258 0.000]
  eval: e=0.3756  p=[0.468 0.103 0.130 0.289 0.376]
  eval: e=0.2976  p=[1.000 0.389 0.578 0.064 0.378]
  eval: e=0.0940  p=[0.753 0.354 0.000 0.047 0.295]
  eval: e=0.0568  p=[0.356 0.346 0.033 0.430 0.385]
  eval: e=5.5722  p=[0.404 0.367 0.021 0.394 0.325]
  eval: e=0.0482  p=[0.328 0.308 0.029 0.471 0.372]
  eval: e=0.1791  p=[0.493 0.181 0.042 0.349 0.357]
  eval: e=0.3614  p=[0.344 0.342 0.005 0.458 0.377]
  eval: e=5.8257  p=[0.504 0.190 0.006 0.443 0.317]
  eval: e=0.3590  p=[0.748 0.686 0.000 0.286 0.941]
  eval: e=0.6384  p=[0.391 0.357 0.055 0.423 0.371]
  eval: e=67.5906  p=[0.570 0.489 0.000 0.623 0.413]
  eval: e=4.7239  p=[0.675 0.276 0.071 0.383 0.381]
  eval: e=0.3929  p=[0.273 0.236 0.055 0.000 0.250]
  eval: e=0.3330  p=[0.559 0.000 0.004 0.385 0.432]
  eval: e=0.1695  p=[0.351 0.230 0.013 0.474 0.390]
  eval: e=0.3784  p=[0.434 0.214 0.011 0.155 0.350]
  eval: e=0.1384  p=[1.000 0.186 0.043 0.204 0.352]
  eval: e=0.3677  p=[0.183 0.235 0.086 0.464 0.350]
  eval: e=0.2560  p=[0.403 0.047 0.006 0.516 0.392]
  eval: e=0.1527  p=[0.380 0.241 0.019 0.485 0.371]
  eval: e=0.2605  p=[0.731 0.302 0.161 0.313 0.488]
  eval: e=0.3743  p=[0.179 0.129 0.025 0.511 0.365]
  eval: e=0.0547  p=[0.406 0.276 0.026 0.423 0.379]
  eval: e=122.5909  p=[1.000 0.321 0.072 0.406 0.081]
  eval: e=0.3827  p=[0.158 0.235 0.045 0.518 0.451]
  eval: e=41.0725  p=[0.645 0.119 0.017 0.597 0.277]
  eval: e=0.3863  p=[0.396 0.172 0.018 0.246 0.419]
  eval: e=0.6728  p=[0.859 0.324 0.047 0.290 0.453]
  eval: e=0.0621  p=[0.354 0.364 0.014 0.421 0.388]
  eval: e=0.3825  p=[0.130 0.315 0.000 0.499 0.472]
  eval: e=0.3115  p=[0.325 0.180 0.039 0.433 0.347]
  eval: e=0.0730  p=[0.927 0.216 0.050 0.059 0.277]
  eval: e=0.0971  p=[0.204 0.436 0.119 0.435 0.269]
  eval: e=3.9476  p=[0.332 0.181 0.000 0.634 0.387]
  eval: e=0.3008  p=[0.591 0.275 0.034 0.135 0.359]
  eval: e=0.1269  p=[0.550 0.268 0.013 0.328 0.433]
  eval: e=6.7059  p=[0.512 0.176 0.070 0.557 0.404]
  eval: e=0.3541  p=[0.280 0.255 0.031 0.411 0.387]
   22            1150         0.04822           7.643        0
  eval: e=0.3195  p=[0.384 0.340 0.039 0.335 0.421]
  eval: e=23.0646  p=[0.506 0.301 0.086 0.495 0.367]
  eval: e=0.4244  p=[0.404 0.350 0.000 0.479 0.475]
  eval: e=0.2813  p=[0.563 0.373 0.060 0.371 0.579]
  eval: e=0.3817  p=[0.380 0.274 0.087 0.148 0.329]
  eval: e=12.1766  p=[0.459 0.237 0.132 0.547 0.363]
  eval: e=0.3376  p=[0.751 0.207 0.070 0.000 0.339]
  eval: e=0.2393  p=[0.277 0.424 0.049 0.386 0.375]
  eval: e=0.3427  p=[0.662 0.214 0.039 0.153 0.433]
  eval: e=0.3332  p=[0.747 0.204 0.070 0.000 0.328]
  eval: e=0.3595  p=[0.587 0.135 0.041 0.219 0.414]
  eval: e=32.1768  p=[0.386 0.774 0.114 0.338 0.365]
  eval: e=0.3274  p=[0.010 0.586 0.006 0.463 0.363]
  eval: e=0.3386  p=[0.288 0.348 0.005 0.264 0.302]
  eval: e=0.0600  p=[0.358 0.360 0.031 0.421 0.381]
  eval: e=0.2611  p=[0.556 0.286 0.002 0.292 0.357]
  eval: e=0.0482  p=[0.328 0.308 0.029 0.471 0.372]
  eval: e=0.2240  p=[0.504 0.206 0.035 0.395 0.353]
  eval: e=0.0514  p=[0.344 0.293 0.021 0.472 0.377]
  eval: e=3.0669  p=[0.915 0.416 0.157 0.177 0.278]
  eval: e=0.3308  p=[0.761 0.423 0.019 0.068 0.541]
  eval: e=0.1644  p=[0.382 0.275 0.056 0.427 0.387]
  eval: e=26.6060  p=[0.803 0.251 0.038 0.479 0.350]
  eval: e=0.3261  p=[0.531 0.240 0.066 0.225 0.184]
  eval: e=5.9227  p=[1.000 0.216 0.021 0.315 0.292]
  eval: e=0.0553  p=[0.552 0.103 0.013 0.399 0.366]
  eval: e=14.8908  p=[0.582 0.243 0.088 0.417 0.296]
  eval: e=17.4108  p=[0.575 0.357 0.043 0.351 0.321]
  eval: e=13.6526  p=[0.922 0.195 0.049 0.466 0.356]
  eval: e=6.5431  p=[0.448 0.240 0.005 0.513 0.393]
  eval: e=0.1119  p=[0.314 0.388 0.044 0.464 0.390]
  eval: e=0.3498  p=[0.376 0.305 0.031 0.464 0.379]
  eval: e=0.3787  p=[0.272 0.103 0.226 0.475 0.356]
  eval: e=34.3669  p=[0.321 0.201 0.024 0.704 0.366]
  eval: e=0.1202  p=[0.382 0.180 0.025 0.492 0.385]
  eval: e=0.3954  p=[0.237 0.148 0.273 0.407 0.526]
  eval: e=0.2876  p=[0.275 0.245 0.054 0.486 0.372]
  eval: e=59.9840  p=[0.615 0.256 0.093 0.437 0.191]
  eval: e=19.9186  p=[0.484 0.269 0.019 0.465 0.331]
  eval: e=0.3713  p=[0.688 0.140 0.024 0.093 0.421]
  eval: e=0.2792  p=[0.392 0.216 0.054 0.366 0.341]
  eval: e=0.9264  p=[0.629 0.000 0.010 0.480 0.348]
  eval: e=0.3388  p=[0.409 0.139 0.034 0.388 0.386]
  eval: e=0.3944  p=[0.187 0.197 0.062 0.117 0.302]
  eval: e=1.7172  p=[0.557 0.361 0.222 0.398 0.408]
  eval: e=0.3154  p=[0.490 0.226 0.092 0.273 0.363]
  eval: e=22.2048  p=[0.326 0.753 0.028 0.455 0.410]
  eval: e=0.3708  p=[0.265 0.287 0.025 0.352 0.384]
  eval: e=0.3511  p=[0.374 0.057 0.047 0.529 0.447]
  eval: e=0.4895  p=[0.644 0.244 0.020 0.303 0.377]
   23            1200         0.04822           6.088        1
  eval: e=0.3464  p=[0.342 0.373 0.049 0.492 0.576]
  eval: e=9.4310  p=[0.442 0.322 0.119 0.493 0.380]
  eval: e=0.3252  p=[0.337 0.529 0.182 0.514 0.551]
  eval: e=0.3278  p=[0.371 0.250 0.044 0.534 0.544]
  eval: e=0.3070  p=[0.461 0.349 0.015 0.206 0.373]
  eval: e=0.3654  p=[0.459 0.306 0.055 0.145 0.355]
  eval: e=187.9931  p=[0.627 0.303 0.000 0.616 0.190]
  eval: e=0.3266  p=[0.289 0.245 0.019 0.412 0.357]
  eval: e=0.1227  p=[0.828 0.200 0.000 0.102 0.260]
  eval: e=0.3706  p=[0.376 0.399 0.000 0.203 0.425]
  eval: e=6.3085  p=[0.998 0.034 0.114 0.268 0.000]
  eval: e=0.3333  p=[0.534 0.000 0.062 0.331 0.340]
  eval: e=0.1051  p=[0.855 0.455 0.190 0.000 0.319]
  eval: e=28.3628  p=[0.911 0.325 0.029 0.393 0.308]
  eval: e=0.1271  p=[0.380 0.277 0.027 0.423 0.382]
  eval: e=0.1651  p=[0.513 0.258 0.024 0.218 0.293]
  eval: e=0.0482  p=[0.328 0.308 0.029 0.471 0.372]
  eval: e=0.0566  p=[0.495 0.197 0.035 0.376 0.357]
  eval: e=0.0874  p=[0.361 0.228 0.022 0.516 0.381]
  eval: e=1.0731  p=[0.704 0.320 0.035 0.236 0.356]
  eval: e=4.4336  p=[0.853 0.464 0.017 0.354 0.480]
  eval: e=0.0827  p=[0.389 0.248 0.037 0.442 0.372]
  eval: e=7.0638  p=[0.298 0.780 0.020 0.540 0.369]
  eval: e=4.2302  p=[0.439 0.236 0.057 0.397 0.232]
  eval: e=0.3947  p=[0.175 0.165 0.097 0.164 0.318]
  eval: e=0.0676  p=[0.436 0.149 0.105 0.452 0.322]
  eval: e=0.1775  p=[0.267 0.225 0.022 0.598 0.359]
  eval: e=0.2899  p=[0.379 0.303 0.004 0.292 0.339]
  eval: e=0.1025  p=[0.302 0.288 0.014 0.469 0.357]
  eval: e=0.3388  p=[0.087 0.333 0.089 0.524 0.319]
  eval: e=0.2387  p=[0.387 0.127 0.042 0.483 0.377]
  eval: e=0.1334  p=[0.445 0.192 0.022 0.458 0.368]
  eval: e=2.2183  p=[1.000 0.376 0.056 0.246 0.365]
  eval: e=0.3282  p=[0.094 0.151 0.015 0.682 0.370]
  eval: e=8.9157  p=[0.399 0.383 0.024 0.448 0.382]
  eval: e=45.8912  p=[0.758 0.592 0.266 0.419 0.218]
  eval: e=0.1178  p=[0.295 0.255 0.033 0.554 0.366]
  eval: e=0.2545  p=[0.921 0.230 0.076 0.000 0.349]
  eval: e=0.2178  p=[0.300 0.296 0.021 0.403 0.324]
  eval: e=13.7970  p=[0.568 0.360 0.003 0.315 0.314]
  eval: e=1.3697  p=[0.286 0.309 0.037 0.602 0.419]
  eval: e=4.4433  p=[0.900 0.099 0.015 0.481 0.397]
  eval: e=4.3560  p=[0.580 0.158 0.020 0.477 0.381]
  eval: e=0.3312  p=[0.554 0.208 0.042 0.192 0.365]
  eval: e=2.0097  p=[0.274 0.483 0.403 0.519 0.297]
  eval: e=0.6095  p=[0.502 0.216 0.000 0.443 0.408]
  eval: e=2.2773  p=[0.487 0.640 0.028 0.225 0.441]
  eval: e=0.1116  p=[0.456 0.226 0.015 0.438 0.391]
  eval: e=0.0595  p=[0.420 0.122 0.062 0.564 0.416]
  eval: e=1.0149  p=[0.466 0.256 0.023 0.435 0.380]
   24            1250         0.04822           6.849        0
  eval: e=14.4390  p=[0.355 0.334 0.053 0.492 0.319]
  eval: e=0.3075  p=[0.280 0.331 0.057 0.420 0.383]
  eval: e=103.0356  p=[0.425 0.539 0.089 0.451 0.298]
  eval: e=2.1758  p=[0.579 0.366 0.087 0.450 0.519]
  eval: e=0.3243  p=[0.463 0.343 0.066 0.141 0.306]
  eval: e=100.0506  p=[0.407 0.315 0.057 0.648 0.360]
  eval: e=0.3768  p=[0.325 0.216 0.036 0.157 0.243]
  eval: e=0.0599  p=[0.613 0.121 0.043 0.354 0.369]
  eval: e=32.1377  p=[0.523 0.239 0.030 0.462 0.277]
  eval: e=2.2436  p=[0.515 0.284 0.067 0.388 0.355]
  eval: e=0.3960  p=[0.077 0.131 0.005 0.239 0.405]
  eval: e=0.1948  p=[0.512 0.284 0.052 0.333 0.349]
  eval: e=113.2669  p=[0.556 0.296 0.050 0.661 0.356]
  eval: e=0.3933  p=[0.262 0.281 0.000 0.012 0.303]
  eval: e=0.1056  p=[0.348 0.303 0.033 0.482 0.382]
  eval: e=0.3142  p=[0.414 0.306 0.029 0.220 0.315]
  eval: e=0.0482  p=[0.328 0.308 0.029 0.471 0.372]
  eval: e=0.0540  p=[0.495 0.189 0.036 0.381 0.354]
  eval: e=1.2531  p=[0.382 0.296 0.017 0.482 0.382]
  eval: e=1.4088  p=[0.735 0.212 0.038 0.233 0.273]
  eval: e=1.9978  p=[0.612 0.624 0.002 0.271 0.560]
  eval: e=4.3772  p=[0.540 0.243 0.042 0.419 0.360]
  eval: e=4.5356  p=[1.000 0.677 0.000 0.513 0.405]
  eval: e=0.0741  p=[0.572 0.251 0.058 0.272 0.324]
  eval: e=0.3852  p=[0.550 0.173 0.056 0.077 0.382]
  eval: e=0.3266  p=[0.445 0.089 0.042 0.433 0.412]
  eval: e=1.7147  p=[0.431 0.176 0.095 0.510 0.324]
  eval: e=0.3328  p=[0.387 0.298 0.039 0.256 0.335]
  eval: e=0.2369  p=[0.278 0.317 0.024 0.441 0.364]
  eval: e=29.7550  p=[0.506 0.278 0.057 0.549 0.392]
  eval: e=0.4979  p=[0.387 0.223 0.035 0.528 0.390]
  eval: e=0.2614  p=[0.371 0.192 0.032 0.438 0.375]
  eval: e=0.9475  p=[0.784 0.134 0.106 0.383 0.368]
  eval: e=99.3539  p=[0.462 0.311 0.016 0.644 0.376]
  eval: e=0.2270  p=[0.381 0.146 0.027 0.463 0.365]
  eval: e=7.8590  p=[0.722 0.502 0.000 0.021 0.185]
  eval: e=0.2035  p=[0.330 0.268 0.030 0.439 0.365]
  eval: e=0.0707  p=[0.894 0.213 0.025 0.069 0.286]
  eval: e=0.3515  p=[0.631 0.219 0.016 0.007 0.304]
  eval: e=5.3009  p=[0.632 0.339 0.039 0.358 0.395]
  eval: e=0.3825  p=[0.458 0.347 0.006 0.064 0.394]
  eval: e=0.2072  p=[0.811 0.087 0.018 0.266 0.449]
  eval: e=0.1925  p=[0.493 0.212 0.072 0.403 0.345]
  eval: e=2.6514  p=[0.523 0.315 0.036 0.345 0.345]
  eval: e=0.1475  p=[0.407 0.321 0.550 0.431 0.254]
  eval: e=0.2720  p=[0.406 0.222 0.087 0.404 0.381]
  eval: e=0.3681  p=[0.411 0.196 0.026 0.468 0.552]
  eval: e=0.0509  p=[0.366 0.218 0.019 0.503 0.384]
  eval: e=0.0692  p=[0.416 0.242 0.041 0.457 0.382]
  eval: e=0.1416  p=[0.455 0.303 0.023 0.329 0.382]
   25            1300         0.04822           10.72        1
  eval: e=0.3454  p=[0.447 0.325 0.025 0.506 0.659]
  eval: e=0.3069  p=[0.422 0.262 0.166 0.499 0.381]
  eval: e=4.9263  p=[0.252 0.624 0.236 0.526 0.449]
  eval: e=0.1871  p=[0.336 0.325 0.000 0.414 0.392]
  eval: e=0.2597  p=[0.753 0.330 0.074 0.081 0.417]
  eval: e=72.7749  p=[0.402 0.430 0.069 0.506 0.351]
  eval: e=9.6907  p=[0.843 0.200 0.034 0.343 0.270]
  eval: e=0.2418  p=[0.323 0.299 0.040 0.419 0.371]
  eval: e=11.9994  p=[0.754 0.288 0.029 0.371 0.337]
  eval: e=0.1258  p=[0.520 0.255 0.000 0.299 0.380]
  eval: e=10.5683  p=[0.709 0.149 0.087 0.308 0.142]
  eval: e=0.2912  p=[0.528 0.363 0.095 0.132 0.332]
  eval: e=3.0807  p=[0.700 0.427 0.193 0.238 0.329]
  eval: e=0.3877  p=[0.370 0.296 0.021 0.147 0.399]
  eval: e=0.1124  p=[0.337 0.342 0.028 0.465 0.384]
  eval: e=0.3682  p=[0.419 0.251 0.000 0.180 0.345]
  eval: e=0.0482  p=[0.328 0.308 0.029 0.471 0.372]
  eval: e=0.3343  p=[0.282 0.227 0.027 0.429 0.362]
  eval: e=0.1164  p=[0.347 0.232 0.018 0.489 0.385]
  eval: e=0.3922  p=[0.283 0.204 0.075 0.199 0.372]
  eval: e=0.2167  p=[0.377 0.586 0.006 0.295 0.431]
  eval: e=0.3515  p=[0.240 0.242 0.029 0.473 0.397]
  eval: e=2.9968  p=[0.795 0.692 0.019 0.933 0.412]
  eval: e=12.5105  p=[0.472 0.310 0.057 0.443 0.347]
  eval: e=40.0195  p=[0.728 0.264 0.026 0.294 0.127]
  eval: e=1.0171  p=[0.480 0.188 0.000 0.424 0.333]
  eval: e=0.2462  p=[0.313 0.222 0.056 0.452 0.336]
  eval: e=0.3267  p=[0.499 0.227 0.000 0.178 0.324]
  eval: e=0.0856  p=[0.318 0.304 0.028 0.464 0.369]
  eval: e=0.3694  p=[0.106 0.282 0.097 0.507 0.350]
  eval: e=0.0724  p=[0.384 0.178 0.025 0.502 0.381]
  eval: e=0.5280  p=[0.375 0.295 0.007 0.462 0.369]
  eval: e=0.3841  p=[0.326 0.240 0.198 0.293 0.366]
  eval: e=0.2875  p=[0.109 0.256 0.019 0.621 0.359]
  eval: e=0.0575  p=[0.443 0.239 0.027 0.413 0.380]
  eval: e=1.4000  p=[0.843 0.200 0.207 0.294 0.282]
  eval: e=2.0463  p=[0.334 0.202 0.018 0.613 0.392]
  eval: e=99.2141  p=[0.633 0.279 0.023 0.629 0.349]
  eval: e=0.1646  p=[0.159 0.336 0.031 0.596 0.386]
  eval: e=0.3496  p=[0.462 0.185 0.000 0.180 0.298]
  eval: e=0.3871  p=[0.389 0.197 0.031 0.194 0.388]
  eval: e=0.1698  p=[0.756 0.242 0.004 0.264 0.442]
  eval: e=6.3213  p=[0.483 0.227 0.002 0.467 0.359]
  eval: e=0.2756  p=[0.736 0.206 0.047 0.014 0.286]
  eval: e=6.6742  p=[0.508 0.519 0.556 0.390 0.319]
  eval: e=4.9634  p=[0.516 0.226 0.029 0.463 0.377]
  eval: e=0.0711  p=[0.530 0.199 0.023 0.376 0.397]
  eval: e=0.0531  p=[0.357 0.217 0.020 0.510 0.383]
  eval: e=0.0680  p=[0.385 0.144 0.030 0.548 0.400]
  eval: e=0.2483  p=[0.525 0.175 0.017 0.320 0.390]
   26            1350         0.04822           5.969        2
  eval: e=57.5872  p=[0.419 0.387 0.028 0.470 0.325]
  eval: e=0.1928  p=[0.303 0.339 0.106 0.451 0.369]
  eval: e=0.2104  p=[0.225 0.570 0.000 0.475 0.512]
  eval: e=0.3547  p=[0.376 0.254 0.020 0.495 0.376]
  eval: e=8.6864  p=[0.786 0.314 0.035 0.370 0.370]
  eval: e=0.3603  p=[0.408 0.168 0.013 0.262 0.333]
  eval: e=2.2569  p=[0.977 0.136 0.025 0.326 0.309]
  eval: e=0.1202  p=[0.475 0.100 0.034 0.451 0.371]
  eval: e=4.3113  p=[0.701 0.189 0.000 0.396 0.367]
  eval: e=0.1244  p=[0.428 0.329 0.038 0.347 0.382]
  eval: e=1.7688  p=[0.702 0.066 0.010 0.336 0.256]
  eval: e=55.6455  p=[0.478 0.422 0.075 0.461 0.345]
  eval: e=0.3807  p=[0.331 0.392 0.044 0.168 0.380]
  eval: e=41.4959  p=[0.445 0.374 0.021 0.477 0.362]
  eval: e=0.0937  p=[0.338 0.330 0.030 0.462 0.374]
  eval: e=0.2292  p=[0.519 0.355 0.034 0.176 0.350]
  eval: e=0.0482  p=[0.328 0.308 0.029 0.471 0.372]
  eval: e=1.9583  p=[0.451 0.238 0.032 0.468 0.370]
  eval: e=0.1717  p=[0.396 0.231 0.020 0.486 0.378]
  eval: e=18.4591  p=[0.892 0.142 0.011 0.477 0.312]
  eval: e=0.6306  p=[0.352 0.241 0.011 0.514 0.357]
  eval: e=18.9450  p=[0.507 0.323 0.049 0.476 0.390]
  eval: e=0.1642  p=[0.404 0.391 0.012 0.309 0.386]
  eval: e=0.0898  p=[0.475 0.186 0.045 0.431 0.362]
  eval: e=0.3716  p=[0.623 0.173 0.081 0.065 0.351]
  eval: e=0.3307  p=[0.317 0.226 0.006 0.423 0.390]
  eval: e=0.2020  p=[0.474 0.188 0.013 0.473 0.407]
  eval: e=69.1758  p=[0.441 0.320 0.042 0.543 0.327]
  eval: e=0.0500  p=[0.332 0.305 0.030 0.473 0.370]
  eval: e=0.3169  p=[0.338 0.332 0.098 0.473 0.346]
  eval: e=0.1493  p=[0.381 0.227 0.008 0.506 0.388]
  eval: e=0.0496  p=[0.369 0.267 0.045 0.467 0.371]
  eval: e=1.2392  p=[0.679 0.164 0.119 0.402 0.369]
  eval: e=9.8906  p=[0.496 0.000 0.020 0.739 0.393]
  eval: e=3.2227  p=[0.390 0.241 0.018 0.535 0.383]
  eval: e=0.2355  p=[0.877 0.312 0.364 0.237 0.339]
  eval: e=0.2409  p=[0.327 0.245 0.039 0.444 0.362]
  eval: e=21.6737  p=[0.584 0.221 0.030 0.497 0.349]
  eval: e=9.2956  p=[0.642 0.324 0.028 0.338 0.341]
  eval: e=3.8508  p=[0.779 0.303 0.029 0.310 0.361]
  eval: e=110.6047  p=[0.314 0.467 0.032 0.588 0.381]
  eval: e=0.8929  p=[0.503 0.000 0.008 0.645 0.437]
  eval: e=0.1027  p=[0.461 0.262 0.058 0.386 0.350]
  eval: e=61.7104  p=[0.878 0.233 0.025 0.550 0.315]
  eval: e=0.2083  p=[0.469 0.327 0.531 0.416 0.341]
  eval: e=0.7496  p=[0.493 0.280 0.023 0.390 0.380]
  eval: e=0.3733  p=[0.257 0.202 0.029 0.383 0.361]
  eval: e=0.1754  p=[0.336 0.269 0.034 0.451 0.373]
  eval: e=0.0670  p=[0.400 0.185 0.053 0.521 0.406]
  eval: e=1.3557  p=[0.432 0.306 0.023 0.423 0.369]
   27            1400         0.04822           10.22        3
  eval: e=0.2512  p=[0.267 0.318 0.079 0.490 0.390]
  eval: e=7.8680  p=[0.447 0.320 0.110 0.479 0.377]
  eval: e=42.4380  p=[0.375 0.494 0.006 0.467 0.407]
  eval: e=0.1000  p=[0.300 0.322 0.026 0.472 0.378]
  eval: e=0.2480  p=[0.498 0.325 0.031 0.158 0.299]
  eval: e=0.1733  p=[0.409 0.339 0.078 0.330 0.353]
  eval: e=8.0203  p=[0.901 0.386 0.027 0.279 0.330]
  eval: e=0.3252  p=[0.461 0.145 0.053 0.337 0.368]
  eval: e=0.2626  p=[0.703 0.240 0.014 0.055 0.328]
  eval: e=0.1235  p=[0.279 0.311 0.038 0.498 0.377]
  eval: e=108.6679  p=[0.561 0.292 0.020 0.445 0.158]
  eval: e=0.1075  p=[0.373 0.406 0.101 0.336 0.343]
  eval: e=0.1947  p=[0.428 0.337 0.032 0.304 0.368]
  eval: e=0.2567  p=[0.311 0.353 0.016 0.291 0.278]
  eval: e=0.1048  p=[0.359 0.300 0.031 0.471 0.380]
  eval: e=0.3800  p=[0.266 0.280 0.000 0.228 0.321]
  eval: e=0.0482  p=[0.328 0.308 0.029 0.471 0.372]
  eval: e=0.3359  p=[0.460 0.219 0.033 0.440 0.367]
  eval: e=0.0514  p=[0.368 0.264 0.033 0.470 0.371]
  eval: e=0.3780  p=[0.263 0.264 0.154 0.281 0.296]
  eval: e=0.1061  p=[0.343 0.742 0.024 0.214 0.431]
  eval: e=0.1603  p=[0.278 0.316 0.027 0.454 0.349]
  eval: e=0.3409  p=[0.268 0.316 0.025 0.375 0.364]
  eval: e=0.7690  p=[0.390 0.314 0.037 0.412 0.325]
  eval: e=16.4759  p=[0.602 0.343 0.026 0.401 0.369]
  eval: e=0.3679  p=[0.309 0.061 0.038 0.473 0.379]
  eval: e=1.4166  p=[0.393 0.268 0.038 0.469 0.345]
  eval: e=0.0670  p=[0.321 0.292 0.000 0.436 0.312]
  eval: e=0.0537  p=[0.332 0.308 0.030 0.473 0.370]
  eval: e=0.2403  p=[0.285 0.265 0.063 0.485 0.367]
  eval: e=0.0606  p=[0.358 0.292 0.044 0.464 0.367]
  eval: e=0.0542  p=[0.334 0.311 0.030 0.470 0.372]
  eval: e=0.2312  p=[0.364 0.262 0.092 0.423 0.367]
  eval: e=0.3755  p=[0.000 0.303 0.034 0.604 0.395]
  eval: e=0.2813  p=[0.332 0.294 0.032 0.401 0.380]
  eval: e=0.3960  p=[0.143 0.334 0.451 0.024 0.275]
  eval: e=0.0773  p=[0.310 0.281 0.024 0.497 0.378]
  eval: e=0.3893  p=[0.374 0.267 0.023 0.000 0.289]
  eval: e=0.2075  p=[0.326 0.276 0.022 0.435 0.366]
  eval: e=0.1122  p=[0.915 0.303 0.000 0.084 0.340]
  eval: e=0.2493  p=[0.340 0.198 0.031 0.465 0.371]
  eval: e=0.1788  p=[1.000 0.148 0.017 0.100 0.363]
  eval: e=0.3031  p=[0.383 0.141 0.029 0.420 0.360]
  eval: e=6.6645  p=[0.642 0.248 0.035 0.340 0.308]
  eval: e=63.1867  p=[0.284 0.450 0.013 0.480 0.287]
  eval: e=0.3278  p=[0.365 0.293 0.048 0.487 0.378]
  eval: e=0.1501  p=[0.356 0.220 0.022 0.470 0.375]
  eval: e=0.0634  p=[0.358 0.265 0.028 0.479 0.388]
  eval: e=15.3001  p=[0.340 0.349 0.032 0.523 0.363]
  eval: e=0.1623  p=[0.419 0.299 0.032 0.355 0.375]
   28            1450         0.04822           5.582        4
  eval: e=0.2998  p=[0.264 0.298 0.040 0.471 0.395]
  eval: e=0.1456  p=[0.321 0.305 0.069 0.466 0.378]
  eval: e=0.3262  p=[0.186 0.368 0.018 0.480 0.404]
  eval: e=0.0500  p=[0.333 0.309 0.029 0.469 0.377]
  eval: e=11.9572  p=[0.497 0.319 0.061 0.435 0.361]
  eval: e=2.9511  p=[0.524 0.327 0.076 0.363 0.356]
  eval: e=0.3949  p=[0.274 0.040 0.033 0.000 0.232]
  eval: e=28.4551  p=[0.628 0.245 0.012 0.509 0.369]
  eval: e=75.3696  p=[0.318 0.305 0.003 0.592 0.295]
  eval: e=0.0553  p=[0.300 0.306 0.031 0.497 0.374]
  eval: e=0.3154  p=[0.726 0.059 0.033 0.000 0.198]
  eval: e=0.1140  p=[0.498 0.360 0.093 0.273 0.370]
  eval: e=0.1277  p=[0.930 0.437 0.135 0.000 0.334]
  eval: e=5.0565  p=[0.949 0.341 0.030 0.246 0.307]
  eval: e=0.0912  p=[0.345 0.314 0.030 0.446 0.385]
  eval: e=0.0570  p=[0.550 0.293 0.045 0.271 0.355]
  eval: e=0.0482  p=[0.328 0.308 0.029 0.471 0.372]
  eval: e=0.4647  p=[0.404 0.306 0.032 0.429 0.364]
  eval: e=0.3580  p=[0.333 0.343 0.018 0.470 0.374]
  eval: e=0.3405  p=[0.337 0.231 0.086 0.375 0.351]
  eval: e=0.2536  p=[0.324 0.625 0.031 0.257 0.437]
  eval: e=0.2491  p=[0.433 0.306 0.028 0.415 0.389]
  eval: e=0.3415  p=[0.308 0.345 0.021 0.337 0.387]
  eval: e=5.9115  p=[0.458 0.305 0.041 0.418 0.339]
  eval: e=7.1707  p=[0.543 0.101 0.086 0.410 0.150]
  eval: e=0.0872  p=[0.387 0.311 0.018 0.379 0.359]
  eval: e=0.1879  p=[0.335 0.236 0.055 0.460 0.354]
  eval: e=0.2314  p=[0.585 0.297 0.024 0.159 0.356]
  eval: e=0.0490  p=[0.326 0.307 0.030 0.472 0.372]
  eval: e=16.6373  p=[0.193 0.367 0.041 0.641 0.349]
  eval: e=0.0474  p=[0.356 0.203 0.025 0.522 0.376]
  eval: e=0.1505  p=[0.334 0.255 0.040 0.471 0.372]
  eval: e=7.7777  p=[0.935 0.278 0.117 0.415 0.372]
  eval: e=73.3130  p=[0.271 0.313 0.030 0.662 0.336]
  eval: e=19.0742  p=[0.422 0.300 0.021 0.517 0.377]
  eval: e=13.9899  p=[1.000 0.313 0.465 0.426 0.253]
  eval: e=0.0886  p=[0.333 0.296 0.029 0.493 0.376]
  eval: e=34.5975  p=[0.435 0.233 0.032 0.605 0.373]
  eval: e=0.1355  p=[0.465 0.291 0.030 0.283 0.330]
  eval: e=16.8657  p=[0.935 0.291 0.035 0.362 0.302]
  eval: e=0.5598  p=[0.360 0.391 0.030 0.422 0.377]
  eval: e=0.3854  p=[0.422 0.091 0.024 0.309 0.437]
  eval: e=1.2550  p=[0.497 0.190 0.028 0.458 0.371]
  eval: e=23.0517  p=[0.643 0.304 0.040 0.406 0.324]
  eval: e=0.0558  p=[0.334 0.482 0.251 0.389 0.338]
  eval: e=0.0631  p=[0.362 0.270 0.031 0.464 0.380]
  eval: e=0.6655  p=[0.470 0.344 0.022 0.363 0.382]
  eval: e=0.1207  p=[0.342 0.213 0.022 0.496 0.374]
  eval: e=0.0632  p=[0.438 0.172 0.032 0.500 0.414]
  eval: e=0.0621  p=[0.476 0.208 0.022 0.411 0.372]
   29            1500         0.04737           7.008        0
  eval: e=0.0525  p=[0.323 0.277 0.058 0.506 0.374]
  eval: e=0.1134  p=[0.480 0.264 0.054 0.348 0.376]
  eval: e=0.3344  p=[0.304 0.248 0.017 0.507 0.471]
  eval: e=0.1781  p=[0.361 0.183 0.025 0.485 0.377]
  eval: e=0.3844  p=[0.630 0.164 0.065 0.000 0.367]
  eval: e=46.4166  p=[0.533 0.388 0.076 0.482 0.363]
  eval: e=0.3502  p=[0.611 0.263 0.032 0.075 0.368]
  eval: e=0.2243  p=[0.531 0.205 0.023 0.391 0.377]
  eval: e=0.0989  p=[1.000 0.298 0.009 0.000 0.249]
  eval: e=0.0585  p=[0.316 0.306 0.030 0.492 0.370]
  eval: e=76.3548  p=[0.667 0.109 0.075 0.749 0.171]
  eval: e=0.3368  p=[0.374 0.284 0.050 0.272 0.330]
  eval: e=2.0523  p=[0.796 0.416 0.151 0.228 0.350]
  eval: e=33.0896  p=[0.507 0.221 0.025 0.519 0.313]
  eval: e=0.0538  p=[0.339 0.320 0.031 0.461 0.374]
  eval: e=1.3175  p=[0.345 0.305 0.035 0.507 0.372]
  eval: e=0.0482  p=[0.328 0.308 0.029 0.471 0.372]
  eval: e=0.0622  p=[0.510 0.161 0.034 0.410 0.364]
  eval: e=0.2884  p=[0.346 0.123 0.029 0.494 0.376]
  eval: e=14.7612  p=[1.000 0.282 0.018 0.347 0.299]
  eval: e=110.9566  p=[0.356 0.493 0.011 0.538 0.358]
  eval: e=5.9892  p=[0.389 0.297 0.019 0.486 0.357]
  eval: e=0.2112  p=[0.415 0.343 0.026 0.311 0.375]
  eval: e=0.3708  p=[0.332 0.214 0.034 0.334 0.380]
  eval: e=0.3913  p=[0.517 0.104 0.079 0.062 0.371]
  eval: e=0.2202  p=[0.446 0.169 0.024 0.386 0.364]
  eval: e=0.2273  p=[0.384 0.257 0.048 0.471 0.355]
  eval: e=25.8038  p=[0.524 0.299 0.019 0.452 0.343]
  eval: e=0.0500  p=[0.326 0.307 0.030 0.471 0.372]
  eval: e=0.3111  p=[0.212 0.356 0.089 0.456 0.360]
  eval: e=0.0473  p=[0.356 0.194 0.023 0.527 0.377]
  eval: e=0.0640  p=[0.375 0.270 0.047 0.467 0.371]
  eval: e=1.1494  p=[0.981 0.092 0.150 0.428 0.373]
  eval: e=2.4122  p=[0.356 0.000 0.023 0.747 0.375]
  eval: e=0.0553  p=[0.419 0.224 0.024 0.455 0.388]
  eval: e=1.2433  p=[0.482 0.288 0.675 0.458 0.167]
  eval: e=0.1790  p=[0.292 0.297 0.027 0.468 0.370]
  eval: e=1.8019  p=[0.740 0.238 0.038 0.336 0.379]
  eval: e=0.0780  p=[0.545 0.237 0.008 0.245 0.310]
  eval: e=0.2338  p=[0.624 0.297 0.022 0.084 0.314]
  eval: e=0.1556  p=[0.324 0.323 0.030 0.438 0.382]
  eval: e=37.9194  p=[1.000 0.325 0.000 0.506 0.391]
  eval: e=0.2168  p=[0.351 0.183 0.051 0.454 0.338]
  eval: e=0.3420  p=[0.715 0.304 0.045 0.000 0.388]
  eval: e=0.0607  p=[0.398 0.204 0.092 0.456 0.332]
  eval: e=0.0951  p=[0.365 0.213 0.026 0.493 0.385]
  eval: e=0.3347  p=[0.344 0.149 0.030 0.439 0.377]
  eval: e=0.0735  p=[0.368 0.215 0.017 0.506 0.399]
  eval: e=0.2281  p=[0.291 0.214 0.043 0.560 0.416]
  eval: e=0.2588  p=[0.309 0.302 0.021 0.418 0.372]
   30            1550         0.04731           7.361        0

                                 Best            Mean     Stall
Iteration     f-count            f(x)            f(x)    Iterations
  eval: e=0.0474  p=[0.331 0.292 0.037 0.482 0.370]
  eval: e=0.3162  p=[0.394 0.324 0.176 0.327 0.362]
  eval: e=0.1707  p=[0.271 0.497 0.019 0.479 0.460]
  eval: e=0.1113  p=[0.333 0.360 0.026 0.450 0.377]
  eval: e=139.6526  p=[0.407 0.451 0.034 0.579 0.316]
  eval: e=0.3869  p=[0.373 0.256 0.051 0.129 0.349]
  eval: e=16.8511  p=[0.733 0.131 0.024 0.430 0.249]
  eval: e=0.1087  p=[0.484 0.198 0.050 0.374 0.361]
  eval: e=1.7093  p=[0.735 0.188 0.009 0.258 0.282]
  eval: e=0.2370  p=[0.310 0.254 0.042 0.469 0.374]
  eval: e=0.3674  p=[0.400 0.251 0.215 0.261 0.328]
  eval: e=0.3263  p=[0.486 0.319 0.168 0.256 0.388]
  eval: e=0.1027  p=[0.523 0.383 0.112 0.253 0.336]
  eval: e=40.2174  p=[0.473 0.426 0.030 0.448 0.377]
  eval: e=0.0486  p=[0.321 0.319 0.030 0.475 0.373]
  eval: e=0.3727  p=[0.364 0.297 0.033 0.211 0.357]
  eval: e=0.0482  p=[0.328 0.308 0.029 0.471 0.372]
  eval: e=0.0723  p=[0.425 0.202 0.042 0.459 0.360]
  eval: e=57.2673  p=[0.341 0.534 0.027 0.450 0.372]
  eval: e=0.3951  p=[0.097 0.218 0.141 0.288 0.387]
  eval: e=0.2779  p=[0.342 0.456 0.022 0.350 0.451]
  eval: e=0.1765  p=[0.372 0.201 0.041 0.452 0.360]
  eval: e=33.6284  p=[0.357 0.321 0.016 0.580 0.386]
  eval: e=0.2937  p=[0.367 0.371 0.061 0.302 0.367]
  eval: e=32.7427  p=[0.820 0.178 0.000 0.431 0.233]
  eval: e=0.2601  p=[0.389 0.210 0.032 0.403 0.369]
  eval: e=0.1223  p=[0.354 0.172 0.084 0.542 0.331]
  eval: e=0.3677  p=[0.483 0.150 0.015 0.196 0.347]
  eval: e=0.0486  p=[0.326 0.307 0.030 0.472 0.372]
  eval: e=2.4343  p=[0.313 0.294 0.023 0.548 0.369]
  eval: e=0.0473  p=[0.355 0.194 0.023 0.528 0.377]
  eval: e=0.0501  p=[0.364 0.271 0.047 0.467 0.371]
  eval: e=0.3837  p=[0.146 0.238 0.126 0.454 0.370]
  eval: e=42.4079  p=[0.264 0.209 0.022 0.695 0.287]
  eval: e=0.2157  p=[0.324 0.291 0.032 0.424 0.363]
  eval: e=1.8911  p=[0.703 0.279 0.094 0.254 0.302]
  eval: e=0.1076  p=[0.327 0.152 0.019 0.555 0.373]
  eval: e=3.6102  p=[0.695 0.320 0.032 0.197 0.263]
  eval: e=0.0532  p=[0.321 0.262 0.023 0.514 0.371]
  eval: e=0.1213  p=[0.286 0.231 0.004 0.499 0.337]
  eval: e=0.0645  p=[0.358 0.231 0.023 0.511 0.379]
  eval: e=0.1148  p=[0.741 0.000 0.008 0.319 0.379]
  eval: e=0.2691  p=[0.440 0.100 0.081 0.405 0.333]
  eval: e=46.0597  p=[0.750 0.213 0.030 0.568 0.352]
  eval: e=0.0712  p=[0.206 0.516 0.134 0.448 0.344]
  eval: e=0.1786  p=[0.361 0.232 0.023 0.512 0.370]
  eval: e=16.7053  p=[0.514 0.364 0.022 0.425 0.389]
  eval: e=1.1942  p=[0.363 0.265 0.027 0.491 0.343]
  eval: e=2.4791  p=[0.416 0.252 0.067 0.526 0.395]
  eval: e=0.1756  p=[0.387 0.193 0.023 0.451 0.375]
   31            1600         0.04731           8.907        1
  eval: e=0.0474  p=[0.332 0.293 0.034 0.480 0.370]
  eval: e=60.9684  p=[0.373 0.310 0.153 0.661 0.382]
  eval: e=23.4675  p=[0.369 0.448 0.020 0.504 0.435]
  eval: e=0.1089  p=[0.329 0.308 0.030 0.489 0.374]
  eval: e=0.3828  p=[0.595 0.225 0.031 0.000 0.373]
  eval: e=84.4931  p=[0.511 0.399 0.105 0.519 0.323]
  eval: e=0.2985  p=[0.416 0.177 0.025 0.233 0.217]
  eval: e=0.2082  p=[0.421 0.178 0.044 0.422 0.372]
  eval: e=0.8611  p=[0.964 0.295 0.015 0.226 0.362]
  eval: e=5.6568  p=[0.356 0.266 0.007 0.553 0.382]
  eval: e=12.2472  p=[0.537 0.241 0.000 0.303 0.171]
  eval: e=0.3399  p=[0.346 0.309 0.000 0.285 0.354]
  eval: e=0.2961  p=[0.299 0.156 0.009 0.502 0.372]
  eval: e=0.1852  p=[0.484 0.307 0.030 0.232 0.323]
  eval: e=0.4987  p=[0.349 0.286 0.025 0.502 0.375]
  eval: e=59.5820  p=[0.481 0.286 0.050 0.577 0.356]
  eval: e=0.0483  p=[0.328 0.305 0.040 0.475 0.370]
  eval: e=0.2833  p=[0.479 0.187 0.025 0.449 0.376]
  eval: e=4.3764  p=[0.342 0.380 0.025 0.477 0.376]
  eval: e=1.5044  p=[1.000 0.097 0.000 0.333 0.322]
  eval: e=0.0450  p=[0.349 0.444 0.025 0.336 0.345]
  eval: e=0.1394  p=[0.371 0.227 0.054 0.473 0.383]
  eval: e=0.0628  p=[0.408 0.400 0.034 0.344 0.383]
  eval: e=34.9219  p=[0.526 0.312 0.017 0.483 0.359]
  eval: e=26.2690  p=[0.847 0.153 0.026 0.471 0.270]
  eval: e=0.2937  p=[0.309 0.189 0.029 0.475 0.369]
  eval: e=1.0668  p=[0.398 0.311 0.043 0.426 0.339]
  eval: e=0.2598  p=[0.546 0.274 0.014 0.131 0.292]
  eval: e=0.3070  p=[0.344 0.235 0.024 0.535 0.373]
  eval: e=0.1743  p=[0.269 0.188 0.110 0.582 0.354]
  eval: e=0.0474  p=[0.356 0.194 0.023 0.527 0.377]
  eval: e=0.1729  p=[0.361 0.176 0.030 0.489 0.372]
  eval: e=1.7981  p=[0.901 0.176 0.212 0.414 0.367]
  eval: e=0.1631  p=[0.222 0.324 0.028 0.673 0.477]
  eval: e=0.0778  p=[0.333 0.297 0.024 0.473 0.388]
  eval: e=8.4884  p=[0.899 0.224 0.052 0.124 0.037]
  eval: e=0.0493  p=[0.338 0.228 0.025 0.524 0.382]
  eval: e=0.3881  p=[0.365 0.317 0.021 0.051 0.335]
  eval: e=15.9438  p=[0.479 0.169 0.017 0.517 0.302]
  eval: e=0.1014  p=[1.000 0.335 0.040 0.000 0.315]
  eval: e=15.1093  p=[0.358 0.400 0.043 0.486 0.377]
  eval: e=1.4530  p=[0.457 0.141 0.027 0.532 0.375]
  eval: e=5.8014  p=[0.534 0.181 0.060 0.490 0.361]
  eval: e=0.1693  p=[0.737 0.337 0.058 0.000 0.299]
  eval: e=0.2787  p=[0.312 0.320 0.187 0.441 0.362]
  eval: e=0.1216  p=[0.326 0.334 0.037 0.434 0.375]
  eval: e=0.0801  p=[0.449 0.213 0.024 0.440 0.377]
  eval: e=0.2167  p=[0.368 0.192 0.016 0.509 0.430]
  eval: e=0.2918  p=[0.333 0.146 0.050 0.512 0.391]
  eval: e=0.0531  p=[0.447 0.185 0.023 0.452 0.375]
   32            1650         0.04504           7.404        0
  eval: e=0.2259  p=[0.351 0.206 0.034 0.550 0.374]
  eval: e=0.1836  p=[0.352 0.201 0.149 0.592 0.378]
  eval: e=0.2927  p=[0.245 0.395 0.030 0.479 0.447]
  eval: e=0.0711  p=[0.331 0.304 0.029 0.484 0.374]
  eval: e=0.3823  p=[0.506 0.226 0.032 0.053 0.345]
  eval: e=0.3732  p=[0.494 0.312 0.107 0.093 0.351]
  eval: e=0.6978  p=[0.785 0.256 0.034 0.178 0.289]
  eval: e=24.5275  p=[0.574 0.337 0.030 0.442 0.370]
  eval: e=30.9901  p=[0.629 0.320 0.013 0.453 0.359]
  eval: e=0.2459  p=[0.322 0.200 0.032 0.490 0.377]
  eval: e=0.2899  p=[0.524 0.000 0.049 0.189 0.092]
  eval: e=4.0512  p=[0.501 0.486 0.171 0.286 0.334]
  eval: e=8.5138  p=[0.571 0.453 0.144 0.320 0.363]
  eval: e=0.0775  p=[0.745 0.217 0.016 0.191 0.357]
  eval: e=0.0991  p=[0.312 0.398 0.031 0.379 0.345]
  eval: e=1.0931  p=[0.412 0.294 0.030 0.437 0.357]
  eval: e=0.0485  p=[0.328 0.310 0.024 0.469 0.373]
  eval: e=0.3113  p=[0.350 0.198 0.025 0.423 0.378]
  eval: e=0.2960  p=[0.352 0.360 0.021 0.301 0.360]
  eval: e=0.3937  p=[0.058 0.110 0.064 0.359 0.318]
  eval: e=0.0684  p=[0.349 0.443 0.026 0.334 0.334]
  eval: e=5.3447  p=[0.371 0.286 0.041 0.526 0.371]
  eval: e=0.2707  p=[0.420 0.328 0.023 0.396 0.372]
  eval: e=0.2940  p=[0.495 0.241 0.052 0.218 0.320]
  eval: e=0.3624  p=[0.408 0.312 0.035 0.109 0.280]
  eval: e=1.4468  p=[0.572 0.198 0.019 0.401 0.372]
  eval: e=0.2431  p=[0.312 0.206 0.048 0.487 0.361]
  eval: e=0.1572  p=[0.324 0.252 0.012 0.492 0.394]
  eval: e=0.0741  p=[0.339 0.261 0.031 0.507 0.373]
  eval: e=0.2545  p=[0.304 0.249 0.035 0.458 0.364]
  eval: e=0.0473  p=[0.355 0.195 0.023 0.528 0.377]
  eval: e=0.0514  p=[0.341 0.235 0.034 0.510 0.375]
  eval: e=0.2374  p=[0.374 0.341 0.000 0.290 0.331]
  eval: e=0.2534  p=[0.319 0.083 0.023 0.638 0.448]
  eval: e=7.5162  p=[0.410 0.283 0.024 0.500 0.371]
  eval: e=1.8757  p=[0.529 0.325 0.719 0.473 0.245]
  eval: e=0.0767  p=[0.353 0.188 0.024 0.522 0.380]
  eval: e=1.3067  p=[0.838 0.145 0.024 0.384 0.393]
  eval: e=38.6710  p=[0.510 0.587 0.023 0.303 0.331]
  eval: e=100.0639  p=[0.752 0.248 0.021 0.623 0.316]
  eval: e=0.0534  p=[0.350 0.405 0.032 0.382 0.363]
  eval: e=0.3915  p=[0.355 0.300 0.009 0.053 0.372]
  eval: e=0.3457  p=[0.282 0.172 0.036 0.461 0.368]
  eval: e=0.3924  p=[0.333 0.273 0.046 0.041 0.340]
  eval: e=1.4778  p=[0.360 0.491 0.196 0.406 0.358]
  eval: e=0.0971  p=[0.359 0.325 0.032 0.451 0.378]
  eval: e=1.8076  p=[0.545 0.194 0.029 0.436 0.378]
  eval: e=6.6222  p=[0.356 0.443 0.025 0.370 0.305]
  eval: e=0.4121  p=[0.428 0.134 0.049 0.559 0.390]
  eval: e=4.6676  p=[0.322 0.524 0.024 0.378 0.357]
   33            1700         0.04504           4.961        1
  eval: e=0.3138  p=[0.324 0.505 0.031 0.205 0.347]
  eval: e=0.2677  p=[0.368 0.357 0.161 0.380 0.385]
  eval: e=0.3370  p=[0.249 0.468 0.021 0.345 0.413]
  eval: e=0.2186  p=[0.333 0.467 0.024 0.373 0.367]
  eval: e=14.3874  p=[1.000 0.361 0.058 0.327 0.310]
  eval: e=0.3748  p=[0.449 0.416 0.030 0.316 0.374]
  eval: e=2.0457  p=[0.528 0.247 0.031 0.281 0.219]
  eval: e=0.0648  p=[0.542 0.031 0.049 0.483 0.369]
  eval: e=0.2907  p=[1.000 0.322 0.015 0.074 0.286]
  eval: e=0.0470  p=[0.342 0.219 0.030 0.520 0.372]
  eval: e=0.1059  p=[0.792 0.100 0.030 0.095 0.198]
  eval: e=0.3790  p=[0.295 0.335 0.154 0.270 0.359]
  eval: e=0.3385  p=[0.253 0.403 0.000 0.269 0.312]
  eval: e=0.1667  p=[0.391 0.525 0.020 0.257 0.347]
  eval: e=27.4454  p=[0.319 0.339 0.030 0.583 0.380]
  eval: e=0.3814  p=[0.346 0.333 0.042 0.136 0.337]
  eval: e=0.2404  p=[0.332 0.204 0.025 0.476 0.376]
  eval: e=0.6435  p=[0.546 0.195 0.034 0.394 0.359]
  eval: e=0.3561  p=[0.347 0.299 0.022 0.302 0.383]
  eval: e=0.7410  p=[1.000 0.185 0.078 0.219 0.277]
  eval: e=0.0641  p=[0.349 0.445 0.025 0.335 0.338]
  eval: e=4.3409  p=[0.390 0.272 0.046 0.523 0.377]
  eval: e=0.2222  p=[0.322 0.422 0.037 0.320 0.348]
  eval: e=4.3048  p=[0.467 0.266 0.016 0.437 0.355]
  eval: e=0.0736  p=[0.881 0.265 0.048 0.066 0.293]
  eval: e=0.1256  p=[0.473 0.176 0.014 0.373 0.352]
  eval: e=0.2082  p=[0.333 0.177 0.042 0.476 0.337]
  eval: e=0.3666  p=[0.368 0.259 0.020 0.232 0.341]
  eval: e=0.4116  p=[0.333 0.264 0.023 0.531 0.376]
  eval: e=0.0469  p=[0.274 0.399 0.021 0.424 0.327]
  eval: e=0.0473  p=[0.355 0.195 0.023 0.528 0.377]
  eval: e=0.2822  p=[0.366 0.323 0.051 0.458 0.371]
  eval: e=4.0939  p=[1.000 0.164 0.090 0.420 0.361]
  eval: e=133.7920  p=[0.138 0.322 0.023 0.760 0.256]
  eval: e=0.2596  p=[0.376 0.367 0.026 0.309 0.373]
  eval: e=0.2163  p=[0.964 0.326 0.023 0.000 0.390]
  eval: e=0.3967  p=[0.356 0.246 0.024 0.525 0.380]
  eval: e=1.3819  p=[0.556 0.327 0.026 0.308 0.361]
  eval: e=0.3805  p=[0.403 0.000 0.023 0.306 0.336]
  eval: e=0.3852  p=[0.532 0.256 0.004 0.000 0.368]
  eval: e=0.0949  p=[0.348 0.436 0.021 0.323 0.353]
  eval: e=0.3789  p=[0.515 0.000 0.024 0.257 0.377]
  eval: e=5.9272  p=[0.629 0.141 0.015 0.474 0.369]
  eval: e=3.5664  p=[0.296 0.257 0.040 0.535 0.281]
  eval: e=0.2268  p=[0.333 0.472 0.076 0.370 0.346]
  eval: e=0.0698  p=[0.361 0.386 0.026 0.336 0.331]
  eval: e=0.3043  p=[0.399 0.199 0.026 0.398 0.396]
  eval: e=0.0468  p=[0.328 0.297 0.025 0.446 0.333]
  eval: e=0.3875  p=[0.335 0.212 0.041 0.258 0.407]
  eval: e=0.2793  p=[0.457 0.039 0.025 0.418 0.346]
   34            1750         0.04504           4.237        2
  eval: e=0.3050  p=[0.327 0.301 0.031 0.368 0.364]
  eval: e=18.0045  p=[0.401 0.445 0.058 0.407 0.350]
  eval: e=0.6267  p=[0.325 0.431 0.021 0.463 0.421]
  eval: e=0.1401  p=[0.336 0.425 0.030 0.341 0.362]
  eval: e=0.3967  p=[0.021 0.170 0.070 0.000 0.380]
  eval: e=0.3030  p=[0.463 0.434 0.085 0.271 0.331]
  eval: e=0.3604  p=[0.546 0.321 0.029 0.023 0.327]
  eval: e=14.4064  p=[0.537 0.558 0.016 0.229 0.345]
  eval: e=0.1033  p=[0.551 0.285 0.019 0.195 0.303]
  eval: e=53.5491  p=[0.353 0.446 0.028 0.494 0.365]
  eval: e=2.4939  p=[0.729 0.123 0.024 0.452 0.400]
  eval: e=2.0645  p=[0.502 0.443 0.063 0.256 0.327]
  eval: e=0.2989  p=[0.396 0.417 0.158 0.254 0.347]
  eval: e=0.1699  p=[0.676 0.078 0.019 0.250 0.345]
  eval: e=88.0564  p=[0.366 0.437 0.025 0.541 0.368]
  eval: e=7.6473  p=[0.598 0.322 0.040 0.341 0.342]
  eval: e=0.0787  p=[0.322 0.276 0.027 0.467 0.353]
  eval: e=0.2572  p=[0.271 0.361 0.030 0.379 0.331]
  eval: e=0.3657  p=[0.345 0.413 0.023 0.402 0.364]
  eval: e=0.3868  p=[0.710 0.326 0.096 0.181 0.321]
  eval: e=0.0516  p=[0.349 0.445 0.025 0.336 0.356]
  eval: e=0.0644  p=[0.341 0.459 0.031 0.328 0.355]
  eval: e=0.7760  p=[0.453 0.422 0.029 0.320 0.375]
  eval: e=0.0515  p=[0.367 0.290 0.050 0.405 0.316]
  eval: e=55.5054  p=[0.786 0.366 0.035 0.453 0.310]
  eval: e=8.6588  p=[0.385 0.470 0.024 0.364 0.346]
  eval: e=16.6642  p=[0.408 0.368 0.058 0.440 0.331]
  eval: e=11.8428  p=[0.537 0.477 0.010 0.191 0.262]
  eval: e=0.1062  p=[0.355 0.254 0.029 0.461 0.373]
  eval: e=0.3348  p=[0.330 0.448 0.021 0.378 0.349]
  eval: e=0.1046  p=[0.322 0.259 0.024 0.454 0.336]
  eval: e=0.1038  p=[0.347 0.239 0.016 0.461 0.357]
  eval: e=20.7842  p=[0.915 0.296 0.037 0.412 0.334]
  eval: e=0.3891  p=[0.192 0.080 0.024 0.415 0.369]
  eval: e=0.0534  p=[0.374 0.394 0.026 0.357 0.352]
  eval: e=37.1606  p=[0.394 0.424 0.448 0.442 0.138]
  eval: e=0.0623  p=[0.349 0.297 0.026 0.455 0.378]
  eval: e=0.0743  p=[0.868 0.173 0.026 0.095 0.261]
  eval: e=64.6682  p=[0.448 0.417 0.022 0.455 0.333]
  eval: e=0.3208  p=[0.549 0.318 0.011 0.018 0.261]
  eval: e=0.1950  p=[0.328 0.379 0.030 0.361 0.358]
  eval: e=25.2078  p=[0.376 0.439 0.011 0.441 0.366]
  eval: e=51.7545  p=[0.513 0.565 0.038 0.436 0.330]
  eval: e=0.0844  p=[0.481 0.291 0.035 0.284 0.290]
  eval: e=0.0863  p=[0.339 0.467 0.038 0.334 0.334]
  eval: e=0.1594  p=[0.347 0.334 0.032 0.409 0.382]
  eval: e=0.2137  p=[0.474 0.307 0.023 0.298 0.395]
  eval: e=0.1823  p=[0.350 0.358 0.025 0.339 0.339]
  eval: e=1.4326  p=[0.445 0.418 0.051 0.335 0.361]
  eval: e=46.6648  p=[0.358 0.723 0.025 0.356 0.367]
   35            1800         0.04504           10.68        3
  eval: e=0.4052  p=[0.335 0.303 0.032 0.480 0.349]
  eval: e=0.2705  p=[0.333 0.322 0.050 0.388 0.376]
  eval: e=0.1378  p=[0.311 0.467 0.024 0.424 0.447]
  eval: e=0.3325  p=[0.344 0.264 0.030 0.352 0.367]
  eval: e=24.5821  p=[0.930 0.577 0.018 0.456 0.336]
  eval: e=1.3468  p=[0.432 0.396 0.010 0.318 0.326]
  eval: e=3.4342  p=[0.439 0.331 0.027 0.370 0.310]
  eval: e=17.7277  p=[0.634 0.433 0.041 0.351 0.364]
  eval: e=27.9627  p=[1.000 0.459 0.012 0.315 0.289]
  eval: e=0.1679  p=[0.347 0.188 0.028 0.463 0.338]
  eval: e=68.2212  p=[0.635 0.471 0.027 0.131 0.046]
  eval: e=3.1253  p=[0.476 0.409 0.073 0.318 0.333]
  eval: e=0.0664  p=[0.479 0.381 0.121 0.291 0.340]
  eval: e=0.0723  p=[0.316 0.566 0.025 0.281 0.360]
  eval: e=0.2012  p=[0.283 0.335 0.031 0.418 0.342]
  eval: e=0.2921  p=[0.410 0.339 0.023 0.262 0.360]
  eval: e=1.1462  p=[0.333 0.554 0.027 0.331 0.364]
  eval: e=0.2457  p=[0.332 0.255 0.025 0.417 0.355]
  eval: e=0.0830  p=[0.345 0.345 0.025 0.419 0.347]
  eval: e=0.3880  p=[0.191 0.229 0.080 0.292 0.322]
  eval: e=0.0437  p=[0.349 0.444 0.025 0.336 0.347]
  eval: e=0.8881  p=[0.412 0.371 0.035 0.395 0.373]
  eval: e=2.4557  p=[0.407 0.410 0.035 0.364 0.344]
  eval: e=0.3305  p=[0.355 0.298 0.027 0.304 0.352]
  eval: e=0.3928  p=[0.244 0.390 0.045 0.000 0.312]
  eval: e=0.1928  p=[0.450 0.165 0.024 0.405 0.375]
  eval: e=0.2978  p=[0.338 0.337 0.062 0.326 0.342]
  eval: e=0.3254  p=[0.497 0.188 0.020 0.223 0.332]
  eval: e=0.2948  p=[0.329 0.363 0.024 0.454 0.368]
  eval: e=0.0435  p=[0.314 0.411 0.027 0.389 0.342]
  eval: e=0.1148  p=[0.324 0.360 0.026 0.423 0.383]
  eval: e=0.2405  p=[0.369 0.369 0.039 0.318 0.363]
  eval: e=0.2925  p=[0.606 0.386 0.231 0.124 0.360]
  eval: e=122.8788  p=[0.203 0.528 0.024 0.582 0.346]
  eval: e=0.0744  p=[0.361 0.424 0.025 0.346 0.344]
  eval: e=0.2035  p=[0.505 0.427 0.324 0.100 0.150]
  eval: e=0.2932  p=[0.339 0.384 0.025 0.313 0.372]
  eval: e=2.2187  p=[0.470 0.442 0.025 0.252 0.306]
  eval: e=5.0074  p=[0.457 0.451 0.019 0.276 0.309]
  eval: e=0.7932  p=[0.891 0.417 0.019 0.109 0.332]
  eval: e=0.2104  p=[0.349 0.444 0.030 0.355 0.343]
  eval: e=0.5324  p=[0.839 0.416 0.015 0.132 0.377]
  eval: e=4.2541  p=[0.500 0.396 0.033 0.315 0.345]
  eval: e=3.7622  p=[0.694 0.463 0.042 0.186 0.339]
  eval: e=0.0662  p=[0.337 0.470 0.203 0.391 0.341]
  eval: e=10.1781  p=[0.346 0.287 0.028 0.544 0.354]
  eval: e=0.1646  p=[0.432 0.254 0.025 0.391 0.324]
  eval: e=1.0465  p=[0.338 0.379 0.025 0.424 0.335]
  eval: e=0.3750  p=[0.353 0.119 0.039 0.368 0.384]
  eval: e=0.3768  p=[0.369 0.000 0.023 0.366 0.341]
   36            1850         0.04352           6.171        0
  eval: e=0.0939  p=[0.341 0.318 0.025 0.459 0.365]
  eval: e=5.5933  p=[0.380 0.404 0.053 0.416 0.347]
  eval: e=1.1031  p=[0.311 0.438 0.027 0.384 0.304]
  eval: e=0.0938  p=[0.307 0.277 0.024 0.477 0.356]
  eval: e=0.2214  p=[0.805 0.222 0.049 0.042 0.330]
  eval: e=14.2038  p=[0.477 0.371 0.032 0.388 0.344]
  eval: e=1.7521  p=[1.000 0.198 0.029 0.200 0.242]
  eval: e=0.3599  p=[0.397 0.000 0.047 0.419 0.350]
  eval: e=29.8838  p=[0.933 0.255 0.016 0.432 0.304]
  eval: e=0.0561  p=[0.318 0.371 0.028 0.453 0.387]
  eval: e=0.3927  p=[0.521 0.132 0.033 0.154 0.511]
  eval: e=0.1855  p=[0.474 0.427 0.132 0.209 0.338]
  eval: e=18.6207  p=[0.363 0.355 0.000 0.472 0.334]
  eval: e=0.3739  p=[0.280 0.219 0.025 0.320 0.340]
  eval: e=0.5539  p=[0.336 0.379 0.031 0.448 0.371]
  eval: e=0.7532  p=[0.430 0.377 0.052 0.344 0.333]
  eval: e=75.2378  p=[0.332 0.474 0.033 0.513 0.367]
  eval: e=0.2302  p=[0.375 0.230 0.038 0.416 0.367]
  eval: e=0.1666  p=[0.345 0.394 0.025 0.346 0.364]
  eval: e=0.1311  p=[1.000 0.101 0.083 0.293 0.370]
  eval: e=0.0441  p=[0.349 0.444 0.025 0.336 0.346]
  eval: e=0.1436  p=[0.390 0.103 0.026 0.583 0.379]
  eval: e=13.1868  p=[0.377 0.281 0.032 0.559 0.382]
  eval: e=0.1717  p=[0.344 0.275 0.056 0.454 0.380]
  eval: e=0.3891  p=[0.252 0.280 0.046 0.159 0.317]
  eval: e=8.3627  p=[0.442 0.357 0.020 0.388 0.331]
  eval: e=0.1074  p=[0.371 0.165 0.020 0.472 0.339]
  eval: e=3.8110  p=[0.496 0.345 0.014 0.288 0.278]
  eval: e=0.0853  p=[0.328 0.278 0.039 0.509 0.371]
  eval: e=0.0429  p=[0.313 0.408 0.027 0.391 0.341]
  eval: e=30.6667  p=[0.343 0.351 0.024 0.522 0.339]
  eval: e=0.0491  p=[0.356 0.215 0.037 0.521 0.381]
  eval: e=95.1446  p=[0.513 0.268 0.075 0.689 0.378]
  eval: e=34.4008  p=[0.289 0.301 0.024 0.625 0.353]
  eval: e=0.0551  p=[0.324 0.385 0.026 0.408 0.348]
  eval: e=2.8064  p=[1.000 0.366 0.549 0.378 0.312]
  eval: e=0.3223  p=[0.330 0.300 0.035 0.509 0.376]
  eval: e=2.2036  p=[0.729 0.290 0.032 0.245 0.319]
  eval: e=0.1177  p=[0.410 0.301 0.021 0.322 0.320]
  eval: e=0.3278  p=[0.481 0.000 0.024 0.371 0.338]
  eval: e=0.3456  p=[0.337 0.208 0.031 0.404 0.390]
  eval: e=0.2826  p=[0.273 0.000 0.024 0.640 0.365]
  eval: e=0.3244  p=[0.345 0.122 0.031 0.422 0.333]
  eval: e=1.9270  p=[0.635 0.082 0.044 0.455 0.351]
  eval: e=0.0963  p=[0.319 0.468 0.236 0.394 0.340]
  eval: e=2.1538  p=[0.308 0.438 0.029 0.463 0.384]
  eval: e=0.1072  p=[0.470 0.248 0.023 0.389 0.364]
  eval: e=1.4966  p=[0.336 0.313 0.024 0.475 0.333]
  eval: e=15.6296  p=[0.355 0.126 0.034 0.734 0.396]
  eval: e=51.7549  p=[0.451 0.449 0.023 0.501 0.407]
   37            1900         0.04293           8.331        0
  eval: e=0.0586  p=[0.341 0.501 0.035 0.323 0.357]
  eval: e=1.6745  p=[0.376 0.385 0.150 0.453 0.359]
  eval: e=4.7467  p=[0.311 0.437 0.027 0.446 0.352]
  eval: e=0.0610  p=[0.332 0.315 0.034 0.472 0.387]
  eval: e=23.9522  p=[0.568 0.434 0.056 0.361 0.349]
  eval: e=0.1190  p=[0.458 0.340 0.079 0.306 0.361]
  eval: e=0.3953  p=[0.108 0.234 0.035 0.049 0.268]
  eval: e=0.2098  p=[0.536 0.043 0.021 0.403 0.375]
  eval: e=1.9578  p=[0.916 0.449 0.016 0.146 0.336]
  eval: e=0.0950  p=[0.366 0.076 0.032 0.576 0.371]
  eval: e=0.2762  p=[0.405 0.106 0.027 0.326 0.237]
  eval: e=0.0907  p=[0.370 0.414 0.109 0.335 0.337]
  eval: e=0.3845  p=[0.365 0.487 0.144 0.028 0.341]
  eval: e=73.9722  p=[0.296 0.648 0.026 0.407 0.351]
  eval: e=0.2241  p=[0.331 0.331 0.030 0.481 0.377]
  eval: e=0.2521  p=[0.393 0.332 0.040 0.296 0.343]
  eval: e=2.0601  p=[0.324 0.285 0.020 0.528 0.354]
  eval: e=1.2011  p=[0.420 0.290 0.036 0.441 0.362]
  eval: e=32.5473  p=[0.343 0.307 0.028 0.608 0.391]
  eval: e=0.1948  p=[0.710 0.165 0.065 0.130 0.302]
  eval: e=0.0440  p=[0.349 0.444 0.025 0.336 0.346]
  eval: e=21.9814  p=[0.358 0.372 0.048 0.508 0.361]
  eval: e=0.2106  p=[0.409 0.247 0.021 0.385 0.379]
  eval: e=0.0584  p=[0.373 0.202 0.024 0.492 0.371]
  eval: e=0.0558  p=[0.546 0.138 0.032 0.357 0.333]
  eval: e=0.2824  p=[0.460 0.000 0.023 0.448 0.355]
  eval: e=13.4976  p=[0.397 0.354 0.027 0.482 0.378]
  eval: e=0.6888  p=[0.543 0.212 0.016 0.447 0.433]
  eval: e=0.0615  p=[0.326 0.320 0.029 0.457 0.372]
  eval: e=0.0430  p=[0.312 0.407 0.027 0.391 0.341]
  eval: e=0.2216  p=[0.370 0.104 0.022 0.537 0.400]
  eval: e=0.3109  p=[0.315 0.309 0.034 0.521 0.382]
  eval: e=0.3791  p=[0.366 0.209 0.170 0.308 0.372]
  eval: e=16.0141  p=[0.331 0.103 0.028 0.761 0.378]
  eval: e=5.2690  p=[0.377 0.343 0.026 0.451 0.344]
  eval: e=0.3866  p=[0.454 0.370 0.586 0.000 0.209]
  eval: e=44.2823  p=[0.348 0.461 0.034 0.476 0.364]
  eval: e=24.4850  p=[0.530 0.335 0.023 0.370 0.294]
  eval: e=0.3713  p=[0.347 0.146 0.023 0.347 0.368]
  eval: e=29.1997  p=[0.527 0.659 0.014 0.340 0.307]
  eval: e=1.7563  p=[0.333 0.477 0.033 0.399 0.371]
  eval: e=0.3815  p=[0.386 0.164 0.013 0.249 0.377]
  eval: e=0.1518  p=[0.612 0.097 0.030 0.394 0.366]
  eval: e=0.1865  p=[0.560 0.485 0.045 0.000 0.272]
  eval: e=0.1347  p=[0.346 0.332 0.223 0.479 0.376]
  eval: e=0.2276  p=[0.368 0.411 0.029 0.303 0.375]
  eval: e=0.1356  p=[0.426 0.278 0.030 0.389 0.393]
  eval: e=0.0809  p=[0.325 0.269 0.025 0.450 0.333]
  eval: e=0.2317  p=[0.430 0.238 0.047 0.350 0.356]
  eval: e=0.3248  p=[0.373 0.075 0.027 0.474 0.380]
   38            1950         0.04293           6.119        1
  eval: e=0.0560  p=[0.332 0.333 0.035 0.458 0.383]
  eval: e=0.2638  p=[0.344 0.355 0.075 0.382 0.391]
  eval: e=0.1718  p=[0.312 0.443 0.025 0.418 0.438]
  eval: e=0.1211  p=[0.332 0.297 0.015 0.451 0.329]
  eval: e=0.4649  p=[0.956 0.403 0.026 0.075 0.314]
  eval: e=0.3168  p=[0.319 0.375 0.074 0.285 0.321]
  eval: e=0.1625  p=[0.123 0.392 0.029 0.497 0.274]
  eval: e=30.2922  p=[0.555 0.279 0.024 0.511 0.377]
  eval: e=0.3256  p=[0.344 0.213 0.025 0.313 0.289]
  eval: e=1.0845  p=[0.310 0.286 0.031 0.538 0.358]
  eval: e=0.3098  p=[0.427 0.304 0.028 0.117 0.209]
  eval: e=0.7530  p=[0.534 0.408 0.053 0.245 0.343]
  eval: e=1.5481  p=[0.464 0.325 0.115 0.396 0.346]
  eval: e=0.5771  p=[0.355 0.524 0.025 0.314 0.354]
  eval: e=0.9293  p=[0.303 0.406 0.027 0.435 0.333]
  eval: e=2.6777  p=[0.435 0.362 0.035 0.378 0.345]
  eval: e=64.6094  p=[0.335 0.484 0.028 0.490 0.365]
  eval: e=0.2090  p=[0.381 0.270 0.030 0.352 0.329]
  eval: e=0.3676  p=[0.322 0.331 0.019 0.261 0.372]
  eval: e=0.1966  p=[0.427 0.450 0.037 0.187 0.324]
  eval: e=0.6645  p=[0.319 0.423 0.027 0.410 0.342]
  eval: e=0.2940  p=[0.349 0.467 0.041 0.230 0.352]
  eval: e=0.3276  p=[0.296 0.315 0.026 0.368 0.366]
  eval: e=0.9887  p=[0.311 0.360 0.046 0.421 0.275]
  eval: e=0.1270  p=[0.332 0.463 0.022 0.355 0.349]
  eval: e=2.6506  p=[0.536 0.359 0.011 0.312 0.362]
  eval: e=0.0528  p=[0.361 0.276 0.043 0.422 0.325]
  eval: e=0.3213  p=[0.595 0.411 0.016 0.000 0.348]
  eval: e=0.1350  p=[0.329 0.274 0.024 0.464 0.317]
  eval: e=0.0429  p=[0.313 0.408 0.027 0.391 0.341]
  eval: e=44.1354  p=[0.326 0.595 0.029 0.365 0.326]
  eval: e=0.7688  p=[0.318 0.458 0.029 0.377 0.328]
  eval: e=4.3750  p=[1.000 0.391 0.040 0.274 0.361]
  eval: e=0.1692  p=[0.283 0.462 0.025 0.340 0.343]
  eval: e=0.1700  p=[0.373 0.495 0.026 0.241 0.355]
  eval: e=2.1830  p=[1.000 0.305 0.000 0.075 0.189]
  eval: e=0.3482  p=[0.311 0.185 0.024 0.377 0.334]
  eval: e=0.0775  p=[0.415 0.264 0.027 0.337 0.292]
  eval: e=0.3751  p=[0.309 0.252 0.021 0.277 0.353]
  eval: e=0.2791  p=[0.983 0.503 0.009 0.000 0.344]
  eval: e=0.2626  p=[0.353 0.214 0.023 0.388 0.325]
  eval: e=26.2060  p=[0.784 0.209 0.012 0.514 0.365]
  eval: e=52.2709  p=[0.562 0.442 0.033 0.387 0.310]
  eval: e=0.1227  p=[0.792 0.269 0.040 0.065 0.328]
  eval: e=0.2315  p=[0.349 0.445 0.077 0.268 0.327]
  eval: e=0.0641  p=[0.299 0.307 0.028 0.479 0.336]
  eval: e=0.1768  p=[0.443 0.272 0.024 0.338 0.369]
  eval: e=0.4505  p=[0.321 0.477 0.028 0.360 0.334]
  eval: e=23.2000  p=[0.416 0.343 0.061 0.534 0.402]
  eval: e=34.7496  p=[0.413 0.515 0.019 0.358 0.341]
   39            2000         0.04286           6.033        0
  eval: e=5.5655  p=[0.344 0.423 0.034 0.410 0.325]
  eval: e=0.1493  p=[0.379 0.238 0.119 0.418 0.318]
  eval: e=0.7554  p=[0.319 0.394 0.024 0.444 0.357]
  eval: e=0.1082  p=[0.334 0.533 0.028 0.329 0.378]
  eval: e=2.2355  p=[0.469 0.134 0.071 0.579 0.404]
  eval: e=0.0992  p=[0.568 0.333 0.099 0.224 0.355]
  eval: e=0.3336  p=[0.589 0.130 0.025 0.157 0.320]
  eval: e=1.0136  p=[0.470 0.152 0.033 0.446 0.304]
  eval: e=68.7111  p=[0.965 0.370 0.022 0.471 0.299]
  eval: e=0.2779  p=[0.341 0.374 0.026 0.310 0.354]
  eval: e=0.2652  p=[0.728 0.080 0.026 0.196 0.374]
  eval: e=0.0512  p=[0.398 0.328 0.099 0.392 0.349]
  eval: e=0.0966  p=[0.395 0.271 0.103 0.416 0.348]
  eval: e=1.3110  p=[0.302 0.483 0.030 0.422 0.375]
  eval: e=0.1271  p=[0.337 0.312 0.032 0.458 0.399]
  eval: e=0.2385  p=[0.436 0.102 0.032 0.433 0.361]
  eval: e=0.9666  p=[0.325 0.396 0.028 0.446 0.364]
  eval: e=1.3088  p=[0.439 0.195 0.034 0.534 0.406]
  eval: e=0.3217  p=[0.323 0.358 0.020 0.310 0.360]
  eval: e=0.0691  p=[0.384 0.114 0.056 0.502 0.309]
  eval: e=0.1772  p=[0.342 0.444 0.026 0.297 0.348]
  eval: e=62.1688  p=[0.350 0.361 0.052 0.595 0.379]
  eval: e=0.3338  p=[0.312 0.329 0.039 0.369 0.394]
  eval: e=4.1462  p=[0.377 0.357 0.027 0.403 0.304]
  eval: e=0.2590  p=[0.514 0.277 0.044 0.358 0.373]
  eval: e=0.2376  p=[0.287 0.238 0.027 0.455 0.330]
  eval: e=0.0864  p=[0.322 0.288 0.021 0.430 0.326]
  eval: e=27.0716  p=[0.454 0.221 0.014 0.528 0.316]
  eval: e=2.4336  p=[0.327 0.321 0.037 0.477 0.317]
  eval: e=0.0429  p=[0.313 0.408 0.027 0.391 0.341]
  eval: e=0.2848  p=[0.366 0.000 0.024 0.525 0.343]
  eval: e=0.3830  p=[0.336 0.000 0.037 0.468 0.428]
  eval: e=9.1610  p=[0.975 0.373 0.174 0.381 0.358]
  eval: e=0.9757  p=[0.254 0.000 0.025 0.839 0.399]
  eval: e=0.0695  p=[0.352 0.001 0.024 0.644 0.361]
  eval: e=0.2962  p=[0.256 0.308 0.331 0.500 0.317]
  eval: e=1.9168  p=[0.344 0.430 0.024 0.453 0.409]
  eval: e=0.7529  p=[0.620 0.168 0.027 0.340 0.330]
  eval: e=45.2019  p=[0.536 0.308 0.019 0.474 0.325]
  eval: e=12.4013  p=[0.609 0.302 0.027 0.290 0.254]
  eval: e=32.0080  p=[0.355 0.341 0.027 0.575 0.396]
  eval: e=0.1454  p=[0.505 0.157 0.017 0.357 0.358]
  eval: e=0.3841  p=[0.185 0.228 0.030 0.389 0.375]
  eval: e=0.2627  p=[0.643 0.358 0.043 0.176 0.335]
  eval: e=116.6180  p=[0.311 0.465 0.088 0.548 0.324]
  eval: e=0.2649  p=[0.360 0.307 0.031 0.371 0.378]
  eval: e=0.8931  p=[0.480 0.283 0.025 0.425 0.405]
  eval: e=0.3150  p=[0.318 0.141 0.026 0.447 0.336]
  eval: e=27.8926  p=[0.357 0.347 0.043 0.555 0.382]
  eval: e=12.9496  p=[0.436 0.477 0.022 0.353 0.369]
   40            2050         0.04286           8.883        0
  eval: e=0.3314  p=[0.347 0.285 0.032 0.337 0.368]
  eval: e=0.4866  p=[0.367 0.401 0.030 0.447 0.425]
  eval: e=0.1628  p=[0.335 0.477 0.026 0.428 0.479]
  eval: e=0.0800  p=[0.333 0.215 0.027 0.488 0.343]
  eval: e=0.1185  p=[0.775 0.474 0.073 0.000 0.362]
  eval: e=73.9186  p=[0.512 0.482 0.071 0.443 0.314]
  eval: e=28.5104  p=[0.633 0.174 0.042 0.402 0.175]
  eval: e=0.3415  p=[0.276 0.258 0.039 0.406 0.359]
  eval: e=0.0954  p=[0.268 0.307 0.017 0.464 0.324]
  eval: e=5.6400  p=[0.357 0.271 0.027 0.541 0.365]
  eval: e=4.5124  p=[0.454 0.213 0.026 0.385 0.219]
  eval: e=0.2479  p=[0.329 0.337 0.080 0.378 0.349]
  eval: e=0.1866  p=[0.341 0.448 0.000 0.280 0.344]
  eval: e=19.3081  p=[0.335 0.530 0.030 0.399 0.359]
  eval: e=0.2445  p=[0.295 0.309 0.027 0.442 0.379]
  eval: e=1.9767  p=[0.456 0.368 0.029 0.342 0.338]
  eval: e=0.2723  p=[0.338 0.397 0.027 0.300 0.353]
  eval: e=0.1408  p=[0.379 0.186 0.023 0.527 0.374]
  eval: e=0.1100  p=[0.329 0.226 0.026 0.529 0.355]
  eval: e=0.2438  p=[0.331 0.147 0.044 0.526 0.381]
  eval: e=0.0788  p=[0.331 0.400 0.027 0.364 0.345]
  eval: e=0.3796  p=[0.382 0.107 0.031 0.321 0.384]
  eval: e=0.2356  p=[0.390 0.270 0.012 0.366 0.371]
  eval: e=0.2473  p=[0.364 0.370 0.039 0.341 0.385]
  eval: e=0.1738  p=[0.369 0.190 0.021 0.418 0.316]
  eval: e=2.2897  p=[0.618 0.096 0.037 0.507 0.403]
  eval: e=0.1273  p=[0.329 0.270 0.041 0.484 0.384]
  eval: e=7.8888  p=[0.435 0.260 0.026 0.449 0.311]
  eval: e=0.1829  p=[0.327 0.296 0.033 0.474 0.409]
  eval: e=0.0429  p=[0.313 0.408 0.027 0.391 0.341]
  eval: e=0.2544  p=[0.351 0.048 0.024 0.532 0.351]
  eval: e=86.4887  p=[0.340 0.423 0.038 0.544 0.349]
  eval: e=0.3447  p=[0.327 0.248 0.099 0.368 0.349]
  eval: e=2.0799  p=[0.217 0.309 0.023 0.595 0.329]
  eval: e=74.5724  p=[0.363 0.280 0.027 0.620 0.323]
  eval: e=30.8139  p=[0.737 0.373 0.419 0.243 0.031]
  eval: e=0.1256  p=[0.325 0.185 0.024 0.558 0.350]
  eval: e=0.3826  p=[0.472 0.217 0.027 0.088 0.345]
  eval: e=0.0456  p=[0.419 0.361 0.019 0.309 0.329]
  eval: e=0.3823  p=[0.392 0.227 0.029 0.066 0.265]
  eval: e=1.2233  p=[0.342 0.334 0.036 0.487 0.370]
  eval: e=4.0404  p=[0.699 0.238 0.013 0.357 0.362]
  eval: e=23.6478  p=[0.687 0.387 0.025 0.350 0.322]
  eval: e=0.3786  p=[0.300 0.075 0.037 0.418 0.373]
  eval: e=0.1995  p=[0.358 0.157 0.082 0.514 0.371]
  eval: e=0.0542  p=[0.314 0.408 0.026 0.387 0.331]
  eval: e=0.1115  p=[0.498 0.242 0.025 0.350 0.341]
  eval: e=0.3171  p=[0.345 0.194 0.025 0.381 0.336]
  eval: e=0.3782  p=[0.402 0.068 0.032 0.321 0.372]
  eval: e=0.2820  p=[0.296 0.222 0.025 0.444 0.342]
   41            2100         0.04286           7.494        0
  eval: e=0.1926  p=[0.290 0.456 0.034 0.357 0.368]
  eval: e=0.0917  p=[0.344 0.397 0.151 0.421 0.373]
  eval: e=0.1422  p=[0.327 0.470 0.024 0.360 0.407]
  eval: e=0.0682  p=[0.332 0.321 0.030 0.486 0.407]
  eval: e=32.2507  p=[0.711 0.396 0.044 0.341 0.285]
  eval: e=0.3493  p=[0.388 0.308 0.052 0.232 0.340]
  eval: e=0.1067  p=[0.663 0.357 0.029 0.000 0.198]
  eval: e=0.3353  p=[0.293 0.119 0.035 0.519 0.385]
  eval: e=0.2904  p=[0.259 0.285 0.034 0.470 0.376]
  eval: e=14.4317  p=[0.431 0.244 0.019 0.532 0.364]
  eval: e=1.3626  p=[0.571 0.487 0.030 0.151 0.321]
  eval: e=0.0560  p=[0.378 0.349 0.073 0.390 0.341]
  eval: e=3.0313  p=[0.543 0.395 0.137 0.303 0.334]
  eval: e=0.2264  p=[0.318 0.388 0.024 0.370 0.377]
  eval: e=0.2220  p=[0.363 0.390 0.028 0.303 0.352]
  eval: e=0.3363  p=[0.253 0.339 0.036 0.374 0.354]
  eval: e=0.3590  p=[0.327 0.306 0.028 0.286 0.360]
  eval: e=32.2657  p=[0.563 0.253 0.035 0.470 0.309]
  eval: e=1.5252  p=[0.374 0.451 0.016 0.354 0.350]
  eval: e=1.3007  p=[0.353 0.260 0.063 0.494 0.316]
  eval: e=0.1627  p=[0.325 0.407 0.026 0.338 0.343]
  eval: e=4.9583  p=[0.337 0.373 0.050 0.489 0.366]
  eval: e=4.5590  p=[0.417 0.371 0.034 0.432 0.386]
  eval: e=0.0641  p=[0.330 0.296 0.035 0.409 0.297]
  eval: e=7.6419  p=[0.519 0.309 0.029 0.376 0.336]
  eval: e=0.3451  p=[0.183 0.269 0.002 0.458 0.346]
  eval: e=0.2197  p=[0.334 0.278 0.037 0.375 0.312]
  eval: e=0.3306  p=[0.445 0.399 0.021 0.108 0.318]
  eval: e=0.1471  p=[0.326 0.310 0.027 0.469 0.346]
  eval: e=0.0429  p=[0.313 0.408 0.027 0.391 0.341]
  eval: e=7.6521  p=[0.347 0.517 0.024 0.379 0.366]
  eval: e=0.2637  p=[0.310 0.332 0.033 0.365 0.340]
  eval: e=0.9116  p=[1.000 0.211 0.036 0.270 0.343]
  eval: e=0.2894  p=[0.211 0.000 0.029 0.661 0.325]
  eval: e=0.3503  p=[0.329 0.477 0.027 0.154 0.332]
  eval: e=0.0860  p=[0.677 0.387 0.000 0.114 0.364]
  eval: e=2.2481  p=[0.329 0.510 0.027 0.392 0.383]
  eval: e=22.0830  p=[0.501 0.240 0.024 0.453 0.290]
  eval: e=0.0944  p=[0.349 0.409 0.028 0.331 0.339]
  eval: e=0.0911  p=[0.427 0.346 0.020 0.365 0.375]
  eval: e=0.0598  p=[0.359 0.336 0.035 0.412 0.367]
  eval: e=0.4100  p=[0.630 0.000 0.029 0.486 0.376]
  eval: e=18.1940  p=[0.633 0.480 0.025 0.343 0.377]
  eval: e=17.4782  p=[1.000 0.636 0.033 0.405 0.267]
  eval: e=100.4094  p=[0.358 0.536 0.120 0.493 0.339]
  eval: e=0.0621  p=[0.411 0.357 0.019 0.304 0.325]
  eval: e=1.1878  p=[0.434 0.273 0.030 0.507 0.439]
  eval: e=24.3677  p=[0.328 0.324 0.024 0.542 0.332]
  eval: e=113.8753  p=[0.324 0.432 0.062 0.693 0.431]
  eval: e=0.2564  p=[0.347 0.193 0.022 0.465 0.381]
   42            2150         0.04286           8.356        0
  eval: e=1.3657  p=[0.329 0.332 0.034 0.491 0.358]
  eval: e=0.0549  p=[0.346 0.263 0.090 0.516 0.377]
  eval: e=0.3530  p=[0.334 0.161 0.026 0.446 0.410]
  eval: e=0.1597  p=[0.333 0.305 0.029 0.470 0.350]
  eval: e=0.1196  p=[0.792 0.238 0.051 0.187 0.392]
  eval: e=0.7627  p=[0.500 0.460 0.101 0.237 0.325]
  eval: e=0.4827  p=[0.756 0.275 0.026 0.219 0.353]
  eval: e=0.0906  p=[0.645 0.158 0.037 0.322 0.370]
  eval: e=0.0816  p=[0.275 0.212 0.008 0.534 0.304]
  eval: e=0.1627  p=[0.309 0.224 0.048 0.513 0.369]
  eval: e=0.1562  p=[0.721 0.104 0.023 0.082 0.184]
  eval: e=0.4675  p=[0.378 0.472 0.079 0.339 0.348]
  eval: e=25.1395  p=[0.466 0.390 0.000 0.402 0.348]
  eval: e=23.0984  p=[0.307 0.627 0.028 0.361 0.356]
  eval: e=20.9576  p=[0.296 0.301 0.029 0.633 0.392]
  eval: e=0.2738  p=[0.527 0.307 0.037 0.187 0.356]
  eval: e=4.1216  p=[0.327 0.302 0.031 0.554 0.383]
  eval: e=1.6059  p=[0.513 0.193 0.025 0.501 0.428]
  eval: e=0.2671  p=[0.351 0.266 0.018 0.394 0.370]
  eval: e=0.2048  p=[0.393 0.078 0.027 0.530 0.388]
  eval: e=0.1892  p=[0.337 0.452 0.026 0.362 0.347]
  eval: e=7.2812  p=[0.443 0.331 0.030 0.411 0.337]
  eval: e=2.5996  p=[0.394 0.431 0.029 0.377 0.365]
  eval: e=0.3354  p=[0.355 0.294 0.048 0.339 0.381]
  eval: e=46.9571  p=[0.553 0.299 0.022 0.494 0.335]
  eval: e=4.7933  p=[0.576 0.299 0.034 0.353 0.352]
  eval: e=3.8842  p=[0.356 0.292 0.025 0.494 0.337]
  eval: e=47.4632  p=[0.467 0.342 0.009 0.435 0.295]
  eval: e=1.4984  p=[0.315 0.407 0.027 0.453 0.362]
  eval: e=0.0429  p=[0.313 0.408 0.027 0.391 0.341]
  eval: e=0.2504  p=[0.382 0.261 0.017 0.441 0.332]
  eval: e=0.2756  p=[0.322 0.262 0.035 0.524 0.355]
  eval: e=0.3914  p=[0.160 0.288 0.132 0.302 0.368]
  eval: e=57.7597  p=[0.257 0.601 0.028 0.785 0.348]
  eval: e=5.1271  p=[0.383 0.362 0.022 0.428 0.342]
  eval: e=2.3997  p=[0.568 0.412 0.040 0.264 0.365]
  eval: e=0.1967  p=[0.344 0.339 0.027 0.395 0.383]
  eval: e=0.3140  p=[0.569 0.182 0.028 0.188 0.343]
  eval: e=0.0652  p=[0.424 0.326 0.005 0.315 0.336]
  eval: e=0.1835  p=[0.310 0.274 0.022 0.475 0.306]
  eval: e=1.9818  p=[0.431 0.399 0.012 0.317 0.317]
  eval: e=0.3842  p=[0.430 0.007 0.008 0.274 0.364]
  eval: e=0.3557  p=[0.219 0.208 0.035 0.453 0.343]
  eval: e=0.2326  p=[0.641 0.368 0.048 0.038 0.323]
  eval: e=0.3268  p=[0.315 0.417 0.064 0.264 0.338]
  eval: e=0.1292  p=[0.292 0.302 0.037 0.535 0.376]
  eval: e=0.0663  p=[0.531 0.259 0.018 0.332 0.386]
  eval: e=0.3114  p=[0.327 0.331 0.024 0.308 0.333]
  eval: e=0.1252  p=[0.458 0.073 0.011 0.509 0.349]
  eval: e=0.1309  p=[0.373 0.200 0.023 0.479 0.381]
   43            2200         0.04286            5.32        1
  eval: e=0.0888  p=[0.327 0.290 0.029 0.439 0.340]
  eval: e=0.0571  p=[0.340 0.290 0.015 0.427 0.334]
  eval: e=18.4446  p=[0.334 0.556 0.030 0.447 0.432]
  eval: e=0.1835  p=[0.340 0.473 0.027 0.294 0.366]
  eval: e=3.6960  p=[0.868 0.369 0.066 0.251 0.335]
  eval: e=0.0702  p=[0.474 0.440 0.073 0.224 0.348]
  eval: e=0.3462  p=[0.601 0.102 0.034 0.136 0.309]
  eval: e=0.3500  p=[0.164 0.448 0.037 0.373 0.360]
  eval: e=31.2214  p=[0.328 0.362 0.015 0.501 0.312]
  eval: e=0.3142  p=[0.333 0.277 0.017 0.339 0.340]
  eval: e=0.0937  p=[0.167 0.427 0.027 0.477 0.309]
  eval: e=0.2091  p=[0.403 0.243 0.030 0.347 0.326]
  eval: e=0.2112  p=[0.334 0.314 0.067 0.371 0.320]
  eval: e=0.1074  p=[0.436 0.472 0.015 0.247 0.348]
  eval: e=0.3751  p=[0.465 0.370 0.018 0.014 0.330]
  eval: e=0.3072  p=[0.345 0.319 0.031 0.324 0.353]
  eval: e=0.7595  p=[0.309 0.458 0.027 0.394 0.337]
  eval: e=106.4738  p=[0.431 0.481 0.036 0.458 0.301]
  eval: e=3.9674  p=[0.343 0.471 0.033 0.410 0.373]
  eval: e=147.8331  p=[0.327 0.583 0.038 0.444 0.282]
  eval: e=0.0522  p=[0.356 0.441 0.026 0.323 0.347]
  eval: e=1.6779  p=[0.377 0.394 0.028 0.398 0.351]
  eval: e=0.1054  p=[0.373 0.360 0.035 0.337 0.335]
  eval: e=0.2314  p=[0.301 0.293 0.033 0.410 0.332]
  eval: e=0.3211  p=[0.418 0.223 0.030 0.283 0.331]
  eval: e=3.8874  p=[0.554 0.268 0.032 0.379 0.353]
  eval: e=2.7813  p=[0.361 0.408 0.047 0.414 0.347]
  eval: e=0.2565  p=[0.559 0.279 0.023 0.154 0.327]
  eval: e=2.6249  p=[0.430 0.303 0.018 0.441 0.371]
  eval: e=0.0429  p=[0.313 0.408 0.027 0.391 0.341]
  eval: e=0.0596  p=[0.339 0.071 0.024 0.643 0.400]
  eval: e=0.6145  p=[0.396 0.389 0.024 0.376 0.361]
  eval: e=5.0608  p=[0.846 0.351 0.043 0.307 0.364]
  eval: e=4.7974  p=[0.352 0.000 0.024 0.781 0.375]
  eval: e=0.2798  p=[0.289 0.394 0.036 0.350 0.354]
  eval: e=0.3297  p=[0.329 0.431 0.004 0.222 0.344]
  eval: e=53.9346  p=[0.340 0.367 0.024 0.541 0.340]
  eval: e=0.1612  p=[0.446 0.519 0.026 0.110 0.303]
  eval: e=0.1013  p=[0.277 0.397 0.031 0.411 0.340]
  eval: e=0.1144  p=[1.000 0.388 0.013 0.000 0.309]
  eval: e=1.7293  p=[0.338 0.419 0.032 0.421 0.356]
  eval: e=27.5864  p=[0.586 0.507 0.019 0.352 0.361]
  eval: e=2.7012  p=[0.667 0.329 0.025 0.266 0.347]
  eval: e=0.1070  p=[0.718 0.217 0.020 0.176 0.303]
  eval: e=0.1128  p=[0.345 0.469 0.259 0.359 0.327]
  eval: e=0.6797  p=[0.338 0.498 0.020 0.322 0.323]
  eval: e=5.1226  p=[0.441 0.465 0.020 0.317 0.354]
  eval: e=0.2712  p=[0.306 0.330 0.028 0.361 0.335]
  eval: e=16.2676  p=[0.441 0.413 0.075 0.397 0.341]
  eval: e=0.3307  p=[0.354 0.304 0.026 0.310 0.363]
   44            2250         0.04286           8.949        2
  eval: e=0.0931  p=[0.372 0.343 0.027 0.387 0.334]
  eval: e=0.0909  p=[0.308 0.427 0.033 0.403 0.347]
  eval: e=0.3468  p=[0.312 0.374 0.020 0.340 0.419]
  eval: e=0.1845  p=[0.335 0.249 0.027 0.452 0.364]
  eval: e=0.3947  p=[0.194 0.376 0.026 0.000 0.338]
  eval: e=19.8509  p=[0.355 0.426 0.046 0.454 0.348]
  eval: e=0.3847  p=[0.192 0.409 0.034 0.136 0.281]
  eval: e=15.1550  p=[0.736 0.301 0.033 0.383 0.337]
  eval: e=13.3595  p=[0.295 0.395 0.028 0.508 0.343]
  eval: e=28.0712  p=[0.325 0.383 0.026 0.519 0.351]
  eval: e=0.1781  p=[0.145 0.442 0.028 0.503 0.355]
  eval: e=0.0812  p=[0.302 0.479 0.067 0.394 0.362]
  eval: e=0.1488  p=[0.365 0.344 0.060 0.372 0.356]
  eval: e=1.8354  p=[0.223 0.517 0.030 0.458 0.349]
  eval: e=0.3943  p=[0.129 0.359 0.037 0.118 0.350]
  eval: e=0.3548  p=[0.298 0.354 0.040 0.289 0.354]
  eval: e=0.2891  p=[0.391 0.272 0.027 0.340 0.369]
  eval: e=0.2848  p=[0.382 0.131 0.031 0.439 0.359]
  eval: e=0.0548  p=[0.318 0.348 0.017 0.450 0.365]
  eval: e=17.2160  p=[0.366 0.412 0.027 0.438 0.340]
  eval: e=0.9363  p=[0.339 0.439 0.027 0.385 0.342]
  eval: e=0.2641  p=[0.419 0.305 0.035 0.308 0.369]
  eval: e=0.0839  p=[0.320 0.431 0.029 0.385 0.379]
  eval: e=0.1681  p=[0.317 0.295 0.043 0.410 0.322]
  eval: e=0.2187  p=[0.458 0.342 0.030 0.323 0.338]
  eval: e=0.2815  p=[0.252 0.392 0.003 0.375 0.355]
  eval: e=0.1028  p=[0.322 0.344 0.037 0.440 0.337]
  eval: e=0.3018  p=[0.414 0.345 0.019 0.202 0.316]
  eval: e=0.2002  p=[0.269 0.322 0.023 0.456 0.360]
  eval: e=0.0429  p=[0.313 0.408 0.027 0.391 0.341]
  eval: e=0.2297  p=[0.303 0.539 0.025 0.286 0.383]
  eval: e=0.2104  p=[0.278 0.370 0.036 0.426 0.372]
  eval: e=0.0954  p=[0.526 0.275 0.268 0.398 0.363]
  eval: e=17.1976  p=[0.407 0.203 0.020 0.577 0.347]
  eval: e=0.2407  p=[0.472 0.350 0.018 0.298 0.333]
  eval: e=0.6033  p=[0.726 0.399 0.011 0.143 0.356]
  eval: e=0.3655  p=[0.321 0.193 0.025 0.378 0.384]
  eval: e=33.4874  p=[0.805 0.493 0.025 0.384 0.326]
  eval: e=28.4652  p=[0.441 0.405 0.019 0.398 0.328]
  eval: e=0.3885  p=[0.275 0.276 0.005 0.102 0.292]
  eval: e=0.0472  p=[0.300 0.410 0.033 0.422 0.359]
  eval: e=0.2898  p=[0.531 0.073 0.010 0.326 0.358]
  eval: e=0.1354  p=[0.324 0.210 0.028 0.488 0.347]
  eval: e=4.2441  p=[0.625 0.416 0.058 0.225 0.324]
  eval: e=3.2027  p=[0.337 0.449 0.000 0.396 0.350]
  eval: e=0.2448  p=[0.302 0.291 0.031 0.412 0.341]
  eval: e=5.6593  p=[0.473 0.388 0.026 0.358 0.360]
  eval: e=0.3566  p=[0.342 0.348 0.023 0.428 0.337]
  eval: e=0.3747  p=[0.388 0.051 0.033 0.353 0.362]
  eval: e=6.3624  p=[0.313 0.282 0.026 0.557 0.344]
   45            2300         0.04286           4.071        3
  eval: e=0.1705  p=[0.312 0.318 0.037 0.439 0.369]
  eval: e=0.1023  p=[0.361 0.318 0.033 0.418 0.377]
  eval: e=72.6756  p=[0.349 0.539 0.025 0.447 0.358]
  eval: e=0.0634  p=[0.302 0.351 0.030 0.439 0.352]
  eval: e=3.9846  p=[0.895 0.373 0.055 0.245 0.330]
  eval: e=0.3782  p=[0.305 0.409 0.033 0.149 0.342]
  eval: e=0.0828  p=[0.691 0.141 0.027 0.168 0.251]
  eval: e=0.2509  p=[0.417 0.213 0.039 0.395 0.383]
  eval: e=0.1301  p=[0.292 0.310 0.004 0.472 0.321]
  eval: e=0.1213  p=[0.315 0.314 0.033 0.431 0.347]
  eval: e=0.1523  p=[0.178 0.425 0.028 0.457 0.320]
  eval: e=0.1346  p=[0.382 0.270 0.058 0.397 0.342]
  eval: e=0.0638  p=[0.396 0.394 0.078 0.346 0.341]
  eval: e=0.2844  p=[0.409 0.475 0.026 0.169 0.353]
  eval: e=197.9291  p=[0.419 0.395 0.036 0.807 0.363]
  eval: e=10.3791  p=[0.520 0.383 0.026 0.342 0.346]
  eval: e=0.0680  p=[0.310 0.320 0.030 0.458 0.360]
  eval: e=0.1014  p=[0.355 0.483 0.032 0.316 0.344]
  eval: e=0.2309  p=[0.343 0.373 0.024 0.435 0.374]
  eval: e=0.3759  p=[0.351 0.064 0.068 0.367 0.345]
  eval: e=0.0446  p=[0.312 0.402 0.027 0.394 0.344]
  eval: e=41.2219  p=[0.400 0.382 0.037 0.507 0.372]
  eval: e=0.0756  p=[0.374 0.384 0.030 0.361 0.371]
  eval: e=0.0549  p=[0.379 0.302 0.030 0.382 0.328]
  eval: e=0.2268  p=[0.358 0.291 0.027 0.361 0.338]
  eval: e=2.1922  p=[0.581 0.143 0.020 0.425 0.345]
  eval: e=0.1252  p=[0.316 0.337 0.041 0.396 0.325]
  eval: e=0.0885  p=[0.443 0.326 0.004 0.287 0.333]
  eval: e=1.1284  p=[0.338 0.427 0.029 0.397 0.342]
  eval: e=0.0429  p=[0.313 0.408 0.027 0.391 0.341]
  eval: e=176.1441  p=[0.345 0.434 0.023 0.747 0.356]
  eval: e=0.1809  p=[0.367 0.249 0.026 0.423 0.365]
  eval: e=0.0585  p=[0.400 0.361 0.213 0.407 0.350]
  eval: e=0.3618  p=[0.158 0.080 0.030 0.590 0.348]
  eval: e=14.5594  p=[0.302 0.429 0.030 0.475 0.338]
  eval: e=1.9528  p=[0.709 0.392 0.016 0.189 0.341]
  eval: e=0.2937  p=[0.319 0.296 0.025 0.380 0.359]
  eval: e=0.3119  p=[0.365 0.288 0.028 0.270 0.302]
  eval: e=0.0653  p=[0.344 0.386 0.018 0.355 0.336]
  eval: e=4.3831  p=[0.737 0.368 0.028 0.220 0.311]
  eval: e=0.0471  p=[0.312 0.409 0.027 0.399 0.347]
  eval: e=0.0845  p=[0.393 0.330 0.011 0.382 0.383]
  eval: e=0.2074  p=[0.327 0.280 0.028 0.410 0.343]
  eval: e=0.1007  p=[0.764 0.279 0.020 0.100 0.291]
  eval: e=0.2649  p=[0.324 0.456 0.365 0.388 0.344]
  eval: e=2.5887  p=[0.330 0.452 0.027 0.391 0.331]
  eval: e=0.2238  p=[0.338 0.316 0.027 0.381 0.356]
  eval: e=0.0459  p=[0.323 0.330 0.027 0.431 0.335]
  eval: e=0.3595  p=[0.379 0.185 0.043 0.378 0.409]
  eval: e=1.4163  p=[0.373 0.376 0.025 0.424 0.366]
   46            2350         0.04286           10.73        4
  eval: e=0.2047  p=[0.311 0.361 0.033 0.400 0.370]
  eval: e=0.0679  p=[0.336 0.365 0.093 0.426 0.361]
  eval: e=0.2468  p=[0.313 0.435 0.027 0.434 0.387]
  eval: e=1.2908  p=[0.325 0.362 0.028 0.465 0.352]
  eval: e=0.3920  p=[0.175 0.364 0.052 0.129 0.325]
  eval: e=0.3266  p=[0.338 0.448 0.041 0.218 0.344]
  eval: e=6.8467  p=[0.686 0.170 0.027 0.388 0.307]
  eval: e=0.0764  p=[0.441 0.275 0.040 0.375 0.369]
  eval: e=1.0798  p=[0.310 0.263 0.025 0.507 0.304]
  eval: e=3.8810  p=[0.337 0.283 0.032 0.536 0.357]
  eval: e=0.2121  p=[0.197 0.418 0.027 0.431 0.330]
  eval: e=10.5802  p=[0.364 0.496 0.084 0.384 0.340]
  eval: e=4.0249  p=[0.395 0.420 0.066 0.384 0.340]
  eval: e=0.1370  p=[0.303 0.478 0.027 0.375 0.348]
  eval: e=0.3691  p=[0.265 0.398 0.026 0.236 0.344]
  eval: e=0.2453  p=[0.395 0.314 0.029 0.313 0.350]
  eval: e=0.2037  p=[0.314 0.335 0.029 0.395 0.352]
  eval: e=4.9263  p=[0.451 0.304 0.034 0.428 0.352]
  eval: e=0.0784  p=[0.311 0.317 0.024 0.437 0.340]
  eval: e=0.0892  p=[0.321 0.113 0.017 0.531 0.297]
  eval: e=0.1647  p=[0.320 0.405 0.026 0.348 0.346]
  eval: e=0.0672  p=[0.265 0.409 0.043 0.454 0.369]
  eval: e=0.1754  p=[0.354 0.382 0.030 0.346 0.365]
  eval: e=0.1969  p=[0.345 0.341 0.040 0.418 0.324]
  eval: e=0.1141  p=[0.543 0.166 0.028 0.366 0.339]
  eval: e=0.3480  p=[0.377 0.113 0.027 0.393 0.362]
  eval: e=0.1457  p=[0.367 0.329 0.032 0.403 0.329]
  eval: e=0.6289  p=[0.513 0.384 0.030 0.258 0.332]
  eval: e=0.1450  p=[0.303 0.328 0.028 0.432 0.354]
  eval: e=0.0429  p=[0.313 0.408 0.027 0.391 0.341]
  eval: e=17.2270  p=[0.346 0.309 0.023 0.544 0.355]
  eval: e=34.4203  p=[0.288 0.428 0.027 0.533 0.362]
  eval: e=0.1121  p=[0.266 0.422 0.000 0.392 0.342]
  eval: e=5.7756  p=[0.130 0.372 0.025 0.667 0.342]
  eval: e=0.3357  p=[0.309 0.381 0.024 0.290 0.358]
  eval: e=2.6892  p=[0.528 0.406 0.000 0.275 0.358]
  eval: e=0.1670  p=[0.328 0.263 0.026 0.467 0.378]
  eval: e=0.3896  p=[1.000 0.270 0.026 0.192 0.349]
  eval: e=0.1515  p=[0.337 0.401 0.027 0.332 0.340]
  eval: e=0.1160  p=[0.804 0.281 0.029 0.105 0.303]
  eval: e=0.0623  p=[0.314 0.409 0.026 0.395 0.338]
  eval: e=0.2659  p=[0.261 0.385 0.014 0.389 0.359]
  eval: e=2.2815  p=[0.447 0.344 0.033 0.375 0.344]
  eval: e=13.3983  p=[0.633 0.368 0.045 0.276 0.284]
  eval: e=0.0954  p=[0.323 0.465 0.239 0.391 0.337]
  eval: e=0.0492  p=[0.311 0.428 0.027 0.384 0.342]
  eval: e=2.6839  p=[0.441 0.350 0.017 0.377 0.348]
  eval: e=0.0664  p=[0.308 0.343 0.028 0.424 0.336]
  eval: e=0.3350  p=[0.323 0.433 0.062 0.392 0.329]
  eval: e=0.2388  p=[0.429 0.294 0.023 0.406 0.367]
   47            2400         0.04286           2.363        5
  eval: e=0.2394  p=[0.314 0.282 0.033 0.414 0.345]
  eval: e=0.0526  p=[0.312 0.298 0.030 0.488 0.356]
  eval: e=0.2258  p=[0.309 0.441 0.027 0.368 0.402]
  eval: e=0.0441  p=[0.325 0.379 0.028 0.399 0.343]
  eval: e=0.1449  p=[0.711 0.391 0.053 0.024 0.334]
  eval: e=1.9688  p=[0.481 0.436 0.071 0.291 0.342]
  eval: e=11.0588  p=[0.675 0.296 0.027 0.317 0.297]
  eval: e=0.2726  p=[0.331 0.287 0.033 0.359 0.327]
  eval: e=0.0498  p=[0.266 0.395 0.006 0.427 0.323]
  eval: e=0.1257  p=[0.309 0.319 0.027 0.429 0.345]
  eval: e=0.1269  p=[0.179 0.415 0.027 0.475 0.324]
  eval: e=0.1156  p=[0.342 0.323 0.026 0.396 0.344]
  eval: e=0.2054  p=[0.374 0.417 0.063 0.360 0.341]
  eval: e=0.2163  p=[0.302 0.501 0.026 0.279 0.343]
  eval: e=93.6252  p=[0.338 0.398 0.031 0.569 0.347]
  eval: e=0.0884  p=[0.369 0.397 0.044 0.339 0.351]
  eval: e=0.6943  p=[0.331 0.346 0.029 0.467 0.357]
  eval: e=0.0468  p=[0.423 0.298 0.030 0.365 0.343]
  eval: e=0.5678  p=[0.312 0.428 0.026 0.451 0.390]
  eval: e=26.4436  p=[0.379 0.468 0.072 0.429 0.354]
  eval: e=0.1413  p=[0.331 0.435 0.027 0.372 0.341]
  eval: e=0.0829  p=[0.366 0.366 0.046 0.366 0.353]
  eval: e=0.0551  p=[0.356 0.402 0.031 0.365 0.346]
  eval: e=0.1273  p=[0.320 0.322 0.044 0.409 0.331]
  eval: e=0.3559  p=[0.240 0.289 0.030 0.367 0.338]
  eval: e=14.7114  p=[0.451 0.409 0.019 0.389 0.360]
  eval: e=0.0948  p=[0.323 0.331 0.036 0.414 0.340]
  eval: e=0.2612  p=[0.358 0.346 0.000 0.262 0.301]
  eval: e=0.0801  p=[0.313 0.385 0.029 0.400 0.353]
  eval: e=0.0429  p=[0.313 0.408 0.027 0.391 0.341]
  eval: e=0.1592  p=[0.350 0.191 0.024 0.479 0.359]
  eval: e=0.1608  p=[0.341 0.212 0.040 0.499 0.381]
  eval: e=0.2646  p=[0.343 0.414 0.069 0.406 0.353]
  eval: e=5.7141  p=[0.278 0.242 0.027 0.619 0.345]
  eval: e=0.1212  p=[0.373 0.395 0.024 0.361 0.346]
  eval: e=0.0572  p=[0.435 0.387 0.027 0.286 0.349]
  eval: e=15.2641  p=[0.329 0.440 0.025 0.450 0.346]
  eval: e=0.3858  p=[0.073 0.407 0.027 0.279 0.311]
  eval: e=0.1185  p=[0.331 0.353 0.027 0.370 0.328]
  eval: e=0.1376  p=[0.456 0.402 0.009 0.191 0.312]
  eval: e=0.0433  p=[0.313 0.408 0.028 0.393 0.346]
  eval: e=0.1823  p=[0.342 0.343 0.031 0.383 0.366]
  eval: e=0.1857  p=[0.349 0.272 0.029 0.403 0.343]
  eval: e=35.4661  p=[0.633 0.388 0.031 0.377 0.312]
  eval: e=0.4394  p=[0.324 0.441 0.047 0.391 0.337]
  eval: e=0.0432  p=[0.310 0.416 0.028 0.391 0.343]
  eval: e=0.2372  p=[0.330 0.365 0.026 0.358 0.365]
  eval: e=0.1232  p=[0.311 0.404 0.027 0.412 0.342]
  eval: e=0.8414  p=[0.428 0.072 0.024 0.622 0.403]
  eval: e=0.0889  p=[0.348 0.295 0.024 0.408 0.335]
   48            2450         0.04286           4.246        6
  eval: e=49.1376  p=[0.322 0.445 0.032 0.502 0.353]
  eval: e=0.1270  p=[0.310 0.356 0.020 0.399 0.345]
  eval: e=6.1356  p=[0.314 0.466 0.024 0.445 0.374]
  eval: e=0.1239  p=[0.308 0.383 0.028 0.382 0.341]
  eval: e=0.3468  p=[0.438 0.390 0.067 0.118 0.322]
  eval: e=0.0821  p=[0.378 0.424 0.046 0.308 0.345]
  eval: e=0.3896  p=[0.257 0.136 0.027 0.208 0.293]
  eval: e=0.1532  p=[0.518 0.279 0.040 0.365 0.398]
  eval: e=0.0879  p=[0.297 0.419 0.033 0.410 0.337]
  eval: e=0.2054  p=[0.310 0.332 0.026 0.416 0.368]
  eval: e=1.7864  p=[0.345 0.423 0.027 0.383 0.322]
  eval: e=0.0510  p=[0.380 0.334 0.060 0.389 0.348]
  eval: e=0.3438  p=[0.379 0.381 0.060 0.385 0.341]
  eval: e=1.4033  p=[0.324 0.538 0.027 0.342 0.350]
  eval: e=0.7485  p=[0.298 0.360 0.029 0.488 0.355]
  eval: e=0.2850  p=[0.342 0.405 0.027 0.271 0.342]
  eval: e=2.3858  p=[0.323 0.363 0.028 0.469 0.343]
  eval: e=0.1681  p=[0.299 0.366 0.027 0.390 0.341]
  eval: e=0.8211  p=[0.338 0.408 0.024 0.393 0.328]
  eval: e=0.3605  p=[0.313 0.000 0.066 0.451 0.300]
  eval: e=0.0703  p=[0.316 0.424 0.027 0.390 0.345]
  eval: e=0.2863  p=[0.338 0.291 0.038 0.393 0.378]
  eval: e=0.0769  p=[0.343 0.408 0.031 0.374 0.342]
  eval: e=0.1801  p=[0.327 0.332 0.024 0.378 0.338]
  eval: e=0.2688  p=[0.336 0.269 0.028 0.374 0.335]
  eval: e=0.2063  p=[0.418 0.176 0.021 0.398 0.349]
  eval: e=0.1433  p=[0.341 0.282 0.033 0.413 0.337]
  eval: e=5.4257  p=[0.625 0.340 0.010 0.285 0.334]
  eval: e=0.1886  p=[0.333 0.291 0.029 0.487 0.356]
  eval: e=0.0429  p=[0.313 0.408 0.027 0.391 0.341]
  eval: e=36.4318  p=[0.330 0.439 0.024 0.481 0.350]
  eval: e=0.0514  p=[0.325 0.311 0.024 0.475 0.379]
  eval: e=1.1166  p=[0.386 0.382 0.046 0.388 0.340]
  eval: e=142.6175  p=[0.245 0.306 0.023 0.791 0.364]
  eval: e=0.0779  p=[0.293 0.414 0.026 0.391 0.344]
  eval: e=0.2450  p=[0.265 0.394 0.030 0.375 0.339]
  eval: e=0.2195  p=[0.313 0.301 0.025 0.411 0.350]
  eval: e=24.4124  p=[0.616 0.408 0.026 0.341 0.325]
  eval: e=0.2238  p=[0.329 0.405 0.024 0.399 0.341]
  eval: e=6.3962  p=[0.745 0.369 0.009 0.242 0.315]
  eval: e=0.0432  p=[0.312 0.408 0.027 0.391 0.340]
  eval: e=0.1261  p=[0.362 0.398 0.001 0.383 0.371]
  eval: e=0.2511  p=[0.397 0.174 0.026 0.397 0.343]
  eval: e=0.0717  p=[0.708 0.164 0.035 0.208 0.302]
  eval: e=0.0559  p=[0.329 0.396 0.065 0.389 0.343]
  eval: e=0.0430  p=[0.313 0.408 0.028 0.391 0.342]
  eval: e=0.4938  p=[0.570 0.244 0.016 0.335 0.365]
  eval: e=0.0775  p=[0.331 0.374 0.027 0.401 0.333]
  eval: e=0.1846  p=[0.266 0.305 0.052 0.502 0.377]
  eval: e=0.2762  p=[0.316 0.196 0.026 0.457 0.354]
   49            2500         0.04286           5.709        7
  eval: e=0.3580  p=[0.316 0.238 0.030 0.346 0.359]
  eval: e=0.1797  p=[0.313 0.362 0.027 0.382 0.348]
  eval: e=0.2310  p=[0.309 0.448 0.025 0.432 0.394]
  eval: e=0.1277  p=[0.315 0.402 0.028 0.412 0.343]
  eval: e=0.3804  p=[0.355 0.348 0.019 0.117 0.338]
  eval: e=0.1196  p=[0.375 0.421 0.046 0.347 0.345]
  eval: e=43.1267  p=[0.755 0.487 0.027 0.411 0.320]
  eval: e=0.0837  p=[0.414 0.285 0.040 0.385 0.328]
  eval: e=0.1281  p=[0.273 0.378 0.009 0.403 0.330]
  eval: e=0.8373  p=[0.326 0.258 0.028 0.531 0.350]
  eval: e=0.2541  p=[0.272 0.427 0.027 0.436 0.334]
  eval: e=0.1306  p=[0.289 0.415 0.053 0.389 0.344]
  eval: e=0.0877  p=[0.358 0.401 0.072 0.347 0.341]
  eval: e=0.1060  p=[0.310 0.531 0.027 0.332 0.351]
  eval: e=0.1525  p=[0.330 0.358 0.027 0.447 0.364]
  eval: e=9.8005  p=[0.617 0.345 0.046 0.352 0.355]
  eval: e=0.1166  p=[0.320 0.328 0.030 0.456 0.340]
  eval: e=0.1600  p=[0.339 0.333 0.030 0.377 0.341]
  eval: e=0.0651  p=[0.340 0.334 0.026 0.462 0.399]
  eval: e=1.2498  p=[0.369 0.272 0.014 0.460 0.324]
  eval: e=4.4797  p=[0.359 0.445 0.026 0.388 0.342]
  eval: e=0.0466  p=[0.360 0.294 0.050 0.429 0.339]
  eval: e=0.0667  p=[0.340 0.408 0.026 0.378 0.346]
  eval: e=0.5815  p=[0.365 0.366 0.048 0.389 0.313]
  eval: e=0.0919  p=[0.351 0.346 0.029 0.375 0.339]
  eval: e=1.3357  p=[0.521 0.228 0.023 0.394 0.352]
  eval: e=0.6893  p=[0.359 0.362 0.043 0.406 0.324]
  eval: e=0.1514  p=[0.451 0.290 0.023 0.250 0.283]
  eval: e=0.1962  p=[0.303 0.337 0.030 0.415 0.360]
  eval: e=0.0429  p=[0.313 0.408 0.027 0.391 0.341]
  eval: e=0.1206  p=[0.310 0.333 0.027 0.478 0.360]
  eval: e=0.7240  p=[0.348 0.272 0.042 0.503 0.350]
  eval: e=0.7700  p=[0.390 0.382 0.120 0.406 0.342]
  eval: e=0.3481  p=[0.249 0.019 0.024 0.572 0.353]
  eval: e=0.1293  p=[0.363 0.398 0.027 0.375 0.352]
  eval: e=3.1262  p=[0.527 0.395 0.025 0.289 0.348]
  eval: e=2.7524  p=[0.333 0.365 0.027 0.499 0.389]
  eval: e=0.3787  p=[0.267 0.157 0.027 0.328 0.321]
  eval: e=0.3324  p=[0.332 0.360 0.021 0.267 0.341]
  eval: e=0.0624  p=[0.608 0.393 0.006 0.070 0.280]
  eval: e=0.0431  p=[0.313 0.408 0.027 0.390 0.340]
  eval: e=0.1592  p=[0.295 0.400 0.040 0.392 0.356]
  eval: e=0.3552  p=[0.316 0.161 0.031 0.389 0.343]
  eval: e=0.6966  p=[0.699 0.181 0.026 0.286 0.324]
  eval: e=0.1598  p=[0.320 0.441 0.061 0.390 0.339]
  eval: e=0.0429  p=[0.314 0.408 0.027 0.391 0.342]
  eval: e=0.3585  p=[0.251 0.303 0.018 0.393 0.388]
  eval: e=0.0538  p=[0.302 0.356 0.027 0.428 0.339]
  eval: e=0.3262  p=[0.325 0.255 0.026 0.372 0.356]
  eval: e=0.3018  p=[0.352 0.237 0.025 0.392 0.368]
   50            2550         0.04286           1.532        8
  eval: e=0.2616  p=[0.331 0.303 0.032 0.376 0.351]
  eval: e=8.0301  p=[0.312 0.327 0.030 0.540 0.355]
  eval: e=0.1345  p=[0.312 0.466 0.028 0.384 0.360]
  eval: e=0.0771  p=[0.313 0.376 0.028 0.395 0.341]
  eval: e=2.6297  p=[1.000 0.403 0.092 0.207 0.323]
  eval: e=0.0766  p=[0.423 0.433 0.043 0.262 0.346]
  eval: e=0.3888  p=[0.253 0.073 0.027 0.240 0.271]
  eval: e=25.2516  p=[0.555 0.398 0.027 0.356 0.328]
  eval: e=0.4074  p=[0.314 0.422 0.010 0.397 0.333]
  eval: e=0.3379  p=[0.322 0.274 0.029 0.345 0.354]
  eval: e=0.2221  p=[0.190 0.414 0.027 0.429 0.321]
  eval: e=0.0725  p=[0.369 0.319 0.041 0.391 0.345]
  eval: e=0.0935  p=[0.320 0.404 0.061 0.377 0.341]
  eval: e=0.1442  p=[0.312 0.438 0.027 0.339 0.345]
  eval: e=0.1732  p=[0.299 0.390 0.030 0.379 0.347]
  eval: e=0.3315  p=[0.298 0.325 0.037 0.343 0.351]
  eval: e=2.6767  p=[0.321 0.429 0.028 0.443 0.363]
  eval: e=0.0621  p=[0.374 0.311 0.029 0.389 0.342]
  eval: e=0.0606  p=[0.334 0.332 0.028 0.425 0.356]
  eval: e=5.9686  p=[0.340 0.335 0.042 0.484 0.329]
  eval: e=0.2715  p=[0.301 0.403 0.027 0.324 0.345]
  eval: e=0.3084  p=[0.354 0.350 0.038 0.418 0.336]
  eval: e=0.1100  p=[0.307 0.406 0.033 0.376 0.344]
  eval: e=0.2458  p=[0.296 0.308 0.044 0.412 0.343]
  eval: e=0.6108  p=[0.563 0.165 0.030 0.381 0.337]
  eval: e=0.8744  p=[0.537 0.182 0.017 0.396 0.343]
  eval: e=0.0888  p=[0.324 0.342 0.029 0.410 0.346]
  eval: e=0.3152  p=[0.389 0.307 0.014 0.293 0.369]
  eval: e=0.0539  p=[0.337 0.307 0.030 0.460 0.360]
  eval: e=0.0429  p=[0.313 0.408 0.027 0.391 0.341]
  eval: e=0.1732  p=[0.321 0.229 0.027 0.473 0.353]
  eval: e=0.0824  p=[0.311 0.357 0.034 0.454 0.354]
  eval: e=0.1267  p=[0.353 0.388 0.147 0.388 0.354]
  eval: e=0.3400  p=[0.223 0.140 0.023 0.529 0.353]
  eval: e=0.0952  p=[0.320 0.399 0.027 0.372 0.346]
  eval: e=0.6470  p=[0.384 0.396 0.029 0.370 0.344]
  eval: e=4.6197  p=[0.314 0.384 0.026 0.505 0.382]
  eval: e=1.7170  p=[0.976 0.320 0.026 0.178 0.295]
  eval: e=2.4654  p=[0.348 0.396 0.024 0.409 0.327]
  eval: e=0.3330  p=[0.379 0.403 0.018 0.163 0.315]
  eval: e=0.0429  p=[0.313 0.408 0.027 0.391 0.341]
  eval: e=0.0451  p=[0.372 0.330 0.008 0.382 0.345]
  eval: e=0.2643  p=[0.351 0.238 0.028 0.395 0.347]
  eval: e=0.0539  p=[0.377 0.459 0.026 0.282 0.321]
  eval: e=0.1253  p=[0.324 0.489 0.304 0.390 0.340]
  eval: e=0.0429  p=[0.313 0.408 0.027 0.391 0.342]
  eval: e=0.1563  p=[0.382 0.320 0.022 0.331 0.329]
  eval: e=0.0445  p=[0.321 0.395 0.027 0.385 0.336]
  eval: e=1.2221  p=[0.388 0.160 0.068 0.624 0.417]
  eval: e=0.0716  p=[0.346 0.290 0.023 0.429 0.348]
   51            2600         0.04286            1.26        9
  eval: e=0.0619  p=[0.313 0.336 0.033 0.460 0.352]
  eval: e=0.2388  p=[0.312 0.379 0.028 0.444 0.351]
  eval: e=0.1145  p=[0.313 0.390 0.028 0.385 0.352]
  eval: e=0.0518  p=[0.321 0.392 0.028 0.389 0.344]
  eval: e=0.3943  p=[0.090 0.375 0.045 0.124 0.331]
  eval: e=2.1602  p=[0.387 0.408 0.073 0.391 0.342]
  eval: e=0.3798  p=[0.259 0.157 0.027 0.335 0.325]
  eval: e=0.3489  p=[0.461 0.026 0.034 0.372 0.363]
  eval: e=0.0441  p=[0.287 0.378 0.019 0.429 0.334]
  eval: e=0.6306  p=[0.333 0.252 0.028 0.543 0.371]
  eval: e=4.5489  p=[0.305 0.427 0.027 0.423 0.308]
  eval: e=0.0723  p=[0.305 0.420 0.056 0.389 0.346]
  eval: e=0.0622  p=[0.351 0.395 0.057 0.362 0.341]
  eval: e=0.1133  p=[0.319 0.409 0.025 0.368 0.354]
  eval: e=9.4662  p=[0.306 0.393 0.028 0.500 0.355]
  eval: e=1.7829  p=[0.483 0.335 0.032 0.354 0.352]
  eval: e=0.3354  p=[0.309 0.245 0.027 0.379 0.353]
  eval: e=0.1254  p=[0.355 0.379 0.028 0.388 0.342]
  eval: e=2.0355  p=[0.326 0.352 0.025 0.472 0.345]
  eval: e=0.2064  p=[0.345 0.257 0.045 0.413 0.340]
  eval: e=0.0564  p=[0.332 0.424 0.026 0.351 0.342]
  eval: e=0.0538  p=[0.346 0.340 0.032 0.401 0.344]
  eval: e=0.0716  p=[0.319 0.407 0.027 0.375 0.346]
  eval: e=14.1993  p=[0.396 0.398 0.041 0.397 0.307]
  eval: e=0.1575  p=[0.299 0.368 0.031 0.387 0.334]
  eval: e=0.0699  p=[0.460 0.206 0.021 0.398 0.365]
  eval: e=1.0360  p=[0.330 0.400 0.036 0.418 0.333]
  eval: e=14.5728  p=[0.478 0.376 0.019 0.308 0.258]
  eval: e=0.0466  p=[0.300 0.438 0.028 0.402 0.366]
  eval: e=0.0429  p=[0.313 0.408 0.027 0.391 0.341]
  eval: e=2.6892  p=[0.324 0.419 0.027 0.427 0.340]
  eval: e=1.3084  p=[0.365 0.374 0.030 0.420 0.352]
  eval: e=0.4539  p=[0.395 0.378 0.150 0.416 0.353]
  eval: e=82.5426  p=[0.163 0.193 0.023 0.923 0.347]
  eval: e=0.3330  p=[0.367 0.396 0.027 0.382 0.351]
  eval: e=0.1416  p=[0.361 0.391 0.028 0.375 0.342]
  eval: e=0.3230  p=[0.315 0.222 0.027 0.383 0.333]
  eval: e=0.3494  p=[0.463 0.217 0.026 0.209 0.337]
  eval: e=0.1895  p=[0.374 0.398 0.020 0.286 0.342]
  eval: e=16.0649  p=[0.406 0.405 0.008 0.364 0.291]
  eval: e=0.0429  p=[0.313 0.408 0.027 0.391 0.342]
  eval: e=0.2152  p=[0.303 0.346 0.022 0.384 0.343]
  eval: e=0.2120  p=[0.435 0.153 0.027 0.393 0.344]
  eval: e=0.2596  p=[0.252 0.416 0.028 0.375 0.349]
  eval: e=0.1483  p=[0.332 0.401 0.171 0.389 0.340]
  eval: e=0.0429  p=[0.312 0.408 0.027 0.391 0.341]
  eval: e=9.1527  p=[0.508 0.359 0.021 0.406 0.395]
  eval: e=0.0455  p=[0.316 0.418 0.027 0.384 0.342]
  eval: e=2.3813  p=[0.363 0.386 0.028 0.449 0.382]
  eval: e=0.1924  p=[0.339 0.242 0.026 0.451 0.366]
   52            2650         0.04286           3.411       10
  eval: e=0.1254  p=[0.339 0.361 0.027 0.387 0.363]
  eval: e=0.9263  p=[0.312 0.394 0.028 0.445 0.346]
  eval: e=0.0511  p=[0.313 0.408 0.028 0.387 0.345]
  eval: e=0.1322  p=[0.321 0.411 0.027 0.398 0.342]
  eval: e=0.3909  p=[0.334 0.345 0.066 0.042 0.343]
  eval: e=1.1480  p=[0.408 0.430 0.013 0.332 0.349]
  eval: e=9.2761  p=[0.803 0.424 0.027 0.215 0.290]
  eval: e=34.9360  p=[0.458 0.478 0.039 0.373 0.345]
  eval: e=0.1073  p=[0.287 0.409 0.029 0.387 0.337]
  eval: e=0.0868  p=[0.313 0.233 0.028 0.509 0.360]
  eval: e=0.2821  p=[0.171 0.420 0.027 0.446 0.354]
  eval: e=0.1102  p=[0.381 0.296 0.053 0.389 0.346]
  eval: e=0.0917  p=[0.314 0.407 0.045 0.375 0.341]
  eval: e=0.2801  p=[0.310 0.408 0.028 0.322 0.359]
  eval: e=0.1315  p=[0.326 0.333 0.030 0.467 0.363]
  eval: e=0.1111  p=[0.459 0.311 0.050 0.307 0.349]
  eval: e=83.3407  p=[0.323 0.476 0.030 0.508 0.350]
  eval: e=0.4670  p=[0.369 0.415 0.030 0.365 0.342]
  eval: e=0.2349  p=[0.329 0.306 0.025 0.422 0.387]
  eval: e=0.1510  p=[0.361 0.242 0.043 0.419 0.334]
  eval: e=0.0893  p=[0.336 0.432 0.027 0.334 0.345]
  eval: e=0.0848  p=[0.319 0.354 0.042 0.408 0.341]
  eval: e=0.0933  p=[0.331 0.408 0.029 0.389 0.344]
  eval: e=0.0666  p=[0.324 0.380 0.043 0.396 0.346]
  eval: e=33.9190  p=[0.513 0.426 0.029 0.376 0.334]
  eval: e=5.4637  p=[0.488 0.310 0.019 0.388 0.345]
  eval: e=1.3862  p=[0.327 0.411 0.035 0.415 0.331]
  eval: e=0.3307  p=[0.552 0.304 0.016 0.135 0.379]
  eval: e=0.0541  p=[0.300 0.443 0.028 0.392 0.365]
  eval: e=0.0429  p=[0.313 0.408 0.027 0.391 0.341]
  eval: e=0.2285  p=[0.357 0.319 0.025 0.446 0.357]
  eval: e=0.0750  p=[0.323 0.269 0.032 0.495 0.376]
  eval: e=0.0501  p=[0.348 0.379 0.102 0.405 0.349]
  eval: e=0.1157  p=[0.218 0.282 0.024 0.607 0.364]
  eval: e=0.0444  p=[0.346 0.395 0.027 0.376 0.352]
  eval: e=10.8441  p=[0.428 0.409 0.027 0.380 0.342]
  eval: e=31.5449  p=[0.316 0.415 0.025 0.523 0.371]
  eval: e=0.1198  p=[0.523 0.398 0.026 0.139 0.305]
  eval: e=6.1376  p=[0.421 0.381 0.018 0.380 0.334]
  eval: e=0.3323  p=[0.527 0.392 0.015 0.000 0.289]
  eval: e=0.0429  p=[0.313 0.408 0.027 0.391 0.341]
  eval: e=0.1424  p=[0.327 0.335 0.009 0.386 0.343]
  eval: e=0.3151  p=[0.366 0.165 0.031 0.393 0.344]
  eval: e=0.0585  p=[0.340 0.440 0.027 0.320 0.308]
  eval: e=2.0489  p=[0.323 0.498 0.099 0.392 0.338]
  eval: e=0.0429  p=[0.313 0.408 0.027 0.391 0.341]
  eval: e=0.1964  p=[0.412 0.278 0.021 0.312 0.322]
  eval: e=0.0571  p=[0.319 0.403 0.027 0.390 0.335]
  eval: e=2.1161  p=[0.373 0.228 0.031 0.555 0.384]
  eval: e=0.2832  p=[0.325 0.297 0.025 0.366 0.345]
   53            2700         0.04286           4.574        0
  eval: e=0.0442  p=[0.281 0.331 0.029 0.487 0.352]
  eval: e=0.1514  p=[0.324 0.303 0.029 0.420 0.347]
  eval: e=0.0456  p=[0.313 0.410 0.027 0.387 0.343]
  eval: e=0.0477  p=[0.325 0.384 0.029 0.391 0.342]
  eval: e=0.1224  p=[0.517 0.354 0.066 0.201 0.321]
  eval: e=0.3444  p=[0.339 0.412 0.043 0.218 0.345]
  eval: e=36.0412  p=[0.456 0.437 0.027 0.396 0.341]
  eval: e=0.2656  p=[0.534 0.087 0.025 0.345 0.369]
  eval: e=2.4637  p=[0.287 0.372 0.019 0.488 0.336]
  eval: e=0.4144  p=[0.309 0.396 0.023 0.448 0.361]
  eval: e=1.3866  p=[0.284 0.403 0.015 0.451 0.327]
  eval: e=6.6028  p=[0.379 0.358 0.028 0.438 0.336]
  eval: e=0.0477  p=[0.389 0.333 0.037 0.369 0.342]
  eval: e=0.4508  p=[0.313 0.519 0.028 0.349 0.346]
  eval: e=0.0526  p=[0.387 0.328 0.018 0.397 0.365]
  eval: e=0.1003  p=[0.454 0.332 0.042 0.292 0.343]
  eval: e=0.3104  p=[0.327 0.218 0.028 0.407 0.351]
  eval: e=0.0787  p=[0.414 0.307 0.029 0.378 0.342]
  eval: e=0.0934  p=[0.330 0.297 0.025 0.442 0.357]
  eval: e=0.1337  p=[0.368 0.164 0.028 0.441 0.303]
  eval: e=0.3083  p=[0.316 0.424 0.025 0.405 0.344]
  eval: e=0.2086  p=[0.324 0.298 0.042 0.405 0.341]
  eval: e=0.0823  p=[0.324 0.405 0.029 0.367 0.345]
  eval: e=0.1897  p=[0.325 0.291 0.045 0.402 0.327]
  eval: e=0.3643  p=[0.267 0.201 0.031 0.377 0.334]
  eval: e=0.3616  p=[0.362 0.098 0.025 0.400 0.372]
  eval: e=0.2525  p=[0.338 0.304 0.038 0.373 0.349]
  eval: e=35.0121  p=[0.556 0.392 0.018 0.388 0.329]
  eval: e=0.1067  p=[0.366 0.302 0.021 0.384 0.340]
  eval: e=0.0429  p=[0.313 0.408 0.027 0.391 0.341]
  eval: e=19.8594  p=[0.333 0.423 0.024 0.462 0.342]
  eval: e=12.3573  p=[0.348 0.348 0.028 0.500 0.350]
  eval: e=0.0496  p=[0.316 0.398 0.038 0.404 0.342]
  eval: e=0.2622  p=[0.249 0.328 0.019 0.517 0.325]
  eval: e=0.1154  p=[0.296 0.407 0.027 0.387 0.349]
  eval: e=6.9355  p=[0.426 0.376 0.028 0.402 0.354]
  eval: e=26.5685  p=[0.335 0.384 0.026 0.532 0.379]
  eval: e=2.1140  p=[0.770 0.252 0.025 0.225 0.285]
  eval: e=0.0995  p=[0.397 0.378 0.021 0.300 0.336]
  eval: e=102.7507  p=[0.463 0.397 0.006 0.485 0.296]
  eval: e=0.0429  p=[0.313 0.408 0.027 0.391 0.341]
  eval: e=0.7924  p=[0.369 0.418 0.022 0.373 0.348]
  eval: e=0.0851  p=[0.398 0.320 0.028 0.358 0.348]
  eval: e=0.2503  p=[0.322 0.450 0.026 0.290 0.353]
  eval: e=0.2905  p=[0.330 0.357 0.254 0.388 0.337]
  eval: e=0.0429  p=[0.313 0.408 0.027 0.391 0.341]
  eval: e=0.2083  p=[0.362 0.413 0.024 0.420 0.414]
  eval: e=0.0628  p=[0.319 0.383 0.027 0.385 0.335]
  eval: e=0.1097  p=[0.428 0.219 0.031 0.418 0.375]
  eval: e=3.7782  p=[0.524 0.083 0.022 0.544 0.360]
   54            2750         0.04286           5.258        1
  eval: e=0.0926  p=[0.316 0.418 0.028 0.394 0.340]
  eval: e=49.3399  p=[0.348 0.479 0.026 0.457 0.354]
  eval: e=0.0428  p=[0.313 0.408 0.027 0.392 0.343]
  eval: e=0.1639  p=[0.323 0.410 0.027 0.399 0.343]
  eval: e=0.2858  p=[0.354 0.351 0.045 0.306 0.345]
  eval: e=39.6389  p=[0.431 0.416 0.052 0.444 0.347]
  eval: e=0.0860  p=[0.544 0.242 0.027 0.208 0.252]
  eval: e=15.7984  p=[0.515 0.395 0.032 0.380 0.367]
  eval: e=0.0555  p=[0.311 0.379 0.028 0.420 0.341]
  eval: e=0.1672  p=[0.359 0.296 0.029 0.393 0.354]
  eval: e=8.4311  p=[0.302 0.433 0.029 0.459 0.340]
  eval: e=0.3217  p=[0.281 0.365 0.070 0.362 0.358]
  eval: e=0.2401  p=[0.307 0.339 0.026 0.375 0.341]
  eval: e=0.1852  p=[0.314 0.444 0.024 0.329 0.356]
  eval: e=0.2837  p=[0.286 0.328 0.040 0.390 0.347]
  eval: e=28.3024  p=[0.572 0.408 0.039 0.390 0.351]
  eval: e=71.7933  p=[0.308 0.606 0.027 0.426 0.357]
  eval: e=0.1576  p=[0.288 0.413 0.027 0.373 0.342]
  eval: e=0.0449  p=[0.337 0.366 0.027 0.402 0.350]
  eval: e=0.9110  p=[0.366 0.406 0.049 0.380 0.331]
  eval: e=0.1173  p=[0.357 0.421 0.028 0.314 0.344]
  eval: e=3.9015  p=[0.341 0.400 0.032 0.433 0.339]
  eval: e=0.0434  p=[0.321 0.406 0.029 0.390 0.346]
  eval: e=3.0646  p=[0.350 0.422 0.049 0.395 0.320]
  eval: e=11.6497  p=[0.684 0.303 0.027 0.356 0.334]
  eval: e=0.3189  p=[0.385 0.130 0.024 0.396 0.348]
  eval: e=2.3912  p=[0.341 0.409 0.039 0.404 0.319]
  eval: e=0.0914  p=[0.367 0.300 0.005 0.355 0.305]
  eval: e=44.9394  p=[0.345 0.604 0.024 0.390 0.375]
  eval: e=0.0429  p=[0.313 0.408 0.027 0.391 0.341]
  eval: e=0.2747  p=[0.320 0.271 0.024 0.425 0.376]
  eval: e=0.0561  p=[0.337 0.237 0.041 0.499 0.360]
  eval: e=0.0484  p=[0.313 0.401 0.026 0.389 0.341]
  eval: e=0.9931  p=[0.308 0.184 0.031 0.614 0.360]
  eval: e=0.3886  p=[0.367 0.393 0.027 0.380 0.344]
  eval: e=0.3023  p=[0.321 0.406 0.027 0.291 0.354]
  eval: e=0.2453  p=[0.332 0.199 0.025 0.468 0.367]
  eval: e=0.0760  p=[0.378 0.240 0.028 0.403 0.309]
  eval: e=0.2892  p=[0.319 0.360 0.029 0.311 0.329]
  eval: e=48.7588  p=[0.314 0.410 0.034 0.525 0.341]
  eval: e=0.0429  p=[0.313 0.408 0.027 0.391 0.341]
  eval: e=0.2201  p=[0.362 0.388 0.026 0.384 0.346]
  eval: e=43.6824  p=[0.535 0.398 0.028 0.424 0.339]
  eval: e=0.1342  p=[0.351 0.398 0.027 0.354 0.313]
  eval: e=0.0614  p=[0.314 0.501 0.242 0.391 0.341]
  eval: e=0.0429  p=[0.313 0.408 0.027 0.391 0.341]
  eval: e=0.1408  p=[0.459 0.256 0.020 0.345 0.306]
  eval: e=0.4045  p=[0.360 0.429 0.026 0.362 0.345]
  eval: e=2.6447  p=[0.386 0.359 0.068 0.463 0.382]
  eval: e=0.3703  p=[0.179 0.442 0.027 0.302 0.357]
   55            2800         0.04283           7.642        0
  eval: e=4.3699  p=[0.312 0.385 0.028 0.475 0.343]
  eval: e=0.0697  p=[0.304 0.373 0.032 0.415 0.345]
  eval: e=0.0429  p=[0.313 0.408 0.027 0.393 0.343]
  eval: e=0.1077  p=[0.294 0.367 0.023 0.403 0.333]
  eval: e=2.6245  p=[0.938 0.386 0.052 0.219 0.338]
  eval: e=0.1205  p=[0.484 0.429 0.042 0.195 0.348]
  eval: e=17.3983  p=[0.667 0.359 0.030 0.333 0.317]
  eval: e=0.0479  p=[0.405 0.370 0.046 0.341 0.346]
  eval: e=0.2934  p=[0.294 0.406 0.020 0.310 0.342]
  eval: e=16.5590  p=[0.320 0.325 0.028 0.562 0.365]
  eval: e=0.3064  p=[0.164 0.430 0.028 0.407 0.333]
  eval: e=11.1325  p=[0.452 0.361 0.030 0.386 0.327]
  eval: e=0.1548  p=[0.360 0.379 0.031 0.385 0.341]
  eval: e=0.0719  p=[0.314 0.515 0.027 0.307 0.349]
  eval: e=0.1816  p=[0.312 0.348 0.029 0.420 0.377]
  eval: e=0.2499  p=[0.532 0.342 0.032 0.270 0.345]
  eval: e=0.2139  p=[0.328 0.260 0.029 0.438 0.361]
  eval: e=0.1973  p=[0.481 0.255 0.029 0.366 0.342]
  eval: e=0.0427  p=[0.306 0.433 0.028 0.387 0.349]
  eval: e=0.7908  p=[0.349 0.170 0.042 0.553 0.322]
  eval: e=0.5134  p=[0.347 0.436 0.026 0.370 0.341]
  eval: e=0.2489  p=[0.343 0.266 0.052 0.398 0.344]
  eval: e=0.0439  p=[0.317 0.408 0.027 0.392 0.345]
  eval: e=0.2270  p=[0.333 0.268 0.046 0.399 0.329]
  eval: e=4.9188  p=[0.646 0.235 0.030 0.369 0.346]
  eval: e=0.0654  p=[0.540 0.149 0.011 0.392 0.370]
  eval: e=1.1794  p=[0.348 0.383 0.034 0.413 0.332]
  eval: e=0.1376  p=[0.405 0.310 0.032 0.314 0.315]
  eval: e=0.3499  p=[0.286 0.237 0.033 0.403 0.367]
  eval: e=0.0429  p=[0.313 0.408 0.027 0.391 0.341]
  eval: e=0.3105  p=[0.333 0.166 0.027 0.451 0.367]
  eval: e=2.0074  p=[0.328 0.287 0.031 0.530 0.358]
  eval: e=0.0432  p=[0.315 0.409 0.029 0.387 0.341]
  eval: e=0.3468  p=[0.151 0.129 0.027 0.608 0.361]
  eval: e=0.0857  p=[0.308 0.412 0.027 0.381 0.350]
  eval: e=6.7464  p=[0.464 0.439 0.026 0.318 0.343]
  eval: e=0.3481  p=[0.338 0.323 0.028 0.468 0.357]
  eval: e=0.3433  p=[0.320 0.322 0.024 0.266 0.318]
  eval: e=2.1822  p=[0.388 0.394 0.017 0.378 0.337]
  eval: e=9.1376  p=[0.634 0.385 0.000 0.217 0.277]
  eval: e=0.0429  p=[0.313 0.408 0.027 0.391 0.341]
  eval: e=0.0644  p=[0.366 0.345 0.009 0.368 0.346]
  eval: e=0.3042  p=[0.333 0.234 0.033 0.380 0.335]
  eval: e=0.0915  p=[0.362 0.472 0.027 0.303 0.329]
  eval: e=0.1350  p=[0.311 0.454 0.179 0.427 0.339]
  eval: e=0.0429  p=[0.313 0.408 0.027 0.391 0.341]
  eval: e=0.1040  p=[0.503 0.291 0.019 0.368 0.432]
  eval: e=0.1999  p=[0.343 0.401 0.027 0.386 0.339]
  eval: e=0.1005  p=[0.351 0.250 0.038 0.475 0.375]
  eval: e=0.3757  p=[0.297 0.124 0.026 0.399 0.374]
   56            2850         0.04267           1.714        0
  eval: e=0.3110  p=[0.277 0.335 0.029 0.367 0.344]
  eval: e=1.0031  p=[0.302 0.344 0.028 0.497 0.353]
  eval: e=0.0442  p=[0.307 0.430 0.028 0.390 0.349]
  eval: e=0.0789  p=[0.328 0.418 0.028 0.387 0.349]
  eval: e=0.3847  p=[0.123 0.400 0.046 0.277 0.330]
  eval: e=0.3024  p=[0.374 0.416 0.072 0.240 0.346]
  eval: e=0.6557  p=[0.495 0.226 0.028 0.303 0.233]
  eval: e=0.0538  p=[0.349 0.380 0.045 0.393 0.347]
  eval: e=34.4888  p=[0.310 0.372 0.020 0.527 0.328]
  eval: e=0.0491  p=[0.310 0.239 0.029 0.515 0.342]
  eval: e=0.3120  p=[0.174 0.405 0.028 0.405 0.328]
  eval: e=0.1250  p=[0.372 0.245 0.068 0.453 0.366]
  eval: e=0.1544  p=[0.308 0.390 0.036 0.374 0.343]
  eval: e=0.1458  p=[0.307 0.470 0.028 0.324 0.348]
  eval: e=0.1057  p=[0.300 0.386 0.027 0.411 0.361]
  eval: e=2.2266  p=[0.535 0.334 0.037 0.316 0.342]
  eval: e=0.1084  p=[0.315 0.320 0.028 0.423 0.341]
  eval: e=0.6851  p=[0.411 0.350 0.029 0.378 0.342]
  eval: e=0.0426  p=[0.303 0.440 0.028 0.385 0.348]
  eval: e=0.0899  p=[0.336 0.180 0.035 0.499 0.329]
  eval: e=0.2107  p=[0.330 0.439 0.027 0.379 0.347]
  eval: e=0.3153  p=[0.347 0.361 0.044 0.419 0.337]
  eval: e=0.0441  p=[0.317 0.407 0.029 0.391 0.343]
  eval: e=0.2579  p=[0.342 0.314 0.023 0.333 0.326]
  eval: e=0.3357  p=[0.326 0.183 0.029 0.386 0.334]
  eval: e=1.7853  p=[0.517 0.224 0.027 0.394 0.336]
  eval: e=0.1940  p=[0.324 0.282 0.039 0.406 0.327]
  eval: e=0.2875  p=[0.377 0.459 0.025 0.164 0.308]
  eval: e=0.1553  p=[0.308 0.330 0.025 0.398 0.328]
  eval: e=0.0431  p=[0.313 0.408 0.027 0.393 0.342]
  eval: e=42.2233  p=[0.338 0.489 0.025 0.454 0.360]
  eval: e=4.0054  p=[0.347 0.403 0.037 0.449 0.364]
  eval: e=0.0429  p=[0.313 0.409 0.028 0.390 0.341]
  eval: e=0.2935  p=[0.411 0.095 0.023 0.429 0.361]
  eval: e=0.5667  p=[0.381 0.446 0.025 0.339 0.349]
  eval: e=0.0447  p=[0.367 0.392 0.028 0.355 0.348]
  eval: e=0.2218  p=[0.327 0.307 0.027 0.414 0.373]
  eval: e=17.6381  p=[0.883 0.449 0.024 0.373 0.375]
  eval: e=0.4590  p=[0.410 0.410 0.023 0.322 0.335]
  eval: e=0.1680  p=[0.561 0.377 0.019 0.078 0.279]
  eval: e=0.0469  p=[0.306 0.444 0.027 0.385 0.351]
  eval: e=0.0436  p=[0.336 0.338 0.007 0.411 0.345]
  eval: e=10.3519  p=[0.598 0.272 0.029 0.394 0.344]
  eval: e=4.2081  p=[0.327 0.451 0.027 0.398 0.325]
  eval: e=0.2019  p=[0.337 0.453 0.034 0.357 0.338]
  eval: e=0.0429  p=[0.313 0.408 0.027 0.391 0.342]
  eval: e=46.9447  p=[0.490 0.432 0.025 0.341 0.275]
  eval: e=0.0842  p=[0.283 0.438 0.028 0.388 0.350]
  eval: e=3.0588  p=[0.380 0.439 0.036 0.445 0.431]
  eval: e=19.6269  p=[0.468 0.344 0.024 0.420 0.338]
   57            2900         0.04255           3.905        0
  eval: e=0.1082  p=[0.345 0.339 0.028 0.384 0.344]
  eval: e=6.1141  p=[0.328 0.381 0.029 0.471 0.345]
  eval: e=0.0552  p=[0.310 0.394 0.027 0.392 0.339]
  eval: e=0.0434  p=[0.313 0.410 0.028 0.394 0.345]
  eval: e=0.4125  p=[1.000 0.398 0.041 0.102 0.341]
  eval: e=0.1066  p=[0.456 0.407 0.032 0.275 0.344]
  eval: e=1.6837  p=[0.555 0.424 0.027 0.252 0.369]
  eval: e=0.2376  p=[0.328 0.387 0.020 0.321 0.343]
  eval: e=0.1315  p=[0.328 0.476 0.019 0.342 0.340]
  eval: e=0.2156  p=[0.315 0.347 0.031 0.401 0.370]
  eval: e=26.5564  p=[0.267 0.412 0.017 0.508 0.308]
  eval: e=0.0436  p=[0.296 0.510 0.012 0.321 0.334]
  eval: e=0.0444  p=[0.362 0.367 0.031 0.373 0.342]
  eval: e=0.4779  p=[0.323 0.502 0.027 0.348 0.343]
  eval: e=0.0917  p=[0.315 0.307 0.030 0.457 0.362]
  eval: e=0.0488  p=[0.391 0.302 0.031 0.393 0.350]
  eval: e=6.5646  p=[0.316 0.446 0.030 0.465 0.379]
  eval: e=0.2948  p=[0.275 0.341 0.030 0.381 0.346]
  eval: e=0.0425  p=[0.302 0.441 0.028 0.385 0.348]
  eval: e=0.2919  p=[0.357 0.278 0.039 0.352 0.350]
  eval: e=0.0536  p=[0.329 0.404 0.027 0.387 0.345]
  eval: e=0.4885  p=[0.360 0.351 0.043 0.423 0.341]
  eval: e=0.0430  p=[0.316 0.406 0.028 0.389 0.342]
  eval: e=22.0536  p=[0.365 0.366 0.042 0.482 0.334]
  eval: e=16.2383  p=[0.409 0.469 0.030 0.361 0.339]
  eval: e=0.3274  p=[0.326 0.169 0.002 0.434 0.371]
  eval: e=0.0847  p=[0.362 0.335 0.041 0.403 0.332]
  eval: e=0.5516  p=[0.664 0.308 0.021 0.213 0.337]
  eval: e=0.0938  p=[0.313 0.416 0.027 0.393 0.373]
  eval: e=0.0430  p=[0.313 0.408 0.027 0.389 0.341]
  eval: e=0.0534  p=[0.350 0.245 0.025 0.488 0.373]
  eval: e=0.0500  p=[0.318 0.321 0.032 0.452 0.354]
  eval: e=0.0429  p=[0.313 0.409 0.028 0.390 0.341]
  eval: e=3.1050  p=[0.255 0.069 0.029 0.761 0.340]
  eval: e=0.3121  p=[0.258 0.405 0.027 0.342 0.350]
  eval: e=0.1141  p=[0.310 0.394 0.028 0.382 0.348]
  eval: e=2.2639  p=[0.302 0.426 0.026 0.470 0.376]
  eval: e=0.0920  p=[0.733 0.345 0.027 0.103 0.333]
  eval: e=0.2334  p=[0.360 0.339 0.023 0.316 0.333]
  eval: e=0.3247  p=[0.345 0.422 0.006 0.244 0.369]
  eval: e=0.1280  p=[0.309 0.357 0.027 0.388 0.330]
  eval: e=0.0814  p=[0.319 0.424 0.032 0.387 0.341]
  eval: e=0.1793  p=[0.296 0.361 0.029 0.394 0.342]
  eval: e=0.0832  p=[0.391 0.415 0.027 0.315 0.331]
  eval: e=0.1072  p=[0.337 0.476 0.323 0.400 0.341]
  eval: e=0.0429  p=[0.313 0.408 0.027 0.391 0.342]
  eval: e=0.3485  p=[0.459 0.271 0.023 0.333 0.480]
  eval: e=0.1112  p=[0.308 0.366 0.028 0.388 0.330]
  eval: e=7.7077  p=[0.395 0.159 0.031 0.556 0.300]
  eval: e=0.2105  p=[0.338 0.323 0.026 0.407 0.382]
   58            2950         0.04254           1.983        0
  eval: e=0.0596  p=[0.237 0.438 0.028 0.471 0.361]
  eval: e=0.2749  p=[0.304 0.282 0.030 0.403 0.343]
  eval: e=0.0438  p=[0.313 0.410 0.028 0.392 0.342]
  eval: e=0.0428  p=[0.311 0.407 0.027 0.393 0.342]
  eval: e=0.2862  p=[0.656 0.370 0.069 0.000 0.323]
  eval: e=4.6507  p=[0.470 0.442 0.046 0.313 0.349]
  eval: e=0.2853  p=[0.432 0.020 0.028 0.367 0.255]
  eval: e=0.1117  p=[0.334 0.392 0.029 0.363 0.350]
  eval: e=0.0586  p=[0.294 0.364 0.030 0.430 0.341]
  eval: e=0.2528  p=[0.315 0.243 0.029 0.443 0.357]
  eval: e=11.4871  p=[0.323 0.417 0.030 0.459 0.339]
  eval: e=1.7860  p=[0.290 0.483 0.024 0.408 0.342]
  eval: e=0.0490  p=[0.334 0.379 0.029 0.397 0.343]
  eval: e=0.2002  p=[0.313 0.487 0.026 0.361 0.346]
  eval: e=1.0485  p=[0.318 0.451 0.030 0.412 0.358]
  eval: e=1.9720  p=[0.356 0.363 0.028 0.423 0.328]
  eval: e=0.2211  p=[0.331 0.276 0.029 0.384 0.320]
  eval: e=1.1719  p=[0.453 0.317 0.027 0.378 0.348]
  eval: e=0.0425  p=[0.302 0.441 0.028 0.385 0.348]
  eval: e=3.3075  p=[0.378 0.260 0.037 0.467 0.299]
  eval: e=0.2805  p=[0.338 0.441 0.027 0.370 0.343]
  eval: e=2.2240  p=[0.345 0.405 0.036 0.417 0.340]
  eval: e=0.0428  p=[0.312 0.409 0.027 0.392 0.343]
  eval: e=0.3276  p=[0.360 0.307 0.027 0.422 0.317]
  eval: e=0.2793  p=[0.297 0.332 0.031 0.363 0.333]
  eval: e=35.9957  p=[0.451 0.460 0.033 0.392 0.349]
  eval: e=0.0677  p=[0.320 0.350 0.036 0.406 0.332]
  eval: e=0.3369  p=[0.303 0.383 0.019 0.244 0.313]
  eval: e=0.1436  p=[0.292 0.462 0.029 0.391 0.340]
  eval: e=0.0458  p=[0.303 0.428 0.027 0.384 0.344]
  eval: e=0.1418  p=[0.336 0.251 0.026 0.460 0.362]
  eval: e=0.1750  p=[0.352 0.288 0.033 0.430 0.381]
  eval: e=0.0429  p=[0.312 0.409 0.028 0.391 0.341]
  eval: e=0.3893  p=[0.095 0.150 0.020 0.441 0.355]
  eval: e=0.1352  p=[0.334 0.397 0.027 0.352 0.350]
  eval: e=2.9537  p=[0.355 0.391 0.005 0.416 0.344]
  eval: e=0.0932  p=[0.329 0.324 0.026 0.461 0.359]
  eval: e=0.3397  p=[0.284 0.354 0.026 0.285 0.317]
  eval: e=0.1854  p=[0.345 0.369 0.024 0.337 0.342]
  eval: e=35.4138  p=[0.418 0.366 0.011 0.372 0.229]
  eval: e=0.4487  p=[0.317 0.439 0.027 0.393 0.338]
  eval: e=0.0820  p=[0.313 0.341 0.013 0.420 0.349]
  eval: e=0.1690  p=[0.418 0.081 0.032 0.502 0.374]
  eval: e=0.2327  p=[0.292 0.491 0.027 0.359 0.320]
  eval: e=2.4390  p=[0.327 0.466 0.000 0.380 0.339]
  eval: e=0.0429  p=[0.313 0.408 0.027 0.391 0.342]
  eval: e=0.1421  p=[0.431 0.283 0.021 0.379 0.397]
  eval: e=0.0562  p=[0.318 0.414 0.028 0.392 0.345]
  eval: e=0.3178  p=[0.364 0.261 0.065 0.468 0.466]
  eval: e=0.2265  p=[0.358 0.223 0.027 0.447 0.379]
   59            3000         0.04254           2.222        0
  eval: e=0.0568  p=[0.291 0.287 0.028 0.487 0.340]
  eval: e=0.0729  p=[0.306 0.312 0.028 0.484 0.350]
  eval: e=0.0436  p=[0.312 0.408 0.027 0.392 0.344]
  eval: e=0.0429  p=[0.312 0.407 0.027 0.392 0.343]
  eval: e=0.3906  p=[0.323 0.375 0.060 0.017 0.328]
  eval: e=0.9962  p=[0.447 0.416 0.032 0.308 0.345]
  eval: e=0.3676  p=[0.406 0.265 0.028 0.095 0.255]
  eval: e=2.7446  p=[0.442 0.456 0.036 0.307 0.347]
  eval: e=0.0463  p=[0.281 0.367 0.012 0.437 0.329]
  eval: e=0.0720  p=[0.327 0.242 0.028 0.490 0.355]
  eval: e=0.1445  p=[0.222 0.426 0.027 0.462 0.313]
  eval: e=0.1468  p=[0.305 0.474 0.017 0.309 0.338]
  eval: e=0.0607  p=[0.327 0.385 0.029 0.383 0.343]
  eval: e=0.2426  p=[0.313 0.401 0.027 0.331 0.348]
  eval: e=26.0368  p=[0.318 0.436 0.029 0.473 0.339]
  eval: e=0.1584  p=[0.349 0.336 0.031 0.378 0.354]
  eval: e=0.0901  p=[0.303 0.373 0.027 0.428 0.368]
  eval: e=1.5763  p=[0.435 0.331 0.030 0.384 0.342]
  eval: e=0.0425  p=[0.302 0.441 0.028 0.385 0.348]
  eval: e=0.2789  p=[0.290 0.244 0.028 0.447 0.351]
  eval: e=0.0456  p=[0.325 0.403 0.026 0.389 0.346]
  eval: e=0.0964  p=[0.314 0.336 0.028 0.417 0.340]
  eval: e=0.0428  p=[0.311 0.409 0.027 0.392 0.343]
  eval: e=0.2305  p=[0.338 0.298 0.051 0.394 0.350]
  eval: e=8.6055  p=[0.552 0.280 0.032 0.384 0.332]
  eval: e=0.3862  p=[0.299 0.000 0.000 0.391 0.369]
  eval: e=0.3702  p=[0.329 0.434 0.034 0.390 0.344]
  eval: e=12.0571  p=[0.581 0.252 0.009 0.373 0.299]
  eval: e=0.1422  p=[0.305 0.441 0.027 0.399 0.349]
  eval: e=0.1092  p=[0.326 0.409 0.027 0.391 0.339]
  eval: e=0.9484  p=[0.361 0.286 0.015 0.468 0.341]
  eval: e=0.9826  p=[0.314 0.316 0.035 0.503 0.348]
  eval: e=0.0431  p=[0.312 0.408 0.027 0.392 0.342]
  eval: e=180.7554  p=[0.277 0.277 0.029 0.879 0.357]
  eval: e=0.1333  p=[0.321 0.417 0.027 0.400 0.349]
  eval: e=0.5122  p=[0.339 0.393 0.023 0.410 0.344]
  eval: e=0.7274  p=[0.327 0.317 0.025 0.492 0.359]
  eval: e=0.0773  p=[0.789 0.253 0.026 0.104 0.326]
  eval: e=0.5961  p=[0.342 0.397 0.021 0.390 0.326]
  eval: e=51.3885  p=[0.391 0.422 0.017 0.379 0.245]
  eval: e=0.0855  p=[0.304 0.407 0.027 0.390 0.352]
  eval: e=0.0441  p=[0.329 0.340 0.004 0.416 0.346]
  eval: e=0.1145  p=[0.475 0.189 0.026 0.358 0.339]
  eval: e=0.4335  p=[0.392 0.431 0.027 0.315 0.324]
  eval: e=0.0585  p=[0.322 0.476 0.232 0.397 0.339]
  eval: e=0.0429  p=[0.313 0.408 0.027 0.392 0.342]
  eval: e=2.3673  p=[0.396 0.459 0.018 0.360 0.377]
  eval: e=0.0481  p=[0.317 0.397 0.027 0.389 0.342]
  eval: e=0.1188  p=[0.340 0.195 0.052 0.500 0.299]
  eval: e=0.0517  p=[0.365 0.343 0.027 0.415 0.372]
   60            3050         0.04254           5.905        0

                                 Best            Mean     Stall
Iteration     f-count            f(x)            f(x)    Iterations
  eval: e=30.6938  p=[0.300 0.551 0.030 0.424 0.353]
  eval: e=0.2426  p=[0.308 0.420 0.030 0.424 0.356]
  eval: e=0.0429  p=[0.312 0.409 0.026 0.393 0.342]
  eval: e=0.0428  p=[0.310 0.407 0.027 0.394 0.342]
  eval: e=41.7597  p=[0.855 0.353 0.049 0.466 0.342]
  eval: e=0.2521  p=[0.340 0.420 0.071 0.305 0.350]
  eval: e=0.0691  p=[0.506 0.332 0.027 0.218 0.304]
  eval: e=2.7390  p=[0.356 0.399 0.032 0.414 0.340]
  eval: e=3.2165  p=[0.316 0.440 0.027 0.418 0.334]
  eval: e=10.8884  p=[0.319 0.477 0.029 0.433 0.357]
  eval: e=0.2311  p=[0.210 0.401 0.027 0.433 0.342]
  eval: e=1.3449  p=[0.314 0.480 0.017 0.382 0.342]
  eval: e=0.0527  p=[0.332 0.389 0.031 0.379 0.342]
  eval: e=0.0424  p=[0.314 0.468 0.027 0.352 0.346]
  eval: e=0.0613  p=[0.316 0.360 0.030 0.434 0.346]
  eval: e=0.2037  p=[0.315 0.337 0.029 0.394 0.352]
  eval: e=0.8513  p=[0.330 0.386 0.030 0.432 0.345]
  eval: e=0.1951  p=[0.347 0.431 0.028 0.365 0.343]
  eval: e=0.0425  p=[0.302 0.441 0.028 0.385 0.348]
  eval: e=35.2035  p=[0.400 0.402 0.061 0.452 0.330]
  eval: e=0.1529  p=[0.345 0.416 0.026 0.314 0.341]
  eval: e=0.0678  p=[0.352 0.310 0.046 0.412 0.340]
  eval: e=0.0428  p=[0.311 0.409 0.027 0.392 0.343]
  eval: e=2.7102  p=[0.357 0.432 0.022 0.388 0.343]
  eval: e=0.1673  p=[0.376 0.281 0.030 0.368 0.334]
  eval: e=0.0587  p=[0.549 0.121 0.025 0.395 0.359]
  eval: e=1.1143  p=[0.331 0.394 0.033 0.421 0.333]
  eval: e=0.3841  p=[0.212 0.329 0.014 0.263 0.356]
  eval: e=0.0433  p=[0.301 0.438 0.027 0.392 0.352]
  eval: e=0.0661  p=[0.300 0.407 0.027 0.393 0.344]
  eval: e=1.2348  p=[0.296 0.351 0.033 0.492 0.339]
  eval: e=0.3128  p=[0.331 0.325 0.033 0.489 0.376]
  eval: e=0.0430  p=[0.313 0.408 0.028 0.392 0.342]
  eval: e=15.5219  p=[0.163 0.240 0.019 0.764 0.353]
  eval: e=0.0615  p=[0.328 0.422 0.028 0.361 0.349]
  eval: e=0.1018  p=[0.314 0.416 0.030 0.367 0.349]
  eval: e=0.0817  p=[0.338 0.359 0.028 0.398 0.360]
  eval: e=6.8671  p=[0.563 0.218 0.026 0.400 0.317]
  eval: e=0.1963  p=[0.328 0.381 0.029 0.331 0.329]
  eval: e=0.6398  p=[0.387 0.419 0.024 0.341 0.334]
  eval: e=0.0594  p=[0.311 0.405 0.027 0.390 0.349]
  eval: e=0.0499  p=[0.326 0.409 0.034 0.376 0.346]
  eval: e=0.2809  p=[0.407 0.158 0.031 0.382 0.343]
  eval: e=0.1194  p=[0.313 0.421 0.026 0.344 0.333]
  eval: e=0.2224  p=[0.302 0.472 0.248 0.375 0.342]
  eval: e=0.0429  p=[0.313 0.408 0.027 0.391 0.341]
  eval: e=2.7667  p=[0.569 0.266 0.023 0.334 0.328]
  eval: e=0.1315  p=[0.313 0.443 0.027 0.386 0.345]
  eval: e=13.5456  p=[0.413 0.267 0.036 0.553 0.392]
  eval: e=0.0963  p=[0.306 0.395 0.027 0.388 0.346]
   61            3100         0.04242           3.507        0
  eval: e=0.1973  p=[0.267 0.201 0.029 0.537 0.352]
  eval: e=0.1049  p=[0.318 0.330 0.029 0.428 0.355]
  eval: e=0.0428  p=[0.313 0.408 0.027 0.392 0.343]
  eval: e=0.0584  p=[0.306 0.422 0.027 0.384 0.350]
  eval: e=0.0505  p=[0.247 0.461 0.047 0.430 0.340]
  eval: e=0.0578  p=[0.330 0.428 0.053 0.375 0.340]
  eval: e=8.6206  p=[0.392 0.395 0.027 0.410 0.341]
  eval: e=0.2151  p=[0.320 0.372 0.042 0.354 0.340]
  eval: e=0.2334  p=[0.277 0.360 0.028 0.396 0.345]
  eval: e=0.2172  p=[0.334 0.351 0.027 0.455 0.368]
  eval: e=0.1335  p=[0.175 0.480 0.027 0.453 0.348]
  eval: e=0.2949  p=[0.307 0.480 0.021 0.361 0.331]
  eval: e=0.0556  p=[0.341 0.374 0.028 0.379 0.342]
  eval: e=0.0508  p=[0.314 0.475 0.027 0.354 0.346]
  eval: e=0.1748  p=[0.318 0.336 0.028 0.409 0.360]
  eval: e=0.0440  p=[0.353 0.310 0.000 0.412 0.344]
  eval: e=0.3313  p=[0.323 0.306 0.029 0.335 0.358]
  eval: e=0.1911  p=[0.332 0.313 0.027 0.388 0.342]
  eval: e=0.0425  p=[0.302 0.441 0.028 0.385 0.348]
  eval: e=0.6133  p=[0.320 0.405 0.044 0.407 0.318]
  eval: e=4.9576  p=[0.335 0.491 0.027 0.386 0.350]
  eval: e=18.4961  p=[0.359 0.521 0.023 0.374 0.348]
  eval: e=0.0641  p=[0.299 0.421 0.028 0.390 0.350]
  eval: e=0.2297  p=[0.307 0.311 0.033 0.401 0.341]
  eval: e=0.2410  p=[0.343 0.272 0.029 0.382 0.337]
  eval: e=7.1056  p=[0.366 0.446 0.026 0.396 0.349]
  eval: e=0.2278  p=[0.349 0.230 0.040 0.409 0.331]
  eval: e=1.8383  p=[0.659 0.371 0.023 0.214 0.339]
  eval: e=0.0687  p=[0.319 0.443 0.027 0.352 0.348]
  eval: e=0.0810  p=[0.306 0.451 0.028 0.384 0.346]
  eval: e=4.5625  p=[0.357 0.389 0.017 0.472 0.395]
  eval: e=20.1436  p=[0.361 0.353 0.034 0.493 0.339]
  eval: e=0.0428  p=[0.311 0.408 0.027 0.393 0.342]
  eval: e=0.0472  p=[0.199 0.290 0.025 0.596 0.350]
  eval: e=0.1017  p=[0.311 0.406 0.027 0.371 0.342]
  eval: e=2.9965  p=[0.361 0.449 0.029 0.380 0.347]
  eval: e=14.1727  p=[0.309 0.371 0.023 0.524 0.358]
  eval: e=13.2244  p=[0.405 0.526 0.025 0.305 0.325]
  eval: e=0.2537  p=[0.321 0.414 0.021 0.304 0.344]
  eval: e=10.6544  p=[0.635 0.395 0.005 0.292 0.342]
  eval: e=0.1232  p=[0.308 0.439 0.028 0.389 0.340]
  eval: e=0.0651  p=[0.325 0.316 0.016 0.425 0.341]
  eval: e=0.0501  p=[0.447 0.224 0.031 0.398 0.345]
  eval: e=0.1768  p=[0.317 0.494 0.026 0.288 0.348]
  eval: e=0.0933  p=[0.349 0.421 0.179 0.377 0.340]
  eval: e=0.0429  p=[0.313 0.408 0.027 0.391 0.342]
  eval: e=0.2983  p=[0.430 0.443 0.026 0.330 0.399]
  eval: e=0.0609  p=[0.307 0.412 0.028 0.383 0.342]
  eval: e=0.3799  p=[0.392 0.119 0.044 0.323 0.398]
  eval: e=0.0500  p=[0.336 0.377 0.027 0.409 0.358]
   62            3150         0.04242           2.252        1
  eval: e=93.3470  p=[0.319 0.615 0.028 0.505 0.351]
  eval: e=0.2435  p=[0.313 0.333 0.030 0.475 0.350]
  eval: e=0.1023  p=[0.314 0.489 0.027 0.351 0.344]
  eval: e=0.0430  p=[0.315 0.428 0.027 0.376 0.342]
  eval: e=0.0543  p=[0.277 0.450 0.039 0.393 0.344]
  eval: e=0.0461  p=[0.315 0.451 0.029 0.368 0.346]
  eval: e=27.8088  p=[0.461 0.366 0.028 0.396 0.302]
  eval: e=0.0518  p=[0.389 0.370 0.030 0.355 0.347]
  eval: e=0.0579  p=[0.283 0.428 0.021 0.398 0.346]
  eval: e=0.4818  p=[0.314 0.391 0.027 0.431 0.338]
  eval: e=0.1220  p=[0.231 0.456 0.028 0.390 0.320]
  eval: e=0.1763  p=[0.301 0.426 0.017 0.336 0.336]
  eval: e=0.2475  p=[0.342 0.430 0.028 0.373 0.343]
  eval: e=0.0477  p=[0.314 0.460 0.027 0.352 0.346]
  eval: e=0.0553  p=[0.311 0.400 0.028 0.405 0.358]
  eval: e=0.2539  p=[0.304 0.309 0.020 0.396 0.347]
  eval: e=0.2172  p=[0.301 0.399 0.029 0.376 0.370]
  eval: e=2.8898  p=[0.435 0.400 0.030 0.354 0.351]
  eval: e=0.0539  p=[0.310 0.477 0.027 0.358 0.347]
  eval: e=0.3722  p=[0.326 0.005 0.038 0.404 0.317]
  eval: e=0.2735  p=[0.320 0.418 0.026 0.298 0.349]
  eval: e=0.5114  p=[0.297 0.409 0.034 0.433 0.334]
  eval: e=0.1075  p=[0.303 0.464 0.027 0.373 0.336]
  eval: e=0.0829  p=[0.318 0.382 0.048 0.400 0.315]
  eval: e=10.2201  p=[0.515 0.357 0.028 0.360 0.341]
  eval: e=0.1177  p=[0.513 0.143 0.012 0.363 0.353]
  eval: e=0.0473  p=[0.348 0.376 0.044 0.388 0.341]
  eval: e=0.3720  p=[0.161 0.256 0.020 0.400 0.323]
  eval: e=0.3755  p=[0.311 0.457 0.027 0.396 0.352]
  eval: e=0.0734  p=[0.316 0.394 0.027 0.404 0.336]
  eval: e=2.5490  p=[0.346 0.351 0.028 0.497 0.389]
  eval: e=0.3648  p=[0.299 0.235 0.031 0.354 0.365]
  eval: e=0.0428  p=[0.311 0.409 0.027 0.393 0.343]
  eval: e=63.8856  p=[0.249 0.476 0.027 0.547 0.350]
  eval: e=0.2220  p=[0.345 0.408 0.027 0.386 0.346]
  eval: e=0.0840  p=[0.371 0.389 0.028 0.367 0.348]
  eval: e=0.0637  p=[0.336 0.198 0.023 0.518 0.360]
  eval: e=0.1122  p=[0.383 0.381 0.025 0.284 0.306]
  eval: e=3.7007  p=[0.460 0.421 0.026 0.311 0.335]
  eval: e=0.3705  p=[0.325 0.422 0.020 0.074 0.275]
  eval: e=0.0764  p=[0.317 0.381 0.027 0.391 0.344]
  eval: e=7.6037  p=[0.322 0.447 0.015 0.428 0.343]
  eval: e=17.0740  p=[0.427 0.439 0.030 0.382 0.349]
  eval: e=2.9107  p=[0.393 0.439 0.027 0.348 0.335]
  eval: e=0.0520  p=[0.317 0.463 0.134 0.385 0.346]
  eval: e=0.0429  p=[0.312 0.408 0.027 0.393 0.342]
  eval: e=12.7354  p=[0.484 0.345 0.018 0.377 0.324]
  eval: e=0.0749  p=[0.327 0.423 0.027 0.379 0.343]
  eval: e=118.2723  p=[0.322 0.516 0.024 0.621 0.378]
  eval: e=0.0862  p=[0.333 0.387 0.028 0.377 0.354]
   63            3200         0.04242           7.384        2
  eval: e=0.1828  p=[0.270 0.528 0.028 0.379 0.351]
  eval: e=0.1972  p=[0.312 0.345 0.028 0.395 0.355]
  eval: e=0.0716  p=[0.312 0.475 0.027 0.359 0.345]
  eval: e=0.0679  p=[0.310 0.383 0.027 0.397 0.342]
  eval: e=5.9022  p=[0.326 0.473 0.042 0.408 0.342]
  eval: e=0.0762  p=[0.313 0.454 0.026 0.347 0.347]
  eval: e=0.1342  p=[0.382 0.430 0.027 0.262 0.327]
  eval: e=0.0807  p=[0.330 0.414 0.047 0.359 0.342]
  eval: e=0.2271  p=[0.323 0.438 0.022 0.385 0.345]
  eval: e=0.0533  p=[0.341 0.250 0.028 0.464 0.340]
  eval: e=14.4853  p=[0.274 0.432 0.026 0.487 0.325]
  eval: e=0.1083  p=[0.305 0.472 0.019 0.326 0.343]
  eval: e=0.0689  p=[0.357 0.349 0.028 0.380 0.347]
  eval: e=0.0451  p=[0.314 0.463 0.027 0.352 0.346]
  eval: e=0.0530  p=[0.327 0.377 0.028 0.421 0.360]
  eval: e=0.9289  p=[0.363 0.452 0.011 0.349 0.344]
  eval: e=3.4912  p=[0.338 0.420 0.028 0.437 0.363]
  eval: e=0.1384  p=[0.357 0.348 0.028 0.357 0.343]
  eval: e=0.0444  p=[0.313 0.458 0.027 0.359 0.348]
  eval: e=0.0481  p=[0.315 0.341 0.042 0.428 0.325]
  eval: e=0.9842  p=[0.344 0.511 0.026 0.333 0.346]
  eval: e=0.1250  p=[0.375 0.393 0.052 0.331 0.354]
  eval: e=0.0776  p=[0.315 0.374 0.026 0.395 0.341]
  eval: e=0.0682  p=[0.341 0.334 0.034 0.401 0.339]
  eval: e=3.2874  p=[0.479 0.320 0.032 0.368 0.334]
  eval: e=42.9891  p=[0.438 0.494 0.030 0.386 0.349]
  eval: e=0.1072  p=[0.312 0.429 0.022 0.392 0.343]
  eval: e=0.3298  p=[0.278 0.373 0.014 0.278 0.308]
  eval: e=0.0710  p=[0.302 0.467 0.027 0.375 0.346]
  eval: e=0.3071  p=[0.301 0.448 0.028 0.400 0.340]
  eval: e=0.3255  p=[0.341 0.220 0.022 0.365 0.343]
  eval: e=13.4131  p=[0.377 0.484 0.036 0.400 0.371]
  eval: e=0.2272  p=[0.314 0.444 0.027 0.391 0.346]
  eval: e=47.3639  p=[0.285 0.482 0.027 0.497 0.350]
  eval: e=0.0616  p=[0.331 0.401 0.027 0.392 0.348]
  eval: e=0.0711  p=[0.338 0.429 0.028 0.342 0.347]
  eval: e=0.3723  p=[0.329 0.240 0.026 0.313 0.381]
  eval: e=1.2858  p=[0.719 0.171 0.026 0.273 0.288]
  eval: e=0.3563  p=[0.209 0.376 0.022 0.325 0.328]
  eval: e=14.4416  p=[0.673 0.421 0.022 0.261 0.304]
  eval: e=0.0514  p=[0.312 0.505 0.027 0.332 0.343]
  eval: e=0.2776  p=[0.321 0.357 0.018 0.333 0.348]
  eval: e=9.2075  p=[0.407 0.418 0.030 0.391 0.349]
  eval: e=0.2022  p=[0.291 0.456 0.026 0.323 0.340]
  eval: e=0.0489  p=[0.312 0.473 0.088 0.368 0.347]
  eval: e=0.0434  p=[0.312 0.421 0.027 0.386 0.348]
  eval: e=0.3521  p=[0.315 0.273 0.017 0.296 0.327]
  eval: e=0.0480  p=[0.307 0.450 0.027 0.366 0.335]
  eval: e=19.3881  p=[0.442 0.299 0.078 0.554 0.407]
  eval: e=4.0105  p=[0.316 0.488 0.026 0.397 0.345]
   64            3250         0.04242           3.726        3
  eval: e=0.2747  p=[0.283 0.196 0.029 0.486 0.348]
  eval: e=22.7220  p=[0.314 0.508 0.030 0.432 0.353]
  eval: e=0.0451  p=[0.313 0.454 0.027 0.364 0.344]
  eval: e=0.7188  p=[0.299 0.497 0.027 0.386 0.351]
  eval: e=0.6007  p=[0.319 0.464 0.026 0.381 0.343]
  eval: e=0.2263  p=[0.314 0.457 0.029 0.383 0.346]
  eval: e=2.9164  p=[0.504 0.461 0.027 0.226 0.314]
  eval: e=0.1859  p=[0.354 0.387 0.042 0.331 0.351]
  eval: e=0.0805  p=[0.283 0.392 0.024 0.406 0.334]
  eval: e=0.1015  p=[0.325 0.270 0.030 0.453 0.343]
  eval: e=0.1265  p=[0.298 0.466 0.028 0.359 0.314]
  eval: e=0.4793  p=[0.307 0.519 0.018 0.347 0.341]
  eval: e=0.0478  p=[0.323 0.438 0.027 0.355 0.343]
  eval: e=0.0452  p=[0.314 0.474 0.027 0.352 0.346]
  eval: e=0.0803  p=[0.301 0.429 0.029 0.390 0.362]
  eval: e=0.0813  p=[0.358 0.369 0.012 0.354 0.345]
  eval: e=0.0717  p=[0.301 0.415 0.029 0.429 0.365]
  eval: e=0.0457  p=[0.404 0.332 0.027 0.358 0.343]
  eval: e=0.0552  p=[0.301 0.438 0.027 0.377 0.347]
  eval: e=50.3166  p=[0.312 0.557 0.028 0.419 0.341]
  eval: e=0.2490  p=[0.318 0.369 0.025 0.343 0.346]
  eval: e=0.1546  p=[0.332 0.369 0.019 0.359 0.343]
  eval: e=0.1119  p=[0.313 0.454 0.028 0.333 0.342]
  eval: e=0.1676  p=[0.349 0.361 0.047 0.354 0.343]
  eval: e=0.3506  p=[0.345 0.137 0.027 0.379 0.339]
  eval: e=0.3483  p=[0.493 0.012 0.014 0.356 0.373]
  eval: e=1.5584  p=[0.341 0.481 0.055 0.372 0.344]
  eval: e=0.1169  p=[0.491 0.448 0.009 0.130 0.308]
  eval: e=0.0824  p=[0.302 0.436 0.027 0.372 0.351]
  eval: e=0.1186  p=[0.322 0.461 0.027 0.367 0.348]
  eval: e=0.0725  p=[0.325 0.279 0.024 0.452 0.341]
  eval: e=0.1664  p=[0.324 0.216 0.028 0.480 0.352]
  eval: e=0.0918  p=[0.312 0.447 0.027 0.348 0.346]
  eval: e=6.6144  p=[0.310 0.428 0.026 0.456 0.348]
  eval: e=0.1919  p=[0.326 0.404 0.027 0.339 0.351]
  eval: e=0.1650  p=[0.332 0.395 0.028 0.344 0.347]
  eval: e=0.3920  p=[0.314 0.360 0.026 0.452 0.342]
  eval: e=48.3579  p=[0.453 0.601 0.026 0.331 0.341]
  eval: e=0.2837  p=[0.286 0.394 0.024 0.339 0.347]
  eval: e=0.3643  p=[0.298 0.438 0.024 0.164 0.321]
  eval: e=0.0930  p=[0.313 0.390 0.027 0.417 0.342]
  eval: e=0.0504  p=[0.328 0.366 0.008 0.396 0.346]
  eval: e=0.3413  p=[0.322 0.212 0.028 0.370 0.343]
  eval: e=0.0470  p=[0.314 0.464 0.028 0.335 0.320]
  eval: e=0.1202  p=[0.312 0.469 0.009 0.364 0.347]
  eval: e=0.0790  p=[0.314 0.443 0.027 0.379 0.343]
  eval: e=8.6164  p=[0.465 0.453 0.022 0.402 0.438]
  eval: e=0.1203  p=[0.320 0.395 0.027 0.365 0.343]
  eval: e=1.3872  p=[0.421 0.441 0.000 0.361 0.407]
  eval: e=0.0460  p=[0.313 0.420 0.026 0.400 0.358]
   65            3300         0.04242           3.002        4
  eval: e=0.3346  p=[0.295 0.266 0.027 0.378 0.350]
  eval: e=0.0521  p=[0.313 0.424 0.027 0.383 0.353]
  eval: e=0.0734  p=[0.314 0.417 0.027 0.396 0.343]
  eval: e=0.6469  p=[0.333 0.474 0.027 0.360 0.342]
  eval: e=0.0441  p=[0.270 0.459 0.056 0.407 0.344]
  eval: e=0.0613  p=[0.314 0.456 0.027 0.369 0.347]
  eval: e=0.3811  p=[0.269 0.311 0.027 0.241 0.351]
  eval: e=0.7678  p=[0.406 0.413 0.028 0.339 0.342]
  eval: e=0.1077  p=[0.326 0.373 0.027 0.411 0.335]
  eval: e=14.1736  p=[0.342 0.498 0.026 0.420 0.376]
  eval: e=0.1209  p=[0.170 0.446 0.027 0.495 0.309]
  eval: e=0.0870  p=[0.300 0.468 0.024 0.337 0.337]
  eval: e=0.0716  p=[0.323 0.409 0.032 0.370 0.345]
  eval: e=0.0466  p=[0.314 0.462 0.027 0.352 0.346]
  eval: e=0.1095  p=[0.340 0.377 0.030 0.417 0.358]
  eval: e=0.1060  p=[0.293 0.411 0.010 0.380 0.345]
  eval: e=0.0566  p=[0.346 0.316 0.027 0.415 0.343]
  eval: e=0.0681  p=[0.303 0.463 0.027 0.349 0.343]
  eval: e=0.3412  p=[0.314 0.474 0.028 0.375 0.346]
  eval: e=0.3179  p=[0.315 0.299 0.042 0.355 0.347]
  eval: e=0.1550  p=[0.337 0.396 0.025 0.341 0.347]
  eval: e=0.2507  p=[0.338 0.276 0.057 0.397 0.345]
  eval: e=0.0973  p=[0.312 0.431 0.027 0.357 0.347]
  eval: e=0.1334  p=[0.353 0.356 0.041 0.362 0.344]
  eval: e=0.2588  p=[0.380 0.256 0.031 0.346 0.334]
  eval: e=5.2067  p=[0.489 0.349 0.028 0.369 0.356]
  eval: e=0.0591  p=[0.345 0.373 0.037 0.379 0.344]
  eval: e=11.4246  p=[0.443 0.286 0.020 0.432 0.308]
  eval: e=0.1216  p=[0.310 0.466 0.027 0.374 0.347]
  eval: e=0.1588  p=[0.312 0.401 0.027 0.353 0.338]
  eval: e=0.1998  p=[0.340 0.242 0.026 0.459 0.377]
  eval: e=67.8474  p=[0.354 0.431 0.029 0.542 0.384]
  eval: e=0.4926  p=[0.313 0.471 0.027 0.382 0.346]
  eval: e=0.0708  p=[0.298 0.282 0.026 0.485 0.351]
  eval: e=0.1592  p=[0.331 0.420 0.027 0.391 0.349]
  eval: e=0.0458  p=[0.348 0.398 0.027 0.364 0.346]
  eval: e=0.5910  p=[0.321 0.420 0.026 0.448 0.388]
  eval: e=1.4647  p=[1.000 0.127 0.026 0.323 0.324]
  eval: e=0.8135  p=[0.375 0.460 0.021 0.337 0.348]
  eval: e=0.3813  p=[0.295 0.401 0.009 0.132 0.340]
  eval: e=0.0801  p=[0.313 0.472 0.027 0.329 0.343]
  eval: e=0.0489  p=[0.332 0.419 0.026 0.372 0.344]
  eval: e=0.7105  p=[0.350 0.412 0.028 0.394 0.347]
  eval: e=0.0664  p=[0.316 0.466 0.028 0.348 0.331]
  eval: e=0.0775  p=[0.312 0.470 0.093 0.358 0.346]
  eval: e=0.0821  p=[0.313 0.420 0.027 0.366 0.344]
  eval: e=1.1861  p=[0.452 0.425 0.028 0.359 0.414]
  eval: e=0.0472  p=[0.321 0.438 0.027 0.368 0.343]
  eval: e=0.3789  p=[0.327 0.075 0.109 0.420 0.376]
  eval: e=0.0442  p=[0.312 0.425 0.027 0.386 0.346]
   66            3350         0.04242           2.212        5
  eval: e=83.4114  p=[0.304 0.574 0.028 0.455 0.352]
  eval: e=0.1376  p=[0.313 0.422 0.027 0.357 0.353]
  eval: e=0.0976  p=[0.312 0.404 0.027 0.374 0.344]
  eval: e=0.0839  p=[0.293 0.451 0.027 0.366 0.347]
  eval: e=0.1149  p=[0.283 0.466 0.046 0.365 0.347]
  eval: e=0.0595  p=[0.314 0.457 0.030 0.350 0.346]
  eval: e=0.2484  p=[0.362 0.317 0.027 0.279 0.283]
  eval: e=0.1567  p=[0.327 0.406 0.050 0.351 0.347]
  eval: e=0.0531  p=[0.288 0.461 0.020 0.369 0.344]
  eval: e=1.7584  p=[0.340 0.365 0.026 0.461 0.361]
  eval: e=0.8571  p=[0.301 0.458 0.027 0.401 0.336]
  eval: e=0.0418  p=[0.308 0.504 0.028 0.329 0.339]
  eval: e=0.0487  p=[0.332 0.423 0.023 0.358 0.345]
  eval: e=0.0521  p=[0.314 0.478 0.027 0.352 0.346]
  eval: e=0.1976  p=[0.298 0.454 0.027 0.410 0.360]
  eval: e=14.6843  p=[0.353 0.470 0.018 0.404 0.346]
  eval: e=0.0524  p=[0.316 0.376 0.029 0.410 0.350]
  eval: e=4.6796  p=[0.444 0.401 0.027 0.353 0.347]
  eval: e=0.0793  p=[0.302 0.438 0.027 0.370 0.348]
  eval: e=0.2444  p=[0.314 0.330 0.022 0.350 0.319]
  eval: e=0.7894  p=[0.327 0.510 0.026 0.348 0.347]
  eval: e=0.0653  p=[0.319 0.403 0.041 0.377 0.338]
  eval: e=0.7902  p=[0.313 0.441 0.027 0.405 0.342]
  eval: e=0.2965  p=[0.316 0.272 0.049 0.373 0.326]
  eval: e=0.3358  p=[0.439 0.331 0.026 0.359 0.346]
  eval: e=33.8938  p=[0.520 0.468 0.017 0.373 0.357]
  eval: e=0.0974  p=[0.332 0.376 0.027 0.372 0.343]
  eval: e=0.3529  p=[0.388 0.395 0.031 0.138 0.323]
  eval: e=0.0687  p=[0.306 0.451 0.027 0.362 0.351]
  eval: e=0.1185  p=[0.313 0.412 0.027 0.359 0.341]
  eval: e=7.2843  p=[0.318 0.424 0.023 0.477 0.377]
  eval: e=0.3662  p=[0.324 0.312 0.034 0.294 0.383]
  eval: e=0.1264  p=[0.312 0.403 0.027 0.365 0.343]
  eval: e=5.0060  p=[0.200 0.489 0.026 0.511 0.345]
  eval: e=1.0948  p=[0.338 0.455 0.027 0.383 0.349]
  eval: e=0.1738  p=[0.323 0.406 0.028 0.343 0.348]
  eval: e=0.0568  p=[0.339 0.176 0.027 0.518 0.341]
  eval: e=0.9758  p=[0.556 0.486 0.026 0.144 0.311]
  eval: e=0.2934  p=[0.303 0.354 0.028 0.337 0.339]
  eval: e=62.3967  p=[0.609 0.408 0.023 0.379 0.268]
  eval: e=0.4972  p=[0.313 0.442 0.027 0.402 0.345]
  eval: e=0.4933  p=[0.329 0.388 0.013 0.420 0.346]
  eval: e=0.3847  p=[0.390 0.412 0.030 0.349 0.346]
  eval: e=0.0587  p=[0.313 0.467 0.027 0.335 0.338]
  eval: e=0.0597  p=[0.314 0.470 0.089 0.363 0.347]
  eval: e=0.0553  p=[0.313 0.456 0.027 0.365 0.343]
  eval: e=0.2129  p=[0.406 0.251 0.026 0.344 0.336]
  eval: e=0.0448  p=[0.311 0.461 0.027 0.361 0.344]
  eval: e=21.7194  p=[0.408 0.588 0.000 0.357 0.415]
  eval: e=0.1400  p=[0.314 0.478 0.027 0.362 0.345]
   67            3400          0.0418           4.906        0
  eval: e=3.6167  p=[0.284 0.509 0.029 0.414 0.348]
  eval: e=3.6974  p=[0.306 0.523 0.027 0.374 0.337]
  eval: e=0.0656  p=[0.311 0.411 0.027 0.401 0.343]
  eval: e=0.2493  p=[0.318 0.460 0.027 0.365 0.332]
  eval: e=0.0918  p=[0.271 0.462 0.039 0.412 0.343]
  eval: e=0.0860  p=[0.313 0.396 0.027 0.413 0.342]
  eval: e=4.0792  p=[0.354 0.507 0.027 0.346 0.340]
  eval: e=1.7092  p=[0.414 0.366 0.015 0.377 0.345]
  eval: e=0.1079  p=[0.290 0.384 0.018 0.389 0.328]
  eval: e=0.0455  p=[0.303 0.339 0.032 0.463 0.353]
  eval: e=4.5279  p=[0.310 0.496 0.028 0.390 0.333]
  eval: e=0.0434  p=[0.308 0.507 0.028 0.328 0.340]
  eval: e=0.0587  p=[0.337 0.439 0.035 0.360 0.345]
  eval: e=0.0429  p=[0.314 0.466 0.027 0.352 0.346]
  eval: e=34.8689  p=[0.323 0.496 0.029 0.456 0.362]
  eval: e=0.2827  p=[0.339 0.282 0.017 0.361 0.346]
  eval: e=0.1760  p=[0.326 0.391 0.029 0.359 0.356]
  eval: e=0.1422  p=[0.363 0.409 0.027 0.364 0.346]
  eval: e=0.0426  p=[0.301 0.439 0.028 0.386 0.349]
  eval: e=53.6553  p=[0.311 0.499 0.031 0.480 0.359]
  eval: e=0.3545  p=[0.348 0.495 0.026 0.322 0.339]
  eval: e=2.3112  p=[0.304 0.434 0.043 0.445 0.348]
  eval: e=0.0573  p=[0.311 0.409 0.027 0.382 0.342]
  eval: e=0.1278  p=[0.334 0.347 0.031 0.415 0.322]
  eval: e=0.1682  p=[0.356 0.264 0.033 0.392 0.325]
  eval: e=0.3275  p=[0.427 0.372 0.024 0.349 0.358]
  eval: e=1.2988  p=[0.348 0.421 0.045 0.404 0.347]
  eval: e=32.7517  p=[0.650 0.315 0.006 0.390 0.296]
  eval: e=3.1146  p=[0.304 0.436 0.027 0.435 0.339]
  eval: e=3.0046  p=[0.311 0.411 0.027 0.448 0.342]
  eval: e=0.0639  p=[0.353 0.360 0.025 0.382 0.329]
  eval: e=15.9631  p=[0.337 0.272 0.032 0.594 0.370]
  eval: e=0.1755  p=[0.308 0.424 0.027 0.338 0.340]
  eval: e=0.0665  p=[0.275 0.315 0.026 0.508 0.348]
  eval: e=0.1658  p=[0.311 0.382 0.027 0.376 0.351]
  eval: e=0.2855  p=[0.335 0.391 0.028 0.409 0.343]
  eval: e=18.6251  p=[0.327 0.539 0.026 0.427 0.392]
  eval: e=0.3859  p=[0.500 0.174 0.026 0.062 0.347]
  eval: e=0.3620  p=[0.374 0.368 0.023 0.383 0.336]
  eval: e=1.4938  p=[0.601 0.419 0.022 0.242 0.387]
  eval: e=0.1315  p=[0.311 0.360 0.027 0.390 0.337]
  eval: e=0.0663  p=[0.296 0.389 0.015 0.406 0.345]
  eval: e=22.4611  p=[0.431 0.410 0.027 0.402 0.339]
  eval: e=0.1311  p=[0.302 0.436 0.028 0.389 0.329]
  eval: e=0.1349  p=[0.307 0.502 0.077 0.363 0.339]
  eval: e=0.0546  p=[0.313 0.440 0.027 0.362 0.344]
  eval: e=0.0769  p=[0.452 0.366 0.024 0.317 0.363]
  eval: e=0.0879  p=[0.324 0.378 0.027 0.409 0.337]
  eval: e=93.2000  p=[0.374 0.490 0.073 0.556 0.381]
  eval: e=0.0475  p=[0.308 0.425 0.028 0.386 0.350]
   68            3450          0.0418           6.102        1
  eval: e=4.9926  p=[0.303 0.408 0.029 0.472 0.347]
  eval: e=0.1876  p=[0.312 0.388 0.028 0.358 0.344]
  eval: e=0.0485  p=[0.312 0.458 0.027 0.359 0.338]
  eval: e=0.0454  p=[0.310 0.402 0.027 0.406 0.346]
  eval: e=0.0582  p=[0.313 0.429 0.055 0.395 0.344]
  eval: e=0.0789  p=[0.309 0.444 0.028 0.390 0.351]
  eval: e=0.1234  p=[0.495 0.393 0.027 0.217 0.304]
  eval: e=0.1645  p=[0.287 0.513 0.024 0.299 0.339]
  eval: e=1.1680  p=[0.289 0.461 0.028 0.414 0.334]
  eval: e=0.2000  p=[0.299 0.435 0.032 0.417 0.351]
  eval: e=1.8385  p=[0.254 0.472 0.027 0.443 0.331]
  eval: e=0.0423  p=[0.307 0.500 0.028 0.329 0.339]
  eval: e=1.0273  p=[0.353 0.451 0.020 0.357 0.336]
  eval: e=0.0680  p=[0.310 0.494 0.027 0.319 0.340]
  eval: e=0.2580  p=[0.314 0.227 0.030 0.454 0.360]
  eval: e=0.0731  p=[0.341 0.422 0.031 0.334 0.336]
  eval: e=0.1848  p=[0.312 0.405 0.029 0.371 0.368]
  eval: e=0.2764  p=[0.341 0.320 0.027 0.334 0.339]
  eval: e=0.8107  p=[0.310 0.529 0.028 0.347 0.341]
  eval: e=122.0775  p=[0.311 0.508 0.047 0.482 0.299]
  eval: e=0.0814  p=[0.334 0.429 0.027 0.345 0.350]
  eval: e=12.0473  p=[0.349 0.496 0.043 0.380 0.331]
  eval: e=0.0776  p=[0.300 0.422 0.027 0.380 0.345]
  eval: e=0.0592  p=[0.335 0.348 0.036 0.389 0.324]
  eval: e=17.1516  p=[0.385 0.530 0.032 0.337 0.337]
  eval: e=0.4883  p=[0.379 0.441 0.025 0.348 0.356]
  eval: e=0.0442  p=[0.346 0.385 0.032 0.377 0.341]
  eval: e=0.3879  p=[0.192 0.430 0.035 0.185 0.361]
  eval: e=0.2940  p=[0.304 0.442 0.027 0.287 0.352]
  eval: e=0.0578  p=[0.309 0.476 0.028 0.356 0.341]
  eval: e=3.4278  p=[0.323 0.485 0.025 0.401 0.359]
  eval: e=0.2531  p=[0.349 0.227 0.029 0.419 0.355]
  eval: e=0.0891  p=[0.310 0.431 0.027 0.358 0.342]
  eval: e=5.7345  p=[0.250 0.343 0.026 0.570 0.346]
  eval: e=2.5791  p=[0.342 0.470 0.027 0.381 0.349]
  eval: e=0.1939  p=[0.335 0.471 0.028 0.274 0.342]
  eval: e=19.1076  p=[0.311 0.533 0.025 0.438 0.385]
  eval: e=65.0229  p=[0.781 0.456 0.027 0.433 0.285]
  eval: e=0.6727  p=[0.387 0.561 0.021 0.245 0.337]
  eval: e=0.2994  p=[0.357 0.386 0.000 0.232 0.324]
  eval: e=3.4212  p=[0.309 0.605 0.027 0.319 0.341]
  eval: e=0.2685  p=[0.318 0.360 0.012 0.330 0.342]
  eval: e=0.0580  p=[0.427 0.230 0.028 0.404 0.349]
  eval: e=0.1829  p=[0.312 0.487 0.027 0.292 0.344]
  eval: e=0.1871  p=[0.314 0.469 0.063 0.317 0.348]
  eval: e=0.0971  p=[0.307 0.451 0.028 0.379 0.339]
  eval: e=0.2156  p=[0.342 0.350 0.023 0.346 0.346]
  eval: e=0.1143  p=[0.316 0.385 0.027 0.377 0.343]
  eval: e=0.3017  p=[0.350 0.075 0.008 0.523 0.393]
  eval: e=0.1460  p=[0.310 0.490 0.027 0.352 0.338]
   69            3500          0.0418           5.336        2
  eval: e=0.0431  p=[0.281 0.375 0.029 0.455 0.352]
  eval: e=6.2728  p=[0.311 0.549 0.028 0.365 0.341]
  eval: e=0.0513  p=[0.299 0.409 0.027 0.411 0.343]
  eval: e=0.1033  p=[0.313 0.487 0.026 0.351 0.342]
  eval: e=0.0981  p=[0.276 0.497 0.029 0.380 0.341]
  eval: e=0.0528  p=[0.311 0.474 0.027 0.360 0.349]
  eval: e=0.1082  p=[0.500 0.400 0.027 0.206 0.354]
  eval: e=0.1257  p=[0.318 0.436 0.050 0.351 0.350]
  eval: e=0.2940  p=[0.295 0.420 0.027 0.300 0.340]
  eval: e=0.1165  p=[0.310 0.415 0.031 0.414 0.352]
  eval: e=0.0920  p=[0.279 0.421 0.027 0.387 0.333]
  eval: e=0.0447  p=[0.308 0.507 0.028 0.329 0.339]
  eval: e=2.3042  p=[0.364 0.407 0.027 0.402 0.347]
  eval: e=0.1045  p=[0.314 0.468 0.027 0.324 0.342]
  eval: e=0.1409  p=[0.316 0.427 0.028 0.340 0.343]
  eval: e=0.2277  p=[0.303 0.391 0.007 0.341 0.342]
  eval: e=3.2662  p=[0.320 0.325 0.029 0.511 0.350]
  eval: e=28.2757  p=[0.355 0.480 0.028 0.421 0.347]
  eval: e=0.1010  p=[0.304 0.425 0.028 0.369 0.347]
  eval: e=0.3246  p=[0.312 0.332 0.029 0.330 0.352]
  eval: e=0.0592  p=[0.306 0.518 0.026 0.324 0.334]
  eval: e=3.2630  p=[0.361 0.441 0.041 0.394 0.350]
  eval: e=0.0968  p=[0.318 0.422 0.027 0.388 0.339]
  eval: e=0.1175  p=[0.351 0.317 0.035 0.378 0.327]
  eval: e=0.3693  p=[0.416 0.000 0.026 0.346 0.333]
  eval: e=0.2253  p=[0.547 0.000 0.024 0.394 0.350]
  eval: e=0.0531  p=[0.326 0.468 0.025 0.342 0.342]
  eval: e=15.0108  p=[0.504 0.453 0.003 0.284 0.319]
  eval: e=0.0460  p=[0.303 0.470 0.028 0.369 0.349]
  eval: e=0.0443  p=[0.310 0.388 0.028 0.415 0.352]
  eval: e=0.2871  p=[0.305 0.267 0.024 0.436 0.376]
  eval: e=0.5081  p=[0.346 0.284 0.040 0.502 0.364]
  eval: e=0.8343  p=[0.300 0.409 0.027 0.445 0.345]
  eval: e=0.2786  p=[0.308 0.485 0.025 0.261 0.350]
  eval: e=0.0502  p=[0.346 0.418 0.027 0.352 0.350]
  eval: e=0.0674  p=[0.352 0.486 0.028 0.311 0.343]
  eval: e=0.0503  p=[0.336 0.236 0.029 0.490 0.340]
  eval: e=0.0693  p=[0.552 0.455 0.025 0.105 0.322]
  eval: e=0.1289  p=[0.371 0.465 0.026 0.314 0.344]
  eval: e=0.2571  p=[0.419 0.435 0.006 0.159 0.315]
  eval: e=0.2947  p=[0.310 0.360 0.028 0.327 0.341]
  eval: e=0.1978  p=[0.310 0.331 0.028 0.392 0.340]
  eval: e=1.7435  p=[0.386 0.376 0.030 0.400 0.346]
  eval: e=0.1309  p=[0.318 0.461 0.027 0.314 0.338]
  eval: e=0.0624  p=[0.314 0.516 0.071 0.335 0.337]
  eval: e=0.1006  p=[0.308 0.452 0.028 0.340 0.340]
  eval: e=16.8697  p=[0.459 0.475 0.028 0.334 0.349]
  eval: e=0.2271  p=[0.312 0.404 0.027 0.320 0.330]
  eval: e=0.3622  p=[0.306 0.120 0.052 0.462 0.384]
  eval: e=0.8830  p=[0.309 0.511 0.027 0.370 0.351]
   70            3550          0.0418           1.697        3
  eval: e=0.3111  p=[0.282 0.419 0.028 0.445 0.348]
  eval: e=0.0855  p=[0.309 0.484 0.027 0.334 0.354]
  eval: e=0.1263  p=[0.319 0.482 0.027 0.300 0.339]
  eval: e=0.8114  p=[0.308 0.473 0.028 0.385 0.338]
  eval: e=0.2028  p=[0.290 0.479 0.054 0.393 0.340]
  eval: e=0.3626  p=[0.313 0.510 0.029 0.352 0.346]
  eval: e=0.2085  p=[0.430 0.390 0.027 0.233 0.342]
  eval: e=0.6967  p=[0.422 0.386 0.033 0.336 0.333]
  eval: e=0.2605  p=[0.292 0.433 0.021 0.413 0.339]
  eval: e=0.1122  p=[0.304 0.339 0.028 0.432 0.353]
  eval: e=0.1958  p=[0.295 0.473 0.028 0.312 0.342]
  eval: e=0.0417  p=[0.308 0.502 0.028 0.329 0.339]
  eval: e=11.7289  p=[0.356 0.498 0.031 0.372 0.337]
  eval: e=0.0835  p=[0.306 0.479 0.027 0.363 0.345]
  eval: e=0.1989  p=[0.316 0.391 0.031 0.353 0.347]
  eval: e=0.1545  p=[0.325 0.375 0.014 0.358 0.341]
  eval: e=0.2959  p=[0.325 0.425 0.029 0.275 0.350]
  eval: e=0.3036  p=[0.392 0.340 0.027 0.254 0.342]
  eval: e=0.0429  p=[0.306 0.473 0.028 0.347 0.337]
  eval: e=0.0510  p=[0.311 0.435 0.038 0.375 0.332]
  eval: e=1.7693  p=[0.362 0.503 0.026 0.339 0.355]
  eval: e=0.1375  p=[0.315 0.376 0.031 0.366 0.328]
  eval: e=0.1977  p=[0.306 0.440 0.027 0.323 0.342]
  eval: e=0.2137  p=[0.318 0.328 0.049 0.385 0.336]
  eval: e=0.3157  p=[0.472 0.080 0.032 0.344 0.340]
  eval: e=0.0463  p=[0.400 0.274 0.014 0.394 0.341]
  eval: e=0.5419  p=[0.335 0.466 0.036 0.362 0.337]
  eval: e=0.3149  p=[0.439 0.439 0.024 0.225 0.279]
  eval: e=0.0757  p=[0.302 0.469 0.027 0.340 0.338]
  eval: e=0.0649  p=[0.313 0.441 0.028 0.366 0.328]
  eval: e=0.2788  p=[0.332 0.265 0.024 0.382 0.345]
  eval: e=9.9320  p=[0.312 0.513 0.037 0.423 0.368]
  eval: e=0.0556  p=[0.303 0.447 0.027 0.378 0.338]
  eval: e=119.0141  p=[0.309 0.517 0.028 0.514 0.340]
  eval: e=1.8713  p=[0.342 0.460 0.027 0.374 0.337]
  eval: e=0.2034  p=[0.363 0.420 0.028 0.356 0.341]
  eval: e=4.0821  p=[0.330 0.411 0.024 0.469 0.382]
  eval: e=0.2319  p=[0.466 0.522 0.028 0.109 0.351]
  eval: e=0.0866  p=[0.369 0.349 0.021 0.341 0.325]
  eval: e=35.7546  p=[0.653 0.464 0.037 0.295 0.275]
  eval: e=0.0433  p=[0.311 0.416 0.027 0.388 0.341]
  eval: e=3.5165  p=[0.313 0.443 0.000 0.416 0.340]
  eval: e=0.2484  p=[0.337 0.327 0.029 0.353 0.344]
  eval: e=0.0693  p=[0.307 0.483 0.028 0.336 0.319]
  eval: e=0.4063  p=[0.312 0.485 0.016 0.372 0.352]
  eval: e=0.3958  p=[0.312 0.444 0.027 0.396 0.341]
  eval: e=0.3068  p=[0.388 0.299 0.017 0.332 0.392]
  eval: e=2.0924  p=[0.319 0.458 0.028 0.411 0.352]
  eval: e=51.7775  p=[0.394 0.664 0.047 0.366 0.361]
  eval: e=0.0777  p=[0.307 0.473 0.027 0.340 0.347]
   71            3600         0.04167           5.008        0
  eval: e=28.9016  p=[0.295 0.531 0.028 0.429 0.341]
  eval: e=0.0829  p=[0.312 0.402 0.027 0.418 0.353]
  eval: e=0.1497  p=[0.319 0.360 0.027 0.386 0.347]
  eval: e=0.0542  p=[0.317 0.373 0.027 0.403 0.342]
  eval: e=0.2810  p=[0.293 0.464 0.034 0.400 0.343]
  eval: e=0.1203  p=[0.313 0.382 0.027 0.381 0.343]
  eval: e=1.3446  p=[0.464 0.371 0.027 0.307 0.316]
  eval: e=0.0466  p=[0.335 0.393 0.036 0.398 0.360]
  eval: e=0.0447  p=[0.287 0.381 0.024 0.429 0.334]
  eval: e=0.1368  p=[0.303 0.429 0.028 0.409 0.348]
  eval: e=0.1279  p=[0.284 0.419 0.027 0.430 0.344]
  eval: e=0.0417  p=[0.308 0.502 0.028 0.329 0.339]
  eval: e=0.3253  p=[0.309 0.319 0.027 0.326 0.338]
  eval: e=0.0426  p=[0.317 0.459 0.027 0.354 0.346]
  eval: e=14.4789  p=[0.317 0.368 0.030 0.515 0.348]
  eval: e=3.7635  p=[0.343 0.417 0.012 0.418 0.347]
  eval: e=0.0471  p=[0.309 0.324 0.027 0.480 0.372]
  eval: e=16.8109  p=[0.312 0.470 0.026 0.447 0.349]
  eval: e=0.1467  p=[0.313 0.425 0.027 0.361 0.362]
  eval: e=0.0566  p=[0.313 0.326 0.038 0.440 0.320]
  eval: e=0.2776  p=[0.304 0.322 0.026 0.378 0.350]
  eval: e=6.5692  p=[0.350 0.462 0.050 0.402 0.344]
  eval: e=5.8967  p=[0.311 0.435 0.027 0.448 0.347]
  eval: e=0.0528  p=[0.316 0.345 0.025 0.403 0.314]
  eval: e=0.2298  p=[0.496 0.141 0.029 0.338 0.345]
  eval: e=28.8004  p=[0.374 0.526 0.025 0.371 0.344]
  eval: e=0.0608  p=[0.324 0.408 0.020 0.387 0.342]
  eval: e=5.9898  p=[0.623 0.414 0.023 0.282 0.371]
  eval: e=0.1066  p=[0.304 0.464 0.027 0.377 0.343]
  eval: e=0.1223  p=[0.311 0.397 0.027 0.390 0.363]
  eval: e=0.7055  p=[0.328 0.430 0.024 0.419 0.369]
  eval: e=0.2960  p=[0.334 0.231 0.026 0.413 0.364]
  eval: e=0.0602  p=[0.314 0.383 0.027 0.398 0.344]
  eval: e=0.2538  p=[0.292 0.492 0.024 0.383 0.350]
  eval: e=0.0559  p=[0.336 0.393 0.027 0.398 0.356]
  eval: e=0.0438  p=[0.301 0.403 0.028 0.410 0.348]
  eval: e=0.2090  p=[0.340 0.245 0.027 0.458 0.381]
  eval: e=12.9987  p=[0.439 0.449 0.024 0.346 0.340]
  eval: e=0.0573  p=[0.363 0.360 0.024 0.355 0.331]
  eval: e=0.3900  p=[0.308 0.424 0.022 0.014 0.344]
  eval: e=0.0895  p=[0.314 0.454 0.027 0.342 0.347]
  eval: e=0.1383  p=[0.327 0.372 0.040 0.379 0.349]
  eval: e=0.1793  p=[0.374 0.276 0.028 0.377 0.342]
  eval: e=0.0480  p=[0.315 0.480 0.028 0.335 0.343]
  eval: e=0.0623  p=[0.308 0.493 0.048 0.357 0.346]
  eval: e=0.0669  p=[0.314 0.424 0.027 0.370 0.347]
  eval: e=8.2329  p=[0.567 0.330 0.020 0.328 0.326]
  eval: e=0.1557  p=[0.313 0.426 0.027 0.397 0.341]
  eval: e=0.2905  p=[0.348 0.336 0.061 0.393 0.411]
  eval: e=0.1180  p=[0.314 0.347 0.027 0.449 0.343]
   72            3650         0.04167           2.791        1
  eval: e=0.0906  p=[0.298 0.420 0.027 0.388 0.354]
  eval: e=0.0631  p=[0.314 0.436 0.027 0.365 0.350]
  eval: e=0.1690  p=[0.306 0.427 0.028 0.335 0.334]
  eval: e=0.0532  p=[0.312 0.414 0.026 0.395 0.343]
  eval: e=0.0458  p=[0.293 0.429 0.031 0.404 0.344]
  eval: e=0.2168  p=[0.308 0.473 0.029 0.380 0.350]
  eval: e=0.3294  p=[0.298 0.387 0.027 0.276 0.330]
  eval: e=0.3089  p=[0.286 0.393 0.025 0.312 0.337]
  eval: e=0.0668  p=[0.307 0.520 0.020 0.299 0.337]
  eval: e=0.1413  p=[0.310 0.479 0.029 0.316 0.348]
  eval: e=0.2185  p=[0.292 0.449 0.027 0.318 0.336]
  eval: e=0.0417  p=[0.308 0.502 0.028 0.329 0.339]
  eval: e=30.7149  p=[0.337 0.569 0.029 0.370 0.339]
  eval: e=0.0729  p=[0.304 0.461 0.027 0.342 0.337]
  eval: e=7.6048  p=[0.316 0.446 0.030 0.460 0.369]
  eval: e=0.2195  p=[0.333 0.314 0.012 0.365 0.336]
  eval: e=33.1606  p=[0.307 0.512 0.027 0.451 0.358]
  eval: e=2.3114  p=[0.409 0.320 0.026 0.421 0.342]
  eval: e=0.0522  p=[0.296 0.490 0.028 0.335 0.332]
  eval: e=11.0110  p=[0.310 0.566 0.025 0.358 0.332]
  eval: e=0.0570  p=[0.300 0.413 0.027 0.390 0.342]
  eval: e=0.1322  p=[0.360 0.384 0.044 0.330 0.336]
  eval: e=1.2793  p=[0.307 0.450 0.027 0.408 0.338]
  eval: e=0.1938  p=[0.356 0.268 0.056 0.402 0.339]
  eval: e=64.1011  p=[0.428 0.585 0.029 0.352 0.327]
  eval: e=0.3737  p=[0.312 0.090 0.013 0.376 0.343]
  eval: e=0.0426  p=[0.314 0.492 0.040 0.335 0.340]
  eval: e=0.3731  p=[0.197 0.366 0.009 0.229 0.278]
  eval: e=1.1668  p=[0.305 0.491 0.027 0.387 0.346]
  eval: e=0.0641  p=[0.301 0.429 0.027 0.390 0.333]
  eval: e=0.0970  p=[0.326 0.399 0.027 0.385 0.368]
  eval: e=0.1139  p=[0.336 0.329 0.035 0.424 0.370]
  eval: e=0.0549  p=[0.312 0.435 0.027 0.387 0.350]
  eval: e=0.2037  p=[0.187 0.217 0.027 0.592 0.340]
  eval: e=0.0780  p=[0.344 0.393 0.027 0.390 0.350]
  eval: e=1.3765  p=[0.297 0.539 0.028 0.360 0.341]
  eval: e=0.2708  p=[0.295 0.308 0.028 0.375 0.323]
  eval: e=12.1468  p=[0.511 0.412 0.028 0.307 0.318]
  eval: e=0.1570  p=[0.365 0.405 0.026 0.293 0.332]
  eval: e=92.0920  p=[0.591 0.431 0.009 0.433 0.266]
  eval: e=0.1525  p=[0.305 0.490 0.028 0.358 0.338]
  eval: e=0.1240  p=[0.316 0.411 0.027 0.353 0.339]
  eval: e=10.7505  p=[0.396 0.456 0.029 0.373 0.346]
  eval: e=0.1072  p=[0.312 0.406 0.027 0.399 0.332]
  eval: e=0.1255  p=[0.310 0.494 0.106 0.333 0.344]
  eval: e=2.4969  p=[0.314 0.486 0.028 0.385 0.335]
  eval: e=0.3310  p=[0.335 0.279 0.023 0.334 0.352]
  eval: e=0.0797  p=[0.319 0.460 0.027 0.327 0.337]
  eval: e=0.0664  p=[0.432 0.167 0.046 0.454 0.359]
  eval: e=0.4217  p=[0.314 0.598 0.027 0.294 0.347]
   73            3700         0.04167           5.518        0
  eval: e=2.1190  p=[0.287 0.510 0.029 0.399 0.345]
  eval: e=0.0933  p=[0.314 0.461 0.044 0.370 0.339]
  eval: e=0.0769  p=[0.319 0.460 0.026 0.359 0.340]
  eval: e=2.5760  p=[0.313 0.508 0.037 0.378 0.340]
  eval: e=0.0751  p=[0.299 0.447 0.037 0.368 0.345]
  eval: e=0.0608  p=[0.314 0.498 0.029 0.334 0.338]
  eval: e=9.1923  p=[0.483 0.375 0.027 0.332 0.308]
  eval: e=8.9855  p=[0.355 0.439 0.036 0.412 0.340]
  eval: e=0.0553  p=[0.286 0.322 0.020 0.476 0.336]
  eval: e=50.7348  p=[0.306 0.458 0.030 0.498 0.345]
  eval: e=1.1544  p=[0.275 0.406 0.028 0.471 0.341]
  eval: e=0.0417  p=[0.308 0.503 0.028 0.329 0.339]
  eval: e=0.3543  p=[0.323 0.122 0.028 0.408 0.343]
  eval: e=0.2161  p=[0.324 0.476 0.027 0.362 0.351]
  eval: e=0.2026  p=[0.313 0.373 0.027 0.366 0.348]
  eval: e=0.0828  p=[0.322 0.379 0.020 0.382 0.343]
  eval: e=0.1388  p=[0.313 0.385 0.027 0.389 0.360]
  eval: e=0.3542  p=[0.400 0.491 0.027 0.276 0.338]
  eval: e=0.0464  p=[0.308 0.416 0.026 0.410 0.362]
  eval: e=0.1499  p=[0.312 0.350 0.050 0.387 0.324]
  eval: e=0.1378  p=[0.335 0.523 0.026 0.259 0.345]
  eval: e=0.1288  p=[0.330 0.330 0.031 0.449 0.344]
  eval: e=0.1538  p=[0.319 0.428 0.027 0.388 0.339]
  eval: e=0.2212  p=[0.359 0.334 0.044 0.342 0.343]
  eval: e=0.3338  p=[0.451 0.097 0.028 0.338 0.348]
  eval: e=0.2758  p=[0.348 0.253 0.025 0.373 0.339]
  eval: e=0.0511  p=[0.308 0.500 0.036 0.326 0.340]
  eval: e=0.4302  p=[0.417 0.327 0.012 0.386 0.355]
  eval: e=0.0428  p=[0.306 0.474 0.027 0.355 0.348]
  eval: e=0.0490  p=[0.314 0.406 0.027 0.391 0.348]
  eval: e=0.2521  p=[0.335 0.127 0.027 0.506 0.361]
  eval: e=3.0697  p=[0.324 0.394 0.027 0.467 0.364]
  eval: e=0.0893  p=[0.312 0.440 0.027 0.347 0.340]
  eval: e=19.6994  p=[0.220 0.542 0.027 0.485 0.349]
  eval: e=0.1008  p=[0.303 0.413 0.027 0.374 0.342]
  eval: e=0.1711  p=[0.316 0.445 0.028 0.383 0.342]
  eval: e=0.2020  p=[0.364 0.316 0.025 0.430 0.423]
  eval: e=0.0598  p=[0.475 0.418 0.027 0.234 0.336]
  eval: e=0.0446  p=[0.323 0.421 0.020 0.372 0.348]
  eval: e=0.3642  p=[0.352 0.428 0.031 0.107 0.309]
  eval: e=0.0932  p=[0.315 0.364 0.027 0.398 0.343]
  eval: e=0.0660  p=[0.316 0.349 0.017 0.415 0.345]
  eval: e=0.0565  p=[0.398 0.294 0.029 0.375 0.337]
  eval: e=0.0428  p=[0.313 0.535 0.028 0.292 0.327]
  eval: e=0.1255  p=[0.384 0.335 0.069 0.360 0.345]
  eval: e=0.1254  p=[0.313 0.412 0.033 0.365 0.348]
  eval: e=0.1139  p=[0.378 0.382 0.027 0.343 0.368]
  eval: e=0.2129  p=[0.318 0.407 0.028 0.326 0.339]
  eval: e=0.1940  p=[0.358 0.398 0.047 0.399 0.362]
  eval: e=0.1978  p=[0.308 0.310 0.028 0.416 0.346]
   74            3750         0.04167           2.076        0
  eval: e=0.1934  p=[0.289 0.396 0.027 0.372 0.342]
  eval: e=0.0988  p=[0.313 0.439 0.023 0.362 0.360]
  eval: e=0.1281  p=[0.307 0.331 0.027 0.423 0.347]
  eval: e=0.0867  p=[0.313 0.429 0.029 0.356 0.340]
  eval: e=0.0559  p=[0.299 0.518 0.045 0.341 0.340]
  eval: e=0.1042  p=[0.302 0.425 0.029 0.378 0.355]
  eval: e=0.2720  p=[0.318 0.530 0.027 0.187 0.309]
  eval: e=0.1034  p=[0.350 0.388 0.034 0.377 0.374]
  eval: e=57.6051  p=[0.306 0.566 0.025 0.423 0.340]
  eval: e=13.7513  p=[0.307 0.437 0.026 0.471 0.349]
  eval: e=0.0480  p=[0.281 0.413 0.028 0.416 0.333]
  eval: e=0.0417  p=[0.308 0.503 0.028 0.329 0.339]
  eval: e=6.0613  p=[0.348 0.503 0.029 0.363 0.342]
  eval: e=0.0433  p=[0.317 0.469 0.027 0.349 0.345]
  eval: e=0.2269  p=[0.315 0.355 0.030 0.376 0.356]
  eval: e=7.1189  p=[0.348 0.420 0.008 0.423 0.347]
  eval: e=0.4091  p=[0.312 0.440 0.036 0.406 0.347]
  eval: e=0.0787  p=[0.373 0.408 0.027 0.315 0.341]
  eval: e=0.1151  p=[0.295 0.425 0.029 0.379 0.353]
  eval: e=3.0174  p=[0.316 0.415 0.029 0.447 0.348]
  eval: e=0.0476  p=[0.309 0.435 0.026 0.386 0.348]
  eval: e=0.1221  p=[0.320 0.484 0.054 0.316 0.347]
  eval: e=0.0731  p=[0.318 0.384 0.027 0.392 0.346]
  eval: e=0.6918  p=[0.325 0.323 0.027 0.467 0.333]
  eval: e=16.5062  p=[0.369 0.523 0.033 0.357 0.341]
  eval: e=0.1959  p=[0.401 0.300 0.034 0.330 0.342]
  eval: e=0.1142  p=[0.316 0.481 0.029 0.360 0.349]
  eval: e=9.5437  p=[0.379 0.452 0.019 0.335 0.285]
  eval: e=0.0437  p=[0.317 0.465 0.027 0.349 0.347]
  eval: e=0.0556  p=[0.304 0.417 0.028 0.388 0.346]
  eval: e=0.5092  p=[0.319 0.269 0.026 0.517 0.345]
  eval: e=0.3202  p=[0.339 0.247 0.042 0.384 0.365]
  eval: e=0.0430  p=[0.308 0.430 0.028 0.378 0.342]
  eval: e=0.2288  p=[0.281 0.225 0.025 0.486 0.344]
  eval: e=0.0584  p=[0.310 0.421 0.028 0.385 0.354]
  eval: e=0.1119  p=[0.308 0.362 0.027 0.404 0.345]
  eval: e=0.2968  p=[0.313 0.349 0.027 0.382 0.392]
  eval: e=0.1997  p=[0.398 0.427 0.027 0.247 0.347]
  eval: e=0.4763  p=[0.311 0.475 0.029 0.377 0.340]
  eval: e=46.2879  p=[0.568 0.431 0.006 0.358 0.302]
  eval: e=4.4357  p=[0.314 0.526 0.027 0.376 0.347]
  eval: e=0.1249  p=[0.322 0.331 0.014 0.402 0.343]
  eval: e=0.1774  p=[0.350 0.295 0.037 0.388 0.339]
  eval: e=0.1564  p=[0.314 0.500 0.031 0.283 0.335]
  eval: e=0.0981  p=[0.204 0.535 0.008 0.389 0.349]
  eval: e=0.0798  p=[0.311 0.401 0.031 0.404 0.334]
  eval: e=17.1393  p=[0.575 0.479 0.015 0.315 0.368]
  eval: e=17.7268  p=[0.320 0.389 0.026 0.494 0.340]
  eval: e=0.2705  p=[0.359 0.402 0.042 0.338 0.408]
  eval: e=19.9622  p=[0.311 0.585 0.027 0.367 0.341]
   75            3800         0.04167           4.513        0
  eval: e=9.1088  p=[0.319 0.503 0.045 0.415 0.355]
  eval: e=0.0890  p=[0.312 0.399 0.028 0.375 0.339]
  eval: e=0.2655  p=[0.310 0.404 0.027 0.316 0.343]
  eval: e=0.1723  p=[0.312 0.421 0.024 0.405 0.346]
  eval: e=0.2718  p=[0.271 0.429 0.032 0.336 0.342]
  eval: e=0.0961  p=[0.308 0.441 0.028 0.385 0.340]
  eval: e=0.0545  p=[0.570 0.290 0.041 0.227 0.318]
  eval: e=0.2455  p=[0.315 0.395 0.039 0.344 0.355]
  eval: e=2.0993  p=[0.293 0.466 0.024 0.415 0.336]
  eval: e=0.1435  p=[0.303 0.472 0.033 0.386 0.353]
  eval: e=6.7177  p=[0.317 0.483 0.027 0.406 0.341]
  eval: e=0.0417  p=[0.308 0.503 0.028 0.329 0.339]
  eval: e=0.2823  p=[0.326 0.288 0.030 0.372 0.342]
  eval: e=0.0430  p=[0.315 0.467 0.027 0.351 0.347]
  eval: e=0.4516  p=[0.315 0.327 0.030 0.507 0.376]
  eval: e=0.1881  p=[0.294 0.389 0.022 0.368 0.339]
  eval: e=8.0211  p=[0.307 0.466 0.017 0.451 0.370]
  eval: e=0.3130  p=[0.301 0.339 0.027 0.338 0.345]
  eval: e=0.0424  p=[0.299 0.443 0.027 0.380 0.343]
  eval: e=0.2452  p=[0.315 0.367 0.039 0.423 0.316]
  eval: e=1.3724  p=[0.390 0.439 0.025 0.346 0.346]
  eval: e=3.6016  p=[0.369 0.416 0.047 0.393 0.330]
  eval: e=0.0600  p=[0.308 0.423 0.027 0.393 0.341]
  eval: e=0.5339  p=[0.355 0.501 0.046 0.320 0.336]
  eval: e=0.3996  p=[0.512 0.259 0.037 0.341 0.331]
  eval: e=35.5181  p=[0.356 0.511 0.004 0.393 0.339]
  eval: e=0.0703  p=[0.314 0.493 0.051 0.314 0.330]
  eval: e=8.5826  p=[0.589 0.390 0.016 0.270 0.318]
  eval: e=0.3446  p=[0.300 0.450 0.028 0.408 0.350]
  eval: e=0.1349  p=[0.312 0.419 0.027 0.354 0.345]
  eval: e=0.0872  p=[0.317 0.417 0.030 0.400 0.382]
  eval: e=0.0462  p=[0.333 0.285 0.035 0.480 0.364]
  eval: e=0.0482  p=[0.311 0.433 0.027 0.386 0.348]
  eval: e=0.0526  p=[0.253 0.460 0.026 0.432 0.354]
  eval: e=0.0470  p=[0.333 0.401 0.027 0.385 0.347]
  eval: e=3.9126  p=[0.307 0.566 0.036 0.355 0.345]
  eval: e=0.2059  p=[0.332 0.305 0.024 0.423 0.379]
  eval: e=9.6966  p=[0.489 0.432 0.027 0.317 0.341]
  eval: e=0.1439  p=[0.303 0.352 0.004 0.394 0.340]
  eval: e=0.1121  p=[0.275 0.441 0.033 0.356 0.313]
  eval: e=0.7391  p=[0.314 0.519 0.032 0.349 0.339]
  eval: e=0.0588  p=[0.335 0.344 0.031 0.406 0.343]
  eval: e=4.9680  p=[0.396 0.386 0.022 0.403 0.347]
  eval: e=1.1817  p=[0.314 0.516 0.030 0.351 0.332]
  eval: e=0.0534  p=[0.327 0.432 0.058 0.381 0.346]
  eval: e=25.9951  p=[0.312 0.556 0.026 0.385 0.330]
  eval: e=0.2489  p=[0.283 0.447 0.020 0.333 0.357]
  eval: e=3.7596  p=[0.317 0.430 0.028 0.431 0.338]
  eval: e=13.0596  p=[0.417 0.180 0.039 0.581 0.343]
  eval: e=0.0487  p=[0.313 0.451 0.026 0.366 0.355]
   76            3850         0.04167            2.88        1
  eval: e=0.1157  p=[0.267 0.406 0.019 0.458 0.350]
  eval: e=0.0630  p=[0.298 0.452 0.028 0.387 0.345]
  eval: e=7.2409  p=[0.310 0.471 0.027 0.428 0.347]
  eval: e=0.0447  p=[0.307 0.440 0.030 0.381 0.344]
  eval: e=1.2732  p=[0.305 0.495 0.037 0.385 0.343]
  eval: e=0.0488  p=[0.303 0.458 0.028 0.368 0.350]
  eval: e=39.1755  p=[0.381 0.464 0.032 0.410 0.326]
  eval: e=0.0880  p=[0.310 0.480 0.031 0.324 0.341]
  eval: e=0.2171  p=[0.293 0.448 0.024 0.315 0.334]
  eval: e=0.2295  p=[0.309 0.515 0.032 0.333 0.326]
  eval: e=0.1763  p=[0.303 0.496 0.028 0.353 0.333]
  eval: e=0.0417  p=[0.308 0.503 0.028 0.329 0.339]
  eval: e=14.0813  p=[0.331 0.590 0.030 0.336 0.339]
  eval: e=0.0433  p=[0.312 0.468 0.027 0.352 0.347]
  eval: e=4.1179  p=[0.306 0.461 0.029 0.451 0.375]
  eval: e=0.0566  p=[0.356 0.373 0.004 0.354 0.340]
  eval: e=1.1728  p=[0.308 0.402 0.034 0.445 0.341]
  eval: e=7.0235  p=[0.395 0.485 0.027 0.339 0.342]
  eval: e=0.0429  p=[0.301 0.465 0.028 0.361 0.337]
  eval: e=0.1374  p=[0.306 0.430 0.030 0.331 0.321]
  eval: e=0.7095  p=[0.343 0.513 0.027 0.325 0.341]
  eval: e=0.1343  p=[0.333 0.255 0.035 0.452 0.347]
  eval: e=0.0556  p=[0.309 0.426 0.027 0.375 0.344]
  eval: e=0.3310  p=[0.312 0.275 0.028 0.329 0.322]
  eval: e=0.3207  p=[0.254 0.308 0.022 0.401 0.348]
  eval: e=0.2880  p=[0.361 0.197 0.035 0.396 0.341]
  eval: e=0.0423  p=[0.313 0.498 0.027 0.333 0.345]
  eval: e=5.6407  p=[0.612 0.334 0.012 0.292 0.331]
  eval: e=2.0858  p=[0.323 0.467 0.026 0.395 0.346]
  eval: e=1.4352  p=[0.311 0.483 0.028 0.384 0.339]
  eval: e=0.1232  p=[0.312 0.225 0.021 0.513 0.371]
  eval: e=1.9294  p=[0.292 0.382 0.028 0.489 0.354]
  eval: e=0.0552  p=[0.311 0.471 0.027 0.351 0.336]
  eval: e=0.6508  p=[0.257 0.454 0.027 0.449 0.342]
  eval: e=2.1358  p=[0.335 0.502 0.027 0.361 0.346]
  eval: e=0.3119  p=[0.305 0.328 0.026 0.340 0.342]
  eval: e=25.0437  p=[0.329 0.480 0.034 0.442 0.351]
  eval: e=4.2629  p=[0.457 0.475 0.027 0.282 0.340]
  eval: e=0.1560  p=[0.346 0.409 0.048 0.336 0.352]
  eval: e=0.0870  p=[0.448 0.431 0.002 0.171 0.285]
  eval: e=0.2175  p=[0.312 0.357 0.027 0.367 0.341]
  eval: e=0.3076  p=[0.324 0.450 0.016 0.373 0.341]
  eval: e=0.2284  p=[0.391 0.249 0.039 0.363 0.340]
  eval: e=0.1522  p=[0.296 0.472 0.027 0.316 0.332]
  eval: e=0.0519  p=[0.325 0.528 0.059 0.315 0.343]
  eval: e=0.2025  p=[0.311 0.378 0.028 0.358 0.341]
  eval: e=0.1630  p=[0.492 0.232 0.028 0.328 0.371]
  eval: e=0.1535  p=[0.315 0.462 0.026 0.316 0.346]
  eval: e=0.3091  p=[0.359 0.323 0.033 0.377 0.420]
  eval: e=0.1145  p=[0.306 0.475 0.028 0.375 0.351]
   77            3900         0.04167           2.462        2
  eval: e=0.5827  p=[0.292 0.438 0.029 0.422 0.339]
  eval: e=0.1442  p=[0.302 0.510 0.027 0.355 0.348]
  eval: e=0.1051  p=[0.308 0.443 0.028 0.382 0.335]
  eval: e=0.2226  p=[0.310 0.428 0.029 0.319 0.342]
  eval: e=0.1491  p=[0.300 0.452 0.044 0.345 0.345]
  eval: e=0.1735  p=[0.319 0.472 0.029 0.356 0.335]
  eval: e=0.3531  p=[0.294 0.406 0.039 0.227 0.324]
  eval: e=0.2429  p=[0.330 0.410 0.031 0.326 0.365]
  eval: e=0.5136  p=[0.297 0.396 0.020 0.439 0.335]
  eval: e=0.3020  p=[0.302 0.361 0.026 0.346 0.358]
  eval: e=0.4009  p=[0.275 0.487 0.028 0.399 0.337]
  eval: e=0.0417  p=[0.308 0.503 0.028 0.329 0.339]
  eval: e=0.0449  p=[0.340 0.405 0.028 0.363 0.340]
  eval: e=0.2975  p=[0.309 0.509 0.027 0.350 0.340]
  eval: e=2.2943  p=[0.320 0.448 0.028 0.425 0.361]
  eval: e=0.2369  p=[0.309 0.337 0.026 0.382 0.349]
  eval: e=0.1281  p=[0.308 0.401 0.021 0.374 0.350]
  eval: e=0.2102  p=[0.360 0.348 0.028 0.330 0.341]
  eval: e=0.0423  p=[0.307 0.469 0.027 0.354 0.343]
  eval: e=3.9601  p=[0.312 0.403 0.033 0.460 0.342]
  eval: e=0.0420  p=[0.305 0.510 0.027 0.333 0.345]
  eval: e=0.3484  p=[0.312 0.367 0.047 0.265 0.339]
  eval: e=0.2274  p=[0.311 0.502 0.027 0.352 0.343]
  eval: e=20.0229  p=[0.319 0.566 0.042 0.383 0.347]
  eval: e=0.7017  p=[0.480 0.348 0.032 0.314 0.333]
  eval: e=64.8998  p=[0.409 0.613 0.028 0.396 0.344]
  eval: e=0.0418  p=[0.310 0.502 0.025 0.332 0.345]
  eval: e=5.4424  p=[0.520 0.332 0.029 0.305 0.288]
  eval: e=0.0599  p=[0.324 0.466 0.026 0.333 0.347]
  eval: e=0.9296  p=[0.310 0.476 0.026 0.385 0.341]
  eval: e=0.3493  p=[0.316 0.264 0.028 0.348 0.362]
  eval: e=5.8279  p=[0.298 0.442 0.035 0.467 0.358]
  eval: e=0.1700  p=[0.310 0.442 0.027 0.390 0.342]
  eval: e=5.1734  p=[0.188 0.453 0.027 0.548 0.343]
  eval: e=0.1934  p=[0.322 0.428 0.026 0.323 0.348]
  eval: e=0.2996  p=[0.307 0.418 0.028 0.421 0.349]
  eval: e=1.7149  p=[0.330 0.352 0.014 0.485 0.373]
  eval: e=3.5972  p=[0.453 0.455 0.027 0.292 0.335]
  eval: e=1.8038  p=[0.319 0.434 0.012 0.413 0.344]
  eval: e=0.2092  p=[0.477 0.449 0.035 0.151 0.343]
  eval: e=0.0422  p=[0.311 0.457 0.027 0.358 0.341]
  eval: e=0.1381  p=[0.324 0.376 0.021 0.366 0.342]
  eval: e=0.2003  p=[0.404 0.213 0.030 0.386 0.343]
  eval: e=4.6396  p=[0.331 0.578 0.027 0.326 0.347]
  eval: e=0.1534  p=[0.302 0.432 0.052 0.353 0.339]
  eval: e=6.1474  p=[0.310 0.559 0.028 0.358 0.340]
  eval: e=0.3508  p=[0.309 0.303 0.014 0.328 0.369]
  eval: e=0.0513  p=[0.321 0.428 0.029 0.371 0.337]
  eval: e=147.3673  p=[0.360 0.416 0.066 0.597 0.316]
  eval: e=0.0542  p=[0.309 0.441 0.026 0.369 0.348]
   78            3950         0.04167           5.633        3
  eval: e=0.2137  p=[0.301 0.439 0.028 0.327 0.346]
  eval: e=0.1707  p=[0.312 0.384 0.028 0.367 0.344]
  eval: e=0.0823  p=[0.313 0.470 0.027 0.331 0.344]
  eval: e=1.6350  p=[0.311 0.516 0.028 0.366 0.341]
  eval: e=0.1058  p=[0.274 0.494 0.038 0.385 0.338]
  eval: e=0.0465  p=[0.306 0.487 0.029 0.343 0.336]
  eval: e=0.7981  p=[0.512 0.433 0.038 0.233 0.334]
  eval: e=0.5580  p=[0.317 0.442 0.035 0.406 0.350]
  eval: e=0.5061  p=[0.290 0.443 0.025 0.415 0.336]
  eval: e=44.9836  p=[0.307 0.527 0.029 0.443 0.346]
  eval: e=0.0427  p=[0.315 0.442 0.028 0.361 0.336]
  eval: e=0.0417  p=[0.308 0.503 0.028 0.329 0.339]
  eval: e=3.0988  p=[0.347 0.478 0.029 0.367 0.340]
  eval: e=0.0671  p=[0.307 0.467 0.027 0.344 0.344]
  eval: e=1.4458  p=[0.308 0.363 0.030 0.485 0.354]
  eval: e=50.2532  p=[0.353 0.564 0.004 0.369 0.332]
  eval: e=60.8694  p=[0.308 0.494 0.025 0.481 0.348]
  eval: e=0.2862  p=[0.300 0.374 0.027 0.333 0.341]
  eval: e=0.0444  p=[0.308 0.494 0.028 0.339 0.341]
  eval: e=9.1187  p=[0.314 0.498 0.040 0.395 0.324]
  eval: e=0.0417  p=[0.305 0.502 0.027 0.333 0.342]
  eval: e=9.4173  p=[0.372 0.447 0.021 0.387 0.339]
  eval: e=1.4176  p=[0.307 0.489 0.027 0.383 0.338]
  eval: e=5.2498  p=[0.374 0.485 0.037 0.349 0.336]
  eval: e=2.0368  p=[0.428 0.417 0.030 0.332 0.339]
  eval: e=0.3587  p=[0.368 0.063 0.012 0.383 0.339]
  eval: e=0.0419  p=[0.306 0.503 0.028 0.332 0.343]
  eval: e=13.8301  p=[0.395 0.513 0.000 0.325 0.337]
  eval: e=0.3597  p=[0.315 0.521 0.028 0.339 0.342]
  eval: e=2.3514  p=[0.312 0.494 0.028 0.385 0.342]
  eval: e=0.3005  p=[0.325 0.340 0.025 0.319 0.340]
  eval: e=16.5893  p=[0.311 0.505 0.033 0.428 0.351]
  eval: e=0.2468  p=[0.309 0.410 0.027 0.320 0.340]
  eval: e=0.2727  p=[0.186 0.440 0.026 0.517 0.339]
  eval: e=0.0483  p=[0.308 0.478 0.028 0.344 0.345]
  eval: e=0.0431  p=[0.308 0.454 0.028 0.358 0.336]
  eval: e=97.5075  p=[0.318 0.475 0.019 0.516 0.344]
  eval: e=0.2720  p=[0.403 0.452 0.027 0.296 0.336]
  eval: e=0.2030  p=[0.311 0.443 0.030 0.314 0.341]
  eval: e=0.2433  p=[0.486 0.438 0.009 0.172 0.275]
  eval: e=0.1191  p=[0.309 0.481 0.028 0.314 0.340]
  eval: e=0.9450  p=[0.324 0.497 0.007 0.352 0.341]
  eval: e=41.3299  p=[0.312 0.633 0.030 0.361 0.339]
  eval: e=0.2694  p=[0.301 0.436 0.028 0.290 0.331]
  eval: e=0.3130  p=[0.307 0.542 0.020 0.330 0.345]
  eval: e=0.0478  p=[0.311 0.457 0.027 0.352 0.341]
  eval: e=0.1750  p=[0.378 0.345 0.019 0.334 0.354]
  eval: e=0.0578  p=[0.319 0.417 0.026 0.365 0.338]
  eval: e=0.3129  p=[0.355 0.372 0.069 0.275 0.341]
  eval: e=0.1567  p=[0.308 0.438 0.028 0.331 0.337]
   79            4000         0.04167           7.379        4
  eval: e=2.3989  p=[0.289 0.402 0.029 0.478 0.348]
  eval: e=0.6383  p=[0.308 0.511 0.028 0.359 0.342]
  eval: e=1.4042  p=[0.313 0.469 0.027 0.394 0.342]
  eval: e=0.0833  p=[0.310 0.386 0.028 0.389 0.340]
  eval: e=0.2313  p=[0.298 0.465 0.045 0.308 0.343]
  eval: e=0.0425  p=[0.314 0.477 0.028 0.347 0.348]
  eval: e=0.0468  p=[0.440 0.404 0.036 0.259 0.326]
  eval: e=0.1581  p=[0.303 0.469 0.035 0.325 0.345]
  eval: e=0.2375  p=[0.297 0.419 0.019 0.328 0.341]
  eval: e=7.9986  p=[0.302 0.489 0.030 0.426 0.348]
  eval: e=0.0595  p=[0.318 0.454 0.028 0.339 0.337]
  eval: e=0.0417  p=[0.308 0.503 0.028 0.329 0.339]
  eval: e=0.3123  p=[0.312 0.336 0.030 0.328 0.340]
  eval: e=0.0616  p=[0.310 0.469 0.027 0.342 0.345]
  eval: e=0.7391  p=[0.311 0.464 0.030 0.410 0.364]
  eval: e=17.8787  p=[0.344 0.558 0.021 0.352 0.341]
  eval: e=0.1890  p=[0.308 0.270 0.029 0.465 0.366]
  eval: e=0.0802  p=[0.373 0.379 0.028 0.335 0.341]
  eval: e=0.0903  p=[0.307 0.491 0.026 0.351 0.341]
  eval: e=10.6830  p=[0.314 0.500 0.033 0.402 0.332]
  eval: e=0.0423  p=[0.309 0.502 0.028 0.330 0.339]
  eval: e=0.0460  p=[0.308 0.338 0.061 0.456 0.340]
  eval: e=0.1169  p=[0.310 0.411 0.027 0.362 0.340]
  eval: e=0.1557  p=[0.294 0.426 0.041 0.348 0.325]
  eval: e=0.1706  p=[0.418 0.238 0.030 0.357 0.335]
  eval: e=65.9125  p=[0.310 0.664 0.024 0.370 0.340]
  eval: e=0.0418  p=[0.309 0.501 0.028 0.330 0.340]
  eval: e=0.3822  p=[0.261 0.492 0.034 0.103 0.339]
  eval: e=0.1579  p=[0.312 0.499 0.028 0.353 0.347]
  eval: e=0.0448  p=[0.309 0.462 0.028 0.352 0.341]
  eval: e=4.9601  p=[0.317 0.378 0.027 0.504 0.375]
  eval: e=22.2224  p=[0.318 0.442 0.026 0.465 0.342]
  eval: e=0.0704  p=[0.310 0.463 0.027 0.339 0.339]
  eval: e=38.4890  p=[0.342 0.437 0.026 0.476 0.349]
  eval: e=1.2367  p=[0.358 0.451 0.027 0.365 0.344]
  eval: e=0.1258  p=[0.308 0.484 0.028 0.310 0.338]
  eval: e=0.3658  p=[0.320 0.278 0.028 0.298 0.363]
  eval: e=0.2880  p=[0.373 0.439 0.027 0.336 0.339]
  eval: e=0.0870  p=[0.312 0.479 0.026 0.328 0.347]
  eval: e=0.3644  p=[0.312 0.392 0.006 0.132 0.281]
  eval: e=0.5533  p=[0.310 0.471 0.027 0.381 0.339]
  eval: e=0.2988  p=[0.316 0.297 0.014 0.358 0.343]
  eval: e=22.2232  p=[0.305 0.637 0.028 0.342 0.339]
  eval: e=0.1780  p=[0.313 0.436 0.028 0.315 0.330]
  eval: e=0.1243  p=[0.309 0.452 0.048 0.340 0.340]
  eval: e=0.1216  p=[0.310 0.413 0.027 0.361 0.342]
  eval: e=39.4064  p=[0.481 0.544 0.031 0.329 0.341]
  eval: e=0.7624  p=[0.317 0.535 0.027 0.334 0.338]
  eval: e=2.0201  p=[0.363 0.178 0.049 0.578 0.352]
  eval: e=0.0687  p=[0.309 0.434 0.027 0.358 0.337]
   80            4050         0.04167           4.888        5
  eval: e=0.3068  p=[0.303 0.426 0.028 0.285 0.347]
  eval: e=1.7027  p=[0.310 0.513 0.027 0.375 0.349]
  eval: e=0.2528  p=[0.308 0.403 0.027 0.322 0.340]
  eval: e=0.1295  p=[0.312 0.450 0.027 0.329 0.340]
  eval: e=17.5838  p=[0.282 0.505 0.031 0.447 0.343]
  eval: e=0.0592  p=[0.314 0.506 0.027 0.331 0.342]
  eval: e=0.1715  p=[0.365 0.403 0.031 0.296 0.336]
  eval: e=0.0632  p=[0.334 0.458 0.031 0.342 0.361]
  eval: e=0.2131  p=[0.301 0.410 0.022 0.337 0.337]
  eval: e=0.2619  p=[0.303 0.336 0.032 0.374 0.344]
  eval: e=0.0433  p=[0.310 0.506 0.028 0.328 0.340]
  eval: e=0.0417  p=[0.308 0.503 0.028 0.329 0.339]
  eval: e=0.0485  p=[0.358 0.415 0.029 0.348 0.342]
  eval: e=0.0492  p=[0.313 0.502 0.027 0.334 0.344]
  eval: e=1.5803  p=[0.323 0.474 0.029 0.406 0.370]
  eval: e=0.1486  p=[0.347 0.276 0.007 0.404 0.341]
  eval: e=6.6863  p=[0.308 0.507 0.026 0.418 0.366]
  eval: e=2.6796  p=[0.404 0.453 0.028 0.332 0.341]
  eval: e=0.0621  p=[0.308 0.479 0.027 0.335 0.342]
  eval: e=0.3454  p=[0.308 0.269 0.040 0.327 0.329]
  eval: e=0.0438  p=[0.305 0.503 0.028 0.329 0.341]
  eval: e=2.0277  p=[0.301 0.444 0.036 0.429 0.340]
  eval: e=0.0433  p=[0.308 0.442 0.028 0.374 0.342]
  eval: e=0.1509  p=[0.379 0.417 0.033 0.336 0.335]
  eval: e=0.2376  p=[0.494 0.123 0.028 0.338 0.334]
  eval: e=0.1894  p=[0.432 0.222 0.027 0.352 0.340]
  eval: e=0.0418  p=[0.309 0.500 0.028 0.329 0.339]
  eval: e=0.3456  p=[0.396 0.262 0.009 0.246 0.339]
  eval: e=0.0562  p=[0.305 0.478 0.027 0.343 0.344]
  eval: e=0.0433  p=[0.311 0.430 0.028 0.377 0.339]
  eval: e=0.1040  p=[0.360 0.443 0.023 0.347 0.356]
  eval: e=0.3508  p=[0.328 0.322 0.031 0.293 0.360]
  eval: e=0.1120  p=[0.307 0.408 0.027 0.370 0.342]
  eval: e=0.3304  p=[0.179 0.405 0.028 0.399 0.346]
  eval: e=0.1028  p=[0.345 0.450 0.027 0.346 0.342]
  eval: e=0.1228  p=[0.308 0.476 0.028 0.362 0.337]
  eval: e=0.1974  p=[0.334 0.375 0.025 0.358 0.362]
  eval: e=0.1180  p=[0.372 0.475 0.027 0.255 0.338]
  eval: e=0.2778  p=[0.311 0.444 0.018 0.392 0.345]
  eval: e=0.7786  p=[0.629 0.484 0.035 0.106 0.321]
  eval: e=0.0489  p=[0.310 0.491 0.028 0.342 0.341]
  eval: e=24.8974  p=[0.319 0.540 0.010 0.391 0.341]
  eval: e=0.0800  p=[0.512 0.215 0.029 0.353 0.341]
  eval: e=0.4290  p=[0.311 0.532 0.028 0.324 0.327]
  eval: e=0.0487  p=[0.311 0.492 0.090 0.365 0.347]
  eval: e=0.1074  p=[0.313 0.450 0.028 0.377 0.341]
  eval: e=0.2036  p=[0.499 0.204 0.022 0.331 0.377]
  eval: e=0.1643  p=[0.309 0.414 0.027 0.344 0.336]
  eval: e=70.1705  p=[0.390 0.326 0.048 0.597 0.362]
  eval: e=0.8073  p=[0.313 0.498 0.027 0.367 0.343]
   81            4100         0.04167           2.701        6
  eval: e=0.2786  p=[0.299 0.458 0.028 0.286 0.346]
  eval: e=0.1055  p=[0.310 0.422 0.027 0.365 0.349]
  eval: e=0.2288  p=[0.311 0.406 0.027 0.330 0.342]
  eval: e=0.2095  p=[0.309 0.413 0.027 0.336 0.343]
  eval: e=0.0483  p=[0.305 0.463 0.055 0.373 0.339]
  eval: e=0.0427  p=[0.305 0.500 0.028 0.342 0.349]
  eval: e=0.1613  p=[0.352 0.407 0.030 0.305 0.332]
  eval: e=0.0641  p=[0.318 0.472 0.035 0.347 0.334]
  eval: e=11.3581  p=[0.288 0.482 0.023 0.441 0.338]
  eval: e=1.0823  p=[0.307 0.411 0.030 0.438 0.342]
  eval: e=0.1892  p=[0.313 0.459 0.028 0.374 0.339]
  eval: e=0.0417  p=[0.308 0.503 0.028 0.329 0.339]
  eval: e=0.0864  p=[0.328 0.434 0.030 0.369 0.340]
  eval: e=0.0936  p=[0.313 0.461 0.027 0.331 0.340]
  eval: e=18.3352  p=[0.316 0.484 0.029 0.437 0.349]
  eval: e=0.1123  p=[0.341 0.430 0.027 0.364 0.342]
  eval: e=0.2177  p=[0.308 0.367 0.028 0.373 0.350]
  eval: e=0.0973  p=[0.358 0.444 0.028 0.337 0.342]
  eval: e=0.0442  p=[0.308 0.486 0.027 0.339 0.342]
  eval: e=18.2775  p=[0.309 0.561 0.032 0.377 0.332]
  eval: e=0.0466  p=[0.307 0.503 0.028 0.335 0.340]
  eval: e=0.0452  p=[0.307 0.467 0.066 0.365 0.339]
  eval: e=0.0575  p=[0.309 0.473 0.027 0.339 0.341]
  eval: e=0.2258  p=[0.354 0.376 0.041 0.393 0.331]
  eval: e=15.1141  p=[0.565 0.681 0.030 0.350 0.339]
  eval: e=0.2581  p=[0.407 0.326 0.014 0.379 0.340]
  eval: e=0.0417  p=[0.308 0.501 0.028 0.330 0.339]
  eval: e=35.7073  p=[0.571 0.539 0.027 0.271 0.298]
  eval: e=0.0737  p=[0.306 0.484 0.027 0.332 0.344]
  eval: e=0.1664  p=[0.309 0.406 0.027 0.352 0.339]
  eval: e=0.1438  p=[0.340 0.291 0.025 0.426 0.360]
  eval: e=59.0489  p=[0.330 0.464 0.035 0.497 0.358]
  eval: e=0.2091  p=[0.311 0.415 0.027 0.331 0.342]
  eval: e=112.0939  p=[0.318 0.443 0.024 0.565 0.350]
  eval: e=0.1096  p=[0.301 0.495 0.027 0.363 0.348]
  eval: e=0.1205  p=[0.308 0.461 0.028 0.329 0.340]
  eval: e=0.2759  p=[0.309 0.251 0.027 0.433 0.358]
  eval: e=33.1400  p=[0.469 0.504 0.027 0.335 0.337]
  eval: e=0.1125  p=[0.316 0.486 0.029 0.307 0.341]
  eval: e=53.8324  p=[0.654 0.481 0.000 0.343 0.273]
  eval: e=0.0661  p=[0.308 0.480 0.026 0.330 0.340]
  eval: e=33.0018  p=[0.329 0.542 0.009 0.396 0.345]
  eval: e=5.3771  p=[0.256 0.600 0.031 0.382 0.342]
  eval: e=0.7783  p=[0.312 0.542 0.028 0.325 0.329]
  eval: e=0.1328  p=[0.309 0.507 0.041 0.348 0.341]
  eval: e=0.3253  p=[0.310 0.483 0.028 0.368 0.341]
  eval: e=21.3967  p=[0.424 0.529 0.025 0.332 0.354]
  eval: e=0.0464  p=[0.318 0.399 0.027 0.395 0.340]
  eval: e=0.3687  p=[0.322 0.204 0.036 0.406 0.420]
  eval: e=0.0445  p=[0.311 0.454 0.027 0.362 0.346]
   82            4150         0.04167           8.469        7
  eval: e=0.1426  p=[0.292 0.392 0.029 0.389 0.343]
  eval: e=0.0512  p=[0.311 0.460 0.027 0.360 0.338]
  eval: e=6.7059  p=[0.310 0.551 0.028 0.365 0.340]
  eval: e=0.1980  p=[0.310 0.492 0.027 0.355 0.340]
  eval: e=0.1316  p=[0.265 0.489 0.043 0.355 0.342]
  eval: e=0.0420  p=[0.315 0.488 0.028 0.330 0.338]
  eval: e=3.1946  p=[0.362 0.520 0.028 0.322 0.335]
  eval: e=0.0704  p=[0.315 0.419 0.027 0.374 0.350]
  eval: e=0.3123  p=[0.294 0.412 0.019 0.283 0.334]
  eval: e=0.3228  p=[0.305 0.367 0.030 0.309 0.347]
  eval: e=0.0436  p=[0.309 0.466 0.028 0.354 0.338]
  eval: e=0.0417  p=[0.308 0.503 0.028 0.329 0.339]
  eval: e=0.0451  p=[0.306 0.461 0.030 0.356 0.339]
  eval: e=0.0503  p=[0.308 0.465 0.027 0.347 0.339]
  eval: e=0.3169  p=[0.317 0.381 0.029 0.302 0.356]
  eval: e=0.2413  p=[0.331 0.332 0.000 0.345 0.341]
  eval: e=0.1983  p=[0.309 0.404 0.027 0.353 0.350]
  eval: e=0.1345  p=[0.337 0.393 0.027 0.344 0.341]
  eval: e=0.1346  p=[0.307 0.492 0.027 0.354 0.339]
  eval: e=0.2237  p=[0.312 0.365 0.025 0.342 0.324]
  eval: e=0.0443  p=[0.306 0.502 0.028 0.328 0.341]
  eval: e=0.0879  p=[0.308 0.486 0.039 0.356 0.339]
  eval: e=0.0715  p=[0.309 0.483 0.027 0.352 0.340]
  eval: e=25.3092  p=[0.352 0.468 0.025 0.406 0.322]
  eval: e=0.3213  p=[0.518 0.011 0.027 0.335 0.336]
  eval: e=0.0472  p=[0.383 0.412 0.029 0.323 0.339]
  eval: e=0.0417  p=[0.308 0.502 0.028 0.329 0.339]
  eval: e=2.4427  p=[0.549 0.420 0.002 0.204 0.305]
  eval: e=0.0493  p=[0.308 0.491 0.027 0.343 0.340]
  eval: e=0.0423  p=[0.309 0.475 0.027 0.347 0.340]
  eval: e=0.2181  p=[0.336 0.288 0.026 0.510 0.383]
  eval: e=3.4983  p=[0.317 0.326 0.032 0.508 0.341]
  eval: e=0.0432  p=[0.309 0.442 0.027 0.368 0.342]
  eval: e=0.0657  p=[0.237 0.297 0.029 0.529 0.339]
  eval: e=0.1667  p=[0.327 0.363 0.028 0.372 0.348]
  eval: e=0.0573  p=[0.308 0.482 0.028 0.332 0.339]
  eval: e=107.4420  p=[0.334 0.520 0.025 0.502 0.349]
  eval: e=0.3744  p=[0.472 0.504 0.028 0.205 0.339]
  eval: e=0.1292  p=[0.317 0.439 0.015 0.336 0.349]
  eval: e=0.3824  p=[0.239 0.429 0.027 0.087 0.274]
  eval: e=0.0638  p=[0.309 0.480 0.027 0.330 0.340]
  eval: e=0.3027  p=[0.327 0.317 0.013 0.327 0.340]
  eval: e=5.2630  p=[0.553 0.310 0.029 0.350 0.345]
  eval: e=0.1402  p=[0.306 0.491 0.028 0.296 0.331]
  eval: e=0.2053  p=[0.308 0.508 0.044 0.355 0.343]
  eval: e=0.0995  p=[0.310 0.438 0.027 0.348 0.340]
  eval: e=0.1208  p=[0.441 0.367 0.022 0.329 0.360]
  eval: e=0.2244  p=[0.318 0.407 0.027 0.317 0.335]
  eval: e=86.9564  p=[0.365 0.553 0.052 0.550 0.373]
  eval: e=0.0576  p=[0.309 0.457 0.027 0.346 0.337]
   83            4200         0.04167           4.937        8
  eval: e=0.0886  p=[0.301 0.508 0.028 0.350 0.345]
  eval: e=0.4515  p=[0.310 0.514 0.028 0.348 0.338]
  eval: e=0.2947  p=[0.308 0.303 0.027 0.368 0.341]
  eval: e=0.0748  p=[0.309 0.433 0.028 0.361 0.340]
  eval: e=0.6212  p=[0.318 0.499 0.039 0.362 0.343]
  eval: e=0.0610  p=[0.315 0.507 0.028 0.328 0.339]
  eval: e=0.1976  p=[0.389 0.462 0.030 0.296 0.332]
  eval: e=0.1528  p=[0.312 0.419 0.031 0.356 0.352]
  eval: e=4.1447  p=[0.287 0.472 0.019 0.429 0.339]
  eval: e=0.2179  p=[0.307 0.483 0.031 0.372 0.346]
  eval: e=0.0689  p=[0.312 0.501 0.028 0.333 0.336]
  eval: e=0.0417  p=[0.308 0.503 0.028 0.329 0.339]
  eval: e=0.0628  p=[0.354 0.421 0.028 0.329 0.341]
  eval: e=0.0457  p=[0.307 0.508 0.027 0.327 0.346]
  eval: e=22.6829  p=[0.309 0.359 0.029 0.549 0.356]
  eval: e=3.1439  p=[0.354 0.483 0.005 0.352 0.343]
  eval: e=0.6564  p=[0.308 0.366 0.028 0.468 0.350]
  eval: e=0.0800  p=[0.355 0.383 0.027 0.351 0.342]
  eval: e=0.0748  p=[0.308 0.484 0.027 0.326 0.340]
  eval: e=0.1740  p=[0.310 0.416 0.040 0.339 0.332]
  eval: e=0.0417  p=[0.307 0.503 0.028 0.331 0.341]
  eval: e=0.0442  p=[0.305 0.493 0.073 0.354 0.339]
  eval: e=0.0772  p=[0.311 0.436 0.027 0.356 0.342]
  eval: e=0.0561  p=[0.303 0.449 0.064 0.369 0.334]
  eval: e=40.4255  p=[0.483 0.508 0.032 0.344 0.334]
  eval: e=0.2515  p=[0.377 0.268 0.027 0.348 0.339]
  eval: e=0.0417  p=[0.308 0.503 0.028 0.329 0.339]
  eval: e=9.8095  p=[0.589 0.279 0.007 0.343 0.305]
  eval: e=0.0465  p=[0.307 0.490 0.027 0.344 0.342]
  eval: e=0.0492  p=[0.308 0.505 0.028 0.320 0.339]
  eval: e=1.1797  p=[0.330 0.455 0.023 0.379 0.336]
  eval: e=0.3729  p=[0.323 0.341 0.028 0.234 0.370]
  eval: e=0.0429  p=[0.308 0.483 0.028 0.340 0.340]
  eval: e=0.2500  p=[0.226 0.578 0.023 0.297 0.352]
  eval: e=0.0653  p=[0.344 0.441 0.027 0.348 0.342]
  eval: e=0.0467  p=[0.308 0.488 0.028 0.333 0.339]
  eval: e=0.1794  p=[0.302 0.503 0.025 0.324 0.379]
  eval: e=0.2302  p=[0.278 0.451 0.027 0.328 0.339]
  eval: e=0.0730  p=[0.314 0.499 0.027 0.343 0.348]
  eval: e=23.8320  p=[0.762 0.417 0.021 0.343 0.324]
  eval: e=0.0482  p=[0.310 0.488 0.028 0.331 0.340]
  eval: e=1.3153  p=[0.313 0.548 0.016 0.335 0.341]
  eval: e=0.2672  p=[0.395 0.191 0.029 0.381 0.344]
  eval: e=1.4474  p=[0.311 0.550 0.028 0.333 0.333]
  eval: e=0.0441  p=[0.310 0.502 0.043 0.336 0.346]
  eval: e=0.0464  p=[0.310 0.410 0.027 0.395 0.340]
  eval: e=1.0683  p=[0.375 0.472 0.023 0.329 0.343]
  eval: e=0.0666  p=[0.309 0.518 0.027 0.325 0.338]
  eval: e=0.3881  p=[0.395 0.130 0.051 0.274 0.424]
  eval: e=4.9249  p=[0.312 0.498 0.027 0.392 0.339]
   84            4250         0.04167           2.401        9
  eval: e=0.0448  p=[0.304 0.487 0.028 0.344 0.345]
  eval: e=0.0521  p=[0.310 0.468 0.028 0.342 0.338]
  eval: e=0.0891  p=[0.310 0.401 0.027 0.378 0.342]
  eval: e=0.2945  p=[0.311 0.490 0.027 0.362 0.342]
  eval: e=0.0664  p=[0.280 0.452 0.060 0.389 0.339]
  eval: e=0.0587  p=[0.314 0.503 0.028 0.330 0.339]
  eval: e=0.0702  p=[0.397 0.459 0.036 0.275 0.325]
  eval: e=0.0471  p=[0.333 0.460 0.031 0.345 0.356]
  eval: e=0.0989  p=[0.307 0.376 0.026 0.388 0.332]
  eval: e=0.0499  p=[0.303 0.351 0.028 0.445 0.354]
  eval: e=0.0459  p=[0.315 0.432 0.028 0.365 0.338]
  eval: e=0.0417  p=[0.308 0.503 0.028 0.329 0.339]
  eval: e=10.3767  p=[0.329 0.504 0.028 0.392 0.343]
  eval: e=0.0425  p=[0.316 0.454 0.028 0.357 0.344]
  eval: e=0.1588  p=[0.321 0.519 0.030 0.262 0.336]
  eval: e=0.0682  p=[0.321 0.337 0.000 0.407 0.339]
  eval: e=0.2175  p=[0.309 0.424 0.027 0.335 0.353]
  eval: e=0.2270  p=[0.346 0.439 0.028 0.360 0.340]
  eval: e=0.0468  p=[0.308 0.467 0.027 0.361 0.344]
  eval: e=21.0628  p=[0.310 0.488 0.037 0.433 0.333]
  eval: e=0.0417  p=[0.308 0.503 0.028 0.329 0.339]
  eval: e=0.0442  p=[0.306 0.506 0.052 0.339 0.339]
  eval: e=0.1038  p=[0.309 0.492 0.027 0.352 0.342]
  eval: e=0.2936  p=[0.323 0.306 0.043 0.330 0.312]
  eval: e=0.1117  p=[0.326 0.413 0.032 0.344 0.336]
  eval: e=0.2301  p=[0.319 0.369 0.016 0.342 0.340]
  eval: e=0.0417  p=[0.308 0.503 0.028 0.329 0.339]
  eval: e=36.6358  p=[0.602 0.455 0.025 0.308 0.289]
  eval: e=0.0723  p=[0.307 0.487 0.028 0.333 0.349]
  eval: e=0.0633  p=[0.308 0.477 0.028 0.355 0.339]
  eval: e=111.1933  p=[0.352 0.514 0.026 0.521 0.350]
  eval: e=0.3087  p=[0.311 0.460 0.037 0.239 0.330]
  eval: e=0.4070  p=[0.312 0.427 0.027 0.407 0.340]
  eval: e=6.8630  p=[0.214 0.546 0.029 0.467 0.348]
  eval: e=0.0957  p=[0.306 0.467 0.028 0.340 0.347]
  eval: e=0.0489  p=[0.308 0.463 0.028 0.347 0.336]
  eval: e=0.3676  p=[0.315 0.284 0.025 0.315 0.383]
  eval: e=1.0805  p=[0.481 0.430 0.028 0.265 0.338]
  eval: e=0.0562  p=[0.317 0.443 0.020 0.352 0.344]
  eval: e=0.3491  p=[0.476 0.435 0.028 0.037 0.328]
  eval: e=0.0431  p=[0.311 0.460 0.027 0.358 0.341]
  eval: e=0.2608  p=[0.314 0.296 0.021 0.388 0.343]
  eval: e=0.1015  p=[0.294 0.546 0.030 0.332 0.344]
  eval: e=0.1140  p=[0.309 0.540 0.028 0.272 0.337]
  eval: e=0.0434  p=[0.309 0.502 0.025 0.324 0.340]
  eval: e=0.1206  p=[0.309 0.478 0.028 0.315 0.340]
  eval: e=0.3407  p=[0.314 0.290 0.027 0.330 0.347]
  eval: e=0.1002  p=[0.319 0.405 0.027 0.398 0.337]
  eval: e=0.3213  p=[0.349 0.336 0.025 0.350 0.407]
  eval: e=0.0797  p=[0.311 0.443 0.027 0.350 0.341]
   85            4300         0.04167           3.862       10
  eval: e=0.2523  p=[0.277 0.374 0.028 0.379 0.345]
  eval: e=0.0504  p=[0.310 0.478 0.027 0.349 0.339]
  eval: e=5.9272  p=[0.311 0.518 0.028 0.386 0.342]
  eval: e=1.0349  p=[0.310 0.480 0.028 0.383 0.340]
  eval: e=3.0426  p=[0.299 0.530 0.058 0.386 0.340]
  eval: e=0.0513  p=[0.306 0.492 0.028 0.329 0.339]
  eval: e=0.5070  p=[0.417 0.482 0.026 0.278 0.346]
  eval: e=3.2593  p=[0.313 0.473 0.032 0.399 0.333]
  eval: e=0.2794  p=[0.284 0.553 0.020 0.338 0.337]
  eval: e=1.2631  p=[0.303 0.472 0.029 0.397 0.338]
  eval: e=0.1482  p=[0.305 0.458 0.028 0.322 0.336]
  eval: e=0.0417  p=[0.308 0.503 0.028 0.329 0.339]
  eval: e=0.3564  p=[0.351 0.469 0.028 0.339 0.341]
  eval: e=0.1880  p=[0.305 0.453 0.027 0.323 0.347]
  eval: e=0.1134  p=[0.310 0.502 0.027 0.382 0.389]
  eval: e=1.5166  p=[0.354 0.453 0.019 0.366 0.343]
  eval: e=26.1390  p=[0.308 0.511 0.027 0.440 0.355]
  eval: e=0.1331  p=[0.356 0.370 0.027 0.343 0.343]
  eval: e=0.0537  p=[0.307 0.477 0.027 0.338 0.340]
  eval: e=17.5435  p=[0.312 0.497 0.039 0.422 0.335]
  eval: e=0.0417  p=[0.307 0.503 0.028 0.330 0.340]
  eval: e=0.0476  p=[0.306 0.500 0.055 0.346 0.339]
  eval: e=0.0428  p=[0.311 0.438 0.028 0.373 0.342]
  eval: e=0.2120  p=[0.326 0.339 0.026 0.350 0.323]
  eval: e=0.2472  p=[0.340 0.324 0.028 0.347 0.339]
  eval: e=0.0446  p=[0.390 0.362 0.016 0.344 0.340]
  eval: e=0.0417  p=[0.308 0.503 0.028 0.329 0.339]
  eval: e=1.0974  p=[0.545 0.266 0.010 0.312 0.321]
  eval: e=0.0595  p=[0.308 0.491 0.027 0.342 0.335]
  eval: e=0.0416  p=[0.309 0.508 0.027 0.324 0.339]
  eval: e=0.3568  p=[0.330 0.156 0.024 0.378 0.349]
  eval: e=0.2508  p=[0.323 0.409 0.023 0.315 0.351]
  eval: e=0.9333  p=[0.306 0.458 0.028 0.403 0.342]
  eval: e=0.1596  p=[0.267 0.369 0.028 0.420 0.338]
  eval: e=0.0539  p=[0.304 0.494 0.026 0.335 0.346]
  eval: e=0.1258  p=[0.308 0.506 0.028 0.344 0.340]
  eval: e=126.7431  p=[0.310 0.465 0.025 0.609 0.376]
  eval: e=0.1687  p=[0.395 0.445 0.027 0.239 0.338]
  eval: e=0.0525  p=[0.319 0.473 0.027 0.346 0.342]
  eval: e=6.6848  p=[0.567 0.433 0.003 0.196 0.280]
  eval: e=0.8410  p=[0.307 0.513 0.027 0.360 0.339]
  eval: e=0.5016  p=[0.336 0.484 0.018 0.344 0.341]
  eval: e=5.6930  p=[0.420 0.379 0.030 0.387 0.338]
  eval: e=0.0924  p=[0.310 0.509 0.028 0.327 0.329]
  eval: e=0.0415  p=[0.307 0.503 0.024 0.328 0.339]
  eval: e=0.1760  p=[0.309 0.413 0.027 0.345 0.341]
  eval: e=0.2924  p=[0.354 0.370 0.019 0.332 0.398]
  eval: e=0.2788  p=[0.320 0.472 0.027 0.363 0.340]
  eval: e=29.4535  p=[0.396 0.316 0.031 0.492 0.317]
  eval: e=0.1138  p=[0.307 0.446 0.027 0.345 0.345]
   86            4350         0.04153           4.736        0
  eval: e=0.0581  p=[0.307 0.469 0.028 0.349 0.347]
  eval: e=0.0616  p=[0.307 0.513 0.027 0.332 0.339]
  eval: e=0.1110  p=[0.311 0.407 0.027 0.366 0.341]
  eval: e=0.2511  p=[0.309 0.418 0.028 0.313 0.341]
  eval: e=0.1689  p=[0.285 0.456 0.036 0.349 0.345]
  eval: e=0.0430  p=[0.309 0.494 0.028 0.330 0.339]
  eval: e=0.5693  p=[0.393 0.482 0.032 0.288 0.327]
  eval: e=0.1470  p=[0.337 0.386 0.033 0.351 0.346]
  eval: e=7.4704  p=[0.315 0.436 0.030 0.442 0.337]
  eval: e=0.2859  p=[0.307 0.302 0.032 0.397 0.361]
  eval: e=0.6867  p=[0.318 0.469 0.026 0.378 0.340]
  eval: e=0.0417  p=[0.307 0.503 0.028 0.330 0.339]
  eval: e=0.0983  p=[0.352 0.398 0.028 0.334 0.339]
  eval: e=0.0429  p=[0.312 0.480 0.027 0.342 0.339]
  eval: e=0.2165  p=[0.324 0.247 0.028 0.450 0.361]
  eval: e=0.2425  p=[0.301 0.334 0.016 0.378 0.339]
  eval: e=0.1243  p=[0.309 0.271 0.027 0.476 0.360]
  eval: e=6.6545  p=[0.339 0.531 0.027 0.352 0.340]
  eval: e=0.0420  p=[0.308 0.468 0.027 0.355 0.342]
  eval: e=0.3381  p=[0.311 0.313 0.027 0.298 0.324]
  eval: e=0.0417  p=[0.307 0.503 0.028 0.330 0.340]
  eval: e=0.0415  p=[0.306 0.497 0.019 0.330 0.339]
  eval: e=0.0436  p=[0.309 0.445 0.028 0.371 0.341]
  eval: e=0.0904  p=[0.329 0.363 0.026 0.370 0.324]
  eval: e=0.0472  p=[0.417 0.321 0.028 0.349 0.336]
  eval: e=0.0439  p=[0.360 0.387 0.024 0.357 0.341]
  eval: e=0.0417  p=[0.308 0.503 0.028 0.329 0.339]
  eval: e=0.1788  p=[0.492 0.357 0.028 0.188 0.319]
  eval: e=0.0861  p=[0.307 0.496 0.027 0.347 0.340]
  eval: e=0.0446  p=[0.307 0.507 0.025 0.321 0.339]
  eval: e=9.0584  p=[0.340 0.406 0.026 0.457 0.354]
  eval: e=0.0449  p=[0.316 0.366 0.040 0.427 0.345]
  eval: e=0.0470  p=[0.317 0.480 0.027 0.341 0.341]
  eval: e=0.3061  p=[0.271 0.361 0.027 0.370 0.355]
  eval: e=0.0531  p=[0.307 0.463 0.027 0.353 0.345]
  eval: e=0.0461  p=[0.308 0.477 0.023 0.348 0.338]
  eval: e=0.0508  p=[0.330 0.460 0.024 0.327 0.322]
  eval: e=0.2278  p=[0.318 0.438 0.027 0.297 0.338]
  eval: e=0.0622  p=[0.320 0.458 0.018 0.363 0.351]
  eval: e=7.5544  p=[0.584 0.458 0.014 0.255 0.356]
  eval: e=0.0832  p=[0.309 0.437 0.025 0.353 0.339]
  eval: e=0.0441  p=[0.337 0.310 0.010 0.431 0.343]
  eval: e=5.3668  p=[0.448 0.332 0.028 0.398 0.339]
  eval: e=0.0491  p=[0.313 0.507 0.027 0.316 0.341]
  eval: e=0.0416  p=[0.307 0.503 0.024 0.328 0.339]
  eval: e=0.1125  p=[0.313 0.445 0.027 0.335 0.339]
  eval: e=22.2743  p=[0.610 0.411 0.024 0.356 0.347]
  eval: e=0.0496  p=[0.304 0.429 0.027 0.373 0.336]
  eval: e=26.3899  p=[0.366 0.373 0.044 0.509 0.364]
  eval: e=0.4825  p=[0.310 0.487 0.026 0.373 0.346]
   87            4400         0.04148           1.813        0
  eval: e=0.2453  p=[0.295 0.433 0.024 0.322 0.345]
  eval: e=0.0803  p=[0.309 0.501 0.028 0.341 0.339]
  eval: e=0.1784  p=[0.311 0.424 0.028 0.335 0.342]
  eval: e=7.9901  p=[0.308 0.497 0.021 0.405 0.340]
  eval: e=0.0823  p=[0.272 0.483 0.049 0.397 0.339]
  eval: e=0.0428  p=[0.314 0.493 0.027 0.330 0.338]
  eval: e=3.5969  p=[0.390 0.483 0.031 0.321 0.329]
  eval: e=1.4032  p=[0.321 0.440 0.031 0.416 0.351]
  eval: e=0.1945  p=[0.312 0.464 0.014 0.295 0.339]
  eval: e=0.0462  p=[0.309 0.368 0.031 0.410 0.329]
  eval: e=0.1263  p=[0.302 0.448 0.027 0.337 0.335]
  eval: e=0.0417  p=[0.308 0.503 0.028 0.328 0.339]
  eval: e=0.1090  p=[0.322 0.455 0.025 0.364 0.341]
  eval: e=0.0452  p=[0.313 0.496 0.026 0.325 0.341]
  eval: e=1.2787  p=[0.312 0.393 0.032 0.457 0.352]
  eval: e=0.1883  p=[0.312 0.376 0.019 0.363 0.343]
  eval: e=0.2951  p=[0.305 0.386 0.026 0.320 0.349]
  eval: e=0.2776  p=[0.310 0.381 0.027 0.325 0.343]
  eval: e=0.0595  p=[0.307 0.496 0.020 0.322 0.342]
  eval: e=0.0571  p=[0.315 0.464 0.030 0.333 0.332]
  eval: e=0.0417  p=[0.307 0.503 0.028 0.330 0.340]
  eval: e=0.0416  p=[0.306 0.497 0.016 0.329 0.339]
  eval: e=0.1106  p=[0.311 0.500 0.027 0.343 0.340]
  eval: e=0.0478  p=[0.354 0.405 0.059 0.354 0.326]
  eval: e=3.4827  p=[0.407 0.466 0.022 0.322 0.339]
  eval: e=0.0499  p=[0.311 0.504 0.023 0.330 0.340]
  eval: e=0.0415  p=[0.307 0.503 0.023 0.327 0.339]
  eval: e=1.5811  p=[0.506 0.350 0.006 0.267 0.296]
  eval: e=0.1213  p=[0.307 0.480 0.027 0.326 0.351]
  eval: e=0.0448  p=[0.310 0.510 0.028 0.326 0.340]
  eval: e=0.2645  p=[0.349 0.257 0.024 0.396 0.361]
  eval: e=0.3482  p=[0.313 0.543 0.039 0.327 0.339]
  eval: e=0.2123  p=[0.297 0.411 0.023 0.345 0.341]
  eval: e=0.1001  p=[0.257 0.348 0.024 0.457 0.333]
  eval: e=0.0878  p=[0.313 0.451 0.025 0.349 0.351]
  eval: e=0.1055  p=[0.306 0.501 0.024 0.343 0.336]
  eval: e=0.3780  p=[0.331 0.198 0.029 0.318 0.385]
  eval: e=12.9617  p=[0.531 0.433 0.027 0.302 0.336]
  eval: e=1.0477  p=[0.315 0.480 0.030 0.373 0.332]
  eval: e=0.3430  p=[0.390 0.395 0.011 0.066 0.242]
  eval: e=0.0477  p=[0.309 0.469 0.027 0.357 0.340]
  eval: e=0.3430  p=[0.294 0.385 0.025 0.278 0.345]
  eval: e=0.1583  p=[0.326 0.362 0.029 0.374 0.345]
  eval: e=0.0633  p=[0.314 0.580 0.028 0.275 0.333]
  eval: e=0.0428  p=[0.306 0.496 0.018 0.329 0.339]
  eval: e=2.9261  p=[0.310 0.461 0.024 0.411 0.340]
  eval: e=0.3766  p=[0.208 0.352 0.016 0.317 0.368]
  eval: e=0.0952  p=[0.329 0.396 0.027 0.368 0.349]
  eval: e=0.2115  p=[0.318 0.270 0.045 0.446 0.359]
  eval: e=0.1662  p=[0.309 0.408 0.026 0.350 0.340]
   88            4450         0.04147          0.8436        0
  eval: e=0.0522  p=[0.286 0.397 0.025 0.413 0.337]
  eval: e=0.1313  p=[0.317 0.492 0.027 0.343 0.338]
  eval: e=0.1008  p=[0.313 0.417 0.027 0.362 0.343]
  eval: e=0.1256  p=[0.308 0.419 0.029 0.359 0.342]
  eval: e=0.1672  p=[0.269 0.506 0.039 0.330 0.344]
  eval: e=0.0522  p=[0.304 0.492 0.026 0.330 0.339]
  eval: e=0.0547  p=[0.403 0.416 0.020 0.304 0.343]
  eval: e=0.0489  p=[0.323 0.437 0.028 0.363 0.351]
  eval: e=0.2522  p=[0.289 0.443 0.025 0.410 0.338]
  eval: e=0.1009  p=[0.301 0.386 0.025 0.450 0.364]
  eval: e=3.6501  p=[0.320 0.524 0.026 0.360 0.338]
  eval: e=0.0416  p=[0.308 0.503 0.025 0.327 0.339]
  eval: e=0.0933  p=[0.332 0.385 0.024 0.364 0.341]
  eval: e=0.0536  p=[0.314 0.470 0.026 0.342 0.347]
  eval: e=0.2751  p=[0.322 0.466 0.027 0.286 0.373]
  eval: e=0.0812  p=[0.345 0.363 0.000 0.363 0.342]
  eval: e=20.3945  p=[0.311 0.379 0.027 0.530 0.359]
  eval: e=1.8959  p=[0.392 0.412 0.027 0.368 0.344]
  eval: e=0.0659  p=[0.308 0.473 0.026 0.335 0.339]
  eval: e=0.2024  p=[0.309 0.350 0.044 0.377 0.332]
  eval: e=0.0417  p=[0.307 0.503 0.028 0.330 0.340]
  eval: e=0.0416  p=[0.306 0.497 0.019 0.332 0.339]
  eval: e=0.0427  p=[0.308 0.440 0.025 0.371 0.341]
  eval: e=0.1129  p=[0.329 0.413 0.040 0.356 0.349]
  eval: e=0.0934  p=[0.383 0.329 0.023 0.350 0.336]
  eval: e=0.0425  p=[0.336 0.459 0.024 0.331 0.340]
  eval: e=0.0415  p=[0.307 0.503 0.023 0.327 0.339]
  eval: e=0.2523  p=[0.344 0.379 0.013 0.257 0.295]
  eval: e=0.0736  p=[0.306 0.479 0.027 0.338 0.349]
  eval: e=0.0425  p=[0.309 0.507 0.028 0.322 0.339]
  eval: e=0.2180  p=[0.314 0.244 0.026 0.448 0.347]
  eval: e=9.0712  p=[0.306 0.505 0.012 0.401 0.340]
  eval: e=0.3243  p=[0.324 0.425 0.029 0.399 0.346]
  eval: e=46.7687  p=[0.244 0.487 0.024 0.517 0.337]
  eval: e=0.0453  p=[0.349 0.401 0.022 0.367 0.348]
  eval: e=0.1131  p=[0.309 0.466 0.030 0.369 0.338]
  eval: e=14.8851  p=[0.326 0.449 0.025 0.471 0.377]
  eval: e=0.3396  p=[0.228 0.427 0.023 0.310 0.336]
  eval: e=0.0712  p=[0.323 0.412 0.021 0.373 0.356]
  eval: e=4.1983  p=[0.533 0.454 0.019 0.167 0.250]
  eval: e=0.0427  p=[0.310 0.497 0.025 0.328 0.340]
  eval: e=0.2798  p=[0.346 0.363 0.009 0.410 0.342]
  eval: e=0.1246  p=[0.354 0.396 0.031 0.376 0.340]
  eval: e=0.1161  p=[0.310 0.503 0.028 0.296 0.336]
  eval: e=0.0432  p=[0.307 0.513 0.036 0.327 0.338]
  eval: e=0.7883  p=[0.310 0.496 0.029 0.371 0.342]
  eval: e=9.8231  p=[0.719 0.306 0.033 0.377 0.364]
  eval: e=0.0432  p=[0.311 0.471 0.024 0.335 0.328]
  eval: e=0.3389  p=[0.349 0.183 0.034 0.440 0.408]
  eval: e=0.8567  p=[0.310 0.479 0.023 0.382 0.343]
   89            4500         0.04146           2.342        0
  eval: e=0.0495  p=[0.311 0.401 0.033 0.402 0.338]
  eval: e=0.0564  p=[0.301 0.482 0.026 0.341 0.342]
  eval: e=0.6100  p=[0.312 0.465 0.026 0.387 0.343]
  eval: e=0.0988  p=[0.313 0.498 0.027 0.340 0.339]
  eval: e=1.3121  p=[0.322 0.464 0.024 0.387 0.342]
  eval: e=0.0492  p=[0.311 0.493 0.028 0.326 0.339]
  eval: e=0.0438  p=[0.364 0.498 0.039 0.282 0.338]
  eval: e=0.0692  p=[0.306 0.465 0.032 0.353 0.350]
  eval: e=0.0453  p=[0.310 0.441 0.022 0.361 0.337]
  eval: e=0.0464  p=[0.304 0.435 0.028 0.393 0.351]
  eval: e=0.0430  p=[0.302 0.500 0.028 0.331 0.336]
  eval: e=0.0416  p=[0.308 0.503 0.025 0.327 0.339]
  eval: e=0.1261  p=[0.322 0.396 0.029 0.360 0.341]
  eval: e=0.0793  p=[0.313 0.464 0.027 0.368 0.346]
  eval: e=1.1439  p=[0.304 0.361 0.026 0.480 0.348]
  eval: e=1.0394  p=[0.350 0.434 0.002 0.372 0.344]
  eval: e=0.8675  p=[0.302 0.467 0.018 0.411 0.360]
  eval: e=0.2221  p=[0.309 0.416 0.027 0.328 0.342]
  eval: e=0.0541  p=[0.308 0.484 0.026 0.348 0.339]
  eval: e=0.2496  p=[0.310 0.380 0.016 0.425 0.331]
  eval: e=0.0417  p=[0.307 0.503 0.028 0.330 0.340]
  eval: e=0.0414  p=[0.306 0.497 0.019 0.331 0.339]
  eval: e=0.1278  p=[0.307 0.468 0.024 0.320 0.338]
  eval: e=0.1365  p=[0.344 0.426 0.044 0.321 0.342]
  eval: e=19.8462  p=[0.397 0.544 0.027 0.323 0.338]
  eval: e=0.8477  p=[0.336 0.517 0.025 0.329 0.339]
  eval: e=0.0415  p=[0.307 0.503 0.023 0.327 0.339]
  eval: e=0.6611  p=[0.597 0.412 0.022 0.172 0.326]
  eval: e=0.0418  p=[0.308 0.480 0.025 0.344 0.340]
  eval: e=0.0416  p=[0.309 0.509 0.027 0.323 0.339]
  eval: e=21.9059  p=[0.328 0.512 0.025 0.424 0.363]
  eval: e=0.2154  p=[0.309 0.319 0.033 0.398 0.340]
  eval: e=0.6636  p=[0.303 0.499 0.026 0.372 0.342]
  eval: e=0.3458  p=[0.244 0.371 0.023 0.341 0.353]
  eval: e=0.2776  p=[0.293 0.411 0.032 0.319 0.340]
  eval: e=0.0462  p=[0.308 0.451 0.030 0.359 0.338]
  eval: e=0.3747  p=[0.310 0.181 0.024 0.326 0.352]
  eval: e=11.3801  p=[0.654 0.533 0.027 0.217 0.336]
  eval: e=0.0600  p=[0.309 0.534 0.020 0.307 0.356]
  eval: e=12.1724  p=[0.647 0.472 0.008 0.304 0.378]
  eval: e=0.0465  p=[0.308 0.469 0.021 0.344 0.340]
  eval: e=0.4600  p=[0.334 0.452 0.014 0.369 0.343]
  eval: e=0.2387  p=[0.306 0.368 0.025 0.356 0.341]
  eval: e=0.0944  p=[0.308 0.518 0.027 0.324 0.330]
  eval: e=0.0558  p=[0.308 0.491 0.030 0.328 0.339]
  eval: e=0.1950  p=[0.311 0.393 0.022 0.350 0.342]
  eval: e=0.3388  p=[0.346 0.246 0.011 0.338 0.359]
  eval: e=0.0444  p=[0.309 0.470 0.027 0.342 0.334]
  eval: e=0.3525  p=[0.310 0.302 0.045 0.382 0.410]
  eval: e=0.0920  p=[0.314 0.413 0.034 0.370 0.344]
   90            4550         0.04139           1.549        0

                                 Best            Mean     Stall
Iteration     f-count            f(x)            f(x)    Iterations
  eval: e=0.1876  p=[0.305 0.379 0.023 0.367 0.341]
  eval: e=0.0738  p=[0.309 0.509 0.025 0.334 0.340]
  eval: e=0.0537  p=[0.306 0.451 0.028 0.360 0.342]
  eval: e=0.0989  p=[0.312 0.406 0.027 0.406 0.340]
  eval: e=0.0757  p=[0.320 0.462 0.072 0.347 0.343]
  eval: e=0.0476  p=[0.322 0.486 0.027 0.331 0.338]
  eval: e=0.1541  p=[0.290 0.505 0.014 0.301 0.339]
  eval: e=0.4536  p=[0.330 0.474 0.034 0.367 0.347]
  eval: e=0.0434  p=[0.309 0.465 0.018 0.343 0.335]
  eval: e=0.0565  p=[0.305 0.400 0.029 0.412 0.341]
  eval: e=0.0933  p=[0.311 0.497 0.023 0.341 0.339]
  eval: e=0.0415  p=[0.308 0.503 0.023 0.327 0.339]
  eval: e=16.6029  p=[0.361 0.521 0.023 0.362 0.340]
  eval: e=0.1034  p=[0.308 0.492 0.026 0.312 0.342]
  eval: e=6.3551  p=[0.340 0.339 0.031 0.489 0.340]
  eval: e=2.3613  p=[0.330 0.446 0.029 0.400 0.337]
  eval: e=0.2825  p=[0.306 0.296 0.025 0.409 0.369]
  eval: e=0.0861  p=[0.358 0.373 0.025 0.349 0.339]
  eval: e=0.0708  p=[0.308 0.508 0.023 0.336 0.341]
  eval: e=6.0655  p=[0.316 0.477 0.052 0.407 0.328]
  eval: e=0.0416  p=[0.306 0.499 0.018 0.330 0.339]
  eval: e=0.0414  p=[0.306 0.497 0.020 0.331 0.339]
  eval: e=0.0429  p=[0.315 0.463 0.028 0.349 0.341]
  eval: e=1.3822  p=[0.298 0.525 0.034 0.365 0.333]
  eval: e=0.2485  p=[0.386 0.248 0.026 0.351 0.337]
  eval: e=0.1133  p=[0.321 0.505 0.027 0.330 0.340]
  eval: e=0.0415  p=[0.307 0.503 0.023 0.327 0.339]
  eval: e=8.5771  p=[0.475 0.400 0.015 0.339 0.340]
  eval: e=0.0492  p=[0.310 0.498 0.026 0.322 0.338]
  eval: e=0.0416  p=[0.309 0.509 0.027 0.323 0.339]
  eval: e=0.3336  p=[0.311 0.267 0.022 0.386 0.374]
  eval: e=0.0731  p=[0.311 0.449 0.035 0.353 0.343]
  eval: e=0.0708  p=[0.303 0.423 0.027 0.373 0.340]
  eval: e=0.0450  p=[0.261 0.380 0.026 0.458 0.335]
  eval: e=1.2691  p=[0.350 0.511 0.025 0.336 0.352]
  eval: e=0.0933  p=[0.307 0.463 0.028 0.334 0.338]
  eval: e=0.1697  p=[0.338 0.224 0.024 0.466 0.361]
  eval: e=0.0846  p=[0.516 0.356 0.027 0.219 0.342]
  eval: e=0.1605  p=[0.323 0.402 0.023 0.329 0.325]
  eval: e=0.1175  p=[0.279 0.469 0.021 0.306 0.241]
  eval: e=0.0575  p=[0.309 0.457 0.026 0.347 0.339]
  eval: e=0.1671  p=[0.323 0.334 0.026 0.392 0.344]
  eval: e=0.1515  p=[0.377 0.349 0.025 0.328 0.340]
  eval: e=0.0789  p=[0.313 0.497 0.027 0.310 0.340]
  eval: e=0.0464  p=[0.307 0.507 0.018 0.327 0.339]
  eval: e=0.5158  p=[0.314 0.471 0.028 0.382 0.346]
  eval: e=0.1247  p=[0.404 0.347 0.014 0.319 0.352]
  eval: e=0.0480  p=[0.308 0.489 0.025 0.329 0.338]
  eval: e=1.6998  p=[0.432 0.314 0.046 0.451 0.395]
  eval: e=1.3174  p=[0.311 0.495 0.024 0.374 0.340]
   91            4600         0.04139            1.01        1
  eval: e=0.1854  p=[0.273 0.437 0.027 0.373 0.353]
  eval: e=0.0419  p=[0.310 0.488 0.028 0.336 0.338]
  eval: e=0.0415  p=[0.307 0.488 0.020 0.337 0.340]
  eval: e=0.1864  p=[0.308 0.456 0.023 0.313 0.343]
  eval: e=0.0534  p=[0.265 0.491 0.027 0.369 0.338]
  eval: e=0.0433  p=[0.308 0.498 0.025 0.328 0.339]
  eval: e=0.0518  p=[0.332 0.496 0.036 0.305 0.340]
  eval: e=0.1920  p=[0.308 0.404 0.018 0.356 0.354]
  eval: e=0.0468  p=[0.309 0.494 0.023 0.327 0.340]
  eval: e=0.1547  p=[0.305 0.437 0.024 0.346 0.350]
  eval: e=0.1924  p=[0.312 0.487 0.023 0.353 0.338]
  eval: e=0.0414  p=[0.306 0.500 0.018 0.327 0.339]
  eval: e=0.3134  p=[0.327 0.277 0.025 0.351 0.342]
  eval: e=0.1058  p=[0.312 0.475 0.026 0.326 0.348]
  eval: e=0.3041  p=[0.315 0.344 0.027 0.347 0.363]
  eval: e=0.0566  p=[0.310 0.359 0.000 0.405 0.338]
  eval: e=23.7736  p=[0.308 0.512 0.028 0.418 0.331]
  eval: e=1.6336  p=[0.312 0.542 0.021 0.344 0.341]
  eval: e=0.0442  p=[0.308 0.466 0.026 0.358 0.341]
  eval: e=0.2212  p=[0.302 0.357 0.015 0.367 0.338]
  eval: e=0.0412  p=[0.306 0.497 0.017 0.331 0.339]
  eval: e=0.0414  p=[0.306 0.497 0.019 0.331 0.339]
  eval: e=0.0583  p=[0.305 0.465 0.022 0.345 0.339]
  eval: e=0.1178  p=[0.307 0.466 0.064 0.333 0.333]
  eval: e=0.1035  p=[0.332 0.488 0.027 0.327 0.336]
  eval: e=0.1310  p=[0.308 0.450 0.023 0.331 0.339]
  eval: e=0.0416  p=[0.306 0.501 0.020 0.328 0.339]
  eval: e=0.3750  p=[0.377 0.346 0.014 0.122 0.335]
  eval: e=0.1306  p=[0.307 0.494 0.014 0.348 0.340]
  eval: e=0.0414  p=[0.308 0.508 0.023 0.324 0.339]
  eval: e=34.1424  p=[0.313 0.385 0.023 0.532 0.349]
  eval: e=0.0557  p=[0.312 0.429 0.032 0.370 0.342]
  eval: e=0.1116  p=[0.316 0.429 0.023 0.345 0.342]
  eval: e=4.4809  p=[0.323 0.473 0.017 0.390 0.333]
  eval: e=0.2640  p=[0.304 0.363 0.024 0.358 0.351]
  eval: e=0.0461  p=[0.308 0.497 0.024 0.335 0.338]
  eval: e=6.6788  p=[0.324 0.504 0.020 0.400 0.361]
  eval: e=47.3152  p=[0.449 0.525 0.025 0.350 0.332]
  eval: e=0.1090  p=[0.311 0.437 0.018 0.355 0.355]
  eval: e=0.3221  p=[0.479 0.423 0.000 0.091 0.346]
  eval: e=0.0824  p=[0.306 0.457 0.026 0.345 0.341]
  eval: e=0.1760  p=[0.309 0.501 0.002 0.339 0.338]
  eval: e=0.1971  p=[0.423 0.265 0.029 0.332 0.343]
  eval: e=0.0940  p=[0.312 0.532 0.024 0.304 0.324]
  eval: e=0.0415  p=[0.306 0.499 0.024 0.331 0.339]
  eval: e=0.1743  p=[0.306 0.432 0.019 0.325 0.332]
  eval: e=0.4235  p=[0.362 0.519 0.023 0.329 0.382]
  eval: e=0.0713  p=[0.310 0.472 0.022 0.327 0.336]
  eval: e=0.3808  p=[0.340 0.124 0.044 0.281 0.329]
  eval: e=0.0745  p=[0.310 0.477 0.021 0.326 0.340]
   92            4650         0.04122            2.48        0
  eval: e=0.0905  p=[0.293 0.442 0.029 0.362 0.336]
  eval: e=0.0415  p=[0.308 0.492 0.022 0.334 0.339]
  eval: e=0.0416  p=[0.306 0.504 0.019 0.325 0.339]
  eval: e=0.1168  p=[0.310 0.454 0.016 0.330 0.343]
  eval: e=0.0520  p=[0.272 0.459 0.020 0.387 0.344]
  eval: e=0.0511  p=[0.317 0.490 0.022 0.333 0.339]
  eval: e=6.5619  p=[0.366 0.472 0.030 0.370 0.340]
  eval: e=0.0449  p=[0.331 0.429 0.040 0.372 0.350]
  eval: e=0.0473  p=[0.308 0.475 0.023 0.347 0.336]
  eval: e=6.1614  p=[0.308 0.398 0.030 0.481 0.350]
  eval: e=0.1030  p=[0.308 0.441 0.028 0.345 0.339]
  eval: e=0.0414  p=[0.306 0.500 0.017 0.327 0.339]
  eval: e=0.3327  p=[0.366 0.450 0.032 0.340 0.341]
  eval: e=0.4612  p=[0.312 0.474 0.019 0.370 0.337]
  eval: e=0.1764  p=[0.314 0.411 0.028 0.416 0.350]
  eval: e=0.1480  p=[0.367 0.330 0.023 0.355 0.343]
  eval: e=0.1455  p=[0.336 0.354 0.025 0.416 0.391]
  eval: e=0.2167  p=[0.400 0.389 0.022 0.342 0.341]
  eval: e=0.0875  p=[0.308 0.486 0.027 0.353 0.340]
  eval: e=4.2127  p=[0.311 0.503 0.046 0.389 0.334]
  eval: e=0.0412  p=[0.306 0.496 0.017 0.331 0.339]
  eval: e=0.0414  p=[0.306 0.497 0.019 0.331 0.339]
  eval: e=0.1036  p=[0.307 0.462 0.022 0.370 0.339]
  eval: e=20.0430  p=[0.366 0.510 0.003 0.355 0.328]
  eval: e=0.1751  p=[0.369 0.341 0.024 0.334 0.339]
  eval: e=0.2175  p=[0.328 0.504 0.026 0.330 0.340]
  eval: e=0.0415  p=[0.306 0.499 0.021 0.329 0.339]
  eval: e=31.6110  p=[0.562 0.288 0.011 0.431 0.309]
  eval: e=0.0423  p=[0.307 0.486 0.025 0.342 0.339]
  eval: e=0.0414  p=[0.307 0.508 0.022 0.324 0.339]
  eval: e=0.2580  p=[0.339 0.333 0.022 0.348 0.352]
  eval: e=0.2057  p=[0.315 0.368 0.036 0.365 0.343]
  eval: e=0.6226  p=[0.306 0.464 0.028 0.392 0.340]
  eval: e=0.3514  p=[0.245 0.366 0.035 0.324 0.340]
  eval: e=0.1161  p=[0.331 0.510 0.024 0.316 0.339]
  eval: e=0.0522  p=[0.306 0.490 0.025 0.343 0.338]
  eval: e=0.1606  p=[0.326 0.365 0.027 0.442 0.359]
  eval: e=0.1471  p=[0.284 0.490 0.014 0.321 0.340]
  eval: e=0.8548  p=[0.315 0.495 0.020 0.370 0.349]
  eval: e=0.2894  p=[0.342 0.472 0.006 0.164 0.288]
  eval: e=0.0421  p=[0.310 0.464 0.025 0.353 0.339]
  eval: e=0.1849  p=[0.318 0.384 0.021 0.358 0.347]
  eval: e=0.0814  p=[0.380 0.347 0.021 0.350 0.344]
  eval: e=0.0420  p=[0.313 0.535 0.027 0.309 0.348]
  eval: e=0.0417  p=[0.307 0.502 0.022 0.326 0.339]
  eval: e=0.1757  p=[0.310 0.423 0.028 0.344 0.347]
  eval: e=0.3650  p=[0.368 0.138 0.018 0.327 0.348]
  eval: e=0.1011  p=[0.309 0.503 0.016 0.329 0.329]
  eval: e=12.5825  p=[0.397 0.397 0.027 0.504 0.439]
  eval: e=0.0687  p=[0.311 0.447 0.027 0.354 0.345]
   93            4700         0.04122           1.765        1
  eval: e=0.0882  p=[0.303 0.432 0.028 0.363 0.341]
  eval: e=0.0437  p=[0.305 0.493 0.021 0.332 0.340]
  eval: e=0.0417  p=[0.308 0.494 0.018 0.330 0.340]
  eval: e=0.1182  p=[0.309 0.455 0.032 0.333 0.339]
  eval: e=0.1600  p=[0.271 0.495 0.052 0.338 0.338]
  eval: e=0.0454  p=[0.317 0.493 0.024 0.329 0.339]
  eval: e=0.3118  p=[0.281 0.501 0.033 0.245 0.339]
  eval: e=0.0423  p=[0.310 0.512 0.029 0.315 0.334]
  eval: e=0.0432  p=[0.309 0.484 0.022 0.335 0.339]
  eval: e=0.1207  p=[0.301 0.452 0.028 0.345 0.344]
  eval: e=0.2390  p=[0.312 0.496 0.028 0.351 0.337]
  eval: e=0.0424  p=[0.306 0.496 0.018 0.329 0.339]
  eval: e=0.2598  p=[0.283 0.393 0.020 0.348 0.339]
  eval: e=0.0661  p=[0.305 0.497 0.022 0.342 0.338]
  eval: e=0.5349  p=[0.319 0.402 0.026 0.447 0.373]
  eval: e=15.1485  p=[0.357 0.475 0.018 0.392 0.339]
  eval: e=0.6130  p=[0.316 0.349 0.027 0.451 0.327]
  eval: e=0.0487  p=[0.369 0.400 0.018 0.344 0.342]
  eval: e=0.0428  p=[0.308 0.492 0.017 0.336 0.341]
  eval: e=0.7960  p=[0.311 0.472 0.034 0.377 0.328]
  eval: e=0.0412  p=[0.306 0.497 0.017 0.331 0.339]
  eval: e=0.0414  p=[0.306 0.497 0.019 0.331 0.339]
  eval: e=0.0508  p=[0.307 0.450 0.024 0.359 0.341]
  eval: e=0.3120  p=[0.298 0.381 0.095 0.326 0.333]
  eval: e=0.0589  p=[0.380 0.395 0.026 0.339 0.338]
  eval: e=0.0636  p=[0.313 0.461 0.022 0.338 0.340]
  eval: e=0.0416  p=[0.309 0.501 0.024 0.328 0.339]
  eval: e=23.5813  p=[0.415 0.560 0.009 0.273 0.305]
  eval: e=0.0501  p=[0.307 0.483 0.018 0.333 0.340]
  eval: e=0.0429  p=[0.306 0.502 0.022 0.326 0.339]
  eval: e=11.2334  p=[0.297 0.384 0.016 0.517 0.357]
  eval: e=0.0535  p=[0.316 0.377 0.031 0.402 0.341]
  eval: e=0.4550  p=[0.307 0.459 0.020 0.389 0.340]
  eval: e=0.3136  p=[0.261 0.367 0.002 0.341 0.336]
  eval: e=0.3444  p=[0.348 0.456 0.024 0.359 0.351]
  eval: e=0.0490  p=[0.307 0.448 0.026 0.357 0.337]
  eval: e=2.3577  p=[0.329 0.291 0.023 0.526 0.358]
  eval: e=0.0533  p=[0.496 0.409 0.035 0.224 0.338]
  eval: e=0.0939  p=[0.323 0.482 0.017 0.337 0.338]
  eval: e=8.6268  p=[0.647 0.460 0.023 0.231 0.333]
  eval: e=0.2941  p=[0.306 0.504 0.022 0.353 0.339]
  eval: e=15.2753  p=[0.338 0.479 0.001 0.397 0.336]
  eval: e=2.1174  p=[0.375 0.438 0.022 0.363 0.341]
  eval: e=0.1352  p=[0.305 0.521 0.024 0.341 0.346]
  eval: e=0.0416  p=[0.306 0.501 0.021 0.328 0.339]
  eval: e=1.1386  p=[0.309 0.487 0.024 0.376 0.336]
  eval: e=20.3331  p=[0.430 0.517 0.017 0.334 0.356]
  eval: e=0.0538  p=[0.307 0.486 0.016 0.337 0.331]
  eval: e=0.0602  p=[0.422 0.197 0.047 0.472 0.369]
  eval: e=0.0785  p=[0.311 0.462 0.018 0.335 0.342]
   94            4750         0.04121           2.124        0
  eval: e=6.7199  p=[0.280 0.430 0.028 0.481 0.343]
  eval: e=0.0419  p=[0.310 0.497 0.021 0.330 0.339]
  eval: e=0.0420  p=[0.307 0.492 0.022 0.336 0.339]
  eval: e=0.1868  p=[0.309 0.427 0.030 0.334 0.342]
  eval: e=0.5054  p=[0.309 0.496 0.041 0.373 0.345]
  eval: e=0.0429  p=[0.311 0.491 0.025 0.334 0.338]
  eval: e=0.0429  p=[0.343 0.497 0.035 0.298 0.338]
  eval: e=0.0414  p=[0.306 0.515 0.020 0.317 0.338]
  eval: e=0.0438  p=[0.306 0.501 0.022 0.333 0.339]
  eval: e=27.5282  p=[0.307 0.483 0.027 0.457 0.348]
  eval: e=0.0477  p=[0.318 0.463 0.027 0.338 0.336]
  eval: e=0.0416  p=[0.306 0.498 0.018 0.329 0.339]
  eval: e=4.5795  p=[0.334 0.522 0.020 0.352 0.339]
  eval: e=0.0681  p=[0.305 0.488 0.023 0.331 0.345]
  eval: e=3.9632  p=[0.320 0.447 0.022 0.415 0.339]
  eval: e=0.0434  p=[0.348 0.432 0.016 0.340 0.344]
  eval: e=0.3393  p=[0.295 0.364 0.027 0.334 0.380]
  eval: e=0.1848  p=[0.337 0.446 0.026 0.362 0.342]
  eval: e=0.0415  p=[0.307 0.500 0.018 0.332 0.342]
  eval: e=2.0987  p=[0.311 0.469 0.039 0.394 0.328]
  eval: e=0.0412  p=[0.306 0.497 0.017 0.331 0.339]
  eval: e=0.0414  p=[0.306 0.497 0.019 0.331 0.339]
  eval: e=0.8388  p=[0.307 0.512 0.025 0.359 0.339]
  eval: e=0.6275  p=[0.349 0.468 0.055 0.349 0.328]
  eval: e=0.1337  p=[0.365 0.349 0.020 0.343 0.338]
  eval: e=0.0591  p=[0.324 0.475 0.023 0.319 0.339]
  eval: e=0.0415  p=[0.306 0.504 0.022 0.327 0.339]
  eval: e=0.3117  p=[0.465 0.131 0.019 0.296 0.321]
  eval: e=0.0485  p=[0.307 0.490 0.026 0.342 0.339]
  eval: e=0.0423  p=[0.307 0.508 0.021 0.326 0.339]
  eval: e=0.2964  p=[0.299 0.172 0.025 0.479 0.356]
  eval: e=1.6147  p=[0.306 0.528 0.041 0.370 0.346]
  eval: e=0.2064  p=[0.313 0.426 0.027 0.324 0.343]
  eval: e=9.0101  p=[0.270 0.569 0.007 0.388 0.338]
  eval: e=0.1295  p=[0.303 0.436 0.030 0.352 0.344]
  eval: e=0.1961  p=[0.308 0.499 0.025 0.351 0.339]
  eval: e=0.3639  p=[0.313 0.335 0.019 0.255 0.352]
  eval: e=0.3321  p=[0.283 0.432 0.024 0.264 0.338]
  eval: e=0.0499  p=[0.308 0.444 0.022 0.373 0.338]
  eval: e=0.3708  p=[0.214 0.407 0.009 0.195 0.280]
  eval: e=0.0845  p=[0.313 0.482 0.026 0.319 0.339]
  eval: e=9.5166  p=[0.325 0.479 0.020 0.415 0.351]
  eval: e=0.1319  p=[0.363 0.301 0.022 0.383 0.343]
  eval: e=0.0935  p=[0.306 0.514 0.025 0.302 0.342]
  eval: e=0.0418  p=[0.307 0.499 0.020 0.328 0.339]
  eval: e=0.0627  p=[0.310 0.420 0.026 0.371 0.339]
  eval: e=0.0590  p=[0.545 0.195 0.024 0.334 0.360]
  eval: e=0.0558  p=[0.311 0.499 0.022 0.331 0.336]
  eval: e=0.3846  p=[0.271 0.284 0.027 0.272 0.385]
  eval: e=0.0798  p=[0.307 0.463 0.027 0.344 0.345]
   95            4800         0.04121           1.437        0
  eval: e=0.0798  p=[0.314 0.475 0.018 0.324 0.344]
  eval: e=0.0427  p=[0.307 0.490 0.023 0.334 0.339]
  eval: e=0.0438  p=[0.307 0.499 0.019 0.333 0.340]
  eval: e=0.0442  p=[0.308 0.408 0.024 0.397 0.342]
  eval: e=0.3061  p=[0.301 0.470 0.040 0.386 0.337]
  eval: e=0.0427  p=[0.314 0.493 0.025 0.326 0.340]
  eval: e=0.2564  p=[0.336 0.497 0.033 0.330 0.338]
  eval: e=0.0873  p=[0.306 0.507 0.016 0.337 0.339]
  eval: e=0.0488  p=[0.309 0.483 0.019 0.331 0.339]
  eval: e=0.1953  p=[0.306 0.496 0.019 0.293 0.353]
  eval: e=0.0736  p=[0.305 0.487 0.024 0.351 0.338]
  eval: e=0.0413  p=[0.307 0.501 0.018 0.327 0.339]
  eval: e=0.0448  p=[0.373 0.374 0.033 0.361 0.344]
  eval: e=0.0646  p=[0.319 0.484 0.025 0.343 0.344]
  eval: e=0.2280  p=[0.305 0.352 0.024 0.404 0.374]
  eval: e=0.2379  p=[0.336 0.494 0.018 0.329 0.342]
  eval: e=0.0625  p=[0.307 0.408 0.025 0.397 0.357]
  eval: e=0.0633  p=[0.352 0.381 0.015 0.352 0.339]
  eval: e=0.0414  p=[0.307 0.501 0.018 0.331 0.342]
  eval: e=0.2691  p=[0.312 0.359 0.037 0.336 0.331]
  eval: e=0.0412  p=[0.306 0.497 0.017 0.331 0.339]
  eval: e=0.0414  p=[0.306 0.497 0.019 0.331 0.339]
  eval: e=0.0457  p=[0.307 0.488 0.018 0.333 0.341]
  eval: e=0.2855  p=[0.333 0.492 0.012 0.329 0.337]
  eval: e=0.6440  p=[0.376 0.437 0.021 0.340 0.336]
  eval: e=0.1312  p=[0.316 0.502 0.024 0.337 0.339]
  eval: e=0.0418  p=[0.309 0.502 0.023 0.328 0.339]
  eval: e=0.0745  p=[0.550 0.297 0.018 0.187 0.290]
  eval: e=0.0837  p=[0.308 0.483 0.023 0.322 0.340]
  eval: e=0.0460  p=[0.306 0.498 0.022 0.327 0.339]
  eval: e=5.4189  p=[0.353 0.293 0.020 0.516 0.355]
  eval: e=0.0904  p=[0.317 0.423 0.016 0.355 0.345]
  eval: e=0.0486  p=[0.311 0.468 0.024 0.355 0.340]
  eval: e=0.5338  p=[0.292 0.457 0.040 0.409 0.336]
  eval: e=0.7490  p=[0.329 0.477 0.024 0.365 0.344]
  eval: e=0.0644  p=[0.306 0.477 0.022 0.353 0.336]
  eval: e=0.3681  p=[0.324 0.270 0.018 0.275 0.352]
  eval: e=11.5191  p=[0.577 0.461 0.029 0.265 0.338]
  eval: e=0.0741  p=[0.326 0.464 0.018 0.355 0.350]
  eval: e=4.3020  p=[0.675 0.433 0.018 0.223 0.354]
  eval: e=0.3638  p=[0.309 0.495 0.024 0.359 0.339]
  eval: e=0.0516  p=[0.322 0.401 0.012 0.382 0.335]
  eval: e=0.1072  p=[0.342 0.411 0.028 0.338 0.344]
  eval: e=0.0418  p=[0.315 0.511 0.019 0.314 0.342]
  eval: e=0.0450  p=[0.306 0.499 0.024 0.336 0.339]
  eval: e=0.2302  p=[0.308 0.420 0.019 0.319 0.341]
  eval: e=13.8296  p=[0.342 0.575 0.024 0.334 0.337]
  eval: e=0.0600  p=[0.311 0.497 0.020 0.329 0.332]
  eval: e=48.7251  p=[0.479 0.392 0.025 0.545 0.423]
  eval: e=0.7223  p=[0.315 0.449 0.019 0.395 0.342]
   96            4850         0.04121           1.821        1
  eval: e=0.2126  p=[0.287 0.425 0.017 0.349 0.348]
  eval: e=0.0509  p=[0.308 0.505 0.017 0.330 0.339]
  eval: e=0.0413  p=[0.307 0.496 0.019 0.332 0.340]
  eval: e=2.3855  p=[0.309 0.496 0.022 0.384 0.339]
  eval: e=0.1328  p=[0.271 0.475 0.017 0.350 0.342]
  eval: e=0.0418  p=[0.305 0.499 0.025 0.330 0.337]
  eval: e=0.0415  p=[0.312 0.497 0.023 0.328 0.340]
  eval: e=0.0483  p=[0.307 0.502 0.016 0.334 0.341]
  eval: e=0.0759  p=[0.304 0.488 0.021 0.323 0.339]
  eval: e=0.1053  p=[0.306 0.494 0.029 0.355 0.344]
  eval: e=0.0420  p=[0.307 0.464 0.018 0.351 0.339]
  eval: e=0.0413  p=[0.307 0.502 0.018 0.327 0.339]
  eval: e=0.1113  p=[0.277 0.505 0.017 0.326 0.339]
  eval: e=0.0516  p=[0.305 0.491 0.025 0.332 0.342]
  eval: e=1.5332  p=[0.319 0.489 0.021 0.361 0.326]
  eval: e=0.2088  p=[0.299 0.409 0.018 0.343 0.341]
  eval: e=23.4317  p=[0.309 0.421 0.023 0.509 0.366]
  eval: e=7.2841  p=[0.390 0.499 0.026 0.333 0.342]
  eval: e=0.0417  p=[0.307 0.501 0.018 0.326 0.340]
  eval: e=0.0746  p=[0.308 0.355 0.021 0.437 0.336]
  eval: e=0.0412  p=[0.306 0.497 0.017 0.331 0.339]
  eval: e=0.0413  p=[0.307 0.501 0.018 0.328 0.339]
  eval: e=0.0536  p=[0.307 0.442 0.025 0.362 0.340]
  eval: e=0.0960  p=[0.333 0.454 0.073 0.355 0.325]
  eval: e=4.8108  p=[0.368 0.490 0.025 0.346 0.338]
  eval: e=0.0552  p=[0.330 0.462 0.018 0.322 0.339]
  eval: e=0.0447  p=[0.305 0.495 0.023 0.330 0.339]
  eval: e=0.3387  p=[0.406 0.353 0.013 0.184 0.337]
  eval: e=0.2037  p=[0.307 0.500 0.022 0.351 0.340]
  eval: e=0.0700  p=[0.307 0.510 0.019 0.332 0.339]
  eval: e=0.2752  p=[0.344 0.441 0.017 0.285 0.379]
  eval: e=0.0736  p=[0.308 0.452 0.039 0.349 0.337]
  eval: e=0.0991  p=[0.310 0.427 0.026 0.357 0.342]
  eval: e=0.1667  p=[0.287 0.412 0.010 0.364 0.341]
  eval: e=0.2617  p=[0.320 0.378 0.026 0.338 0.354]
  eval: e=0.2087  p=[0.309 0.500 0.025 0.348 0.336]
  eval: e=143.7169  p=[0.319 0.477 0.025 0.627 0.358]
  eval: e=4.1013  p=[0.495 0.458 0.027 0.266 0.339]
  eval: e=0.2973  p=[0.326 0.472 0.018 0.364 0.350]
  eval: e=0.3763  p=[0.118 0.431 0.001 0.264 0.297]
  eval: e=0.0511  p=[0.309 0.495 0.022 0.337 0.339]
  eval: e=0.2101  p=[0.320 0.410 0.013 0.326 0.348]
  eval: e=0.0535  p=[0.476 0.265 0.027 0.327 0.338]
  eval: e=0.0422  p=[0.315 0.508 0.018 0.315 0.342]
  eval: e=0.0421  p=[0.306 0.498 0.024 0.334 0.339]
  eval: e=0.0706  p=[0.309 0.447 0.024 0.351 0.339]
  eval: e=0.1975  p=[0.289 0.467 0.019 0.330 0.355]
  eval: e=0.0724  p=[0.307 0.477 0.024 0.332 0.341]
  eval: e=0.3129  p=[0.339 0.453 0.032 0.292 0.410]
  eval: e=0.0456  p=[0.306 0.427 0.024 0.386 0.340]
   97            4900         0.04121           3.848        2
  eval: e=0.1215  p=[0.307 0.354 0.018 0.412 0.354]
  eval: e=0.0441  p=[0.308 0.488 0.018 0.331 0.339]
  eval: e=0.0413  p=[0.307 0.495 0.019 0.332 0.340]
  eval: e=0.2580  p=[0.309 0.404 0.023 0.319 0.343]
  eval: e=0.0876  p=[0.278 0.471 0.028 0.396 0.343]
  eval: e=0.0415  p=[0.305 0.502 0.020 0.328 0.339]
  eval: e=0.0414  p=[0.308 0.497 0.020 0.331 0.339]
  eval: e=0.0764  p=[0.306 0.515 0.018 0.328 0.336]
  eval: e=0.0465  p=[0.311 0.487 0.021 0.340 0.340]
  eval: e=0.0487  p=[0.303 0.328 0.025 0.448 0.340]
  eval: e=0.0694  p=[0.307 0.479 0.016 0.328 0.340]
  eval: e=0.0413  p=[0.307 0.502 0.018 0.326 0.339]
  eval: e=0.1151  p=[0.383 0.328 0.030 0.350 0.340]
  eval: e=0.0416  p=[0.313 0.491 0.021 0.332 0.343]
  eval: e=0.3171  p=[0.321 0.284 0.023 0.401 0.391]
  eval: e=0.5771  p=[0.334 0.511 0.016 0.330 0.343]
  eval: e=0.3396  p=[0.307 0.351 0.019 0.304 0.356]
  eval: e=20.6545  p=[0.391 0.499 0.026 0.363 0.342]
  eval: e=0.0420  p=[0.307 0.495 0.018 0.336 0.342]
  eval: e=1.2588  p=[0.305 0.405 0.022 0.433 0.330]
  eval: e=0.0412  p=[0.306 0.497 0.017 0.331 0.339]
  eval: e=0.0421  p=[0.306 0.496 0.017 0.329 0.339]
  eval: e=0.0473  p=[0.306 0.451 0.021 0.357 0.340]
  eval: e=0.0603  p=[0.319 0.480 0.048 0.335 0.345]
  eval: e=0.3238  p=[0.355 0.257 0.021 0.322 0.338]
  eval: e=0.0419  p=[0.326 0.480 0.021 0.324 0.340]
  eval: e=0.0463  p=[0.308 0.504 0.017 0.329 0.339]
  eval: e=0.2661  p=[0.299 0.467 0.013 0.275 0.340]
  eval: e=0.0697  p=[0.307 0.488 0.019 0.322 0.340]
  eval: e=0.0601  p=[0.306 0.495 0.021 0.322 0.339]
  eval: e=0.1420  p=[0.318 0.169 0.026 0.571 0.342]
  eval: e=0.0816  p=[0.318 0.433 0.039 0.386 0.343]
  eval: e=0.0617  p=[0.310 0.453 0.020 0.347 0.341]
  eval: e=21.0174  p=[0.299 0.507 0.032 0.432 0.338]
  eval: e=7.8263  p=[0.324 0.560 0.017 0.341 0.335]
  eval: e=0.0498  p=[0.307 0.471 0.021 0.353 0.338]
  eval: e=0.3127  p=[0.308 0.213 0.015 0.425 0.356]
  eval: e=0.1731  p=[0.337 0.406 0.031 0.322 0.338]
  eval: e=0.1008  p=[0.305 0.450 0.018 0.336 0.334]
  eval: e=0.3581  p=[0.442 0.436 0.009 0.043 0.328]
  eval: e=0.0565  p=[0.305 0.471 0.023 0.341 0.339]
  eval: e=0.8639  p=[0.337 0.410 0.011 0.397 0.338]
  eval: e=0.2815  p=[0.370 0.221 0.026 0.377 0.346]
  eval: e=0.0472  p=[0.307 0.506 0.019 0.330 0.339]
  eval: e=0.0411  p=[0.306 0.497 0.014 0.329 0.339]
  eval: e=1.1857  p=[0.312 0.485 0.024 0.379 0.341]
  eval: e=0.1232  p=[0.513 0.251 0.024 0.335 0.344]
  eval: e=0.0749  p=[0.308 0.495 0.022 0.337 0.332]
  eval: e=57.8605  p=[0.353 0.422 0.037 0.522 0.367]
  eval: e=1.4523  p=[0.311 0.525 0.021 0.361 0.348]
   98            4950         0.04105           2.347        0
  eval: e=14.7381  p=[0.296 0.545 0.027 0.407 0.350]
  eval: e=0.0432  p=[0.307 0.489 0.022 0.334 0.339]
  eval: e=0.0413  p=[0.307 0.496 0.019 0.332 0.340]
  eval: e=2.6457  p=[0.311 0.509 0.026 0.377 0.341]
  eval: e=3.3882  p=[0.306 0.502 0.058 0.400 0.339]
  eval: e=0.0412  p=[0.306 0.502 0.018 0.328 0.339]
  eval: e=0.0413  p=[0.306 0.503 0.018 0.328 0.339]
  eval: e=0.0795  p=[0.307 0.492 0.020 0.317 0.339]
  eval: e=0.0416  p=[0.307 0.491 0.019 0.335 0.339]
  eval: e=0.3421  p=[0.307 0.365 0.027 0.296 0.359]
  eval: e=0.0427  p=[0.307 0.477 0.015 0.345 0.339]
  eval: e=0.0413  p=[0.307 0.502 0.018 0.326 0.339]
  eval: e=0.0497  p=[0.363 0.352 0.028 0.376 0.343]
  eval: e=0.0488  p=[0.310 0.493 0.018 0.324 0.340]
  eval: e=0.2575  p=[0.313 0.375 0.030 0.440 0.343]
  eval: e=0.1231  p=[0.319 0.434 0.017 0.333 0.341]
  eval: e=0.3006  p=[0.309 0.345 0.026 0.345 0.353]
  eval: e=0.3429  p=[0.308 0.284 0.025 0.331 0.342]
  eval: e=0.0422  p=[0.307 0.504 0.019 0.327 0.339]
  eval: e=0.1540  p=[0.311 0.442 0.043 0.322 0.326]
  eval: e=0.0412  p=[0.306 0.497 0.017 0.331 0.339]
  eval: e=0.0429  p=[0.306 0.503 0.014 0.328 0.339]
  eval: e=0.2319  p=[0.307 0.510 0.018 0.345 0.340]
  eval: e=0.1047  p=[0.348 0.442 0.026 0.332 0.323]
  eval: e=0.0983  p=[0.406 0.371 0.017 0.336 0.338]
  eval: e=0.0523  p=[0.304 0.492 0.018 0.328 0.339]
  eval: e=0.0423  p=[0.306 0.495 0.023 0.331 0.340]
  eval: e=0.3691  p=[0.338 0.270 0.016 0.222 0.321]
  eval: e=0.1012  p=[0.307 0.487 0.024 0.353 0.340]
  eval: e=0.0413  p=[0.307 0.500 0.020 0.328 0.339]
  eval: e=89.3547  p=[0.345 0.614 0.020 0.453 0.345]
  eval: e=15.0189  p=[0.302 0.489 0.023 0.435 0.344]
  eval: e=0.0432  p=[0.309 0.478 0.022 0.341 0.341]
  eval: e=0.1730  p=[0.258 0.340 0.020 0.442 0.338]
  eval: e=0.1459  p=[0.312 0.402 0.029 0.365 0.346]
  eval: e=0.0925  p=[0.306 0.461 0.023 0.336 0.339]
  eval: e=0.4865  p=[0.311 0.449 0.029 0.397 0.343]
  eval: e=0.1172  p=[0.376 0.492 0.016 0.237 0.339]
  eval: e=0.0501  p=[0.310 0.485 0.019 0.340 0.353]
  eval: e=23.2318  p=[0.701 0.457 0.016 0.251 0.276]
  eval: e=0.1803  p=[0.307 0.495 0.016 0.351 0.339]
  eval: e=0.2331  p=[0.334 0.385 0.010 0.315 0.343]
  eval: e=0.4274  p=[0.351 0.408 0.027 0.388 0.345]
  eval: e=0.0620  p=[0.309 0.506 0.021 0.311 0.340]
  eval: e=0.0410  p=[0.307 0.497 0.013 0.329 0.339]
  eval: e=0.2446  p=[0.307 0.394 0.019 0.332 0.341]
  eval: e=0.0836  p=[0.244 0.565 0.023 0.332 0.343]
  eval: e=0.0546  p=[0.308 0.497 0.022 0.331 0.332]
  eval: e=0.0558  p=[0.403 0.135 0.030 0.545 0.402]
  eval: e=0.1121  p=[0.311 0.450 0.022 0.336 0.343]
   99            5000         0.04101           3.083        0
  eval: e=0.3327  p=[0.295 0.321 0.018 0.333 0.345]
  eval: e=0.0414  p=[0.307 0.493 0.017 0.334 0.339]
  eval: e=0.0413  p=[0.307 0.496 0.019 0.332 0.340]
  eval: e=0.0462  p=[0.307 0.427 0.022 0.378 0.342]
  eval: e=0.2355  p=[0.288 0.466 0.058 0.323 0.346]
  eval: e=0.0418  p=[0.307 0.496 0.016 0.329 0.339]
  eval: e=0.0421  p=[0.306 0.496 0.018 0.330 0.340]
  eval: e=0.0411  p=[0.306 0.513 0.018 0.320 0.339]
  eval: e=0.0420  p=[0.307 0.498 0.019 0.331 0.339]
  eval: e=0.2471  p=[0.305 0.372 0.008 0.345 0.342]
  eval: e=0.0779  p=[0.307 0.475 0.014 0.326 0.339]
  eval: e=0.0412  p=[0.306 0.502 0.018 0.328 0.339]
  eval: e=0.0877  p=[0.334 0.464 0.027 0.312 0.342]
  eval: e=0.0415  p=[0.311 0.497 0.018 0.327 0.342]
  eval: e=0.1157  p=[0.311 0.442 0.013 0.349 0.355]
  eval: e=0.0442  p=[0.330 0.467 0.017 0.327 0.343]
  eval: e=0.3618  p=[0.307 0.488 0.026 0.395 0.373]
  eval: e=25.2088  p=[0.417 0.516 0.023 0.342 0.343]
  eval: e=0.0413  p=[0.307 0.500 0.016 0.329 0.341]
  eval: e=0.0983  p=[0.312 0.417 0.023 0.351 0.330]
  eval: e=0.0412  p=[0.306 0.497 0.017 0.331 0.339]
  eval: e=0.0412  p=[0.307 0.500 0.016 0.328 0.339]
  eval: e=0.1337  p=[0.308 0.443 0.027 0.337 0.340]
  eval: e=0.0563  p=[0.335 0.451 0.070 0.344 0.340]
  eval: e=0.1289  p=[0.314 0.418 0.033 0.351 0.339]
  eval: e=0.1409  p=[0.333 0.491 0.021 0.328 0.340]
  eval: e=0.0415  p=[0.307 0.500 0.014 0.325 0.339]
  eval: e=0.2306  p=[0.542 0.341 0.007 0.198 0.281]
  eval: e=0.0545  p=[0.306 0.493 0.010 0.322 0.340]
  eval: e=0.0415  p=[0.307 0.501 0.020 0.329 0.339]
  eval: e=0.2872  p=[0.335 0.314 0.022 0.375 0.379]
  eval: e=0.2884  p=[0.308 0.363 0.025 0.332 0.342]
  eval: e=0.1690  p=[0.307 0.407 0.022 0.353 0.342]
  eval: e=0.1187  p=[0.320 0.413 0.013 0.342 0.337]
  eval: e=0.0780  p=[0.338 0.408 0.013 0.347 0.346]
  eval: e=0.0546  p=[0.307 0.490 0.014 0.341 0.339]
  eval: e=36.3062  p=[0.331 0.372 0.024 0.533 0.350]
  eval: e=9.9125  p=[0.456 0.448 0.030 0.326 0.338]
  eval: e=0.1327  p=[0.312 0.421 0.021 0.338 0.332]
  eval: e=0.4506  p=[0.517 0.388 0.001 0.216 0.308]
  eval: e=0.1010  p=[0.309 0.472 0.017 0.320 0.339]
  eval: e=5.4486  p=[0.322 0.463 0.009 0.406 0.342]
  eval: e=0.0664  p=[0.370 0.420 0.027 0.335 0.339]
  eval: e=0.0425  p=[0.311 0.509 0.021 0.319 0.342]
  eval: e=0.0410  p=[0.307 0.497 0.013 0.328 0.339]
  eval: e=0.0764  p=[0.307 0.452 0.029 0.348 0.340]
  eval: e=12.3107  p=[0.628 0.366 0.025 0.334 0.345]
  eval: e=0.0617  p=[0.307 0.471 0.018 0.333 0.336]
  eval: e=1.3827  p=[0.303 0.642 0.025 0.298 0.355]
  eval: e=0.3348  p=[0.309 0.450 0.011 0.388 0.343]
  100            5050         0.04101           1.916        0
  eval: e=13.1592  p=[0.310 0.425 0.024 0.471 0.344]
  eval: e=0.0424  p=[0.307 0.498 0.016 0.331 0.339]
  eval: e=0.0414  p=[0.307 0.501 0.018 0.330 0.342]
  eval: e=0.5593  p=[0.308 0.479 0.021 0.374 0.338]
  eval: e=0.0983  p=[0.300 0.486 0.044 0.330 0.338]
  eval: e=0.0417  p=[0.306 0.500 0.020 0.327 0.339]
  eval: e=0.0412  p=[0.306 0.502 0.015 0.327 0.339]
  eval: e=0.0419  p=[0.306 0.516 0.017 0.321 0.339]
  eval: e=0.0421  p=[0.307 0.495 0.019 0.330 0.339]
  eval: e=0.3274  p=[0.304 0.399 0.046 0.450 0.355]
  eval: e=0.1011  p=[0.307 0.489 0.013 0.349 0.339]
  eval: e=0.0411  p=[0.306 0.509 0.018 0.322 0.340]
  eval: e=0.0511  p=[0.350 0.397 0.030 0.369 0.342]
  eval: e=0.0412  p=[0.307 0.500 0.018 0.329 0.340]
  eval: e=0.3003  p=[0.307 0.362 0.031 0.352 0.367]
  eval: e=0.0496  p=[0.318 0.465 0.016 0.335 0.342]
  eval: e=0.2519  p=[0.307 0.317 0.014 0.383 0.345]
  eval: e=0.0622  p=[0.309 0.458 0.020 0.346 0.343]
  eval: e=0.0414  p=[0.307 0.499 0.016 0.329 0.342]
  eval: e=0.2042  p=[0.313 0.382 0.033 0.351 0.336]
  eval: e=0.0445  p=[0.306 0.514 0.017 0.323 0.340]
  eval: e=0.0412  p=[0.306 0.499 0.017 0.328 0.339]
  eval: e=0.0431  p=[0.306 0.474 0.019 0.344 0.340]
  eval: e=0.1233  p=[0.321 0.452 0.021 0.355 0.328]
  eval: e=0.2343  p=[0.372 0.331 0.023 0.316 0.339]
  eval: e=0.0432  p=[0.316 0.483 0.019 0.328 0.339]
  eval: e=0.0437  p=[0.307 0.502 0.015 0.329 0.340]
  eval: e=9.4791  p=[0.567 0.309 0.014 0.338 0.315]
  eval: e=0.1213  p=[0.307 0.504 0.028 0.345 0.339]
  eval: e=0.0413  p=[0.307 0.500 0.020 0.328 0.339]
  eval: e=0.0688  p=[0.350 0.235 0.020 0.501 0.362]
  eval: e=0.0481  p=[0.320 0.491 0.037 0.337 0.344]
  eval: e=0.0986  p=[0.308 0.422 0.018 0.357 0.339]
  eval: e=0.2080  p=[0.273 0.388 0.029 0.382 0.335]
  eval: e=0.0448  p=[0.324 0.486 0.027 0.330 0.341]
  eval: e=0.0842  p=[0.307 0.487 0.028 0.353 0.338]
  eval: e=0.3355  p=[0.333 0.339 0.022 0.294 0.358]
  eval: e=0.1684  p=[0.309 0.445 0.036 0.327 0.339]
  eval: e=0.0482  p=[0.316 0.511 0.019 0.333 0.358]
  eval: e=0.0512  p=[0.535 0.466 0.004 0.115 0.310]
  eval: e=0.0747  p=[0.307 0.492 0.029 0.348 0.340]
  eval: e=2.3227  p=[0.309 0.456 0.008 0.409 0.343]
  eval: e=0.1042  p=[0.363 0.331 0.023 0.373 0.347]
  eval: e=0.0539  p=[0.306 0.495 0.018 0.325 0.342]
  eval: e=0.0410  p=[0.307 0.497 0.013 0.328 0.339]
  eval: e=0.7504  p=[0.314 0.497 0.020 0.361 0.339]
  eval: e=0.2986  p=[0.411 0.227 0.018 0.332 0.359]
  eval: e=0.0462  p=[0.311 0.481 0.024 0.330 0.335]
  eval: e=44.7137  p=[0.334 0.669 0.023 0.490 0.410]
  eval: e=0.0427  p=[0.307 0.449 0.025 0.368 0.345]
  101            5100         0.04101           1.507        0
  eval: e=0.0972  p=[0.307 0.404 0.018 0.417 0.349]
  eval: e=0.0420  p=[0.307 0.493 0.013 0.329 0.339]
  eval: e=0.0413  p=[0.307 0.499 0.018 0.328 0.338]
  eval: e=0.0544  p=[0.310 0.451 0.024 0.355 0.344]
  eval: e=11.5325  p=[0.298 0.490 0.034 0.432 0.341]
  eval: e=0.0412  p=[0.307 0.502 0.018 0.328 0.340]
  eval: e=0.0450  p=[0.306 0.513 0.018 0.324 0.339]
  eval: e=0.0413  p=[0.306 0.512 0.018 0.320 0.339]
  eval: e=0.0422  p=[0.307 0.497 0.019 0.333 0.340]
  eval: e=0.0896  p=[0.305 0.421 0.009 0.369 0.348]
  eval: e=0.0566  p=[0.307 0.477 0.018 0.334 0.339]
  eval: e=0.0411  p=[0.306 0.510 0.018 0.322 0.340]
  eval: e=0.0536  p=[0.330 0.482 0.012 0.324 0.341]
  eval: e=0.0412  p=[0.306 0.500 0.018 0.329 0.340]
  eval: e=0.2880  p=[0.321 0.344 0.031 0.451 0.337]
  eval: e=0.0495  p=[0.333 0.479 0.017 0.326 0.343]
  eval: e=0.0661  p=[0.307 0.476 0.040 0.351 0.353]
  eval: e=0.2341  p=[0.321 0.361 0.019 0.343 0.340]
  eval: e=0.0412  p=[0.307 0.498 0.015 0.329 0.339]
  eval: e=8.5621  p=[0.310 0.498 0.031 0.400 0.331]
  eval: e=0.0667  p=[0.307 0.504 0.013 0.334 0.339]
  eval: e=0.0411  p=[0.306 0.499 0.012 0.328 0.339]
  eval: e=0.2243  p=[0.307 0.481 0.027 0.368 0.340]
  eval: e=0.2891  p=[0.359 0.432 0.029 0.350 0.335]
  eval: e=10.0471  p=[0.386 0.496 0.021 0.341 0.337]
  eval: e=0.0692  p=[0.322 0.506 0.018 0.322 0.341]
  eval: e=0.0427  p=[0.307 0.502 0.029 0.328 0.339]
  eval: e=0.1559  p=[0.496 0.402 0.011 0.180 0.347]
  eval: e=0.0794  p=[0.306 0.484 0.024 0.324 0.340]
  eval: e=0.0411  p=[0.307 0.497 0.010 0.328 0.339]
  eval: e=0.2482  p=[0.334 0.363 0.022 0.351 0.367]
  eval: e=12.7339  p=[0.319 0.454 0.038 0.447 0.345]
  eval: e=0.0439  p=[0.310 0.426 0.026 0.377 0.341]
  eval: e=2.2523  p=[0.299 0.526 0.022 0.371 0.339]
  eval: e=0.0467  p=[0.319 0.486 0.020 0.334 0.343]
  eval: e=0.0777  p=[0.307 0.458 0.012 0.335 0.336]
  eval: e=127.8657  p=[0.304 0.481 0.022 0.579 0.361]
  eval: e=0.2633  p=[0.363 0.419 0.009 0.244 0.339]
  eval: e=3.0790  p=[0.310 0.510 0.014 0.370 0.334]
  eval: e=0.2868  p=[0.525 0.529 0.007 0.127 0.331]
  eval: e=0.0418  p=[0.308 0.497 0.016 0.326 0.339]
  eval: e=0.2791  p=[0.334 0.336 0.017 0.325 0.339]
  eval: e=0.2741  p=[0.401 0.403 0.025 0.331 0.336]
  eval: e=0.0790  p=[0.316 0.522 0.019 0.318 0.340]
  eval: e=0.0410  p=[0.307 0.497 0.013 0.328 0.339]
  eval: e=0.2149  p=[0.305 0.474 0.020 0.371 0.341]
  eval: e=0.0407  p=[0.281 0.554 0.018 0.328 0.352]
  eval: e=0.0560  p=[0.305 0.482 0.022 0.329 0.333]
  eval: e=5.0479  p=[0.407 0.432 0.023 0.334 0.313]
  eval: e=0.0459  p=[0.307 0.508 0.017 0.327 0.339]
  102            5150         0.04072           3.711        0
  eval: e=0.0483  p=[0.288 0.525 0.025 0.341 0.343]
  eval: e=0.0559  p=[0.293 0.541 0.017 0.329 0.348]
  eval: e=0.9592  p=[0.296 0.577 0.018 0.330 0.344]
  eval: e=0.0697  p=[0.306 0.496 0.021 0.317 0.337]
  eval: e=0.2447  p=[0.280 0.463 0.012 0.311 0.344]
  eval: e=0.0411  p=[0.307 0.499 0.016 0.329 0.339]
  eval: e=0.0490  p=[0.298 0.539 0.017 0.330 0.357]
  eval: e=0.0412  p=[0.306 0.514 0.018 0.320 0.339]
  eval: e=0.0439  p=[0.307 0.492 0.019 0.329 0.339]
  eval: e=0.2496  p=[0.314 0.515 0.026 0.342 0.345]
  eval: e=0.0414  p=[0.306 0.494 0.018 0.334 0.339]
  eval: e=0.0411  p=[0.306 0.510 0.018 0.322 0.340]
  eval: e=0.1152  p=[0.282 0.421 0.043 0.394 0.346]
  eval: e=0.0412  p=[0.306 0.496 0.017 0.331 0.339]
  eval: e=0.2884  p=[0.308 0.343 0.029 0.359 0.355]
  eval: e=0.0643  p=[0.331 0.437 0.014 0.338 0.344]
  eval: e=34.3950  p=[0.272 0.588 0.003 0.419 0.354]
  eval: e=21.7438  p=[0.392 0.518 0.026 0.352 0.343]
  eval: e=0.0606  p=[0.286 0.528 0.017 0.328 0.351]
  eval: e=0.1843  p=[0.313 0.387 0.036 0.423 0.335]
  eval: e=0.0421  p=[0.306 0.491 0.014 0.332 0.339]
  eval: e=0.0409  p=[0.307 0.497 0.011 0.328 0.339]
  eval: e=0.1022  p=[0.307 0.482 0.021 0.317 0.340]
  eval: e=11.3685  p=[0.357 0.571 0.049 0.334 0.346]
  eval: e=0.3876  p=[0.367 0.477 0.025 0.317 0.339]
  eval: e=0.0546  p=[0.324 0.510 0.019 0.323 0.353]
  eval: e=0.0425  p=[0.307 0.519 0.027 0.320 0.339]
  eval: e=0.3285  p=[0.288 0.366 0.008 0.287 0.323]
  eval: e=0.0739  p=[0.308 0.490 0.008 0.342 0.340]
  eval: e=0.1442  p=[0.276 0.499 0.019 0.328 0.344]
  eval: e=0.1479  p=[0.303 0.278 0.022 0.463 0.355]
  eval: e=0.2978  p=[0.303 0.379 0.003 0.308 0.340]
  eval: e=0.0711  p=[0.310 0.418 0.019 0.369 0.342]
  eval: e=0.1187  p=[0.267 0.410 0.018 0.398 0.337]
  eval: e=0.1205  p=[0.324 0.437 0.020 0.334 0.348]
  eval: e=0.0696  p=[0.307 0.463 0.020 0.340 0.340]
  eval: e=0.3274  p=[0.327 0.218 0.011 0.386 0.355]
  eval: e=0.2961  p=[0.308 0.460 0.048 0.263 0.338]
  eval: e=0.1481  p=[0.310 0.425 0.013 0.346 0.349]
  eval: e=12.3295  p=[0.443 0.436 0.007 0.322 0.313]
  eval: e=0.0413  p=[0.307 0.497 0.016 0.330 0.339]
  eval: e=38.6423  p=[0.333 0.566 0.016 0.384 0.343]
  eval: e=0.2628  p=[0.315 0.330 0.027 0.369 0.348]
  eval: e=0.0642  p=[0.315 0.499 0.019 0.312 0.343]
  eval: e=0.0410  p=[0.307 0.497 0.013 0.328 0.339]
  eval: e=0.0456  p=[0.309 0.454 0.026 0.366 0.340]
  eval: e=0.0576  p=[0.268 0.587 0.018 0.327 0.351]
  eval: e=0.0470  p=[0.311 0.491 0.015 0.332 0.336]
  eval: e=0.2940  p=[0.318 0.383 0.027 0.393 0.429]
  eval: e=0.1046  p=[0.307 0.492 0.021 0.356 0.347]
  103            5200         0.04072           2.498        1
  eval: e=6.6433  p=[0.304 0.464 0.019 0.428 0.340]
  eval: e=0.0523  p=[0.317 0.489 0.017 0.327 0.332]
  eval: e=0.0477  p=[0.276 0.541 0.018 0.330 0.347]
  eval: e=0.0851  p=[0.280 0.422 0.026 0.396 0.344]
  eval: e=0.1430  p=[0.279 0.538 0.059 0.367 0.345]
  eval: e=0.0424  p=[0.302 0.516 0.019 0.328 0.342]
  eval: e=0.0892  p=[0.303 0.467 0.013 0.328 0.334]
  eval: e=0.0948  p=[0.273 0.526 0.018 0.328 0.347]
  eval: e=0.0469  p=[0.307 0.494 0.010 0.335 0.339]
  eval: e=1.3023  p=[0.306 0.345 0.030 0.490 0.343]
  eval: e=0.0420  p=[0.306 0.498 0.017 0.331 0.339]
  eval: e=0.0716  p=[0.278 0.526 0.018 0.329 0.346]
  eval: e=0.5656  p=[0.389 0.438 0.024 0.323 0.332]
  eval: e=0.2992  p=[0.297 0.563 0.017 0.329 0.348]
  eval: e=24.2209  p=[0.276 0.515 0.022 0.481 0.379]
  eval: e=3.2801  p=[0.346 0.515 0.013 0.340 0.343]
  eval: e=0.1787  p=[0.338 0.291 0.023 0.417 0.360]
  eval: e=0.1174  p=[0.278 0.540 0.016 0.351 0.346]
  eval: e=0.0530  p=[0.297 0.502 0.015 0.329 0.343]
  eval: e=0.0423  p=[0.288 0.541 0.029 0.329 0.349]
  eval: e=0.0536  p=[0.302 0.530 0.018 0.324 0.345]
  eval: e=0.0409  p=[0.307 0.497 0.011 0.328 0.339]
  eval: e=0.3437  p=[0.307 0.455 0.023 0.389 0.340]
  eval: e=1.7987  p=[0.330 0.483 0.016 0.358 0.330]
  eval: e=0.2740  p=[0.292 0.528 0.019 0.355 0.347]
  eval: e=1.8244  p=[0.321 0.552 0.019 0.328 0.338]
  eval: e=0.0539  p=[0.307 0.499 0.020 0.321 0.340]
  eval: e=4.5541  p=[0.706 0.495 0.012 0.161 0.333]
  eval: e=0.0438  p=[0.307 0.496 0.019 0.335 0.339]
  eval: e=0.3069  p=[0.331 0.496 0.005 0.328 0.338]
  eval: e=58.2745  p=[0.344 0.378 0.020 0.555 0.364]
  eval: e=27.0148  p=[0.289 0.566 0.056 0.428 0.353]
  eval: e=16.7236  p=[0.307 0.570 0.028 0.383 0.348]
  eval: e=0.1155  p=[0.266 0.565 0.018 0.338 0.336]
  eval: e=9.0306  p=[0.325 0.547 0.028 0.368 0.350]
  eval: e=0.0740  p=[0.307 0.463 0.018 0.336 0.337]
  eval: e=0.3185  p=[0.278 0.276 0.023 0.416 0.362]
  eval: e=0.1965  p=[0.333 0.515 0.034 0.254 0.348]
  eval: e=0.0754  p=[0.314 0.452 0.012 0.339 0.343]
  eval: e=0.0464  p=[0.514 0.524 0.015 0.098 0.318]
  eval: e=0.0409  p=[0.307 0.497 0.010 0.328 0.339]
  eval: e=0.1142  p=[0.317 0.328 0.009 0.407 0.341]
  eval: e=0.1601  p=[0.357 0.352 0.029 0.357 0.354]
  eval: e=0.4044  p=[0.285 0.593 0.018 0.329 0.354]
  eval: e=0.0680  p=[0.281 0.534 0.017 0.328 0.354]
  eval: e=1.7962  p=[0.296 0.538 0.019 0.370 0.351]
  eval: e=0.0865  p=[0.291 0.558 0.018 0.328 0.352]
  eval: e=0.0605  p=[0.295 0.498 0.021 0.335 0.345]
  eval: e=0.3941  p=[0.320 0.212 0.027 0.550 0.339]
  eval: e=0.0447  p=[0.307 0.487 0.018 0.334 0.341]
  104            5250         0.04072           3.235        2
  eval: e=0.2929  p=[0.269 0.442 0.030 0.320 0.348]
  eval: e=0.2013  p=[0.258 0.507 0.017 0.334 0.357]
  eval: e=0.0497  p=[0.298 0.505 0.018 0.327 0.341]
  eval: e=0.1802  p=[0.357 0.476 0.008 0.313 0.339]
  eval: e=0.9038  p=[0.268 0.523 0.007 0.393 0.348]
  eval: e=0.0676  p=[0.287 0.519 0.018 0.328 0.348]
  eval: e=0.0622  p=[0.292 0.561 0.020 0.327 0.357]
  eval: e=0.0707  p=[0.279 0.532 0.018 0.325 0.347]
  eval: e=0.0933  p=[0.279 0.555 0.022 0.335 0.342]
  eval: e=1.0399  p=[0.279 0.468 0.030 0.430 0.349]
  eval: e=0.0481  p=[0.288 0.531 0.018 0.329 0.350]
  eval: e=1.5539  p=[0.343 0.516 0.009 0.319 0.331]
  eval: e=0.0850  p=[0.319 0.449 0.016 0.339 0.348]
  eval: e=0.0429  p=[0.297 0.523 0.017 0.328 0.343]
  eval: e=3.8293  p=[0.311 0.519 0.019 0.404 0.377]
  eval: e=0.2268  p=[0.252 0.520 0.023 0.324 0.357]
  eval: e=0.2931  p=[0.271 0.299 0.019 0.434 0.369]
  eval: e=0.1475  p=[0.360 0.347 0.025 0.357 0.350]
  eval: e=0.0750  p=[0.294 0.552 0.019 0.328 0.351]
  eval: e=0.0417  p=[0.285 0.558 0.021 0.319 0.351]
  eval: e=0.0514  p=[0.292 0.510 0.018 0.331 0.343]
  eval: e=0.0409  p=[0.307 0.497 0.011 0.328 0.339]
  eval: e=0.2202  p=[0.307 0.451 0.016 0.300 0.340]
  eval: e=0.1011  p=[0.345 0.467 0.040 0.341 0.346]
  eval: e=5.6251  p=[0.429 0.438 0.029 0.343 0.346]
  eval: e=0.0737  p=[0.318 0.474 0.018 0.325 0.345]
  eval: e=0.0799  p=[0.277 0.522 0.023 0.335 0.349]
  eval: e=58.8390  p=[0.430 0.475 0.014 0.386 0.315]
  eval: e=0.0540  p=[0.307 0.474 0.020 0.337 0.340]
  eval: e=0.0407  p=[0.263 0.561 0.014 0.328 0.339]
  eval: e=65.3987  p=[0.326 0.568 0.019 0.434 0.362]
  eval: e=0.3275  p=[0.302 0.305 0.048 0.355 0.346]
  eval: e=0.0495  p=[0.306 0.522 0.012 0.325 0.348]
  eval: e=0.5959  p=[0.286 0.364 0.022 0.483 0.345]
  eval: e=1.3666  p=[0.320 0.499 0.027 0.366 0.341]
  eval: e=0.0647  p=[0.281 0.492 0.024 0.354 0.346]
  eval: e=12.9791  p=[0.371 0.543 0.016 0.355 0.371]
  eval: e=0.2969  p=[0.320 0.469 0.033 0.247 0.346]
  eval: e=0.5577  p=[0.307 0.527 0.027 0.354 0.350]
  eval: e=36.5838  p=[0.416 0.572 0.018 0.345 0.364]
  eval: e=0.1563  p=[0.301 0.548 0.018 0.327 0.348]
  eval: e=0.1544  p=[0.304 0.440 0.014 0.338 0.347]
  eval: e=0.2648  p=[0.348 0.313 0.017 0.343 0.347]
  eval: e=0.0909  p=[0.307 0.483 0.010 0.315 0.339]
  eval: e=0.1714  p=[0.296 0.539 0.015 0.327 0.334]
  eval: e=0.0683  p=[0.314 0.445 0.012 0.362 0.333]
  eval: e=0.0411  p=[0.285 0.550 0.018 0.327 0.351]
  eval: e=1.5115  p=[0.310 0.566 0.020 0.325 0.337]
  eval: e=0.7533  p=[0.420 0.424 0.025 0.314 0.338]
  eval: e=0.2059  p=[0.306 0.523 0.024 0.347 0.351]
  105            5300         0.04072           3.921        3
  eval: e=0.2969  p=[0.293 0.355 0.025 0.358 0.354]
  eval: e=0.0807  p=[0.267 0.550 0.017 0.327 0.352]
  eval: e=0.3119  p=[0.303 0.542 0.018 0.332 0.341]
  eval: e=0.2565  p=[0.233 0.486 0.037 0.345 0.343]
  eval: e=0.8420  p=[0.280 0.540 0.029 0.377 0.349]
  eval: e=0.7272  p=[0.309 0.550 0.016 0.328 0.340]
  eval: e=0.0443  p=[0.300 0.513 0.014 0.327 0.348]
  eval: e=0.0475  p=[0.283 0.537 0.018 0.324 0.345]
  eval: e=0.0632  p=[0.307 0.529 0.017 0.328 0.352]
  eval: e=0.1569  p=[0.286 0.474 0.021 0.343 0.356]
  eval: e=0.1460  p=[0.297 0.546 0.019 0.334 0.349]
  eval: e=0.1916  p=[0.263 0.513 0.023 0.327 0.354]
  eval: e=0.2775  p=[0.274 0.386 0.040 0.368 0.349]
  eval: e=0.0435  p=[0.300 0.530 0.018 0.330 0.354]
  eval: e=0.3700  p=[0.281 0.264 0.031 0.314 0.346]
  eval: e=0.0999  p=[0.306 0.440 0.008 0.339 0.335]
  eval: e=47.7212  p=[0.278 0.624 0.021 0.392 0.334]
  eval: e=0.1616  p=[0.363 0.377 0.020 0.326 0.349]
  eval: e=0.0534  p=[0.301 0.509 0.017 0.328 0.351]
  eval: e=0.0416  p=[0.281 0.559 0.018 0.327 0.352]
  eval: e=0.0496  p=[0.294 0.523 0.017 0.326 0.350]
  eval: e=0.3062  p=[0.304 0.550 0.018 0.327 0.345]
  eval: e=0.1730  p=[0.295 0.477 0.026 0.316 0.343]
  eval: e=0.0535  p=[0.322 0.483 0.065 0.343 0.334]
  eval: e=6.5121  p=[0.379 0.480 0.025 0.346 0.332]
  eval: e=0.4475  p=[0.290 0.571 0.020 0.327 0.340]
  eval: e=0.1954  p=[0.313 0.524 0.021 0.328 0.339]
  eval: e=0.1580  p=[0.430 0.373 0.020 0.315 0.333]
  eval: e=0.0534  p=[0.274 0.561 0.021 0.334 0.347]
  eval: e=0.0419  p=[0.266 0.557 0.020 0.327 0.339]
  eval: e=0.3517  p=[0.270 0.131 0.024 0.475 0.358]
  eval: e=0.0653  p=[0.299 0.402 0.029 0.401 0.347]
  eval: e=0.1271  p=[0.276 0.460 0.028 0.362 0.343]
  eval: e=0.2444  p=[0.264 0.555 0.023 0.275 0.351]
  eval: e=0.1651  p=[0.279 0.458 0.026 0.365 0.361]
  eval: e=0.0576  p=[0.290 0.476 0.025 0.360 0.347]
  eval: e=0.1969  p=[0.292 0.383 0.029 0.413 0.379]
  eval: e=0.0925  p=[0.387 0.450 0.019 0.267 0.343]
  eval: e=0.0511  p=[0.311 0.429 0.007 0.372 0.351]
  eval: e=0.1934  p=[0.359 0.550 0.017 0.196 0.344]
  eval: e=0.1479  p=[0.281 0.500 0.015 0.328 0.353]
  eval: e=21.4127  p=[0.318 0.505 0.011 0.421 0.351]
  eval: e=20.0500  p=[0.440 0.483 0.031 0.347 0.348]
  eval: e=0.0435  p=[0.312 0.504 0.031 0.330 0.348]
  eval: e=0.0487  p=[0.296 0.506 0.018 0.328 0.339]
  eval: e=0.0440  p=[0.281 0.491 0.031 0.369 0.349]
  eval: e=0.0433  p=[0.277 0.555 0.018 0.327 0.352]
  eval: e=0.1412  p=[0.310 0.448 0.022 0.327 0.340]
  eval: e=0.3893  p=[0.359 0.030 0.027 0.347 0.421]
  eval: e=0.1443  p=[0.305 0.448 0.023 0.340 0.349]
  106            5350         0.04072           2.079        4
  eval: e=0.1761  p=[0.279 0.356 0.022 0.419 0.349]
  eval: e=0.1589  p=[0.283 0.476 0.017 0.332 0.344]
  eval: e=0.0424  p=[0.287 0.537 0.018 0.331 0.346]
  eval: e=2.4807  p=[0.301 0.580 0.015 0.343 0.353]
  eval: e=0.2848  p=[0.277 0.454 0.033 0.307 0.345]
  eval: e=0.0749  p=[0.294 0.550 0.018 0.328 0.352]
  eval: e=0.0750  p=[0.295 0.496 0.017 0.327 0.341]
  eval: e=0.0584  p=[0.293 0.520 0.017 0.320 0.343]
  eval: e=0.1502  p=[0.271 0.493 0.019 0.334 0.342]
  eval: e=2.8870  p=[0.307 0.390 0.021 0.476 0.355]
  eval: e=0.1071  p=[0.306 0.478 0.019 0.327 0.349]
  eval: e=0.2902  p=[0.311 0.542 0.017 0.325 0.346]
  eval: e=12.4678  p=[0.401 0.510 0.028 0.333 0.343]
  eval: e=0.0573  p=[0.281 0.517 0.017 0.328 0.336]
  eval: e=10.8134  p=[0.322 0.434 0.020 0.459 0.359]
  eval: e=0.3693  p=[0.324 0.523 0.022 0.337 0.353]
  eval: e=0.2475  p=[0.318 0.331 0.027 0.383 0.359]
  eval: e=0.0427  p=[0.257 0.574 0.028 0.340 0.346]
  eval: e=0.0428  p=[0.291 0.513 0.015 0.328 0.336]
  eval: e=0.0406  p=[0.280 0.554 0.018 0.328 0.352]
  eval: e=0.0566  p=[0.301 0.519 0.018 0.331 0.342]
  eval: e=0.1374  p=[0.286 0.483 0.009 0.327 0.344]
  eval: e=0.0485  p=[0.285 0.477 0.026 0.367 0.346]
  eval: e=0.1414  p=[0.287 0.469 0.028 0.347 0.350]
  eval: e=0.2029  p=[0.304 0.409 0.022 0.345 0.344]
  eval: e=0.2452  p=[0.293 0.434 0.019 0.326 0.350]
  eval: e=0.0489  p=[0.284 0.541 0.022 0.326 0.349]
  eval: e=0.8415  p=[0.651 0.322 0.011 0.175 0.291]
  eval: e=0.0757  p=[0.278 0.512 0.026 0.342 0.348]
  eval: e=0.0461  p=[0.275 0.555 0.012 0.328 0.341]
  eval: e=77.8987  p=[0.330 0.643 0.016 0.410 0.357]
  eval: e=22.7536  p=[0.296 0.560 0.018 0.405 0.349]
  eval: e=0.0418  p=[0.279 0.524 0.022 0.354 0.354]
  eval: e=4.4314  p=[0.266 0.341 0.024 0.544 0.338]
  eval: e=7.1234  p=[0.309 0.581 0.020 0.355 0.354]
  eval: e=0.0468  p=[0.312 0.512 0.017 0.316 0.347]
  eval: e=42.4446  p=[0.299 0.481 0.019 0.491 0.363]
  eval: e=0.0701  p=[0.402 0.421 0.023 0.280 0.342]
  eval: e=0.1784  p=[0.294 0.470 0.017 0.326 0.351]
  eval: e=0.0463  p=[0.367 0.533 0.016 0.225 0.319]
  eval: e=0.7381  p=[0.301 0.551 0.015 0.328 0.332]
  eval: e=0.3095  p=[0.294 0.319 0.013 0.358 0.345]
  eval: e=0.2950  p=[0.266 0.395 0.017 0.347 0.346]
  eval: e=0.0416  p=[0.305 0.539 0.003 0.311 0.351]
  eval: e=0.0415  p=[0.288 0.523 0.013 0.328 0.341]
  eval: e=0.2397  p=[0.291 0.406 0.020 0.352 0.352]
  eval: e=0.0462  p=[0.287 0.553 0.018 0.328 0.352]
  eval: e=0.1681  p=[0.273 0.480 0.018 0.335 0.342]
  eval: e=0.0570  p=[0.310 0.174 0.026 0.603 0.402]
  eval: e=0.2275  p=[0.281 0.457 0.023 0.331 0.349]
  107            5400         0.04065           3.798        0
  eval: e=1.4740  p=[0.313 0.369 0.022 0.458 0.335]
  eval: e=0.0539  p=[0.292 0.538 0.017 0.331 0.347]
  eval: e=0.2175  p=[0.298 0.549 0.018 0.331 0.345]
  eval: e=0.1534  p=[0.299 0.420 0.031 0.362 0.345]
  eval: e=0.0778  p=[0.307 0.513 0.060 0.314 0.337]
  eval: e=0.1457  p=[0.290 0.482 0.017 0.328 0.348]
  eval: e=0.0404  p=[0.267 0.554 0.010 0.327 0.337]
  eval: e=0.0635  p=[0.280 0.556 0.018 0.323 0.336]
  eval: e=2.1605  p=[0.355 0.498 0.018 0.334 0.336]
  eval: e=37.4085  p=[0.308 0.465 0.023 0.465 0.332]
  eval: e=0.3603  p=[0.307 0.517 0.014 0.332 0.326]
  eval: e=0.1171  p=[0.305 0.472 0.019 0.319 0.337]
  eval: e=0.2370  p=[0.255 0.471 0.028 0.335 0.339]
  eval: e=0.2675  p=[0.330 0.499 0.017 0.329 0.337]
  eval: e=0.2782  p=[0.313 0.452 0.027 0.300 0.369]
  eval: e=0.1104  p=[0.315 0.522 0.020 0.333 0.353]
  eval: e=1.2483  p=[0.263 0.507 0.021 0.412 0.342]
  eval: e=0.0511  p=[0.250 0.582 0.017 0.334 0.338]
  eval: e=0.0488  p=[0.286 0.541 0.015 0.328 0.341]
  eval: e=0.0407  p=[0.280 0.554 0.018 0.328 0.352]
  eval: e=0.0730  p=[0.310 0.467 0.014 0.328 0.338]
  eval: e=0.0603  p=[0.299 0.497 0.023 0.328 0.339]
  eval: e=0.0995  p=[0.284 0.471 0.019 0.354 0.346]
  eval: e=0.1563  p=[0.326 0.498 0.034 0.327 0.329]
  eval: e=26.3138  p=[0.383 0.538 0.015 0.342 0.335]
  eval: e=5.8752  p=[0.309 0.604 0.019 0.325 0.340]
  eval: e=0.2129  p=[0.312 0.541 0.021 0.326 0.349]
  eval: e=9.4665  p=[0.581 0.305 0.016 0.338 0.317]
  eval: e=0.0857  p=[0.303 0.480 0.017 0.323 0.336]
  eval: e=0.0436  p=[0.262 0.569 0.015 0.327 0.338]
  eval: e=69.0675  p=[0.327 0.608 0.019 0.558 0.381]
  eval: e=6.6353  p=[0.330 0.450 0.038 0.417 0.336]
  eval: e=0.0413  p=[0.281 0.539 0.018 0.337 0.352]
  eval: e=4.7292  p=[0.284 0.446 0.022 0.450 0.335]
  eval: e=0.0429  p=[0.334 0.438 0.024 0.353 0.346]
  eval: e=0.0495  p=[0.308 0.490 0.024 0.322 0.331]
  eval: e=0.1159  p=[0.308 0.189 0.019 0.532 0.358]
  eval: e=0.2185  p=[0.440 0.442 0.017 0.264 0.338]
  eval: e=0.0908  p=[0.303 0.472 0.021 0.373 0.349]
  eval: e=0.6370  p=[0.361 0.554 0.016 0.273 0.337]
  eval: e=0.0423  p=[0.298 0.523 0.017 0.328 0.350]
  eval: e=0.0544  p=[0.342 0.368 0.014 0.373 0.336]
  eval: e=21.5070  p=[0.352 0.553 0.019 0.354 0.341]
  eval: e=0.0870  p=[0.269 0.547 0.011 0.322 0.352]
  eval: e=0.0410  p=[0.278 0.537 0.014 0.328 0.339]
  eval: e=2.3150  p=[0.288 0.586 0.021 0.339 0.337]
  eval: e=0.0407  p=[0.281 0.554 0.018 0.328 0.352]
  eval: e=2.4703  p=[0.300 0.580 0.019 0.327 0.331]
  eval: e=52.8132  p=[0.415 0.663 0.018 0.311 0.335]
  eval: e=0.0680  p=[0.308 0.464 0.022 0.333 0.332]
  108            5450         0.04042            4.96        0
  eval: e=0.1358  p=[0.267 0.522 0.023 0.387 0.357]
  eval: e=0.1432  p=[0.296 0.539 0.017 0.333 0.342]
  eval: e=0.0460  p=[0.298 0.528 0.018 0.330 0.347]
  eval: e=0.0511  p=[0.310 0.467 0.023 0.340 0.337]
  eval: e=0.4021  p=[0.236 0.525 0.026 0.413 0.340]
  eval: e=0.0414  p=[0.319 0.477 0.009 0.329 0.341]
  eval: e=0.0408  p=[0.264 0.560 0.010 0.327 0.337]
  eval: e=0.0480  p=[0.295 0.551 0.018 0.322 0.352]
  eval: e=0.2583  p=[0.225 0.501 0.013 0.330 0.339]
  eval: e=0.3487  p=[0.268 0.456 0.022 0.291 0.388]
  eval: e=0.1980  p=[0.307 0.516 0.011 0.334 0.337]
  eval: e=3.8543  p=[0.298 0.602 0.011 0.325 0.339]
  eval: e=8.2254  p=[0.388 0.420 0.005 0.386 0.340]
  eval: e=0.1377  p=[0.277 0.496 0.018 0.331 0.345]
  eval: e=0.3225  p=[0.315 0.347 0.024 0.321 0.356]
  eval: e=0.0899  p=[0.324 0.489 0.010 0.333 0.343]
  eval: e=11.0094  p=[0.319 0.439 0.023 0.462 0.361]
  eval: e=0.0427  p=[0.257 0.573 0.018 0.339 0.348]
  eval: e=0.0450  p=[0.306 0.488 0.011 0.329 0.338]
  eval: e=0.0406  p=[0.280 0.555 0.018 0.328 0.352]
  eval: e=0.2564  p=[0.305 0.552 0.020 0.331 0.354]
  eval: e=0.0695  p=[0.300 0.503 0.016 0.328 0.352]
  eval: e=0.1705  p=[0.333 0.470 0.021 0.343 0.337]
  eval: e=0.0452  p=[0.315 0.516 0.052 0.333 0.354]
  eval: e=0.2611  p=[0.302 0.367 0.023 0.347 0.338]
  eval: e=0.1446  p=[0.335 0.406 0.012 0.327 0.338]
  eval: e=0.3889  p=[0.306 0.535 0.012 0.327 0.334]
  eval: e=0.0702  p=[0.366 0.590 0.009 0.189 0.307]
  eval: e=0.0535  p=[0.297 0.503 0.026 0.343 0.355]
  eval: e=0.0447  p=[0.262 0.555 0.012 0.327 0.338]
  eval: e=0.3629  p=[0.319 0.117 0.019 0.360 0.316]
  eval: e=19.2029  p=[0.303 0.519 0.028 0.423 0.346]
  eval: e=0.1156  p=[0.279 0.560 0.013 0.331 0.341]
  eval: e=0.1085  p=[0.255 0.453 0.023 0.401 0.354]
  eval: e=0.2565  p=[0.256 0.430 0.006 0.348 0.341]
  eval: e=1.0628  p=[0.295 0.522 0.019 0.369 0.343]
  eval: e=0.2502  p=[0.283 0.214 0.018 0.509 0.374]
  eval: e=0.3603  p=[0.275 0.470 0.035 0.213 0.350]
  eval: e=0.2144  p=[0.284 0.482 0.020 0.314 0.349]
  eval: e=0.1627  p=[0.296 0.549 0.018 0.261 0.335]
  eval: e=0.0787  p=[0.306 0.505 0.006 0.328 0.333]
  eval: e=0.0570  p=[0.283 0.500 0.016 0.383 0.368]
  eval: e=0.5350  p=[0.354 0.460 0.021 0.346 0.342]
  eval: e=0.0480  p=[0.283 0.533 0.006 0.316 0.336]
  eval: e=0.0644  p=[0.256 0.553 0.014 0.328 0.338]
  eval: e=6.2133  p=[0.309 0.552 0.026 0.364 0.341]
  eval: e=0.0408  p=[0.280 0.554 0.018 0.328 0.352]
  eval: e=0.2199  p=[0.321 0.387 0.017 0.331 0.339]
  eval: e=0.1682  p=[0.194 0.376 0.028 0.622 0.425]
  eval: e=0.1221  p=[0.302 0.522 0.023 0.361 0.369]
  109            5500         0.04042           1.133        1
  eval: e=0.5385  p=[0.293 0.523 0.026 0.370 0.351]
  eval: e=0.2468  p=[0.306 0.533 0.013 0.326 0.336]
  eval: e=0.0769  p=[0.294 0.524 0.011 0.329 0.333]
  eval: e=0.1291  p=[0.277 0.546 0.020 0.357 0.355]
  eval: e=0.1232  p=[0.335 0.414 0.048 0.341 0.340]
  eval: e=0.0729  p=[0.297 0.524 0.011 0.326 0.335]
  eval: e=0.0436  p=[0.265 0.551 0.011 0.327 0.338]
  eval: e=0.0465  p=[0.300 0.526 0.017 0.323 0.340]
  eval: e=11.5775  p=[0.386 0.532 0.018 0.335 0.355]
  eval: e=94.1050  p=[0.289 0.553 0.026 0.509 0.372]
  eval: e=0.1057  p=[0.294 0.507 0.023 0.328 0.356]
  eval: e=0.1128  p=[0.271 0.514 0.016 0.326 0.339]
  eval: e=0.1809  p=[0.344 0.356 0.006 0.342 0.342]
  eval: e=0.7136  p=[0.308 0.549 0.013 0.331 0.343]
  eval: e=0.2200  p=[0.274 0.482 0.028 0.337 0.361]
  eval: e=0.2542  p=[0.337 0.478 0.014 0.340 0.343]
  eval: e=0.2635  p=[0.289 0.308 0.020 0.420 0.361]
  eval: e=0.1072  p=[0.258 0.545 0.030 0.336 0.352]
  eval: e=0.3116  p=[0.307 0.535 0.012 0.328 0.339]
  eval: e=0.0406  p=[0.280 0.555 0.018 0.328 0.352]
  eval: e=0.0448  p=[0.291 0.497 0.009 0.328 0.327]
  eval: e=0.1395  p=[0.275 0.508 0.012 0.328 0.351]
  eval: e=0.0511  p=[0.269 0.543 0.022 0.347 0.359]
  eval: e=0.0429  p=[0.303 0.520 0.028 0.332 0.353]
  eval: e=0.3315  p=[0.305 0.323 0.026 0.329 0.347]
  eval: e=1.2593  p=[0.316 0.552 0.012 0.326 0.340]
  eval: e=0.0925  p=[0.293 0.520 0.019 0.328 0.362]
  eval: e=88.5823  p=[0.387 0.576 0.017 0.350 0.290]
  eval: e=0.0641  p=[0.262 0.512 0.003 0.335 0.325]
  eval: e=0.0435  p=[0.271 0.554 0.015 0.328 0.347]
  eval: e=32.1461  p=[0.282 0.756 0.015 0.486 0.336]
  eval: e=0.3638  p=[0.280 0.306 0.020 0.296 0.342]
  eval: e=0.0404  p=[0.277 0.541 0.013 0.333 0.347]
  eval: e=0.2750  p=[0.257 0.440 0.023 0.329 0.334]
  eval: e=5.4957  p=[0.405 0.457 0.022 0.343 0.343]
  eval: e=1.8659  p=[0.301 0.547 0.027 0.357 0.342]
  eval: e=0.3594  p=[0.272 0.310 0.019 0.311 0.339]
  eval: e=15.0140  p=[0.500 0.495 0.034 0.280 0.333]
  eval: e=0.0720  p=[0.292 0.490 0.017 0.346 0.353]
  eval: e=0.3171  p=[0.273 0.531 0.017 0.212 0.329]
  eval: e=0.0414  p=[0.307 0.495 0.010 0.328 0.341]
  eval: e=0.0915  p=[0.326 0.339 0.004 0.402 0.308]
  eval: e=0.0663  p=[0.350 0.434 0.024 0.350 0.348]
  eval: e=0.0409  p=[0.286 0.548 0.005 0.318 0.349]
  eval: e=0.1693  p=[0.300 0.547 0.015 0.328 0.347]
  eval: e=0.3055  p=[0.294 0.527 0.008 0.344 0.338]
  eval: e=0.0407  p=[0.281 0.555 0.018 0.328 0.352]
  eval: e=3.3580  p=[0.251 0.647 0.024 0.334 0.328]
  eval: e=0.3780  p=[0.400 0.318 0.020 0.194 0.410]
  eval: e=0.2132  p=[0.280 0.468 0.025 0.336 0.355]
  110            5550         0.04037           5.212        0
  eval: e=9.9430  p=[0.272 0.536 0.008 0.415 0.343]
  eval: e=0.0823  p=[0.292 0.514 0.003 0.325 0.357]
  eval: e=0.1631  p=[0.300 0.449 0.023 0.332 0.341]
  eval: e=0.2116  p=[0.310 0.357 0.025 0.372 0.342]
  eval: e=0.2815  p=[0.206 0.545 0.046 0.332 0.354]
  eval: e=0.0478  p=[0.293 0.532 0.014 0.329 0.345]
  eval: e=0.0450  p=[0.268 0.558 0.010 0.327 0.337]
  eval: e=0.0663  p=[0.272 0.515 0.014 0.337 0.339]
  eval: e=0.2696  p=[0.200 0.544 0.019 0.332 0.349]
  eval: e=0.3595  p=[0.294 0.359 0.024 0.271 0.353]
  eval: e=0.0457  p=[0.298 0.491 0.016 0.334 0.325]
  eval: e=0.0411  p=[0.279 0.559 0.020 0.326 0.352]
  eval: e=36.2876  p=[0.356 0.604 0.018 0.349 0.353]
  eval: e=0.1493  p=[0.295 0.541 0.013 0.332 0.344]
  eval: e=26.8683  p=[0.323 0.419 0.027 0.494 0.353]
  eval: e=0.0630  p=[0.304 0.510 0.014 0.333 0.340]
  eval: e=0.1020  p=[0.306 0.381 0.021 0.408 0.361]
  eval: e=3.1161  p=[0.327 0.538 0.008 0.330 0.331]
  eval: e=0.0827  p=[0.296 0.546 0.022 0.328 0.347]
  eval: e=0.0415  p=[0.267 0.554 0.017 0.327 0.338]
  eval: e=0.0693  p=[0.298 0.535 0.020 0.331 0.374]
  eval: e=0.4706  p=[0.305 0.524 0.012 0.336 0.332]
  eval: e=1.5938  p=[0.319 0.529 0.022 0.348 0.343]
  eval: e=0.0423  p=[0.289 0.541 0.014 0.326 0.353]
  eval: e=63.7576  p=[0.395 0.669 0.010 0.331 0.326]
  eval: e=0.1683  p=[0.308 0.437 0.016 0.326 0.339]
  eval: e=0.1095  p=[0.295 0.507 0.022 0.320 0.350]
  eval: e=0.3737  p=[0.425 0.141 0.017 0.233 0.344]
  eval: e=0.2279  p=[0.275 0.470 0.037 0.328 0.344]
  eval: e=0.0710  p=[0.266 0.573 0.014 0.328 0.338]
  eval: e=25.6300  p=[0.365 0.565 0.010 0.346 0.348]
  eval: e=2.0562  p=[0.289 0.468 0.020 0.426 0.348]
  eval: e=0.0417  p=[0.277 0.539 0.013 0.334 0.347]
  eval: e=0.3545  p=[0.268 0.447 0.019 0.437 0.347]
  eval: e=0.3270  p=[0.120 0.553 0.017 0.349 0.337]
  eval: e=0.2433  p=[0.298 0.547 0.017 0.322 0.332]
  eval: e=0.2558  p=[0.331 0.467 0.019 0.366 0.356]
  eval: e=1.6969  p=[0.392 0.477 0.012 0.311 0.340]
  eval: e=0.0577  p=[0.295 0.496 0.021 0.362 0.352]
  eval: e=1.2914  p=[0.404 0.531 0.010 0.249 0.328]
  eval: e=0.1451  p=[0.268 0.500 0.011 0.328 0.339]
  eval: e=0.1854  p=[0.339 0.479 0.005 0.299 0.383]
  eval: e=17.8446  p=[0.450 0.407 0.026 0.391 0.349]
  eval: e=0.0406  p=[0.287 0.550 0.005 0.318 0.351]
  eval: e=0.0621  p=[0.299 0.511 0.014 0.328 0.330]
  eval: e=0.2648  p=[0.283 0.377 0.018 0.357 0.341]
  eval: e=0.0524  p=[0.279 0.536 0.017 0.331 0.350]
  eval: e=3.5035  p=[0.324 0.561 0.011 0.326 0.337]
  eval: e=3.6610  p=[0.252 0.512 0.029 0.460 0.370]
  eval: e=0.0807  p=[0.288 0.479 0.016 0.347 0.344]
  111            5600         0.04037           4.059        1
  eval: e=0.0428  p=[0.269 0.424 0.029 0.424 0.340]
  eval: e=0.0758  p=[0.282 0.520 0.023 0.334 0.351]
  eval: e=2.3968  p=[0.306 0.577 0.018 0.334 0.345]
  eval: e=0.1171  p=[0.286 0.489 0.026 0.371 0.334]
  eval: e=0.5953  p=[0.277 0.519 0.058 0.389 0.338]
  eval: e=0.0423  p=[0.304 0.511 0.018 0.329 0.343]
  eval: e=0.0405  p=[0.267 0.553 0.010 0.327 0.337]
  eval: e=0.0637  p=[0.286 0.542 0.013 0.305 0.338]
  eval: e=0.0765  p=[0.285 0.493 0.013 0.337 0.342]
  eval: e=85.9179  p=[0.274 0.419 0.018 0.578 0.344]
  eval: e=1.3004  p=[0.303 0.544 0.013 0.334 0.327]
  eval: e=0.0962  p=[0.314 0.502 0.018 0.327 0.332]
  eval: e=0.3127  p=[0.310 0.322 0.034 0.342 0.341]
  eval: e=0.0660  p=[0.296 0.497 0.016 0.332 0.346]
  eval: e=0.2944  p=[0.281 0.389 0.013 0.362 0.372]
  eval: e=0.0477  p=[0.297 0.503 0.015 0.342 0.341]
  eval: e=0.4231  p=[0.301 0.425 0.021 0.433 0.360]
  eval: e=0.2268  p=[0.172 0.585 0.025 0.341 0.334]
  eval: e=0.0727  p=[0.265 0.511 0.002 0.327 0.323]
  eval: e=0.0421  p=[0.289 0.536 0.018 0.335 0.353]
  eval: e=0.9129  p=[0.305 0.505 0.012 0.331 0.299]
  eval: e=0.0984  p=[0.248 0.557 0.014 0.326 0.342]
  eval: e=0.5457  p=[0.286 0.534 0.021 0.364 0.346]
  eval: e=0.0454  p=[0.256 0.553 0.008 0.327 0.330]
  eval: e=0.3864  p=[0.261 0.126 0.028 0.339 0.359]
  eval: e=0.0774  p=[0.314 0.467 0.011 0.325 0.340]
  eval: e=0.0474  p=[0.287 0.549 0.000 0.321 0.348]
  eval: e=14.3925  p=[0.432 0.613 0.001 0.183 0.276]
  eval: e=2.3668  p=[0.285 0.585 0.003 0.336 0.336]
  eval: e=0.1109  p=[0.265 0.546 0.017 0.327 0.357]
  eval: e=10.6062  p=[0.295 0.419 0.020 0.515 0.384]
  eval: e=0.3074  p=[0.287 0.572 0.042 0.338 0.345]
  eval: e=0.0401  p=[0.277 0.542 0.013 0.333 0.346]
  eval: e=0.9835  p=[0.281 0.505 0.020 0.393 0.341]
  eval: e=33.5988  p=[0.531 0.509 0.025 0.348 0.352]
  eval: e=0.0510  p=[0.291 0.449 0.005 0.363 0.335]
  eval: e=0.3226  p=[0.275 0.267 0.025 0.425 0.364]
  eval: e=0.3321  p=[0.281 0.549 0.042 0.199 0.344]
  eval: e=0.0433  p=[0.302 0.478 0.018 0.360 0.350]
  eval: e=0.2288  p=[0.261 0.539 0.014 0.286 0.343]
  eval: e=0.1246  p=[0.317 0.507 0.010 0.327 0.338]
  eval: e=0.2907  p=[0.259 0.387 0.016 0.372 0.356]
  eval: e=8.9284  p=[0.449 0.443 0.024 0.336 0.346]
  eval: e=0.0416  p=[0.274 0.550 0.015 0.332 0.350]
  eval: e=0.0982  p=[0.250 0.540 0.013 0.336 0.343]
  eval: e=0.1403  p=[0.276 0.509 0.019 0.327 0.349]
  eval: e=0.0722  p=[0.284 0.557 0.003 0.329 0.352]
  eval: e=0.1177  p=[0.287 0.477 0.018 0.338 0.342]
  eval: e=39.1280  p=[0.268 0.515 0.025 0.477 0.346]
  eval: e=0.1629  p=[0.281 0.483 0.025 0.332 0.344]
  112            5650         0.04014           4.137        0
  eval: e=0.3221  p=[0.274 0.432 0.019 0.298 0.353]
  eval: e=0.2066  p=[0.313 0.498 0.008 0.333 0.328]
  eval: e=0.1266  p=[0.296 0.468 0.012 0.330 0.342]
  eval: e=0.1307  p=[0.307 0.477 0.020 0.359 0.336]
  eval: e=0.0796  p=[0.284 0.475 0.056 0.399 0.347]
  eval: e=0.3445  p=[0.306 0.556 0.010 0.319 0.344]
  eval: e=0.0406  p=[0.271 0.539 0.014 0.333 0.338]
  eval: e=0.0495  p=[0.273 0.535 0.015 0.329 0.339]
  eval: e=0.0655  p=[0.296 0.495 0.016 0.325 0.335]
  eval: e=0.1446  p=[0.288 0.466 0.014 0.347 0.354]
  eval: e=0.1360  p=[0.311 0.442 0.017 0.331 0.341]
  eval: e=0.1085  p=[0.283 0.562 0.018 0.323 0.337]
  eval: e=0.0855  p=[0.313 0.466 0.024 0.339 0.352]
  eval: e=0.1578  p=[0.284 0.564 0.018 0.329 0.343]
  eval: e=0.5664  p=[0.333 0.531 0.019 0.341 0.370]
  eval: e=0.1219  p=[0.275 0.500 0.011 0.330 0.342]
  eval: e=23.6114  p=[0.296 0.506 0.024 0.449 0.355]
  eval: e=9.8943  p=[0.338 0.576 0.009 0.326 0.341]
  eval: e=1.7023  p=[0.324 0.547 0.024 0.331 0.341]
  eval: e=0.0510  p=[0.270 0.552 0.014 0.332 0.353]
  eval: e=0.0998  p=[0.284 0.547 0.019 0.331 0.378]
  eval: e=2.1877  p=[0.369 0.499 0.013 0.328 0.347]
  eval: e=0.2393  p=[0.308 0.415 0.022 0.325 0.347]
  eval: e=0.2309  p=[0.322 0.507 0.016 0.327 0.334]
  eval: e=0.0949  p=[0.353 0.393 0.030 0.339 0.340]
  eval: e=0.1218  p=[0.292 0.473 0.011 0.336 0.347]
  eval: e=0.1043  p=[0.270 0.551 0.009 0.328 0.323]
  eval: e=0.0469  p=[0.390 0.559 0.009 0.181 0.310]
  eval: e=0.0410  p=[0.291 0.521 0.018 0.328 0.337]
  eval: e=0.2516  p=[0.260 0.582 0.013 0.328 0.323]
  eval: e=0.2303  p=[0.370 0.414 0.004 0.254 0.339]
  eval: e=0.2830  p=[0.318 0.292 0.033 0.376 0.342]
  eval: e=0.0401  p=[0.277 0.542 0.013 0.333 0.346]
  eval: e=0.3513  p=[0.241 0.379 0.016 0.311 0.339]
  eval: e=0.3883  p=[0.028 0.424 0.018 0.329 0.351]
  eval: e=0.6062  p=[0.293 0.568 0.036 0.337 0.341]
  eval: e=0.8692  p=[0.320 0.365 0.017 0.460 0.354]
  eval: e=0.5218  p=[0.315 0.521 0.025 0.339 0.338]
  eval: e=0.0700  p=[0.289 0.486 0.017 0.350 0.350]
  eval: e=0.2243  p=[0.322 0.553 0.010 0.273 0.310]
  eval: e=0.3160  p=[0.283 0.568 0.010 0.329 0.339]
  eval: e=1.8430  p=[0.275 0.567 0.016 0.369 0.348]
  eval: e=17.6551  p=[0.427 0.476 0.023 0.354 0.350]
  eval: e=0.0401  p=[0.275 0.551 0.003 0.322 0.340]
  eval: e=0.0610  p=[0.305 0.520 0.012 0.323 0.339]
  eval: e=0.3004  p=[0.305 0.528 0.021 0.332 0.333]
  eval: e=0.0463  p=[0.277 0.539 0.022 0.332 0.344]
  eval: e=0.0528  p=[0.295 0.495 0.020 0.334 0.338]
  eval: e=0.1853  p=[0.414 0.175 0.026 0.419 0.358]
  eval: e=0.3872  p=[0.311 0.490 0.018 0.373 0.355]
  113            5700         0.04008           1.317        0
  eval: e=89.2348  p=[0.257 0.603 0.014 0.441 0.321]
  eval: e=0.1095  p=[0.250 0.539 0.012 0.334 0.343]
  eval: e=0.2057  p=[0.305 0.535 0.015 0.328 0.341]
  eval: e=0.1341  p=[0.280 0.446 0.021 0.367 0.347]
  eval: e=0.1645  p=[0.274 0.473 0.000 0.338 0.347]
  eval: e=0.0419  p=[0.281 0.518 0.013 0.338 0.341]
  eval: e=0.0469  p=[0.260 0.557 0.010 0.325 0.338]
  eval: e=0.2784  p=[0.315 0.550 0.020 0.322 0.351]
  eval: e=0.0427  p=[0.303 0.496 0.024 0.334 0.340]
  eval: e=0.1417  p=[0.295 0.461 0.038 0.348 0.350]
  eval: e=0.4343  p=[0.276 0.605 0.019 0.331 0.355]
  eval: e=0.0458  p=[0.287 0.531 0.014 0.321 0.341]
  eval: e=0.7213  p=[0.311 0.461 0.008 0.374 0.328]
  eval: e=0.1723  p=[0.274 0.472 0.012 0.328 0.333]
  eval: e=0.2555  p=[0.250 0.375 0.016 0.418 0.364]
  eval: e=1.4227  p=[0.354 0.501 0.006 0.327 0.343]
  eval: e=0.1840  p=[0.273 0.507 0.006 0.321 0.357]
  eval: e=0.0674  p=[0.259 0.556 0.014 0.326 0.344]
  eval: e=0.1052  p=[0.302 0.488 0.009 0.327 0.355]
  eval: e=0.0671  p=[0.281 0.552 0.017 0.330 0.342]
  eval: e=0.3356  p=[0.292 0.516 0.016 0.320 0.294]
  eval: e=0.0764  p=[0.326 0.487 0.010 0.328 0.340]
  eval: e=0.0511  p=[0.304 0.472 0.021 0.348 0.328]
  eval: e=1.1610  p=[0.310 0.580 0.009 0.324 0.356]
  eval: e=5.2425  p=[0.350 0.520 0.013 0.338 0.338]
  eval: e=0.1119  p=[0.317 0.485 0.022 0.305 0.342]
  eval: e=0.2045  p=[0.281 0.470 0.023 0.331 0.350]
  eval: e=0.0519  p=[0.312 0.522 0.015 0.297 0.337]
  eval: e=0.0414  p=[0.288 0.529 0.019 0.327 0.341]
  eval: e=0.0431  p=[0.286 0.542 0.019 0.328 0.343]
  eval: e=0.2197  p=[0.364 0.118 0.011 0.475 0.342]
  eval: e=0.3234  p=[0.314 0.306 0.020 0.342 0.350]
  eval: e=0.0401  p=[0.277 0.542 0.013 0.333 0.346]
  eval: e=0.8895  p=[0.273 0.485 0.027 0.416 0.343]
  eval: e=33.0279  p=[0.547 0.462 0.016 0.338 0.329]
  eval: e=0.1673  p=[0.291 0.454 0.000 0.325 0.338]
  eval: e=0.2585  p=[0.265 0.409 0.003 0.363 0.353]
  eval: e=0.3483  p=[0.365 0.392 0.033 0.188 0.337]
  eval: e=0.1381  p=[0.280 0.483 0.011 0.340 0.350]
  eval: e=1.8861  p=[0.370 0.530 0.008 0.271 0.310]
  eval: e=0.0402  p=[0.295 0.523 0.000 0.320 0.340]
  eval: e=0.2944  p=[0.313 0.285 0.010 0.374 0.345]
  eval: e=0.2890  p=[0.233 0.401 0.001 0.366 0.338]
  eval: e=0.0403  p=[0.275 0.551 0.002 0.321 0.339]
  eval: e=0.3475  p=[0.300 0.543 0.013 0.335 0.343]
  eval: e=0.0523  p=[0.265 0.446 0.024 0.397 0.335]
  eval: e=0.0407  p=[0.279 0.544 0.005 0.333 0.350]
  eval: e=0.0835  p=[0.286 0.485 0.017 0.328 0.326]
  eval: e=0.3070  p=[0.270 0.199 0.017 0.494 0.371]
  eval: e=0.4215  p=[0.305 0.509 0.022 0.348 0.331]
  114            5750         0.04008           2.808        1
  eval: e=0.2824  p=[0.280 0.384 0.021 0.360 0.355]
  eval: e=0.2226  p=[0.310 0.540 0.008 0.317 0.340]
  eval: e=0.0475  p=[0.281 0.524 0.009 0.328 0.339]
  eval: e=0.2632  p=[0.304 0.499 0.007 0.354 0.341]
  eval: e=0.1235  p=[0.269 0.507 0.026 0.335 0.341]
  eval: e=0.2514  p=[0.314 0.518 0.016 0.333 0.341]
  eval: e=0.0831  p=[0.282 0.555 0.000 0.322 0.340]
  eval: e=0.1440  p=[0.264 0.520 0.018 0.321 0.339]
  eval: e=0.0406  p=[0.278 0.547 0.021 0.334 0.348]
  eval: e=0.2831  p=[0.283 0.389 0.009 0.335 0.342]
  eval: e=0.0972  p=[0.313 0.513 0.012 0.335 0.351]
  eval: e=0.0410  p=[0.302 0.514 0.011 0.319 0.339]
  eval: e=0.1515  p=[0.302 0.488 0.012 0.300 0.338]
  eval: e=0.5193  p=[0.333 0.523 0.009 0.322 0.345]
  eval: e=12.2186  p=[0.377 0.518 0.030 0.358 0.356]
  eval: e=0.1924  p=[0.302 0.415 0.007 0.339 0.342]
  eval: e=0.0749  p=[0.298 0.422 0.002 0.374 0.346]
  eval: e=0.0405  p=[0.257 0.556 0.023 0.348 0.346]
  eval: e=1.5081  p=[0.303 0.544 0.004 0.325 0.317]
  eval: e=0.0409  p=[0.278 0.555 0.013 0.330 0.352]
  eval: e=0.0480  p=[0.300 0.538 0.014 0.330 0.369]
  eval: e=0.1319  p=[0.259 0.525 0.013 0.331 0.346]
  eval: e=0.0442  p=[0.304 0.462 0.021 0.375 0.358]
  eval: e=0.0847  p=[0.251 0.566 0.008 0.321 0.345]
  eval: e=34.2603  p=[0.424 0.529 0.021 0.341 0.341]
  eval: e=0.0443  p=[0.306 0.521 0.014 0.316 0.338]
  eval: e=0.0479  p=[0.283 0.532 0.013 0.330 0.334]
  eval: e=14.5704  p=[0.326 0.561 0.014 0.337 0.316]
  eval: e=0.0427  p=[0.284 0.528 0.016 0.325 0.336]
  eval: e=0.1444  p=[0.255 0.523 0.000 0.323 0.341]
  eval: e=0.3241  p=[0.346 0.263 0.019 0.365 0.376]
  eval: e=5.7519  p=[0.287 0.578 0.004 0.356 0.337]
  eval: e=0.0515  p=[0.274 0.549 0.004 0.328 0.337]
  eval: e=0.3829  p=[0.278 0.470 0.025 0.409 0.340]
  eval: e=35.5998  p=[0.425 0.520 0.017 0.350 0.342]
  eval: e=4.1680  p=[0.295 0.542 0.006 0.367 0.337]
  eval: e=0.3296  p=[0.293 0.375 0.027 0.464 0.347]
  eval: e=14.5773  p=[0.487 0.626 0.019 0.204 0.341]
  eval: e=0.0437  p=[0.284 0.521 0.010 0.334 0.345]
  eval: e=0.0748  p=[0.278 0.539 0.017 0.336 0.364]
  eval: e=0.0407  p=[0.296 0.518 0.000 0.319 0.340]
  eval: e=0.2392  p=[0.293 0.417 0.000 0.322 0.337]
  eval: e=0.3070  p=[0.291 0.307 0.044 0.379 0.341]
  eval: e=0.0398  p=[0.275 0.551 0.004 0.322 0.341]
  eval: e=0.0775  p=[0.266 0.546 0.001 0.315 0.341]
  eval: e=0.0572  p=[0.279 0.555 0.011 0.314 0.350]
  eval: e=0.0483  p=[0.277 0.545 0.016 0.330 0.351]
  eval: e=0.4966  p=[0.298 0.550 0.006 0.332 0.342]
  eval: e=0.3140  p=[0.327 0.202 0.017 0.404 0.346]
  eval: e=0.2687  p=[0.296 0.537 0.011 0.329 0.331]
  115            5800          0.0398           2.585        0
  eval: e=0.4863  p=[0.259 0.484 0.025 0.405 0.322]
  eval: e=0.0429  p=[0.303 0.510 0.005 0.317 0.339]
  eval: e=0.0465  p=[0.318 0.481 0.020 0.327 0.340]
  eval: e=0.0423  p=[0.276 0.521 0.020 0.355 0.347]
  eval: e=0.0612  p=[0.275 0.487 0.035 0.388 0.345]
  eval: e=0.0404  p=[0.282 0.534 0.008 0.327 0.339]
  eval: e=0.0615  p=[0.277 0.551 0.014 0.332 0.340]
  eval: e=2.0595  p=[0.314 0.558 0.011 0.328 0.337]
  eval: e=0.0403  p=[0.269 0.558 0.015 0.327 0.342]
  eval: e=47.4206  p=[0.309 0.457 0.031 0.496 0.348]
  eval: e=0.1341  p=[0.287 0.494 0.017 0.319 0.341]
  eval: e=0.0420  p=[0.295 0.519 0.004 0.319 0.339]
  eval: e=12.5140  p=[0.358 0.467 0.006 0.389 0.341]
  eval: e=1.6421  p=[0.305 0.564 0.006 0.333 0.344]
  eval: e=0.1546  p=[0.215 0.432 0.024 0.441 0.352]
  eval: e=0.2587  p=[0.338 0.490 0.036 0.338 0.343]
  eval: e=2.4996  p=[0.310 0.432 0.000 0.447 0.372]
  eval: e=0.0862  p=[0.279 0.552 0.010 0.332 0.341]
  eval: e=0.2412  p=[0.264 0.487 0.022 0.354 0.382]
  eval: e=0.0669  p=[0.276 0.554 0.007 0.328 0.339]
  eval: e=0.1586  p=[0.299 0.545 0.003 0.329 0.351]
  eval: e=0.0738  p=[0.273 0.521 0.013 0.330 0.340]
  eval: e=0.0452  p=[0.285 0.534 0.027 0.330 0.345]
  eval: e=0.4041  p=[0.301 0.557 0.023 0.338 0.354]
  eval: e=0.0445  p=[0.285 0.522 0.027 0.343 0.350]
  eval: e=0.1469  p=[0.291 0.480 0.021 0.326 0.344]
  eval: e=0.1571  p=[0.295 0.548 0.005 0.324 0.342]
  eval: e=3.3692  p=[0.332 0.559 0.012 0.299 0.311]
  eval: e=0.0414  p=[0.283 0.533 0.024 0.334 0.341]
  eval: e=0.0630  p=[0.266 0.547 0.039 0.335 0.343]
  eval: e=83.0128  p=[0.262 0.498 0.023 0.531 0.349]
  eval: e=0.0537  p=[0.293 0.427 0.020 0.401 0.340]
  eval: e=0.0396  p=[0.276 0.550 0.003 0.328 0.348]
  eval: e=0.9352  p=[0.255 0.476 0.005 0.426 0.334]
  eval: e=0.2390  p=[0.258 0.487 0.023 0.327 0.347]
  eval: e=0.0422  p=[0.301 0.510 0.021 0.338 0.348]
  eval: e=0.1005  p=[0.282 0.408 0.026 0.419 0.366]
  eval: e=0.2389  p=[0.373 0.340 0.023 0.312 0.345]
  eval: e=1.7649  p=[0.307 0.540 0.029 0.359 0.347]
  eval: e=0.0751  p=[0.395 0.546 0.014 0.194 0.340]
  eval: e=0.0449  p=[0.294 0.528 0.000 0.321 0.340]
  eval: e=43.5643  p=[0.311 0.546 0.022 0.417 0.339]
  eval: e=2.5013  p=[0.399 0.436 0.027 0.349 0.343]
  eval: e=0.0398  p=[0.275 0.550 0.004 0.322 0.341]
  eval: e=0.0660  p=[0.281 0.544 0.012 0.331 0.339]
  eval: e=0.0690  p=[0.306 0.485 0.027 0.334 0.346]
  eval: e=0.0495  p=[0.278 0.544 0.017 0.329 0.351]
  eval: e=0.0610  p=[0.287 0.507 0.029 0.332 0.336]
  eval: e=0.0990  p=[0.318 0.138 0.016 0.584 0.384]
  eval: e=0.4675  p=[0.303 0.499 0.017 0.364 0.340]
  116            5850         0.03955           4.118        0
  eval: e=0.0837  p=[0.269 0.504 0.023 0.350 0.344]
  eval: e=0.0407  p=[0.288 0.512 0.004 0.336 0.343]
  eval: e=0.0407  p=[0.260 0.570 0.019 0.330 0.345]
  eval: e=0.0921  p=[0.273 0.560 0.004 0.338 0.349]
  eval: e=0.0520  p=[0.270 0.555 0.026 0.345 0.348]
  eval: e=0.0410  p=[0.272 0.552 0.005 0.327 0.342]
  eval: e=0.0410  p=[0.279 0.546 0.000 0.322 0.340]
  eval: e=0.0408  p=[0.302 0.523 0.014 0.317 0.341]
  eval: e=0.0411  p=[0.273 0.554 0.013 0.326 0.340]
  eval: e=0.2411  p=[0.299 0.439 0.013 0.308 0.341]
  eval: e=0.0740  p=[0.273 0.578 0.017 0.322 0.342]
  eval: e=0.1011  p=[0.275 0.524 0.010 0.321 0.345]
  eval: e=0.1468  p=[0.356 0.478 0.014 0.316 0.342]
  eval: e=0.0755  p=[0.297 0.487 0.006 0.322 0.336]
  eval: e=0.3507  p=[0.241 0.344 0.000 0.346 0.354]
  eval: e=0.3826  p=[0.342 0.498 0.020 0.325 0.340]
  eval: e=0.1014  p=[0.298 0.433 0.014 0.403 0.348]
  eval: e=0.3398  p=[0.270 0.558 0.034 0.363 0.346]
  eval: e=0.3843  p=[0.299 0.536 0.015 0.334 0.333]
  eval: e=0.0521  p=[0.276 0.553 0.014 0.323 0.352]
  eval: e=0.0552  p=[0.301 0.479 0.012 0.331 0.332]
  eval: e=0.0403  p=[0.286 0.530 0.000 0.328 0.343]
  eval: e=0.3748  p=[0.301 0.499 0.008 0.356 0.335]
  eval: e=0.0439  p=[0.290 0.522 0.002 0.318 0.339]
  eval: e=0.0754  p=[0.266 0.526 0.004 0.339 0.350]
  eval: e=0.0827  p=[0.288 0.538 0.019 0.327 0.332]
  eval: e=0.1038  p=[0.271 0.514 0.014 0.325 0.336]
  eval: e=0.0605  p=[0.328 0.555 0.008 0.245 0.327]
  eval: e=0.0667  p=[0.286 0.552 0.000 0.319 0.340]
  eval: e=0.0456  p=[0.264 0.571 0.000 0.322 0.339]
  eval: e=0.3658  p=[0.321 0.270 0.018 0.303 0.366]
  eval: e=0.2499  p=[0.301 0.423 0.043 0.330 0.347]
  eval: e=0.0395  p=[0.276 0.550 0.003 0.328 0.349]
  eval: e=0.1315  p=[0.275 0.467 0.003 0.398 0.345]
  eval: e=0.0894  p=[0.308 0.440 0.015 0.347 0.339]
  eval: e=0.3945  p=[0.301 0.553 0.009 0.332 0.349]
  eval: e=0.3583  p=[0.328 0.364 0.000 0.432 0.349]
  eval: e=0.7878  p=[0.366 0.601 0.033 0.253 0.347]
  eval: e=0.1819  p=[0.283 0.536 0.021 0.352 0.343]
  eval: e=0.8897  p=[0.318 0.531 0.005 0.309 0.313]
  eval: e=0.0405  p=[0.296 0.521 0.000 0.321 0.340]
  eval: e=0.1736  p=[0.331 0.386 0.018 0.347 0.349]
  eval: e=0.2593  p=[0.266 0.343 0.016 0.408 0.350]
  eval: e=0.0398  p=[0.275 0.551 0.004 0.322 0.341]
  eval: e=0.0417  p=[0.279 0.542 0.011 0.330 0.343]
  eval: e=5.6697  p=[0.308 0.520 0.000 0.373 0.337]
  eval: e=0.0410  p=[0.275 0.558 0.018 0.325 0.342]
  eval: e=0.0431  p=[0.293 0.495 0.003 0.330 0.331]
  eval: e=48.9740  p=[0.304 0.716 0.009 0.312 0.327]
  eval: e=0.2517  p=[0.271 0.444 0.001 0.332 0.351]
  117            5900         0.03952           1.254        0
  eval: e=0.0826  p=[0.270 0.428 0.006 0.426 0.343]
  eval: e=0.0443  p=[0.296 0.520 0.003 0.326 0.341]
  eval: e=0.1320  p=[0.303 0.528 0.011 0.329 0.341]
  eval: e=0.0480  p=[0.285 0.493 0.004 0.350 0.347]
  eval: e=0.2030  p=[0.271 0.427 0.018 0.363 0.344]
  eval: e=0.0403  p=[0.277 0.541 0.000 0.321 0.338]
  eval: e=0.0416  p=[0.275 0.555 0.014 0.326 0.342]
  eval: e=0.0848  p=[0.278 0.520 0.000 0.321 0.344]
  eval: e=0.0409  p=[0.272 0.550 0.000 0.325 0.340]
  eval: e=1.7933  p=[0.294 0.358 0.027 0.515 0.367]
  eval: e=0.1259  p=[0.276 0.558 0.000 0.330 0.340]
  eval: e=0.0967  p=[0.261 0.533 0.016 0.329 0.341]
  eval: e=1.0211  p=[0.330 0.528 0.016 0.330 0.343]
  eval: e=0.0427  p=[0.290 0.511 0.017 0.333 0.338]
  eval: e=0.0563  p=[0.255 0.500 0.031 0.407 0.376]
  eval: e=0.2052  p=[0.330 0.508 0.000 0.319 0.343]
  eval: e=0.3026  p=[0.303 0.411 0.020 0.299 0.350]
  eval: e=0.1458  p=[0.275 0.544 0.016 0.353 0.345]
  eval: e=0.0985  p=[0.286 0.505 0.005 0.325 0.348]
  eval: e=0.0454  p=[0.278 0.553 0.019 0.324 0.337]
  eval: e=0.2206  p=[0.294 0.548 0.013 0.331 0.341]
  eval: e=0.0854  p=[0.299 0.525 0.000 0.325 0.339]
  eval: e=0.1920  p=[0.271 0.429 0.004 0.374 0.359]
  eval: e=0.0447  p=[0.272 0.568 0.009 0.331 0.354]
  eval: e=0.0441  p=[0.294 0.526 0.032 0.326 0.341]
  eval: e=0.0417  p=[0.319 0.494 0.009 0.318 0.343]
  eval: e=0.2004  p=[0.324 0.513 0.010 0.324 0.343]
  eval: e=13.0268  p=[0.330 0.553 0.004 0.330 0.312]
  eval: e=0.0542  p=[0.288 0.511 0.016 0.331 0.342]
  eval: e=0.0452  p=[0.268 0.561 0.009 0.326 0.338]
  eval: e=0.3772  p=[0.313 0.177 0.003 0.300 0.347]
  eval: e=16.3832  p=[0.312 0.493 0.024 0.426 0.345]
  eval: e=0.0395  p=[0.276 0.550 0.003 0.328 0.350]
  eval: e=8.8647  p=[0.278 0.535 0.007 0.401 0.336]
  eval: e=0.2001  p=[0.288 0.587 0.019 0.315 0.346]
  eval: e=0.0561  p=[0.292 0.515 0.022 0.327 0.342]
  eval: e=0.1841  p=[0.319 0.478 0.020 0.376 0.367]
  eval: e=0.0771  p=[0.289 0.503 0.000 0.324 0.344]
  eval: e=0.1281  p=[0.276 0.478 0.019 0.346 0.343]
  eval: e=0.2394  p=[0.295 0.554 0.009 0.239 0.347]
  eval: e=0.0612  p=[0.287 0.551 0.001 0.325 0.350]
  eval: e=0.2718  p=[0.288 0.353 0.000 0.358 0.341]
  eval: e=38.1174  p=[0.490 0.455 0.003 0.367 0.339]
  eval: e=0.0398  p=[0.275 0.551 0.004 0.322 0.341]
  eval: e=0.0463  p=[0.279 0.546 0.004 0.324 0.338]
  eval: e=3.2948  p=[0.282 0.548 0.023 0.380 0.342]
  eval: e=0.0443  p=[0.283 0.553 0.008 0.326 0.349]
  eval: e=0.1916  p=[0.273 0.575 0.001 0.329 0.343]
  eval: e=0.3940  p=[0.299 0.000 0.022 0.319 0.436]
  eval: e=0.0414  p=[0.280 0.478 0.012 0.368 0.338]
  118            5950         0.03952           1.753        1
  eval: e=0.9389  p=[0.273 0.459 0.009 0.431 0.346]
  eval: e=0.0399  p=[0.275 0.527 0.004 0.340 0.344]
  eval: e=3.3605  p=[0.291 0.604 0.010 0.330 0.341]
  eval: e=0.2124  p=[0.275 0.543 0.005 0.356 0.349]
  eval: e=0.6923  p=[0.271 0.555 0.032 0.369 0.343]
  eval: e=0.0485  p=[0.278 0.547 0.001 0.325 0.354]
  eval: e=0.0407  p=[0.272 0.554 0.003 0.328 0.345]
  eval: e=0.1958  p=[0.305 0.547 0.019 0.317 0.336]
  eval: e=0.0436  p=[0.270 0.559 0.017 0.321 0.341]
  eval: e=0.3602  p=[0.306 0.393 0.022 0.210 0.331]
  eval: e=0.2316  p=[0.301 0.549 0.007 0.321 0.339]
  eval: e=0.4654  p=[0.324 0.535 0.010 0.316 0.340]
  eval: e=0.0434  p=[0.340 0.401 0.015 0.374 0.352]
  eval: e=0.0700  p=[0.281 0.515 0.017 0.330 0.340]
  eval: e=0.1728  p=[0.335 0.314 0.000 0.395 0.358]
  eval: e=0.0421  p=[0.289 0.514 0.006 0.332 0.343]
  eval: e=2.2697  p=[0.286 0.495 0.021 0.421 0.359]
  eval: e=0.0530  p=[0.275 0.546 0.015 0.343 0.349]
  eval: e=0.1433  p=[0.296 0.533 0.005 0.322 0.329]
  eval: e=0.0409  p=[0.275 0.554 0.018 0.333 0.353]
  eval: e=0.1833  p=[0.290 0.553 0.011 0.329 0.342]
  eval: e=0.1723  p=[0.289 0.559 0.004 0.323 0.341]
  eval: e=0.1074  p=[0.274 0.477 0.029 0.365 0.350]
  eval: e=0.0410  p=[0.291 0.534 0.012 0.329 0.349]
  eval: e=0.0403  p=[0.274 0.558 0.005 0.328 0.351]
  eval: e=0.0464  p=[0.301 0.517 0.001 0.320 0.351]
  eval: e=0.1721  p=[0.261 0.503 0.013 0.327 0.341]
  eval: e=0.1303  p=[0.377 0.551 0.007 0.163 0.308]
  eval: e=0.1603  p=[0.283 0.570 0.013 0.327 0.346]
  eval: e=0.4391  p=[0.305 0.552 0.010 0.321 0.338]
  eval: e=33.0790  p=[0.310 0.696 0.023 0.535 0.367]
  eval: e=1.9308  p=[0.285 0.465 0.000 0.425 0.348]
  eval: e=0.0395  p=[0.276 0.550 0.003 0.328 0.349]
  eval: e=1.8558  p=[0.252 0.505 0.020 0.429 0.341]
  eval: e=0.1705  p=[0.319 0.364 0.003 0.361 0.339]
  eval: e=0.0415  p=[0.285 0.534 0.023 0.334 0.344]
  eval: e=18.7249  p=[0.288 0.462 0.013 0.488 0.366]
  eval: e=23.2885  p=[0.568 0.466 0.048 0.323 0.339]
  eval: e=2.4056  p=[0.307 0.578 0.004 0.329 0.347]
  eval: e=2.5983  p=[0.366 0.547 0.017 0.305 0.351]
  eval: e=0.0431  p=[0.284 0.537 0.001 0.323 0.339]
  eval: e=0.0506  p=[0.321 0.428 0.010 0.355 0.341]
  eval: e=0.2268  p=[0.336 0.360 0.041 0.349 0.349]
  eval: e=0.0469  p=[0.276 0.550 0.003 0.326 0.354]
  eval: e=0.1670  p=[0.301 0.532 0.001 0.326 0.341]
  eval: e=0.1826  p=[0.309 0.428 0.025 0.332 0.341]
  eval: e=0.2218  p=[0.299 0.547 0.010 0.326 0.342]
  eval: e=0.0549  p=[0.281 0.537 0.002 0.328 0.336]
  eval: e=0.1870  p=[0.356 0.207 0.023 0.407 0.309]
  eval: e=0.1304  p=[0.281 0.536 0.007 0.349 0.347]
  119            6000         0.03952           1.928        0
  eval: e=0.1901  p=[0.269 0.476 0.010 0.401 0.342]
  eval: e=0.0401  p=[0.273 0.527 0.004 0.341 0.344]
  eval: e=0.1172  p=[0.250 0.547 0.020 0.329 0.343]
  eval: e=0.0453  p=[0.275 0.528 0.007 0.349 0.348]
  eval: e=0.1655  p=[0.264 0.468 0.041 0.356 0.337]
  eval: e=0.0469  p=[0.277 0.545 0.003 0.324 0.336]
  eval: e=0.0546  p=[0.273 0.552 0.004 0.328 0.338]
  eval: e=0.1280  p=[0.270 0.519 0.009 0.318 0.340]
  eval: e=0.0399  p=[0.272 0.522 0.000 0.347 0.344]
  eval: e=96.1877  p=[0.295 0.399 0.017 0.602 0.358]
  eval: e=0.1018  p=[0.307 0.452 0.010 0.334 0.339]
  eval: e=0.1112  p=[0.270 0.516 0.000 0.320 0.339]
  eval: e=0.0423  p=[0.318 0.509 0.000 0.308 0.340]
  eval: e=0.1089  p=[0.283 0.505 0.012 0.320 0.339]
  eval: e=0.1053  p=[0.237 0.410 0.040 0.441 0.338]
  eval: e=0.0402  p=[0.284 0.531 0.004 0.331 0.348]
  eval: e=55.2555  p=[0.293 0.483 0.020 0.500 0.356]
  eval: e=0.0418  p=[0.254 0.558 0.006 0.342 0.349]
  eval: e=0.0951  p=[0.294 0.488 0.008 0.332 0.348]
  eval: e=0.0835  p=[0.281 0.553 0.010 0.326 0.337]
  eval: e=0.1312  p=[0.283 0.500 0.011 0.329 0.353]
  eval: e=0.0400  p=[0.289 0.519 0.000 0.328 0.342]
  eval: e=0.9141  p=[0.307 0.545 0.010 0.329 0.333]
  eval: e=0.0749  p=[0.277 0.566 0.002 0.329 0.350]
  eval: e=0.0406  p=[0.272 0.561 0.002 0.329 0.352]
  eval: e=0.0467  p=[0.267 0.547 0.013 0.321 0.329]
  eval: e=0.1554  p=[0.300 0.547 0.030 0.327 0.340]
  eval: e=0.2809  p=[0.269 0.550 0.006 0.241 0.344]
  eval: e=0.0629  p=[0.276 0.552 0.011 0.327 0.335]
  eval: e=0.0855  p=[0.278 0.557 0.007 0.329 0.342]
  eval: e=0.3597  p=[0.304 0.373 0.011 0.259 0.364]
  eval: e=0.2773  p=[0.297 0.401 0.053 0.340 0.349]
  eval: e=0.0395  p=[0.276 0.550 0.003 0.328 0.349]
  eval: e=10.5110  p=[0.283 0.464 0.016 0.456 0.340]
  eval: e=0.8439  p=[0.285 0.551 0.011 0.357 0.347]
  eval: e=0.0506  p=[0.281 0.532 0.015 0.342 0.344]
  eval: e=0.2711  p=[0.353 0.253 0.006 0.372 0.348]
  eval: e=0.3368  p=[0.213 0.480 0.000 0.289 0.341]
  eval: e=0.1301  p=[0.266 0.568 0.023 0.346 0.345]
  eval: e=0.0665  p=[0.355 0.522 0.009 0.272 0.337]
  eval: e=0.0404  p=[0.302 0.511 0.000 0.318 0.340]
  eval: e=0.0495  p=[0.316 0.400 0.008 0.393 0.343]
  eval: e=0.8351  p=[0.368 0.409 0.014 0.372 0.342]
  eval: e=0.0875  p=[0.275 0.551 0.004 0.323 0.328]
  eval: e=0.1060  p=[0.247 0.546 0.013 0.328 0.338]
  eval: e=0.0600  p=[0.300 0.427 0.012 0.373 0.341]
  eval: e=0.0913  p=[0.266 0.552 0.009 0.328 0.361]
  eval: e=0.1863  p=[0.291 0.519 0.005 0.345 0.337]
  eval: e=13.8898  p=[0.333 0.465 0.004 0.492 0.431]
  eval: e=0.1868  p=[0.276 0.464 0.004 0.317 0.326]
  120            6050         0.03952           3.665        0

                                 Best            Mean     Stall
Iteration     f-count            f(x)            f(x)    Iterations
  eval: e=0.1690  p=[0.273 0.507 0.025 0.320 0.343]
  eval: e=0.0399  p=[0.275 0.526 0.004 0.340 0.343]
  eval: e=0.0888  p=[0.278 0.562 0.008 0.329 0.344]
  eval: e=0.0472  p=[0.276 0.525 0.012 0.348 0.343]
  eval: e=3.5176  p=[0.276 0.496 0.007 0.421 0.346]
  eval: e=0.0822  p=[0.280 0.513 0.000 0.321 0.340]
  eval: e=0.0480  p=[0.270 0.551 0.005 0.327 0.349]
  eval: e=0.3057  p=[0.302 0.559 0.006 0.317 0.342]
  eval: e=0.0651  p=[0.273 0.530 0.003 0.331 0.349]
  eval: e=1.2382  p=[0.297 0.481 0.023 0.402 0.347]
  eval: e=0.0429  p=[0.295 0.508 0.012 0.332 0.342]
  eval: e=0.0446  p=[0.269 0.569 0.007 0.332 0.354]
  eval: e=0.0506  p=[0.303 0.539 0.000 0.306 0.339]
  eval: e=0.0738  p=[0.273 0.515 0.006 0.337 0.346]
  eval: e=13.6162  p=[0.334 0.453 0.000 0.441 0.366]
  eval: e=0.0402  p=[0.270 0.531 0.004 0.340 0.343]
  eval: e=0.2416  p=[0.303 0.504 0.021 0.274 0.354]
  eval: e=0.0474  p=[0.274 0.546 0.015 0.328 0.347]
  eval: e=2.0290  p=[0.301 0.573 0.012 0.327 0.333]
  eval: e=0.0405  p=[0.281 0.523 0.007 0.347 0.352]
  eval: e=0.0512  p=[0.301 0.506 0.009 0.325 0.347]
  eval: e=0.0417  p=[0.289 0.515 0.000 0.328 0.342]
  eval: e=0.1627  p=[0.286 0.437 0.015 0.347 0.336]
  eval: e=0.0417  p=[0.280 0.540 0.007 0.324 0.337]
  eval: e=0.0397  p=[0.276 0.552 0.006 0.328 0.349]
  eval: e=0.0937  p=[0.265 0.517 0.001 0.341 0.351]
  eval: e=0.0763  p=[0.297 0.495 0.026 0.329 0.342]
  eval: e=0.0723  p=[0.414 0.524 0.005 0.183 0.333]
  eval: e=0.1681  p=[0.296 0.542 0.007 0.326 0.340]
  eval: e=0.0428  p=[0.272 0.544 0.009 0.335 0.341]
  eval: e=0.3340  p=[0.317 0.282 0.022 0.347 0.354]
  eval: e=9.8676  p=[0.303 0.476 0.000 0.428 0.347]
  eval: e=0.0395  p=[0.276 0.550 0.003 0.328 0.349]
  eval: e=0.1391  p=[0.268 0.347 0.018 0.437 0.338]
  eval: e=0.6228  p=[0.345 0.492 0.009 0.336 0.348]
  eval: e=0.0442  p=[0.277 0.520 0.006 0.339 0.344]
  eval: e=80.0166  p=[0.335 0.622 0.011 0.457 0.368]
  eval: e=8.0585  p=[0.638 0.450 0.035 0.252 0.346]
  eval: e=0.1188  p=[0.278 0.454 0.000 0.360 0.348]
  eval: e=0.8284  p=[0.321 0.532 0.005 0.311 0.321]
  eval: e=0.0542  p=[0.287 0.548 0.000 0.319 0.341]
  eval: e=0.0422  p=[0.289 0.434 0.007 0.390 0.346]
  eval: e=0.2978  p=[0.340 0.248 0.003 0.361 0.339]
  eval: e=0.0406  p=[0.275 0.551 0.003 0.320 0.342]
  eval: e=0.0604  p=[0.277 0.537 0.009 0.342 0.344]
  eval: e=0.1140  p=[0.287 0.522 0.011 0.348 0.342]
  eval: e=0.0647  p=[0.265 0.530 0.016 0.339 0.344]
  eval: e=0.0792  p=[0.248 0.548 0.006 0.332 0.339]
  eval: e=0.1613  p=[0.376 0.148 0.032 0.514 0.389]
  eval: e=0.8354  p=[0.276 0.536 0.014 0.368 0.337]
  121            6100         0.03952           2.489        1
  eval: e=0.1441  p=[0.276 0.497 0.019 0.330 0.343]
  eval: e=0.0477  p=[0.275 0.528 0.004 0.330 0.341]
  eval: e=0.0440  p=[0.260 0.563 0.017 0.329 0.341]
  eval: e=0.0546  p=[0.276 0.552 0.008 0.338 0.351]
  eval: e=0.0477  p=[0.270 0.486 0.044 0.387 0.350]
  eval: e=0.0398  p=[0.270 0.558 0.000 0.325 0.348]
  eval: e=0.0434  p=[0.271 0.552 0.009 0.329 0.349]
  eval: e=0.0945  p=[0.303 0.522 0.010 0.330 0.341]
  eval: e=0.0531  p=[0.274 0.532 0.004 0.330 0.346]
  eval: e=0.0419  p=[0.280 0.491 0.018 0.366 0.348]
  eval: e=0.0841  p=[0.292 0.544 0.006 0.329 0.349]
  eval: e=0.0795  p=[0.301 0.496 0.002 0.320 0.346]
  eval: e=0.0459  p=[0.295 0.524 0.003 0.314 0.341]
  eval: e=0.5026  p=[0.313 0.548 0.018 0.322 0.340]
  eval: e=0.2522  p=[0.293 0.293 0.021 0.425 0.354]
  eval: e=0.0757  p=[0.270 0.538 0.004 0.329 0.353]
  eval: e=0.3285  p=[0.296 0.317 0.012 0.363 0.368]
  eval: e=0.0794  p=[0.271 0.558 0.012 0.343 0.349]
  eval: e=0.4302  p=[0.303 0.544 0.008 0.328 0.338]
  eval: e=0.0687  p=[0.280 0.533 0.006 0.323 0.350]
  eval: e=0.0779  p=[0.272 0.556 0.010 0.327 0.332]
  eval: e=0.0845  p=[0.286 0.550 0.001 0.328 0.346]
  eval: e=8.0477  p=[0.290 0.594 0.027 0.364 0.347]
  eval: e=0.0397  p=[0.279 0.547 0.003 0.328 0.348]
  eval: e=0.0397  p=[0.276 0.551 0.002 0.328 0.349]
  eval: e=0.0420  p=[0.304 0.501 0.006 0.332 0.342]
  eval: e=0.3099  p=[0.295 0.560 0.000 0.320 0.341]
  eval: e=61.9142  p=[0.361 0.587 0.009 0.371 0.338]
  eval: e=0.1626  p=[0.264 0.504 0.013 0.327 0.341]
  eval: e=0.0419  p=[0.271 0.549 0.011 0.330 0.339]
  eval: e=15.1209  p=[0.302 0.312 0.012 0.575 0.360]
  eval: e=1.3861  p=[0.288 0.432 0.015 0.432 0.333]
  eval: e=0.0395  p=[0.276 0.550 0.003 0.328 0.349]
  eval: e=2.4381  p=[0.259 0.503 0.028 0.434 0.345]
  eval: e=0.1039  p=[0.275 0.512 0.012 0.332 0.348]
  eval: e=0.0652  p=[0.275 0.552 0.027 0.318 0.343]
  eval: e=25.7466  p=[0.276 0.461 0.013 0.510 0.369]
  eval: e=23.8336  p=[0.536 0.504 0.013 0.297 0.344]
  eval: e=0.1237  p=[0.277 0.485 0.008 0.339 0.346]
  eval: e=4.6554  p=[0.323 0.554 0.014 0.322 0.317]
  eval: e=0.0505  p=[0.278 0.528 0.004 0.332 0.348]
  eval: e=0.0457  p=[0.266 0.515 0.003 0.352 0.344]
  eval: e=0.2944  p=[0.321 0.322 0.026 0.352 0.351]
  eval: e=0.0589  p=[0.276 0.550 0.003 0.333 0.343]
  eval: e=0.0464  p=[0.280 0.529 0.007 0.340 0.343]
  eval: e=0.2638  p=[0.278 0.403 0.019 0.345 0.341]
  eval: e=0.0519  p=[0.288 0.535 0.007 0.329 0.343]
  eval: e=0.4657  p=[0.328 0.516 0.000 0.325 0.344]
  eval: e=46.3504  p=[0.399 0.636 0.002 0.385 0.385]
  eval: e=0.1356  p=[0.277 0.456 0.007 0.350 0.339]
  122            6150         0.03952           3.892        2
  eval: e=3.1763  p=[0.267 0.515 0.022 0.419 0.345]
  eval: e=0.0537  p=[0.275 0.545 0.004 0.339 0.348]
  eval: e=0.0409  p=[0.269 0.551 0.003 0.328 0.344]
  eval: e=0.0422  p=[0.276 0.536 0.013 0.335 0.347]
  eval: e=0.0402  p=[0.278 0.498 0.006 0.359 0.346]
  eval: e=0.0400  p=[0.270 0.559 0.006 0.328 0.349]
  eval: e=0.0416  p=[0.272 0.552 0.009 0.327 0.339]
  eval: e=0.0570  p=[0.288 0.543 0.011 0.326 0.342]
  eval: e=0.0831  p=[0.275 0.553 0.003 0.336 0.346]
  eval: e=0.0667  p=[0.276 0.493 0.014 0.356 0.348]
  eval: e=0.1455  p=[0.291 0.477 0.020 0.329 0.345]
  eval: e=0.0601  p=[0.278 0.553 0.014 0.330 0.341]
  eval: e=0.0435  p=[0.294 0.524 0.003 0.323 0.348]
  eval: e=0.0407  p=[0.263 0.552 0.011 0.338 0.341]
  eval: e=0.0497  p=[0.318 0.541 0.029 0.304 0.359]
  eval: e=0.0650  p=[0.288 0.547 0.005 0.328 0.348]
  eval: e=0.2077  p=[0.305 0.364 0.028 0.401 0.371]
  eval: e=0.0531  p=[0.264 0.557 0.005 0.340 0.345]
  eval: e=0.1066  p=[0.299 0.536 0.008 0.329 0.346]
  eval: e=0.0470  p=[0.280 0.543 0.006 0.325 0.352]
  eval: e=0.0429  p=[0.294 0.520 0.014 0.329 0.347]
  eval: e=0.0499  p=[0.281 0.529 0.002 0.328 0.348]
  eval: e=0.1822  p=[0.290 0.524 0.006 0.348 0.343]
  eval: e=0.0396  p=[0.277 0.550 0.003 0.328 0.350]
  eval: e=0.0397  p=[0.276 0.552 0.004 0.328 0.350]
  eval: e=0.0428  p=[0.284 0.554 0.010 0.325 0.351]
  eval: e=0.1736  p=[0.273 0.490 0.030 0.330 0.341]
  eval: e=0.1953  p=[0.328 0.541 0.005 0.208 0.322]
  eval: e=0.9287  p=[0.298 0.578 0.012 0.328 0.347]
  eval: e=0.0591  p=[0.273 0.553 0.012 0.324 0.353]
  eval: e=88.2575  p=[0.310 0.602 0.014 0.473 0.375]
  eval: e=0.2483  p=[0.287 0.396 0.036 0.374 0.361]
  eval: e=0.0395  p=[0.276 0.550 0.003 0.328 0.349]
  eval: e=0.1174  p=[0.267 0.537 0.000 0.313 0.344]
  eval: e=0.0715  p=[0.328 0.445 0.022 0.339 0.347]
  eval: e=0.0804  p=[0.279 0.549 0.025 0.347 0.350]
  eval: e=0.0612  p=[0.289 0.526 0.017 0.366 0.376]
  eval: e=0.3690  p=[0.122 0.567 0.023 0.268 0.348]
  eval: e=0.0975  p=[0.291 0.486 0.015 0.341 0.352]
  eval: e=0.2329  p=[0.310 0.535 0.008 0.232 0.340]
  eval: e=0.0591  p=[0.287 0.539 0.003 0.326 0.340]
  eval: e=0.1646  p=[0.278 0.465 0.007 0.346 0.351]
  eval: e=12.3646  p=[0.439 0.416 0.000 0.367 0.348]
  eval: e=0.0413  p=[0.275 0.552 0.007 0.327 0.344]
  eval: e=0.0626  p=[0.274 0.546 0.008 0.320 0.346]
  eval: e=0.1736  p=[0.295 0.447 0.009 0.338 0.349]
  eval: e=0.1039  p=[0.280 0.579 0.021 0.326 0.350]
  eval: e=0.0509  p=[0.280 0.520 0.002 0.336 0.331]
  eval: e=48.3152  p=[0.295 0.622 0.018 0.404 0.362]
  eval: e=0.0420  p=[0.281 0.537 0.008 0.334 0.353]
  123            6200         0.03952           3.143        0
  eval: e=0.2501  p=[0.280 0.433 0.019 0.333 0.345]
  eval: e=0.0455  p=[0.275 0.517 0.004 0.342 0.345]
  eval: e=0.0395  p=[0.268 0.564 0.006 0.329 0.349]
  eval: e=0.0566  p=[0.275 0.535 0.008 0.323 0.341]
  eval: e=0.0603  p=[0.278 0.555 0.000 0.311 0.350]
  eval: e=0.0399  p=[0.275 0.553 0.000 0.328 0.349]
  eval: e=0.0565  p=[0.274 0.553 0.006 0.328 0.337]
  eval: e=0.0449  p=[0.299 0.529 0.006 0.321 0.344]
  eval: e=0.0415  p=[0.276 0.525 0.000 0.347 0.349]
  eval: e=0.0592  p=[0.281 0.497 0.009 0.368 0.348]
  eval: e=0.0627  p=[0.277 0.552 0.018 0.335 0.343]
  eval: e=0.0433  p=[0.290 0.519 0.011 0.335 0.342]
  eval: e=0.5210  p=[0.303 0.555 0.000 0.323 0.342]
  eval: e=0.0430  p=[0.275 0.555 0.016 0.328 0.351]
  eval: e=90.4661  p=[0.309 0.533 0.000 0.476 0.352]
  eval: e=0.0409  p=[0.285 0.533 0.005 0.332 0.348]
  eval: e=19.8141  p=[0.305 0.411 0.000 0.506 0.365]
  eval: e=0.0615  p=[0.273 0.523 0.017 0.340 0.347]
  eval: e=0.0507  p=[0.296 0.510 0.012 0.329 0.348]
  eval: e=0.1062  p=[0.279 0.549 0.005 0.337 0.345]
  eval: e=0.0415  p=[0.299 0.484 0.004 0.344 0.345]
  eval: e=0.0821  p=[0.290 0.546 0.002 0.327 0.348]
  eval: e=1.0614  p=[0.308 0.508 0.018 0.365 0.342]
  eval: e=0.0396  p=[0.277 0.550 0.003 0.328 0.351]
  eval: e=0.0396  p=[0.275 0.552 0.006 0.328 0.349]
  eval: e=0.1979  p=[0.319 0.518 0.004 0.328 0.348]
  eval: e=0.7112  p=[0.318 0.540 0.000 0.327 0.347]
  eval: e=0.1569  p=[0.313 0.544 0.012 0.226 0.311]
  eval: e=0.0614  p=[0.275 0.491 0.016 0.349 0.334]
  eval: e=0.0413  p=[0.263 0.560 0.005 0.328 0.338]
  eval: e=0.2984  p=[0.335 0.336 0.016 0.346 0.374]
  eval: e=31.6652  p=[0.306 0.555 0.034 0.417 0.351]
  eval: e=0.0395  p=[0.276 0.550 0.003 0.328 0.349]
  eval: e=0.3263  p=[0.276 0.361 0.025 0.337 0.346]
  eval: e=0.1863  p=[0.281 0.465 0.017 0.336 0.348]
  eval: e=0.0477  p=[0.281 0.546 0.009 0.307 0.333]
  eval: e=3.4851  p=[0.351 0.212 0.005 0.556 0.346]
  eval: e=0.3804  p=[0.221 0.302 0.030 0.283 0.336]
  eval: e=0.1151  p=[0.284 0.490 0.012 0.337 0.350]
  eval: e=0.1233  p=[0.323 0.536 0.012 0.256 0.341]
  eval: e=0.0398  p=[0.284 0.539 0.003 0.324 0.346]
  eval: e=0.0508  p=[0.289 0.458 0.005 0.361 0.337]
  eval: e=0.3243  p=[0.345 0.221 0.033 0.369 0.346]
  eval: e=0.0403  p=[0.275 0.551 0.001 0.316 0.336]
  eval: e=0.0699  p=[0.270 0.541 0.005 0.319 0.341]
  eval: e=8.9041  p=[0.294 0.551 0.026 0.382 0.337]
  eval: e=0.0474  p=[0.260 0.551 0.023 0.346 0.352]
  eval: e=0.0683  p=[0.283 0.520 0.003 0.327 0.349]
  eval: e=0.2687  p=[0.397 0.000 0.004 0.545 0.391]
  eval: e=0.0917  p=[0.275 0.508 0.009 0.361 0.334]
  124            6250         0.03947           3.218        0
  eval: e=0.1455  p=[0.269 0.513 0.014 0.329 0.350]
  eval: e=0.1247  p=[0.275 0.566 0.004 0.330 0.343]
  eval: e=0.0395  p=[0.268 0.565 0.007 0.329 0.350]
  eval: e=0.0412  p=[0.276 0.538 0.011 0.338 0.350]
  eval: e=0.1543  p=[0.275 0.490 0.009 0.330 0.346]
  eval: e=0.0506  p=[0.270 0.553 0.005 0.323 0.348]
  eval: e=0.0526  p=[0.272 0.562 0.007 0.328 0.343]
  eval: e=0.0534  p=[0.284 0.525 0.010 0.323 0.341]
  eval: e=0.0429  p=[0.269 0.516 0.000 0.348 0.335]
  eval: e=0.0573  p=[0.277 0.537 0.009 0.347 0.349]
  eval: e=0.3284  p=[0.302 0.542 0.015 0.325 0.333]
  eval: e=0.0408  p=[0.295 0.525 0.008 0.323 0.345]
  eval: e=0.0508  p=[0.319 0.509 0.003 0.317 0.346]
  eval: e=0.0396  p=[0.271 0.549 0.007 0.333 0.346]
  eval: e=0.0751  p=[0.310 0.397 0.050 0.414 0.364]
  eval: e=0.0427  p=[0.283 0.539 0.004 0.322 0.346]
  eval: e=0.3561  p=[0.285 0.307 0.038 0.326 0.349]
  eval: e=0.0837  p=[0.273 0.558 0.012 0.341 0.349]
  eval: e=0.0416  p=[0.293 0.518 0.010 0.320 0.333]
  eval: e=0.0415  p=[0.277 0.555 0.005 0.331 0.354]
  eval: e=0.4624  p=[0.296 0.572 0.013 0.324 0.346]
  eval: e=0.0572  p=[0.284 0.518 0.000 0.319 0.337]
  eval: e=0.2604  p=[0.259 0.451 0.014 0.338 0.348]
  eval: e=0.0396  p=[0.277 0.550 0.003 0.328 0.350]
  eval: e=0.0396  p=[0.276 0.551 0.003 0.328 0.349]
  eval: e=0.0529  p=[0.283 0.562 0.011 0.318 0.343]
  eval: e=0.0523  p=[0.268 0.547 0.013 0.328 0.345]
  eval: e=0.1981  p=[0.320 0.561 0.006 0.232 0.356]
  eval: e=0.0434  p=[0.280 0.578 0.016 0.304 0.338]
  eval: e=0.0581  p=[0.278 0.561 0.012 0.328 0.346]
  eval: e=0.2623  p=[0.270 0.332 0.013 0.421 0.363]
  eval: e=0.2924  p=[0.309 0.304 0.025 0.371 0.345]
  eval: e=0.0395  p=[0.276 0.550 0.003 0.328 0.349]
  eval: e=0.0896  p=[0.265 0.510 0.008 0.346 0.347]
  eval: e=0.0587  p=[0.307 0.476 0.010 0.340 0.349]
  eval: e=0.0520  p=[0.282 0.544 0.002 0.336 0.352]
  eval: e=0.3573  p=[0.299 0.449 0.019 0.220 0.364]
  eval: e=11.7521  p=[0.582 0.712 0.008 0.255 0.338]
  eval: e=0.0537  p=[0.278 0.535 0.012 0.330 0.349]
  eval: e=4.1363  p=[0.314 0.547 0.012 0.335 0.322]
  eval: e=0.0437  p=[0.277 0.550 0.003 0.325 0.351]
  eval: e=0.0671  p=[0.284 0.474 0.007 0.386 0.353]
  eval: e=5.4733  p=[0.384 0.449 0.002 0.364 0.348]
  eval: e=0.0535  p=[0.276 0.550 0.004 0.325 0.356]
  eval: e=0.0413  p=[0.286 0.541 0.012 0.321 0.339]
  eval: e=0.1423  p=[0.296 0.407 0.006 0.376 0.354]
  eval: e=0.0500  p=[0.273 0.545 0.000 0.324 0.347]
  eval: e=0.0421  p=[0.276 0.540 0.002 0.328 0.339]
  eval: e=19.1654  p=[0.370 0.355 0.012 0.522 0.392]
  eval: e=0.0429  p=[0.277 0.508 0.014 0.348 0.340]
  125            6300         0.03947          0.9068        1
  eval: e=28.8887  p=[0.267 0.516 0.021 0.465 0.346]
  eval: e=0.1044  p=[0.278 0.512 0.003 0.330 0.351]
  eval: e=0.0395  p=[0.268 0.562 0.006 0.329 0.349]
  eval: e=0.0597  p=[0.276 0.543 0.011 0.326 0.351]
  eval: e=0.0647  p=[0.268 0.489 0.005 0.362 0.346]
  eval: e=0.0479  p=[0.269 0.556 0.003 0.324 0.349]
  eval: e=0.0419  p=[0.266 0.560 0.011 0.328 0.346]
  eval: e=0.0859  p=[0.279 0.562 0.013 0.327 0.341]
  eval: e=0.0472  p=[0.272 0.525 0.000 0.346 0.354]
  eval: e=0.1307  p=[0.277 0.493 0.015 0.337 0.348]
  eval: e=0.0797  p=[0.275 0.521 0.010 0.339 0.355]
  eval: e=0.0451  p=[0.284 0.534 0.002 0.322 0.345]
  eval: e=0.0400  p=[0.291 0.545 0.000 0.312 0.344]
  eval: e=0.0404  p=[0.278 0.549 0.006 0.330 0.351]
  eval: e=0.2471  p=[0.250 0.472 0.012 0.347 0.358]
  eval: e=0.0409  p=[0.271 0.543 0.009 0.341 0.348]
  eval: e=117.1602  p=[0.262 0.614 0.005 0.514 0.362]
  eval: e=0.0478  p=[0.274 0.557 0.017 0.336 0.349]
  eval: e=0.1372  p=[0.283 0.560 0.008 0.337 0.354]
  eval: e=0.1168  p=[0.274 0.550 0.006 0.348 0.351]
  eval: e=0.9208  p=[0.302 0.570 0.017 0.328 0.344]
  eval: e=0.0573  p=[0.273 0.543 0.004 0.342 0.346]
  eval: e=0.2150  p=[0.331 0.486 0.017 0.340 0.344]
  eval: e=0.0396  p=[0.275 0.553 0.004 0.329 0.349]
  eval: e=0.0418  p=[0.273 0.561 0.007 0.329 0.349]
  eval: e=0.4090  p=[0.296 0.557 0.005 0.328 0.343]
  eval: e=0.0707  p=[0.296 0.539 0.019 0.327 0.344]
  eval: e=25.3768  p=[0.404 0.554 0.003 0.296 0.318]
  eval: e=0.0823  p=[0.286 0.526 0.014 0.345 0.344]
  eval: e=0.0560  p=[0.252 0.561 0.009 0.329 0.340]
  eval: e=0.1868  p=[0.314 0.415 0.011 0.352 0.364]
  eval: e=66.7083  p=[0.283 0.624 0.005 0.413 0.348]
  eval: e=0.0400  p=[0.267 0.561 0.004 0.329 0.349]
  eval: e=0.2671  p=[0.262 0.428 0.016 0.340 0.340]
  eval: e=1.3707  p=[0.320 0.539 0.015 0.337 0.345]
  eval: e=0.0589  p=[0.269 0.543 0.018 0.329 0.344]
  eval: e=0.3445  p=[0.318 0.584 0.003 0.309 0.370]
  eval: e=0.2626  p=[0.360 0.449 0.016 0.244 0.354]
  eval: e=0.3695  p=[0.276 0.546 0.016 0.363 0.349]
  eval: e=0.2564  p=[0.274 0.538 0.012 0.258 0.340]
  eval: e=0.0528  p=[0.278 0.541 0.003 0.325 0.352]
  eval: e=8.6723  p=[0.280 0.565 0.001 0.385 0.347]
  eval: e=0.1980  p=[0.331 0.356 0.043 0.366 0.346]
  eval: e=0.0490  p=[0.267 0.553 0.006 0.324 0.344]
  eval: e=0.0940  p=[0.282 0.566 0.011 0.324 0.345]
  eval: e=16.1039  p=[0.312 0.574 0.002 0.360 0.341]
  eval: e=0.0410  p=[0.282 0.557 0.028 0.325 0.347]
  eval: e=0.0419  p=[0.275 0.542 0.003 0.328 0.347]
  eval: e=34.5892  p=[0.317 0.384 0.019 0.538 0.360]
  eval: e=0.0440  p=[0.280 0.529 0.010 0.334 0.346]
  126            6350         0.03947            6.09        2
  eval: e=0.2562  p=[0.281 0.412 0.031 0.345 0.342]
  eval: e=0.5931  p=[0.272 0.575 0.008 0.340 0.337]
  eval: e=0.0395  p=[0.268 0.564 0.007 0.329 0.349]
  eval: e=0.0685  p=[0.276 0.544 0.007 0.344 0.348]
  eval: e=0.0457  p=[0.269 0.547 0.006 0.330 0.347]
  eval: e=0.0402  p=[0.272 0.552 0.001 0.327 0.348]
  eval: e=0.0442  p=[0.268 0.553 0.005 0.328 0.336]
  eval: e=0.1495  p=[0.270 0.526 0.011 0.319 0.352]
  eval: e=0.0417  p=[0.269 0.556 0.005 0.324 0.343]
  eval: e=0.4630  p=[0.279 0.537 0.012 0.366 0.348]
  eval: e=0.1771  p=[0.314 0.512 0.012 0.328 0.336]
  eval: e=0.0439  p=[0.287 0.544 0.007 0.327 0.349]
  eval: e=0.1151  p=[0.258 0.556 0.009 0.318 0.350]
  eval: e=0.0448  p=[0.267 0.552 0.006 0.331 0.348]
  eval: e=0.0526  p=[0.331 0.428 0.017 0.370 0.366]
  eval: e=0.0707  p=[0.275 0.541 0.006 0.321 0.350]
  eval: e=0.2492  p=[0.268 0.588 0.005 0.258 0.367]
  eval: e=0.0775  p=[0.263 0.561 0.016 0.347 0.347]
  eval: e=0.0814  p=[0.292 0.487 0.006 0.332 0.344]
  eval: e=0.0663  p=[0.274 0.544 0.007 0.322 0.350]
  eval: e=0.1831  p=[0.270 0.487 0.011 0.329 0.345]
  eval: e=0.0572  p=[0.276 0.519 0.003 0.334 0.344]
  eval: e=4.6738  p=[0.298 0.538 0.007 0.373 0.342]
  eval: e=0.0497  p=[0.275 0.563 0.007 0.328 0.349]
  eval: e=0.0429  p=[0.272 0.550 0.005 0.328 0.349]
  eval: e=0.2045  p=[0.274 0.479 0.006 0.326 0.350]
  eval: e=0.1181  p=[0.277 0.517 0.025 0.327 0.348]
  eval: e=0.0611  p=[0.379 0.566 0.009 0.201 0.341]
  eval: e=0.1096  p=[0.292 0.520 0.006 0.308 0.350]
  eval: e=0.1110  p=[0.285 0.558 0.011 0.328 0.344]
  eval: e=0.4653  p=[0.295 0.434 0.012 0.435 0.365]
  eval: e=0.2368  p=[0.295 0.297 0.008 0.417 0.348]
  eval: e=0.0487  p=[0.278 0.557 0.003 0.328 0.349]
  eval: e=0.3113  p=[0.269 0.369 0.008 0.339 0.339]
  eval: e=0.0486  p=[0.271 0.564 0.007 0.330 0.348]
  eval: e=0.0549  p=[0.271 0.544 0.014 0.331 0.349]
  eval: e=4.4620  p=[0.255 0.549 0.015 0.413 0.348]
  eval: e=0.2605  p=[0.248 0.460 0.020 0.338 0.341]
  eval: e=0.1004  p=[0.281 0.533 0.012 0.353 0.350]
  eval: e=2.3048  p=[0.347 0.563 0.017 0.293 0.330]
  eval: e=0.0396  p=[0.277 0.545 0.004 0.329 0.347]
  eval: e=0.3260  p=[0.279 0.389 0.012 0.310 0.347]
  eval: e=0.2976  p=[0.388 0.206 0.008 0.355 0.349]
  eval: e=0.0411  p=[0.267 0.560 0.005 0.326 0.347]
  eval: e=0.0851  p=[0.269 0.525 0.014 0.333 0.345]
  eval: e=0.1703  p=[0.262 0.452 0.008 0.363 0.344]
  eval: e=0.0479  p=[0.274 0.546 0.000 0.329 0.354]
  eval: e=0.0463  p=[0.272 0.563 0.004 0.328 0.348]
  eval: e=13.9664  p=[0.324 0.379 0.020 0.506 0.360]
  eval: e=0.0417  p=[0.264 0.549 0.008 0.338 0.347]
  127            6400         0.03947          0.6337        3
  eval: e=0.0661  p=[0.273 0.468 0.015 0.393 0.341]
  eval: e=0.0573  p=[0.265 0.540 0.005 0.334 0.349]
  eval: e=0.0395  p=[0.268 0.564 0.006 0.329 0.349]
  eval: e=0.0403  p=[0.266 0.559 0.009 0.336 0.350]
  eval: e=0.0417  p=[0.279 0.493 0.007 0.367 0.348]
  eval: e=0.0395  p=[0.268 0.568 0.007 0.325 0.348]
  eval: e=0.0417  p=[0.268 0.567 0.007 0.327 0.347]
  eval: e=0.8765  p=[0.316 0.545 0.008 0.324 0.339]
  eval: e=0.0689  p=[0.269 0.527 0.003 0.338 0.352]
  eval: e=0.6121  p=[0.277 0.561 0.016 0.358 0.350]
  eval: e=0.2731  p=[0.307 0.533 0.010 0.329 0.340]
  eval: e=0.0615  p=[0.289 0.548 0.009 0.326 0.346]
  eval: e=0.0411  p=[0.286 0.555 0.000 0.311 0.343]
  eval: e=0.0466  p=[0.266 0.553 0.007 0.329 0.347]
  eval: e=0.1183  p=[0.287 0.474 0.016 0.349 0.354]
  eval: e=0.0659  p=[0.279 0.548 0.006 0.336 0.347]
  eval: e=0.0951  p=[0.306 0.351 0.006 0.418 0.353]
  eval: e=0.0987  p=[0.267 0.563 0.016 0.346 0.349]
  eval: e=0.4198  p=[0.272 0.594 0.012 0.326 0.340]
  eval: e=0.2545  p=[0.277 0.558 0.007 0.348 0.351]
  eval: e=0.2090  p=[0.315 0.514 0.006 0.329 0.339]
  eval: e=0.1210  p=[0.277 0.518 0.007 0.322 0.350]
  eval: e=0.1323  p=[0.270 0.468 0.017 0.364 0.351]
  eval: e=0.0397  p=[0.277 0.550 0.006 0.328 0.350]
  eval: e=0.0447  p=[0.270 0.565 0.003 0.329 0.349]
  eval: e=1.7332  p=[0.290 0.613 0.007 0.319 0.346]
  eval: e=0.2410  p=[0.299 0.545 0.000 0.329 0.347]
  eval: e=0.0487  p=[0.339 0.562 0.007 0.222 0.307]
  eval: e=0.0430  p=[0.264 0.568 0.016 0.323 0.335]
  eval: e=0.0955  p=[0.242 0.562 0.006 0.328 0.343]
  eval: e=1.0207  p=[0.314 0.412 0.010 0.453 0.379]
  eval: e=22.7130  p=[0.287 0.595 0.045 0.396 0.347]
  eval: e=0.0424  p=[0.268 0.557 0.005 0.329 0.349]
  eval: e=0.1382  p=[0.265 0.468 0.020 0.358 0.340]
  eval: e=0.1787  p=[0.322 0.407 0.024 0.341 0.348]
  eval: e=0.1930  p=[0.285 0.561 0.011 0.333 0.346]
  eval: e=15.1548  p=[0.378 0.379 0.014 0.489 0.391]
  eval: e=9.1113  p=[0.508 0.569 0.033 0.209 0.339]
  eval: e=0.0408  p=[0.284 0.524 0.016 0.343 0.350]
  eval: e=0.1687  p=[0.319 0.535 0.012 0.236 0.327]
  eval: e=0.0424  p=[0.275 0.553 0.005 0.329 0.347]
  eval: e=17.5023  p=[0.282 0.631 0.003 0.358 0.348]
  eval: e=2.5011  p=[0.442 0.334 0.036 0.392 0.347]
  eval: e=0.0451  p=[0.278 0.556 0.005 0.324 0.344]
  eval: e=0.0485  p=[0.274 0.542 0.009 0.327 0.345]
  eval: e=0.2304  p=[0.290 0.427 0.033 0.339 0.343]
  eval: e=0.0487  p=[0.270 0.578 0.017 0.328 0.351]
  eval: e=0.0414  p=[0.270 0.562 0.006 0.329 0.347]
  eval: e=0.3254  p=[0.318 0.284 0.019 0.415 0.412]
  eval: e=0.0449  p=[0.279 0.519 0.009 0.350 0.346]
  128            6450         0.03947           1.513        0
  eval: e=3.3389  p=[0.274 0.560 0.026 0.391 0.353]
  eval: e=0.0959  p=[0.278 0.547 0.004 0.342 0.348]
  eval: e=0.0395  p=[0.268 0.564 0.006 0.329 0.349]
  eval: e=0.0550  p=[0.270 0.553 0.008 0.325 0.350]
  eval: e=0.0563  p=[0.277 0.522 0.004 0.349 0.341]
  eval: e=0.0396  p=[0.267 0.569 0.007 0.325 0.348]
  eval: e=0.0908  p=[0.267 0.528 0.002 0.319 0.336]
  eval: e=0.1246  p=[0.258 0.535 0.011 0.328 0.348]
  eval: e=0.0704  p=[0.272 0.549 0.001 0.338 0.343]
  eval: e=0.0476  p=[0.278 0.552 0.006 0.331 0.349]
  eval: e=0.0874  p=[0.304 0.529 0.014 0.330 0.348]
  eval: e=0.1121  p=[0.264 0.535 0.007 0.324 0.348]
  eval: e=0.0419  p=[0.279 0.548 0.001 0.315 0.341]
  eval: e=0.0405  p=[0.269 0.551 0.004 0.331 0.348]
  eval: e=0.2797  p=[0.278 0.436 0.021 0.332 0.360]
  eval: e=0.0718  p=[0.284 0.528 0.004 0.319 0.348]
  eval: e=0.3493  p=[0.283 0.369 0.017 0.312 0.368]
  eval: e=0.0561  p=[0.273 0.556 0.007 0.332 0.344]
  eval: e=0.0893  p=[0.305 0.477 0.000 0.329 0.351]
  eval: e=0.0698  p=[0.278 0.527 0.002 0.327 0.350]
  eval: e=0.1310  p=[0.260 0.527 0.013 0.326 0.344]
  eval: e=0.0542  p=[0.285 0.527 0.004 0.325 0.348]
  eval: e=2.7123  p=[0.314 0.538 0.013 0.350 0.341]
  eval: e=0.0396  p=[0.277 0.549 0.001 0.328 0.351]
  eval: e=0.0691  p=[0.282 0.558 0.003 0.328 0.349]
  eval: e=0.1815  p=[0.285 0.469 0.004 0.322 0.343]
  eval: e=0.0454  p=[0.300 0.526 0.007 0.328 0.350]
  eval: e=0.2037  p=[0.262 0.555 0.006 0.249 0.308]
  eval: e=0.0521  p=[0.285 0.533 0.014 0.336 0.343]
  eval: e=0.0627  p=[0.277 0.522 0.007 0.328 0.342]
  eval: e=0.0617  p=[0.287 0.373 0.010 0.445 0.344]
  eval: e=0.2972  p=[0.290 0.490 0.004 0.373 0.340]
  eval: e=0.0408  p=[0.268 0.559 0.005 0.329 0.349]
  eval: e=0.1563  p=[0.260 0.483 0.006 0.409 0.349]
  eval: e=10.6492  p=[0.338 0.553 0.017 0.347 0.343]
  eval: e=0.0417  p=[0.275 0.543 0.015 0.331 0.344]
  eval: e=4.3106  p=[0.211 0.445 0.013 0.521 0.340]
  eval: e=24.0227  p=[0.501 0.545 0.034 0.290 0.347]
  eval: e=0.0987  p=[0.275 0.524 0.008 0.326 0.350]
  eval: e=0.1086  p=[0.314 0.558 0.016 0.248 0.332]
  eval: e=0.0482  p=[0.268 0.552 0.006 0.329 0.349]
  eval: e=0.1912  p=[0.280 0.520 0.004 0.366 0.350]
  eval: e=17.5787  p=[0.387 0.550 0.029 0.329 0.344]
  eval: e=0.0427  p=[0.277 0.541 0.001 0.326 0.346]
  eval: e=0.0759  p=[0.275 0.570 0.009 0.326 0.345]
  eval: e=11.8752  p=[0.323 0.516 0.012 0.387 0.343]
  eval: e=0.0460  p=[0.271 0.573 0.011 0.325 0.348]
  eval: e=0.0446  p=[0.270 0.549 0.005 0.329 0.348]
  eval: e=43.0005  p=[0.370 0.440 0.026 0.436 0.323]
  eval: e=0.0927  p=[0.280 0.478 0.007 0.348 0.344]
  129            6500         0.03947            2.43        0
  eval: e=4.8170  p=[0.269 0.509 0.005 0.400 0.318]
  eval: e=0.0493  p=[0.270 0.545 0.005 0.338 0.342]
  eval: e=0.0395  p=[0.268 0.564 0.006 0.329 0.349]
  eval: e=0.0400  p=[0.270 0.557 0.007 0.332 0.350]
  eval: e=0.1174  p=[0.271 0.514 0.006 0.331 0.351]
  eval: e=0.0395  p=[0.268 0.567 0.006 0.325 0.348]
  eval: e=0.1201  p=[0.267 0.569 0.003 0.336 0.343]
  eval: e=0.0869  p=[0.313 0.527 0.006 0.319 0.347]
  eval: e=0.0876  p=[0.267 0.526 0.004 0.332 0.347]
  eval: e=0.1567  p=[0.270 0.499 0.008 0.330 0.348]
  eval: e=0.0405  p=[0.284 0.522 0.007 0.332 0.339]
  eval: e=0.0756  p=[0.271 0.517 0.005 0.333 0.342]
  eval: e=0.0544  p=[0.289 0.526 0.004 0.339 0.348]
  eval: e=0.0397  p=[0.270 0.557 0.007 0.331 0.347]
  eval: e=0.2993  p=[0.335 0.432 0.022 0.397 0.366]
  eval: e=0.1556  p=[0.289 0.528 0.002 0.342 0.341]
  eval: e=5.5748  p=[0.284 0.334 0.020 0.542 0.346]
  eval: e=0.0408  p=[0.267 0.551 0.006 0.339 0.354]
  eval: e=0.1261  p=[0.254 0.596 0.010 0.328 0.337]
  eval: e=0.0402  p=[0.274 0.546 0.009 0.334 0.350]
  eval: e=1.8969  p=[0.321 0.556 0.017 0.328 0.343]
  eval: e=0.1446  p=[0.270 0.580 0.003 0.329 0.345]
  eval: e=0.0479  p=[0.264 0.578 0.022 0.335 0.350]
  eval: e=0.0700  p=[0.270 0.576 0.003 0.326 0.348]
  eval: e=0.0458  p=[0.269 0.551 0.003 0.328 0.349]
  eval: e=0.0768  p=[0.291 0.548 0.011 0.325 0.344]
  eval: e=0.0753  p=[0.263 0.553 0.028 0.325 0.342]
  eval: e=0.2274  p=[0.259 0.577 0.008 0.254 0.336]
  eval: e=0.0684  p=[0.278 0.533 0.018 0.317 0.335]
  eval: e=0.0466  p=[0.265 0.572 0.015 0.327 0.341]
  eval: e=0.5515  p=[0.314 0.449 0.016 0.410 0.365]
  eval: e=0.0527  p=[0.288 0.485 0.006 0.366 0.346]
  eval: e=0.0449  p=[0.271 0.549 0.004 0.328 0.349]
  eval: e=0.7376  p=[0.270 0.510 0.010 0.390 0.338]
  eval: e=0.0648  p=[0.296 0.476 0.023 0.348 0.343]
  eval: e=0.0498  p=[0.289 0.539 0.014 0.331 0.347]
  eval: e=17.4663  p=[0.411 0.333 0.018 0.511 0.396]
  eval: e=0.3134  p=[0.272 0.526 0.004 0.228 0.342]
  eval: e=0.1256  p=[0.271 0.574 0.013 0.337 0.349]
  eval: e=1.9950  p=[0.338 0.544 0.011 0.297 0.315]
  eval: e=0.0398  p=[0.278 0.546 0.006 0.329 0.348]
  eval: e=0.4703  p=[0.288 0.482 0.005 0.392 0.347]
  eval: e=0.4831  p=[0.408 0.355 0.016 0.370 0.345]
  eval: e=0.0570  p=[0.267 0.544 0.005 0.330 0.348]
  eval: e=0.0466  p=[0.271 0.569 0.013 0.325 0.345]
  eval: e=0.1609  p=[0.262 0.515 0.023 0.327 0.344]
  eval: e=0.0513  p=[0.277 0.568 0.004 0.325 0.352]
  eval: e=0.0395  p=[0.275 0.549 0.004 0.328 0.348]
  eval: e=68.3629  p=[0.364 0.514 0.007 0.504 0.405]
  eval: e=0.0643  p=[0.276 0.532 0.007 0.348 0.345]
  130            6550         0.03947           2.118        0
  eval: e=0.1330  p=[0.271 0.464 0.021 0.393 0.378]
  eval: e=0.0477  p=[0.275 0.536 0.004 0.331 0.347]
  eval: e=0.0395  p=[0.268 0.564 0.006 0.329 0.349]
  eval: e=0.0420  p=[0.267 0.566 0.006 0.332 0.349]
  eval: e=0.0557  p=[0.278 0.528 0.003 0.329 0.347]
  eval: e=0.0396  p=[0.268 0.568 0.007 0.325 0.348]
  eval: e=0.0489  p=[0.268 0.554 0.012 0.325 0.344]
  eval: e=0.0700  p=[0.251 0.580 0.013 0.319 0.346]
  eval: e=0.2447  p=[0.267 0.557 0.007 0.353 0.345]
  eval: e=0.0469  p=[0.281 0.510 0.008 0.356 0.348]
  eval: e=0.0396  p=[0.270 0.554 0.006 0.332 0.348]
  eval: e=0.0687  p=[0.290 0.548 0.008 0.326 0.347]
  eval: e=0.0637  p=[0.273 0.568 0.000 0.300 0.343]
  eval: e=0.0435  p=[0.277 0.552 0.004 0.329 0.348]
  eval: e=115.7564  p=[0.270 0.532 0.017 0.517 0.340]
  eval: e=0.0995  p=[0.259 0.575 0.007 0.316 0.360]
  eval: e=0.3401  p=[0.294 0.370 0.021 0.318 0.370]
  eval: e=0.0430  p=[0.257 0.557 0.025 0.343 0.346]
  eval: e=0.0450  p=[0.281 0.529 0.009 0.329 0.343]
  eval: e=0.0400  p=[0.275 0.552 0.005 0.320 0.339]
  eval: e=0.0410  p=[0.305 0.506 0.007 0.326 0.342]
  eval: e=0.0848  p=[0.279 0.557 0.004 0.327 0.341]
  eval: e=0.2543  p=[0.274 0.543 0.010 0.360 0.348]
  eval: e=0.0999  p=[0.281 0.504 0.004 0.329 0.348]
  eval: e=0.0414  p=[0.279 0.551 0.003 0.328 0.349]
  eval: e=0.2076  p=[0.322 0.526 0.009 0.321 0.347]
  eval: e=0.0442  p=[0.285 0.521 0.002 0.328 0.343]
  eval: e=6.7725  p=[0.433 0.543 0.008 0.245 0.322]
  eval: e=0.3827  p=[0.287 0.556 0.018 0.343 0.345]
  eval: e=0.0444  p=[0.274 0.543 0.001 0.329 0.348]
  eval: e=0.0816  p=[0.337 0.211 0.020 0.510 0.371]
  eval: e=0.0988  p=[0.297 0.449 0.025 0.396 0.347]
  eval: e=0.0402  p=[0.278 0.550 0.002 0.328 0.349]
  eval: e=0.2701  p=[0.292 0.463 0.011 0.280 0.338]
  eval: e=0.1125  p=[0.309 0.443 0.007 0.339 0.344]
  eval: e=0.0433  p=[0.277 0.541 0.017 0.331 0.345]
  eval: e=0.3645  p=[0.254 0.265 0.004 0.350 0.348]
  eval: e=8.8101  p=[0.477 0.464 0.013 0.302 0.351]
  eval: e=0.0615  p=[0.286 0.501 0.012 0.344 0.350]
  eval: e=0.2223  p=[0.302 0.528 0.013 0.260 0.349]
  eval: e=0.0406  p=[0.278 0.547 0.002 0.329 0.347]
  eval: e=0.0937  p=[0.260 0.542 0.008 0.327 0.347]
  eval: e=21.5544  p=[0.363 0.507 0.024 0.387 0.350]
  eval: e=0.0519  p=[0.274 0.557 0.003 0.325 0.339]
  eval: e=0.0397  p=[0.275 0.554 0.006 0.329 0.350]
  eval: e=0.1510  p=[0.267 0.536 0.015 0.363 0.343]
  eval: e=0.0583  p=[0.280 0.531 0.013 0.331 0.352]
  eval: e=0.0396  p=[0.276 0.549 0.003 0.328 0.348]
  eval: e=32.0298  p=[0.286 0.486 0.024 0.463 0.332]
  eval: e=0.0874  p=[0.273 0.514 0.011 0.330 0.339]
  131            6600         0.03947           3.791        1
  eval: e=1.6115  p=[0.265 0.516 0.007 0.381 0.315]
  eval: e=0.0505  p=[0.266 0.544 0.007 0.333 0.347]
  eval: e=0.0395  p=[0.268 0.564 0.006 0.329 0.349]
  eval: e=0.0423  p=[0.268 0.553 0.006 0.331 0.349]
  eval: e=0.2274  p=[0.272 0.525 0.007 0.370 0.347]
  eval: e=0.0395  p=[0.268 0.563 0.006 0.328 0.348]
  eval: e=0.0449  p=[0.270 0.550 0.000 0.324 0.345]
  eval: e=0.3744  p=[0.294 0.556 0.008 0.328 0.341]
  eval: e=0.0466  p=[0.274 0.562 0.006 0.313 0.346]
  eval: e=4.0546  p=[0.276 0.586 0.009 0.364 0.348]
  eval: e=0.0439  p=[0.270 0.553 0.002 0.327 0.350]
  eval: e=0.0533  p=[0.280 0.561 0.008 0.324 0.347]
  eval: e=0.3732  p=[0.280 0.543 0.002 0.351 0.343]
  eval: e=0.0468  p=[0.271 0.561 0.010 0.334 0.349]
  eval: e=0.2852  p=[0.311 0.391 0.015 0.459 0.382]
  eval: e=0.1231  p=[0.265 0.554 0.007 0.315 0.356]
  eval: e=0.2175  p=[0.288 0.359 0.015 0.394 0.350]
  eval: e=0.0418  p=[0.259 0.556 0.017 0.347 0.348]
  eval: e=0.0840  p=[0.288 0.507 0.010 0.329 0.349]
  eval: e=0.0420  p=[0.264 0.562 0.004 0.324 0.345]
  eval: e=0.0985  p=[0.269 0.530 0.005 0.329 0.352]
  eval: e=0.0970  p=[0.279 0.516 0.000 0.328 0.352]
  eval: e=0.1023  p=[0.302 0.524 0.006 0.334 0.347]
  eval: e=0.0574  p=[0.279 0.562 0.002 0.328 0.353]
  eval: e=0.0401  p=[0.275 0.550 0.004 0.329 0.349]
  eval: e=0.1307  p=[0.261 0.525 0.008 0.326 0.345]
  eval: e=0.0476  p=[0.268 0.557 0.011 0.329 0.350]
  eval: e=0.2902  p=[0.256 0.586 0.009 0.226 0.343]
  eval: e=0.0669  p=[0.282 0.510 0.010 0.327 0.338]
  eval: e=0.0399  p=[0.256 0.584 0.019 0.328 0.346]
  eval: e=48.7107  p=[0.289 0.471 0.011 0.495 0.346]
  eval: e=0.7175  p=[0.288 0.577 0.020 0.339 0.349]
  eval: e=0.0395  p=[0.276 0.550 0.002 0.328 0.349]
  eval: e=0.4761  p=[0.250 0.584 0.012 0.357 0.341]
  eval: e=0.1859  p=[0.305 0.449 0.029 0.331 0.352]
  eval: e=0.0400  p=[0.274 0.550 0.013 0.333 0.348]
  eval: e=0.3115  p=[0.296 0.292 0.031 0.406 0.370]
  eval: e=3.5759  p=[0.474 0.428 0.017 0.298 0.344]
  eval: e=0.0847  p=[0.282 0.504 0.014 0.339 0.349]
  eval: e=0.1763  p=[0.303 0.547 0.013 0.240 0.325]
  eval: e=0.0453  p=[0.271 0.549 0.007 0.329 0.349]
  eval: e=1.5809  p=[0.284 0.510 0.005 0.392 0.346]
  eval: e=0.3583  p=[0.307 0.222 0.017 0.349 0.350]
  eval: e=0.0396  p=[0.274 0.554 0.007 0.327 0.347]
  eval: e=0.0397  p=[0.276 0.552 0.003 0.329 0.351]
  eval: e=0.2555  p=[0.279 0.355 0.004 0.382 0.347]
  eval: e=0.0532  p=[0.275 0.546 0.006 0.325 0.350]
  eval: e=0.0395  p=[0.276 0.549 0.004 0.328 0.348]
  eval: e=0.3087  p=[0.365 0.315 0.018 0.356 0.406]
  eval: e=0.1153  p=[0.277 0.512 0.011 0.369 0.348]
  132            6650         0.03947           1.319        2
  eval: e=0.0996  p=[0.272 0.405 0.007 0.388 0.324]
  eval: e=0.0409  p=[0.278 0.531 0.003 0.337 0.344]
  eval: e=0.0395  p=[0.268 0.564 0.006 0.329 0.349]
  eval: e=0.0605  p=[0.271 0.568 0.007 0.332 0.350]
  eval: e=0.1702  p=[0.276 0.509 0.006 0.315 0.351]
  eval: e=0.0396  p=[0.268 0.564 0.006 0.329 0.349]
  eval: e=0.0498  p=[0.274 0.553 0.007 0.328 0.340]
  eval: e=0.0433  p=[0.298 0.515 0.008 0.323 0.344]
  eval: e=0.0710  p=[0.272 0.563 0.000 0.330 0.345]
  eval: e=0.2182  p=[0.272 0.453 0.018 0.344 0.348]
  eval: e=0.0468  p=[0.267 0.563 0.006 0.334 0.348]
  eval: e=0.1015  p=[0.272 0.527 0.008 0.324 0.347]
  eval: e=0.1616  p=[0.271 0.547 0.007 0.294 0.346]
  eval: e=0.0492  p=[0.269 0.562 0.007 0.331 0.345]
  eval: e=3.2724  p=[0.294 0.508 0.007 0.390 0.341]
  eval: e=0.0413  p=[0.276 0.534 0.005 0.329 0.340]
  eval: e=1.9784  p=[0.293 0.544 0.027 0.388 0.368]
  eval: e=0.0501  p=[0.262 0.562 0.007 0.339 0.346]
  eval: e=0.0581  p=[0.288 0.540 0.013 0.328 0.341]
  eval: e=0.0456  p=[0.273 0.548 0.006 0.325 0.346]
  eval: e=0.1444  p=[0.268 0.507 0.006 0.325 0.344]
  eval: e=0.1036  p=[0.281 0.561 0.000 0.328 0.347]
  eval: e=0.3868  p=[0.296 0.497 0.027 0.374 0.340]
  eval: e=0.0469  p=[0.274 0.564 0.006 0.328 0.350]
  eval: e=0.0395  p=[0.266 0.564 0.003 0.328 0.350]
  eval: e=0.0706  p=[0.274 0.532 0.007 0.324 0.344]
  eval: e=0.4408  p=[0.315 0.542 0.025 0.326 0.342]
  eval: e=48.5815  p=[0.393 0.544 0.005 0.329 0.303]
  eval: e=0.0736  p=[0.268 0.547 0.014 0.326 0.350]
  eval: e=0.0450  p=[0.267 0.563 0.014 0.328 0.350]
  eval: e=68.7734  p=[0.371 0.471 0.013 0.491 0.374]
  eval: e=0.1433  p=[0.264 0.350 0.018 0.446 0.348]
  eval: e=0.0393  p=[0.265 0.567 0.003 0.328 0.349]
  eval: e=0.1258  p=[0.276 0.326 0.017 0.454 0.345]
  eval: e=0.6288  p=[0.330 0.482 0.004 0.356 0.348]
  eval: e=0.0403  p=[0.272 0.563 0.009 0.327 0.349]
  eval: e=72.6486  p=[0.333 0.676 0.023 0.417 0.353]
  eval: e=0.0498  p=[0.448 0.489 0.016 0.195 0.340]
  eval: e=0.1540  p=[0.270 0.588 0.012 0.331 0.350]
  eval: e=0.3667  p=[0.295 0.546 0.007 0.324 0.328]
  eval: e=0.0422  p=[0.273 0.557 0.005 0.328 0.347]
  eval: e=0.1634  p=[0.281 0.486 0.007 0.324 0.346]
  eval: e=41.9422  p=[0.402 0.486 0.025 0.399 0.344]
  eval: e=0.0398  p=[0.275 0.549 0.005 0.328 0.348]
  eval: e=0.0494  p=[0.273 0.564 0.003 0.329 0.350]
  eval: e=0.1531  p=[0.294 0.432 0.008 0.348 0.341]
  eval: e=0.0454  p=[0.272 0.580 0.022 0.325 0.351]
  eval: e=0.0566  p=[0.272 0.571 0.005 0.329 0.350]
  eval: e=0.0999  p=[0.280 0.367 0.012 0.424 0.343]
  eval: e=0.9138  p=[0.279 0.541 0.011 0.368 0.345]
  133            6700         0.03928           4.861        0
  eval: e=0.8955  p=[0.269 0.571 0.029 0.369 0.351]
  eval: e=0.0400  p=[0.270 0.560 0.008 0.327 0.345]
  eval: e=0.0395  p=[0.268 0.564 0.006 0.329 0.349]
  eval: e=0.0446  p=[0.273 0.546 0.003 0.327 0.348]
  eval: e=0.7929  p=[0.279 0.554 0.009 0.360 0.347]
  eval: e=0.0410  p=[0.266 0.562 0.006 0.328 0.350]
  eval: e=0.0411  p=[0.272 0.565 0.008 0.327 0.350]
  eval: e=0.1629  p=[0.297 0.552 0.010 0.325 0.346]
  eval: e=0.0448  p=[0.269 0.537 0.001 0.338 0.349]
  eval: e=0.0931  p=[0.274 0.493 0.016 0.351 0.348]
  eval: e=0.0432  p=[0.266 0.556 0.003 0.329 0.350]
  eval: e=0.1176  p=[0.269 0.523 0.006 0.326 0.349]
  eval: e=0.0452  p=[0.281 0.549 0.004 0.316 0.346]
  eval: e=0.0451  p=[0.269 0.551 0.005 0.329 0.349]
  eval: e=13.5041  p=[0.321 0.469 0.012 0.434 0.354]
  eval: e=0.0468  p=[0.283 0.544 0.004 0.332 0.351]
  eval: e=0.1518  p=[0.296 0.288 0.025 0.475 0.367]
  eval: e=0.0687  p=[0.275 0.554 0.016 0.338 0.346]
  eval: e=0.0581  p=[0.292 0.508 0.012 0.329 0.345]
  eval: e=0.1729  p=[0.275 0.574 0.013 0.326 0.338]
  eval: e=1.0551  p=[0.329 0.531 0.004 0.326 0.345]
  eval: e=0.1062  p=[0.281 0.497 0.004 0.328 0.342]
  eval: e=0.0419  p=[0.298 0.488 0.023 0.354 0.347]
  eval: e=0.0495  p=[0.278 0.535 0.001 0.328 0.350]
  eval: e=0.0394  p=[0.265 0.565 0.003 0.328 0.350]
  eval: e=0.0766  p=[0.277 0.526 0.007 0.328 0.350]
  eval: e=0.2622  p=[0.290 0.569 0.014 0.329 0.349]
  eval: e=0.5842  p=[0.315 0.566 0.011 0.282 0.309]
  eval: e=0.1581  p=[0.301 0.519 0.003 0.328 0.331]
  eval: e=0.0584  p=[0.268 0.565 0.007 0.333 0.345]
  eval: e=0.0569  p=[0.313 0.236 0.015 0.510 0.358]
  eval: e=0.1541  p=[0.315 0.497 0.034 0.296 0.347]
  eval: e=0.0393  p=[0.264 0.569 0.004 0.328 0.349]
  eval: e=0.1011  p=[0.258 0.483 0.013 0.362 0.339]
  eval: e=0.2505  p=[0.252 0.491 0.018 0.322 0.347]
  eval: e=0.0745  p=[0.279 0.549 0.006 0.336 0.346]
  eval: e=0.3564  p=[0.260 0.209 0.012 0.416 0.357]
  eval: e=49.5365  p=[0.414 0.565 0.003 0.358 0.353]
  eval: e=0.0762  p=[0.271 0.573 0.006 0.330 0.350]
  eval: e=0.2913  p=[0.297 0.544 0.005 0.202 0.335]
  eval: e=0.0518  p=[0.269 0.547 0.006 0.328 0.347]
  eval: e=0.2041  p=[0.285 0.501 0.004 0.375 0.351]
  eval: e=0.3796  p=[0.258 0.163 0.005 0.349 0.345]
  eval: e=0.0404  p=[0.272 0.562 0.005 0.327 0.350]
  eval: e=0.0420  p=[0.275 0.557 0.006 0.328 0.348]
  eval: e=15.4881  p=[0.300 0.557 0.028 0.391 0.344]
  eval: e=0.0470  p=[0.280 0.555 0.017 0.330 0.349]
  eval: e=0.0422  p=[0.269 0.551 0.002 0.328 0.347]
  eval: e=94.7846  p=[0.383 0.548 0.021 0.531 0.340]
  eval: e=0.1896  p=[0.280 0.546 0.011 0.347 0.345]
  134            6750         0.03926           3.622        0
  eval: e=0.1560  p=[0.268 0.528 0.000 0.368 0.347]
  eval: e=0.0573  p=[0.269 0.542 0.004 0.330 0.349]
  eval: e=0.0402  p=[0.265 0.565 0.006 0.328 0.349]
  eval: e=0.0401  p=[0.268 0.559 0.008 0.332 0.351]
  eval: e=0.0396  p=[0.271 0.542 0.005 0.337 0.347]
  eval: e=0.0401  p=[0.269 0.564 0.006 0.328 0.348]
  eval: e=0.0502  p=[0.268 0.563 0.008 0.327 0.339]
  eval: e=0.0835  p=[0.282 0.524 0.012 0.321 0.345]
  eval: e=0.0490  p=[0.270 0.522 0.004 0.343 0.347]
  eval: e=0.8815  p=[0.293 0.528 0.012 0.363 0.344]
  eval: e=0.0403  p=[0.264 0.563 0.004 0.329 0.348]
  eval: e=0.0523  p=[0.281 0.524 0.007 0.329 0.345]
  eval: e=0.0738  p=[0.283 0.557 0.000 0.325 0.348]
  eval: e=0.0415  p=[0.263 0.574 0.005 0.329 0.349]
  eval: e=0.0936  p=[0.301 0.412 0.023 0.428 0.360]
  eval: e=0.0804  p=[0.265 0.542 0.004 0.328 0.350]
  eval: e=0.2437  p=[0.258 0.574 0.016 0.269 0.354]
  eval: e=0.0632  p=[0.249 0.553 0.017 0.342 0.346]
  eval: e=0.1429  p=[0.264 0.510 0.013 0.328 0.341]
  eval: e=0.0507  p=[0.267 0.547 0.000 0.325 0.344]
  eval: e=0.0609  p=[0.306 0.515 0.006 0.333 0.349]
  eval: e=0.0415  p=[0.283 0.538 0.001 0.328 0.351]
  eval: e=0.0969  p=[0.297 0.501 0.000 0.317 0.349]
  eval: e=0.0623  p=[0.278 0.561 0.001 0.328 0.350]
  eval: e=0.0394  p=[0.265 0.565 0.003 0.328 0.350]
  eval: e=0.0951  p=[0.287 0.515 0.006 0.320 0.349]
  eval: e=0.1436  p=[0.285 0.547 0.003 0.328 0.336]
  eval: e=0.2781  p=[0.305 0.559 0.001 0.175 0.317]
  eval: e=0.1216  p=[0.276 0.521 0.010 0.329 0.358]
  eval: e=0.0427  p=[0.256 0.592 0.020 0.330 0.349]
  eval: e=0.1993  p=[0.318 0.303 0.013 0.424 0.366]
  eval: e=15.4588  p=[0.317 0.470 0.031 0.442 0.348]
  eval: e=0.0393  p=[0.264 0.569 0.004 0.328 0.349]
  eval: e=0.4389  p=[0.259 0.473 0.023 0.425 0.339]
  eval: e=0.4827  p=[0.314 0.525 0.013 0.340 0.348]
  eval: e=0.0434  p=[0.261 0.566 0.011 0.332 0.351]
  eval: e=15.3165  p=[0.354 0.436 0.017 0.447 0.368]
  eval: e=0.2195  p=[0.372 0.469 0.016 0.227 0.342]
  eval: e=0.0759  p=[0.285 0.498 0.007 0.339 0.349]
  eval: e=6.5793  p=[0.299 0.543 0.013 0.378 0.343]
  eval: e=0.0409  p=[0.268 0.567 0.003 0.329 0.350]
  eval: e=0.0792  p=[0.280 0.493 0.005 0.371 0.345]
  eval: e=0.6928  p=[0.458 0.324 0.039 0.364 0.348]
  eval: e=0.0426  p=[0.275 0.543 0.004 0.328 0.347]
  eval: e=0.0402  p=[0.273 0.548 0.003 0.330 0.348]
  eval: e=0.2966  p=[0.309 0.358 0.004 0.324 0.345]
  eval: e=0.0510  p=[0.271 0.572 0.010 0.328 0.349]
  eval: e=0.0395  p=[0.270 0.559 0.006 0.328 0.348]
  eval: e=0.1243  p=[0.382 0.453 0.029 0.379 0.442]
  eval: e=0.0846  p=[0.261 0.490 0.003 0.354 0.337]
  135            6800         0.03926          0.8729        0
  eval: e=0.5099  p=[0.269 0.533 0.019 0.380 0.346]
  eval: e=0.0401  p=[0.277 0.525 0.003 0.343 0.350]
  eval: e=0.0394  p=[0.268 0.564 0.004 0.328 0.349]
  eval: e=0.0435  p=[0.271 0.539 0.007 0.337 0.348]
  eval: e=0.0551  p=[0.269 0.555 0.004 0.323 0.350]
  eval: e=0.0396  p=[0.268 0.562 0.006 0.328 0.348]
  eval: e=0.0435  p=[0.267 0.553 0.009 0.327 0.343]
  eval: e=0.1112  p=[0.262 0.544 0.008 0.320 0.348]
  eval: e=0.0766  p=[0.268 0.529 0.000 0.331 0.348]
  eval: e=0.0720  p=[0.282 0.516 0.012 0.356 0.345]
  eval: e=0.0530  p=[0.271 0.530 0.006 0.338 0.348]
  eval: e=0.1126  p=[0.282 0.561 0.005 0.327 0.345]
  eval: e=0.0399  p=[0.285 0.531 0.001 0.325 0.343]
  eval: e=0.0394  p=[0.264 0.569 0.006 0.328 0.348]
  eval: e=21.7240  p=[0.317 0.563 0.000 0.397 0.372]
  eval: e=0.0397  p=[0.267 0.552 0.005 0.332 0.345]
  eval: e=19.2020  p=[0.315 0.328 0.008 0.556 0.357]
  eval: e=0.0986  p=[0.271 0.575 0.004 0.332 0.350]
  eval: e=0.0410  p=[0.293 0.510 0.002 0.329 0.340]
  eval: e=0.0404  p=[0.263 0.560 0.003 0.326 0.342]
  eval: e=0.0405  p=[0.302 0.507 0.007 0.328 0.343]
  eval: e=0.0748  p=[0.280 0.562 0.007 0.328 0.349]
  eval: e=0.1424  p=[0.269 0.530 0.030 0.321 0.346]
  eval: e=0.0415  p=[0.277 0.546 0.004 0.328 0.350]
  eval: e=0.0394  p=[0.265 0.565 0.003 0.328 0.350]
  eval: e=0.3818  p=[0.308 0.539 0.006 0.326 0.342]
  eval: e=0.0414  p=[0.288 0.544 0.032 0.328 0.347]
  eval: e=0.3486  p=[0.304 0.552 0.007 0.304 0.320]
  eval: e=0.1944  p=[0.274 0.549 0.007 0.328 0.319]
  eval: e=0.0539  p=[0.257 0.590 0.010 0.328 0.346]
  eval: e=0.0847  p=[0.270 0.489 0.016 0.402 0.361]
  eval: e=0.1211  p=[0.289 0.438 0.000 0.406 0.349]
  eval: e=0.0393  p=[0.264 0.569 0.004 0.328 0.349]
  eval: e=0.0461  p=[0.267 0.396 0.004 0.433 0.343]
  eval: e=11.1018  p=[0.335 0.560 0.012 0.347 0.347]
  eval: e=0.0635  p=[0.261 0.556 0.007 0.326 0.349]
  eval: e=0.3157  p=[0.235 0.431 0.010 0.349 0.360]
  eval: e=6.7449  p=[0.365 0.618 0.010 0.274 0.349]
  eval: e=0.0414  p=[0.280 0.528 0.008 0.340 0.350]
  eval: e=0.3380  p=[0.360 0.557 0.016 0.269 0.344]
  eval: e=0.0398  p=[0.280 0.544 0.005 0.329 0.348]
  eval: e=0.1944  p=[0.275 0.441 0.004 0.352 0.349]
  eval: e=0.2962  p=[0.192 0.508 0.002 0.335 0.344]
  eval: e=0.0421  p=[0.274 0.550 0.010 0.327 0.347]
  eval: e=0.0416  p=[0.266 0.559 0.006 0.330 0.349]
  eval: e=1.0444  p=[0.254 0.533 0.007 0.403 0.351]
  eval: e=0.0403  p=[0.271 0.566 0.016 0.328 0.351]
  eval: e=0.0663  p=[0.277 0.562 0.000 0.329 0.349]
  eval: e=0.2648  p=[0.325 0.393 0.000 0.348 0.392]
  eval: e=1.0196  p=[0.290 0.570 0.006 0.337 0.344]
  136            6850         0.03926           1.315        0
  eval: e=4.6200  p=[0.269 0.543 0.011 0.397 0.341]
  eval: e=0.0402  p=[0.275 0.542 0.006 0.328 0.339]
  eval: e=0.0395  p=[0.268 0.564 0.004 0.329 0.349]
  eval: e=0.0506  p=[0.271 0.571 0.006 0.328 0.350]
  eval: e=0.0932  p=[0.271 0.559 0.004 0.338 0.345]
  eval: e=0.0394  p=[0.267 0.564 0.004 0.328 0.350]
  eval: e=0.0419  p=[0.267 0.561 0.003 0.327 0.342]
  eval: e=0.9328  p=[0.317 0.554 0.009 0.326 0.349]
  eval: e=0.0654  p=[0.272 0.529 0.008 0.332 0.347]
  eval: e=0.1522  p=[0.259 0.518 0.011 0.335 0.353]
  eval: e=0.0395  p=[0.272 0.557 0.002 0.330 0.351]
  eval: e=0.0404  p=[0.296 0.523 0.008 0.324 0.346]
  eval: e=0.0592  p=[0.284 0.549 0.007 0.329 0.347]
  eval: e=0.0394  p=[0.264 0.569 0.006 0.328 0.348]
  eval: e=0.3291  p=[0.266 0.331 0.029 0.383 0.363]
  eval: e=0.0435  p=[0.268 0.558 0.005 0.327 0.349]
  eval: e=90.8706  p=[0.242 0.634 0.032 0.472 0.355]
  eval: e=0.0778  p=[0.257 0.552 0.012 0.329 0.345]
  eval: e=0.0798  p=[0.259 0.536 0.001 0.329 0.341]
  eval: e=0.0581  p=[0.267 0.557 0.006 0.323 0.349]
  eval: e=0.0789  p=[0.268 0.531 0.007 0.331 0.348]
  eval: e=0.0670  p=[0.290 0.504 0.001 0.328 0.347]
  eval: e=1.7541  p=[0.288 0.561 0.005 0.356 0.349]
  eval: e=0.0393  p=[0.264 0.567 0.005 0.328 0.348]
  eval: e=0.0394  p=[0.265 0.569 0.007 0.328 0.349]
  eval: e=0.0796  p=[0.277 0.533 0.008 0.324 0.350]
  eval: e=0.1307  p=[0.287 0.561 0.002 0.328 0.351]
  eval: e=0.2798  p=[0.314 0.575 0.003 0.193 0.356]
  eval: e=0.2045  p=[0.279 0.514 0.019 0.328 0.378]
  eval: e=0.0408  p=[0.261 0.578 0.009 0.328 0.347]
  eval: e=0.2208  p=[0.314 0.362 0.015 0.368 0.355]
  eval: e=0.2414  p=[0.277 0.421 0.005 0.345 0.347]
  eval: e=0.0393  p=[0.264 0.569 0.004 0.328 0.349]
  eval: e=0.0419  p=[0.267 0.439 0.022 0.415 0.343]
  eval: e=0.3008  p=[0.252 0.437 0.017 0.330 0.348]
  eval: e=0.0886  p=[0.279 0.565 0.007 0.329 0.349]
  eval: e=10.1459  p=[0.363 0.557 0.011 0.335 0.360]
  eval: e=0.3327  p=[0.283 0.481 0.009 0.233 0.346]
  eval: e=0.0430  p=[0.283 0.528 0.021 0.338 0.349]
  eval: e=0.0960  p=[0.266 0.557 0.009 0.284 0.315]
  eval: e=0.0814  p=[0.277 0.564 0.002 0.329 0.348]
  eval: e=0.1757  p=[0.262 0.446 0.006 0.368 0.348]
  eval: e=31.0584  p=[0.576 0.374 0.002 0.398 0.343]
  eval: e=0.1157  p=[0.271 0.579 0.001 0.327 0.347]
  eval: e=0.0410  p=[0.266 0.564 0.001 0.328 0.352]
  eval: e=17.2613  p=[0.280 0.568 0.011 0.401 0.346]
  eval: e=0.0448  p=[0.274 0.565 0.010 0.328 0.350]
  eval: e=0.0495  p=[0.265 0.556 0.008 0.328 0.348]
  eval: e=0.1485  p=[0.339 0.218 0.010 0.540 0.374]
  eval: e=0.2138  p=[0.271 0.461 0.010 0.336 0.347]
  137            6900         0.03926           3.223        0
  eval: e=0.1049  p=[0.266 0.447 0.023 0.388 0.346]
  eval: e=0.0660  p=[0.259 0.543 0.004 0.338 0.351]
  eval: e=0.0395  p=[0.265 0.568 0.007 0.328 0.349]
  eval: e=0.0506  p=[0.265 0.557 0.005 0.327 0.350]
  eval: e=0.0457  p=[0.267 0.556 0.005 0.328 0.349]
  eval: e=0.0393  p=[0.265 0.567 0.003 0.328 0.350]
  eval: e=0.0405  p=[0.264 0.558 0.012 0.328 0.339]
  eval: e=0.2244  p=[0.313 0.535 0.008 0.321 0.344]
  eval: e=0.1718  p=[0.271 0.567 0.001 0.339 0.347]
  eval: e=1.2359  p=[0.276 0.570 0.016 0.359 0.347]
  eval: e=0.0393  p=[0.266 0.561 0.002 0.328 0.347]
  eval: e=0.0631  p=[0.282 0.555 0.004 0.326 0.346]
  eval: e=0.0434  p=[0.262 0.566 0.000 0.324 0.346]
  eval: e=0.0394  p=[0.264 0.569 0.006 0.328 0.348]
  eval: e=23.7543  p=[0.269 0.605 0.030 0.415 0.363]
  eval: e=0.0544  p=[0.265 0.566 0.006 0.334 0.346]
  eval: e=0.3539  p=[0.309 0.293 0.015 0.313 0.354]
  eval: e=0.0943  p=[0.261 0.568 0.020 0.351 0.351]
  eval: e=1.1297  p=[0.310 0.566 0.005 0.328 0.352]
  eval: e=0.1052  p=[0.278 0.562 0.005 0.329 0.343]
  eval: e=0.1680  p=[0.291 0.556 0.005 0.327 0.347]
  eval: e=0.0865  p=[0.275 0.516 0.000 0.330 0.348]
  eval: e=0.0899  p=[0.284 0.485 0.024 0.348 0.346]
  eval: e=0.0393  p=[0.263 0.569 0.006 0.328 0.348]
  eval: e=0.0391  p=[0.265 0.566 0.000 0.328 0.350]
  eval: e=1.0386  p=[0.311 0.567 0.005 0.322 0.348]
  eval: e=0.0640  p=[0.278 0.566 0.012 0.328 0.349]
  eval: e=0.6762  p=[0.333 0.573 0.004 0.283 0.338]
  eval: e=0.0710  p=[0.276 0.532 0.019 0.328 0.317]
  eval: e=0.0420  p=[0.259 0.575 0.015 0.328 0.348]
  eval: e=12.8855  p=[0.347 0.463 0.016 0.415 0.353]
  eval: e=0.4066  p=[0.283 0.463 0.040 0.420 0.347]
  eval: e=0.0393  p=[0.264 0.569 0.004 0.328 0.349]
  eval: e=0.1155  p=[0.263 0.467 0.003 0.411 0.347]
  eval: e=0.3048  p=[0.246 0.428 0.019 0.338 0.347]
  eval: e=0.0425  p=[0.272 0.542 0.010 0.334 0.346]
  eval: e=117.5787  p=[0.293 0.551 0.006 0.582 0.374]
  eval: e=1.8353  p=[0.416 0.560 0.007 0.234 0.341]
  eval: e=0.0490  p=[0.278 0.531 0.005 0.333 0.350]
  eval: e=0.2491  p=[0.274 0.529 0.013 0.260 0.334]
  eval: e=0.0643  p=[0.266 0.545 0.006 0.328 0.348]
  eval: e=0.0457  p=[0.300 0.452 0.004 0.365 0.349]
  eval: e=29.7037  p=[0.456 0.560 0.034 0.313 0.351]
  eval: e=0.0466  p=[0.271 0.563 0.004 0.328 0.347]
  eval: e=0.0404  p=[0.267 0.565 0.006 0.328 0.351]
  eval: e=0.1224  p=[0.308 0.440 0.014 0.344 0.347]
  eval: e=0.0416  p=[0.265 0.565 0.009 0.329 0.350]
  eval: e=0.0433  p=[0.276 0.559 0.008 0.328 0.350]
  eval: e=0.3663  p=[0.269 0.474 0.026 0.252 0.400]
  eval: e=2.5063  p=[0.275 0.560 0.005 0.369 0.342]
  138            6950         0.03909            3.93        0
  eval: e=0.1163  p=[0.264 0.559 0.019 0.304 0.341]
  eval: e=0.0406  p=[0.280 0.537 0.004 0.325 0.342]
  eval: e=0.0396  p=[0.268 0.564 0.000 0.328 0.349]
  eval: e=0.0535  p=[0.271 0.568 0.005 0.329 0.350]
  eval: e=0.0408  p=[0.270 0.552 0.003 0.330 0.349]
  eval: e=0.0393  p=[0.264 0.570 0.004 0.328 0.349]
  eval: e=0.0550  p=[0.268 0.553 0.007 0.327 0.351]
  eval: e=0.0758  p=[0.293 0.544 0.011 0.327 0.346]
  eval: e=0.0757  p=[0.270 0.524 0.004 0.330 0.344]
  eval: e=0.0967  p=[0.277 0.552 0.004 0.338 0.347]
  eval: e=0.0393  p=[0.266 0.561 0.002 0.328 0.346]
  eval: e=0.0420  p=[0.292 0.538 0.008 0.326 0.350]
  eval: e=0.0413  p=[0.269 0.546 0.004 0.331 0.346]
  eval: e=0.0398  p=[0.266 0.567 0.003 0.328 0.348]
  eval: e=0.0493  p=[0.316 0.486 0.026 0.345 0.362]
  eval: e=0.0463  p=[0.264 0.557 0.002 0.328 0.348]
  eval: e=34.2424  p=[0.310 0.371 0.009 0.545 0.353]
  eval: e=0.0414  p=[0.259 0.564 0.017 0.331 0.342]
  eval: e=0.0422  p=[0.289 0.510 0.000 0.328 0.338]
  eval: e=0.0457  p=[0.272 0.553 0.001 0.324 0.336]
  eval: e=0.0480  p=[0.293 0.512 0.008 0.328 0.344]
  eval: e=0.0514  p=[0.280 0.527 0.000 0.328 0.347]
  eval: e=0.1017  p=[0.261 0.597 0.000 0.328 0.352]
  eval: e=0.0393  p=[0.263 0.567 0.003 0.328 0.349]
  eval: e=0.0391  p=[0.265 0.565 0.000 0.328 0.350]
  eval: e=0.2108  p=[0.272 0.464 0.007 0.327 0.341]
  eval: e=0.0616  p=[0.263 0.554 0.010 0.328 0.348]
  eval: e=0.4477  p=[0.346 0.542 0.009 0.292 0.342]
  eval: e=0.0853  p=[0.276 0.536 0.001 0.328 0.360]
  eval: e=0.0446  p=[0.266 0.577 0.019 0.328 0.347]
  eval: e=1.2183  p=[0.281 0.556 0.008 0.378 0.367]
  eval: e=0.0419  p=[0.298 0.435 0.000 0.378 0.346]
  eval: e=0.0393  p=[0.264 0.569 0.004 0.328 0.349]
  eval: e=0.2782  p=[0.264 0.470 0.026 0.314 0.348]
  eval: e=1.0859  p=[0.307 0.555 0.005 0.334 0.347]
  eval: e=0.0398  p=[0.272 0.548 0.009 0.335 0.348]
  eval: e=101.9496  p=[0.260 0.515 0.009 0.547 0.365]
  eval: e=0.2222  p=[0.326 0.501 0.017 0.248 0.341]
  eval: e=0.0434  p=[0.275 0.562 0.014 0.329 0.350]
  eval: e=0.1721  p=[0.352 0.540 0.015 0.276 0.339]
  eval: e=0.0409  p=[0.279 0.543 0.004 0.329 0.345]
  eval: e=0.0436  p=[0.271 0.501 0.003 0.359 0.346]
  eval: e=0.2710  p=[0.229 0.466 0.023 0.348 0.341]
  eval: e=0.0408  p=[0.270 0.564 0.005 0.328 0.350]
  eval: e=0.0441  p=[0.271 0.551 0.005 0.329 0.349]
  eval: e=5.6245  p=[0.306 0.584 0.017 0.343 0.344]
  eval: e=0.0413  p=[0.272 0.567 0.018 0.329 0.350]
  eval: e=0.0475  p=[0.269 0.546 0.000 0.329 0.348]
  eval: e=0.3761  p=[0.275 0.144 0.010 0.359 0.339]
  eval: e=0.1250  p=[0.261 0.543 0.005 0.312 0.343]
  139            7000         0.03909           2.963        1
  eval: e=0.2212  p=[0.271 0.379 0.018 0.387 0.341]
  eval: e=0.0455  p=[0.259 0.541 0.000 0.341 0.345]
  eval: e=0.0393  p=[0.263 0.570 0.006 0.329 0.349]
  eval: e=0.0403  p=[0.266 0.559 0.006 0.332 0.350]
  eval: e=0.0399  p=[0.265 0.550 0.004 0.336 0.348]
  eval: e=0.0393  p=[0.264 0.570 0.004 0.328 0.349]
  eval: e=0.0398  p=[0.266 0.561 0.006 0.327 0.346]
  eval: e=0.0988  p=[0.266 0.551 0.009 0.315 0.347]
  eval: e=0.3288  p=[0.265 0.579 0.001 0.344 0.348]
  eval: e=0.0653  p=[0.271 0.551 0.006 0.344 0.349]
  eval: e=0.0438  p=[0.264 0.561 0.004 0.328 0.350]
  eval: e=0.1524  p=[0.295 0.553 0.003 0.325 0.349]
  eval: e=0.0436  p=[0.267 0.571 0.001 0.324 0.346]
  eval: e=0.0394  p=[0.263 0.570 0.005 0.328 0.348]
  eval: e=0.1228  p=[0.255 0.415 0.019 0.476 0.364]
  eval: e=0.0443  p=[0.269 0.561 0.003 0.328 0.344]
  eval: e=0.0477  p=[0.306 0.460 0.024 0.378 0.366]
  eval: e=0.0401  p=[0.267 0.557 0.012 0.338 0.352]
  eval: e=0.0402  p=[0.272 0.563 0.004 0.328 0.352]
  eval: e=0.0562  p=[0.271 0.574 0.006 0.324 0.346]
  eval: e=0.0406  p=[0.282 0.532 0.001 0.328 0.345]
  eval: e=0.2159  p=[0.281 0.565 0.002 0.328 0.342]
  eval: e=0.1984  p=[0.288 0.423 0.010 0.347 0.343]
  eval: e=0.0394  p=[0.263 0.567 0.003 0.328 0.349]
  eval: e=0.0391  p=[0.265 0.566 0.000 0.328 0.350]
  eval: e=1.5423  p=[0.334 0.537 0.000 0.322 0.345]
  eval: e=0.0775  p=[0.295 0.554 0.039 0.328 0.347]
  eval: e=0.0489  p=[0.360 0.555 0.007 0.218 0.326]
  eval: e=0.0751  p=[0.283 0.553 0.019 0.328 0.340]
  eval: e=0.0404  p=[0.255 0.582 0.000 0.328 0.347]
  eval: e=106.1464  p=[0.361 0.452 0.020 0.573 0.376]
  eval: e=0.0586  p=[0.252 0.613 0.003 0.301 0.350]
  eval: e=0.0393  p=[0.264 0.569 0.004 0.328 0.349]
  eval: e=0.1574  p=[0.268 0.501 0.011 0.331 0.348]
  eval: e=0.1459  p=[0.319 0.490 0.011 0.348 0.350]
  eval: e=0.0404  p=[0.270 0.559 0.000 0.325 0.349]
  eval: e=55.3420  p=[0.354 0.392 0.007 0.524 0.358]
  eval: e=0.2534  p=[0.299 0.500 0.015 0.261 0.341]
  eval: e=0.0821  p=[0.281 0.518 0.009 0.329 0.350]
  eval: e=0.1139  p=[0.277 0.562 0.006 0.262 0.314]
  eval: e=0.0425  p=[0.264 0.573 0.004 0.328 0.347]
  eval: e=0.0686  p=[0.261 0.521 0.006 0.372 0.347]
  eval: e=7.7133  p=[0.460 0.429 0.026 0.338 0.350]
  eval: e=0.0402  p=[0.267 0.563 0.005 0.327 0.349]
  eval: e=0.0405  p=[0.277 0.552 0.003 0.328 0.349]
  eval: e=0.2827  p=[0.252 0.422 0.023 0.350 0.342]
  eval: e=0.0404  p=[0.267 0.563 0.005 0.328 0.350]
  eval: e=0.0670  p=[0.266 0.582 0.006 0.328 0.348]
  eval: e=1.5712  p=[0.365 0.198 0.010 0.563 0.373]
  eval: e=2.8151  p=[0.289 0.519 0.001 0.386 0.345]
  140            7050         0.03909           3.579        0
  eval: e=0.9091  p=[0.264 0.532 0.031 0.399 0.349]
  eval: e=0.0562  p=[0.274 0.541 0.007 0.324 0.345]
  eval: e=0.0394  p=[0.263 0.571 0.006 0.328 0.349]
  eval: e=0.0429  p=[0.266 0.559 0.006 0.329 0.349]
  eval: e=0.0508  p=[0.272 0.550 0.003 0.337 0.347]
  eval: e=0.0393  p=[0.264 0.570 0.003 0.328 0.349]
  eval: e=0.0391  p=[0.265 0.568 0.000 0.328 0.351]
  eval: e=0.0440  p=[0.273 0.555 0.005 0.328 0.343]
  eval: e=0.0736  p=[0.267 0.554 0.001 0.340 0.342]
  eval: e=0.1369  p=[0.275 0.491 0.007 0.337 0.349]
  eval: e=0.0461  p=[0.266 0.572 0.002 0.328 0.349]
  eval: e=0.0425  p=[0.285 0.533 0.012 0.328 0.347]
  eval: e=0.2622  p=[0.286 0.568 0.001 0.328 0.347]
  eval: e=0.0404  p=[0.266 0.569 0.000 0.328 0.350]
  eval: e=0.3290  p=[0.333 0.301 0.009 0.332 0.366]
  eval: e=0.0403  p=[0.262 0.562 0.005 0.333 0.345]
  eval: e=0.3368  p=[0.252 0.410 0.000 0.326 0.367]
  eval: e=0.0396  p=[0.267 0.565 0.000 0.326 0.351]
  eval: e=0.0501  p=[0.268 0.576 0.004 0.328 0.351]
  eval: e=0.0399  p=[0.267 0.560 0.004 0.322 0.339]
  eval: e=0.0408  p=[0.288 0.531 0.008 0.328 0.344]
  eval: e=0.0887  p=[0.281 0.551 0.000 0.328 0.341]
  eval: e=15.2884  p=[0.274 0.663 0.016 0.344 0.345]
  eval: e=0.0393  p=[0.263 0.567 0.003 0.328 0.349]
  eval: e=0.0391  p=[0.265 0.566 0.000 0.328 0.350]
  eval: e=0.1434  p=[0.246 0.545 0.009 0.326 0.347]
  eval: e=0.0523  p=[0.274 0.557 0.037 0.328 0.348]
  eval: e=5.5788  p=[0.309 0.568 0.002 0.327 0.321]
  eval: e=0.0432  p=[0.286 0.527 0.001 0.329 0.340]
  eval: e=0.0540  p=[0.256 0.571 0.021 0.328 0.347]
  eval: e=0.0421  p=[0.271 0.590 0.018 0.300 0.340]
  eval: e=0.0407  p=[0.298 0.491 0.001 0.345 0.350]
  eval: e=0.0393  p=[0.264 0.569 0.004 0.328 0.349]
  eval: e=5.7482  p=[0.264 0.543 0.021 0.410 0.342]
  eval: e=0.1504  p=[0.289 0.545 0.010 0.339 0.349]
  eval: e=0.0407  p=[0.281 0.540 0.008 0.334 0.350]
  eval: e=0.2514  p=[0.287 0.480 0.022 0.325 0.377]
  eval: e=57.6767  p=[0.434 0.570 0.003 0.359 0.342]
  eval: e=0.0440  p=[0.273 0.523 0.006 0.343 0.346]
  eval: e=0.0808  p=[0.303 0.540 0.015 0.266 0.315]
  eval: e=0.0852  p=[0.273 0.571 0.000 0.328 0.348]
  eval: e=0.0416  p=[0.278 0.487 0.005 0.366 0.347]
  eval: e=0.2016  p=[0.292 0.353 0.004 0.391 0.346]
  eval: e=0.0416  p=[0.268 0.569 0.007 0.328 0.349]
  eval: e=0.0412  p=[0.268 0.557 0.002 0.328 0.349]
  eval: e=0.0982  p=[0.263 0.442 0.010 0.388 0.342]
  eval: e=0.0407  p=[0.268 0.570 0.017 0.328 0.351]
  eval: e=0.0489  p=[0.274 0.541 0.003 0.328 0.348]
  eval: e=38.6300  p=[0.293 0.443 0.023 0.534 0.379]
  eval: e=0.0996  p=[0.264 0.482 0.017 0.362 0.343]
  141            7100         0.03909           2.549        0
  eval: e=0.1766  p=[0.265 0.474 0.009 0.405 0.341]
  eval: e=0.1046  p=[0.271 0.566 0.000 0.336 0.348]
  eval: e=0.0393  p=[0.263 0.570 0.006 0.329 0.349]
  eval: e=0.0420  p=[0.270 0.559 0.002 0.332 0.350]
  eval: e=0.0641  p=[0.271 0.563 0.004 0.335 0.350]
  eval: e=0.0391  p=[0.264 0.569 0.000 0.327 0.350]
  eval: e=0.0391  p=[0.265 0.569 0.000 0.328 0.351]
  eval: e=0.1506  p=[0.314 0.531 0.009 0.318 0.342]
  eval: e=0.0674  p=[0.274 0.524 0.000 0.336 0.352]
  eval: e=0.1011  p=[0.266 0.531 0.006 0.366 0.349]
  eval: e=0.0407  p=[0.266 0.563 0.002 0.329 0.346]
  eval: e=0.0528  p=[0.269 0.545 0.006 0.328 0.347]
  eval: e=0.0713  p=[0.279 0.562 0.001 0.325 0.347]
  eval: e=0.0404  p=[0.262 0.568 0.003 0.328 0.349]
  eval: e=39.5390  p=[0.281 0.588 0.022 0.432 0.365]
  eval: e=0.0394  p=[0.263 0.567 0.004 0.328 0.346]
  eval: e=115.2011  p=[0.320 0.559 0.008 0.532 0.350]
  eval: e=0.0398  p=[0.266 0.570 0.003 0.327 0.350]
  eval: e=0.0405  p=[0.280 0.541 0.004 0.328 0.349]
  eval: e=0.0396  p=[0.263 0.568 0.003 0.326 0.345]
  eval: e=1.0148  p=[0.303 0.562 0.000 0.328 0.344]
  eval: e=0.0444  p=[0.281 0.528 0.000 0.327 0.344]
  eval: e=0.2827  p=[0.301 0.541 0.011 0.335 0.347]
  eval: e=0.0393  p=[0.263 0.570 0.004 0.328 0.349]
  eval: e=0.0391  p=[0.265 0.566 0.000 0.328 0.350]
  eval: e=0.1201  p=[0.283 0.492 0.000 0.325 0.344]
  eval: e=0.0442  p=[0.285 0.549 0.016 0.328 0.348]
  eval: e=5.6079  p=[0.334 0.568 0.006 0.326 0.347]
  eval: e=0.0532  p=[0.266 0.558 0.025 0.328 0.346]
  eval: e=0.0420  p=[0.266 0.570 0.011 0.328 0.346]
  eval: e=0.0602  p=[0.263 0.549 0.009 0.322 0.337]
  eval: e=0.2824  p=[0.300 0.535 0.000 0.339 0.349]
  eval: e=0.0393  p=[0.264 0.569 0.004 0.328 0.349]
  eval: e=0.2869  p=[0.268 0.471 0.017 0.305 0.352]
  eval: e=4.1798  p=[0.325 0.537 0.008 0.351 0.346]
  eval: e=0.0495  p=[0.271 0.543 0.003 0.331 0.350]
  eval: e=0.0859  p=[0.337 0.298 0.013 0.428 0.351]
  eval: e=0.3756  p=[0.301 0.454 0.003 0.129 0.347]
  eval: e=0.0604  p=[0.284 0.525 0.009 0.344 0.344]
  eval: e=1.1197  p=[0.334 0.559 0.009 0.313 0.353]
  eval: e=0.0435  p=[0.266 0.567 0.002 0.329 0.347]
  eval: e=0.1097  p=[0.277 0.487 0.004 0.343 0.348]
  eval: e=0.2217  p=[0.384 0.301 0.032 0.341 0.348]
  eval: e=0.0400  p=[0.279 0.548 0.007 0.326 0.345]
  eval: e=0.0454  p=[0.277 0.558 0.001 0.328 0.350]
  eval: e=2.1185  p=[0.274 0.570 0.016 0.365 0.343]
  eval: e=0.0460  p=[0.266 0.563 0.009 0.326 0.350]
  eval: e=0.0949  p=[0.272 0.574 0.000 0.328 0.348]
  eval: e=0.3872  p=[0.382 0.148 0.027 0.254 0.406]
  eval: e=0.0403  p=[0.279 0.490 0.000 0.357 0.340]
  142            7150         0.03909           3.458        0
  eval: e=0.0838  p=[0.270 0.560 0.022 0.312 0.346]
  eval: e=0.0456  p=[0.267 0.537 0.002 0.335 0.345]
  eval: e=0.0391  p=[0.266 0.565 0.000 0.329 0.350]
  eval: e=0.0396  p=[0.268 0.560 0.008 0.332 0.349]
  eval: e=0.0441  p=[0.271 0.548 0.005 0.328 0.346]
  eval: e=0.0392  p=[0.265 0.565 0.000 0.328 0.350]
  eval: e=0.0391  p=[0.265 0.569 0.000 0.328 0.351]
  eval: e=0.0896  p=[0.267 0.522 0.004 0.330 0.344]
  eval: e=0.0845  p=[0.264 0.523 0.006 0.334 0.343]
  eval: e=0.0620  p=[0.273 0.490 0.014 0.363 0.348]
  eval: e=0.0393  p=[0.266 0.561 0.002 0.328 0.346]
  eval: e=0.2708  p=[0.294 0.567 0.000 0.324 0.351]
  eval: e=0.0399  p=[0.277 0.537 0.000 0.328 0.342]
  eval: e=0.0412  p=[0.268 0.568 0.004 0.328 0.348]
  eval: e=7.9407  p=[0.300 0.465 0.030 0.465 0.372]
  eval: e=0.0393  p=[0.263 0.568 0.004 0.328 0.347]
  eval: e=0.3254  p=[0.324 0.274 0.013 0.377 0.378]
  eval: e=0.0393  p=[0.265 0.566 0.002 0.328 0.350]
  eval: e=0.2494  p=[0.277 0.587 0.000 0.328 0.354]
  eval: e=0.0398  p=[0.264 0.570 0.000 0.328 0.353]
  eval: e=0.1353  p=[0.256 0.525 0.001 0.328 0.346]
  eval: e=0.0794  p=[0.269 0.531 0.000 0.327 0.347]
  eval: e=0.0491  p=[0.297 0.487 0.020 0.348 0.347]
  eval: e=0.0392  p=[0.264 0.569 0.004 0.328 0.349]
  eval: e=0.0391  p=[0.265 0.566 0.000 0.328 0.350]
  eval: e=0.0882  p=[0.266 0.538 0.004 0.325 0.348]
  eval: e=0.0407  p=[0.281 0.548 0.005 0.328 0.350]
  eval: e=0.1950  p=[0.387 0.567 0.004 0.141 0.331]
  eval: e=0.0443  p=[0.265 0.546 0.012 0.328 0.335]
  eval: e=0.0443  p=[0.259 0.588 0.013 0.327 0.348]
  eval: e=0.0414  p=[0.267 0.567 0.010 0.319 0.341]
  eval: e=0.0394  p=[0.254 0.559 0.000 0.345 0.350]
  eval: e=0.0392  p=[0.264 0.569 0.002 0.328 0.350]
  eval: e=0.0927  p=[0.266 0.449 0.001 0.421 0.350]
  eval: e=1.9002  p=[0.329 0.547 0.022 0.335 0.351]
  eval: e=0.0839  p=[0.269 0.579 0.004 0.328 0.349]
  eval: e=91.5927  p=[0.310 0.606 0.008 0.454 0.361]
  eval: e=41.1658  p=[0.397 0.563 0.012 0.344 0.343]
  eval: e=0.1241  p=[0.275 0.529 0.013 0.324 0.357]
  eval: e=0.1301  p=[0.293 0.530 0.007 0.261 0.310]
  eval: e=0.0406  p=[0.274 0.555 0.009 0.329 0.347]
  eval: e=0.0627  p=[0.260 0.489 0.005 0.372 0.347]
  eval: e=0.3370  p=[0.329 0.253 0.000 0.336 0.347]
  eval: e=0.0477  p=[0.263 0.561 0.006 0.327 0.348]
  eval: e=0.0551  p=[0.277 0.562 0.003 0.328 0.351]
  eval: e=0.2941  p=[0.283 0.364 0.022 0.351 0.343]
  eval: e=0.0587  p=[0.272 0.572 0.008 0.328 0.349]
  eval: e=0.0408  p=[0.275 0.548 0.002 0.328 0.349]
  eval: e=40.0511  p=[0.237 0.657 0.004 0.690 0.378]
  eval: e=1.7355  p=[0.265 0.591 0.000 0.350 0.340]
  143            7200         0.03909           3.766        0
  eval: e=6.7965  p=[0.263 0.525 0.014 0.427 0.346]
  eval: e=0.0599  p=[0.264 0.542 0.006 0.332 0.346]
  eval: e=0.0391  p=[0.266 0.564 0.000 0.329 0.350]
  eval: e=0.0399  p=[0.262 0.571 0.002 0.326 0.350]
  eval: e=0.0399  p=[0.266 0.552 0.002 0.339 0.353]
  eval: e=0.0391  p=[0.263 0.569 0.000 0.327 0.350]
  eval: e=0.0391  p=[0.265 0.569 0.000 0.328 0.351]
  eval: e=0.0672  p=[0.294 0.553 0.014 0.319 0.346]
  eval: e=0.1165  p=[0.273 0.559 0.002 0.339 0.348]
  eval: e=0.0965  p=[0.274 0.528 0.010 0.359 0.347]
  eval: e=0.0423  p=[0.263 0.561 0.003 0.328 0.348]
  eval: e=0.0815  p=[0.261 0.548 0.008 0.327 0.349]
  eval: e=0.0729  p=[0.272 0.564 0.001 0.328 0.343]
  eval: e=0.0395  p=[0.265 0.569 0.004 0.328 0.351]
  eval: e=0.0699  p=[0.276 0.387 0.026 0.426 0.340]
  eval: e=0.0391  p=[0.264 0.569 0.000 0.328 0.351]
  eval: e=66.3642  p=[0.271 0.588 0.009 0.468 0.374]
  eval: e=0.0391  p=[0.265 0.565 0.000 0.329 0.350]
  eval: e=0.0396  p=[0.262 0.573 0.003 0.328 0.351]
  eval: e=0.0414  p=[0.263 0.569 0.007 0.327 0.343]
  eval: e=0.0934  p=[0.275 0.519 0.008 0.328 0.347]
  eval: e=0.0463  p=[0.289 0.517 0.006 0.328 0.345]
  eval: e=0.1883  p=[0.261 0.489 0.005 0.337 0.350]
  eval: e=0.0393  p=[0.265 0.569 0.002 0.328 0.352]
  eval: e=0.0391  p=[0.265 0.566 0.000 0.328 0.350]
  eval: e=0.1708  p=[0.265 0.507 0.004 0.317 0.340]
  eval: e=0.1238  p=[0.279 0.572 0.002 0.328 0.350]
  eval: e=83.8228  p=[0.277 0.565 0.005 0.445 0.324]
  eval: e=0.1824  p=[0.287 0.550 0.001 0.328 0.339]
  eval: e=0.0492  p=[0.263 0.581 0.004 0.328 0.350]
  eval: e=0.0426  p=[0.264 0.572 0.002 0.324 0.352]
  eval: e=0.0395  p=[0.256 0.569 0.000 0.333 0.350]
  eval: e=0.0392  p=[0.264 0.569 0.002 0.328 0.350]
  eval: e=0.2351  p=[0.267 0.477 0.024 0.408 0.339]
  eval: e=0.0539  p=[0.263 0.526 0.001 0.347 0.349]
  eval: e=0.0399  p=[0.266 0.549 0.003 0.338 0.350]
  eval: e=0.3456  p=[0.293 0.084 0.026 0.524 0.385]
  eval: e=0.2413  p=[0.396 0.510 0.014 0.171 0.347]
  eval: e=0.0485  p=[0.272 0.567 0.001 0.324 0.347]
  eval: e=0.0538  p=[0.291 0.549 0.019 0.285 0.317]
  eval: e=0.0604  p=[0.273 0.542 0.006 0.328 0.351]
  eval: e=0.0559  p=[0.276 0.511 0.004 0.364 0.351]
  eval: e=6.0069  p=[0.441 0.312 0.003 0.421 0.348]
  eval: e=0.0474  p=[0.275 0.557 0.005 0.330 0.347]
  eval: e=0.0401  p=[0.273 0.550 0.002 0.328 0.349]
  eval: e=60.6971  p=[0.309 0.619 0.009 0.393 0.349]
  eval: e=0.0426  p=[0.272 0.558 0.012 0.328 0.351]
  eval: e=0.0411  p=[0.273 0.559 0.002 0.328 0.349]
  eval: e=21.2065  p=[0.462 0.406 0.030 0.427 0.383]
  eval: e=0.1174  p=[0.273 0.502 0.006 0.335 0.349]
  144            7250         0.03907           4.967        0
  eval: e=0.0972  p=[0.270 0.452 0.006 0.372 0.341]
  eval: e=0.0623  p=[0.265 0.522 0.000 0.342 0.345]
  eval: e=0.0391  p=[0.266 0.564 0.000 0.329 0.350]
  eval: e=0.0411  p=[0.269 0.554 0.008 0.331 0.349]
  eval: e=0.0400  p=[0.263 0.561 0.006 0.334 0.347]
  eval: e=0.0391  p=[0.264 0.570 0.000 0.327 0.351]
  eval: e=0.0391  p=[0.265 0.569 0.000 0.328 0.351]
  eval: e=0.0557  p=[0.280 0.530 0.003 0.323 0.344]
  eval: e=0.0565  p=[0.270 0.523 0.001 0.340 0.348]
  eval: e=0.0566  p=[0.266 0.512 0.019 0.359 0.350]
  eval: e=0.0446  p=[0.268 0.567 0.001 0.328 0.349]
  eval: e=0.6023  p=[0.309 0.548 0.003 0.326 0.344]
  eval: e=0.0477  p=[0.274 0.569 0.001 0.328 0.354]
  eval: e=0.0393  p=[0.265 0.569 0.004 0.328 0.350]
  eval: e=4.4295  p=[0.284 0.613 0.006 0.343 0.351]
  eval: e=0.0391  p=[0.264 0.569 0.000 0.328 0.351]
  eval: e=0.1796  p=[0.296 0.414 0.022 0.355 0.341]
  eval: e=0.0391  p=[0.264 0.569 0.000 0.328 0.351]
  eval: e=0.0393  p=[0.264 0.568 0.003 0.329 0.350]
  eval: e=0.0408  p=[0.264 0.569 0.000 0.326 0.345]
  eval: e=0.1144  p=[0.273 0.511 0.003 0.328 0.347]
  eval: e=0.0490  p=[0.269 0.544 0.000 0.327 0.345]
  eval: e=0.3226  p=[0.292 0.534 0.016 0.351 0.347]
  eval: e=0.0413  p=[0.263 0.569 0.002 0.329 0.347]
  eval: e=0.0391  p=[0.265 0.566 0.000 0.328 0.350]
  eval: e=0.1558  p=[0.311 0.536 0.003 0.317 0.344]
  eval: e=0.0479  p=[0.276 0.543 0.002 0.327 0.351]
  eval: e=0.3847  p=[0.292 0.559 0.005 0.000 0.343]
  eval: e=0.0867  p=[0.274 0.517 0.018 0.329 0.340]
  eval: e=0.0410  p=[0.262 0.580 0.015 0.329 0.349]
  eval: e=0.0532  p=[0.266 0.563 0.005 0.321 0.349]
  eval: e=0.0399  p=[0.255 0.558 0.000 0.341 0.350]
  eval: e=0.0404  p=[0.264 0.564 0.000 0.328 0.350]
  eval: e=0.0811  p=[0.267 0.555 0.000 0.346 0.351]
  eval: e=0.1730  p=[0.295 0.431 0.023 0.352 0.347]
  eval: e=0.0410  p=[0.266 0.552 0.001 0.333 0.350]
  eval: e=0.2246  p=[0.314 0.190 0.024 0.476 0.342]
  eval: e=0.3499  p=[0.284 0.519 0.012 0.184 0.350]
  eval: e=0.1021  p=[0.280 0.545 0.014 0.344 0.346]
  eval: e=21.5078  p=[0.365 0.552 0.017 0.332 0.326]
  eval: e=0.0720  p=[0.272 0.571 0.001 0.328 0.349]
  eval: e=0.1155  p=[0.272 0.560 0.000 0.339 0.347]
  eval: e=46.6286  p=[0.403 0.575 0.042 0.356 0.348]
  eval: e=0.0402  p=[0.272 0.557 0.004 0.327 0.350]
  eval: e=0.0510  p=[0.266 0.553 0.002 0.328 0.350]
  eval: e=0.1341  p=[0.248 0.512 0.014 0.347 0.343]
  eval: e=0.0442  p=[0.270 0.570 0.003 0.328 0.351]
  eval: e=0.0405  p=[0.268 0.566 0.004 0.328 0.348]
  eval: e=0.3906  p=[0.219 0.142 0.015 0.294 0.352]
  eval: e=0.2328  p=[0.269 0.561 0.000 0.346 0.346]
  145            7300         0.03907           1.553        1
  eval: e=0.0440  p=[0.270 0.537 0.018 0.344 0.340]
  eval: e=0.1870  p=[0.266 0.580 0.001 0.339 0.351]
  eval: e=0.0413  p=[0.265 0.571 0.000 0.328 0.350]
  eval: e=0.0417  p=[0.268 0.556 0.008 0.332 0.350]
  eval: e=0.0401  p=[0.268 0.551 0.001 0.332 0.348]
  eval: e=0.0391  p=[0.265 0.570 0.000 0.327 0.351]
  eval: e=0.0391  p=[0.265 0.569 0.000 0.328 0.351]
  eval: e=0.0538  p=[0.260 0.557 0.000 0.328 0.348]
  eval: e=0.0818  p=[0.265 0.575 0.000 0.330 0.344]
  eval: e=0.0514  p=[0.277 0.524 0.000 0.336 0.350]
  eval: e=0.0399  p=[0.266 0.566 0.002 0.328 0.348]
  eval: e=0.1391  p=[0.256 0.537 0.002 0.326 0.353]
  eval: e=0.0600  p=[0.273 0.536 0.000 0.328 0.349]
  eval: e=0.0404  p=[0.266 0.568 0.000 0.328 0.349]
  eval: e=48.4355  p=[0.314 0.459 0.023 0.508 0.368]
  eval: e=0.0391  p=[0.264 0.569 0.000 0.328 0.351]
  eval: e=0.4896  p=[0.312 0.388 0.025 0.475 0.388]
  eval: e=0.0392  p=[0.265 0.565 0.001 0.328 0.350]
  eval: e=0.0395  p=[0.265 0.568 0.003 0.328 0.351]
  eval: e=0.0422  p=[0.264 0.568 0.003 0.326 0.352]
  eval: e=0.3449  p=[0.295 0.560 0.007 0.328 0.345]
  eval: e=0.4144  p=[0.284 0.573 0.000 0.327 0.343]
  eval: e=0.0425  p=[0.259 0.569 0.009 0.332 0.351]
  eval: e=0.0397  p=[0.266 0.566 0.002 0.328 0.352]
  eval: e=0.0391  p=[0.264 0.569 0.000 0.328 0.350]
  eval: e=0.0408  p=[0.299 0.524 0.008 0.324 0.346]
  eval: e=0.0600  p=[0.263 0.551 0.002 0.329 0.350]
  eval: e=119.9548  p=[0.308 0.562 0.008 0.565 0.343]
  eval: e=0.0444  p=[0.273 0.558 0.005 0.328 0.345]
  eval: e=0.0423  p=[0.262 0.572 0.017 0.327 0.347]
  eval: e=0.0462  p=[0.268 0.567 0.006 0.322 0.338]
  eval: e=0.0391  p=[0.260 0.559 0.000 0.338 0.350]
  eval: e=0.0422  p=[0.264 0.575 0.000 0.328 0.351]
  eval: e=0.2588  p=[0.263 0.428 0.002 0.348 0.351]
  eval: e=0.6518  p=[0.276 0.623 0.012 0.318 0.350]
  eval: e=0.0449  p=[0.273 0.565 0.013 0.328 0.348]
  eval: e=16.0021  p=[0.314 0.783 0.004 0.446 0.402]
  eval: e=0.1528  p=[0.324 0.522 0.001 0.254 0.343]
  eval: e=0.0463  p=[0.282 0.545 0.006 0.324 0.352]
  eval: e=0.2915  p=[0.248 0.539 0.010 0.281 0.360]
  eval: e=0.0417  p=[0.275 0.554 0.004 0.328 0.346]
  eval: e=0.0768  p=[0.271 0.484 0.003 0.361 0.349]
  eval: e=0.3821  p=[0.305 0.091 0.008 0.339 0.349]
  eval: e=0.0420  p=[0.265 0.561 0.000 0.327 0.349]
  eval: e=0.0555  p=[0.276 0.562 0.000 0.328 0.351]
  eval: e=0.1681  p=[0.311 0.401 0.017 0.355 0.347]
  eval: e=0.0453  p=[0.266 0.568 0.019 0.327 0.351]
  eval: e=0.0453  p=[0.269 0.552 0.004 0.328 0.350]
  eval: e=104.5579  p=[0.244 0.512 0.021 0.565 0.364]
  eval: e=0.0452  p=[0.270 0.518 0.000 0.347 0.347]
  146            7350         0.03907           5.881        2
  eval: e=0.1122  p=[0.261 0.485 0.015 0.365 0.349]
  eval: e=0.0496  p=[0.268 0.557 0.005 0.323 0.348]
  eval: e=0.0392  p=[0.264 0.568 0.000 0.328 0.351]
  eval: e=0.0418  p=[0.264 0.572 0.005 0.331 0.350]
  eval: e=0.0412  p=[0.266 0.562 0.003 0.333 0.348]
  eval: e=0.0391  p=[0.264 0.569 0.000 0.328 0.351]
  eval: e=0.0391  p=[0.262 0.565 0.000 0.333 0.351]
  eval: e=0.0443  p=[0.296 0.515 0.008 0.325 0.345]
  eval: e=0.0792  p=[0.271 0.558 0.000 0.341 0.351]
  eval: e=0.0934  p=[0.276 0.540 0.020 0.355 0.350]
  eval: e=0.0419  p=[0.266 0.569 0.000 0.328 0.349]
  eval: e=0.0412  p=[0.272 0.538 0.006 0.336 0.347]
  eval: e=0.1048  p=[0.266 0.581 0.000 0.328 0.345]
  eval: e=0.0413  p=[0.263 0.569 0.004 0.327 0.351]
  eval: e=0.2598  p=[0.304 0.424 0.004 0.313 0.353]
  eval: e=0.0391  p=[0.264 0.569 0.000 0.328 0.351]
  eval: e=15.5834  p=[0.276 0.550 0.024 0.409 0.334]
  eval: e=0.0393  p=[0.264 0.566 0.000 0.328 0.350]
  eval: e=0.0392  p=[0.264 0.569 0.002 0.328 0.350]
  eval: e=0.0466  p=[0.264 0.569 0.003 0.327 0.342]
  eval: e=0.1838  p=[0.259 0.502 0.001 0.328 0.348]
  eval: e=0.0755  p=[0.284 0.510 0.000 0.328 0.347]
  eval: e=0.1178  p=[0.260 0.474 0.015 0.367 0.345]
  eval: e=0.0392  p=[0.265 0.570 0.002 0.328 0.351]
  eval: e=0.0397  p=[0.265 0.569 0.000 0.328 0.350]
  eval: e=0.1022  p=[0.246 0.547 0.000 0.336 0.351]
  eval: e=0.0394  p=[0.267 0.566 0.003 0.328 0.351]
  eval: e=7.6479  p=[0.343 0.563 0.000 0.319 0.338]
  eval: e=0.0541  p=[0.291 0.518 0.000 0.328 0.352]
  eval: e=0.0436  p=[0.254 0.581 0.016 0.329 0.349]
  eval: e=0.0503  p=[0.267 0.568 0.004 0.320 0.352]
  eval: e=0.0520  p=[0.264 0.572 0.000 0.333 0.351]
  eval: e=0.0445  p=[0.264 0.561 0.000 0.328 0.351]
  eval: e=3.9896  p=[0.269 0.619 0.003 0.347 0.346]
  eval: e=0.0518  p=[0.320 0.478 0.012 0.329 0.350]
  eval: e=0.0453  p=[0.265 0.553 0.000 0.329 0.349]
  eval: e=0.3729  p=[0.300 0.093 0.019 0.449 0.392]
  eval: e=1.2401  p=[0.379 0.527 0.006 0.284 0.342]
  eval: e=0.0556  p=[0.272 0.549 0.012 0.327 0.350]
  eval: e=1.9864  p=[0.374 0.543 0.005 0.277 0.333]
  eval: e=0.0711  p=[0.261 0.548 0.000 0.329 0.350]
  eval: e=0.1025  p=[0.279 0.535 0.000 0.349 0.350]
  eval: e=6.6195  p=[0.411 0.372 0.015 0.407 0.348]
  eval: e=0.0396  p=[0.267 0.553 0.004 0.334 0.347]
  eval: e=0.0404  p=[0.275 0.556 0.001 0.328 0.351]
  eval: e=0.0692  p=[0.262 0.492 0.023 0.398 0.350]
  eval: e=0.0392  p=[0.266 0.566 0.000 0.328 0.351]
  eval: e=0.0412  p=[0.272 0.550 0.002 0.328 0.348]
  eval: e=0.0671  p=[0.329 0.132 0.019 0.586 0.380]
  eval: e=0.0933  p=[0.266 0.553 0.000 0.349 0.349]
  147            7400         0.03907          0.8046        3
  eval: e=0.0874  p=[0.270 0.490 0.002 0.377 0.337]
  eval: e=0.0410  p=[0.274 0.518 0.003 0.347 0.347]
  eval: e=0.0391  p=[0.265 0.565 0.000 0.328 0.350]
  eval: e=0.0396  p=[0.268 0.561 0.003 0.330 0.351]
  eval: e=0.0523  p=[0.271 0.548 0.004 0.326 0.350]
  eval: e=0.0391  p=[0.264 0.569 0.000 0.328 0.351]
  eval: e=0.0426  p=[0.266 0.567 0.000 0.323 0.351]
  eval: e=0.4340  p=[0.304 0.568 0.012 0.319 0.347]
  eval: e=0.0991  p=[0.266 0.520 0.000 0.328 0.343]
  eval: e=0.0404  p=[0.273 0.517 0.011 0.355 0.349]
  eval: e=0.0399  p=[0.265 0.564 0.002 0.328 0.350]
  eval: e=0.1420  p=[0.293 0.566 0.003 0.316 0.346]
  eval: e=0.0966  p=[0.270 0.521 0.000 0.328 0.347]
  eval: e=0.0398  p=[0.266 0.569 0.000 0.328 0.350]
  eval: e=119.2814  p=[0.297 0.572 0.037 0.533 0.356]
  eval: e=0.0391  p=[0.264 0.569 0.000 0.328 0.351]
  eval: e=0.3293  p=[0.299 0.388 0.027 0.303 0.356]
  eval: e=0.0398  p=[0.265 0.570 0.001 0.328 0.350]
  eval: e=0.0391  p=[0.264 0.569 0.001 0.328 0.350]
  eval: e=0.0418  p=[0.264 0.569 0.000 0.327 0.354]
  eval: e=0.0816  p=[0.285 0.509 0.006 0.328 0.347]
  eval: e=0.0557  p=[0.282 0.529 0.000 0.328 0.352]
  eval: e=2.7029  p=[0.317 0.569 0.000 0.327 0.348]
  eval: e=0.0391  p=[0.264 0.570 0.000 0.328 0.351]
  eval: e=0.0391  p=[0.265 0.568 0.000 0.328 0.351]
  eval: e=0.1411  p=[0.261 0.525 0.010 0.329 0.351]
  eval: e=0.0401  p=[0.266 0.570 0.000 0.328 0.351]
  eval: e=0.3061  p=[0.353 0.564 0.003 0.139 0.351]
  eval: e=0.4834  p=[0.288 0.560 0.012 0.328 0.331]
  eval: e=0.0992  p=[0.266 0.581 0.000 0.329 0.347]
  eval: e=0.0429  p=[0.265 0.568 0.000 0.320 0.337]
  eval: e=0.0391  p=[0.258 0.569 0.000 0.332 0.350]
  eval: e=0.0445  p=[0.264 0.577 0.002 0.328 0.351]
  eval: e=5.1001  p=[0.264 0.494 0.008 0.444 0.350]
  eval: e=5.5462  p=[0.338 0.539 0.003 0.343 0.348]
  eval: e=0.0838  p=[0.274 0.569 0.004 0.331 0.350]
  eval: e=5.0871  p=[0.297 0.479 0.007 0.440 0.371]
  eval: e=0.0505  p=[0.370 0.511 0.000 0.256 0.350]
  eval: e=0.0629  p=[0.274 0.553 0.003 0.339 0.350]
  eval: e=0.0475  p=[0.273 0.577 0.012 0.291 0.326]
  eval: e=0.0408  p=[0.276 0.551 0.004 0.328 0.347]
  eval: e=0.0399  p=[0.259 0.573 0.003 0.327 0.349]
  eval: e=0.2597  p=[0.334 0.267 0.026 0.392 0.345]
  eval: e=0.0462  p=[0.267 0.573 0.003 0.329 0.351]
  eval: e=0.0395  p=[0.266 0.563 0.001 0.328 0.351]
  eval: e=10.4164  p=[0.317 0.519 0.000 0.382 0.342]
  eval: e=0.0391  p=[0.264 0.569 0.000 0.328 0.351]
  eval: e=0.0427  p=[0.271 0.564 0.002 0.328 0.350]
  eval: e=0.3458  p=[0.285 0.335 0.020 0.342 0.370]
  eval: e=0.1388  p=[0.268 0.475 0.000 0.349 0.346]
  148            7450         0.03906            3.05        0
  eval: e=0.0564  p=[0.268 0.486 0.018 0.365 0.338]
  eval: e=0.0415  p=[0.269 0.549 0.001 0.336 0.347]
  eval: e=0.0392  p=[0.266 0.563 0.000 0.329 0.350]
  eval: e=0.0440  p=[0.263 0.562 0.000 0.329 0.351]
  eval: e=0.0394  p=[0.266 0.551 0.004 0.339 0.350]
  eval: e=0.0391  p=[0.264 0.569 0.000 0.327 0.351]
  eval: e=0.0414  p=[0.265 0.569 0.000 0.324 0.351]
  eval: e=0.1667  p=[0.301 0.556 0.003 0.316 0.347]
  eval: e=0.0665  p=[0.265 0.560 0.000 0.345 0.353]
  eval: e=0.1049  p=[0.263 0.552 0.000 0.315 0.350]
  eval: e=0.0403  p=[0.265 0.559 0.002 0.328 0.347]
  eval: e=0.1075  p=[0.273 0.531 0.000 0.319 0.351]
  eval: e=0.0929  p=[0.271 0.570 0.000 0.328 0.344]
  eval: e=0.0396  p=[0.264 0.569 0.004 0.328 0.350]
  eval: e=0.3781  p=[0.301 0.305 0.000 0.233 0.360]
  eval: e=0.0391  p=[0.264 0.569 0.000 0.328 0.351]
  eval: e=86.3057  p=[0.266 0.550 0.000 0.499 0.361]
  eval: e=0.0391  p=[0.264 0.567 0.000 0.329 0.350]
  eval: e=0.0420  p=[0.264 0.569 0.000 0.331 0.350]
  eval: e=0.0439  p=[0.262 0.569 0.002 0.332 0.346]
  eval: e=0.2719  p=[0.290 0.558 0.000 0.328 0.344]
  eval: e=0.2534  p=[0.285 0.568 0.000 0.327 0.346]
  eval: e=0.0401  p=[0.273 0.533 0.008 0.347 0.352]
  eval: e=0.0391  p=[0.264 0.570 0.000 0.327 0.351]
  eval: e=0.0391  p=[0.264 0.569 0.000 0.328 0.351]
  eval: e=0.0651  p=[0.273 0.533 0.000 0.326 0.348]
  eval: e=0.0408  p=[0.267 0.570 0.002 0.328 0.351]
  eval: e=78.0576  p=[0.301 0.567 0.010 0.428 0.328]
  eval: e=0.0621  p=[0.287 0.542 0.009 0.327 0.341]
  eval: e=0.0723  p=[0.256 0.567 0.025 0.328 0.348]
  eval: e=0.0392  p=[0.265 0.568 0.000 0.324 0.347]
  eval: e=0.0394  p=[0.257 0.569 0.000 0.332 0.350]
  eval: e=0.0398  p=[0.264 0.566 0.002 0.328 0.349]
  eval: e=0.7503  p=[0.266 0.545 0.001 0.376 0.348]
  eval: e=0.1207  p=[0.260 0.516 0.003 0.338 0.349]
  eval: e=0.0603  p=[0.263 0.543 0.001 0.335 0.351]
  eval: e=0.2584  p=[0.289 0.274 0.013 0.437 0.355]
  eval: e=6.3380  p=[0.399 0.525 0.022 0.311 0.351]
  eval: e=0.0410  p=[0.275 0.545 0.016 0.339 0.350]
  eval: e=0.0447  p=[0.282 0.543 0.006 0.328 0.355]
  eval: e=0.0534  p=[0.266 0.550 0.000 0.328 0.350]
  eval: e=0.0424  p=[0.261 0.572 0.004 0.326 0.350]
  eval: e=0.4480  p=[0.461 0.299 0.019 0.362 0.345]
  eval: e=0.0535  p=[0.266 0.546 0.002 0.333 0.351]
  eval: e=0.0397  p=[0.264 0.567 0.001 0.328 0.351]
  eval: e=0.2396  p=[0.244 0.445 0.035 0.368 0.343]
  eval: e=0.0391  p=[0.264 0.569 0.000 0.328 0.351]
  eval: e=0.0494  p=[0.275 0.560 0.002 0.328 0.349]
  eval: e=0.3046  p=[0.319 0.297 0.015 0.378 0.368]
  eval: e=0.6536  p=[0.280 0.596 0.000 0.329 0.352]
  149            7500         0.03906           3.527        0
  eval: e=0.1947  p=[0.266 0.455 0.020 0.357 0.347]
  eval: e=0.0727  p=[0.263 0.529 0.003 0.336 0.346]
  eval: e=0.0399  p=[0.264 0.567 0.000 0.328 0.352]
  eval: e=0.0393  p=[0.266 0.564 0.004 0.329 0.350]
  eval: e=0.0819  p=[0.264 0.576 0.001 0.335 0.351]
  eval: e=0.0391  p=[0.264 0.569 0.000 0.328 0.351]
  eval: e=0.0393  p=[0.264 0.570 0.000 0.329 0.351]
  eval: e=0.0493  p=[0.278 0.548 0.003 0.325 0.339]
  eval: e=0.1084  p=[0.273 0.565 0.000 0.335 0.349]
  eval: e=0.0581  p=[0.271 0.534 0.010 0.335 0.349]
  eval: e=0.0523  p=[0.266 0.573 0.002 0.328 0.347]
  eval: e=0.0990  p=[0.269 0.523 0.005 0.329 0.348]
  eval: e=0.1062  p=[0.266 0.530 0.000 0.328 0.352]
  eval: e=0.0394  p=[0.266 0.567 0.003 0.328 0.350]
  eval: e=77.9790  p=[0.312 0.686 0.040 0.430 0.356]
  eval: e=0.0391  p=[0.264 0.569 0.000 0.328 0.351]
  eval: e=0.1586  p=[0.316 0.443 0.015 0.333 0.357]
  eval: e=0.0392  p=[0.268 0.562 0.000 0.329 0.349]
  eval: e=0.0392  p=[0.264 0.569 0.001 0.330 0.352]
  eval: e=0.0392  p=[0.259 0.569 0.001 0.330 0.346]
  eval: e=0.0427  p=[0.298 0.512 0.003 0.333 0.345]
  eval: e=0.0456  p=[0.274 0.538 0.000 0.328 0.346]
  eval: e=0.0560  p=[0.261 0.547 0.007 0.338 0.351]
  eval: e=0.0391  p=[0.264 0.569 0.000 0.327 0.351]
  eval: e=0.0391  p=[0.263 0.570 0.000 0.328 0.351]
  eval: e=0.0712  p=[0.272 0.531 0.003 0.328 0.347]
  eval: e=0.0397  p=[0.264 0.568 0.002 0.328 0.351]
  eval: e=0.3514  p=[0.330 0.565 0.000 0.064 0.315]
  eval: e=0.0635  p=[0.281 0.569 0.014 0.328 0.353]
  eval: e=0.0480  p=[0.257 0.568 0.000 0.328 0.349]
  eval: e=0.0410  p=[0.264 0.568 0.001 0.327 0.352]
  eval: e=0.0391  p=[0.259 0.570 0.000 0.332 0.350]
  eval: e=0.0397  p=[0.264 0.568 0.002 0.328 0.351]
  eval: e=0.0420  p=[0.266 0.531 0.005 0.353 0.346]
  eval: e=0.1554  p=[0.277 0.470 0.029 0.349 0.347]
  eval: e=0.0767  p=[0.265 0.582 0.004 0.327 0.346]
  eval: e=0.2144  p=[0.337 0.446 0.016 0.398 0.388]
  eval: e=0.0420  p=[0.357 0.557 0.010 0.240 0.339]
  eval: e=0.1533  p=[0.288 0.540 0.000 0.341 0.350]
  eval: e=0.0905  p=[0.261 0.540 0.000 0.332 0.354]
  eval: e=0.0414  p=[0.267 0.570 0.003 0.328 0.351]
  eval: e=0.0404  p=[0.257 0.570 0.000 0.330 0.348]
  eval: e=0.5682  p=[0.386 0.377 0.004 0.378 0.352]
  eval: e=0.0407  p=[0.267 0.561 0.003 0.333 0.350]
  eval: e=0.0541  p=[0.268 0.541 0.003 0.333 0.350]
  eval: e=3.8351  p=[0.314 0.586 0.000 0.328 0.352]
  eval: e=0.0391  p=[0.264 0.569 0.000 0.328 0.351]
  eval: e=0.0479  p=[0.275 0.560 0.000 0.328 0.349]
  eval: e=0.0470  p=[0.386 0.199 0.010 0.484 0.370]
  eval: e=0.0478  p=[0.269 0.512 0.000 0.366 0.348]
  150            7550         0.03906           1.715        0

                                 Best            Mean     Stall
Iteration     f-count            f(x)            f(x)    Iterations
  eval: e=0.9910  p=[0.261 0.560 0.008 0.375 0.346]
  eval: e=0.0937  p=[0.274 0.569 0.002 0.330 0.349]
  eval: e=0.0392  p=[0.265 0.569 0.000 0.328 0.350]
  eval: e=0.0394  p=[0.264 0.567 0.004 0.329 0.350]
  eval: e=0.0394  p=[0.267 0.552 0.001 0.336 0.350]
  eval: e=0.0489  p=[0.264 0.570 0.000 0.333 0.349]
  eval: e=0.0397  p=[0.260 0.569 0.000 0.330 0.350]
  eval: e=0.0757  p=[0.272 0.537 0.003 0.316 0.340]
  eval: e=0.0741  p=[0.263 0.527 0.000 0.334 0.342]
  eval: e=0.0438  p=[0.271 0.536 0.000 0.347 0.351]
  eval: e=0.0397  p=[0.266 0.570 0.000 0.328 0.352]
  eval: e=1.6488  p=[0.300 0.588 0.004 0.326 0.349]
  eval: e=0.0408  p=[0.268 0.542 0.000 0.331 0.337]
  eval: e=0.0393  p=[0.264 0.569 0.003 0.328 0.351]
  eval: e=11.9794  p=[0.294 0.604 0.000 0.368 0.364]
  eval: e=0.0391  p=[0.264 0.569 0.000 0.328 0.351]
  eval: e=0.3186  p=[0.255 0.419 0.009 0.338 0.365]
  eval: e=0.0391  p=[0.266 0.566 0.000 0.328 0.351]
  eval: e=0.0392  p=[0.264 0.569 0.001 0.328 0.350]
  eval: e=0.0411  p=[0.264 0.569 0.000 0.329 0.348]
  eval: e=0.0616  p=[0.299 0.540 0.006 0.323 0.349]
  eval: e=0.0594  p=[0.272 0.530 0.000 0.330 0.345]
  eval: e=0.0415  p=[0.272 0.566 0.000 0.326 0.351]
  eval: e=0.0391  p=[0.264 0.570 0.000 0.328 0.351]
  eval: e=0.0391  p=[0.264 0.569 0.000 0.328 0.351]
  eval: e=0.0486  p=[0.269 0.559 0.001 0.322 0.350]
  eval: e=0.0394  p=[0.267 0.567 0.003 0.328 0.351]
  eval: e=0.1432  p=[0.337 0.565 0.007 0.220 0.344]
  eval: e=0.0537  p=[0.278 0.552 0.000 0.328 0.345]
  eval: e=0.0642  p=[0.266 0.591 0.022 0.328 0.350]
  eval: e=0.0401  p=[0.264 0.569 0.001 0.325 0.350]
  eval: e=0.0391  p=[0.259 0.570 0.000 0.332 0.350]
  eval: e=0.0392  p=[0.264 0.570 0.001 0.328 0.351]
  eval: e=2.1153  p=[0.267 0.498 0.008 0.424 0.349]
  eval: e=0.2635  p=[0.254 0.456 0.017 0.338 0.347]
  eval: e=0.1091  p=[0.270 0.527 0.003 0.327 0.353]
  eval: e=0.3091  p=[0.240 0.242 0.000 0.467 0.352]
  eval: e=0.2057  p=[0.265 0.569 0.002 0.275 0.353]
  eval: e=0.0465  p=[0.287 0.553 0.016 0.326 0.351]
  eval: e=0.2746  p=[0.292 0.571 0.001 0.325 0.353]
  eval: e=0.0406  p=[0.270 0.547 0.004 0.330 0.345]
  eval: e=0.0399  p=[0.269 0.571 0.003 0.325 0.352]
  eval: e=0.2607  p=[0.262 0.431 0.027 0.345 0.340]
  eval: e=0.0407  p=[0.265 0.564 0.002 0.327 0.350]
  eval: e=0.0394  p=[0.267 0.566 0.002 0.328 0.350]
  eval: e=0.0582  p=[0.314 0.361 0.004 0.407 0.346]
  eval: e=0.0394  p=[0.260 0.570 0.000 0.333 0.351]
  eval: e=0.0705  p=[0.260 0.549 0.001 0.329 0.349]
  eval: e=0.0632  p=[0.377 0.289 0.001 0.403 0.356]
  eval: e=0.0734  p=[0.263 0.533 0.000 0.325 0.338]
  151            7600         0.03906          0.4094        1
  eval: e=0.0668  p=[0.269 0.395 0.015 0.424 0.341]
  eval: e=0.0474  p=[0.266 0.546 0.004 0.344 0.346]
  eval: e=0.0398  p=[0.258 0.567 0.000 0.333 0.349]
  eval: e=0.0405  p=[0.259 0.565 0.000 0.332 0.349]
  eval: e=0.0433  p=[0.265 0.552 0.001 0.333 0.350]
  eval: e=0.0419  p=[0.264 0.569 0.000 0.325 0.352]
  eval: e=0.0429  p=[0.259 0.569 0.000 0.329 0.351]
  eval: e=0.0839  p=[0.277 0.523 0.011 0.331 0.351]
  eval: e=0.0707  p=[0.267 0.543 0.000 0.351 0.348]
  eval: e=0.1364  p=[0.270 0.547 0.006 0.354 0.348]
  eval: e=0.0442  p=[0.259 0.557 0.001 0.331 0.346]
  eval: e=0.1234  p=[0.283 0.553 0.000 0.332 0.345]
  eval: e=0.0532  p=[0.268 0.552 0.000 0.331 0.357]
  eval: e=0.0396  p=[0.261 0.570 0.002 0.332 0.350]
  eval: e=0.3764  p=[0.253 0.152 0.044 0.418 0.366]
  eval: e=0.0460  p=[0.262 0.569 0.000 0.334 0.350]
  eval: e=0.1860  p=[0.261 0.355 0.016 0.440 0.356]
  eval: e=0.0400  p=[0.265 0.569 0.000 0.328 0.350]
  eval: e=0.0391  p=[0.264 0.569 0.000 0.327 0.351]
  eval: e=0.0392  p=[0.259 0.569 0.001 0.330 0.348]
  eval: e=0.3572  p=[0.280 0.575 0.001 0.330 0.345]
  eval: e=0.0566  p=[0.285 0.540 0.000 0.332 0.348]
  eval: e=0.0507  p=[0.256 0.548 0.006 0.344 0.350]
  eval: e=0.0391  p=[0.264 0.569 0.000 0.328 0.351]
  eval: e=0.0403  p=[0.258 0.570 0.000 0.331 0.350]
  eval: e=0.0632  p=[0.282 0.521 0.009 0.328 0.346]
  eval: e=0.0396  p=[0.262 0.568 0.000 0.332 0.350]
  eval: e=74.2018  p=[0.372 0.568 0.006 0.383 0.330]
  eval: e=0.0407  p=[0.273 0.547 0.015 0.328 0.339]
  eval: e=0.0404  p=[0.259 0.569 0.005 0.328 0.346]
  eval: e=0.0397  p=[0.265 0.569 0.000 0.327 0.348]
  eval: e=0.0390  p=[0.259 0.570 0.000 0.332 0.350]
  eval: e=0.0393  p=[0.264 0.568 0.001 0.328 0.350]
  eval: e=0.3291  p=[0.265 0.545 0.012 0.371 0.350]
  eval: e=0.2320  p=[0.345 0.482 0.014 0.332 0.347]
  eval: e=0.5125  p=[0.271 0.589 0.001 0.332 0.342]
  eval: e=7.4469  p=[0.341 0.462 0.010 0.433 0.386]
  eval: e=3.5563  p=[0.340 0.553 0.011 0.315 0.335]
  eval: e=0.2798  p=[0.284 0.557 0.001 0.340 0.349]
  eval: e=0.0632  p=[0.275 0.538 0.006 0.329 0.352]
  eval: e=0.0398  p=[0.274 0.563 0.003 0.327 0.354]
  eval: e=0.0429  p=[0.267 0.571 0.003 0.328 0.350]
  eval: e=0.0837  p=[0.336 0.348 0.006 0.394 0.353]
  eval: e=0.0448  p=[0.267 0.553 0.003 0.330 0.350]
  eval: e=0.0401  p=[0.265 0.573 0.001 0.327 0.351]
  eval: e=0.3468  p=[0.232 0.396 0.018 0.319 0.341]
  eval: e=0.0390  p=[0.262 0.569 0.000 0.330 0.351]
  eval: e=0.0394  p=[0.276 0.551 0.000 0.328 0.350]
  eval: e=0.0980  p=[0.216 0.531 0.008 0.386 0.356]
  eval: e=0.0739  p=[0.270 0.535 0.000 0.333 0.355]
  152            7650         0.03904           1.798        0
  eval: e=0.3006  p=[0.263 0.407 0.023 0.342 0.349]
  eval: e=0.0601  p=[0.275 0.540 0.003 0.326 0.351]
  eval: e=0.0413  p=[0.263 0.566 0.000 0.328 0.351]
  eval: e=0.0537  p=[0.272 0.568 0.002 0.329 0.351]
  eval: e=0.0641  p=[0.266 0.569 0.001 0.336 0.351]
  eval: e=0.0518  p=[0.263 0.570 0.000 0.334 0.349]
  eval: e=0.0434  p=[0.264 0.569 0.000 0.332 0.351]
  eval: e=0.0960  p=[0.279 0.536 0.000 0.311 0.349]
  eval: e=0.0725  p=[0.269 0.541 0.000 0.323 0.348]
  eval: e=0.0919  p=[0.267 0.530 0.005 0.330 0.349]
  eval: e=0.0393  p=[0.263 0.568 0.001 0.329 0.350]
  eval: e=0.0431  p=[0.281 0.546 0.010 0.327 0.352]
  eval: e=0.0806  p=[0.269 0.569 0.000 0.327 0.341]
  eval: e=0.0393  p=[0.267 0.567 0.003 0.327 0.350]
  eval: e=0.1966  p=[0.308 0.366 0.031 0.396 0.365]
  eval: e=0.0460  p=[0.260 0.569 0.000 0.325 0.350]
  eval: e=1.3900  p=[0.290 0.583 0.027 0.347 0.352]
  eval: e=0.0395  p=[0.264 0.565 0.000 0.328 0.350]
  eval: e=0.0391  p=[0.264 0.569 0.000 0.327 0.351]
  eval: e=0.0390  p=[0.258 0.569 0.001 0.333 0.349]
  eval: e=0.0681  p=[0.294 0.545 0.008 0.327 0.352]
  eval: e=0.0928  p=[0.258 0.533 0.000 0.327 0.341]
  eval: e=0.2772  p=[0.290 0.546 0.008 0.345 0.351]
  eval: e=0.0391  p=[0.265 0.570 0.000 0.327 0.351]
  eval: e=0.0397  p=[0.261 0.569 0.000 0.329 0.351]
  eval: e=0.1474  p=[0.283 0.575 0.008 0.326 0.350]
  eval: e=0.0396  p=[0.263 0.569 0.004 0.332 0.350]
  eval: e=39.3952  p=[0.396 0.557 0.001 0.352 0.352]
  eval: e=0.0928  p=[0.270 0.572 0.014 0.328 0.339]
  eval: e=0.0513  p=[0.260 0.568 0.018 0.328 0.348]
  eval: e=0.0445  p=[0.260 0.569 0.000 0.324 0.348]
  eval: e=0.0390  p=[0.259 0.570 0.000 0.332 0.350]
  eval: e=0.0391  p=[0.264 0.569 0.000 0.328 0.351]
  eval: e=0.2340  p=[0.264 0.456 0.008 0.334 0.342]
  eval: e=1.6702  p=[0.335 0.524 0.010 0.336 0.347]
  eval: e=0.0662  p=[0.270 0.579 0.011 0.334 0.357]
  eval: e=21.2215  p=[0.253 0.617 0.006 0.412 0.364]
  eval: e=0.2192  p=[0.285 0.553 0.003 0.251 0.342]
  eval: e=0.0632  p=[0.250 0.558 0.012 0.340 0.350]
  eval: e=0.0684  p=[0.270 0.546 0.003 0.327 0.355]
  eval: e=0.0445  p=[0.275 0.554 0.000 0.331 0.351]
  eval: e=0.0392  p=[0.267 0.571 0.000 0.326 0.352]
  eval: e=59.6177  p=[0.435 0.584 0.000 0.392 0.349]
  eval: e=0.0399  p=[0.264 0.556 0.003 0.332 0.346]
  eval: e=0.0395  p=[0.265 0.565 0.002 0.328 0.350]
  eval: e=32.8269  p=[0.353 0.485 0.019 0.425 0.351]
  eval: e=0.0390  p=[0.263 0.569 0.000 0.329 0.351]
  eval: e=0.0600  p=[0.269 0.574 0.000 0.327 0.350]
  eval: e=41.4664  p=[0.446 0.496 0.009 0.371 0.349]
  eval: e=0.0683  p=[0.276 0.501 0.000 0.334 0.336]
  153            7700         0.03903            4.02        0
  eval: e=0.0635  p=[0.262 0.533 0.018 0.340 0.343]
  eval: e=0.1819  p=[0.268 0.575 0.003 0.340 0.350]
  eval: e=0.0391  p=[0.262 0.565 0.000 0.330 0.348]
  eval: e=0.0391  p=[0.265 0.569 0.001 0.327 0.351]
  eval: e=0.0397  p=[0.258 0.569 0.001 0.335 0.350]
  eval: e=0.0403  p=[0.263 0.569 0.000 0.327 0.351]
  eval: e=0.0422  p=[0.265 0.569 0.000 0.323 0.351]
  eval: e=0.0413  p=[0.290 0.544 0.018 0.319 0.347]
  eval: e=0.5704  p=[0.269 0.558 0.001 0.359 0.347]
  eval: e=0.0711  p=[0.271 0.559 0.006 0.340 0.351]
  eval: e=0.0392  p=[0.262 0.565 0.003 0.332 0.349]
  eval: e=0.0408  p=[0.274 0.547 0.000 0.330 0.351]
  eval: e=0.0601  p=[0.267 0.549 0.000 0.326 0.351]
  eval: e=0.0408  p=[0.262 0.569 0.003 0.327 0.350]
  eval: e=35.8257  p=[0.323 0.637 0.000 0.349 0.356]
  eval: e=0.0398  p=[0.262 0.569 0.001 0.331 0.349]
  eval: e=23.7858  p=[0.274 0.497 0.015 0.483 0.367]
  eval: e=0.0394  p=[0.265 0.569 0.001 0.328 0.350]
  eval: e=0.0421  p=[0.257 0.570 0.000 0.329 0.348]
  eval: e=0.0390  p=[0.258 0.569 0.001 0.333 0.349]
  eval: e=0.0406  p=[0.269 0.552 0.006 0.331 0.348]
  eval: e=0.5717  p=[0.300 0.557 0.000 0.328 0.346]
  eval: e=0.0457  p=[0.265 0.569 0.008 0.324 0.351]
  eval: e=0.0458  p=[0.256 0.570 0.000 0.329 0.350]
  eval: e=0.0391  p=[0.264 0.569 0.000 0.328 0.351]
  eval: e=0.0450  p=[0.300 0.505 0.001 0.325 0.345]
  eval: e=0.0530  p=[0.270 0.567 0.000 0.330 0.351]
  eval: e=0.3391  p=[0.285 0.573 0.000 0.115 0.306]
  eval: e=0.1028  p=[0.271 0.572 0.014 0.334 0.346]
  eval: e=0.0526  p=[0.261 0.588 0.008 0.327 0.349]
  eval: e=0.0584  p=[0.271 0.569 0.000 0.327 0.348]
  eval: e=0.0390  p=[0.259 0.570 0.000 0.332 0.350]
  eval: e=0.0392  p=[0.262 0.569 0.000 0.329 0.351]
  eval: e=0.1380  p=[0.261 0.489 0.011 0.401 0.345]
  eval: e=0.0527  p=[0.302 0.467 0.010 0.352 0.349]
  eval: e=0.0395  p=[0.271 0.546 0.004 0.335 0.348]
  eval: e=0.3383  p=[0.268 0.338 0.031 0.363 0.361]
  eval: e=0.2035  p=[0.272 0.569 0.002 0.267 0.350]
  eval: e=0.0932  p=[0.290 0.550 0.002 0.330 0.351]
  eval: e=0.1803  p=[0.275 0.573 0.000 0.335 0.350]
  eval: e=0.0482  p=[0.270 0.563 0.002 0.330 0.348]
  eval: e=0.0406  p=[0.261 0.570 0.001 0.329 0.352]
  eval: e=0.3881  p=[0.234 0.090 0.034 0.355 0.346]
  eval: e=0.0428  p=[0.263 0.556 0.004 0.336 0.352]
  eval: e=0.0393  p=[0.266 0.568 0.001 0.328 0.351]
  eval: e=0.3439  p=[0.196 0.485 0.010 0.293 0.339]
  eval: e=0.0390  p=[0.262 0.569 0.000 0.330 0.351]
  eval: e=0.0765  p=[0.277 0.562 0.000 0.330 0.349]
  eval: e=0.3646  p=[0.194 0.422 0.000 0.328 0.373]
  eval: e=0.1088  p=[0.266 0.499 0.000 0.352 0.356]
  154            7750         0.03903           1.302        1
  eval: e=0.1382  p=[0.268 0.472 0.027 0.412 0.346]
  eval: e=0.0751  p=[0.262 0.515 0.002 0.341 0.340]
  eval: e=0.0392  p=[0.259 0.571 0.001 0.331 0.349]
  eval: e=0.0398  p=[0.261 0.570 0.001 0.328 0.350]
  eval: e=0.0421  p=[0.269 0.560 0.000 0.333 0.351]
  eval: e=0.0398  p=[0.258 0.570 0.000 0.335 0.350]
  eval: e=0.0446  p=[0.264 0.569 0.000 0.323 0.351]
  eval: e=0.3118  p=[0.287 0.570 0.000 0.326 0.346]
  eval: e=0.0843  p=[0.258 0.525 0.000 0.337 0.344]
  eval: e=0.1323  p=[0.271 0.510 0.004 0.328 0.349]
  eval: e=0.0407  p=[0.260 0.571 0.002 0.333 0.349]
  eval: e=0.0712  p=[0.286 0.551 0.008 0.329 0.348]
  eval: e=0.0407  p=[0.271 0.549 0.000 0.327 0.340]
  eval: e=0.0402  p=[0.260 0.570 0.001 0.329 0.350]
  eval: e=56.2573  p=[0.305 0.583 0.010 0.421 0.356]
  eval: e=0.0390  p=[0.261 0.569 0.000 0.330 0.350]
  eval: e=0.0541  p=[0.309 0.356 0.011 0.452 0.364]
  eval: e=0.0392  p=[0.265 0.568 0.000 0.329 0.350]
  eval: e=0.0419  p=[0.269 0.570 0.000 0.328 0.353]
  eval: e=0.0390  p=[0.258 0.569 0.001 0.332 0.349]
  eval: e=0.0728  p=[0.306 0.516 0.004 0.330 0.346]
  eval: e=0.0873  p=[0.253 0.546 0.000 0.332 0.348]
  eval: e=0.0532  p=[0.263 0.538 0.002 0.359 0.352]
  eval: e=0.0398  p=[0.268 0.564 0.000 0.327 0.349]
  eval: e=0.0391  p=[0.258 0.569 0.001 0.333 0.350]
  eval: e=0.0408  p=[0.292 0.522 0.000 0.330 0.351]
  eval: e=0.0434  p=[0.261 0.567 0.003 0.329 0.351]
  eval: e=2.0998  p=[0.253 0.567 0.009 0.400 0.361]
  eval: e=0.0673  p=[0.254 0.563 0.008 0.329 0.350]
  eval: e=0.0514  p=[0.253 0.563 0.010 0.336 0.349]
  eval: e=0.0523  p=[0.255 0.568 0.000 0.327 0.349]
  eval: e=0.0390  p=[0.259 0.570 0.000 0.332 0.350]
  eval: e=0.0399  p=[0.264 0.569 0.000 0.330 0.350]
  eval: e=0.2088  p=[0.264 0.494 0.008 0.319 0.345]
  eval: e=0.0949  p=[0.271 0.522 0.014 0.332 0.347]
  eval: e=0.0795  p=[0.270 0.568 0.003 0.333 0.348]
  eval: e=0.1665  p=[0.349 0.443 0.000 0.355 0.357]
  eval: e=0.2059  p=[0.314 0.563 0.008 0.296 0.338]
  eval: e=0.0410  p=[0.283 0.545 0.016 0.328 0.350]
  eval: e=0.0554  p=[0.275 0.544 0.006 0.324 0.350]
  eval: e=0.0719  p=[0.259 0.546 0.002 0.330 0.347]
  eval: e=0.0390  p=[0.259 0.570 0.000 0.332 0.350]
  eval: e=8.4625  p=[0.449 0.771 0.000 0.354 0.344]
  eval: e=0.0454  p=[0.259 0.555 0.001 0.335 0.349]
  eval: e=0.0414  p=[0.256 0.570 0.001 0.332 0.350]
  eval: e=0.2696  p=[0.294 0.436 0.013 0.311 0.352]
  eval: e=0.0401  p=[0.261 0.569 0.000 0.333 0.351]
  eval: e=0.0450  p=[0.260 0.560 0.001 0.332 0.349]
  eval: e=47.1337  p=[0.336 0.381 0.005 0.543 0.367]
  eval: e=0.0830  p=[0.268 0.512 0.001 0.341 0.348]
  155            7800           0.039           2.348        0
  eval: e=0.1273  p=[0.261 0.441 0.013 0.390 0.349]
  eval: e=0.0792  p=[0.279 0.551 0.001 0.336 0.350]
  eval: e=0.0395  p=[0.261 0.568 0.000 0.332 0.349]
  eval: e=0.0393  p=[0.261 0.569 0.000 0.329 0.350]
  eval: e=0.0438  p=[0.261 0.557 0.001 0.333 0.350]
  eval: e=0.0457  p=[0.268 0.570 0.000 0.329 0.351]
  eval: e=0.0531  p=[0.261 0.569 0.000 0.337 0.350]
  eval: e=0.0425  p=[0.290 0.533 0.016 0.327 0.342]
  eval: e=0.3013  p=[0.263 0.586 0.000 0.337 0.344]
  eval: e=1.2950  p=[0.271 0.594 0.000 0.345 0.349]
  eval: e=0.0393  p=[0.260 0.570 0.000 0.332 0.350]
  eval: e=0.0420  p=[0.286 0.547 0.006 0.323 0.348]
  eval: e=0.0560  p=[0.262 0.556 0.000 0.328 0.351]
  eval: e=0.0395  p=[0.260 0.569 0.000 0.329 0.349]
  eval: e=0.2917  p=[0.293 0.419 0.026 0.318 0.355]
  eval: e=0.0399  p=[0.260 0.569 0.000 0.333 0.350]
  eval: e=0.3322  p=[0.299 0.354 0.000 0.324 0.368]
  eval: e=0.0408  p=[0.261 0.564 0.000 0.331 0.349]
  eval: e=0.0567  p=[0.267 0.569 0.000 0.330 0.347]
  eval: e=0.0390  p=[0.258 0.569 0.000 0.332 0.350]
  eval: e=1.1424  p=[0.298 0.568 0.001 0.329 0.343]
  eval: e=0.1397  p=[0.304 0.528 0.000 0.329 0.346]
  eval: e=0.0504  p=[0.268 0.566 0.009 0.322 0.352]
  eval: e=0.0401  p=[0.258 0.570 0.000 0.331 0.350]
  eval: e=0.0432  p=[0.259 0.570 0.000 0.327 0.350]
  eval: e=0.0906  p=[0.266 0.581 0.000 0.330 0.350]
  eval: e=0.0395  p=[0.261 0.570 0.000 0.328 0.350]
  eval: e=0.0929  p=[0.352 0.565 0.004 0.183 0.302]
  eval: e=0.0441  p=[0.279 0.546 0.006 0.332 0.349]
  eval: e=0.0409  p=[0.263 0.594 0.012 0.320 0.351]
  eval: e=0.0394  p=[0.262 0.568 0.000 0.330 0.349]
  eval: e=0.0395  p=[0.259 0.569 0.000 0.330 0.350]
  eval: e=0.0391  p=[0.263 0.569 0.000 0.329 0.351]
  eval: e=0.0620  p=[0.268 0.482 0.019 0.374 0.347]
  eval: e=0.1938  p=[0.318 0.510 0.018 0.338 0.347]
  eval: e=0.0665  p=[0.262 0.540 0.000 0.333 0.349]
  eval: e=0.2223  p=[0.225 0.303 0.022 0.526 0.381]
  eval: e=0.1001  p=[0.267 0.563 0.001 0.298 0.341]
  eval: e=0.0408  p=[0.268 0.552 0.002 0.333 0.350]
  eval: e=0.0809  p=[0.269 0.544 0.000 0.327 0.356]
  eval: e=0.0398  p=[0.270 0.561 0.000 0.329 0.351]
  eval: e=0.0390  p=[0.259 0.570 0.000 0.332 0.349]
  eval: e=0.3893  p=[0.235 0.000 0.020 0.389 0.345]
  eval: e=0.0580  p=[0.272 0.562 0.001 0.332 0.349]
  eval: e=0.0419  p=[0.268 0.569 0.001 0.329 0.351]
  eval: e=1.8005  p=[0.292 0.520 0.027 0.388 0.349]
  eval: e=0.0405  p=[0.262 0.569 0.000 0.327 0.351]
  eval: e=0.0408  p=[0.271 0.558 0.000 0.331 0.350]
  eval: e=0.2791  p=[0.327 0.236 0.010 0.402 0.343]
  eval: e=0.0512  p=[0.269 0.541 0.000 0.347 0.349]
  156            7850         0.03899          0.1686        0
  eval: e=0.1252  p=[0.261 0.500 0.013 0.344 0.342]
  eval: e=0.0478  p=[0.262 0.536 0.003 0.341 0.344]
  eval: e=0.0390  p=[0.260 0.568 0.000 0.332 0.350]
  eval: e=0.0391  p=[0.261 0.570 0.000 0.330 0.350]
  eval: e=0.0414  p=[0.262 0.567 0.000 0.335 0.352]
  eval: e=0.0394  p=[0.263 0.569 0.000 0.327 0.350]
  eval: e=0.0391  p=[0.265 0.569 0.000 0.327 0.351]
  eval: e=0.0759  p=[0.271 0.533 0.000 0.320 0.342]
  eval: e=0.0484  p=[0.259 0.549 0.000 0.334 0.345]
  eval: e=0.0471  p=[0.266 0.531 0.010 0.347 0.350]
  eval: e=0.0393  p=[0.265 0.566 0.003 0.329 0.351]
  eval: e=0.0501  p=[0.288 0.534 0.006 0.333 0.347]
  eval: e=0.0400  p=[0.260 0.564 0.000 0.331 0.349]
  eval: e=0.0394  p=[0.261 0.569 0.001 0.329 0.350]
  eval: e=54.0880  p=[0.310 0.492 0.000 0.469 0.351]
  eval: e=0.0390  p=[0.261 0.569 0.000 0.330 0.350]
  eval: e=0.3105  p=[0.244 0.338 0.023 0.419 0.367]
  eval: e=0.0394  p=[0.264 0.568 0.000 0.329 0.349]
  eval: e=0.0419  p=[0.263 0.569 0.000 0.329 0.347]
  eval: e=0.0390  p=[0.258 0.569 0.000 0.333 0.350]
  eval: e=0.2004  p=[0.287 0.569 0.007 0.328 0.350]
  eval: e=0.4970  p=[0.297 0.559 0.000 0.327 0.344]
  eval: e=0.0872  p=[0.263 0.529 0.000 0.336 0.351]
  eval: e=0.0413  p=[0.258 0.571 0.000 0.330 0.351]
  eval: e=0.0392  p=[0.266 0.569 0.000 0.327 0.352]
  eval: e=0.0790  p=[0.297 0.496 0.000 0.327 0.352]
  eval: e=0.0418  p=[0.262 0.567 0.000 0.328 0.352]
  eval: e=0.0575  p=[0.356 0.563 0.000 0.216 0.334]
  eval: e=0.0407  p=[0.264 0.570 0.015 0.327 0.342]
  eval: e=0.0454  p=[0.264 0.558 0.011 0.331 0.348]
  eval: e=0.0444  p=[0.265 0.569 0.000 0.321 0.350]
  eval: e=0.0392  p=[0.258 0.569 0.000 0.334 0.350]
  eval: e=0.0422  p=[0.263 0.569 0.000 0.333 0.351]
  eval: e=31.1718  p=[0.267 0.548 0.013 0.445 0.348]
  eval: e=0.0630  p=[0.328 0.455 0.002 0.349 0.347]
  eval: e=0.0517  p=[0.268 0.566 0.002 0.331 0.348]
  eval: e=72.0827  p=[0.293 0.534 0.010 0.504 0.384]
  eval: e=2.3930  p=[0.322 0.561 0.002 0.323 0.342]
  eval: e=0.0655  p=[0.262 0.531 0.016 0.347 0.350]
  eval: e=0.0629  p=[0.265 0.545 0.004 0.333 0.352]
  eval: e=0.0699  p=[0.273 0.564 0.005 0.332 0.347]
  eval: e=0.0390  p=[0.258 0.570 0.000 0.332 0.350]
  eval: e=0.1201  p=[0.308 0.448 0.005 0.382 0.349]
  eval: e=0.0404  p=[0.261 0.567 0.002 0.333 0.349]
  eval: e=0.0393  p=[0.266 0.568 0.001 0.326 0.351]
  eval: e=1.8519  p=[0.292 0.522 0.005 0.372 0.339]
  eval: e=0.0392  p=[0.262 0.569 0.000 0.327 0.349]
  eval: e=0.0391  p=[0.261 0.569 0.000 0.331 0.350]
  eval: e=3.8941  p=[0.311 0.572 0.010 0.350 0.359]
  eval: e=0.1144  p=[0.274 0.537 0.000 0.353 0.349]
  157            7900         0.03898           3.373        0
  eval: e=1.4126  p=[0.266 0.518 0.011 0.403 0.345]
  eval: e=0.0809  p=[0.256 0.541 0.002 0.335 0.347]
  eval: e=0.0391  p=[0.260 0.567 0.000 0.332 0.350]
  eval: e=0.0391  p=[0.261 0.570 0.000 0.331 0.351]
  eval: e=0.0395  p=[0.262 0.565 0.000 0.335 0.352]
  eval: e=0.0410  p=[0.255 0.570 0.000 0.332 0.350]
  eval: e=0.0463  p=[0.262 0.569 0.000 0.324 0.351]
  eval: e=0.1889  p=[0.296 0.567 0.014 0.316 0.343]
  eval: e=0.0909  p=[0.265 0.518 0.000 0.334 0.344]
  eval: e=0.0735  p=[0.268 0.522 0.006 0.340 0.349]
  eval: e=0.0462  p=[0.258 0.565 0.001 0.330 0.350]
  eval: e=0.0439  p=[0.293 0.518 0.005 0.336 0.347]
  eval: e=0.1172  p=[0.280 0.562 0.000 0.328 0.346]
  eval: e=0.0394  p=[0.262 0.569 0.005 0.330 0.350]
  eval: e=0.2022  p=[0.300 0.509 0.042 0.385 0.371]
  eval: e=0.0393  p=[0.261 0.569 0.000 0.329 0.349]
  eval: e=31.6700  p=[0.287 0.570 0.016 0.416 0.349]
  eval: e=0.0391  p=[0.263 0.566 0.000 0.329 0.350]
  eval: e=0.0414  p=[0.262 0.569 0.000 0.329 0.354]
  eval: e=0.0390  p=[0.258 0.569 0.000 0.333 0.350]
  eval: e=0.0525  p=[0.274 0.559 0.000 0.332 0.350]
  eval: e=0.0581  p=[0.272 0.561 0.000 0.327 0.342]
  eval: e=0.1514  p=[0.277 0.544 0.000 0.351 0.352]
  eval: e=0.0391  p=[0.259 0.570 0.000 0.332 0.350]
  eval: e=0.0409  p=[0.267 0.569 0.000 0.329 0.352]
  eval: e=0.1575  p=[0.284 0.482 0.000 0.328 0.351]
  eval: e=0.0421  p=[0.265 0.568 0.003 0.331 0.349]
  eval: e=0.2199  p=[0.249 0.563 0.013 0.271 0.329]
  eval: e=0.0398  p=[0.258 0.579 0.000 0.325 0.346]
  eval: e=0.0635  p=[0.256 0.587 0.006 0.333 0.347]
  eval: e=0.0434  p=[0.258 0.570 0.000 0.326 0.348]
  eval: e=0.0395  p=[0.260 0.568 0.000 0.333 0.350]
  eval: e=0.0414  p=[0.261 0.569 0.000 0.334 0.350]
  eval: e=7.7205  p=[0.260 0.521 0.005 0.431 0.344]
  eval: e=1.0507  p=[0.318 0.536 0.004 0.338 0.350]
  eval: e=0.0545  p=[0.263 0.553 0.004 0.330 0.349]
  eval: e=0.3145  p=[0.283 0.373 0.008 0.335 0.355]
  eval: e=0.1939  p=[0.311 0.555 0.010 0.309 0.344]
  eval: e=0.6443  p=[0.287 0.569 0.016 0.343 0.350]
  eval: e=0.1452  p=[0.282 0.561 0.001 0.334 0.351]
  eval: e=0.0474  p=[0.272 0.559 0.004 0.331 0.348]
  eval: e=0.0390  p=[0.258 0.570 0.000 0.332 0.350]
  eval: e=0.4667  p=[0.364 0.427 0.016 0.364 0.350]
  eval: e=0.0394  p=[0.261 0.565 0.002 0.331 0.348]
  eval: e=0.0496  p=[0.254 0.570 0.000 0.329 0.350]
  eval: e=0.2444  p=[0.272 0.406 0.014 0.358 0.343]
  eval: e=0.0390  p=[0.261 0.569 0.000 0.330 0.350]
  eval: e=0.0415  p=[0.253 0.574 0.000 0.331 0.350]
  eval: e=0.2006  p=[0.304 0.246 0.010 0.481 0.373]
  eval: e=0.0716  p=[0.270 0.503 0.000 0.342 0.341]
  158            7950         0.03898          0.9336        0
  eval: e=24.3595  p=[0.270 0.517 0.003 0.451 0.345]
  eval: e=0.0393  p=[0.264 0.554 0.001 0.336 0.347]
  eval: e=0.0390  p=[0.260 0.568 0.000 0.332 0.350]
  eval: e=0.0391  p=[0.261 0.569 0.000 0.330 0.350]
  eval: e=0.0460  p=[0.265 0.564 0.000 0.336 0.351]
  eval: e=0.0429  p=[0.256 0.570 0.000 0.331 0.351]
  eval: e=0.0506  p=[0.259 0.569 0.000 0.324 0.351]
  eval: e=1.1462  p=[0.305 0.573 0.010 0.329 0.351]
  eval: e=0.1588  p=[0.263 0.565 0.000 0.349 0.349]
  eval: e=0.0721  p=[0.274 0.557 0.002 0.336 0.349]
  eval: e=0.0409  p=[0.255 0.570 0.000 0.331 0.348]
  eval: e=0.0532  p=[0.292 0.530 0.003 0.331 0.346]
  eval: e=0.0405  p=[0.280 0.531 0.000 0.327 0.342]
  eval: e=0.0395  p=[0.265 0.569 0.007 0.328 0.349]
  eval: e=0.3513  p=[0.290 0.416 0.043 0.272 0.363]
  eval: e=0.0392  p=[0.260 0.569 0.000 0.329 0.350]
  eval: e=73.4656  p=[0.306 0.688 0.005 0.381 0.351]
  eval: e=0.0414  p=[0.260 0.567 0.000 0.329 0.350]
  eval: e=0.0401  p=[0.262 0.570 0.000 0.327 0.350]
  eval: e=0.0390  p=[0.258 0.570 0.000 0.333 0.350]
  eval: e=0.1495  p=[0.273 0.493 0.000 0.331 0.348]
  eval: e=0.0940  p=[0.274 0.566 0.000 0.328 0.344]
  eval: e=0.0445  p=[0.271 0.553 0.011 0.330 0.349]
  eval: e=0.0440  p=[0.265 0.569 0.000 0.331 0.350]
  eval: e=0.0410  p=[0.265 0.569 0.000 0.328 0.350]
  eval: e=0.0393  p=[0.269 0.551 0.000 0.333 0.348]
  eval: e=0.0631  p=[0.269 0.569 0.004 0.333 0.349]
  eval: e=0.1260  p=[0.187 0.565 0.015 0.346 0.307]
  eval: e=0.0606  p=[0.253 0.574 0.000 0.327 0.354]
  eval: e=0.0404  p=[0.252 0.586 0.012 0.330 0.349]
  eval: e=0.0398  p=[0.262 0.568 0.000 0.330 0.348]
  eval: e=0.0393  p=[0.260 0.570 0.000 0.332 0.350]
  eval: e=0.0390  p=[0.261 0.569 0.000 0.330 0.349]
  eval: e=0.0788  p=[0.254 0.502 0.016 0.394 0.344]
  eval: e=0.6781  p=[0.298 0.575 0.022 0.329 0.347]
  eval: e=0.0738  p=[0.261 0.544 0.004 0.333 0.350]
  eval: e=0.2886  p=[0.306 0.199 0.011 0.456 0.358]
  eval: e=0.4398  p=[0.298 0.570 0.015 0.327 0.350]
  eval: e=0.0503  p=[0.272 0.548 0.000 0.340 0.350]
  eval: e=0.0464  p=[0.279 0.559 0.000 0.327 0.352]
  eval: e=0.0425  p=[0.272 0.549 0.001 0.329 0.350]
  eval: e=0.0390  p=[0.258 0.570 0.000 0.332 0.350]
  eval: e=1.0914  p=[0.362 0.521 0.034 0.314 0.347]
  eval: e=0.0441  p=[0.261 0.569 0.000 0.325 0.350]
  eval: e=0.0598  p=[0.245 0.569 0.000 0.334 0.350]
  eval: e=0.0852  p=[0.295 0.432 0.019 0.378 0.351]
  eval: e=0.0392  p=[0.260 0.569 0.000 0.332 0.350]
  eval: e=0.0436  p=[0.257 0.565 0.000 0.332 0.350]
  eval: e=0.0535  p=[0.358 0.305 0.004 0.442 0.371]
  eval: e=0.1061  p=[0.258 0.507 0.000 0.342 0.343]
  159            8000         0.03898           2.084        0
  eval: e=52.7672  p=[0.263 0.536 0.002 0.472 0.347]
  eval: e=0.2130  p=[0.270 0.580 0.000 0.334 0.348]
  eval: e=0.0391  p=[0.261 0.568 0.000 0.332 0.350]
  eval: e=0.0391  p=[0.258 0.569 0.000 0.333 0.350]
  eval: e=0.0392  p=[0.265 0.556 0.001 0.334 0.350]
  eval: e=0.0390  p=[0.262 0.569 0.000 0.330 0.351]
  eval: e=0.0576  p=[0.265 0.569 0.000 0.335 0.349]
  eval: e=0.1039  p=[0.296 0.545 0.005 0.326 0.348]
  eval: e=4.9473  p=[0.263 0.614 0.000 0.360 0.349]
  eval: e=0.1152  p=[0.259 0.571 0.000 0.346 0.350]
  eval: e=0.0465  p=[0.262 0.571 0.004 0.334 0.349]
  eval: e=0.1198  p=[0.280 0.576 0.002 0.321 0.347]
  eval: e=0.0768  p=[0.266 0.522 0.000 0.330 0.338]
  eval: e=0.0415  p=[0.268 0.569 0.006 0.328 0.349]
  eval: e=0.2457  p=[0.294 0.317 0.000 0.401 0.352]
  eval: e=0.0400  p=[0.260 0.570 0.000 0.333 0.350]
  eval: e=0.3543  p=[0.275 0.230 0.018 0.411 0.373]
  eval: e=0.0392  p=[0.261 0.571 0.000 0.330 0.349]
  eval: e=0.0449  p=[0.260 0.570 0.000 0.333 0.346]
  eval: e=0.0390  p=[0.258 0.570 0.000 0.333 0.350]
  eval: e=0.0512  p=[0.293 0.521 0.005 0.330 0.341]
  eval: e=0.0494  p=[0.282 0.548 0.000 0.331 0.351]
  eval: e=0.1407  p=[0.264 0.540 0.015 0.316 0.349]
  eval: e=0.0525  p=[0.270 0.569 0.000 0.330 0.351]
  eval: e=0.0401  p=[0.258 0.569 0.000 0.328 0.347]
  eval: e=0.9503  p=[0.252 0.639 0.000 0.332 0.349]
  eval: e=0.0460  p=[0.270 0.568 0.002 0.328 0.350]
  eval: e=52.3030  p=[0.450 0.566 0.001 0.325 0.328]
  eval: e=0.0447  p=[0.254 0.573 0.000 0.329 0.350]
  eval: e=0.0559  p=[0.259 0.568 0.011 0.325 0.349]
  eval: e=0.0433  p=[0.266 0.567 0.000 0.331 0.350]
  eval: e=0.0390  p=[0.259 0.571 0.000 0.331 0.350]
  eval: e=0.0396  p=[0.261 0.569 0.000 0.328 0.348]
  eval: e=0.2456  p=[0.262 0.535 0.013 0.285 0.349]
  eval: e=2.5973  p=[0.307 0.566 0.019 0.344 0.348]
  eval: e=0.0910  p=[0.272 0.561 0.001 0.336 0.347]
  eval: e=67.2581  p=[0.360 0.556 0.023 0.458 0.385]
  eval: e=0.1117  p=[0.309 0.580 0.000 0.249 0.350]
  eval: e=0.1802  p=[0.252 0.511 0.013 0.336 0.350]
  eval: e=0.0495  p=[0.271 0.550 0.005 0.329 0.353]
  eval: e=0.0622  p=[0.272 0.541 0.000 0.326 0.350]
  eval: e=0.0390  p=[0.258 0.570 0.000 0.332 0.350]
  eval: e=0.9005  p=[0.473 0.398 0.014 0.292 0.346]
  eval: e=0.0520  p=[0.261 0.573 0.002 0.336 0.350]
  eval: e=0.0444  p=[0.253 0.567 0.001 0.334 0.349]
  eval: e=15.1961  p=[0.308 0.528 0.012 0.402 0.349]
  eval: e=0.0393  p=[0.260 0.569 0.000 0.332 0.350]
  eval: e=0.0463  p=[0.269 0.563 0.000 0.332 0.350]
  eval: e=62.3103  p=[0.354 0.576 0.003 0.381 0.339]
  eval: e=0.1296  p=[0.265 0.560 0.000 0.352 0.352]
  160            8050         0.03898           5.252        0
  eval: e=0.0678  p=[0.258 0.482 0.018 0.383 0.348]
  eval: e=0.0884  p=[0.269 0.575 0.000 0.330 0.348]
  eval: e=0.0390  p=[0.260 0.567 0.000 0.332 0.349]
  eval: e=0.0391  p=[0.258 0.569 0.000 0.333 0.350]
  eval: e=0.0392  p=[0.264 0.563 0.000 0.330 0.348]
  eval: e=0.0399  p=[0.263 0.569 0.000 0.330 0.350]
  eval: e=0.2902  p=[0.270 0.570 0.000 0.344 0.348]
  eval: e=0.1487  p=[0.275 0.504 0.000 0.314 0.340]
  eval: e=0.5278  p=[0.270 0.567 0.000 0.349 0.344]
  eval: e=0.0448  p=[0.247 0.568 0.012 0.345 0.351]
  eval: e=0.0444  p=[0.268 0.563 0.006 0.335 0.351]
  eval: e=0.0537  p=[0.254 0.590 0.003 0.331 0.348]
  eval: e=0.0803  p=[0.254 0.536 0.000 0.331 0.339]
  eval: e=0.0446  p=[0.268 0.568 0.000 0.329 0.349]
  eval: e=7.5767  p=[0.287 0.389 0.008 0.506 0.352]
  eval: e=0.0415  p=[0.258 0.569 0.000 0.336 0.350]
  eval: e=0.3867  p=[0.245 0.000 0.015 0.437 0.363]
  eval: e=0.0407  p=[0.265 0.568 0.000 0.330 0.350]
  eval: e=0.0400  p=[0.258 0.567 0.000 0.331 0.348]
  eval: e=0.0390  p=[0.258 0.570 0.000 0.333 0.350]
  eval: e=0.8634  p=[0.310 0.553 0.013 0.327 0.341]
  eval: e=0.0861  p=[0.262 0.537 0.000 0.334 0.354]
  eval: e=0.0477  p=[0.258 0.552 0.000 0.339 0.352]
  eval: e=0.0525  p=[0.257 0.570 0.000 0.327 0.353]
  eval: e=0.0459  p=[0.252 0.569 0.000 0.330 0.346]
  eval: e=0.3799  p=[0.260 0.612 0.000 0.331 0.350]
  eval: e=0.0427  p=[0.266 0.568 0.000 0.323 0.352]
  eval: e=4.0003  p=[0.603 0.569 0.000 0.145 0.362]
  eval: e=0.0549  p=[0.261 0.575 0.000 0.328 0.342]
  eval: e=0.0397  p=[0.264 0.568 0.009 0.327 0.345]
  eval: e=0.0415  p=[0.264 0.569 0.000 0.324 0.349]
  eval: e=0.0391  p=[0.258 0.571 0.000 0.332 0.350]
  eval: e=0.0431  p=[0.258 0.569 0.000 0.328 0.349]
  eval: e=0.2899  p=[0.270 0.544 0.000 0.245 0.352]
  eval: e=0.0769  p=[0.298 0.487 0.006 0.360 0.347]
  eval: e=0.2415  p=[0.275 0.579 0.001 0.331 0.347]
  eval: e=5.1976  p=[0.396 0.842 0.016 0.343 0.378]
  eval: e=0.0415  p=[0.349 0.566 0.014 0.247 0.346]
  eval: e=0.1888  p=[0.254 0.518 0.028 0.333 0.350]
  eval: e=0.1023  p=[0.254 0.551 0.009 0.332 0.355]
  eval: e=0.0436  p=[0.257 0.562 0.002 0.332 0.347]
  eval: e=0.0390  p=[0.258 0.570 0.000 0.332 0.350]
  eval: e=2.1482  p=[0.358 0.372 0.000 0.425 0.350]
  eval: e=0.0646  p=[0.260 0.563 0.003 0.344 0.347]
  eval: e=0.0511  p=[0.272 0.567 0.001 0.330 0.351]
  eval: e=0.1386  p=[0.249 0.547 0.016 0.321 0.343]
  eval: e=0.0390  p=[0.260 0.570 0.000 0.330 0.349]
  eval: e=0.0422  p=[0.270 0.561 0.000 0.331 0.351]
  eval: e=27.5698  p=[0.341 0.620 0.000 0.328 0.347]
  eval: e=1.3859  p=[0.280 0.548 0.000 0.362 0.343]
  161            8100         0.03898           1.061        0
  eval: e=0.3550  p=[0.265 0.404 0.021 0.269 0.344]
  eval: e=0.0606  p=[0.257 0.557 0.001 0.329 0.348]
  eval: e=0.0390  p=[0.259 0.570 0.000 0.331 0.350]
  eval: e=0.0395  p=[0.260 0.569 0.001 0.330 0.350]
  eval: e=0.0459  p=[0.261 0.578 0.000 0.328 0.348]
  eval: e=0.0394  p=[0.262 0.569 0.000 0.330 0.350]
  eval: e=0.1210  p=[0.266 0.570 0.000 0.341 0.351]
  eval: e=0.1451  p=[0.251 0.537 0.011 0.314 0.332]
  eval: e=0.1266  p=[0.272 0.509 0.000 0.320 0.339]
  eval: e=0.0908  p=[0.265 0.529 0.015 0.335 0.349]
  eval: e=0.0496  p=[0.273 0.567 0.002 0.328 0.351]
  eval: e=0.3313  p=[0.264 0.590 0.008 0.341 0.350]
  eval: e=0.0907  p=[0.246 0.556 0.000 0.330 0.346]
  eval: e=0.0392  p=[0.264 0.568 0.000 0.327 0.350]
  eval: e=0.5152  p=[0.286 0.558 0.018 0.354 0.355]
  eval: e=0.0393  p=[0.260 0.569 0.000 0.329 0.349]
  eval: e=3.7687  p=[0.309 0.871 0.020 0.437 0.351]
  eval: e=0.0401  p=[0.267 0.563 0.000 0.330 0.350]
  eval: e=0.0413  p=[0.269 0.568 0.000 0.328 0.352]
  eval: e=0.0390  p=[0.258 0.570 0.000 0.333 0.350]
  eval: e=0.2549  p=[0.311 0.538 0.006 0.329 0.352]
  eval: e=0.0400  p=[0.276 0.528 0.000 0.335 0.342]
  eval: e=0.0982  p=[0.257 0.555 0.004 0.363 0.355]
  eval: e=0.0701  p=[0.246 0.572 0.000 0.329 0.350]
  eval: e=0.0698  p=[0.272 0.568 0.000 0.333 0.352]
  eval: e=0.0806  p=[0.277 0.515 0.000 0.331 0.348]
  eval: e=0.0605  p=[0.255 0.569 0.002 0.327 0.352]
  eval: e=0.3934  p=[0.104 0.559 0.006 0.000 0.322]
  eval: e=0.0590  p=[0.262 0.575 0.000 0.325 0.340]
  eval: e=0.0646  p=[0.265 0.567 0.000 0.333 0.346]
  eval: e=0.0505  p=[0.257 0.569 0.000 0.324 0.348]
  eval: e=0.0390  p=[0.258 0.570 0.000 0.333 0.350]
  eval: e=0.0412  p=[0.258 0.567 0.000 0.331 0.350]
  eval: e=5.3339  p=[0.268 0.443 0.005 0.479 0.353]
  eval: e=0.2394  p=[0.288 0.430 0.002 0.329 0.349]
  eval: e=0.0482  p=[0.269 0.547 0.004 0.330 0.349]
  eval: e=0.0517  p=[0.293 0.403 0.000 0.435 0.370]
  eval: e=1.9600  p=[0.371 0.554 0.014 0.285 0.345]
  eval: e=0.0576  p=[0.266 0.550 0.029 0.337 0.350]
  eval: e=0.0630  p=[0.258 0.552 0.000 0.333 0.352]
  eval: e=0.2258  p=[0.270 0.578 0.007 0.335 0.345]
  eval: e=0.0390  p=[0.258 0.570 0.000 0.333 0.350]
  eval: e=0.3243  p=[0.212 0.326 0.022 0.431 0.352]
  eval: e=0.0454  p=[0.258 0.559 0.002 0.333 0.347]
  eval: e=0.0405  p=[0.276 0.566 0.001 0.321 0.351]
  eval: e=0.2636  p=[0.253 0.559 0.023 0.266 0.341]
  eval: e=0.0390  p=[0.259 0.570 0.000 0.332 0.350]
  eval: e=0.0536  p=[0.258 0.562 0.000 0.330 0.352]
  eval: e=17.2664  p=[0.335 0.543 0.009 0.385 0.364]
  eval: e=3.8124  p=[0.287 0.542 0.000 0.368 0.333]
  162            8150         0.03898          0.7441        0
  eval: e=2.8541  p=[0.270 0.540 0.019 0.389 0.335]
  eval: e=0.1218  p=[0.247 0.540 0.002 0.333 0.349]
  eval: e=0.0390  p=[0.259 0.570 0.000 0.332 0.350]
  eval: e=0.0411  p=[0.262 0.570 0.000 0.326 0.351]
  eval: e=0.0680  p=[0.261 0.586 0.000 0.329 0.349]
  eval: e=0.0406  p=[0.259 0.567 0.000 0.331 0.350]
  eval: e=0.0850  p=[0.255 0.571 0.000 0.319 0.353]
  eval: e=0.0735  p=[0.262 0.586 0.022 0.330 0.342]
  eval: e=0.2560  p=[0.264 0.506 0.000 0.292 0.349]
  eval: e=0.0524  p=[0.287 0.511 0.000 0.348 0.347]
  eval: e=0.0524  p=[0.252 0.572 0.000 0.327 0.349]
  eval: e=0.0501  p=[0.268 0.558 0.006 0.324 0.350]
  eval: e=0.0757  p=[0.260 0.554 0.000 0.327 0.353]
  eval: e=0.0433  p=[0.257 0.569 0.000 0.330 0.350]
  eval: e=0.0433  p=[0.333 0.637 0.036 0.231 0.355]
  eval: e=0.0404  p=[0.263 0.569 0.000 0.325 0.349]
  eval: e=2.0195  p=[0.309 1.000 0.000 0.352 0.340]
  eval: e=0.0434  p=[0.265 0.571 0.000 0.330 0.350]
  eval: e=0.0393  p=[0.267 0.571 0.000 0.325 0.353]
  eval: e=0.0390  p=[0.258 0.570 0.000 0.333 0.350]
  eval: e=0.1666  p=[0.249 0.535 0.000 0.330 0.359]
  eval: e=0.4740  p=[0.284 0.558 0.000 0.330 0.332]
  eval: e=2.8012  p=[0.279 0.552 0.009 0.384 0.354]
  eval: e=0.0547  p=[0.243 0.572 0.000 0.335 0.348]
  eval: e=0.0764  p=[0.282 0.571 0.000 0.325 0.357]
  eval: e=0.1972  p=[0.276 0.465 0.000 0.331 0.348]
  eval: e=0.0552  p=[0.244 0.568 0.001 0.340 0.352]
  eval: e=0.1953  p=[0.056 0.551 0.010 0.453 0.291]
  eval: e=0.0391  p=[0.259 0.576 0.000 0.325 0.346]
  eval: e=0.0427  p=[0.266 0.568 0.002 0.332 0.351]
  eval: e=0.0523  p=[0.252 0.569 0.000 0.328 0.347]
  eval: e=0.0390  p=[0.257 0.568 0.000 0.334 0.349]
  eval: e=0.0520  p=[0.263 0.568 0.000 0.336 0.350]
  eval: e=156.1858  p=[0.254 0.516 0.021 0.582 0.340]
  eval: e=0.2709  p=[0.291 0.428 0.018 0.320 0.352]
  eval: e=0.1856  p=[0.247 0.515 0.002 0.333 0.351]
  eval: e=0.3782  p=[0.184 0.000 0.001 0.534 0.341]
  eval: e=0.0568  p=[0.206 0.571 0.000 0.368 0.344]
  eval: e=4.9011  p=[0.291 0.607 0.007 0.340 0.349]
  eval: e=0.0937  p=[0.292 0.545 0.007 0.332 0.350]
  eval: e=0.5329  p=[0.287 0.566 0.001 0.336 0.348]
  eval: e=0.0390  p=[0.258 0.570 0.000 0.333 0.350]
  eval: e=0.3801  p=[0.201 0.364 0.023 0.274 0.347]
  eval: e=0.0665  p=[0.261 0.564 0.000 0.318 0.348]
  eval: e=0.0487  p=[0.258 0.569 0.000 0.324 0.349]
  eval: e=0.0750  p=[0.328 0.529 0.032 0.286 0.349]
  eval: e=0.0390  p=[0.258 0.569 0.000 0.334 0.350]
  eval: e=0.0518  p=[0.248 0.575 0.000 0.329 0.349]
  eval: e=0.2538  p=[0.288 0.247 0.017 0.480 0.375]
  eval: e=0.0671  p=[0.257 0.539 0.000 0.335 0.345]
  163            8200         0.03897           3.479        0
  eval: e=131.5488  p=[0.275 0.614 0.018 0.508 0.331]
  eval: e=0.0419  p=[0.271 0.537 0.001 0.337 0.348]
  eval: e=0.0392  p=[0.260 0.570 0.000 0.332 0.350]
  eval: e=0.0391  p=[0.264 0.570 0.000 0.329 0.352]
  eval: e=0.0541  p=[0.266 0.570 0.000 0.332 0.350]
  eval: e=0.0400  p=[0.258 0.569 0.000 0.332 0.351]
  eval: e=0.1381  p=[0.245 0.568 0.000 0.315 0.352]
  eval: e=3.4367  p=[0.302 0.603 0.021 0.341 0.361]
  eval: e=0.1946  p=[0.252 0.512 0.000 0.333 0.358]
  eval: e=0.0409  p=[0.269 0.512 0.013 0.365 0.352]
  eval: e=0.0702  p=[0.240 0.569 0.000 0.335 0.348]
  eval: e=0.1603  p=[0.285 0.506 0.004 0.309 0.350]
  eval: e=0.0994  p=[0.295 0.548 0.000 0.325 0.350]
  eval: e=0.0395  p=[0.254 0.569 0.000 0.335 0.350]
  eval: e=0.2968  p=[0.319 0.686 0.009 0.108 0.349]
  eval: e=0.0391  p=[0.258 0.569 0.000 0.334 0.350]
  eval: e=0.3913  p=[0.254 0.000 0.037 0.327 0.337]
  eval: e=0.0437  p=[0.252 0.572 0.000 0.332 0.351]
  eval: e=0.0406  p=[0.253 0.572 0.000 0.333 0.350]
  eval: e=0.0390  p=[0.258 0.570 0.000 0.333 0.350]
  eval: e=0.2471  p=[0.221 0.511 0.003 0.332 0.343]
  eval: e=0.0636  p=[0.245 0.572 0.000 0.331 0.349]
  eval: e=0.0404  p=[0.269 0.532 0.004 0.349 0.349]
  eval: e=0.2457  p=[0.278 0.570 0.000 0.336 0.350]
  eval: e=0.0597  p=[0.271 0.571 0.000 0.329 0.352]
  eval: e=0.0690  p=[0.254 0.594 0.000 0.331 0.349]
  eval: e=0.1014  p=[0.270 0.568 0.000 0.336 0.349]
  eval: e=43.0746  p=[0.471 0.577 0.000 0.735 0.368]
  eval: e=0.0441  p=[0.256 0.577 0.000 0.329 0.354]
  eval: e=0.0462  p=[0.265 0.569 0.011 0.324 0.350]
  eval: e=0.0392  p=[0.259 0.569 0.000 0.331 0.349]
  eval: e=0.0390  p=[0.258 0.570 0.000 0.333 0.350]
  eval: e=0.1028  p=[0.264 0.571 0.000 0.340 0.349]
  eval: e=1.5763  p=[0.247 0.576 0.008 0.379 0.340]
  eval: e=44.8739  p=[0.346 0.630 0.021 0.352 0.354]
  eval: e=0.1008  p=[0.244 0.551 0.001 0.336 0.351]
  eval: e=27.8709  p=[0.270 0.846 0.022 0.413 0.339]
  eval: e=0.2446  p=[0.164 0.589 0.004 0.344 0.347]
  eval: e=0.5075  p=[0.288 0.555 0.000 0.343 0.349]
  eval: e=0.1521  p=[0.294 0.556 0.008 0.326 0.348]
  eval: e=0.0999  p=[0.260 0.543 0.000 0.327 0.352]
  eval: e=0.0390  p=[0.258 0.570 0.000 0.333 0.350]
  eval: e=0.3266  p=[0.607 0.322 0.018 0.228 0.344]
  eval: e=0.0393  p=[0.261 0.578 0.001 0.322 0.349]
  eval: e=0.0630  p=[0.239 0.571 0.000 0.339 0.351]
  eval: e=0.2533  p=[0.323 0.403 0.019 0.421 0.359]
  eval: e=0.0390  p=[0.256 0.569 0.000 0.337 0.351]
  eval: e=0.0860  p=[0.266 0.576 0.000 0.330 0.346]
  eval: e=0.3844  p=[0.222 0.000 0.002 0.483 0.367]
  eval: e=0.2966  p=[0.232 0.523 0.000 0.302 0.361]
  164            8250         0.03896           5.158        0
  eval: e=39.9121  p=[0.262 0.550 0.020 0.464 0.353]
  eval: e=0.5032  p=[0.276 0.582 0.000 0.335 0.348]
  eval: e=0.0394  p=[0.260 0.570 0.000 0.332 0.350]
  eval: e=0.0399  p=[0.260 0.569 0.000 0.334 0.351]
  eval: e=0.0468  p=[0.258 0.549 0.000 0.340 0.351]
  eval: e=0.0405  p=[0.258 0.572 0.000 0.330 0.351]
  eval: e=0.0513  p=[0.254 0.566 0.000 0.330 0.349]
  eval: e=0.0466  p=[0.304 0.505 0.000 0.331 0.357]
  eval: e=4.1980  p=[0.267 0.566 0.000 0.390 0.355]
  eval: e=0.0756  p=[0.250 0.530 0.021 0.363 0.355]
  eval: e=0.0419  p=[0.257 0.564 0.003 0.341 0.348]
  eval: e=0.0883  p=[0.274 0.537 0.001 0.314 0.345]
  eval: e=1.8911  p=[0.323 0.536 0.000 0.332 0.339]
  eval: e=0.0394  p=[0.264 0.569 0.000 0.328 0.349]
  eval: e=0.0908  p=[0.290 0.551 0.000 0.286 0.343]
  eval: e=0.0403  p=[0.253 0.570 0.000 0.340 0.350]
  eval: e=42.9480  p=[0.279 0.827 0.074 0.392 0.372]
  eval: e=0.0482  p=[0.251 0.566 0.000 0.335 0.350]
  eval: e=0.0399  p=[0.253 0.566 0.000 0.339 0.347]
  eval: e=0.0390  p=[0.258 0.570 0.000 0.333 0.350]
  eval: e=1.6643  p=[0.313 0.547 0.010 0.333 0.337]
  eval: e=0.0797  p=[0.248 0.566 0.000 0.336 0.359]
  eval: e=0.2139  p=[0.247 0.531 0.000 0.306 0.344]
  eval: e=0.2791  p=[0.294 0.566 0.000 0.326 0.353]
  eval: e=0.0556  p=[0.244 0.569 0.000 0.332 0.344]
  eval: e=4.2534  p=[0.243 0.693 0.000 0.332 0.351]
  eval: e=0.1223  p=[0.289 0.567 0.000 0.318 0.347]
  eval: e=20.0736  p=[0.762 0.590 0.001 0.583 0.407]
  eval: e=0.0391  p=[0.259 0.570 0.000 0.333 0.351]
  eval: e=0.0502  p=[0.262 0.569 0.005 0.319 0.346]
  eval: e=0.0572  p=[0.265 0.570 0.000 0.335 0.351]
  eval: e=0.0390  p=[0.259 0.571 0.000 0.332 0.350]
  eval: e=0.1004  p=[0.263 0.570 0.000 0.341 0.349]
  eval: e=0.3478  p=[0.246 0.625 0.000 0.151 0.346]
  eval: e=39.5832  p=[0.361 0.748 0.008 0.358 0.347]
  eval: e=1.2825  p=[0.280 0.594 0.003 0.338 0.349]
  eval: e=57.4035  p=[0.356 0.693 0.037 0.366 0.360]
  eval: e=0.3560  p=[0.217 0.566 0.010 0.209 0.351]
  eval: e=0.1182  p=[0.284 0.492 0.023 0.340 0.351]
  eval: e=0.0580  p=[0.282 0.558 0.001 0.328 0.353]
  eval: e=0.2179  p=[0.243 0.523 0.006 0.321 0.349]
  eval: e=0.0390  p=[0.258 0.570 0.000 0.333 0.350]
  eval: e=7.6867  p=[0.772 0.316 0.000 0.318 0.343]
  eval: e=0.0678  p=[0.258 0.587 0.001 0.333 0.350]
  eval: e=0.0534  p=[0.248 0.571 0.001 0.335 0.353]
  eval: e=0.0792  p=[0.238 0.360 0.002 0.485 0.356]
  eval: e=0.0389  p=[0.253 0.569 0.000 0.340 0.352]
  eval: e=0.1144  p=[0.278 0.565 0.000 0.331 0.349]
  eval: e=0.2231  p=[0.255 0.265 0.000 0.488 0.355]
  eval: e=0.0426  p=[0.271 0.539 0.000 0.357 0.369]
  165            8300         0.03894           4.499        0
  eval: e=0.3617  p=[0.245 0.462 0.011 0.254 0.366]
  eval: e=0.0406  p=[0.241 0.589 0.001 0.334 0.349]
  eval: e=0.0395  p=[0.256 0.570 0.000 0.332 0.349]
  eval: e=0.0401  p=[0.256 0.569 0.001 0.336 0.348]
  eval: e=0.0631  p=[0.252 0.537 0.000 0.348 0.350]
  eval: e=0.0390  p=[0.259 0.573 0.000 0.329 0.349]
  eval: e=0.3046  p=[0.266 0.567 0.000 0.351 0.349]
  eval: e=0.3133  p=[0.249 0.438 0.011 0.301 0.329]
  eval: e=67.4801  p=[0.279 0.622 0.000 0.413 0.345]
  eval: e=0.2339  p=[0.269 0.602 0.010 0.331 0.355]
  eval: e=0.1744  p=[0.277 0.560 0.003 0.342 0.351]
  eval: e=0.9970  p=[0.274 0.593 0.000 0.335 0.343]
  eval: e=0.0756  p=[0.277 0.527 0.000 0.335 0.329]
  eval: e=0.0393  p=[0.269 0.568 0.000 0.323 0.349]
  eval: e=4.1962  p=[0.240 0.510 0.052 0.468 0.351]
  eval: e=0.0396  p=[0.264 0.570 0.000 0.325 0.350]
  eval: e=0.3136  p=[0.330 1.000 0.001 0.474 0.409]
  eval: e=0.0391  p=[0.256 0.561 0.000 0.342 0.350]
  eval: e=0.0447  p=[0.256 0.564 0.000 0.342 0.349]
  eval: e=0.0464  p=[0.258 0.569 0.000 0.341 0.352]
  eval: e=2.5387  p=[0.331 0.552 0.010 0.329 0.349]
  eval: e=0.0691  p=[0.264 0.526 0.000 0.337 0.345]
  eval: e=0.2125  p=[0.255 0.533 0.003 0.299 0.345]
  eval: e=0.0421  p=[0.271 0.570 0.001 0.318 0.353]
  eval: e=0.0598  p=[0.251 0.567 0.000 0.330 0.350]
  eval: e=0.0744  p=[0.265 0.540 0.000 0.331 0.352]
  eval: e=0.1130  p=[0.252 0.567 0.001 0.316 0.352]
  eval: e=0.8283  p=[0.725 0.602 0.006 0.076 0.413]
  eval: e=0.0519  p=[0.263 0.562 0.000 0.339 0.348]
  eval: e=0.1070  p=[0.260 0.568 0.000 0.339 0.341]
  eval: e=0.0660  p=[0.264 0.570 0.000 0.338 0.352]
  eval: e=0.0398  p=[0.259 0.571 0.000 0.333 0.350]
  eval: e=0.0450  p=[0.255 0.568 0.000 0.330 0.349]
  eval: e=0.3914  p=[0.284 0.404 0.000 0.022 0.351]
  eval: e=0.3052  p=[0.259 0.401 0.014 0.338 0.343]
  eval: e=0.9963  p=[0.283 0.594 0.003 0.329 0.346]
  eval: e=3.7813  p=[0.419 0.354 0.000 0.444 0.404]
  eval: e=0.3720  p=[0.291 0.543 0.008 0.103 0.353]
  eval: e=0.1214  p=[0.247 0.553 0.024 0.335 0.352]
  eval: e=0.1055  p=[0.257 0.548 0.000 0.330 0.358]
  eval: e=0.1936  p=[0.251 0.510 0.011 0.329 0.345]
  eval: e=0.0390  p=[0.258 0.569 0.000 0.333 0.350]
  eval: e=31.6349  p=[0.760 0.553 0.012 0.476 0.354]
  eval: e=0.0483  p=[0.253 0.583 0.000 0.337 0.351]
  eval: e=0.0580  p=[0.280 0.570 0.001 0.322 0.352]
  eval: e=2.3329  p=[0.162 0.603 0.000 0.442 0.331]
  eval: e=0.0389  p=[0.251 0.569 0.000 0.343 0.352]
  eval: e=0.1106  p=[0.284 0.555 0.000 0.337 0.356]
  eval: e=3.3390  p=[0.365 0.863 0.002 0.382 0.337]
  eval: e=28.4073  p=[0.312 0.547 0.000 0.384 0.328]
  166            8350         0.03892           3.028        0
  eval: e=0.3913  p=[0.240 0.314 0.020 0.147 0.357]
  eval: e=0.1160  p=[0.243 0.553 0.001 0.333 0.351]
  eval: e=0.0391  p=[0.259 0.570 0.000 0.331 0.350]
  eval: e=0.0432  p=[0.255 0.574 0.000 0.325 0.347]
  eval: e=0.0443  p=[0.257 0.553 0.000 0.352 0.352]
  eval: e=0.0409  p=[0.261 0.574 0.000 0.327 0.347]
  eval: e=0.2280  p=[0.275 0.571 0.000 0.338 0.351]
  eval: e=0.2297  p=[0.228 0.499 0.026 0.319 0.310]
  eval: e=0.1351  p=[0.266 0.583 0.000 0.323 0.338]
  eval: e=5.0861  p=[0.288 0.676 0.000 0.297 0.346]
  eval: e=0.0429  p=[0.267 0.574 0.002 0.328 0.353]
  eval: e=10.5428  p=[0.289 0.598 0.003 0.365 0.353]
  eval: e=0.2092  p=[0.218 0.529 0.000 0.334 0.340]
  eval: e=0.0460  p=[0.257 0.570 0.000 0.327 0.350]
  eval: e=0.1497  p=[0.328 0.567 0.045 0.257 0.364]
  eval: e=0.0398  p=[0.272 0.569 0.000 0.321 0.349]
  eval: e=0.3587  p=[0.275 0.027 0.000 0.559 0.397]
  eval: e=0.0482  p=[0.263 0.564 0.000 0.338 0.350]
  eval: e=0.0421  p=[0.269 0.576 0.000 0.323 0.352]
  eval: e=0.0397  p=[0.258 0.569 0.000 0.338 0.353]
  eval: e=0.0731  p=[0.267 0.550 0.005 0.328 0.357]
  eval: e=1.0960  p=[0.294 0.553 0.000 0.333 0.331]
  eval: e=3.3932  p=[0.293 0.553 0.011 0.374 0.356]
  eval: e=0.1159  p=[0.236 0.573 0.000 0.326 0.351]
  eval: e=0.0456  p=[0.267 0.568 0.000 0.325 0.357]
  eval: e=0.2599  p=[0.291 0.403 0.000 0.333 0.347]
  eval: e=0.1301  p=[0.230 0.569 0.002 0.336 0.356]
  eval: e=0.1921  p=[0.437 0.602 0.012 0.000 0.242]
  eval: e=0.0408  p=[0.266 0.561 0.000 0.329 0.352]
  eval: e=0.1640  p=[0.261 0.571 0.006 0.347 0.347]
  eval: e=0.0571  p=[0.260 0.569 0.000 0.339 0.348]
  eval: e=0.0566  p=[0.249 0.568 0.000 0.335 0.352]
  eval: e=0.0675  p=[0.257 0.572 0.000 0.318 0.349]
  eval: e=0.3456  p=[0.282 0.307 0.030 0.342 0.346]
  eval: e=0.3920  p=[0.181 0.096 0.008 0.323 0.350]
  eval: e=0.0924  p=[0.249 0.566 0.001 0.319 0.345]
  eval: e=0.2879  p=[0.369 0.000 0.007 0.526 0.354]
  eval: e=29.0963  p=[0.378 0.559 0.002 0.345 0.350]
  eval: e=0.0392  p=[0.246 0.594 0.006 0.331 0.351]
  eval: e=0.1633  p=[0.236 0.564 0.006 0.331 0.362]
  eval: e=4.1871  p=[0.291 0.602 0.002 0.337 0.347]
  eval: e=0.0447  p=[0.251 0.569 0.000 0.337 0.352]
  eval: e=7.6256  p=[0.000 0.819 0.031 0.538 0.354]
  eval: e=0.0499  p=[0.264 0.572 0.000 0.317 0.349]
  eval: e=0.0434  p=[0.280 0.568 0.001 0.315 0.348]
  eval: e=0.2883  p=[0.162 0.705 0.016 0.252 0.339]
  eval: e=0.0389  p=[0.249 0.568 0.000 0.346 0.353]
  eval: e=0.0463  p=[0.252 0.569 0.001 0.346 0.351]
  eval: e=2.4155  p=[0.477 0.813 0.009 0.366 0.363]
  eval: e=0.1693  p=[0.293 0.472 0.000 0.344 0.303]
  167            8400          0.0389           1.378        0
  eval: e=0.0498  p=[0.278 0.348 0.009 0.448 0.334]
  eval: e=0.0472  p=[0.285 0.519 0.000 0.332 0.348]
  eval: e=0.0401  p=[0.262 0.570 0.000 0.332 0.351]
  eval: e=0.0399  p=[0.263 0.571 0.000 0.327 0.352]
  eval: e=0.0555  p=[0.270 0.593 0.001 0.315 0.351]
  eval: e=0.0417  p=[0.262 0.572 0.000 0.331 0.350]
  eval: e=0.0958  p=[0.258 0.573 0.000 0.310 0.353]
  eval: e=20.8527  p=[0.297 0.629 0.000 0.344 0.340]
  eval: e=0.3552  p=[0.244 0.443 0.000 0.256 0.345]
  eval: e=0.1902  p=[0.267 0.393 0.014 0.390 0.340]
  eval: e=0.0986  p=[0.249 0.577 0.000 0.318 0.354]
  eval: e=10.0043  p=[0.306 0.585 0.009 0.361 0.356]
  eval: e=0.1458  p=[0.244 0.558 0.000 0.324 0.355]
  eval: e=0.0759  p=[0.241 0.570 0.000 0.334 0.352]
  eval: e=0.3610  p=[0.333 0.682 0.000 0.041 0.375]
  eval: e=0.0473  p=[0.266 0.568 0.000 0.331 0.349]
  eval: e=0.3928  p=[0.232 0.000 0.020 0.284 0.323]
  eval: e=0.0394  p=[0.263 0.571 0.000 0.329 0.350]
  eval: e=0.0396  p=[0.272 0.572 0.000 0.320 0.354]
  eval: e=0.0526  p=[0.259 0.569 0.000 0.323 0.350]
  eval: e=0.1754  p=[0.207 0.543 0.000 0.351 0.343]
  eval: e=7.6251  p=[0.320 0.571 0.000 0.331 0.334]
  eval: e=40.5009  p=[0.295 0.575 0.018 0.428 0.364]
  eval: e=0.0816  p=[0.262 0.570 0.000 0.341 0.350]
  eval: e=0.0707  p=[0.280 0.575 0.000 0.326 0.359]
  eval: e=0.2234  p=[0.282 0.434 0.000 0.335 0.345]
  eval: e=0.5708  p=[0.257 0.569 0.002 0.371 0.355]
  eval: e=0.3149  p=[0.000 0.520 0.007 0.415 0.245]
  eval: e=0.0508  p=[0.263 0.575 0.000 0.321 0.355]
  eval: e=0.0743  p=[0.261 0.575 0.011 0.319 0.356]
  eval: e=0.0398  p=[0.242 0.568 0.000 0.347 0.349]
  eval: e=0.0452  p=[0.249 0.565 0.000 0.351 0.352]
  eval: e=0.0468  p=[0.263 0.567 0.000 0.339 0.354]
  eval: e=86.4743  p=[0.244 0.297 0.041 0.722 0.342]
  eval: e=0.3268  p=[0.269 0.389 0.000 0.323 0.354]
  eval: e=0.2453  p=[0.230 0.515 0.000 0.333 0.356]
  eval: e=4.3440  p=[0.243 0.882 0.008 0.508 0.300]
  eval: e=72.1318  p=[0.390 0.583 0.000 0.500 0.347]
  eval: e=0.7412  p=[0.256 0.635 0.000 0.326 0.347]
  eval: e=0.0666  p=[0.261 0.576 0.005 0.344 0.357]
  eval: e=8.4096  p=[0.275 0.652 0.000 0.339 0.354]
  eval: e=0.0408  p=[0.255 0.569 0.000 0.338 0.349]
  eval: e=0.2805  p=[0.247 0.508 0.021 0.297 0.343]
  eval: e=0.0848  p=[0.273 0.558 0.001 0.304 0.346]
  eval: e=0.0541  p=[0.256 0.567 0.000 0.325 0.348]
  eval: e=0.3446  p=[0.373 0.320 0.014 0.258 0.363]
  eval: e=0.0389  p=[0.246 0.568 0.000 0.350 0.354]
  eval: e=0.0819  p=[0.217 0.584 0.000 0.343 0.346]
  eval: e=0.1603  p=[0.479 0.000 0.015 0.522 0.397]
  eval: e=0.3385  p=[0.211 0.399 0.000 0.302 0.300]
  168            8450         0.03888            5.14        0
  eval: e=91.2566  p=[0.295 0.576 0.014 0.663 0.337]
  eval: e=0.4418  p=[0.316 0.523 0.001 0.333 0.345]
  eval: e=0.0395  p=[0.260 0.569 0.000 0.333 0.350]
  eval: e=0.0515  p=[0.266 0.564 0.000 0.340 0.355]
  eval: e=0.1205  p=[0.261 0.616 0.000 0.316 0.349]
  eval: e=0.0390  p=[0.259 0.571 0.000 0.333 0.353]
  eval: e=0.1633  p=[0.240 0.567 0.000 0.313 0.352]
  eval: e=11.6257  p=[0.359 0.591 0.015 0.345 0.389]
  eval: e=0.2945  p=[0.261 0.456 0.000 0.317 0.359]
  eval: e=0.3654  p=[0.237 0.133 0.021 0.462 0.349]
  eval: e=0.0707  p=[0.243 0.565 0.001 0.337 0.351]
  eval: e=0.2197  p=[0.251 0.537 0.008 0.298 0.343]
  eval: e=0.9512  p=[0.303 0.591 0.000 0.323 0.362]
  eval: e=0.0599  p=[0.244 0.569 0.000 0.338 0.353]
  eval: e=0.2504  p=[0.302 0.612 0.020 0.198 0.351]
  eval: e=0.0442  p=[0.255 0.568 0.000 0.341 0.349]
  eval: e=0.3636  p=[0.264 0.287 0.034 0.266 0.282]
  eval: e=0.0526  p=[0.257 0.568 0.000 0.325 0.350]
  eval: e=0.0982  p=[0.249 0.561 0.000 0.324 0.350]
  eval: e=0.0401  p=[0.244 0.569 0.000 0.349 0.349]
  eval: e=0.1438  p=[0.280 0.527 0.006 0.346 0.335]
  eval: e=0.1664  p=[0.272 0.581 0.000 0.335 0.354]
  eval: e=0.5179  p=[0.261 0.579 0.000 0.348 0.342]
  eval: e=0.5364  p=[0.287 0.566 0.000 0.337 0.350]
  eval: e=0.0456  p=[0.262 0.571 0.000 0.330 0.359]
  eval: e=22.9132  p=[0.243 0.752 0.000 0.333 0.348]
  eval: e=3.2612  p=[0.298 0.567 0.001 0.348 0.345]
  eval: e=73.2605  p=[0.683 0.472 0.002 0.633 0.406]
  eval: e=0.2492  p=[0.249 0.582 0.000 0.362 0.357]
  eval: e=0.1325  p=[0.258 0.564 0.004 0.313 0.357]
  eval: e=0.0434  p=[0.254 0.570 0.000 0.331 0.350]
  eval: e=0.0446  p=[0.257 0.564 0.000 0.342 0.349]
  eval: e=0.2698  p=[0.267 0.566 0.000 0.350 0.350]
  eval: e=232.6870  p=[0.211 0.442 0.038 1.000 0.348]
  eval: e=0.3001  p=[0.442 0.983 0.009 0.342 0.355]
  eval: e=0.0613  p=[0.285 0.543 0.004 0.347 0.366]
  eval: e=88.9018  p=[0.181 0.835 0.017 0.474 0.291]
  eval: e=0.2023  p=[0.284 0.599 0.002 0.305 0.345]
  eval: e=0.3534  p=[0.259 0.618 0.004 0.325 0.346]
  eval: e=8.2086  p=[0.291 0.582 0.004 0.363 0.347]
  eval: e=0.2258  p=[0.241 0.527 0.005 0.321 0.353]
  eval: e=0.0556  p=[0.264 0.570 0.000 0.332 0.347]
  eval: e=0.2178  p=[0.805 0.000 0.009 0.191 0.341]
  eval: e=0.0494  p=[0.267 0.558 0.001 0.338 0.349]
  eval: e=0.0805  p=[0.236 0.568 0.001 0.340 0.352]
  eval: e=0.3372  p=[0.390 0.276 0.016 0.294 0.373]
  eval: e=0.0389  p=[0.243 0.568 0.000 0.354 0.355]
  eval: e=0.0430  p=[0.251 0.587 0.000 0.320 0.346]
  eval: e=0.3556  p=[0.102 0.337 0.011 0.523 0.389]
  eval: e=0.3248  p=[0.150 0.578 0.000 0.333 0.370]
  169            8500         0.03887           10.81        0
  eval: e=4.3110  p=[0.255 0.740 0.027 0.745 0.347]
  eval: e=0.0424  p=[0.231 0.595 0.001 0.336 0.346]
  eval: e=0.0390  p=[0.257 0.569 0.000 0.333 0.349]
  eval: e=0.1400  p=[0.264 0.563 0.000 0.349 0.350]
  eval: e=0.0462  p=[0.253 0.562 0.000 0.333 0.346]
  eval: e=0.0958  p=[0.234 0.567 0.000 0.339 0.352]
  eval: e=0.0438  p=[0.235 0.562 0.000 0.367 0.351]
  eval: e=0.2533  p=[0.271 0.503 0.029 0.330 0.380]
  eval: e=57.0410  p=[0.267 0.618 0.000 0.435 0.366]
  eval: e=0.3916  p=[0.260 0.141 0.000 0.235 0.359]
  eval: e=0.3738  p=[0.271 0.564 0.002 0.346 0.344]
  eval: e=0.3517  p=[0.196 0.507 0.003 0.258 0.336]
  eval: e=3.0973  p=[0.341 0.530 0.000 0.325 0.337]
  eval: e=0.0510  p=[0.271 0.569 0.000 0.328 0.351]
  eval: e=106.3112  p=[0.266 0.506 0.046 0.526 0.326]
  eval: e=0.0625  p=[0.245 0.570 0.000 0.333 0.350]
  eval: e=0.3624  p=[0.338 0.958 0.000 0.468 0.409]
  eval: e=0.0636  p=[0.253 0.565 0.000 0.329 0.352]
  eval: e=0.0459  p=[0.249 0.563 0.000 0.338 0.347]
  eval: e=0.0831  p=[0.258 0.570 0.000 0.344 0.349]
  eval: e=0.7094  p=[0.355 0.540 0.010 0.303 0.358]
  eval: e=0.2654  p=[0.210 0.530 0.000 0.336 0.360]
  eval: e=0.3280  p=[0.237 0.522 0.007 0.242 0.334]
  eval: e=0.2348  p=[0.300 0.565 0.000 0.317 0.351]
  eval: e=0.0549  p=[0.241 0.568 0.000 0.331 0.338]
  eval: e=0.1234  p=[0.220 0.661 0.000 0.332 0.352]
  eval: e=0.0433  p=[0.293 0.568 0.001 0.292 0.347]
  eval: e=29.1432  p=[0.775 0.498 0.000 0.608 0.515]
  eval: e=0.0532  p=[0.241 0.566 0.000 0.363 0.353]
  eval: e=0.0484  p=[0.260 0.554 0.000 0.351 0.355]
  eval: e=0.0393  p=[0.260 0.571 0.000 0.331 0.352]
  eval: e=0.0567  p=[0.267 0.577 0.000 0.306 0.347]
  eval: e=0.0457  p=[0.258 0.569 0.000 0.323 0.345]
  eval: e=76.0937  p=[0.253 0.644 0.000 0.600 0.351]
  eval: e=0.4449  p=[0.359 1.000 0.034 0.360 0.351]
  eval: e=2.5719  p=[0.307 0.588 0.008 0.335 0.359]
  eval: e=0.3949  p=[0.226 0.000 0.029 0.259 0.372]
  eval: e=0.3872  p=[0.223 0.560 0.010 0.049 0.348]
  eval: e=0.0614  p=[0.244 0.569 0.006 0.347 0.361]
  eval: e=1.2663  p=[0.294 0.545 0.000 0.346 0.337]
  eval: e=0.3413  p=[0.229 0.421 0.004 0.316 0.348]
  eval: e=0.0428  p=[0.266 0.570 0.000 0.326 0.347]
  eval: e=9.3033  p=[0.276 0.667 0.000 0.327 0.347]
  eval: e=0.2807  p=[0.229 0.584 0.001 0.381 0.356]
  eval: e=0.0641  p=[0.267 0.570 0.001 0.337 0.354]
  eval: e=1.3270  p=[0.169 0.486 0.014 0.534 0.360]
  eval: e=0.0389  p=[0.239 0.568 0.000 0.359 0.356]
  eval: e=0.8812  p=[0.315 0.581 0.000 0.307 0.349]
  eval: e=0.2604  p=[0.000 0.839 0.000 0.374 0.336]
  eval: e=1.3996  p=[0.242 0.647 0.000 0.391 0.408]
  170            8550         0.03886            5.99        0
  eval: e=0.3300  p=[0.227 0.644 0.011 0.347 0.352]
  eval: e=0.0435  p=[0.185 0.673 0.000 0.345 0.357]
  eval: e=0.0443  p=[0.255 0.574 0.000 0.327 0.349]
  eval: e=0.0401  p=[0.253 0.567 0.000 0.332 0.345]
  eval: e=0.0930  p=[0.258 0.507 0.000 0.349 0.345]
  eval: e=0.0751  p=[0.248 0.567 0.000 0.325 0.347]
  eval: e=0.4312  p=[0.301 0.566 0.000 0.321 0.348]
  eval: e=0.3611  p=[0.173 0.437 0.034 0.310 0.327]
  eval: e=22.3051  p=[0.278 0.644 0.002 0.351 0.337]
  eval: e=1.5264  p=[0.291 0.798 0.006 0.219 0.351]
  eval: e=0.1616  p=[0.274 0.563 0.001 0.341 0.351]
  eval: e=0.0565  p=[0.223 0.541 0.000 0.378 0.352]
  eval: e=0.0515  p=[0.281 0.498 0.000 0.332 0.329]
  eval: e=0.0902  p=[0.286 0.569 0.000 0.317 0.348]
  eval: e=116.4143  p=[0.277 0.588 0.035 0.504 0.353]
  eval: e=0.0455  p=[0.261 0.571 0.000 0.323 0.350]
  eval: e=3.7402  p=[0.352 0.718 0.010 0.699 0.493]
  eval: e=0.0436  p=[0.252 0.568 0.000 0.337 0.352]
  eval: e=0.3419  p=[0.276 0.570 0.000 0.337 0.346]
  eval: e=0.0494  p=[0.274 0.571 0.000 0.308 0.351]
  eval: e=0.0815  p=[0.318 0.537 0.008 0.297 0.367]
  eval: e=0.2865  p=[0.209 0.483 0.000 0.337 0.339]
  eval: e=0.2087  p=[0.291 0.477 0.014 0.320 0.358]
  eval: e=0.1386  p=[0.251 0.574 0.000 0.305 0.352]
  eval: e=0.0483  p=[0.231 0.567 0.000 0.353 0.334]
  eval: e=0.2988  p=[0.252 0.433 0.000 0.332 0.352]
  eval: e=0.2513  p=[0.260 0.571 0.001 0.259 0.351]
  eval: e=0.3436  p=[0.533 0.553 0.011 0.000 0.413]
  eval: e=0.1393  p=[0.261 0.553 0.000 0.303 0.347]
  eval: e=1.1031  p=[0.262 0.563 0.012 0.373 0.344]
  eval: e=0.0473  p=[0.263 0.570 0.000 0.333 0.349]
  eval: e=0.0963  p=[0.269 0.583 0.000 0.291 0.351]
  eval: e=0.1074  p=[0.251 0.573 0.000 0.311 0.349]
  eval: e=0.3660  p=[0.322 0.712 0.001 0.000 0.353]
  eval: e=0.3262  p=[0.138 0.542 0.026 0.345 0.340]
  eval: e=9.6584  p=[0.316 0.606 0.007 0.322 0.337]
  eval: e=34.5575  p=[0.373 0.651 0.022 0.464 0.447]
  eval: e=0.3727  p=[0.332 0.529 0.021 0.074 0.353]
  eval: e=0.2261  p=[0.232 0.520 0.009 0.355 0.372]
  eval: e=0.1759  p=[0.284 0.543 0.007 0.280 0.347]
  eval: e=0.2776  p=[0.271 0.420 0.000 0.328 0.344]
  eval: e=0.0583  p=[0.247 0.568 0.000 0.345 0.362]
  eval: e=16.6564  p=[0.000 1.000 0.023 0.492 0.356]
  eval: e=0.1334  p=[0.227 0.602 0.001 0.321 0.361]
  eval: e=0.4931  p=[0.296 0.572 0.000 0.325 0.350]
  eval: e=49.5808  p=[0.141 0.626 0.004 0.514 0.334]
  eval: e=0.0389  p=[0.235 0.567 0.000 0.364 0.357]
  eval: e=0.1329  p=[0.275 0.558 0.000 0.302 0.361]
  eval: e=19.4742  p=[0.633 0.546 0.002 0.231 0.317]
  eval: e=65.8695  p=[0.413 0.554 0.000 0.369 0.332]
  171            8600         0.03886           6.956        0
  eval: e=0.3929  p=[0.264 0.414 0.008 0.000 0.354]
  eval: e=4.2490  p=[0.313 0.581 0.000 0.341 0.359]
  eval: e=0.0389  p=[0.236 0.569 0.000 0.358 0.355]
  eval: e=0.0637  p=[0.260 0.575 0.000 0.312 0.347]
  eval: e=0.0421  p=[0.275 0.554 0.000 0.323 0.350]
  eval: e=0.0433  p=[0.270 0.573 0.000 0.312 0.347]
  eval: e=0.0792  p=[0.278 0.574 0.000 0.289 0.346]
  eval: e=0.1511  p=[0.175 0.631 0.012 0.305 0.305]
  eval: e=0.0608  p=[0.262 0.639 0.000 0.260 0.333]
  eval: e=6.6616  p=[0.241 1.000 0.010 0.403 0.341]
  eval: e=0.0992  p=[0.253 0.569 0.002 0.321 0.356]
  eval: e=63.9525  p=[0.292 0.593 0.003 0.438 0.365]
  eval: e=0.2811  p=[0.199 0.510 0.000 0.336 0.343]
  eval: e=0.0738  p=[0.278 0.570 0.000 0.323 0.349]
  eval: e=0.3825  p=[0.287 0.685 0.000 0.000 0.380]
  eval: e=0.1012  p=[0.277 0.569 0.000 0.328 0.349]
  eval: e=0.3154  p=[0.311 0.214 0.021 0.523 0.452]
  eval: e=0.0767  p=[0.263 0.568 0.000 0.342 0.352]
  eval: e=0.0406  p=[0.255 0.576 0.000 0.338 0.360]
  eval: e=0.1052  p=[0.261 0.569 0.000 0.306 0.351]
  eval: e=0.2739  p=[0.233 0.513 0.000 0.329 0.369]
  eval: e=6.9921  p=[0.372 0.492 0.000 0.332 0.328]
  eval: e=32.3899  p=[0.320 0.526 0.009 0.445 0.382]
  eval: e=0.1562  p=[0.216 0.579 0.000 0.330 0.350]
  eval: e=0.1998  p=[0.283 0.573 0.000 0.334 0.359]
  eval: e=0.2943  p=[0.311 0.351 0.000 0.330 0.348]
  eval: e=0.0388  p=[0.231 0.570 0.001 0.364 0.354]
  eval: e=147.2476  p=[0.000 0.634 0.019 0.601 0.142]
  eval: e=0.1239  p=[0.283 0.545 0.000 0.292 0.348]
  eval: e=0.0410  p=[0.237 0.579 0.017 0.341 0.337]
  eval: e=0.0391  p=[0.256 0.569 0.000 0.333 0.347]
  eval: e=0.2123  p=[0.251 0.563 0.000 0.370 0.355]
  eval: e=0.0414  p=[0.263 0.568 0.000 0.336 0.355]
  eval: e=53.2311  p=[0.342 0.599 0.020 0.664 0.344]
  eval: e=0.3906  p=[0.233 0.000 0.004 0.355 0.340]
  eval: e=0.1124  p=[0.218 0.583 0.004 0.331 0.340]
  eval: e=0.3387  p=[0.480 1.000 0.000 0.617 0.423]
  eval: e=60.9592  p=[0.413 0.592 0.015 0.378 0.351]
  eval: e=0.1141  p=[0.270 0.498 0.000 0.325 0.331]
  eval: e=0.3381  p=[0.248 0.576 0.014 0.224 0.370]
  eval: e=37.9902  p=[0.310 0.662 0.006 0.342 0.348]
  eval: e=0.0637  p=[0.249 0.569 0.000 0.354 0.353]
  eval: e=18.6135  p=[0.474 0.416 0.036 0.379 0.353]
  eval: e=0.2591  p=[0.261 0.546 0.001 0.259 0.339]
  eval: e=0.0498  p=[0.282 0.571 0.000 0.312 0.346]
  eval: e=0.0769  p=[0.247 0.566 0.018 0.309 0.319]
  eval: e=0.0389  p=[0.231 0.567 0.000 0.370 0.359]
  eval: e=0.2062  p=[0.201 0.556 0.000 0.362 0.368]
  eval: e=0.3558  p=[0.454 0.000 0.007 0.378 0.368]
  eval: e=3.4798  p=[0.368 0.441 0.000 0.323 0.284]
  172            8650         0.03876           8.838        0
  eval: e=5.2631  p=[0.303 0.348 0.025 0.521 0.353]
  eval: e=3.7658  p=[0.386 0.438 0.001 0.366 0.353]
  eval: e=0.0395  p=[0.210 0.565 0.001 0.396 0.360]
  eval: e=0.0444  p=[0.246 0.568 0.000 0.357 0.367]
  eval: e=0.2345  p=[0.286 0.621 0.000 0.298 0.354]
  eval: e=0.0440  p=[0.269 0.578 0.000 0.328 0.359]
  eval: e=0.3162  p=[0.191 0.577 0.001 0.282 0.352]
  eval: e=50.8613  p=[0.303 0.762 0.000 0.399 0.345]
  eval: e=0.3479  p=[0.247 0.375 0.000 0.327 0.357]
  eval: e=0.3698  p=[0.256 0.086 0.011 0.449 0.343]
  eval: e=0.1762  p=[0.236 0.573 0.003 0.313 0.354]
  eval: e=51.7033  p=[0.331 0.566 0.010 0.399 0.347]
  eval: e=0.0777  p=[0.247 0.618 0.000 0.335 0.362]
  eval: e=0.1589  p=[0.240 0.570 0.000 0.373 0.355]
  eval: e=0.0573  p=[0.327 0.688 0.037 0.237 0.383]
  eval: e=3.3557  p=[0.279 0.567 0.000 0.369 0.349]
  eval: e=0.3937  p=[0.167 0.000 0.028 0.231 0.257]
  eval: e=0.2812  p=[0.267 0.568 0.001 0.352 0.352]
  eval: e=0.0795  p=[0.234 0.579 0.000 0.352 0.370]
  eval: e=0.0574  p=[0.247 0.567 0.000 0.335 0.350]
  eval: e=0.0655  p=[0.210 0.559 0.004 0.365 0.338]
  eval: e=37.1136  p=[0.397 0.565 0.000 0.327 0.337]
  eval: e=83.0375  p=[0.315 0.624 0.000 0.407 0.346]
  eval: e=0.0524  p=[0.216 0.569 0.000 0.366 0.350]
  eval: e=0.0479  p=[0.304 0.575 0.000 0.309 0.378]
  eval: e=58.6194  p=[0.322 0.677 0.000 0.348 0.347]
  eval: e=15.3678  p=[0.199 0.568 0.000 0.480 0.357]
  eval: e=76.4590  p=[0.413 0.611 0.000 0.582 0.047]
  eval: e=8.9377  p=[0.280 0.582 0.000 0.384 0.359]
  eval: e=0.1509  p=[0.243 0.589 0.000 0.286 0.336]
  eval: e=0.1319  p=[0.220 0.568 0.001 0.344 0.354]
  eval: e=3.5461  p=[0.251 0.547 0.000 0.413 0.352]
  eval: e=1.2450  p=[0.273 0.565 0.000 0.361 0.349]
  eval: e=225.5861  p=[0.251 0.431 0.016 0.855 0.335]
  eval: e=0.7093  p=[0.457 0.884 0.006 0.369 0.350]
  eval: e=0.2086  p=[0.184 0.518 0.000 0.391 0.355]
  eval: e=30.3980  p=[0.350 0.384 0.015 0.472 0.319]
  eval: e=31.8886  p=[0.368 0.626 0.000 0.651 0.341]
  eval: e=0.0461  p=[0.261 0.533 0.000 0.345 0.333]
  eval: e=0.3422  p=[0.205 0.565 0.001 0.276 0.381]
  eval: e=15.3059  p=[0.259 0.685 0.007 0.352 0.356]
  eval: e=0.1427  p=[0.246 0.571 0.000 0.353 0.340]
  eval: e=0.2818  p=[0.673 0.000 0.015 0.245 0.343]
  eval: e=0.2770  p=[0.297 0.518 0.001 0.219 0.326]
  eval: e=0.2310  p=[0.214 0.568 0.001 0.315 0.351]
  eval: e=0.2971  p=[0.377 0.493 0.043 0.197 0.364]
  eval: e=0.0476  p=[0.232 0.570 0.001 0.367 0.352]
  eval: e=0.2620  p=[0.145 0.577 0.000 0.383 0.369]
  eval: e=0.3460  p=[0.150 0.182 0.010 0.629 0.417]
  eval: e=0.3067  p=[0.147 0.506 0.001 0.331 0.301]
  173            8700         0.03876           14.18        1
  eval: e=49.2672  p=[0.239 0.633 0.042 0.737 0.353]
  eval: e=1.2703  p=[0.353 0.462 0.001 0.349 0.339]
  eval: e=0.0399  p=[0.205 0.565 0.001 0.405 0.365]
  eval: e=0.0522  p=[0.227 0.561 0.001 0.394 0.370]
  eval: e=0.3144  p=[0.238 0.613 0.000 0.353 0.354]
  eval: e=0.3524  p=[0.242 0.581 0.000 0.381 0.365]
  eval: e=0.2126  p=[0.119 0.577 0.001 0.421 0.359]
  eval: e=40.1732  p=[0.350 0.637 0.010 0.371 0.387]
  eval: e=0.3591  p=[0.240 0.252 0.001 0.404 0.365]
  eval: e=0.3754  p=[0.284 0.000 0.003 0.459 0.348]
  eval: e=1.0877  p=[0.243 0.571 0.002 0.383 0.346]
  eval: e=0.0632  p=[0.302 0.479 0.004 0.330 0.340]
  eval: e=7.0063  p=[0.296 0.607 0.000 0.359 0.372]
  eval: e=1.4290  p=[0.220 0.567 0.000 0.421 0.357]
  eval: e=58.0004  p=[0.321 0.620 0.051 0.625 0.328]
  eval: e=0.0642  p=[0.218 0.567 0.000 0.389 0.355]
  eval: e=130.4554  p=[0.211 1.000 0.001 0.333 0.104]
  eval: e=0.2054  p=[0.253 0.559 0.001 0.368 0.352]
  eval: e=0.1638  p=[0.214 0.561 0.000 0.345 0.354]
  eval: e=0.1270  p=[0.231 0.569 0.000 0.379 0.353]
  eval: e=65.1355  p=[0.287 0.590 0.008 0.400 0.314]
  eval: e=0.3241  p=[0.095 0.642 0.000 0.346 0.365]
  eval: e=0.2845  p=[0.198 0.560 0.008 0.287 0.325]
  eval: e=1.7678  p=[0.291 0.559 0.001 0.359 0.355]
  eval: e=0.2971  p=[0.228 0.562 0.000 0.307 0.388]
  eval: e=47.8147  p=[0.238 0.880 0.001 0.367 0.350]
  eval: e=0.7727  p=[0.209 0.567 0.001 0.422 0.354]
  eval: e=16.5330  p=[0.619 0.536 0.001 0.000 0.078]
  eval: e=35.4335  p=[0.204 0.615 0.000 0.470 0.361]
  eval: e=0.3164  p=[0.269 0.579 0.012 0.363 0.371]
  eval: e=0.0480  p=[0.239 0.569 0.002 0.366 0.359]
  eval: e=6.7509  p=[0.250 0.574 0.000 0.404 0.349]
  eval: e=0.7372  p=[0.278 0.570 0.000 0.342 0.344]
  eval: e=0.3952  p=[0.159 0.358 0.000 0.000 0.342]
  eval: e=0.9152  p=[0.323 1.000 0.007 0.359 0.365]
  eval: e=12.3673  p=[0.333 0.538 0.005 0.380 0.364]
  eval: e=0.3949  p=[0.155 0.000 0.020 0.233 0.303]
  eval: e=0.3456  p=[0.132 0.639 0.009 0.255 0.338]
  eval: e=1.8714  p=[0.250 0.663 0.008 0.350 0.373]
  eval: e=25.4224  p=[0.265 0.551 0.000 0.424 0.335]
  eval: e=0.1653  p=[0.188 0.578 0.007 0.361 0.352]
  eval: e=0.1063  p=[0.230 0.567 0.000 0.342 0.355]
  eval: e=15.0874  p=[0.634 0.392 0.000 0.310 0.334]
  eval: e=0.0535  p=[0.203 0.537 0.001 0.387 0.333]
  eval: e=0.1078  p=[0.216 0.566 0.002 0.359 0.357]
  eval: e=0.3643  p=[0.347 0.359 0.000 0.240 0.391]
  eval: e=0.0389  p=[0.237 0.568 0.001 0.360 0.354]
  eval: e=2.9025  p=[0.321 0.584 0.000 0.309 0.340]
  eval: e=0.1326  p=[0.000 0.866 0.001 0.434 0.344]
  eval: e=0.2659  p=[0.133 0.629 0.000 0.366 0.374]
  174            8750         0.03876           10.56        2
  eval: e=1.5227  p=[0.192 0.761 0.007 0.325 0.343]
  eval: e=0.0601  p=[0.293 0.546 0.001 0.326 0.353]
  eval: e=0.5927  p=[0.231 0.576 0.000 0.382 0.343]
  eval: e=0.2785  p=[0.221 0.572 0.001 0.400 0.358]
  eval: e=0.1112  p=[0.200 0.571 0.000 0.412 0.357]
  eval: e=0.1187  p=[0.204 0.581 0.001 0.360 0.359]
  eval: e=100.9846  p=[0.341 0.568 0.001 0.507 0.352]
  eval: e=0.3843  p=[0.197 0.313 0.011 0.295 0.364]
  eval: e=66.9031  p=[0.274 0.743 0.000 0.396 0.365]
  eval: e=0.1446  p=[0.247 0.674 0.000 0.254 0.360]
  eval: e=3.6022  p=[0.268 0.564 0.000 0.378 0.343]
  eval: e=0.2791  p=[0.231 0.549 0.000 0.289 0.353]
  eval: e=0.1829  p=[0.258 0.483 0.001 0.352 0.358]
  eval: e=0.2891  p=[0.220 0.565 0.000 0.284 0.354]
  eval: e=240.0041  p=[0.201 0.489 0.000 0.726 0.282]
  eval: e=0.2990  p=[0.165 0.572 0.000 0.328 0.354]
  eval: e=8.5650  p=[0.332 0.780 0.008 0.490 0.305]
  eval: e=0.0572  p=[0.233 0.557 0.000 0.357 0.351]
  eval: e=0.2023  p=[0.196 0.547 0.000 0.342 0.333]
  eval: e=1.7460  p=[0.242 0.572 0.001 0.397 0.355]
  eval: e=15.5501  p=[0.367 0.535 0.010 0.340 0.340]
  eval: e=0.3782  p=[0.000 0.600 0.001 0.364 0.384]
  eval: e=0.3833  p=[0.148 0.475 0.007 0.246 0.369]
  eval: e=10.1286  p=[0.341 0.565 0.001 0.341 0.356]
  eval: e=0.2205  p=[0.168 0.561 0.001 0.363 0.343]
  eval: e=0.2023  p=[0.185 0.584 0.001 0.352 0.358]
  eval: e=0.2074  p=[0.279 0.569 0.001 0.259 0.351]
  eval: e=146.5519  p=[0.539 0.495 0.004 0.722 0.208]
  eval: e=1.5925  p=[0.167 0.603 0.001 0.448 0.351]
  eval: e=0.3892  p=[0.240 0.552 0.016 0.431 0.393]
  eval: e=5.8089  p=[0.275 0.569 0.001 0.379 0.346]
  eval: e=0.1293  p=[0.233 0.597 0.001 0.311 0.352]
  eval: e=0.0981  p=[0.261 0.575 0.000 0.306 0.352]
  eval: e=0.0440  p=[0.171 0.289 0.012 0.627 0.359]
  eval: e=0.3892  p=[0.174 0.182 0.006 0.345 0.363]
  eval: e=8.2965  p=[0.365 0.602 0.006 0.298 0.361]
  eval: e=0.3966  p=[0.097 0.061 0.022 0.049 0.406]
  eval: e=0.3949  p=[0.100 0.517 0.018 0.000 0.356]
  eval: e=0.0526  p=[0.223 0.646 0.012 0.353 0.390]
  eval: e=90.3868  p=[0.323 0.532 0.002 0.432 0.315]
  eval: e=0.3337  p=[0.198 0.444 0.002 0.346 0.353]
  eval: e=0.0499  p=[0.247 0.567 0.000 0.356 0.370]
  eval: e=0.1787  p=[0.029 0.789 0.045 0.402 0.335]
  eval: e=7.8720  p=[0.175 0.601 0.001 0.474 0.362]
  eval: e=14.5970  p=[0.272 0.567 0.000 0.414 0.361]
  eval: e=0.2098  p=[0.305 0.219 0.013 0.476 0.351]
  eval: e=0.0458  p=[0.233 0.567 0.000 0.360 0.357]
  eval: e=41.4180  p=[0.435 0.584 0.000 0.305 0.337]
  eval: e=26.4023  p=[0.324 1.000 0.003 0.232 0.293]
  eval: e=3.8922  p=[0.208 0.761 0.000 0.393 0.424]
  175            8800         0.03876           16.06        3
  eval: e=0.3888  p=[0.196 0.636 0.000 0.000 0.343]
  eval: e=0.3197  p=[0.209 0.656 0.001 0.364 0.362]
  eval: e=0.0440  p=[0.260 0.572 0.000 0.315 0.329]
  eval: e=2.5552  p=[0.267 0.582 0.001 0.356 0.336]
  eval: e=0.9558  p=[0.247 0.514 0.001 0.422 0.354]
  eval: e=0.2709  p=[0.187 0.565 0.001 0.317 0.342]
  eval: e=38.2545  p=[0.486 0.560 0.000 0.318 0.347]
  eval: e=0.3817  p=[0.221 0.220 0.005 0.303 0.321]
  eval: e=11.0238  p=[0.279 1.000 0.001 0.328 0.343]
  eval: e=0.2931  p=[0.187 1.000 0.010 0.171 0.365]
  eval: e=0.2439  p=[0.276 0.558 0.002 0.341 0.344]
  eval: e=0.2829  p=[0.226 0.609 0.007 0.263 0.360]
  eval: e=0.2317  p=[0.215 0.507 0.001 0.338 0.333]
  eval: e=0.2769  p=[0.273 0.569 0.001 0.229 0.347]
  eval: e=0.3459  p=[0.239 0.565 0.031 0.261 0.394]
  eval: e=0.1854  p=[0.245 0.571 0.001 0.296 0.349]
  eval: e=0.3273  p=[0.419 0.276 0.022 0.543 0.619]
  eval: e=0.1971  p=[0.212 0.558 0.000 0.337 0.352]
  eval: e=0.1004  p=[0.208 0.565 0.000 0.345 0.330]
  eval: e=0.2151  p=[0.257 0.574 0.001 0.353 0.350]
  eval: e=0.3709  p=[0.193 0.447 0.001 0.296 0.378]
  eval: e=0.0511  p=[0.299 0.479 0.001 0.352 0.357]
  eval: e=0.3571  p=[0.237 0.553 0.005 0.232 0.386]
  eval: e=0.0884  p=[0.279 0.581 0.000 0.318 0.351]
  eval: e=1.9182  p=[0.185 0.568 0.001 0.420 0.308]
  eval: e=0.3808  p=[0.232 0.220 0.000 0.343 0.360]
  eval: e=0.2119  p=[0.284 0.572 0.002 0.253 0.354]
  eval: e=0.2565  p=[0.184 0.542 0.007 0.610 0.597]
  eval: e=0.3494  p=[0.226 0.560 0.001 0.205 0.343]
  eval: e=0.2089  p=[0.216 0.545 0.014 0.373 0.383]
  eval: e=2.2564  p=[0.299 0.569 0.000 0.334 0.340]
  eval: e=0.3515  p=[0.213 0.559 0.001 0.228 0.356]
  eval: e=0.2822  p=[0.227 0.572 0.001 0.283 0.359]
  eval: e=0.5519  p=[0.345 0.786 0.035 0.736 0.353]
  eval: e=0.3944  p=[0.124 0.000 0.014 0.342 0.340]
  eval: e=0.0409  p=[0.313 0.584 0.000 0.270 0.353]
  eval: e=0.3948  p=[0.159 0.405 0.022 0.185 0.480]
  eval: e=127.0342  p=[0.271 0.436 0.005 0.630 0.373]
  eval: e=0.2165  p=[0.221 0.584 0.004 0.327 0.374]
  eval: e=0.0711  p=[0.341 0.573 0.006 0.297 0.404]
  eval: e=0.2356  p=[0.258 0.454 0.000 0.343 0.348]
  eval: e=1.4034  p=[0.278 0.572 0.001 0.363 0.360]
  eval: e=17.9955  p=[0.000 1.000 0.058 0.500 0.358]
  eval: e=0.3454  p=[0.201 0.613 0.001 0.239 0.376]
  eval: e=2.8034  p=[0.308 0.572 0.001 0.341 0.355]
  eval: e=1.2407  p=[0.177 0.382 0.018 0.549 0.297]
  eval: e=0.0424  p=[0.229 0.568 0.000 0.364 0.356]
  eval: e=0.2437  p=[0.171 0.567 0.001 0.338 0.335]
  eval: e=0.2350  p=[0.617 0.055 0.007 0.246 0.309]
  eval: e=0.5763  p=[0.324 0.510 0.000 0.362 0.376]
  176            8850         0.03876           4.356        4
  eval: e=24.9482  p=[0.298 0.467 0.021 0.466 0.342]
  eval: e=1.7052  p=[0.184 0.665 0.000 0.401 0.360]
  eval: e=0.1855  p=[0.237 0.564 0.001 0.302 0.341]
  eval: e=0.0598  p=[0.285 0.558 0.000 0.307 0.332]
  eval: e=0.5744  p=[0.299 0.480 0.001 0.383 0.346]
  eval: e=0.1263  p=[0.239 0.554 0.000 0.314 0.330]
  eval: e=0.3539  p=[0.311 0.559 0.000 0.124 0.354]
  eval: e=0.2546  p=[0.349 1.000 0.000 0.422 0.296]
  eval: e=0.3383  p=[0.254 0.421 0.002 0.281 0.335]
  eval: e=0.3723  p=[0.153 0.571 0.011 0.217 0.348]
  eval: e=0.1554  p=[0.238 0.563 0.004 0.322 0.353]
  eval: e=24.1715  p=[0.300 0.637 0.008 0.354 0.353]
  eval: e=0.0422  p=[0.263 0.558 0.002 0.328 0.337]
  eval: e=0.8863  p=[0.330 0.574 0.001 0.295 0.346]
  eval: e=0.3911  p=[0.304 0.735 0.045 0.000 0.484]
  eval: e=15.6387  p=[0.319 0.568 0.001 0.363 0.348]
  eval: e=0.3957  p=[0.159 0.000 0.028 0.533 0.598]
  eval: e=0.2208  p=[0.214 0.567 0.001 0.322 0.353]
  eval: e=0.2647  p=[0.254 0.591 0.001 0.363 0.369]
  eval: e=0.1316  p=[0.250 0.567 0.000 0.310 0.349]
  eval: e=0.2286  p=[0.191 0.575 0.000 0.355 0.373]
  eval: e=41.8177  p=[0.607 0.470 0.000 0.344 0.310]
  eval: e=76.5754  p=[0.363 0.640 0.000 0.386 0.340]
  eval: e=0.2602  p=[0.140 0.579 0.000 0.364 0.346]
  eval: e=3.9919  p=[0.258 0.577 0.001 0.421 0.392]
  eval: e=60.5324  p=[0.327 0.674 0.000 0.342 0.341]
  eval: e=0.8294  p=[0.209 0.571 0.000 0.423 0.357]
  eval: e=0.3949  p=[0.000 0.614 0.006 0.337 0.603]
  eval: e=0.3250  p=[0.330 0.532 0.000 0.164 0.352]
  eval: e=0.0989  p=[0.253 0.591 0.004 0.258 0.296]
  eval: e=0.2491  p=[0.197 0.569 0.001 0.327 0.355]
  eval: e=2.4307  p=[0.228 0.535 0.000 0.438 0.352]
  eval: e=0.1788  p=[0.235 0.563 0.000 0.324 0.360]
  eval: e=3.2160  p=[0.453 0.729 0.033 0.597 0.346]
  eval: e=62.2247  p=[0.442 0.602 0.017 0.368 0.327]
  eval: e=0.3658  p=[0.238 0.544 0.002 0.393 0.344]
  eval: e=2.6133  p=[0.404 0.714 0.007 0.751 0.373]
  eval: e=41.0750  p=[0.524 0.575 0.000 0.572 0.351]
  eval: e=0.1220  p=[0.230 0.510 0.000 0.340 0.314]
  eval: e=0.3562  p=[0.260 0.598 0.003 0.256 0.453]
  eval: e=0.2242  p=[0.329 0.504 0.006 0.331 0.349]
  eval: e=0.3936  p=[0.254 0.574 0.001 0.348 0.334]
  eval: e=0.3182  p=[0.123 0.515 0.062 0.425 0.364]
  eval: e=0.2688  p=[0.356 0.586 0.001 0.134 0.339]
  eval: e=0.2287  p=[0.277 0.574 0.002 0.246 0.347]
  eval: e=18.1088  p=[0.185 0.689 0.027 0.391 0.309]
  eval: e=0.0558  p=[0.235 0.570 0.000 0.369 0.355]
  eval: e=0.3684  p=[0.011 0.554 0.002 0.385 0.349]
  eval: e=0.0864  p=[0.624 0.000 0.006 0.517 0.452]
  eval: e=0.2461  p=[0.386 0.224 0.001 0.324 0.297]
  177            8900         0.03876           7.788        5
  eval: e=234.2060  p=[0.333 0.402 0.025 0.916 0.358]
  eval: e=0.0410  p=[0.284 0.469 0.000 0.364 0.337]
  eval: e=0.1112  p=[0.204 0.562 0.001 0.399 0.385]
  eval: e=0.1702  p=[0.268 0.555 0.001 0.302 0.362]
  eval: e=0.1752  p=[0.234 0.540 0.000 0.322 0.339]
  eval: e=20.8427  p=[0.315 0.565 0.000 0.375 0.348]
  eval: e=0.3802  p=[0.033 0.578 0.000 0.301 0.359]
  eval: e=0.0874  p=[0.384 0.152 0.008 0.469 0.335]
  eval: e=0.3928  p=[0.195 0.000 0.001 0.323 0.331]
  eval: e=0.3676  p=[0.370 0.049 0.005 0.360 0.336]
  eval: e=0.2234  p=[0.195 0.571 0.000 0.347 0.364]
  eval: e=86.4397  p=[0.318 0.566 0.003 0.438 0.343]
  eval: e=11.4907  p=[0.290 0.612 0.000 0.353 0.349]
  eval: e=106.7223  p=[0.290 0.568 0.000 0.485 0.352]
  eval: e=0.4221  p=[0.332 0.825 0.000 0.653 0.396]
  eval: e=22.6019  p=[0.299 0.566 0.000 0.397 0.354]
  eval: e=0.3659  p=[0.000 0.808 0.001 0.385 0.432]
  eval: e=1.9121  p=[0.264 0.574 0.002 0.375 0.355]
  eval: e=1.1638  p=[0.285 0.598 0.001 0.356 0.382]
  eval: e=0.2072  p=[0.235 0.563 0.000 0.304 0.349]
  eval: e=80.1924  p=[0.318 0.694 0.004 0.386 0.340]
  eval: e=89.6902  p=[0.378 0.527 0.000 0.357 0.267]
  eval: e=116.3480  p=[0.296 0.631 0.010 0.502 0.306]
  eval: e=0.2861  p=[0.091 0.565 0.001 0.409 0.345]
  eval: e=2.4990  p=[0.338 0.578 0.000 0.337 0.392]
  eval: e=11.4449  p=[0.295 0.946 0.001 0.337 0.339]
  eval: e=130.7364  p=[0.189 0.568 0.000 0.574 0.355]
  eval: e=0.1714  p=[0.511 0.619 0.000 0.000 0.332]
  eval: e=0.1966  p=[0.306 0.537 0.000 0.270 0.364]
  eval: e=0.6601  p=[0.285 0.610 0.000 0.262 0.286]
  eval: e=0.2999  p=[0.156 0.569 0.001 0.351 0.365]
  eval: e=78.7441  p=[0.258 0.557 0.000 0.482 0.348]
  eval: e=12.9263  p=[0.262 0.561 0.000 0.421 0.356]
  eval: e=0.3927  p=[0.182 0.252 0.000 0.179 0.339]
  eval: e=0.2933  p=[0.534 1.000 0.025 0.390 0.362]
  eval: e=1.8396  p=[0.196 0.517 0.006 0.478 0.348]
  eval: e=272.3079  p=[0.626 0.405 0.009 1.000 0.246]
  eval: e=5.3286  p=[0.538 0.710 0.016 0.073 0.324]
  eval: e=11.7794  p=[0.262 0.621 0.006 0.360 0.331]
  eval: e=0.2139  p=[0.152 0.544 0.000 0.313 0.248]
  eval: e=37.9537  p=[0.284 0.683 0.008 0.359 0.356]
  eval: e=0.1496  p=[0.212 0.569 0.000 0.324 0.330]
  eval: e=0.3607  p=[0.524 0.000 0.000 0.269 0.343]
  eval: e=0.3302  p=[0.346 0.554 0.001 0.091 0.316]
  eval: e=0.2326  p=[0.192 0.574 0.002 0.327 0.345]
  eval: e=4.4772  p=[0.344 0.794 0.021 0.214 0.375]
  eval: e=0.0867  p=[0.239 0.569 0.001 0.367 0.352]
  eval: e=39.7574  p=[0.489 0.547 0.001 0.365 0.366]
  eval: e=0.1914  p=[0.000 0.806 0.004 0.555 0.483]
  eval: e=0.1114  p=[0.370 0.194 0.001 0.378 0.227]
  178            8950         0.03876           27.77        6
  eval: e=13.6309  p=[0.229 0.515 0.000 0.485 0.356]
  eval: e=0.0981  p=[0.317 0.509 0.001 0.325 0.344]
  eval: e=0.3647  p=[0.236 0.569 0.000 0.389 0.358]
  eval: e=0.0443  p=[0.210 0.577 0.000 0.400 0.372]
  eval: e=0.1638  p=[0.221 0.632 0.000 0.298 0.359]
  eval: e=0.1421  p=[0.225 0.578 0.000 0.340 0.365]
  eval: e=74.6431  p=[0.227 0.581 0.001 0.499 0.359]
  eval: e=0.0519  p=[0.354 0.367 0.008 0.397 0.364]
  eval: e=10.1333  p=[0.225 1.000 0.000 0.406 0.356]
  eval: e=0.4400  p=[0.287 0.409 0.001 0.436 0.340]
  eval: e=0.2775  p=[0.252 0.572 0.000 0.360 0.348]
  eval: e=0.3147  p=[0.257 0.480 0.003 0.285 0.354]
  eval: e=2.5143  p=[0.267 0.596 0.000 0.362 0.355]
  eval: e=0.1872  p=[0.224 0.568 0.000 0.326 0.357]
  eval: e=140.3904  p=[0.272 0.326 0.048 0.657 0.261]
  eval: e=0.0389  p=[0.214 0.575 0.000 0.377 0.355]
  eval: e=163.7523  p=[0.353 0.477 0.000 0.401 0.185]
  eval: e=0.0389  p=[0.239 0.570 0.002 0.356 0.354]
  eval: e=0.2204  p=[0.227 0.521 0.000 0.327 0.340]
  eval: e=0.0708  p=[0.237 0.567 0.001 0.340 0.350]
  eval: e=0.2837  p=[0.285 0.339 0.008 0.364 0.338]
  eval: e=0.3594  p=[0.118 0.622 0.001 0.344 0.424]
  eval: e=0.2267  p=[0.177 0.481 0.009 0.424 0.360]
  eval: e=13.9670  p=[0.293 0.565 0.001 0.386 0.350]
  eval: e=0.2977  p=[0.141 0.555 0.000 0.321 0.310]
  eval: e=41.4740  p=[0.206 0.886 0.001 0.366 0.368]
  eval: e=0.1675  p=[0.242 0.567 0.001 0.310 0.352]
  eval: e=87.4283  p=[0.638 0.564 0.000 0.291 0.162]
  eval: e=0.0483  p=[0.156 0.574 0.001 0.425 0.348]
  eval: e=7.7318  p=[0.247 0.517 0.000 0.459 0.362]
  eval: e=0.8869  p=[0.298 0.568 0.001 0.343 0.362]
  eval: e=0.3371  p=[0.266 0.597 0.001 0.169 0.351]
  eval: e=0.0909  p=[0.249 0.564 0.001 0.327 0.353]
  eval: e=0.1114  p=[0.172 0.467 0.022 0.475 0.355]
  eval: e=0.3868  p=[0.295 0.015 0.002 0.352 0.348]
  eval: e=0.3382  p=[0.260 0.544 0.002 0.208 0.351]
  eval: e=0.1374  p=[0.676 0.226 0.020 0.158 0.340]
  eval: e=0.1601  p=[0.258 0.684 0.021 0.246 0.367]
  eval: e=0.0544  p=[0.260 0.574 0.003 0.347 0.379]
  eval: e=0.2968  p=[0.122 0.549 0.001 0.401 0.367]
  eval: e=0.2498  p=[0.190 0.661 0.000 0.363 0.346]
  eval: e=0.0477  p=[0.268 0.567 0.000 0.343 0.376]
  eval: e=0.3752  p=[0.253 0.239 0.019 0.333 0.347]
  eval: e=11.6377  p=[0.254 0.553 0.001 0.421 0.343]
  eval: e=0.0901  p=[0.197 0.564 0.000 0.379 0.352]
  eval: e=0.3955  p=[0.248 0.057 0.018 0.138 0.371]
  eval: e=0.0405  p=[0.236 0.568 0.000 0.362 0.354]
  eval: e=0.1691  p=[0.233 0.576 0.000 0.317 0.357]
  eval: e=0.3408  p=[0.159 0.424 0.005 0.335 0.300]
  eval: e=0.2696  p=[0.214 0.478 0.000 0.370 0.365]
  179            9000         0.03876           11.52        7
  eval: e=0.3244  p=[0.238 0.448 0.035 0.313 0.340]
  eval: e=0.0989  p=[0.210 0.607 0.001 0.379 0.359]
  eval: e=0.1428  p=[0.238 0.572 0.000 0.316 0.349]
  eval: e=1.1050  p=[0.269 0.577 0.000 0.350 0.341]
  eval: e=1.9481  p=[0.263 0.522 0.000 0.417 0.361]
  eval: e=0.1633  p=[0.216 0.578 0.000 0.332 0.353]
  eval: e=40.0433  p=[0.333 0.568 0.000 0.383 0.349]
  eval: e=0.3341  p=[0.184 0.502 0.005 0.312 0.344]
  eval: e=0.3729  p=[0.258 0.220 0.001 0.358 0.358]
  eval: e=0.2155  p=[0.201 0.562 0.003 0.348 0.360]
  eval: e=0.0920  p=[0.275 0.561 0.004 0.335 0.349]
  eval: e=0.8649  p=[0.229 0.625 0.006 0.364 0.349]
  eval: e=0.1851  p=[0.210 0.519 0.000 0.366 0.349]
  eval: e=0.0859  p=[0.237 0.570 0.001 0.335 0.351]
  eval: e=0.3934  p=[0.311 0.543 0.047 0.000 0.463]
  eval: e=0.0939  p=[0.216 0.571 0.001 0.357 0.355]
  eval: e=0.2971  p=[0.388 0.457 0.015 0.477 0.570]
  eval: e=0.0476  p=[0.232 0.568 0.001 0.356 0.354]
  eval: e=0.0498  p=[0.264 0.521 0.001 0.358 0.340]
  eval: e=0.0387  p=[0.235 0.568 0.000 0.362 0.355]
  eval: e=0.2066  p=[0.263 0.513 0.003 0.320 0.358]
  eval: e=0.3743  p=[0.048 0.500 0.001 0.339 0.333]
  eval: e=0.8892  p=[0.349 0.526 0.000 0.322 0.363]
  eval: e=0.1158  p=[0.319 0.567 0.000 0.293 0.353]
  eval: e=0.0494  p=[0.228 0.569 0.001 0.362 0.357]
  eval: e=46.8573  p=[0.277 0.771 0.001 0.345 0.365]
  eval: e=0.2250  p=[0.252 0.572 0.001 0.361 0.352]
  eval: e=0.2819  p=[0.147 0.550 0.008 0.374 0.353]
  eval: e=0.1438  p=[0.179 0.576 0.000 0.370 0.346]
  eval: e=0.2947  p=[0.234 0.522 0.005 0.310 0.368]
  eval: e=0.0827  p=[0.241 0.570 0.000 0.352 0.339]
  eval: e=2.0321  p=[0.213 0.564 0.001 0.431 0.352]
  eval: e=0.2455  p=[0.257 0.572 0.001 0.357 0.352]
  eval: e=85.3189  p=[0.265 0.552 0.009 0.497 0.358]
  eval: e=0.3894  p=[0.223 0.074 0.020 0.358 0.350]
  eval: e=0.0831  p=[0.269 0.587 0.001 0.292 0.350]
  eval: e=0.2822  p=[0.253 0.433 0.001 0.415 0.423]
  eval: e=0.2744  p=[0.202 0.502 0.006 0.357 0.356]
  eval: e=0.0519  p=[0.248 0.584 0.004 0.324 0.348]
  eval: e=0.1511  p=[0.293 0.565 0.007 0.302 0.388]
  eval: e=0.2766  p=[0.263 0.447 0.002 0.328 0.353]
  eval: e=0.0398  p=[0.245 0.570 0.001 0.340 0.342]
  eval: e=55.3279  p=[0.327 0.682 0.013 0.470 0.353]
  eval: e=23.1196  p=[0.215 0.578 0.001 0.476 0.367]
  eval: e=0.0682  p=[0.255 0.573 0.001 0.323 0.354]
  eval: e=2.6210  p=[0.288 0.795 0.015 0.607 0.314]
  eval: e=0.0389  p=[0.233 0.569 0.001 0.366 0.358]
  eval: e=0.1320  p=[0.186 0.573 0.000 0.371 0.349]
  eval: e=1.3593  p=[0.460 0.291 0.006 0.390 0.352]
  eval: e=0.1491  p=[0.255 0.607 0.000 0.346 0.370]
  180            9050         0.03873           5.368        0

                                 Best            Mean     Stall
Iteration     f-count            f(x)            f(x)    Iterations
  eval: e=0.1685  p=[0.248 0.527 0.000 0.321 0.342]
  eval: e=0.0953  p=[0.244 0.589 0.000 0.316 0.354]
  eval: e=0.1899  p=[0.235 0.566 0.000 0.314 0.355]
  eval: e=0.0538  p=[0.263 0.556 0.000 0.340 0.364]
  eval: e=0.1776  p=[0.262 0.554 0.000 0.287 0.343]
  eval: e=0.0484  p=[0.242 0.566 0.000 0.358 0.350]
  eval: e=0.3262  p=[0.120 0.566 0.000 0.349 0.352]
  eval: e=7.8427  p=[0.287 0.572 0.011 0.370 0.341]
  eval: e=0.3819  p=[0.253 0.130 0.000 0.352 0.339]
  eval: e=0.0395  p=[0.249 0.572 0.010 0.342 0.349]
  eval: e=0.0678  p=[0.262 0.568 0.001 0.341 0.350]
  eval: e=0.2005  p=[0.260 0.501 0.005 0.325 0.349]
  eval: e=0.2579  p=[0.217 0.544 0.000 0.312 0.347]
  eval: e=0.0794  p=[0.250 0.568 0.000 0.354 0.351]
  eval: e=2.4618  p=[0.254 0.722 0.005 0.270 0.319]
  eval: e=0.0399  p=[0.220 0.571 0.000 0.371 0.355]
  eval: e=9.2065  p=[0.195 0.468 0.011 0.450 0.222]
  eval: e=0.0396  p=[0.237 0.570 0.004 0.356 0.354]
  eval: e=0.0790  p=[0.244 0.539 0.000 0.367 0.369]
  eval: e=0.0400  p=[0.234 0.568 0.000 0.365 0.356]
  eval: e=2.7339  p=[0.286 0.582 0.004 0.347 0.344]
  eval: e=0.0413  p=[0.207 0.586 0.000 0.361 0.337]
  eval: e=0.9366  p=[0.255 0.571 0.011 0.370 0.343]
  eval: e=0.1552  p=[0.179 0.573 0.001 0.376 0.354]
  eval: e=0.0509  p=[0.242 0.571 0.000 0.356 0.352]
  eval: e=0.3719  p=[0.255 0.255 0.000 0.323 0.343]
  eval: e=0.0435  p=[0.219 0.571 0.001 0.372 0.357]
  eval: e=0.3890  p=[0.197 0.564 0.008 0.072 0.368]
  eval: e=16.4383  p=[0.366 0.566 0.000 0.339 0.364]
  eval: e=0.3040  p=[0.281 0.615 0.006 0.305 0.347]
  eval: e=0.0870  p=[0.245 0.568 0.000 0.329 0.352]
  eval: e=0.1848  p=[0.245 0.572 0.000 0.364 0.350]
  eval: e=0.0472  p=[0.244 0.570 0.000 0.354 0.351]
  eval: e=0.2021  p=[0.275 0.563 0.017 0.278 0.355]
  eval: e=54.4635  p=[0.313 0.668 0.000 0.356 0.350]
  eval: e=0.1066  p=[0.217 0.582 0.002 0.343 0.352]
  eval: e=0.2850  p=[0.199 0.531 0.023 0.493 0.400]
  eval: e=20.0560  p=[0.363 0.569 0.005 0.340 0.354]
  eval: e=0.0629  p=[0.237 0.571 0.006 0.347 0.356]
  eval: e=0.2242  p=[0.227 0.551 0.000 0.338 0.374]
  eval: e=1.6705  p=[0.274 0.612 0.003 0.332 0.345]
  eval: e=0.2960  p=[0.237 0.576 0.000 0.381 0.358]
  eval: e=42.8183  p=[0.427 0.671 0.004 0.287 0.342]
  eval: e=46.8552  p=[0.284 0.578 0.002 0.431 0.358]
  eval: e=0.0421  p=[0.271 0.567 0.001 0.328 0.352]
  eval: e=2.9242  p=[0.237 0.529 0.015 0.476 0.394]
  eval: e=0.0390  p=[0.236 0.568 0.000 0.361 0.354]
  eval: e=13.4544  p=[0.331 0.565 0.000 0.353 0.352]
  eval: e=0.2520  p=[0.168 0.378 0.005 0.512 0.381]
  eval: e=0.2854  p=[0.253 0.433 0.000 0.350 0.361]
  181            9100         0.03873           4.552        1
  eval: e=9.0441  p=[0.242 0.529 0.020 0.453 0.348]
  eval: e=0.0549  p=[0.253 0.571 0.001 0.343 0.348]
  eval: e=0.1723  p=[0.235 0.570 0.001 0.380 0.355]
  eval: e=0.1120  p=[0.256 0.575 0.000 0.344 0.347]
  eval: e=0.1574  p=[0.252 0.573 0.001 0.301 0.353]
  eval: e=0.0944  p=[0.253 0.570 0.002 0.317 0.351]
  eval: e=19.0277  p=[0.331 0.570 0.000 0.362 0.355]
  eval: e=0.2353  p=[0.244 0.520 0.005 0.326 0.361]
  eval: e=24.1910  p=[0.233 1.000 0.000 0.354 0.344]
  eval: e=0.0407  p=[0.241 0.572 0.000 0.344 0.349]
  eval: e=0.0637  p=[0.236 0.567 0.003 0.347 0.353]
  eval: e=0.7116  p=[0.271 0.544 0.007 0.374 0.350]
  eval: e=0.4277  p=[0.229 0.562 0.001 0.398 0.352]
  eval: e=0.0438  p=[0.236 0.569 0.001 0.365 0.355]
  eval: e=28.9834  p=[0.308 0.666 0.020 0.303 0.310]
  eval: e=0.1191  p=[0.232 0.576 0.000 0.376 0.356]
  eval: e=0.3473  p=[0.354 0.396 0.020 0.417 0.543]
  eval: e=0.0431  p=[0.238 0.570 0.000 0.360 0.354]
  eval: e=0.1296  p=[0.243 0.611 0.001 0.323 0.333]
  eval: e=0.0387  p=[0.235 0.568 0.000 0.362 0.355]
  eval: e=0.0394  p=[0.274 0.550 0.000 0.328 0.347]
  eval: e=0.0846  p=[0.267 0.556 0.001 0.332 0.370]
  eval: e=0.4185  p=[0.258 0.560 0.000 0.369 0.351]
  eval: e=0.0434  p=[0.272 0.568 0.000 0.316 0.351]
  eval: e=0.0945  p=[0.248 0.569 0.000 0.358 0.351]
  eval: e=0.1734  p=[0.200 0.600 0.000 0.397 0.357]
  eval: e=0.1161  p=[0.248 0.568 0.001 0.361 0.352]
  eval: e=58.3343  p=[0.450 0.560 0.006 0.298 0.294]
  eval: e=0.3437  p=[0.111 0.568 0.001 0.335 0.352]
  eval: e=0.0962  p=[0.262 0.531 0.005 0.331 0.347]
  eval: e=0.2529  p=[0.253 0.569 0.001 0.363 0.351]
  eval: e=0.1090  p=[0.260 0.570 0.003 0.348 0.351]
  eval: e=0.0389  p=[0.244 0.566 0.000 0.352 0.352]
  eval: e=0.3011  p=[0.251 0.492 0.016 0.293 0.348]
  eval: e=7.2156  p=[0.258 0.669 0.032 0.351 0.354]
  eval: e=0.0424  p=[0.242 0.554 0.004 0.356 0.350]
  eval: e=0.3842  p=[0.287 0.147 0.017 0.345 0.382]
  eval: e=6.2496  p=[0.352 0.574 0.008 0.309 0.346]
  eval: e=0.1102  p=[0.242 0.594 0.000 0.347 0.348]
  eval: e=0.1042  p=[0.230 0.546 0.005 0.364 0.361]
  eval: e=0.1037  p=[0.258 0.505 0.001 0.351 0.350]
  eval: e=0.0426  p=[0.250 0.564 0.000 0.345 0.355]
  eval: e=2.7974  p=[0.406 0.213 0.010 0.512 0.355]
  eval: e=0.2538  p=[0.268 0.576 0.000 0.246 0.352]
  eval: e=0.0608  p=[0.233 0.569 0.003 0.348 0.352]
  eval: e=0.1940  p=[0.282 0.388 0.023 0.359 0.315]
  eval: e=0.0391  p=[0.235 0.566 0.000 0.367 0.360]
  eval: e=0.3180  p=[0.137 0.567 0.003 0.343 0.353]
  eval: e=0.3374  p=[0.249 0.425 0.004 0.296 0.345]
  eval: e=6.0387  p=[0.263 0.617 0.000 0.363 0.351]
  182            9150         0.03872           3.376        0
  eval: e=1.1456  p=[0.262 0.566 0.019 0.373 0.344]
  eval: e=0.4803  p=[0.258 0.553 0.000 0.373 0.349]
  eval: e=0.0556  p=[0.241 0.570 0.002 0.361 0.354]
  eval: e=0.0502  p=[0.239 0.568 0.000 0.366 0.357]
  eval: e=0.1426  p=[0.253 0.572 0.000 0.354 0.351]
  eval: e=0.1425  p=[0.261 0.572 0.002 0.347 0.351]
  eval: e=0.0443  p=[0.251 0.569 0.000 0.338 0.354]
  eval: e=4.5263  p=[0.291 0.578 0.000 0.347 0.338]
  eval: e=0.3769  p=[0.285 0.140 0.000 0.356 0.349]
  eval: e=0.0396  p=[0.248 0.565 0.003 0.349 0.353]
  eval: e=0.0393  p=[0.265 0.566 0.001 0.332 0.354]
  eval: e=1.4577  p=[0.291 0.563 0.000 0.351 0.353]
  eval: e=0.1910  p=[0.308 0.553 0.002 0.311 0.344]
  eval: e=0.0393  p=[0.254 0.567 0.000 0.345 0.357]
  eval: e=0.2310  p=[0.276 0.654 0.020 0.231 0.376]
  eval: e=0.0388  p=[0.233 0.572 0.002 0.362 0.355]
  eval: e=0.2961  p=[0.216 0.406 0.011 0.358 0.317]
  eval: e=0.0475  p=[0.230 0.569 0.003 0.359 0.354]
  eval: e=0.0392  p=[0.250 0.553 0.000 0.357 0.356]
  eval: e=0.0387  p=[0.235 0.568 0.000 0.362 0.355]
  eval: e=0.1197  p=[0.244 0.554 0.001 0.332 0.353]
  eval: e=0.0679  p=[0.253 0.524 0.000 0.345 0.339]
  eval: e=0.0884  p=[0.247 0.550 0.004 0.345 0.357]
  eval: e=2.5920  p=[0.279 0.570 0.000 0.365 0.352]
  eval: e=0.0395  p=[0.246 0.566 0.000 0.347 0.352]
  eval: e=0.0450  p=[0.286 0.598 0.000 0.295 0.354]
  eval: e=0.1068  p=[0.207 0.571 0.000 0.363 0.355]
  eval: e=1.0572  p=[0.345 0.566 0.005 0.301 0.360]
  eval: e=3.8698  p=[0.308 0.571 0.000 0.344 0.352]
  eval: e=0.0448  p=[0.227 0.588 0.007 0.346 0.347]
  eval: e=0.1282  p=[0.226 0.570 0.000 0.337 0.354]
  eval: e=0.0427  p=[0.233 0.570 0.000 0.355 0.352]
  eval: e=0.0388  p=[0.244 0.565 0.000 0.352 0.352]
  eval: e=0.1405  p=[0.229 0.572 0.009 0.377 0.346]
  eval: e=0.2800  p=[0.261 0.401 0.005 0.356 0.348]
  eval: e=0.6370  p=[0.285 0.560 0.003 0.350 0.354]
  eval: e=1.4364  p=[0.351 0.797 0.009 0.575 0.341]
  eval: e=0.0535  p=[0.316 0.559 0.010 0.278 0.351]
  eval: e=0.0473  p=[0.237 0.575 0.007 0.347 0.351]
  eval: e=0.2445  p=[0.238 0.565 0.004 0.274 0.336]
  eval: e=2.0650  p=[0.264 0.611 0.004 0.349 0.350]
  eval: e=0.0429  p=[0.263 0.573 0.000 0.316 0.345]
  eval: e=0.3902  p=[0.391 0.342 0.031 0.403 0.352]
  eval: e=0.0575  p=[0.249 0.570 0.000 0.333 0.352]
  eval: e=0.0725  p=[0.238 0.568 0.000 0.345 0.358]
  eval: e=0.0880  p=[0.299 0.504 0.013 0.351 0.346]
  eval: e=0.0456  p=[0.245 0.567 0.000 0.352 0.349]
  eval: e=0.0429  p=[0.272 0.571 0.000 0.325 0.353]
  eval: e=0.0927  p=[0.378 0.273 0.007 0.407 0.358]
  eval: e=0.2752  p=[0.231 0.443 0.000 0.355 0.345]
  183            9200         0.03871          0.4735        0
  eval: e=0.1219  p=[0.263 0.441 0.003 0.381 0.343]
  eval: e=0.1551  p=[0.240 0.570 0.001 0.310 0.348]
  eval: e=0.0432  p=[0.237 0.567 0.000 0.354 0.354]
  eval: e=0.0438  p=[0.247 0.568 0.000 0.345 0.356]
  eval: e=0.1741  p=[0.269 0.564 0.000 0.344 0.349]
  eval: e=0.0476  p=[0.220 0.571 0.001 0.364 0.351]
  eval: e=0.0814  p=[0.251 0.569 0.000 0.319 0.348]
  eval: e=0.2737  p=[0.266 0.498 0.009 0.292 0.351]
  eval: e=0.3666  p=[0.246 0.592 0.000 0.356 0.348]
  eval: e=0.0515  p=[0.238 0.580 0.008 0.358 0.353]
  eval: e=0.1739  p=[0.253 0.569 0.002 0.357 0.348]
  eval: e=0.1259  p=[0.245 0.544 0.004 0.337 0.353]
  eval: e=0.1209  p=[0.214 0.543 0.000 0.362 0.345]
  eval: e=0.0632  p=[0.253 0.569 0.001 0.329 0.354]
  eval: e=0.0410  p=[0.285 0.607 0.000 0.271 0.340]
  eval: e=0.0387  p=[0.235 0.569 0.000 0.360 0.355]
  eval: e=0.2234  p=[0.226 0.458 0.032 0.427 0.388]
  eval: e=0.0397  p=[0.240 0.570 0.001 0.357 0.354]
  eval: e=0.0457  p=[0.257 0.560 0.001 0.335 0.350]
  eval: e=0.0387  p=[0.235 0.568 0.000 0.362 0.355]
  eval: e=0.0692  p=[0.276 0.556 0.000 0.330 0.345]
  eval: e=0.0770  p=[0.256 0.557 0.000 0.329 0.353]
  eval: e=0.1254  p=[0.265 0.547 0.005 0.362 0.354]
  eval: e=0.0583  p=[0.249 0.570 0.001 0.334 0.354]
  eval: e=0.0890  p=[0.249 0.568 0.003 0.327 0.355]
  eval: e=2.8536  p=[0.239 0.582 0.000 0.393 0.346]
  eval: e=0.2116  p=[0.251 0.568 0.001 0.365 0.353]
  eval: e=0.1274  p=[0.341 0.558 0.004 0.210 0.328]
  eval: e=0.0615  p=[0.220 0.570 0.000 0.361 0.353]
  eval: e=0.0694  p=[0.292 0.549 0.008 0.323 0.346]
  eval: e=0.0787  p=[0.263 0.571 0.003 0.335 0.345]
  eval: e=0.0454  p=[0.239 0.573 0.003 0.347 0.353]
  eval: e=0.0388  p=[0.244 0.565 0.000 0.352 0.352]
  eval: e=0.1165  p=[0.233 0.529 0.008 0.403 0.350]
  eval: e=0.1617  p=[0.313 0.487 0.013 0.355 0.347]
  eval: e=1.2271  p=[0.286 0.563 0.000 0.354 0.353]
  eval: e=0.0431  p=[0.288 0.381 0.020 0.446 0.358]
  eval: e=0.1875  p=[0.242 0.560 0.006 0.315 0.357]
  eval: e=0.1651  p=[0.246 0.586 0.007 0.357 0.353]
  eval: e=0.0608  p=[0.258 0.549 0.005 0.356 0.371]
  eval: e=0.1756  p=[0.226 0.527 0.003 0.351 0.351]
  eval: e=1.4326  p=[0.256 0.571 0.000 0.374 0.346]
  eval: e=0.3448  p=[0.225 0.405 0.016 0.327 0.346]
  eval: e=0.2280  p=[0.252 0.579 0.001 0.353 0.347]
  eval: e=0.0389  p=[0.240 0.568 0.001 0.352 0.350]
  eval: e=0.2163  p=[0.254 0.449 0.019 0.365 0.348]
  eval: e=0.2941  p=[0.241 0.567 0.000 0.379 0.353]
  eval: e=1.4445  p=[0.256 0.570 0.003 0.382 0.354]
  eval: e=0.0575  p=[0.285 0.302 0.005 0.497 0.368]
  eval: e=3.5287  p=[0.271 0.591 0.000 0.361 0.348]
  184            9250          0.0387           0.318        0
  eval: e=0.8784  p=[0.250 0.549 0.021 0.401 0.353]
  eval: e=0.3436  p=[0.257 0.555 0.003 0.375 0.355]
  eval: e=0.0405  p=[0.233 0.570 0.000 0.364 0.354]
  eval: e=0.0667  p=[0.238 0.569 0.000 0.342 0.353]
  eval: e=0.0581  p=[0.263 0.562 0.000 0.320 0.349]
  eval: e=0.1905  p=[0.253 0.575 0.000 0.285 0.350]
  eval: e=0.0524  p=[0.244 0.569 0.000 0.360 0.356]
  eval: e=1.1163  p=[0.273 0.543 0.011 0.381 0.352]
  eval: e=0.0388  p=[0.234 0.569 0.000 0.356 0.349]
  eval: e=0.0398  p=[0.249 0.577 0.008 0.343 0.352]
  eval: e=0.0457  p=[0.256 0.569 0.002 0.336 0.357]
  eval: e=0.6797  p=[0.279 0.563 0.006 0.356 0.353]
  eval: e=0.0620  p=[0.223 0.567 0.000 0.357 0.349]
  eval: e=0.1073  p=[0.257 0.568 0.001 0.351 0.351]
  eval: e=0.0389  p=[0.239 0.567 0.000 0.352 0.348]
  eval: e=0.0387  p=[0.236 0.568 0.000 0.360 0.355]
  eval: e=3.9364  p=[0.249 0.490 0.000 0.475 0.375]
  eval: e=0.0392  p=[0.243 0.568 0.001 0.352 0.352]
  eval: e=0.0392  p=[0.244 0.573 0.000 0.349 0.356]
  eval: e=0.0387  p=[0.235 0.568 0.000 0.362 0.355]
  eval: e=0.0525  p=[0.262 0.556 0.000 0.326 0.347]
  eval: e=0.1208  p=[0.275 0.559 0.002 0.335 0.344]
  eval: e=0.0956  p=[0.243 0.546 0.006 0.346 0.354]
  eval: e=0.0603  p=[0.241 0.568 0.000 0.360 0.350]
  eval: e=0.0448  p=[0.259 0.569 0.000 0.338 0.351]
  eval: e=0.0851  p=[0.248 0.531 0.001 0.347 0.347]
  eval: e=0.0386  p=[0.232 0.568 0.000 0.364 0.354]
  eval: e=1.1175  p=[0.313 0.558 0.009 0.321 0.338]
  eval: e=0.0474  p=[0.249 0.570 0.001 0.350 0.351]
  eval: e=0.0965  p=[0.232 0.567 0.000 0.377 0.352]
  eval: e=0.0424  p=[0.242 0.568 0.000 0.348 0.352]
  eval: e=0.2753  p=[0.256 0.572 0.000 0.360 0.353]
  eval: e=0.0389  p=[0.225 0.569 0.001 0.368 0.353]
  eval: e=1.0062  p=[0.275 0.556 0.013 0.372 0.354]
  eval: e=0.2434  p=[0.253 0.462 0.013 0.346 0.351]
  eval: e=0.0677  p=[0.249 0.562 0.005 0.332 0.347]
  eval: e=0.1547  p=[0.277 0.453 0.007 0.364 0.358]
  eval: e=0.2137  p=[0.259 0.577 0.009 0.265 0.342]
  eval: e=0.1447  p=[0.229 0.569 0.003 0.330 0.352]
  eval: e=0.6076  p=[0.264 0.561 0.001 0.355 0.337]
  eval: e=0.0857  p=[0.277 0.538 0.000 0.346 0.348]
  eval: e=0.0470  p=[0.252 0.569 0.000 0.335 0.353]
  eval: e=23.4718  p=[0.400 0.439 0.010 0.413 0.357]
  eval: e=0.0408  p=[0.243 0.564 0.001 0.353 0.355]
  eval: e=0.0390  p=[0.240 0.568 0.001 0.352 0.349]
  eval: e=0.1109  p=[0.261 0.524 0.013 0.381 0.351]
  eval: e=0.0460  p=[0.241 0.565 0.000 0.352 0.355]
  eval: e=0.1705  p=[0.231 0.570 0.000 0.318 0.351]
  eval: e=0.3565  p=[0.250 0.202 0.010 0.425 0.353]
  eval: e=0.0672  p=[0.269 0.505 0.000 0.350 0.349]
  185            9300         0.03865          0.7368        0
  eval: e=0.2238  p=[0.259 0.419 0.006 0.365 0.340]
  eval: e=0.1075  p=[0.247 0.559 0.000 0.361 0.344]
  eval: e=0.0419  p=[0.240 0.566 0.000 0.364 0.358]
  eval: e=0.2135  p=[0.266 0.569 0.000 0.350 0.353]
  eval: e=0.0585  p=[0.245 0.563 0.000 0.338 0.349]
  eval: e=8.7461  p=[0.247 0.568 0.000 0.420 0.354]
  eval: e=0.0452  p=[0.246 0.569 0.000 0.344 0.355]
  eval: e=0.0865  p=[0.261 0.550 0.004 0.323 0.349]
  eval: e=0.0389  p=[0.244 0.563 0.000 0.353 0.352]
  eval: e=0.0918  p=[0.226 0.562 0.006 0.350 0.349]
  eval: e=0.0422  p=[0.246 0.563 0.002 0.347 0.342]
  eval: e=0.1162  p=[0.260 0.518 0.000 0.334 0.347]
  eval: e=0.0988  p=[0.267 0.532 0.000 0.324 0.349]
  eval: e=0.0486  p=[0.239 0.567 0.000 0.349 0.354]
  eval: e=0.0389  p=[0.228 0.564 0.000 0.373 0.359]
  eval: e=0.0387  p=[0.236 0.568 0.000 0.360 0.355]
  eval: e=0.0554  p=[0.307 0.520 0.020 0.342 0.363]
  eval: e=0.0458  p=[0.236 0.569 0.002 0.355 0.356]
  eval: e=0.1262  p=[0.254 0.572 0.000 0.300 0.344]
  eval: e=0.0387  p=[0.235 0.568 0.000 0.362 0.355]
  eval: e=0.0391  p=[0.258 0.563 0.000 0.335 0.348]
  eval: e=0.0398  p=[0.275 0.529 0.000 0.340 0.345]
  eval: e=0.0981  p=[0.257 0.552 0.000 0.363 0.354]
  eval: e=0.0542  p=[0.239 0.572 0.002 0.344 0.354]
  eval: e=0.3454  p=[0.257 0.568 0.000 0.365 0.353]
  eval: e=0.0484  p=[0.247 0.576 0.000 0.345 0.348]
  eval: e=0.0396  p=[0.230 0.568 0.000 0.363 0.354]
  eval: e=0.3028  p=[0.359 0.564 0.000 0.133 0.350]
  eval: e=0.1076  p=[0.252 0.569 0.000 0.356 0.352]
  eval: e=0.2006  p=[0.255 0.573 0.003 0.350 0.344]
  eval: e=0.0479  p=[0.239 0.568 0.001 0.347 0.351]
  eval: e=0.1240  p=[0.240 0.567 0.002 0.324 0.351]
  eval: e=0.0407  p=[0.241 0.564 0.000 0.354 0.354]
  eval: e=0.0633  p=[0.240 0.473 0.013 0.409 0.352]
  eval: e=0.0716  p=[0.269 0.499 0.017 0.358 0.347]
  eval: e=0.0907  p=[0.243 0.559 0.001 0.367 0.348]
  eval: e=1.1120  p=[0.227 0.518 0.016 0.448 0.355]
  eval: e=4.2817  p=[0.390 0.575 0.001 0.269 0.350]
  eval: e=0.0633  p=[0.247 0.576 0.004 0.352 0.351]
  eval: e=0.1910  p=[0.238 0.549 0.005 0.337 0.368]
  eval: e=0.0873  p=[0.260 0.562 0.003 0.350 0.351]
  eval: e=0.0452  p=[0.237 0.569 0.000 0.350 0.352]
  eval: e=0.0792  p=[0.424 0.273 0.000 0.348 0.338]
  eval: e=0.0451  p=[0.235 0.579 0.001 0.344 0.349]
  eval: e=0.0389  p=[0.240 0.568 0.001 0.352 0.349]
  eval: e=0.4212  p=[0.299 0.488 0.012 0.373 0.341]
  eval: e=0.0405  p=[0.227 0.570 0.000 0.365 0.355]
  eval: e=0.4639  p=[0.270 0.569 0.000 0.351 0.349]
  eval: e=83.1015  p=[0.386 0.509 0.010 0.468 0.358]
  eval: e=0.0419  p=[0.254 0.535 0.001 0.359 0.354]
  186            9350         0.03865           2.041        1
  eval: e=4.4700  p=[0.238 0.583 0.012 0.405 0.346]
  eval: e=0.0449  p=[0.252 0.560 0.001 0.353 0.353]
  eval: e=0.0444  p=[0.235 0.569 0.000 0.353 0.353]
  eval: e=0.0390  p=[0.257 0.569 0.000 0.336 0.353]
  eval: e=0.4079  p=[0.257 0.563 0.000 0.368 0.352]
  eval: e=0.1500  p=[0.254 0.573 0.000 0.299 0.352]
  eval: e=0.0606  p=[0.252 0.568 0.000 0.331 0.353]
  eval: e=0.5370  p=[0.304 0.562 0.000 0.315 0.338]
  eval: e=0.0398  p=[0.239 0.564 0.000 0.352 0.349]
  eval: e=0.0412  p=[0.252 0.563 0.007 0.343 0.351]
  eval: e=0.0417  p=[0.251 0.565 0.002 0.344 0.355]
  eval: e=0.2066  p=[0.240 0.538 0.008 0.324 0.354]
  eval: e=0.5789  p=[0.253 0.581 0.000 0.364 0.351]
  eval: e=0.0984  p=[0.244 0.569 0.000 0.327 0.352]
  eval: e=0.0394  p=[0.231 0.565 0.000 0.373 0.359]
  eval: e=0.0388  p=[0.233 0.568 0.000 0.364 0.355]
  eval: e=119.8095  p=[0.291 0.556 0.028 0.541 0.364]
  eval: e=0.0396  p=[0.235 0.568 0.000 0.361 0.352]
  eval: e=0.1248  p=[0.250 0.566 0.000 0.326 0.364]
  eval: e=0.0391  p=[0.234 0.568 0.000 0.364 0.354]
  eval: e=0.0388  p=[0.242 0.568 0.000 0.354 0.354]
  eval: e=0.1076  p=[0.220 0.541 0.000 0.370 0.357]
  eval: e=0.3430  p=[0.265 0.557 0.003 0.365 0.354]
  eval: e=0.2129  p=[0.269 0.570 0.000 0.346 0.352]
  eval: e=0.0414  p=[0.261 0.569 0.000 0.330 0.354]
  eval: e=0.0958  p=[0.250 0.540 0.000 0.345 0.357]
  eval: e=0.0391  p=[0.234 0.568 0.000 0.364 0.354]
  eval: e=16.7694  p=[0.301 0.565 0.009 0.353 0.309]
  eval: e=0.1152  p=[0.252 0.569 0.000 0.357 0.352]
  eval: e=0.1166  p=[0.245 0.563 0.006 0.331 0.357]
  eval: e=0.2726  p=[0.249 0.568 0.000 0.364 0.348]
  eval: e=0.1879  p=[0.255 0.566 0.000 0.358 0.351]
  eval: e=0.0391  p=[0.250 0.564 0.000 0.348 0.352]
  eval: e=0.1220  p=[0.242 0.594 0.018 0.352 0.347]
  eval: e=0.1530  p=[0.256 0.480 0.002 0.362 0.354]
  eval: e=0.0435  p=[0.262 0.550 0.003 0.349 0.352]
  eval: e=0.2242  p=[0.289 0.358 0.007 0.394 0.357]
  eval: e=10.1372  p=[0.303 0.561 0.011 0.371 0.345]
  eval: e=0.0573  p=[0.229 0.598 0.005 0.337 0.354]
  eval: e=0.0672  p=[0.235 0.550 0.000 0.364 0.360]
  eval: e=0.0638  p=[0.261 0.547 0.000 0.333 0.351]
  eval: e=0.0626  p=[0.257 0.568 0.000 0.345 0.351]
  eval: e=0.3058  p=[0.369 0.371 0.044 0.406 0.355]
  eval: e=0.0616  p=[0.264 0.577 0.001 0.333 0.351]
  eval: e=0.0631  p=[0.238 0.568 0.000 0.364 0.350]
  eval: e=0.0438  p=[0.306 0.452 0.019 0.366 0.348]
  eval: e=0.0417  p=[0.236 0.568 0.000 0.364 0.355]
  eval: e=0.0399  p=[0.246 0.568 0.000 0.347 0.354]
  eval: e=0.2513  p=[0.218 0.454 0.000 0.397 0.369]
  eval: e=0.0419  p=[0.248 0.536 0.001 0.365 0.353]
  187            9400         0.03865            3.14        2
  eval: e=0.2916  p=[0.255 0.352 0.006 0.387 0.347]
  eval: e=0.1042  p=[0.236 0.561 0.001 0.340 0.354]
  eval: e=0.0738  p=[0.232 0.569 0.000 0.374 0.355]
  eval: e=0.0413  p=[0.237 0.569 0.000 0.354 0.354]
  eval: e=0.0401  p=[0.250 0.568 0.000 0.340 0.351]
  eval: e=0.0980  p=[0.255 0.572 0.000 0.351 0.353]
  eval: e=0.0390  p=[0.238 0.567 0.000 0.356 0.354]
  eval: e=0.2718  p=[0.204 0.536 0.004 0.333 0.356]
  eval: e=0.0392  p=[0.233 0.571 0.000 0.358 0.354]
  eval: e=0.0787  p=[0.232 0.573 0.006 0.372 0.351]
  eval: e=0.0490  p=[0.247 0.567 0.002 0.338 0.349]
  eval: e=5.2479  p=[0.309 0.546 0.007 0.363 0.346]
  eval: e=0.0806  p=[0.236 0.561 0.000 0.341 0.348]
  eval: e=1.0354  p=[0.267 0.568 0.000 0.366 0.353]
  eval: e=0.0397  p=[0.228 0.565 0.000 0.372 0.359]
  eval: e=0.0390  p=[0.235 0.568 0.000 0.362 0.355]
  eval: e=0.3772  p=[0.262 0.391 0.015 0.232 0.368]
  eval: e=0.0399  p=[0.237 0.568 0.002 0.361 0.354]
  eval: e=0.0980  p=[0.260 0.567 0.000 0.344 0.347]
  eval: e=0.0391  p=[0.234 0.568 0.000 0.363 0.354]
  eval: e=0.0406  p=[0.229 0.568 0.000 0.364 0.355]
  eval: e=0.5574  p=[0.278 0.545 0.000 0.362 0.351]
  eval: e=0.0576  p=[0.264 0.551 0.010 0.353 0.352]
  eval: e=0.0439  p=[0.267 0.568 0.000 0.331 0.352]
  eval: e=0.2769  p=[0.246 0.569 0.000 0.371 0.353]
  eval: e=0.0485  p=[0.241 0.547 0.000 0.356 0.349]
  eval: e=0.0387  p=[0.232 0.568 0.000 0.364 0.354]
  eval: e=0.3023  p=[0.344 0.560 0.006 0.165 0.362]
  eval: e=0.0390  p=[0.252 0.569 0.000 0.342 0.352]
  eval: e=0.7267  p=[0.264 0.567 0.006 0.362 0.346]
  eval: e=0.1014  p=[0.244 0.568 0.001 0.329 0.355]
  eval: e=0.1030  p=[0.231 0.570 0.000 0.338 0.354]
  eval: e=0.1055  p=[0.246 0.572 0.000 0.363 0.355]
  eval: e=0.0939  p=[0.276 0.471 0.014 0.370 0.356]
  eval: e=1.5465  p=[0.317 0.514 0.000 0.358 0.351]
  eval: e=0.0801  p=[0.240 0.547 0.000 0.348 0.350]
  eval: e=2.7104  p=[0.240 0.580 0.009 0.405 0.357]
  eval: e=17.8463  p=[0.337 0.565 0.000 0.360 0.357]
  eval: e=0.3373  p=[0.245 0.597 0.004 0.358 0.353]
  eval: e=0.1732  p=[0.245 0.549 0.005 0.316 0.349]
  eval: e=0.0407  p=[0.267 0.559 0.004 0.328 0.348]
  eval: e=0.0530  p=[0.230 0.569 0.000 0.352 0.350]
  eval: e=0.3664  p=[0.255 0.241 0.022 0.368 0.350]
  eval: e=0.0691  p=[0.255 0.574 0.001 0.324 0.356]
  eval: e=0.0387  p=[0.236 0.568 0.000 0.361 0.355]
  eval: e=0.0503  p=[0.250 0.492 0.019 0.392 0.350]
  eval: e=0.0389  p=[0.236 0.566 0.000 0.363 0.357]
  eval: e=0.4234  p=[0.258 0.569 0.000 0.363 0.351]
  eval: e=32.8084  p=[0.333 0.489 0.009 0.443 0.362]
  eval: e=0.4504  p=[0.276 0.527 0.000 0.363 0.338]
  188            9450         0.03865           1.354        3
  eval: e=51.4626  p=[0.246 0.660 0.027 0.410 0.342]
  eval: e=0.3091  p=[0.271 0.565 0.000 0.351 0.353]
  eval: e=0.0656  p=[0.237 0.569 0.000 0.368 0.354]
  eval: e=0.0389  p=[0.236 0.568 0.000 0.359 0.354]
  eval: e=0.0903  p=[0.247 0.563 0.000 0.330 0.352]
  eval: e=0.0390  p=[0.251 0.569 0.000 0.344 0.353]
  eval: e=0.0393  p=[0.235 0.567 0.000 0.363 0.354]
  eval: e=2.0010  p=[0.328 0.534 0.006 0.332 0.340]
  eval: e=0.0391  p=[0.234 0.568 0.000 0.361 0.352]
  eval: e=0.0394  p=[0.238 0.568 0.009 0.363 0.355]
  eval: e=0.0651  p=[0.240 0.567 0.002 0.367 0.355]
  eval: e=0.2516  p=[0.194 0.566 0.003 0.328 0.351]
  eval: e=0.4866  p=[0.287 0.535 0.000 0.348 0.339]
  eval: e=0.0387  p=[0.226 0.568 0.000 0.367 0.350]
  eval: e=0.0576  p=[0.234 0.567 0.000 0.370 0.354]
  eval: e=0.0391  p=[0.235 0.568 0.000 0.362 0.354]
  eval: e=159.7587  p=[0.296 0.434 0.029 0.655 0.353]
  eval: e=0.0390  p=[0.238 0.569 0.000 0.357 0.355]
  eval: e=0.0388  p=[0.226 0.568 0.000 0.365 0.351]
  eval: e=0.0391  p=[0.232 0.568 0.000 0.363 0.355]
  eval: e=0.0423  p=[0.240 0.567 0.000 0.361 0.355]
  eval: e=0.0401  p=[0.245 0.541 0.000 0.362 0.345]
  eval: e=0.1527  p=[0.229 0.544 0.007 0.346 0.352]
  eval: e=0.1231  p=[0.233 0.568 0.000 0.334 0.354]
  eval: e=0.0803  p=[0.240 0.568 0.000 0.337 0.354]
  eval: e=0.0419  p=[0.260 0.571 0.000 0.331 0.356]
  eval: e=0.0386  p=[0.232 0.568 0.000 0.364 0.354]
  eval: e=63.9115  p=[0.280 0.563 0.002 0.437 0.334]
  eval: e=0.0668  p=[0.237 0.568 0.000 0.369 0.354]
  eval: e=0.1118  p=[0.246 0.568 0.002 0.323 0.354]
  eval: e=0.0885  p=[0.232 0.568 0.000 0.337 0.348]
  eval: e=0.6694  p=[0.267 0.567 0.000 0.358 0.349]
  eval: e=0.0397  p=[0.243 0.569 0.000 0.354 0.354]
  eval: e=1.8219  p=[0.233 0.585 0.005 0.394 0.348]
  eval: e=0.1944  p=[0.268 0.554 0.000 0.355 0.351]
  eval: e=0.0527  p=[0.257 0.569 0.005 0.347 0.354]
  eval: e=0.1556  p=[0.282 0.364 0.006 0.419 0.357]
  eval: e=0.3098  p=[0.257 0.567 0.009 0.230 0.351]
  eval: e=0.0802  p=[0.238 0.586 0.002 0.327 0.352]
  eval: e=0.1999  p=[0.276 0.573 0.004 0.336 0.351]
  eval: e=0.1079  p=[0.270 0.549 0.003 0.354 0.355]
  eval: e=0.0506  p=[0.251 0.568 0.000 0.335 0.353]
  eval: e=31.6168  p=[0.414 0.691 0.005 0.394 0.347]
  eval: e=0.2212  p=[0.241 0.567 0.000 0.376 0.353]
  eval: e=0.0388  p=[0.234 0.568 0.000 0.362 0.355]
  eval: e=0.5212  p=[0.282 0.505 0.000 0.376 0.341]
  eval: e=0.0392  p=[0.233 0.568 0.000 0.364 0.354]
  eval: e=0.0571  p=[0.241 0.567 0.000 0.340 0.350]
  eval: e=0.0866  p=[0.281 0.457 0.003 0.382 0.366]
  eval: e=0.1617  p=[0.275 0.542 0.000 0.357 0.354]
  189            9500         0.03865           6.321        0
  eval: e=0.4224  p=[0.257 0.526 0.021 0.403 0.355]
  eval: e=0.0560  p=[0.259 0.565 0.001 0.322 0.347]
  eval: e=0.0390  p=[0.235 0.568 0.000 0.360 0.354]
  eval: e=0.0389  p=[0.234 0.568 0.000 0.356 0.347]
  eval: e=0.5977  p=[0.252 0.563 0.000 0.377 0.352]
  eval: e=0.1429  p=[0.243 0.571 0.000 0.361 0.346]
  eval: e=0.0392  p=[0.235 0.568 0.000 0.359 0.354]
  eval: e=0.1376  p=[0.210 0.575 0.006 0.337 0.341]
  eval: e=0.0434  p=[0.242 0.566 0.000 0.346 0.350]
  eval: e=0.0405  p=[0.243 0.567 0.005 0.358 0.355]
  eval: e=0.0581  p=[0.235 0.566 0.002 0.350 0.352]
  eval: e=1.0388  p=[0.333 0.510 0.007 0.342 0.350]
  eval: e=0.0565  p=[0.236 0.545 0.000 0.355 0.344]
  eval: e=0.0410  p=[0.221 0.568 0.000 0.367 0.350]
  eval: e=0.0410  p=[0.234 0.567 0.000 0.363 0.359]
  eval: e=0.0396  p=[0.236 0.569 0.000 0.362 0.355]
  eval: e=0.3829  p=[0.235 0.375 0.000 0.229 0.369]
  eval: e=0.0388  p=[0.236 0.569 0.002 0.360 0.355]
  eval: e=0.0401  p=[0.230 0.568 0.000 0.367 0.353]
  eval: e=0.0405  p=[0.239 0.568 0.000 0.360 0.355]
  eval: e=0.0391  p=[0.234 0.568 0.000 0.360 0.354]
  eval: e=0.0673  p=[0.229 0.553 0.000 0.355 0.345]
  eval: e=2.0392  p=[0.294 0.543 0.007 0.368 0.352]
  eval: e=0.2497  p=[0.259 0.568 0.000 0.357 0.352]
  eval: e=0.0504  p=[0.240 0.569 0.000 0.340 0.347]
  eval: e=0.3511  p=[0.261 0.562 0.000 0.364 0.352]
  eval: e=0.0386  p=[0.232 0.568 0.000 0.364 0.354]
  eval: e=0.0705  p=[0.344 0.567 0.003 0.210 0.319]
  eval: e=0.0396  p=[0.245 0.568 0.000 0.352 0.353]
  eval: e=0.0922  p=[0.250 0.566 0.002 0.361 0.354]
  eval: e=0.0528  p=[0.252 0.569 0.000 0.345 0.348]
  eval: e=0.0957  p=[0.233 0.570 0.000 0.341 0.356]
  eval: e=0.0407  p=[0.240 0.566 0.000 0.354 0.354]
  eval: e=0.0509  p=[0.250 0.495 0.003 0.395 0.345]
  eval: e=0.0402  p=[0.277 0.496 0.000 0.363 0.351]
  eval: e=0.2459  p=[0.268 0.559 0.003 0.354 0.350]
  eval: e=0.1867  p=[0.272 0.494 0.017 0.402 0.357]
  eval: e=0.2258  p=[0.294 0.567 0.009 0.242 0.352]
  eval: e=0.0806  p=[0.247 0.580 0.000 0.352 0.353]
  eval: e=0.0711  p=[0.265 0.542 0.001 0.329 0.350]
  eval: e=0.0567  p=[0.256 0.559 0.002 0.349 0.348]
  eval: e=0.0545  p=[0.247 0.567 0.000 0.338 0.352]
  eval: e=0.1442  p=[0.403 0.244 0.033 0.388 0.347]
  eval: e=0.0449  p=[0.253 0.574 0.001 0.339 0.348]
  eval: e=0.0395  p=[0.234 0.568 0.001 0.360 0.354]
  eval: e=0.3079  p=[0.241 0.390 0.012 0.375 0.356]
  eval: e=0.0393  p=[0.247 0.568 0.000 0.351 0.358]
  eval: e=0.0430  p=[0.251 0.569 0.000 0.347 0.353]
  eval: e=60.3776  p=[0.382 0.494 0.006 0.436 0.356]
  eval: e=0.1978  p=[0.227 0.494 0.000 0.361 0.348]
  190            9550         0.03865           1.375        0
  eval: e=0.2148  p=[0.229 0.454 0.031 0.380 0.335]
  eval: e=0.0516  p=[0.248 0.566 0.000 0.355 0.354]
  eval: e=0.0393  p=[0.235 0.569 0.000 0.358 0.355]
  eval: e=0.0400  p=[0.235 0.567 0.000 0.367 0.358]
  eval: e=0.1797  p=[0.256 0.568 0.000 0.291 0.351]
  eval: e=0.1124  p=[0.239 0.570 0.000 0.326 0.351]
  eval: e=0.0398  p=[0.237 0.568 0.000 0.357 0.354]
  eval: e=0.0422  p=[0.223 0.567 0.005 0.363 0.346]
  eval: e=0.0562  p=[0.240 0.570 0.000 0.361 0.353]
  eval: e=0.0393  p=[0.236 0.569 0.005 0.360 0.355]
  eval: e=0.0401  p=[0.236 0.567 0.003 0.360 0.350]
  eval: e=0.3165  p=[0.278 0.571 0.005 0.338 0.349]
  eval: e=0.0398  p=[0.294 0.538 0.000 0.314 0.345]
  eval: e=0.0449  p=[0.230 0.568 0.000 0.367 0.350]
  eval: e=0.0388  p=[0.233 0.564 0.000 0.365 0.355]
  eval: e=0.0391  p=[0.236 0.568 0.000 0.359 0.354]
  eval: e=128.2919  p=[0.247 0.601 0.034 0.594 0.354]
  eval: e=0.0387  p=[0.235 0.569 0.001 0.361 0.355]
  eval: e=0.0404  p=[0.223 0.568 0.000 0.366 0.350]
  eval: e=0.0440  p=[0.231 0.568 0.000 0.361 0.355]
  eval: e=0.0396  p=[0.233 0.568 0.000 0.359 0.353]
  eval: e=0.0520  p=[0.254 0.563 0.000 0.335 0.353]
  eval: e=0.1034  p=[0.225 0.562 0.006 0.350 0.351]
  eval: e=0.0391  p=[0.245 0.570 0.000 0.346 0.349]
  eval: e=0.0577  p=[0.260 0.569 0.000 0.339 0.349]
  eval: e=0.0393  p=[0.264 0.554 0.000 0.337 0.348]
  eval: e=0.0386  p=[0.232 0.568 0.000 0.364 0.354]
  eval: e=9.2636  p=[0.307 0.563 0.006 0.342 0.318]
  eval: e=0.0460  p=[0.244 0.569 0.000 0.343 0.352]
  eval: e=0.1264  p=[0.235 0.568 0.002 0.322 0.346]
  eval: e=0.1248  p=[0.239 0.568 0.000 0.368 0.349]
  eval: e=0.0466  p=[0.248 0.568 0.000 0.336 0.349]
  eval: e=0.0507  p=[0.243 0.566 0.000 0.360 0.353]
  eval: e=0.1515  p=[0.249 0.461 0.009 0.380 0.349]
  eval: e=0.9314  p=[0.265 0.572 0.000 0.364 0.352]
  eval: e=0.0427  p=[0.263 0.558 0.003 0.339 0.348]
  eval: e=0.0490  p=[0.274 0.495 0.005 0.381 0.358]
  eval: e=1.4432  p=[0.303 0.567 0.005 0.334 0.347]
  eval: e=0.0777  p=[0.229 0.578 0.002 0.368 0.349]
  eval: e=0.1569  p=[0.254 0.566 0.005 0.363 0.355]
  eval: e=0.0685  p=[0.248 0.559 0.002 0.358 0.347]
  eval: e=0.2965  p=[0.250 0.568 0.000 0.366 0.350]
  eval: e=0.0454  p=[0.224 0.545 0.023 0.397 0.352]
  eval: e=0.0464  p=[0.249 0.570 0.001 0.348 0.350]
  eval: e=0.0417  p=[0.239 0.569 0.000 0.361 0.355]
  eval: e=12.8034  p=[0.251 0.611 0.013 0.391 0.343]
  eval: e=0.0422  p=[0.227 0.568 0.000 0.376 0.357]
  eval: e=0.0409  p=[0.258 0.569 0.000 0.332 0.353]
  eval: e=0.0871  p=[0.293 0.432 0.004 0.377 0.355]
  eval: e=0.0427  p=[0.273 0.497 0.000 0.365 0.353]
  191            9600         0.03865           3.123        0
  eval: e=0.2553  p=[0.235 0.457 0.012 0.365 0.354]
  eval: e=0.0393  p=[0.246 0.562 0.001 0.352 0.350]
  eval: e=0.0389  p=[0.236 0.569 0.000 0.360 0.355]
  eval: e=0.0388  p=[0.233 0.568 0.000 0.365 0.357]
  eval: e=5.2787  p=[0.244 0.566 0.000 0.413 0.352]
  eval: e=0.0464  p=[0.253 0.569 0.000 0.348 0.355]
  eval: e=0.0396  p=[0.238 0.568 0.000 0.357 0.355]
  eval: e=7.3626  p=[0.307 0.562 0.003 0.357 0.344]
  eval: e=0.0400  p=[0.232 0.567 0.000 0.362 0.349]
  eval: e=0.0389  p=[0.235 0.569 0.001 0.360 0.355]
  eval: e=0.0394  p=[0.247 0.565 0.002 0.346 0.350]
  eval: e=0.2112  p=[0.224 0.525 0.002 0.336 0.346]
  eval: e=0.0699  p=[0.270 0.541 0.000 0.332 0.358]
  eval: e=0.0401  p=[0.222 0.568 0.000 0.367 0.351]
  eval: e=0.0387  p=[0.233 0.564 0.000 0.365 0.354]
  eval: e=0.0387  p=[0.236 0.568 0.000 0.360 0.354]
  eval: e=0.3883  p=[0.247 0.238 0.000 0.265 0.378]
  eval: e=0.0387  p=[0.235 0.569 0.001 0.361 0.355]
  eval: e=0.0533  p=[0.229 0.568 0.000 0.356 0.353]
  eval: e=0.0388  p=[0.235 0.568 0.000 0.361 0.355]
  eval: e=0.0436  p=[0.242 0.567 0.000 0.360 0.355]
  eval: e=0.2819  p=[0.263 0.548 0.000 0.371 0.354]
  eval: e=0.0417  p=[0.271 0.537 0.004 0.350 0.354]
  eval: e=0.0789  p=[0.228 0.568 0.000 0.352 0.357]
  eval: e=0.5625  p=[0.261 0.569 0.000 0.363 0.351]
  eval: e=0.0558  p=[0.261 0.553 0.000 0.353 0.355]
  eval: e=0.0386  p=[0.232 0.568 0.000 0.364 0.354]
  eval: e=5.7425  p=[0.264 0.566 0.006 0.377 0.326]
  eval: e=0.0398  p=[0.239 0.568 0.000 0.355 0.355]
  eval: e=0.8490  p=[0.267 0.568 0.011 0.365 0.350]
  eval: e=0.0929  p=[0.251 0.568 0.000 0.318 0.349]
  eval: e=0.0526  p=[0.261 0.570 0.000 0.342 0.355]
  eval: e=0.0388  p=[0.244 0.566 0.000 0.353 0.353]
  eval: e=0.0993  p=[0.258 0.462 0.010 0.382 0.346]
  eval: e=0.0558  p=[0.241 0.572 0.000 0.358 0.352]
  eval: e=0.0741  p=[0.251 0.565 0.002 0.354 0.349]
  eval: e=0.2276  p=[0.264 0.445 0.022 0.363 0.357]
  eval: e=0.0505  p=[0.280 0.568 0.003 0.302 0.347]
  eval: e=0.1958  p=[0.253 0.571 0.007 0.365 0.356]
  eval: e=0.0587  p=[0.263 0.568 0.001 0.343 0.356]
  eval: e=0.0838  p=[0.254 0.559 0.004 0.326 0.350]
  eval: e=0.0439  p=[0.239 0.567 0.000 0.354 0.356]
  eval: e=0.0899  p=[0.213 0.602 0.022 0.380 0.353]
  eval: e=0.0403  p=[0.242 0.571 0.001 0.349 0.354]
  eval: e=0.0400  p=[0.238 0.567 0.000 0.361 0.355]
  eval: e=0.3250  p=[0.312 0.494 0.012 0.365 0.355]
  eval: e=0.0389  p=[0.230 0.567 0.000 0.369 0.356]
  eval: e=0.0929  p=[0.229 0.568 0.000 0.343 0.352]
  eval: e=0.0462  p=[0.341 0.334 0.010 0.426 0.359]
  eval: e=0.0511  p=[0.248 0.524 0.000 0.365 0.350]
  192            9650         0.03865          0.4734        0
  eval: e=4.6776  p=[0.283 0.464 0.003 0.441 0.346]
  eval: e=0.0529  p=[0.241 0.561 0.001 0.348 0.352]
  eval: e=0.0393  p=[0.233 0.569 0.000 0.365 0.354]
  eval: e=0.0391  p=[0.234 0.569 0.001 0.362 0.355]
  eval: e=9.1393  p=[0.254 0.562 0.000 0.417 0.353]
  eval: e=0.0497  p=[0.258 0.570 0.000 0.339 0.349]
  eval: e=0.0395  p=[0.238 0.568 0.000 0.360 0.354]
  eval: e=0.2488  p=[0.210 0.547 0.001 0.323 0.348]
  eval: e=0.0432  p=[0.236 0.563 0.000 0.357 0.352]
  eval: e=0.0388  p=[0.235 0.567 0.000 0.360 0.355]
  eval: e=0.0686  p=[0.241 0.569 0.001 0.340 0.354]
  eval: e=0.0411  p=[0.225 0.577 0.008 0.366 0.349]
  eval: e=0.1513  p=[0.265 0.562 0.000 0.344 0.344]
  eval: e=0.0388  p=[0.226 0.568 0.000 0.367 0.350]
  eval: e=0.0388  p=[0.226 0.570 0.000 0.368 0.353]
  eval: e=0.0387  p=[0.236 0.568 0.000 0.360 0.354]
  eval: e=120.7771  p=[0.261 0.581 0.020 0.601 0.371]
  eval: e=0.0388  p=[0.235 0.568 0.000 0.361 0.354]
  eval: e=0.0394  p=[0.232 0.569 0.000 0.360 0.353]
  eval: e=0.0388  p=[0.235 0.568 0.001 0.362 0.355]
  eval: e=0.0411  p=[0.238 0.569 0.000 0.358 0.352]
  eval: e=0.7566  p=[0.263 0.554 0.000 0.369 0.344]
  eval: e=0.0398  p=[0.230 0.575 0.003 0.363 0.352]
  eval: e=0.2903  p=[0.251 0.569 0.000 0.365 0.351]
  eval: e=0.1092  p=[0.242 0.568 0.000 0.365 0.351]
  eval: e=0.0527  p=[0.254 0.566 0.000 0.327 0.347]
  eval: e=0.0386  p=[0.232 0.568 0.000 0.364 0.354]
  eval: e=3.0938  p=[0.399 0.559 0.006 0.246 0.325]
  eval: e=0.0414  p=[0.256 0.569 0.000 0.340 0.351]
  eval: e=0.1176  p=[0.228 0.568 0.000 0.337 0.351]
  eval: e=0.0398  p=[0.239 0.568 0.000 0.350 0.349]
  eval: e=0.0442  p=[0.255 0.568 0.000 0.335 0.354]
  eval: e=0.0402  p=[0.244 0.565 0.000 0.350 0.352]
  eval: e=0.2875  p=[0.229 0.432 0.005 0.367 0.353]
  eval: e=0.0408  p=[0.282 0.493 0.000 0.365 0.353]
  eval: e=0.0497  p=[0.253 0.560 0.004 0.344 0.356]
  eval: e=0.0723  p=[0.250 0.530 0.009 0.360 0.356]
  eval: e=0.1224  p=[0.294 0.567 0.015 0.271 0.346]
  eval: e=0.1763  p=[0.229 0.571 0.002 0.321 0.355]
  eval: e=0.0595  p=[0.240 0.541 0.002 0.364 0.356]
  eval: e=0.1193  p=[0.238 0.566 0.001 0.327 0.350]
  eval: e=0.0689  p=[0.234 0.570 0.000 0.344 0.352]
  eval: e=0.1577  p=[0.224 0.515 0.000 0.366 0.352]
  eval: e=0.0511  p=[0.250 0.566 0.001 0.350 0.349]
  eval: e=0.0401  p=[0.233 0.568 0.000 0.360 0.354]
  eval: e=0.2228  p=[0.254 0.433 0.007 0.372 0.352]
  eval: e=0.0387  p=[0.228 0.567 0.000 0.364 0.351]
  eval: e=0.0416  p=[0.245 0.569 0.000 0.349 0.350]
  eval: e=0.0611  p=[0.199 0.596 0.000 0.368 0.356]
  eval: e=0.0775  p=[0.236 0.535 0.000 0.358 0.346]
  193            9700         0.03865           2.841        1
  eval: e=0.0418  p=[0.254 0.468 0.036 0.418 0.350]
  eval: e=0.0856  p=[0.245 0.556 0.000 0.339 0.354]
  eval: e=0.0388  p=[0.237 0.567 0.000 0.359 0.355]
  eval: e=0.0408  p=[0.236 0.567 0.000 0.365 0.356]
  eval: e=0.1411  p=[0.236 0.563 0.000 0.327 0.352]
  eval: e=0.0686  p=[0.246 0.569 0.000 0.355 0.350]
  eval: e=0.0414  p=[0.235 0.568 0.000 0.357 0.354]
  eval: e=0.3912  p=[0.269 0.552 0.011 0.367 0.352]
  eval: e=0.0388  p=[0.235 0.574 0.000 0.356 0.354]
  eval: e=0.0408  p=[0.235 0.567 0.000 0.365 0.355]
  eval: e=0.0503  p=[0.246 0.568 0.002 0.352 0.349]
  eval: e=0.2349  p=[0.227 0.500 0.000 0.344 0.349]
  eval: e=0.1109  p=[0.256 0.561 0.000 0.350 0.344]
  eval: e=0.0407  p=[0.227 0.568 0.000 0.363 0.351]
  eval: e=0.0741  p=[0.246 0.564 0.000 0.364 0.355]
  eval: e=0.0387  p=[0.225 0.568 0.000 0.368 0.352]
  eval: e=0.3774  p=[0.244 0.334 0.029 0.291 0.366]
  eval: e=0.0387  p=[0.231 0.569 0.001 0.365 0.354]
  eval: e=0.0418  p=[0.230 0.569 0.000 0.367 0.352]
  eval: e=0.0441  p=[0.232 0.568 0.000 0.368 0.353]
  eval: e=0.0390  p=[0.233 0.567 0.000 0.363 0.354]
  eval: e=0.1302  p=[0.232 0.537 0.000 0.352 0.354]
  eval: e=0.0399  p=[0.223 0.577 0.001 0.366 0.350]
  eval: e=0.0448  p=[0.245 0.570 0.000 0.343 0.353]
  eval: e=0.1329  p=[0.242 0.569 0.000 0.317 0.350]
  eval: e=0.0403  p=[0.243 0.557 0.000 0.351 0.347]
  eval: e=0.0386  p=[0.232 0.568 0.000 0.364 0.354]
  eval: e=0.1664  p=[0.351 0.570 0.005 0.180 0.328]
  eval: e=0.0451  p=[0.239 0.569 0.000 0.361 0.354]
  eval: e=0.8919  p=[0.259 0.568 0.002 0.369 0.349]
  eval: e=0.0408  p=[0.261 0.568 0.000 0.336 0.352]
  eval: e=0.0390  p=[0.213 0.571 0.000 0.375 0.347]
  eval: e=0.0388  p=[0.239 0.568 0.000 0.355 0.353]
  eval: e=25.1928  p=[0.286 0.542 0.020 0.432 0.352]
  eval: e=0.0847  p=[0.240 0.525 0.000 0.364 0.353]
  eval: e=0.1964  p=[0.225 0.540 0.001 0.339 0.355]
  eval: e=0.5622  p=[0.288 0.422 0.017 0.447 0.356]
  eval: e=0.0566  p=[0.255 0.566 0.001 0.330 0.352]
  eval: e=0.1019  p=[0.246 0.584 0.005 0.355 0.355]
  eval: e=0.6563  p=[0.283 0.573 0.003 0.342 0.352]
  eval: e=0.1064  p=[0.242 0.567 0.002 0.329 0.353]
  eval: e=0.0777  p=[0.235 0.569 0.000 0.338 0.349]
  eval: e=0.0666  p=[0.234 0.541 0.008 0.392 0.353]
  eval: e=0.0390  p=[0.253 0.575 0.001 0.337 0.351]
  eval: e=0.0388  p=[0.232 0.568 0.000 0.362 0.351]
  eval: e=11.7483  p=[0.301 0.527 0.003 0.394 0.341]
  eval: e=0.0422  p=[0.232 0.568 0.001 0.360 0.354]
  eval: e=0.1197  p=[0.236 0.568 0.001 0.328 0.351]
  eval: e=0.2368  p=[0.249 0.393 0.013 0.406 0.357]
  eval: e=1.7911  p=[0.280 0.558 0.000 0.359 0.342]
  194            9750         0.03865          0.8957        2
  eval: e=0.0687  p=[0.224 0.539 0.000 0.374 0.351]
  eval: e=0.1440  p=[0.258 0.569 0.000 0.346 0.345]
  eval: e=0.0405  p=[0.235 0.568 0.000 0.365 0.355]
  eval: e=0.0391  p=[0.232 0.568 0.000 0.364 0.356]
  eval: e=0.1482  p=[0.256 0.568 0.000 0.354 0.349]
  eval: e=0.0405  p=[0.246 0.570 0.000 0.350 0.352]
  eval: e=0.0386  p=[0.230 0.568 0.000 0.364 0.352]
  eval: e=0.1632  p=[0.264 0.533 0.010 0.307 0.344]
  eval: e=0.0391  p=[0.231 0.567 0.000 0.365 0.353]
  eval: e=0.0387  p=[0.233 0.567 0.000 0.363 0.354]
  eval: e=0.0437  p=[0.247 0.566 0.001 0.342 0.350]
  eval: e=0.0457  p=[0.258 0.527 0.005 0.361 0.355]
  eval: e=0.1872  p=[0.235 0.559 0.000 0.315 0.351]
  eval: e=0.0467  p=[0.234 0.568 0.000 0.366 0.352]
  eval: e=0.0445  p=[0.226 0.568 0.000 0.365 0.354]
  eval: e=0.0726  p=[0.241 0.568 0.000 0.366 0.355]
  eval: e=0.2947  p=[0.297 0.306 0.000 0.386 0.360]
  eval: e=0.0389  p=[0.231 0.567 0.000 0.364 0.354]
  eval: e=0.0397  p=[0.228 0.568 0.000 0.364 0.353]
  eval: e=0.0387  p=[0.235 0.568 0.000 0.361 0.355]
  eval: e=0.0406  p=[0.231 0.568 0.000 0.357 0.349]
  eval: e=0.0905  p=[0.255 0.559 0.000 0.355 0.349]
  eval: e=0.0451  p=[0.237 0.567 0.002 0.363 0.352]
  eval: e=0.0514  p=[0.240 0.570 0.001 0.358 0.350]
  eval: e=0.1116  p=[0.241 0.568 0.000 0.326 0.351]
  eval: e=0.0398  p=[0.250 0.551 0.000 0.355 0.354]
  eval: e=0.0386  p=[0.232 0.568 0.000 0.364 0.354]
  eval: e=0.1157  p=[0.340 0.564 0.009 0.265 0.338]
  eval: e=0.0632  p=[0.237 0.568 0.000 0.345 0.353]
  eval: e=0.0527  p=[0.254 0.567 0.001 0.349 0.354]
  eval: e=0.0476  p=[0.219 0.568 0.000 0.375 0.346]
  eval: e=0.0407  p=[0.226 0.570 0.000 0.365 0.347]
  eval: e=0.0539  p=[0.229 0.568 0.000 0.357 0.354]
  eval: e=0.2016  p=[0.235 0.487 0.001 0.355 0.346]
  eval: e=0.0963  p=[0.236 0.529 0.001 0.364 0.354]
  eval: e=0.8432  p=[0.268 0.567 0.003 0.361 0.349]
  eval: e=0.2488  p=[0.216 0.472 0.004 0.375 0.355]
  eval: e=1.6265  p=[0.322 0.567 0.000 0.318 0.350]
  eval: e=0.0707  p=[0.231 0.570 0.005 0.348 0.351]
  eval: e=0.0475  p=[0.261 0.553 0.003 0.352 0.355]
  eval: e=0.0698  p=[0.262 0.559 0.001 0.342 0.345]
  eval: e=0.0388  p=[0.238 0.569 0.000 0.359 0.356]
  eval: e=0.1078  p=[0.231 0.585 0.023 0.376 0.355]
  eval: e=0.0628  p=[0.228 0.569 0.001 0.356 0.356]
  eval: e=0.0395  p=[0.232 0.567 0.000 0.364 0.352]
  eval: e=0.0751  p=[0.286 0.465 0.012 0.393 0.353]
  eval: e=0.0417  p=[0.228 0.568 0.000 0.368 0.350]
  eval: e=1.0184  p=[0.271 0.568 0.000 0.362 0.353]
  eval: e=0.3339  p=[0.292 0.520 0.008 0.368 0.358]
  eval: e=0.0496  p=[0.275 0.488 0.000 0.364 0.351]
  195            9800         0.03864          0.1475        0
  eval: e=0.1671  p=[0.237 0.494 0.046 0.381 0.353]
  eval: e=0.0388  p=[0.238 0.557 0.000 0.361 0.350]
  eval: e=0.0398  p=[0.236 0.568 0.000 0.364 0.357]
  eval: e=0.0393  p=[0.231 0.568 0.000 0.365 0.352]
  eval: e=0.0391  p=[0.257 0.561 0.000 0.341 0.352]
  eval: e=0.3143  p=[0.248 0.573 0.000 0.365 0.349]
  eval: e=0.0386  p=[0.229 0.568 0.000 0.364 0.352]
  eval: e=7.2102  p=[0.294 0.549 0.001 0.378 0.345]
  eval: e=0.0420  p=[0.237 0.570 0.001 0.351 0.351]
  eval: e=0.0388  p=[0.233 0.567 0.000 0.362 0.354]
  eval: e=0.0434  p=[0.242 0.564 0.002 0.361 0.355]
  eval: e=0.0559  p=[0.279 0.535 0.008 0.349 0.354]
  eval: e=0.1529  p=[0.248 0.557 0.000 0.315 0.352]
  eval: e=0.0391  p=[0.229 0.568 0.000 0.365 0.354]
  eval: e=0.0449  p=[0.238 0.567 0.000 0.363 0.354]
  eval: e=0.0566  p=[0.229 0.568 0.000 0.356 0.355]
  eval: e=0.3008  p=[0.219 0.389 0.001 0.414 0.372]
  eval: e=0.0393  p=[0.232 0.570 0.000 0.365 0.354]
  eval: e=0.0387  p=[0.229 0.568 0.000 0.363 0.351]
  eval: e=0.0387  p=[0.230 0.568 0.000 0.366 0.354]
  eval: e=0.0517  p=[0.245 0.568 0.000 0.354 0.350]
  eval: e=0.0393  p=[0.241 0.574 0.000 0.344 0.347]
  eval: e=0.0388  p=[0.232 0.569 0.002 0.363 0.352]
  eval: e=0.0447  p=[0.239 0.568 0.000 0.346 0.350]
  eval: e=0.0695  p=[0.237 0.569 0.001 0.344 0.354]
  eval: e=0.0472  p=[0.238 0.573 0.001 0.356 0.349]
  eval: e=0.0387  p=[0.232 0.568 0.000 0.364 0.353]
  eval: e=3.8807  p=[0.350 0.563 0.000 0.293 0.329]
  eval: e=0.0599  p=[0.235 0.569 0.000 0.345 0.350]
  eval: e=0.1044  p=[0.223 0.568 0.001 0.343 0.348]
  eval: e=0.0964  p=[0.248 0.568 0.000 0.319 0.348]
  eval: e=0.0756  p=[0.212 0.570 0.001 0.366 0.354]
  eval: e=0.0434  p=[0.229 0.568 0.000 0.360 0.352]
  eval: e=0.0404  p=[0.257 0.467 0.008 0.402 0.347]
  eval: e=5.0133  p=[0.293 0.567 0.000 0.363 0.350]
  eval: e=0.0852  p=[0.255 0.559 0.004 0.327 0.352]
  eval: e=0.3108  p=[0.280 0.483 0.006 0.399 0.352]
  eval: e=1.9654  p=[0.322 0.568 0.015 0.320 0.344]
  eval: e=0.4046  p=[0.249 0.587 0.005 0.364 0.354]
  eval: e=0.0399  p=[0.270 0.563 0.002 0.330 0.355]
  eval: e=0.1323  p=[0.274 0.549 0.003 0.347 0.349]
  eval: e=0.0388  p=[0.233 0.568 0.000 0.364 0.356]
  eval: e=0.7413  p=[0.223 0.585 0.020 0.401 0.353]
  eval: e=0.1529  p=[0.245 0.573 0.001 0.362 0.349]
  eval: e=0.0402  p=[0.235 0.568 0.000 0.364 0.355]
  eval: e=0.0606  p=[0.257 0.500 0.013 0.370 0.346]
  eval: e=0.0423  p=[0.229 0.568 0.000 0.362 0.353]
  eval: e=0.0571  p=[0.229 0.568 0.000 0.353 0.351]
  eval: e=0.1289  p=[0.278 0.517 0.003 0.366 0.351]
  eval: e=0.0730  p=[0.211 0.562 0.000 0.358 0.338]
  196            9850         0.03864          0.4539        1
  eval: e=0.4918  p=[0.246 0.559 0.007 0.386 0.352]
  eval: e=0.0513  p=[0.232 0.573 0.000 0.367 0.354]
  eval: e=0.0389  p=[0.236 0.568 0.001 0.360 0.355]
  eval: e=0.0386  p=[0.230 0.568 0.000 0.364 0.352]
  eval: e=0.1358  p=[0.223 0.564 0.000 0.342 0.354]
  eval: e=0.0814  p=[0.251 0.567 0.000 0.353 0.349]
  eval: e=0.0387  p=[0.231 0.568 0.000 0.364 0.352]
  eval: e=0.0564  p=[0.255 0.558 0.009 0.330 0.343]
  eval: e=0.0387  p=[0.226 0.568 0.000 0.367 0.350]
  eval: e=0.0388  p=[0.233 0.568 0.000 0.364 0.354]
  eval: e=0.0829  p=[0.248 0.566 0.001 0.329 0.353]
  eval: e=0.2078  p=[0.262 0.545 0.001 0.371 0.354]
  eval: e=0.0698  p=[0.270 0.536 0.001 0.326 0.347]
  eval: e=0.0435  p=[0.233 0.568 0.000 0.365 0.352]
  eval: e=0.0463  p=[0.237 0.568 0.000 0.364 0.354]
  eval: e=0.0419  p=[0.236 0.568 0.000 0.364 0.354]
  eval: e=0.2160  p=[0.250 0.443 0.031 0.394 0.365]
  eval: e=0.0388  p=[0.231 0.568 0.000 0.364 0.353]
  eval: e=0.0387  p=[0.230 0.568 0.000 0.363 0.351]
  eval: e=0.0488  p=[0.232 0.568 0.000 0.356 0.355]
  eval: e=0.0545  p=[0.240 0.568 0.000 0.367 0.357]
  eval: e=0.0418  p=[0.231 0.569 0.000 0.358 0.352]
  eval: e=0.0387  p=[0.232 0.569 0.002 0.364 0.354]
  eval: e=0.0419  p=[0.243 0.569 0.000 0.345 0.351]
  eval: e=0.0417  p=[0.254 0.567 0.000 0.345 0.354]
  eval: e=0.0442  p=[0.259 0.543 0.000 0.343 0.349]
  eval: e=0.0389  p=[0.232 0.567 0.000 0.364 0.355]
  eval: e=57.2706  p=[0.331 0.558 0.012 0.384 0.317]
  eval: e=0.0910  p=[0.244 0.568 0.000 0.365 0.354]
  eval: e=0.7490  p=[0.268 0.568 0.006 0.358 0.346]
  eval: e=0.0391  p=[0.245 0.568 0.001 0.347 0.351]
  eval: e=0.0437  p=[0.221 0.569 0.000 0.378 0.353]
  eval: e=0.0395  p=[0.238 0.568 0.000 0.358 0.353]
  eval: e=0.6974  p=[0.239 0.558 0.007 0.395 0.348]
  eval: e=0.2810  p=[0.200 0.470 0.000 0.369 0.350]
  eval: e=0.0721  p=[0.235 0.556 0.001 0.348 0.348]
  eval: e=0.0795  p=[0.264 0.503 0.007 0.392 0.356]
  eval: e=0.2377  p=[0.238 0.567 0.000 0.286 0.349]
  eval: e=0.0749  p=[0.233 0.578 0.002 0.339 0.353]
  eval: e=0.0987  p=[0.256 0.572 0.002 0.352 0.354]
  eval: e=0.0635  p=[0.244 0.571 0.000 0.331 0.348]
  eval: e=0.0389  p=[0.228 0.568 0.000 0.364 0.352]
  eval: e=0.1928  p=[0.224 0.526 0.013 0.352 0.352]
  eval: e=0.1300  p=[0.242 0.570 0.000 0.325 0.358]
  eval: e=0.0420  p=[0.236 0.568 0.001 0.364 0.353]
  eval: e=0.0485  p=[0.287 0.458 0.010 0.374 0.348]
  eval: e=0.0390  p=[0.229 0.568 0.000 0.364 0.353]
  eval: e=0.0411  p=[0.259 0.569 0.001 0.337 0.352]
  eval: e=0.2205  p=[0.239 0.422 0.009 0.406 0.362]
  eval: e=1.0615  p=[0.265 0.563 0.000 0.364 0.343]
  197            9900         0.03864           1.276        0
  eval: e=0.0592  p=[0.245 0.547 0.028 0.379 0.350]
  eval: e=0.0419  p=[0.236 0.561 0.000 0.366 0.351]
  eval: e=0.0408  p=[0.236 0.567 0.000 0.363 0.355]
  eval: e=0.0386  p=[0.230 0.568 0.000 0.364 0.352]
  eval: e=1.9115  p=[0.267 0.568 0.000 0.373 0.350]
  eval: e=0.3193  p=[0.259 0.574 0.000 0.358 0.354]
  eval: e=0.0387  p=[0.230 0.568 0.000 0.364 0.352]
  eval: e=0.0399  p=[0.242 0.562 0.008 0.360 0.355]
  eval: e=0.0449  p=[0.231 0.568 0.000 0.367 0.351]
  eval: e=0.0392  p=[0.233 0.567 0.000 0.362 0.354]
  eval: e=0.0524  p=[0.252 0.568 0.003 0.345 0.347]
  eval: e=0.0515  p=[0.264 0.540 0.006 0.340 0.351]
  eval: e=0.0541  p=[0.248 0.565 0.000 0.336 0.350]
  eval: e=0.0386  p=[0.228 0.568 0.000 0.365 0.351]
  eval: e=0.0392  p=[0.230 0.565 0.000 0.364 0.352]
  eval: e=0.0423  p=[0.232 0.568 0.000 0.359 0.354]
  eval: e=7.9960  p=[0.318 0.489 0.001 0.416 0.364]
  eval: e=0.0387  p=[0.231 0.568 0.000 0.365 0.353]
  eval: e=0.0387  p=[0.230 0.568 0.000 0.364 0.352]
  eval: e=0.0525  p=[0.236 0.568 0.000 0.364 0.351]
  eval: e=0.0688  p=[0.231 0.568 0.000 0.350 0.355]
  eval: e=0.0504  p=[0.242 0.573 0.000 0.352 0.348]
  eval: e=0.0387  p=[0.231 0.569 0.001 0.365 0.354]
  eval: e=0.1938  p=[0.245 0.568 0.000 0.369 0.352]
  eval: e=0.0516  p=[0.249 0.570 0.000 0.349 0.350]
  eval: e=0.0442  p=[0.255 0.558 0.000 0.340 0.351]
  eval: e=0.0411  p=[0.232 0.568 0.000 0.364 0.351]
  eval: e=0.1051  p=[0.273 0.558 0.010 0.312 0.359]
  eval: e=0.0388  p=[0.240 0.567 0.000 0.357 0.355]
  eval: e=0.0400  p=[0.260 0.568 0.010 0.333 0.346]
  eval: e=0.0575  p=[0.220 0.569 0.000 0.358 0.347]
  eval: e=0.0900  p=[0.228 0.568 0.000 0.373 0.346]
  eval: e=0.0388  p=[0.236 0.568 0.000 0.359 0.354]
  eval: e=0.1512  p=[0.238 0.507 0.003 0.361 0.352]
  eval: e=0.2580  p=[0.222 0.469 0.001 0.364 0.354]
  eval: e=0.0411  p=[0.236 0.559 0.000 0.357 0.348]
  eval: e=1.0607  p=[0.294 0.463 0.006 0.416 0.356]
  eval: e=1.0019  p=[0.377 0.566 0.011 0.263 0.348]
  eval: e=0.0586  p=[0.231 0.587 0.005 0.360 0.352]
  eval: e=0.0948  p=[0.263 0.563 0.000 0.349 0.354]
  eval: e=0.0783  p=[0.271 0.530 0.005 0.328 0.347]
  eval: e=0.0389  p=[0.231 0.568 0.000 0.364 0.355]
  eval: e=0.4769  p=[0.232 0.571 0.021 0.396 0.352]
  eval: e=0.0582  p=[0.236 0.570 0.001 0.345 0.351]
  eval: e=0.0402  p=[0.229 0.568 0.000 0.362 0.352]
  eval: e=1.4534  p=[0.264 0.546 0.029 0.392 0.346]
  eval: e=0.0391  p=[0.229 0.567 0.000 0.364 0.350]
  eval: e=0.1496  p=[0.255 0.569 0.000 0.353 0.348]
  eval: e=6.0513  p=[0.362 0.480 0.000 0.362 0.347]
  eval: e=0.0852  p=[0.262 0.552 0.000 0.358 0.356]
  198            9950         0.03864          0.4595        1
  eval: e=0.0435  p=[0.241 0.525 0.014 0.381 0.352]
  eval: e=0.0436  p=[0.234 0.558 0.000 0.359 0.351]
  eval: e=0.0477  p=[0.228 0.568 0.000 0.361 0.354]
  eval: e=0.0386  p=[0.230 0.568 0.000 0.364 0.352]
  eval: e=0.4787  p=[0.263 0.560 0.000 0.369 0.356]
  eval: e=0.1783  p=[0.231 0.566 0.000 0.317 0.351]
  eval: e=0.0387  p=[0.230 0.568 0.000 0.364 0.352]
  eval: e=0.0429  p=[0.238 0.566 0.008 0.367 0.355]
  eval: e=0.0429  p=[0.224 0.568 0.000 0.365 0.351]
  eval: e=0.0412  p=[0.232 0.567 0.000 0.365 0.351]
  eval: e=0.0726  p=[0.248 0.564 0.000 0.340 0.360]
  eval: e=0.1955  p=[0.255 0.524 0.007 0.314 0.346]
  eval: e=0.1173  p=[0.255 0.545 0.000 0.327 0.353]
  eval: e=0.0408  p=[0.228 0.568 0.000 0.363 0.353]
  eval: e=0.0393  p=[0.231 0.568 0.000 0.365 0.353]
  eval: e=0.0393  p=[0.231 0.568 0.000 0.365 0.353]
  eval: e=53.0028  p=[0.275 0.536 0.035 0.476 0.351]
  eval: e=0.0387  p=[0.228 0.568 0.000 0.365 0.352]
  eval: e=0.0386  p=[0.230 0.568 0.000 0.364 0.352]
  eval: e=0.0391  p=[0.233 0.568 0.000 0.361 0.353]
  eval: e=0.0426  p=[0.232 0.568 0.000 0.357 0.351]
  eval: e=0.0397  p=[0.241 0.570 0.000 0.350 0.353]
  eval: e=0.0388  p=[0.232 0.568 0.000 0.363 0.354]
  eval: e=0.0388  p=[0.237 0.568 0.000 0.355 0.350]
  eval: e=0.1168  p=[0.233 0.569 0.000 0.331 0.351]
  eval: e=0.0467  p=[0.239 0.565 0.000 0.360 0.350]
  eval: e=0.0393  p=[0.229 0.567 0.000 0.364 0.352]
  eval: e=0.4451  p=[0.322 0.570 0.000 0.279 0.326]
  eval: e=0.0441  p=[0.232 0.567 0.000 0.357 0.352]
  eval: e=0.3312  p=[0.254 0.568 0.003 0.363 0.347]
  eval: e=0.0864  p=[0.245 0.568 0.000 0.325 0.348]
  eval: e=0.0409  p=[0.219 0.570 0.000 0.372 0.354]
  eval: e=0.0487  p=[0.227 0.568 0.000 0.359 0.353]
  eval: e=0.0563  p=[0.248 0.492 0.001 0.403 0.350]
  eval: e=1.6356  p=[0.288 0.550 0.000 0.363 0.352]
  eval: e=0.0420  p=[0.250 0.545 0.003 0.362 0.351]
  eval: e=0.1632  p=[0.257 0.517 0.016 0.401 0.358]
  eval: e=19.9244  p=[0.367 0.567 0.007 0.337 0.353]
  eval: e=0.0391  p=[0.243 0.584 0.003 0.341 0.351]
  eval: e=0.0444  p=[0.233 0.564 0.000 0.356 0.350]
  eval: e=0.0565  p=[0.230 0.567 0.001 0.353 0.351]
  eval: e=0.0393  p=[0.232 0.568 0.000 0.364 0.353]
  eval: e=0.0387  p=[0.222 0.568 0.000 0.371 0.352]
  eval: e=0.0555  p=[0.252 0.572 0.001 0.346 0.351]
  eval: e=0.0409  p=[0.230 0.568 0.000 0.363 0.355]
  eval: e=0.2199  p=[0.286 0.403 0.000 0.359 0.352]
  eval: e=0.0405  p=[0.228 0.568 0.000 0.364 0.353]
  eval: e=0.0419  p=[0.238 0.568 0.000 0.361 0.353]
  eval: e=0.2114  p=[0.174 0.502 0.003 0.408 0.350]
  eval: e=2.2270  p=[0.279 0.553 0.000 0.360 0.333]
  199           10000         0.03863           1.617        0
  eval: e=0.2774  p=[0.240 0.541 0.013 0.399 0.350]
  eval: e=0.0730  p=[0.237 0.565 0.000 0.370 0.351]
  eval: e=0.0458  p=[0.241 0.568 0.000 0.359 0.353]
  eval: e=0.0386  p=[0.230 0.568 0.000 0.364 0.352]
  eval: e=0.1719  p=[0.218 0.567 0.000 0.330 0.348]
  eval: e=0.0892  p=[0.246 0.574 0.000 0.326 0.354]
  eval: e=0.0387  p=[0.230 0.568 0.000 0.364 0.352]
  eval: e=0.0464  p=[0.235 0.566 0.006 0.358 0.355]
  eval: e=0.0431  p=[0.231 0.568 0.000 0.367 0.351]
  eval: e=0.0399  p=[0.235 0.567 0.000 0.365 0.356]
  eval: e=0.0518  p=[0.233 0.569 0.000 0.345 0.344]
  eval: e=0.8591  p=[0.273 0.569 0.005 0.353 0.345]
  eval: e=0.0542  p=[0.253 0.558 0.000 0.352 0.348]
  eval: e=0.0396  p=[0.228 0.568 0.000 0.364 0.352]
  eval: e=0.0387  p=[0.232 0.568 0.000 0.365 0.355]
  eval: e=0.0387  p=[0.234 0.568 0.000 0.360 0.353]
  eval: e=0.3524  p=[0.227 0.300 0.000 0.400 0.366]
  eval: e=0.0387  p=[0.231 0.568 0.000 0.363 0.352]
  eval: e=0.0386  p=[0.231 0.568 0.000 0.364 0.352]
  eval: e=0.0407  p=[0.235 0.568 0.000 0.360 0.357]
  eval: e=0.0406  p=[0.232 0.568 0.000 0.359 0.352]
  eval: e=0.0438  p=[0.230 0.570 0.000 0.358 0.354]
  eval: e=0.0390  p=[0.231 0.568 0.002 0.364 0.354]
  eval: e=0.0388  p=[0.234 0.568 0.001 0.361 0.353]
  eval: e=1.5729  p=[0.268 0.568 0.000 0.373 0.355]
  eval: e=0.2731  p=[0.264 0.562 0.000 0.356 0.350]
  eval: e=0.0389  p=[0.232 0.569 0.000 0.364 0.356]
  eval: e=1.2945  p=[0.231 0.565 0.009 0.379 0.315]
  eval: e=0.0500  p=[0.235 0.567 0.000 0.367 0.353]
  eval: e=0.0503  p=[0.259 0.568 0.005 0.323 0.346]
  eval: e=0.0422  p=[0.240 0.569 0.001 0.360 0.356]
  eval: e=0.0390  p=[0.228 0.570 0.000 0.360 0.347]
  eval: e=0.0387  p=[0.233 0.568 0.000 0.362 0.353]
  eval: e=0.0918  p=[0.239 0.525 0.006 0.399 0.353]
  eval: e=0.0416  p=[0.259 0.523 0.000 0.363 0.353]
  eval: e=0.1889  p=[0.275 0.549 0.003 0.353 0.353]
  eval: e=0.1009  p=[0.238 0.482 0.019 0.432 0.349]
  eval: e=0.3217  p=[0.172 0.568 0.009 0.303 0.351]
  eval: e=0.0433  p=[0.230 0.565 0.000 0.370 0.352]
  eval: e=0.0475  p=[0.257 0.566 0.000 0.338 0.359]
  eval: e=0.1256  p=[0.252 0.563 0.002 0.360 0.350]
  eval: e=0.0391  p=[0.238 0.568 0.000 0.359 0.354]
  eval: e=0.0387  p=[0.230 0.567 0.000 0.365 0.352]
  eval: e=0.0783  p=[0.227 0.568 0.000 0.348 0.351]
  eval: e=0.0501  p=[0.236 0.568 0.000 0.364 0.350]
  eval: e=57.3415  p=[0.284 0.613 0.025 0.407 0.338]
  eval: e=0.0395  p=[0.228 0.568 0.000 0.364 0.352]
  eval: e=0.0989  p=[0.258 0.569 0.000 0.347 0.350]
  eval: e=1.0487  p=[0.432 0.373 0.006 0.357 0.360]
  eval: e=0.0429  p=[0.276 0.501 0.000 0.360 0.354]
  200           10050         0.03863           1.314        0
  eval: e=0.0418  p=[0.246 0.496 0.021 0.405 0.352]
  eval: e=0.0464  p=[0.230 0.559 0.000 0.361 0.350]
  eval: e=0.0548  p=[0.227 0.567 0.000 0.359 0.355]
  eval: e=0.0386  p=[0.230 0.568 0.000 0.364 0.352]
  eval: e=0.3561  p=[0.251 0.567 0.000 0.375 0.358]
  eval: e=0.0390  p=[0.252 0.571 0.000 0.337 0.347]
  eval: e=0.0387  p=[0.230 0.568 0.000 0.364 0.352]
  eval: e=0.0507  p=[0.229 0.564 0.000 0.361 0.355]
  eval: e=0.0387  p=[0.229 0.568 0.000 0.364 0.351]
  eval: e=0.0420  p=[0.228 0.567 0.000 0.362 0.352]
  eval: e=0.2072  p=[0.264 0.566 0.002 0.358 0.358]
  eval: e=0.0673  p=[0.286 0.536 0.001 0.334 0.345]
  eval: e=0.4010  p=[0.306 0.554 0.000 0.320 0.344]
  eval: e=0.0399  p=[0.230 0.568 0.000 0.366 0.352]
  eval: e=0.0389  p=[0.231 0.568 0.000 0.363 0.353]
  eval: e=0.0389  p=[0.234 0.568 0.000 0.361 0.354]
  eval: e=0.1682  p=[0.264 0.426 0.000 0.391 0.359]
  eval: e=0.0394  p=[0.228 0.568 0.000 0.367 0.351]
  eval: e=0.0386  p=[0.231 0.568 0.000 0.364 0.352]
  eval: e=0.0404  p=[0.231 0.568 0.000 0.362 0.355]
  eval: e=0.0397  p=[0.242 0.568 0.000 0.354 0.352]
  eval: e=0.0443  p=[0.233 0.574 0.000 0.347 0.347]
  eval: e=0.0387  p=[0.230 0.569 0.001 0.364 0.353]
  eval: e=0.0415  p=[0.233 0.568 0.000 0.362 0.350]
  eval: e=0.0478  p=[0.215 0.569 0.000 0.370 0.351]
  eval: e=0.0408  p=[0.247 0.553 0.000 0.352 0.350]
  eval: e=0.0387  p=[0.233 0.567 0.000 0.364 0.354]
  eval: e=0.0791  p=[0.335 0.560 0.005 0.231 0.330]
  eval: e=0.0436  p=[0.237 0.568 0.000 0.352 0.353]
  eval: e=0.0538  p=[0.247 0.568 0.008 0.363 0.359]
  eval: e=0.0733  p=[0.235 0.569 0.001 0.343 0.352]
  eval: e=0.0493  p=[0.209 0.570 0.000 0.376 0.352]
  eval: e=0.0389  p=[0.233 0.568 0.000 0.363 0.353]
  eval: e=0.0419  p=[0.244 0.514 0.003 0.377 0.344]
  eval: e=0.2892  p=[0.255 0.569 0.000 0.363 0.353]
  eval: e=0.1214  p=[0.212 0.574 0.004 0.349 0.351]
  eval: e=5.6501  p=[0.272 0.539 0.013 0.412 0.354]
  eval: e=2.8390  p=[0.373 0.567 0.000 0.277 0.345]
  eval: e=0.0759  p=[0.248 0.564 0.004 0.332 0.351]
  eval: e=0.0395  p=[0.245 0.565 0.002 0.352 0.351]
  eval: e=0.2716  p=[0.267 0.550 0.002 0.361 0.349]
  eval: e=0.0548  p=[0.234 0.568 0.000 0.370 0.355]
  eval: e=0.0390  p=[0.227 0.568 0.000 0.366 0.352]
  eval: e=0.0564  p=[0.245 0.570 0.000 0.356 0.351]
  eval: e=0.0389  p=[0.236 0.568 0.000 0.361 0.357]
  eval: e=0.3029  p=[0.264 0.331 0.027 0.383 0.338]
  eval: e=0.0388  p=[0.231 0.567 0.000 0.364 0.352]
  eval: e=0.0518  p=[0.244 0.569 0.001 0.354 0.350]
  eval: e=78.4461  p=[0.347 0.609 0.000 0.418 0.358]
  eval: e=0.8312  p=[0.247 0.578 0.000 0.366 0.339]
  201           10100         0.03863           1.833        1
  eval: e=0.1066  p=[0.245 0.558 0.000 0.370 0.352]
  eval: e=0.0569  p=[0.239 0.567 0.000 0.362 0.350]
  eval: e=0.0399  p=[0.236 0.567 0.000 0.361 0.352]
  eval: e=0.0386  p=[0.230 0.568 0.000 0.364 0.352]
  eval: e=0.0797  p=[0.229 0.558 0.000 0.350 0.348]
  eval: e=0.0443  p=[0.233 0.570 0.000 0.353 0.351]
  eval: e=0.0386  p=[0.230 0.568 0.000 0.364 0.352]
  eval: e=0.0666  p=[0.246 0.561 0.000 0.363 0.353]
  eval: e=0.0388  p=[0.230 0.568 0.000 0.363 0.353]
  eval: e=0.0389  p=[0.232 0.568 0.000 0.362 0.354]
  eval: e=0.0442  p=[0.242 0.568 0.001 0.351 0.345]
  eval: e=0.2160  p=[0.236 0.530 0.010 0.329 0.353]
  eval: e=0.1890  p=[0.264 0.570 0.000 0.345 0.348]
  eval: e=0.0387  p=[0.230 0.568 0.000 0.364 0.352]
  eval: e=0.0406  p=[0.232 0.568 0.000 0.366 0.353]
  eval: e=0.0387  p=[0.234 0.568 0.000 0.362 0.355]
  eval: e=0.0714  p=[0.225 0.488 0.033 0.426 0.360]
  eval: e=0.0389  p=[0.231 0.568 0.000 0.364 0.352]
  eval: e=0.0386  p=[0.231 0.568 0.000 0.364 0.352]
  eval: e=0.0465  p=[0.235 0.568 0.000 0.366 0.353]
  eval: e=0.0541  p=[0.240 0.568 0.000 0.363 0.354]
  eval: e=0.0390  p=[0.242 0.572 0.000 0.347 0.349]
  eval: e=0.0386  p=[0.230 0.568 0.000 0.364 0.353]
  eval: e=0.0387  p=[0.232 0.568 0.000 0.361 0.351]
  eval: e=0.1499  p=[0.230 0.568 0.000 0.326 0.351]
  eval: e=0.0406  p=[0.252 0.558 0.000 0.351 0.352]
  eval: e=0.0392  p=[0.229 0.567 0.000 0.364 0.352]
  eval: e=4.6625  p=[0.391 0.564 0.000 0.280 0.353]
  eval: e=0.0604  p=[0.237 0.567 0.000 0.368 0.354]
  eval: e=0.0526  p=[0.256 0.568 0.004 0.335 0.358]
  eval: e=0.0425  p=[0.257 0.568 0.000 0.327 0.345]
  eval: e=0.0455  p=[0.213 0.570 0.000 0.372 0.350]
  eval: e=0.0393  p=[0.233 0.568 0.000 0.364 0.353]
  eval: e=0.1153  p=[0.247 0.545 0.001 0.374 0.347]
  eval: e=0.0650  p=[0.243 0.526 0.000 0.364 0.350]
  eval: e=0.7306  p=[0.303 0.551 0.000 0.337 0.352]
  eval: e=0.3172  p=[0.256 0.353 0.009 0.375 0.356]
  eval: e=0.2369  p=[0.202 0.565 0.019 0.330 0.348]
  eval: e=0.0868  p=[0.243 0.586 0.000 0.352 0.353]
  eval: e=0.0441  p=[0.234 0.567 0.002 0.366 0.351]
  eval: e=0.0458  p=[0.231 0.560 0.000 0.360 0.350]
  eval: e=0.0583  p=[0.228 0.568 0.000 0.356 0.354]
  eval: e=0.0463  p=[0.228 0.568 0.000 0.372 0.352]
  eval: e=0.0732  p=[0.238 0.574 0.001 0.336 0.353]
  eval: e=0.0395  p=[0.229 0.568 0.000 0.362 0.350]
  eval: e=0.1673  p=[0.294 0.400 0.000 0.380 0.360]
  eval: e=0.0393  p=[0.230 0.568 0.000 0.364 0.350]
  eval: e=0.0414  p=[0.251 0.568 0.000 0.345 0.352]
  eval: e=0.1040  p=[0.232 0.465 0.011 0.411 0.352]
  eval: e=0.0413  p=[0.281 0.494 0.000 0.356 0.347]
  202           10150         0.03863          0.1773        0
  eval: e=0.1663  p=[0.235 0.475 0.030 0.390 0.352]
  eval: e=0.0417  p=[0.238 0.560 0.001 0.360 0.355]
  eval: e=0.0408  p=[0.236 0.568 0.000 0.362 0.354]
  eval: e=0.0386  p=[0.230 0.568 0.000 0.364 0.352]
  eval: e=0.1834  p=[0.265 0.565 0.000 0.353 0.354]
  eval: e=0.0411  p=[0.248 0.570 0.000 0.341 0.352]
  eval: e=0.0386  p=[0.230 0.568 0.000 0.364 0.352]
  eval: e=0.0392  p=[0.234 0.568 0.009 0.362 0.352]
  eval: e=0.0390  p=[0.230 0.568 0.000 0.364 0.350]
  eval: e=0.0398  p=[0.233 0.568 0.000 0.364 0.353]
  eval: e=0.1057  p=[0.230 0.566 0.001 0.341 0.352]
  eval: e=0.0548  p=[0.285 0.525 0.000 0.329 0.353]
  eval: e=0.6414  p=[0.271 0.556 0.000 0.364 0.351]
  eval: e=0.0387  p=[0.228 0.568 0.000 0.366 0.351]
  eval: e=0.0386  p=[0.230 0.568 0.000 0.365 0.354]
  eval: e=0.0417  p=[0.229 0.568 0.000 0.363 0.354]
  eval: e=0.0452  p=[0.273 0.428 0.013 0.424 0.360]
  eval: e=0.0397  p=[0.228 0.568 0.000 0.364 0.352]
  eval: e=0.0386  p=[0.231 0.568 0.000 0.364 0.352]
  eval: e=0.0402  p=[0.231 0.568 0.000 0.361 0.354]
  eval: e=0.0389  p=[0.241 0.567 0.000 0.356 0.354]
  eval: e=0.0580  p=[0.226 0.570 0.000 0.354 0.351]
  eval: e=0.0387  p=[0.230 0.568 0.000 0.364 0.352]
  eval: e=0.0396  p=[0.232 0.568 0.000 0.364 0.351]
  eval: e=1.2506  p=[0.281 0.569 0.000 0.353 0.351]
  eval: e=0.0973  p=[0.247 0.557 0.000 0.330 0.350]
  eval: e=0.0389  p=[0.234 0.568 0.000 0.363 0.355]
  eval: e=32.3514  p=[0.323 0.559 0.001 0.350 0.302]
  eval: e=0.0436  p=[0.231 0.568 0.000 0.360 0.354]
  eval: e=0.0608  p=[0.243 0.567 0.009 0.334 0.342]
  eval: e=0.0750  p=[0.240 0.568 0.001 0.340 0.355]
  eval: e=0.0421  p=[0.224 0.569 0.000 0.372 0.350]
  eval: e=0.0388  p=[0.232 0.568 0.000 0.363 0.352]
  eval: e=0.8264  p=[0.247 0.554 0.008 0.395 0.352]
  eval: e=0.0402  p=[0.275 0.505 0.000 0.363 0.354]
  eval: e=0.0394  p=[0.240 0.553 0.003 0.359 0.348]
  eval: e=72.7974  p=[0.286 0.556 0.003 0.461 0.352]
  eval: e=0.1420  p=[0.283 0.567 0.013 0.280 0.351]
  eval: e=0.0389  p=[0.236 0.562 0.001 0.362 0.353]
  eval: e=0.0401  p=[0.246 0.567 0.000 0.352 0.354]
  eval: e=0.0572  p=[0.287 0.546 0.002 0.327 0.348]
  eval: e=0.0388  p=[0.231 0.568 0.000 0.364 0.354]
  eval: e=0.0390  p=[0.225 0.568 0.000 0.368 0.352]
  eval: e=0.0881  p=[0.256 0.572 0.001 0.350 0.354]
  eval: e=0.0444  p=[0.238 0.568 0.000 0.364 0.356]
  eval: e=0.0422  p=[0.276 0.469 0.015 0.376 0.334]
  eval: e=0.0387  p=[0.229 0.568 0.000 0.364 0.351]
  eval: e=0.0446  p=[0.233 0.568 0.000 0.353 0.351]
  eval: e=0.3892  p=[0.352 0.426 0.001 0.377 0.360]
  eval: e=0.0420  p=[0.249 0.530 0.000 0.366 0.351]
  203           10200         0.03862           2.214        0
  eval: e=0.2069  p=[0.236 0.551 0.003 0.390 0.351]
  eval: e=0.0397  p=[0.235 0.563 0.000 0.361 0.353]
  eval: e=0.0410  p=[0.234 0.568 0.000 0.360 0.356]
  eval: e=0.0386  p=[0.230 0.568 0.000 0.364 0.352]
  eval: e=0.0442  p=[0.242 0.564 0.000 0.360 0.353]
  eval: e=0.3176  p=[0.242 0.569 0.000 0.371 0.346]
  eval: e=0.0386  p=[0.230 0.568 0.000 0.364 0.352]
  eval: e=0.0417  p=[0.230 0.570 0.010 0.364 0.354]
  eval: e=0.0388  p=[0.230 0.568 0.000 0.364 0.353]
  eval: e=0.0391  p=[0.231 0.567 0.000 0.362 0.353]
  eval: e=0.0444  p=[0.259 0.565 0.002 0.330 0.350]
  eval: e=2.2071  p=[0.288 0.540 0.002 0.369 0.344]
  eval: e=0.0580  p=[0.241 0.567 0.000 0.338 0.346]
  eval: e=0.0392  p=[0.228 0.568 0.000 0.364 0.351]
  eval: e=0.0387  p=[0.230 0.568 0.000 0.364 0.354]
  eval: e=0.0419  p=[0.235 0.568 0.000 0.362 0.352]
  eval: e=0.0537  p=[0.269 0.492 0.000 0.389 0.359]
  eval: e=0.0388  p=[0.231 0.568 0.000 0.364 0.352]
  eval: e=0.0386  p=[0.231 0.568 0.000 0.364 0.352]
  eval: e=0.0391  p=[0.234 0.568 0.000 0.363 0.354]
  eval: e=0.0412  p=[0.237 0.568 0.000 0.353 0.352]
  eval: e=0.0839  p=[0.239 0.571 0.000 0.366 0.353]
  eval: e=0.0390  p=[0.230 0.568 0.000 0.364 0.354]
  eval: e=0.0389  p=[0.232 0.568 0.000 0.362 0.351]
  eval: e=0.0801  p=[0.240 0.569 0.000 0.337 0.355]
  eval: e=0.1974  p=[0.246 0.565 0.000 0.367 0.349]
  eval: e=0.0387  p=[0.233 0.568 0.000 0.364 0.355]
  eval: e=0.2708  p=[0.304 0.568 0.006 0.177 0.318]
  eval: e=0.0402  p=[0.231 0.568 0.000 0.362 0.354]
  eval: e=0.0824  p=[0.247 0.568 0.006 0.360 0.351]
  eval: e=0.0437  p=[0.245 0.569 0.000 0.355 0.355]
  eval: e=0.0391  p=[0.217 0.571 0.000 0.371 0.350]
  eval: e=0.0388  p=[0.234 0.568 0.000 0.362 0.353]
  eval: e=0.0782  p=[0.233 0.555 0.004 0.380 0.349]
  eval: e=1.2885  p=[0.269 0.574 0.000 0.363 0.353]
  eval: e=0.0930  p=[0.216 0.555 0.002 0.364 0.350]
  eval: e=0.4879  p=[0.236 0.478 0.000 0.452 0.356]
  eval: e=4.8301  p=[0.366 0.566 0.009 0.301 0.350]
  eval: e=0.0455  p=[0.228 0.559 0.000 0.367 0.352]
  eval: e=0.0392  p=[0.237 0.568 0.001 0.358 0.351]
  eval: e=0.2821  p=[0.263 0.568 0.005 0.352 0.347]
  eval: e=0.0389  p=[0.232 0.568 0.000 0.367 0.357]
  eval: e=0.0387  p=[0.228 0.568 0.000 0.366 0.354]
  eval: e=0.0669  p=[0.238 0.570 0.000 0.365 0.352]
  eval: e=0.0387  p=[0.234 0.568 0.001 0.362 0.354]
  eval: e=0.1364  p=[0.220 0.584 0.006 0.370 0.337]
  eval: e=0.0391  p=[0.231 0.568 0.000 0.365 0.352]
  eval: e=0.0401  p=[0.242 0.568 0.000 0.348 0.351]
  eval: e=0.0687  p=[0.229 0.516 0.002 0.416 0.357]
  eval: e=0.0910  p=[0.248 0.543 0.000 0.364 0.338]
  204           10250         0.03862          0.2437        1
  eval: e=0.0506  p=[0.247 0.529 0.001 0.381 0.353]
  eval: e=0.0406  p=[0.235 0.556 0.000 0.364 0.352]
  eval: e=0.0388  p=[0.236 0.567 0.000 0.361 0.353]
  eval: e=0.0386  p=[0.231 0.568 0.000 0.364 0.352]
  eval: e=0.0475  p=[0.240 0.565 0.000 0.348 0.352]
  eval: e=0.0516  p=[0.242 0.570 0.000 0.360 0.354]
  eval: e=0.0386  p=[0.230 0.568 0.000 0.364 0.352]
  eval: e=0.0414  p=[0.234 0.567 0.000 0.363 0.351]
  eval: e=0.0392  p=[0.229 0.568 0.000 0.364 0.353]
  eval: e=0.0395  p=[0.232 0.567 0.000 0.362 0.354]
  eval: e=0.0400  p=[0.264 0.566 0.002 0.334 0.352]
  eval: e=0.5312  p=[0.275 0.562 0.009 0.353 0.347]
  eval: e=0.1667  p=[0.239 0.558 0.000 0.314 0.345]
  eval: e=0.0386  p=[0.229 0.568 0.000 0.364 0.351]
  eval: e=0.0386  p=[0.230 0.568 0.000 0.365 0.354]
  eval: e=0.0388  p=[0.232 0.568 0.000 0.364 0.353]
  eval: e=0.1691  p=[0.255 0.421 0.008 0.403 0.356]
  eval: e=0.0389  p=[0.228 0.568 0.000 0.365 0.352]
  eval: e=0.0388  p=[0.230 0.568 0.000 0.364 0.354]
  eval: e=0.0392  p=[0.234 0.569 0.000 0.362 0.353]
  eval: e=0.0407  p=[0.238 0.568 0.000 0.353 0.353]
  eval: e=0.0518  p=[0.235 0.569 0.000 0.349 0.351]
  eval: e=0.0390  p=[0.230 0.568 0.000 0.364 0.354]
  eval: e=0.0387  p=[0.232 0.568 0.000 0.362 0.351]
  eval: e=0.0969  p=[0.237 0.568 0.000 0.370 0.350]
  eval: e=0.2799  p=[0.261 0.553 0.000 0.364 0.349]
  eval: e=0.0406  p=[0.229 0.568 0.000 0.364 0.354]
  eval: e=0.2907  p=[0.331 0.568 0.008 0.172 0.352]
  eval: e=0.0423  p=[0.233 0.567 0.000 0.358 0.354]
  eval: e=0.0864  p=[0.255 0.567 0.004 0.321 0.352]
  eval: e=0.0441  p=[0.243 0.568 0.000 0.341 0.347]
  eval: e=0.0411  p=[0.220 0.568 0.000 0.374 0.348]
  eval: e=0.0395  p=[0.230 0.568 0.000 0.363 0.354]
  eval: e=0.0613  p=[0.257 0.520 0.000 0.379 0.353]
  eval: e=0.0778  p=[0.225 0.548 0.000 0.363 0.350]
  eval: e=0.0391  p=[0.237 0.565 0.000 0.360 0.351]
  eval: e=0.1075  p=[0.299 0.461 0.018 0.356 0.359]
  eval: e=0.0475  p=[0.291 0.566 0.009 0.312 0.350]
  eval: e=0.0387  p=[0.231 0.569 0.001 0.363 0.353]
  eval: e=0.0448  p=[0.228 0.568 0.001 0.359 0.351]
  eval: e=0.1224  p=[0.260 0.564 0.000 0.350 0.349]
  eval: e=0.0404  p=[0.233 0.568 0.000 0.366 0.354]
  eval: e=0.0386  p=[0.231 0.568 0.000 0.364 0.353]
  eval: e=0.0390  p=[0.244 0.575 0.001 0.346 0.354]
  eval: e=0.0414  p=[0.229 0.568 0.000 0.362 0.353]
  eval: e=0.0502  p=[0.210 0.578 0.006 0.367 0.347]
  eval: e=0.0387  p=[0.229 0.568 0.000 0.364 0.352]
  eval: e=0.0518  p=[0.246 0.568 0.000 0.339 0.352]
  eval: e=0.0429  p=[0.298 0.449 0.002 0.380 0.358]
  eval: e=0.1805  p=[0.231 0.503 0.000 0.358 0.349]
  205           10300         0.03862         0.07521        2
  eval: e=0.1114  p=[0.227 0.541 0.005 0.360 0.352]
  eval: e=0.0416  p=[0.234 0.565 0.000 0.364 0.351]
  eval: e=0.0387  p=[0.230 0.569 0.000 0.365 0.353]
  eval: e=0.0388  p=[0.230 0.568 0.000 0.364 0.354]
  eval: e=0.0821  p=[0.240 0.567 0.000 0.338 0.354]
  eval: e=0.0390  p=[0.245 0.570 0.000 0.345 0.350]
  eval: e=0.0386  p=[0.230 0.568 0.000 0.364 0.352]
  eval: e=0.0393  p=[0.233 0.568 0.011 0.365 0.352]
  eval: e=0.0388  p=[0.231 0.568 0.000 0.364 0.352]
  eval: e=0.0390  p=[0.233 0.567 0.000 0.364 0.354]
  eval: e=0.1012  p=[0.243 0.568 0.001 0.362 0.349]
  eval: e=0.0435  p=[0.257 0.537 0.003 0.353 0.351]
  eval: e=0.9386  p=[0.299 0.547 0.000 0.343 0.346]
  eval: e=0.0386  p=[0.229 0.568 0.000 0.365 0.352]
  eval: e=0.0386  p=[0.230 0.568 0.000 0.365 0.354]
  eval: e=0.0387  p=[0.234 0.568 0.000 0.362 0.354]
  eval: e=0.7031  p=[0.262 0.566 0.009 0.374 0.356]
  eval: e=0.0387  p=[0.230 0.568 0.000 0.365 0.353]
  eval: e=0.0387  p=[0.231 0.568 0.000 0.365 0.353]
  eval: e=0.0397  p=[0.234 0.568 0.000 0.364 0.354]
  eval: e=0.0449  p=[0.235 0.568 0.000 0.366 0.355]
  eval: e=0.0609  p=[0.239 0.569 0.000 0.363 0.351]
  eval: e=0.0387  p=[0.230 0.568 0.000 0.365 0.354]
  eval: e=0.0406  p=[0.231 0.568 0.000 0.361 0.353]
  eval: e=0.1277  p=[0.238 0.569 0.000 0.326 0.354]
  eval: e=0.0518  p=[0.244 0.554 0.000 0.352 0.354]
  eval: e=0.0388  p=[0.232 0.568 0.000 0.364 0.354]
  eval: e=0.1671  p=[0.267 0.555 0.005 0.293 0.350]
  eval: e=0.0391  p=[0.235 0.567 0.000 0.359 0.353]
  eval: e=0.1014  p=[0.228 0.568 0.007 0.338 0.345]
  eval: e=0.0397  p=[0.250 0.569 0.000 0.343 0.349]
  eval: e=0.0577  p=[0.220 0.570 0.000 0.364 0.354]
  eval: e=0.0404  p=[0.233 0.568 0.000 0.363 0.351]
  eval: e=0.0677  p=[0.223 0.518 0.011 0.392 0.350]
  eval: e=0.0694  p=[0.241 0.527 0.000 0.365 0.352]
  eval: e=0.0474  p=[0.237 0.570 0.000 0.363 0.353]
  eval: e=0.2873  p=[0.199 0.512 0.010 0.349 0.358]
  eval: e=0.1892  p=[0.312 0.566 0.002 0.306 0.353]
  eval: e=0.0392  p=[0.231 0.570 0.001 0.364 0.353]
  eval: e=0.0519  p=[0.242 0.568 0.000 0.360 0.353]
  eval: e=0.0877  p=[0.235 0.562 0.002 0.340 0.348]
  eval: e=0.0406  p=[0.230 0.568 0.001 0.363 0.355]
  eval: e=0.0387  p=[0.231 0.568 0.000 0.363 0.353]
  eval: e=0.0576  p=[0.231 0.575 0.000 0.348 0.353]
  eval: e=0.0442  p=[0.236 0.568 0.000 0.365 0.355]
  eval: e=0.0787  p=[0.269 0.479 0.000 0.365 0.349]
  eval: e=0.0387  p=[0.231 0.568 0.000 0.365 0.354]
  eval: e=0.0388  p=[0.236 0.569 0.000 0.355 0.350]
  eval: e=0.0748  p=[0.258 0.493 0.002 0.371 0.353]
  eval: e=0.1042  p=[0.239 0.518 0.000 0.364 0.352]
  206           10350         0.03862         0.09463        0
  eval: e=0.1896  p=[0.228 0.511 0.020 0.361 0.352]
  eval: e=0.0392  p=[0.232 0.569 0.000 0.362 0.351]
  eval: e=0.0386  p=[0.229 0.569 0.000 0.365 0.354]
  eval: e=0.0386  p=[0.231 0.568 0.000 0.364 0.353]
  eval: e=0.0700  p=[0.240 0.568 0.000 0.339 0.352]
  eval: e=0.0397  p=[0.229 0.568 0.000 0.366 0.350]
  eval: e=0.0386  p=[0.230 0.568 0.000 0.364 0.352]
  eval: e=0.0410  p=[0.233 0.568 0.000 0.364 0.352]
  eval: e=0.0386  p=[0.230 0.568 0.000 0.364 0.353]
  eval: e=0.0390  p=[0.229 0.568 0.000 0.365 0.354]
  eval: e=0.0424  p=[0.236 0.566 0.002 0.364 0.353]
  eval: e=0.0559  p=[0.285 0.526 0.009 0.331 0.354]
  eval: e=0.6133  p=[0.274 0.566 0.000 0.350 0.347]
  eval: e=0.0386  p=[0.230 0.568 0.000 0.365 0.353]
  eval: e=0.0386  p=[0.230 0.568 0.000 0.365 0.354]
  eval: e=0.0391  p=[0.233 0.568 0.000 0.364 0.354]
  eval: e=0.7345  p=[0.263 0.480 0.004 0.430 0.357]
  eval: e=0.0386  p=[0.230 0.568 0.000 0.365 0.353]
  eval: e=0.0388  p=[0.230 0.568 0.000 0.365 0.353]
  eval: e=0.0392  p=[0.232 0.567 0.000 0.363 0.355]
  eval: e=0.0404  p=[0.231 0.568 0.000 0.361 0.354]
  eval: e=0.1193  p=[0.241 0.570 0.000 0.365 0.350]
  eval: e=0.0389  p=[0.230 0.567 0.000 0.363 0.353]
  eval: e=0.0389  p=[0.232 0.568 0.000 0.362 0.353]
  eval: e=0.0721  p=[0.238 0.569 0.000 0.339 0.351]
  eval: e=0.0512  p=[0.242 0.571 0.000 0.338 0.349]
  eval: e=0.0387  p=[0.233 0.567 0.000 0.363 0.354]
  eval: e=0.0398  p=[0.295 0.566 0.005 0.295 0.344]
  eval: e=0.0463  p=[0.238 0.568 0.000 0.362 0.353]
  eval: e=0.0907  p=[0.230 0.567 0.007 0.345 0.351]
  eval: e=0.0442  p=[0.226 0.569 0.001 0.368 0.348]
  eval: e=0.1429  p=[0.229 0.569 0.000 0.375 0.345]
  eval: e=0.0399  p=[0.233 0.568 0.000 0.364 0.352]
  eval: e=0.0459  p=[0.238 0.536 0.000 0.371 0.352]
  eval: e=0.1365  p=[0.292 0.501 0.000 0.364 0.352]
  eval: e=0.0394  p=[0.235 0.565 0.000 0.361 0.351]
  eval: e=0.1875  p=[0.249 0.573 0.008 0.366 0.354]
  eval: e=0.0522  p=[0.343 0.567 0.005 0.245 0.350]
  eval: e=0.0387  p=[0.231 0.568 0.000 0.365 0.353]
  eval: e=0.0933  p=[0.241 0.568 0.000 0.366 0.352]
  eval: e=0.0902  p=[0.239 0.544 0.001 0.349 0.351]
  eval: e=0.0389  p=[0.231 0.568 0.001 0.365 0.353]
  eval: e=0.0386  p=[0.231 0.568 0.000 0.364 0.353]
  eval: e=0.0468  p=[0.228 0.572 0.000 0.358 0.354]
  eval: e=0.0416  p=[0.229 0.568 0.000 0.362 0.353]
  eval: e=0.1943  p=[0.234 0.468 0.022 0.372 0.339]
  eval: e=0.0386  p=[0.230 0.568 0.000 0.365 0.353]
  eval: e=0.0424  p=[0.231 0.568 0.000 0.364 0.350]
  eval: e=0.0497  p=[0.244 0.558 0.000 0.363 0.352]
  eval: e=12.1675  p=[0.298 0.577 0.000 0.361 0.338]
  207           10400         0.03862          0.3279        1
  eval: e=0.0529  p=[0.250 0.526 0.011 0.368 0.354]
  eval: e=0.0388  p=[0.233 0.564 0.000 0.362 0.352]
  eval: e=0.0387  p=[0.231 0.568 0.000 0.365 0.354]
  eval: e=0.0386  p=[0.231 0.568 0.000 0.364 0.353]
  eval: e=0.1210  p=[0.248 0.561 0.000 0.366 0.352]
  eval: e=0.0667  p=[0.228 0.569 0.000 0.353 0.354]
  eval: e=0.0386  p=[0.230 0.568 0.000 0.364 0.352]
  eval: e=0.0400  p=[0.231 0.568 0.007 0.364 0.352]
  eval: e=0.0386  p=[0.230 0.568 0.000 0.365 0.354]
  eval: e=0.0397  p=[0.230 0.568 0.000 0.363 0.354]
  eval: e=0.0398  p=[0.253 0.567 0.001 0.343 0.351]
  eval: e=0.0695  p=[0.237 0.570 0.003 0.341 0.351]
  eval: e=0.1920  p=[0.226 0.564 0.000 0.320 0.352]
  eval: e=0.0386  p=[0.230 0.568 0.000 0.364 0.353]
  eval: e=0.0386  p=[0.230 0.568 0.000 0.365 0.354]
  eval: e=0.0389  p=[0.229 0.568 0.000 0.364 0.353]
  eval: e=0.5236  p=[0.260 0.495 0.011 0.420 0.355]
  eval: e=0.0386  p=[0.229 0.568 0.000 0.365 0.353]
  eval: e=0.0389  p=[0.230 0.568 0.000 0.363 0.353]
  eval: e=0.0388  p=[0.230 0.568 0.000 0.364 0.354]
  eval: e=0.0500  p=[0.232 0.568 0.000 0.356 0.354]
  eval: e=0.0400  p=[0.236 0.572 0.000 0.352 0.352]
  eval: e=0.0386  p=[0.230 0.568 0.000 0.366 0.355]
  eval: e=0.0387  p=[0.232 0.568 0.000 0.362 0.351]
  eval: e=0.0990  p=[0.234 0.569 0.000 0.373 0.352]
  eval: e=0.5871  p=[0.274 0.559 0.000 0.358 0.350]
  eval: e=0.0389  p=[0.232 0.568 0.000 0.364 0.354]
  eval: e=0.0603  p=[0.269 0.569 0.004 0.314 0.353]
  eval: e=0.0388  p=[0.235 0.568 0.000 0.362 0.355]
  eval: e=0.1012  p=[0.248 0.568 0.003 0.325 0.354]
  eval: e=0.2720  p=[0.261 0.568 0.000 0.355 0.350]
  eval: e=0.0489  p=[0.223 0.571 0.000 0.371 0.347]
  eval: e=0.0393  p=[0.232 0.568 0.000 0.363 0.352]
  eval: e=3.5188  p=[0.250 0.554 0.010 0.411 0.350]
  eval: e=0.0410  p=[0.273 0.508 0.000 0.363 0.352]
  eval: e=0.0392  p=[0.230 0.568 0.000 0.362 0.352]
  eval: e=39.1767  p=[0.293 0.580 0.011 0.416 0.355]
  eval: e=0.0776  p=[0.307 0.567 0.002 0.297 0.349]
  eval: e=0.0386  p=[0.230 0.567 0.000 0.364 0.353]
  eval: e=0.0432  p=[0.236 0.567 0.001 0.363 0.352]
  eval: e=6.5755  p=[0.293 0.558 0.001 0.372 0.347]
  eval: e=0.0386  p=[0.231 0.568 0.000 0.365 0.354]
  eval: e=0.0386  p=[0.231 0.568 0.000 0.365 0.353]
  eval: e=0.0439  p=[0.231 0.572 0.000 0.357 0.354]
  eval: e=0.0403  p=[0.230 0.567 0.001 0.364 0.354]
  eval: e=0.0746  p=[0.239 0.549 0.013 0.373 0.341]
  eval: e=0.0386  p=[0.230 0.568 0.000 0.365 0.353]
  eval: e=0.0429  p=[0.235 0.568 0.000 0.362 0.351]
  eval: e=0.1521  p=[0.257 0.472 0.003 0.371 0.359]
  eval: e=0.0535  p=[0.220 0.582 0.000 0.361 0.358]
  208           10450         0.03862           1.061        0
  eval: e=0.0777  p=[0.229 0.531 0.008 0.376 0.354]
  eval: e=0.0387  p=[0.233 0.568 0.000 0.363 0.355]
  eval: e=0.0389  p=[0.230 0.568 0.000 0.363 0.353]
  eval: e=0.0387  p=[0.230 0.568 0.000 0.364 0.352]
  eval: e=0.0750  p=[0.253 0.566 0.000 0.354 0.352]
  eval: e=0.0424  p=[0.240 0.569 0.000 0.351 0.354]
  eval: e=0.0387  p=[0.230 0.568 0.000 0.364 0.353]
  eval: e=0.0413  p=[0.230 0.569 0.009 0.363 0.352]
  eval: e=0.0386  p=[0.230 0.568 0.000 0.365 0.354]
  eval: e=0.0391  p=[0.235 0.567 0.000 0.363 0.354]
  eval: e=0.0937  p=[0.250 0.566 0.001 0.358 0.351]
  eval: e=0.0638  p=[0.258 0.541 0.005 0.336 0.344]
  eval: e=0.2605  p=[0.275 0.551 0.000 0.349 0.347]
  eval: e=0.0388  p=[0.230 0.569 0.000 0.365 0.353]
  eval: e=0.0386  p=[0.230 0.568 0.000 0.365 0.354]
  eval: e=0.0387  p=[0.233 0.568 0.000 0.361 0.353]
  eval: e=3.7425  p=[0.273 0.571 0.004 0.380 0.355]
  eval: e=0.0386  p=[0.230 0.568 0.000 0.364 0.353]
  eval: e=0.0387  p=[0.231 0.568 0.000 0.364 0.354]
  eval: e=0.0435  p=[0.230 0.568 0.000 0.360 0.354]
  eval: e=0.0408  p=[0.236 0.568 0.000 0.361 0.352]
  eval: e=0.0395  p=[0.236 0.570 0.000 0.354 0.352]
  eval: e=0.0391  p=[0.230 0.568 0.000 0.367 0.354]
  eval: e=0.0425  p=[0.230 0.568 0.000 0.362 0.355]
  eval: e=0.2959  p=[0.245 0.569 0.000 0.372 0.351]
  eval: e=0.0603  p=[0.249 0.554 0.000 0.342 0.353]
  eval: e=0.0391  p=[0.230 0.568 0.000 0.364 0.354]
  eval: e=0.5355  p=[0.282 0.568 0.000 0.339 0.346]
  eval: e=0.0399  p=[0.228 0.568 0.000 0.365 0.354]
  eval: e=0.5753  p=[0.254 0.568 0.000 0.367 0.346]
  eval: e=0.2388  p=[0.253 0.568 0.001 0.363 0.352]
  eval: e=0.0497  p=[0.231 0.571 0.000 0.371 0.356]
  eval: e=0.0387  p=[0.231 0.568 0.000 0.363 0.353]
  eval: e=0.1416  p=[0.252 0.491 0.000 0.356 0.349]
  eval: e=0.0680  p=[0.254 0.547 0.000 0.364 0.351]
  eval: e=0.0389  p=[0.230 0.567 0.000 0.362 0.351]
  eval: e=0.1153  p=[0.271 0.414 0.006 0.407 0.357]
  eval: e=0.0978  p=[0.255 0.567 0.006 0.354 0.350]
  eval: e=0.0386  p=[0.230 0.568 0.000 0.364 0.352]
  eval: e=0.0474  p=[0.227 0.568 0.001 0.359 0.351]
  eval: e=0.1753  p=[0.252 0.563 0.001 0.362 0.349]
  eval: e=0.0386  p=[0.231 0.568 0.000 0.365 0.354]
  eval: e=0.0386  p=[0.230 0.568 0.000 0.365 0.354]
  eval: e=0.0407  p=[0.232 0.570 0.001 0.364 0.352]
  eval: e=0.0435  p=[0.236 0.569 0.000 0.364 0.354]
  eval: e=0.1586  p=[0.251 0.464 0.006 0.374 0.351]
  eval: e=0.0386  p=[0.230 0.568 0.000 0.365 0.353]
  eval: e=0.0401  p=[0.236 0.569 0.000 0.359 0.351]
  eval: e=0.1512  p=[0.238 0.499 0.000 0.368 0.356]
  eval: e=0.0973  p=[0.290 0.439 0.000 0.359 0.341]
  209           10500         0.03861          0.1654        0
  eval: e=2.6194  p=[0.235 0.561 0.007 0.416 0.350]
  eval: e=0.0387  p=[0.230 0.569 0.000 0.364 0.353]
  eval: e=0.0390  p=[0.228 0.569 0.000 0.365 0.354]
  eval: e=0.0386  p=[0.230 0.568 0.000 0.366 0.354]
  eval: e=0.1026  p=[0.253 0.562 0.000 0.359 0.352]
  eval: e=0.0390  p=[0.244 0.569 0.000 0.348 0.350]
  eval: e=0.0386  p=[0.230 0.568 0.000 0.364 0.353]
  eval: e=0.0386  p=[0.230 0.569 0.000 0.365 0.353]
  eval: e=0.0386  p=[0.230 0.568 0.000 0.365 0.354]
  eval: e=0.0419  p=[0.234 0.567 0.000 0.366 0.354]
  eval: e=0.3465  p=[0.258 0.566 0.001 0.365 0.354]
  eval: e=1.6090  p=[0.297 0.562 0.002 0.347 0.351]
  eval: e=0.0405  p=[0.259 0.561 0.000 0.333 0.349]
  eval: e=0.0387  p=[0.230 0.568 0.000 0.365 0.353]
  eval: e=0.0386  p=[0.230 0.568 0.000 0.365 0.354]
  eval: e=0.0417  p=[0.234 0.568 0.000 0.365 0.353]
  eval: e=0.3378  p=[0.269 0.539 0.007 0.374 0.354]
  eval: e=0.0386  p=[0.230 0.568 0.000 0.365 0.353]
  eval: e=0.0387  p=[0.230 0.568 0.000 0.364 0.352]
  eval: e=0.0388  p=[0.232 0.568 0.001 0.363 0.353]
  eval: e=0.0407  p=[0.238 0.568 0.000 0.359 0.352]
  eval: e=0.0570  p=[0.229 0.571 0.000 0.351 0.351]
  eval: e=0.0389  p=[0.231 0.568 0.000 0.365 0.355]
  eval: e=0.0387  p=[0.233 0.568 0.000 0.364 0.355]
  eval: e=0.1705  p=[0.251 0.569 0.000 0.299 0.352]
  eval: e=0.0394  p=[0.238 0.555 0.000 0.360 0.350]
  eval: e=0.0387  p=[0.232 0.568 0.000 0.364 0.354]
  eval: e=1.8631  p=[0.268 0.567 0.003 0.366 0.342]
  eval: e=0.0442  p=[0.228 0.568 0.000 0.361 0.353]
  eval: e=0.2290  p=[0.241 0.568 0.012 0.374 0.347]
  eval: e=0.0463  p=[0.237 0.569 0.001 0.346 0.347]
  eval: e=0.0407  p=[0.221 0.569 0.000 0.367 0.350]
  eval: e=0.0387  p=[0.231 0.568 0.000 0.363 0.353]
  eval: e=0.2273  p=[0.230 0.500 0.010 0.346 0.348]
  eval: e=0.0398  p=[0.228 0.575 0.000 0.366 0.354]
  eval: e=0.0389  p=[0.231 0.568 0.000 0.364 0.351]
  eval: e=0.2642  p=[0.253 0.401 0.002 0.378 0.354]
  eval: e=0.0753  p=[0.238 0.567 0.009 0.370 0.352]
  eval: e=0.0389  p=[0.230 0.568 0.000 0.366 0.353]
  eval: e=0.0396  p=[0.235 0.568 0.001 0.361 0.352]
  eval: e=0.2401  p=[0.221 0.565 0.005 0.313 0.356]
  eval: e=0.0387  p=[0.230 0.568 0.000 0.365 0.354]
  eval: e=0.0386  p=[0.230 0.569 0.000 0.365 0.354]
  eval: e=0.0414  p=[0.248 0.572 0.000 0.347 0.353]
  eval: e=0.0387  p=[0.232 0.568 0.001 0.364 0.354]
  eval: e=0.1207  p=[0.233 0.497 0.009 0.372 0.340]
  eval: e=0.0386  p=[0.230 0.568 0.000 0.365 0.354]
  eval: e=0.0450  p=[0.232 0.569 0.000 0.354 0.350]
  eval: e=0.0592  p=[0.275 0.502 0.002 0.375 0.355]
  eval: e=0.1155  p=[0.236 0.507 0.000 0.359 0.340]
  210           10550         0.03861          0.1958        0

                                 Best            Mean     Stall
Iteration     f-count            f(x)            f(x)    Iterations
  eval: e=0.1213  p=[0.240 0.544 0.010 0.389 0.352]
  eval: e=0.0386  p=[0.227 0.569 0.000 0.366 0.353]
  eval: e=0.0386  p=[0.228 0.570 0.000 0.367 0.354]
  eval: e=0.0386  p=[0.230 0.569 0.000 0.367 0.356]
  eval: e=0.0909  p=[0.222 0.568 0.000 0.352 0.353]
  eval: e=0.0649  p=[0.236 0.568 0.000 0.343 0.351]
  eval: e=0.0386  p=[0.230 0.568 0.000 0.364 0.353]
  eval: e=0.0387  p=[0.230 0.568 0.000 0.366 0.354]
  eval: e=0.0386  p=[0.230 0.568 0.000 0.365 0.354]
  eval: e=0.0400  p=[0.230 0.568 0.000 0.364 0.355]
  eval: e=0.0848  p=[0.259 0.567 0.003 0.347 0.349]
  eval: e=2.8375  p=[0.316 0.552 0.002 0.345 0.353]
  eval: e=0.2480  p=[0.235 0.547 0.000 0.303 0.353]
  eval: e=0.0387  p=[0.230 0.568 0.000 0.365 0.353]
  eval: e=0.0386  p=[0.230 0.568 0.000 0.365 0.354]
  eval: e=0.0410  p=[0.233 0.568 0.000 0.358 0.353]
  eval: e=0.2574  p=[0.241 0.445 0.013 0.368 0.355]
  eval: e=0.0388  p=[0.230 0.568 0.000 0.365 0.353]
  eval: e=0.0386  p=[0.230 0.568 0.000 0.364 0.352]
  eval: e=0.0534  p=[0.236 0.568 0.000 0.366 0.353]
  eval: e=0.0487  p=[0.233 0.568 0.000 0.357 0.357]
  eval: e=0.0522  p=[0.233 0.571 0.000 0.363 0.349]
  eval: e=0.0387  p=[0.230 0.568 0.000 0.365 0.355]
  eval: e=0.0416  p=[0.232 0.568 0.000 0.367 0.354]
  eval: e=0.1907  p=[0.251 0.569 0.000 0.294 0.353]
  eval: e=0.0686  p=[0.228 0.564 0.000 0.373 0.345]
  eval: e=0.0392  p=[0.232 0.568 0.000 0.365 0.354]
  eval: e=0.0837  p=[0.208 0.567 0.004 0.363 0.345]
  eval: e=0.0393  p=[0.229 0.569 0.000 0.363 0.353]
  eval: e=0.0423  p=[0.235 0.568 0.001 0.361 0.350]
  eval: e=0.1130  p=[0.223 0.570 0.000 0.343 0.352]
  eval: e=0.0491  p=[0.213 0.568 0.000 0.369 0.348]
  eval: e=0.0396  p=[0.231 0.567 0.000 0.363 0.354]
  eval: e=1.5825  p=[0.230 0.597 0.011 0.393 0.353]
  eval: e=0.0511  p=[0.210 0.587 0.000 0.367 0.357]
  eval: e=0.0387  p=[0.230 0.569 0.000 0.365 0.353]
  eval: e=0.0591  p=[0.231 0.495 0.011 0.408 0.356]
  eval: e=0.0473  p=[0.355 0.568 0.009 0.238 0.353]
  eval: e=0.0387  p=[0.230 0.568 0.000 0.366 0.354]
  eval: e=0.0713  p=[0.240 0.568 0.001 0.366 0.354]
  eval: e=0.0517  p=[0.266 0.565 0.003 0.322 0.351]
  eval: e=0.0386  p=[0.230 0.568 0.000 0.365 0.354]
  eval: e=0.0386  p=[0.230 0.569 0.000 0.365 0.354]
  eval: e=0.0842  p=[0.247 0.573 0.000 0.359 0.355]
  eval: e=0.0395  p=[0.230 0.567 0.000 0.365 0.354]
  eval: e=0.0593  p=[0.246 0.523 0.008 0.372 0.333]
  eval: e=0.0386  p=[0.229 0.569 0.000 0.365 0.354]
  eval: e=0.0391  p=[0.234 0.569 0.000 0.357 0.352]
  eval: e=0.7311  p=[0.275 0.525 0.001 0.385 0.354]
  eval: e=0.0965  p=[0.196 0.590 0.000 0.363 0.353]
  211           10600         0.03861          0.1636        1
  eval: e=0.0740  p=[0.242 0.526 0.014 0.371 0.355]
  eval: e=0.0394  p=[0.226 0.568 0.000 0.367 0.354]
  eval: e=0.0400  p=[0.230 0.570 0.000 0.367 0.354]
  eval: e=0.0387  p=[0.230 0.568 0.000 0.366 0.354]
  eval: e=0.0397  p=[0.235 0.570 0.000 0.357 0.353]
  eval: e=0.0701  p=[0.231 0.569 0.000 0.348 0.353]
  eval: e=0.0387  p=[0.230 0.569 0.000 0.365 0.353]
  eval: e=0.0392  p=[0.230 0.568 0.000 0.367 0.354]
  eval: e=0.0386  p=[0.230 0.568 0.000 0.365 0.354]
  eval: e=0.0421  p=[0.229 0.568 0.000 0.363 0.355]
  eval: e=0.1074  p=[0.231 0.567 0.001 0.335 0.348]
  eval: e=0.2091  p=[0.236 0.530 0.005 0.328 0.351]
  eval: e=0.1944  p=[0.266 0.531 0.000 0.302 0.351]
  eval: e=0.0387  p=[0.230 0.568 0.000 0.364 0.353]
  eval: e=0.0386  p=[0.230 0.568 0.000 0.365 0.354]
  eval: e=0.0394  p=[0.233 0.568 0.000 0.364 0.353]
  eval: e=0.2871  p=[0.214 0.412 0.017 0.407 0.359]
  eval: e=0.0387  p=[0.230 0.569 0.000 0.365 0.353]
  eval: e=0.0391  p=[0.230 0.568 0.000 0.364 0.354]
  eval: e=0.0406  p=[0.231 0.569 0.000 0.367 0.354]
  eval: e=0.0632  p=[0.226 0.568 0.000 0.362 0.360]
  eval: e=0.1318  p=[0.246 0.569 0.000 0.364 0.352]
  eval: e=0.0386  p=[0.229 0.568 0.000 0.367 0.355]
  eval: e=0.0403  p=[0.229 0.569 0.000 0.368 0.354]
  eval: e=1.1186  p=[0.256 0.570 0.000 0.377 0.353]
  eval: e=0.1399  p=[0.235 0.559 0.000 0.332 0.354]
  eval: e=0.0396  p=[0.232 0.568 0.000 0.366 0.354]
  eval: e=0.0952  p=[0.260 0.567 0.004 0.321 0.361]
  eval: e=0.0395  p=[0.232 0.569 0.000 0.366 0.354]
  eval: e=0.1438  p=[0.252 0.568 0.000 0.306 0.352]
  eval: e=0.0881  p=[0.235 0.569 0.000 0.341 0.356]
  eval: e=0.0546  p=[0.209 0.568 0.000 0.375 0.353]
  eval: e=0.0398  p=[0.230 0.568 0.000 0.363 0.354]
  eval: e=12.0988  p=[0.248 0.551 0.007 0.435 0.350]
  eval: e=0.1392  p=[0.243 0.577 0.000 0.366 0.357]
  eval: e=0.0387  p=[0.229 0.569 0.000 0.367 0.356]
  eval: e=78.7969  p=[0.286 0.652 0.014 0.425 0.361]
  eval: e=0.0521  p=[0.320 0.568 0.005 0.267 0.351]
  eval: e=0.0391  p=[0.230 0.568 0.000 0.364 0.355]
  eval: e=0.0478  p=[0.231 0.568 0.001 0.359 0.355]
  eval: e=29.0226  p=[0.299 0.564 0.002 0.398 0.344]
  eval: e=0.0388  p=[0.231 0.569 0.000 0.364 0.353]
  eval: e=0.0386  p=[0.230 0.568 0.000 0.365 0.354]
  eval: e=0.1284  p=[0.239 0.571 0.000 0.373 0.357]
  eval: e=0.0395  p=[0.229 0.568 0.000 0.364 0.354]
  eval: e=0.8395  p=[0.268 0.558 0.008 0.367 0.346]
  eval: e=0.0386  p=[0.230 0.568 0.000 0.365 0.354]
  eval: e=0.1215  p=[0.238 0.569 0.000 0.370 0.351]
  eval: e=0.1697  p=[0.258 0.464 0.002 0.368 0.357]
  eval: e=0.1594  p=[0.226 0.531 0.000 0.364 0.365]
  212           10650         0.03861           2.507        0
  eval: e=0.2311  p=[0.237 0.488 0.022 0.356 0.353]
  eval: e=0.0386  p=[0.228 0.569 0.000 0.367 0.354]
  eval: e=0.0386  p=[0.228 0.570 0.000 0.367 0.354]
  eval: e=0.0388  p=[0.231 0.568 0.000 0.365 0.353]
  eval: e=0.3885  p=[0.266 0.567 0.000 0.357 0.353]
  eval: e=0.0386  p=[0.232 0.571 0.000 0.361 0.353]
  eval: e=0.0388  p=[0.230 0.569 0.000 0.365 0.354]
  eval: e=0.0392  p=[0.230 0.568 0.000 0.366 0.353]
  eval: e=0.0387  p=[0.230 0.568 0.000 0.365 0.354]
  eval: e=0.0410  p=[0.234 0.569 0.000 0.363 0.353]
  eval: e=0.1060  p=[0.232 0.567 0.000 0.339 0.353]
  eval: e=0.3349  p=[0.161 0.535 0.007 0.319 0.351]
  eval: e=0.0420  p=[0.288 0.529 0.000 0.324 0.347]
  eval: e=0.0387  p=[0.230 0.569 0.000 0.364 0.353]
  eval: e=0.0386  p=[0.230 0.568 0.000 0.365 0.353]
  eval: e=0.0479  p=[0.231 0.569 0.000 0.371 0.355]
  eval: e=0.1089  p=[0.241 0.401 0.003 0.447 0.357]
  eval: e=0.0388  p=[0.230 0.568 0.000 0.365 0.354]
  eval: e=0.0387  p=[0.230 0.569 0.000 0.365 0.354]
  eval: e=0.0472  p=[0.228 0.568 0.001 0.362 0.355]
  eval: e=0.0393  p=[0.231 0.568 0.000 0.359 0.347]
  eval: e=0.0614  p=[0.236 0.567 0.000 0.348 0.355]
  eval: e=0.0392  p=[0.230 0.568 0.000 0.368 0.354]
  eval: e=0.0391  p=[0.228 0.568 0.000 0.368 0.354]
  eval: e=31.8099  p=[0.253 0.570 0.000 0.441 0.350]
  eval: e=0.0623  p=[0.280 0.557 0.000 0.318 0.361]
  eval: e=0.0390  p=[0.232 0.568 0.000 0.365 0.354]
  eval: e=0.0545  p=[0.285 0.569 0.002 0.317 0.371]
  eval: e=0.0389  p=[0.233 0.567 0.000 0.366 0.357]
  eval: e=0.2220  p=[0.267 0.569 0.001 0.346 0.349]
  eval: e=0.6333  p=[0.252 0.568 0.001 0.371 0.347]
  eval: e=0.0489  p=[0.215 0.569 0.000 0.374 0.355]
  eval: e=0.0404  p=[0.232 0.569 0.000 0.364 0.352]
  eval: e=0.0948  p=[0.264 0.471 0.000 0.370 0.349]
  eval: e=0.0562  p=[0.246 0.555 0.000 0.364 0.351]
  eval: e=0.0391  p=[0.228 0.568 0.000 0.368 0.357]
  eval: e=0.2327  p=[0.301 0.314 0.019 0.420 0.364]
  eval: e=0.1423  p=[0.227 0.567 0.006 0.329 0.345]
  eval: e=0.0388  p=[0.230 0.568 0.000 0.363 0.351]
  eval: e=0.0540  p=[0.223 0.568 0.001 0.359 0.349]
  eval: e=29.0923  p=[0.293 0.544 0.000 0.412 0.340]
  eval: e=0.0386  p=[0.230 0.569 0.000 0.364 0.354]
  eval: e=0.0386  p=[0.230 0.568 0.000 0.365 0.354]
  eval: e=0.0446  p=[0.223 0.571 0.001 0.363 0.351]
  eval: e=0.0415  p=[0.233 0.569 0.001 0.365 0.354]
  eval: e=4.4988  p=[0.292 0.559 0.008 0.372 0.352]
  eval: e=0.0386  p=[0.230 0.568 0.000 0.365 0.353]
  eval: e=0.0388  p=[0.228 0.569 0.000 0.364 0.351]
  eval: e=0.1872  p=[0.277 0.440 0.001 0.360 0.358]
  eval: e=0.0550  p=[0.277 0.481 0.000 0.357 0.342]
  213           10700         0.03861           1.393        0
  eval: e=0.0932  p=[0.238 0.473 0.001 0.397 0.351]
  eval: e=0.0391  p=[0.231 0.569 0.000 0.366 0.355]
  eval: e=0.0393  p=[0.227 0.570 0.000 0.367 0.355]
  eval: e=0.0391  p=[0.229 0.568 0.000 0.366 0.355]
  eval: e=0.2772  p=[0.261 0.563 0.000 0.361 0.353]
  eval: e=0.1370  p=[0.232 0.569 0.000 0.379 0.354]
  eval: e=0.0386  p=[0.228 0.568 0.000 0.366 0.354]
  eval: e=0.0388  p=[0.230 0.569 0.000 0.364 0.352]
  eval: e=0.0386  p=[0.229 0.569 0.000 0.366 0.354]
  eval: e=0.0527  p=[0.236 0.569 0.000 0.364 0.351]
  eval: e=0.2142  p=[0.247 0.566 0.000 0.371 0.354]
  eval: e=2.2247  p=[0.332 0.561 0.010 0.317 0.346]
  eval: e=0.0424  p=[0.229 0.540 0.000 0.376 0.349]
  eval: e=0.0392  p=[0.230 0.569 0.000 0.366 0.352]
  eval: e=0.0386  p=[0.229 0.569 0.000 0.366 0.353]
  eval: e=0.0408  p=[0.229 0.568 0.000 0.371 0.355]
  eval: e=15.7335  p=[0.259 0.603 0.000 0.397 0.352]
  eval: e=0.0388  p=[0.230 0.567 0.000 0.365 0.354]
  eval: e=0.0389  p=[0.230 0.568 0.000 0.365 0.354]
  eval: e=0.0786  p=[0.224 0.568 0.001 0.356 0.356]
  eval: e=0.1559  p=[0.242 0.568 0.000 0.363 0.343]
  eval: e=0.0943  p=[0.225 0.571 0.000 0.344 0.351]
  eval: e=0.0387  p=[0.230 0.568 0.000 0.366 0.354]
  eval: e=0.0387  p=[0.231 0.567 0.000 0.366 0.355]
  eval: e=8.6321  p=[0.236 0.568 0.000 0.427 0.349]
  eval: e=17.5752  p=[0.320 0.562 0.000 0.374 0.354]
  eval: e=0.0389  p=[0.229 0.569 0.000 0.364 0.353]
  eval: e=0.0542  p=[0.259 0.567 0.000 0.313 0.338]
  eval: e=0.0446  p=[0.232 0.566 0.000 0.362 0.357]
  eval: e=3.2672  p=[0.261 0.568 0.007 0.388 0.348]
  eval: e=2.9932  p=[0.270 0.567 0.001 0.371 0.342]
  eval: e=0.0662  p=[0.240 0.572 0.000 0.366 0.357]
  eval: e=0.0417  p=[0.233 0.569 0.000 0.365 0.353]
  eval: e=0.3252  p=[0.232 0.443 0.008 0.320 0.348]
  eval: e=0.0474  p=[0.224 0.563 0.000 0.364 0.349]
  eval: e=0.0386  p=[0.230 0.568 0.000 0.365 0.353]
  eval: e=0.3810  p=[0.233 0.148 0.020 0.396 0.358]
  eval: e=0.0401  p=[0.232 0.565 0.012 0.367 0.348]
  eval: e=0.0395  p=[0.230 0.567 0.000 0.365 0.350]
  eval: e=0.0501  p=[0.222 0.568 0.000 0.358 0.345]
  eval: e=0.2907  p=[0.235 0.534 0.000 0.292 0.358]
  eval: e=0.0408  p=[0.227 0.568 0.000 0.365 0.354]
  eval: e=0.0386  p=[0.230 0.568 0.000 0.365 0.354]
  eval: e=0.1068  p=[0.211 0.575 0.000 0.351 0.349]
  eval: e=0.0431  p=[0.235 0.569 0.001 0.365 0.354]
  eval: e=0.2681  p=[0.214 0.449 0.013 0.374 0.342]
  eval: e=0.0386  p=[0.230 0.568 0.000 0.365 0.353]
  eval: e=0.1107  p=[0.221 0.569 0.000 0.346 0.353]
  eval: e=0.2760  p=[0.299 0.494 0.000 0.371 0.355]
  eval: e=4.8915  p=[0.299 0.539 0.000 0.352 0.320]
  214           10750          0.0386           1.187        0
  eval: e=0.2609  p=[0.234 0.515 0.000 0.418 0.351]
  eval: e=0.0405  p=[0.231 0.569 0.000 0.366 0.353]
  eval: e=0.0386  p=[0.229 0.570 0.000 0.367 0.355]
  eval: e=0.0395  p=[0.229 0.569 0.000 0.366 0.356]
  eval: e=0.0930  p=[0.226 0.561 0.000 0.351 0.352]
  eval: e=0.0579  p=[0.230 0.570 0.000 0.373 0.354]
  eval: e=0.0386  p=[0.229 0.568 0.000 0.366 0.354]
  eval: e=0.0390  p=[0.230 0.569 0.000 0.363 0.353]
  eval: e=0.0387  p=[0.229 0.569 0.000 0.366 0.354]
  eval: e=0.0387  p=[0.233 0.568 0.000 0.364 0.356]
  eval: e=0.2055  p=[0.273 0.566 0.002 0.343 0.351]
  eval: e=29.0338  p=[0.383 0.563 0.000 0.329 0.341]
  eval: e=0.0446  p=[0.222 0.581 0.000 0.354 0.349]
  eval: e=0.0386  p=[0.229 0.568 0.000 0.366 0.353]
  eval: e=0.0386  p=[0.228 0.569 0.000 0.366 0.353]
  eval: e=0.0393  p=[0.232 0.570 0.000 0.359 0.353]
  eval: e=28.0777  p=[0.296 0.717 0.015 0.322 0.356]
  eval: e=0.0387  p=[0.229 0.567 0.000 0.365 0.353]
  eval: e=0.0388  p=[0.230 0.567 0.000 0.364 0.352]
  eval: e=0.0420  p=[0.233 0.569 0.000 0.359 0.355]
  eval: e=0.2707  p=[0.244 0.568 0.000 0.365 0.343]
  eval: e=0.1114  p=[0.237 0.575 0.000 0.363 0.346]
  eval: e=0.0394  p=[0.229 0.568 0.000 0.364 0.354]
  eval: e=0.0410  p=[0.232 0.567 0.000 0.363 0.356]
  eval: e=0.1792  p=[0.249 0.568 0.000 0.298 0.350]
  eval: e=42.4982  p=[0.319 0.567 0.000 0.391 0.341]
  eval: e=0.0387  p=[0.229 0.569 0.000 0.364 0.353]
  eval: e=0.2035  p=[0.256 0.564 0.003 0.334 0.318]
  eval: e=0.0408  p=[0.233 0.569 0.000 0.361 0.357]
  eval: e=2.6042  p=[0.231 0.567 0.012 0.414 0.346]
  eval: e=0.0831  p=[0.227 0.567 0.000 0.352 0.356]
  eval: e=0.0391  p=[0.225 0.574 0.000 0.362 0.351]
  eval: e=0.0387  p=[0.231 0.569 0.000 0.364 0.354]
  eval: e=0.0390  p=[0.225 0.614 0.007 0.343 0.354]
  eval: e=0.0798  p=[0.206 0.579 0.000 0.367 0.357]
  eval: e=0.0394  p=[0.232 0.569 0.000 0.362 0.350]
  eval: e=0.3594  p=[0.178 0.416 0.014 0.338 0.348]
  eval: e=1.5364  p=[0.233 0.566 0.004 0.408 0.353]
  eval: e=0.0435  p=[0.230 0.568 0.000 0.367 0.350]
  eval: e=0.0411  p=[0.242 0.570 0.000 0.361 0.361]
  eval: e=0.3677  p=[0.224 0.544 0.003 0.205 0.372]
  eval: e=0.0420  p=[0.226 0.567 0.000 0.366 0.355]
  eval: e=0.0386  p=[0.229 0.569 0.000 0.366 0.354]
  eval: e=0.0692  p=[0.228 0.571 0.000 0.346 0.349]
  eval: e=0.0394  p=[0.231 0.567 0.001 0.364 0.355]
  eval: e=0.2735  p=[0.187 0.483 0.009 0.365 0.333]
  eval: e=0.0386  p=[0.229 0.568 0.000 0.365 0.353]
  eval: e=0.0745  p=[0.238 0.568 0.000 0.340 0.353]
  eval: e=0.2096  p=[0.272 0.525 0.001 0.373 0.354]
  eval: e=7.9010  p=[0.274 0.576 0.000 0.368 0.330]
  215           10800          0.0386           2.313        0
  eval: e=11.1569  p=[0.237 0.585 0.016 0.426 0.352]
  eval: e=0.0388  p=[0.226 0.569 0.000 0.366 0.352]
  eval: e=0.0421  p=[0.230 0.569 0.000 0.366 0.352]
  eval: e=0.0396  p=[0.229 0.568 0.000 0.367 0.352]
  eval: e=0.0988  p=[0.226 0.568 0.000 0.346 0.354]
  eval: e=0.0690  p=[0.229 0.569 0.000 0.351 0.354]
  eval: e=0.0386  p=[0.230 0.568 0.000 0.367 0.354]
  eval: e=0.0397  p=[0.228 0.568 0.000 0.366 0.355]
  eval: e=0.0388  p=[0.230 0.568 0.000 0.365 0.354]
  eval: e=0.0474  p=[0.229 0.566 0.000 0.365 0.359]
  eval: e=0.0510  p=[0.263 0.566 0.002 0.322 0.349]
  eval: e=3.8871  p=[0.317 0.546 0.012 0.360 0.356]
  eval: e=0.0836  p=[0.248 0.575 0.000 0.324 0.354]
  eval: e=0.0394  p=[0.227 0.567 0.000 0.367 0.354]
  eval: e=0.0386  p=[0.228 0.569 0.000 0.366 0.353]
  eval: e=0.0469  p=[0.235 0.569 0.000 0.350 0.351]
  eval: e=0.3162  p=[0.252 0.364 0.019 0.386 0.366]
  eval: e=0.0388  p=[0.229 0.569 0.000 0.365 0.352]
  eval: e=0.0387  p=[0.230 0.568 0.000 0.363 0.351]
  eval: e=0.1202  p=[0.241 0.568 0.000 0.368 0.351]
  eval: e=0.0391  p=[0.236 0.568 0.000 0.366 0.361]
  eval: e=0.4141  p=[0.247 0.575 0.000 0.367 0.349]
  eval: e=0.0393  p=[0.230 0.569 0.000 0.367 0.354]
  eval: e=0.0391  p=[0.231 0.569 0.000 0.364 0.356]
  eval: e=0.3393  p=[0.260 0.569 0.000 0.191 0.353]
  eval: e=2.1388  p=[0.275 0.557 0.000 0.366 0.340]
  eval: e=0.0402  p=[0.231 0.569 0.000 0.366 0.353]
  eval: e=0.0872  p=[0.228 0.565 0.003 0.348 0.351]
  eval: e=0.0392  p=[0.230 0.571 0.000 0.364 0.353]
  eval: e=0.2119  p=[0.231 0.568 0.005 0.310 0.354]
  eval: e=0.1720  p=[0.222 0.572 0.000 0.342 0.369]
  eval: e=0.0442  p=[0.212 0.569 0.000 0.375 0.340]
  eval: e=0.0439  p=[0.225 0.569 0.000 0.365 0.355]
  eval: e=24.6636  p=[0.222 0.740 0.003 0.373 0.361]
  eval: e=0.2017  p=[0.243 0.582 0.000 0.369 0.360]
  eval: e=0.0389  p=[0.229 0.569 0.000 0.362 0.351]
  eval: e=15.9489  p=[0.140 0.820 0.009 0.402 0.358]
  eval: e=0.3489  p=[0.233 0.567 0.001 0.391 0.356]
  eval: e=0.0389  p=[0.229 0.570 0.000 0.366 0.357]
  eval: e=0.0797  p=[0.254 0.572 0.001 0.361 0.366]
  eval: e=0.3439  p=[0.245 0.583 0.004 0.187 0.348]
  eval: e=0.0396  p=[0.231 0.567 0.000 0.368 0.354]
  eval: e=0.0387  p=[0.228 0.570 0.000 0.366 0.354]
  eval: e=0.0848  p=[0.264 0.568 0.000 0.346 0.357]
  eval: e=0.0454  p=[0.226 0.567 0.000 0.364 0.354]
  eval: e=0.9206  p=[0.261 0.547 0.001 0.363 0.325]
  eval: e=0.0386  p=[0.229 0.568 0.000 0.366 0.353]
  eval: e=0.1500  p=[0.248 0.567 0.000 0.362 0.350]
  eval: e=0.0830  p=[0.241 0.512 0.002 0.375 0.356]
  eval: e=0.0476  p=[0.211 0.612 0.000 0.371 0.364]
  216           10850          0.0386           1.261        1
  eval: e=0.1370  p=[0.234 0.570 0.026 0.337 0.354]
  eval: e=0.0413  p=[0.225 0.568 0.000 0.367 0.355]
  eval: e=0.0416  p=[0.231 0.569 0.000 0.366 0.352]
  eval: e=0.0437  p=[0.230 0.568 0.000 0.367 0.350]
  eval: e=0.0420  p=[0.244 0.574 0.000 0.351 0.354]
  eval: e=0.0874  p=[0.229 0.570 0.000 0.345 0.353]
  eval: e=0.0386  p=[0.229 0.568 0.000 0.366 0.354]
  eval: e=0.0386  p=[0.228 0.568 0.000 0.369 0.356]
  eval: e=0.0391  p=[0.231 0.569 0.000 0.364 0.353]
  eval: e=0.0390  p=[0.229 0.567 0.000 0.365 0.353]
  eval: e=0.0633  p=[0.216 0.567 0.000 0.367 0.354]
  eval: e=0.2727  p=[0.188 0.527 0.016 0.364 0.362]
  eval: e=0.0582  p=[0.292 0.548 0.000 0.301 0.348]
  eval: e=0.0394  p=[0.227 0.569 0.000 0.366 0.355]
  eval: e=0.0386  p=[0.228 0.570 0.000 0.366 0.353]
  eval: e=0.0813  p=[0.233 0.566 0.000 0.344 0.353]
  eval: e=0.3742  p=[0.203 0.146 0.004 0.466 0.365]
  eval: e=0.0405  p=[0.230 0.569 0.000 0.366 0.351]
  eval: e=0.0386  p=[0.229 0.569 0.000 0.366 0.355]
  eval: e=0.0462  p=[0.226 0.567 0.000 0.375 0.353]
  eval: e=0.0937  p=[0.226 0.569 0.000 0.365 0.374]
  eval: e=0.2376  p=[0.255 0.564 0.000 0.364 0.353]
  eval: e=0.0397  p=[0.232 0.567 0.000 0.368 0.355]
  eval: e=0.0400  p=[0.229 0.570 0.000 0.366 0.353]
  eval: e=0.3004  p=[0.260 0.570 0.000 0.233 0.354]
  eval: e=0.1685  p=[0.222 0.556 0.000 0.338 0.352]
  eval: e=0.0386  p=[0.231 0.567 0.000 0.366 0.355]
  eval: e=0.3058  p=[0.205 0.574 0.005 0.317 0.388]
  eval: e=0.0416  p=[0.229 0.569 0.000 0.367 0.350]
  eval: e=0.3194  p=[0.251 0.569 0.000 0.229 0.357]
  eval: e=0.0856  p=[0.235 0.574 0.000 0.334 0.350]
  eval: e=0.0649  p=[0.221 0.564 0.000 0.386 0.352]
  eval: e=0.0422  p=[0.231 0.569 0.000 0.367 0.352]
  eval: e=51.8348  p=[0.230 0.777 0.000 0.379 0.361]
  eval: e=0.4339  p=[0.256 0.572 0.000 0.367 0.356]
  eval: e=0.0387  p=[0.227 0.569 0.000 0.367 0.352]
  eval: e=49.4844  p=[0.243 0.798 0.010 0.449 0.363]
  eval: e=0.1182  p=[0.230 0.567 0.000 0.336 0.352]
  eval: e=0.0442  p=[0.229 0.572 0.000 0.364 0.360]
  eval: e=0.0711  p=[0.226 0.568 0.002 0.362 0.362]
  eval: e=110.4143  p=[0.274 0.617 0.001 0.434 0.320]
  eval: e=0.0531  p=[0.235 0.569 0.000 0.366 0.352]
  eval: e=0.0398  p=[0.230 0.570 0.000 0.366 0.353]
  eval: e=0.0392  p=[0.234 0.573 0.001 0.363 0.360]
  eval: e=0.0388  p=[0.228 0.568 0.000 0.365 0.353]
  eval: e=30.0807  p=[0.352 0.552 0.000 0.364 0.345]
  eval: e=0.0386  p=[0.227 0.569 0.000 0.367 0.353]
  eval: e=0.4370  p=[0.237 0.569 0.000 0.384 0.351]
  eval: e=0.2209  p=[0.220 0.477 0.002 0.379 0.355]
  eval: e=0.2275  p=[0.206 0.584 0.000 0.352 0.391]
  217           10900         0.03859            4.94        0
  eval: e=0.3028  p=[0.243 0.477 0.002 0.312 0.355]
  eval: e=0.0387  p=[0.230 0.569 0.000 0.367 0.357]
  eval: e=0.0394  p=[0.226 0.570 0.000 0.367 0.355]
  eval: e=0.0395  p=[0.230 0.568 0.000 0.367 0.358]
  eval: e=0.0395  p=[0.252 0.559 0.000 0.349 0.352]
  eval: e=0.0399  p=[0.232 0.570 0.000 0.363 0.353]
  eval: e=0.0386  p=[0.228 0.568 0.000 0.366 0.353]
  eval: e=0.0389  p=[0.230 0.569 0.000 0.367 0.355]
  eval: e=0.0399  p=[0.230 0.569 0.000 0.366 0.353]
  eval: e=0.0666  p=[0.236 0.569 0.000 0.365 0.350]
  eval: e=0.0433  p=[0.218 0.569 0.000 0.380 0.352]
  eval: e=0.2949  p=[0.143 0.539 0.000 0.358 0.337]
  eval: e=0.2539  p=[0.253 0.534 0.000 0.279 0.342]
  eval: e=0.0415  p=[0.229 0.569 0.000 0.367 0.352]
  eval: e=0.0386  p=[0.228 0.570 0.000 0.366 0.353]
  eval: e=0.0400  p=[0.227 0.568 0.000 0.373 0.356]
  eval: e=0.3757  p=[0.207 0.223 0.000 0.399 0.363]
  eval: e=0.0395  p=[0.231 0.568 0.000 0.366 0.353]
  eval: e=0.0393  p=[0.227 0.570 0.000 0.370 0.358]
  eval: e=0.0473  p=[0.224 0.568 0.000 0.366 0.356]
  eval: e=0.0559  p=[0.231 0.569 0.000 0.364 0.366]
  eval: e=0.0430  p=[0.250 0.556 0.000 0.358 0.354]
  eval: e=0.0386  p=[0.228 0.568 0.000 0.369 0.355]
  eval: e=0.0406  p=[0.228 0.567 0.000 0.369 0.352]
  eval: e=0.0570  p=[0.256 0.570 0.000 0.345 0.351]
  eval: e=0.2558  p=[0.218 0.566 0.000 0.311 0.361]
  eval: e=0.0409  p=[0.231 0.566 0.000 0.363 0.355]
  eval: e=7.9844  p=[0.315 0.580 0.000 0.326 0.327]
  eval: e=0.0396  p=[0.228 0.565 0.000 0.367 0.354]
  eval: e=0.0790  p=[0.282 0.569 0.012 0.320 0.343]
  eval: e=0.1632  p=[0.247 0.565 0.000 0.351 0.332]
  eval: e=0.0592  p=[0.238 0.563 0.000 0.376 0.361]
  eval: e=0.0629  p=[0.235 0.569 0.000 0.366 0.351]
  eval: e=0.3238  p=[0.230 0.397 0.005 0.353 0.347]
  eval: e=0.0452  p=[0.224 0.560 0.000 0.363 0.345]
  eval: e=0.0392  p=[0.226 0.568 0.000 0.372 0.355]
  eval: e=0.1558  p=[0.378 0.151 0.009 0.477 0.361]
  eval: e=0.1380  p=[0.225 0.566 0.009 0.336 0.348]
  eval: e=0.0417  p=[0.230 0.570 0.000 0.362 0.356]
  eval: e=0.0458  p=[0.213 0.564 0.002 0.363 0.333]
  eval: e=130.4763  p=[0.298 0.576 0.002 0.563 0.310]
  eval: e=0.0387  p=[0.230 0.570 0.000 0.364 0.352]
  eval: e=0.0391  p=[0.232 0.568 0.000 0.365 0.354]
  eval: e=0.1529  p=[0.196 0.574 0.001 0.364 0.360]
  eval: e=0.0564  p=[0.235 0.569 0.000 0.368 0.354]
  eval: e=0.2835  p=[0.208 0.470 0.018 0.374 0.358]
  eval: e=0.0386  p=[0.226 0.569 0.000 0.369 0.353]
  eval: e=0.0760  p=[0.213 0.570 0.001 0.364 0.353]
  eval: e=0.1090  p=[0.281 0.436 0.003 0.378 0.352]
  eval: e=0.2521  p=[0.276 0.429 0.000 0.344 0.357]
  218           10950         0.03859           2.863        0
  eval: e=0.3142  p=[0.252 0.395 0.000 0.348 0.354]
  eval: e=0.0400  p=[0.231 0.568 0.000 0.366 0.353]
  eval: e=0.0401  p=[0.227 0.570 0.000 0.367 0.357]
  eval: e=0.0464  p=[0.228 0.569 0.000 0.367 0.361]
  eval: e=0.0475  p=[0.234 0.555 0.000 0.361 0.352]
  eval: e=0.2265  p=[0.232 0.570 0.000 0.384 0.355]
  eval: e=0.0389  p=[0.224 0.569 0.000 0.368 0.353]
  eval: e=0.0408  p=[0.232 0.569 0.000 0.363 0.351]
  eval: e=0.0387  p=[0.228 0.570 0.000 0.367 0.355]
  eval: e=0.0594  p=[0.238 0.570 0.000 0.363 0.351]
  eval: e=3.5126  p=[0.271 0.567 0.001 0.377 0.347]
  eval: e=2.5806  p=[0.295 0.566 0.002 0.328 0.320]
  eval: e=0.1896  p=[0.222 0.547 0.000 0.326 0.340]
  eval: e=0.0395  p=[0.229 0.569 0.000 0.365 0.351]
  eval: e=0.0386  p=[0.226 0.570 0.000 0.368 0.353]
  eval: e=0.1888  p=[0.228 0.570 0.000 0.386 0.354]
  eval: e=11.9848  p=[0.278 1.000 0.015 0.326 0.354]
  eval: e=0.0394  p=[0.229 0.567 0.000 0.367 0.355]
  eval: e=0.0390  p=[0.226 0.569 0.000 0.369 0.353]
  eval: e=0.0568  p=[0.233 0.569 0.000 0.352 0.356]
  eval: e=0.3065  p=[0.248 0.567 0.000 0.360 0.338]
  eval: e=0.0540  p=[0.237 0.579 0.000 0.341 0.353]
  eval: e=0.0387  p=[0.225 0.569 0.000 0.370 0.355]
  eval: e=0.0391  p=[0.231 0.565 0.000 0.370 0.357]
  eval: e=59.2161  p=[0.233 0.568 0.000 0.481 0.348]
  eval: e=0.0437  p=[0.263 0.565 0.000 0.323 0.347]
  eval: e=0.0403  p=[0.230 0.568 0.000 0.363 0.354]
  eval: e=48.4594  p=[0.363 0.567 0.003 0.329 0.300]
  eval: e=0.0494  p=[0.228 0.570 0.000 0.361 0.358]
  eval: e=100.8256  p=[0.255 0.567 0.008 0.493 0.344]
  eval: e=1.5638  p=[0.245 0.565 0.001 0.378 0.332]
  eval: e=0.0414  p=[0.240 0.575 0.000 0.363 0.365]
  eval: e=0.0403  p=[0.229 0.570 0.000 0.363 0.355]
  eval: e=0.3816  p=[0.223 0.230 0.004 0.316 0.338]
  eval: e=0.1651  p=[0.198 0.552 0.000 0.363 0.350]
  eval: e=0.0386  p=[0.227 0.570 0.000 0.368 0.355]
  eval: e=0.3812  p=[0.293 0.000 0.006 0.413 0.345]
  eval: e=0.2559  p=[0.231 0.568 0.014 0.386 0.347]
  eval: e=0.0399  p=[0.232 0.563 0.000 0.366 0.350]
  eval: e=0.0449  p=[0.228 0.570 0.000 0.363 0.343]
  eval: e=0.1900  p=[0.268 0.524 0.003 0.300 0.344]
  eval: e=0.0508  p=[0.224 0.570 0.000 0.363 0.356]
  eval: e=0.0396  p=[0.229 0.567 0.000 0.365 0.354]
  eval: e=0.0842  p=[0.229 0.569 0.000 0.342 0.349]
  eval: e=0.0407  p=[0.236 0.569 0.001 0.364 0.355]
  eval: e=0.3289  p=[0.130 0.483 0.024 0.380 0.331]
  eval: e=0.0386  p=[0.224 0.569 0.000 0.370 0.353]
  eval: e=0.1461  p=[0.224 0.569 0.000 0.334 0.354]
  eval: e=11.0315  p=[0.326 0.534 0.000 0.373 0.351]
  eval: e=0.1637  p=[0.318 0.302 0.000 0.374 0.302]
  219           11000         0.03857           4.874        0
  eval: e=5.5051  p=[0.224 0.594 0.025 0.425 0.354]
  eval: e=0.0389  p=[0.225 0.567 0.000 0.366 0.350]
  eval: e=0.0395  p=[0.231 0.569 0.000 0.367 0.355]
  eval: e=0.0482  p=[0.229 0.569 0.000 0.366 0.362]
  eval: e=0.0886  p=[0.230 0.560 0.001 0.350 0.354]
  eval: e=0.0390  p=[0.225 0.570 0.000 0.373 0.355]
  eval: e=0.0386  p=[0.227 0.568 0.000 0.368 0.354]
  eval: e=0.0388  p=[0.230 0.570 0.000 0.361 0.350]
  eval: e=0.0414  p=[0.227 0.569 0.000 0.365 0.356]
  eval: e=0.0423  p=[0.237 0.568 0.000 0.365 0.357]
  eval: e=5.8425  p=[0.296 0.564 0.003 0.366 0.349]
  eval: e=19.9402  p=[0.446 0.579 0.012 0.296 0.371]
  eval: e=0.1846  p=[0.222 0.567 0.000 0.391 0.351]
  eval: e=0.0387  p=[0.227 0.568 0.000 0.367 0.354]
  eval: e=0.0385  p=[0.224 0.569 0.000 0.371 0.354]
  eval: e=0.6378  p=[0.237 0.569 0.000 0.388 0.351]
  eval: e=0.3870  p=[0.309 0.071 0.025 0.313 0.352]
  eval: e=0.0389  p=[0.226 0.570 0.000 0.367 0.354]
  eval: e=0.0390  p=[0.227 0.569 0.000 0.364 0.349]
  eval: e=0.1304  p=[0.243 0.571 0.001 0.367 0.354]
  eval: e=0.3098  p=[0.253 0.566 0.000 0.351 0.333]
  eval: e=0.0794  p=[0.218 0.588 0.000 0.343 0.350]
  eval: e=0.0464  p=[0.231 0.570 0.000 0.371 0.355]
  eval: e=0.0494  p=[0.230 0.565 0.000 0.364 0.360]
  eval: e=19.7254  p=[0.222 0.568 0.000 0.455 0.347]
  eval: e=1.7397  p=[0.277 0.560 0.000 0.360 0.342]
  eval: e=0.0387  p=[0.227 0.571 0.000 0.365 0.352]
  eval: e=0.3365  p=[0.166 0.554 0.004 0.290 0.342]
  eval: e=0.0433  p=[0.230 0.571 0.000 0.358 0.354]
  eval: e=0.2664  p=[0.210 0.566 0.000 0.304 0.351]
  eval: e=0.7217  p=[0.226 0.572 0.000 0.399 0.351]
  eval: e=0.0385  p=[0.222 0.581 0.000 0.365 0.354]
  eval: e=0.0646  p=[0.224 0.567 0.000 0.363 0.358]
  eval: e=0.3851  p=[0.216 0.198 0.000 0.319 0.344]
  eval: e=0.1180  p=[0.210 0.560 0.000 0.366 0.358]
  eval: e=0.0392  p=[0.229 0.572 0.000 0.363 0.355]
  eval: e=0.3846  p=[0.116 0.307 0.003 0.362 0.353]
  eval: e=5.9962  p=[0.233 0.566 0.001 0.430 0.357]
  eval: e=0.0597  p=[0.230 0.566 0.000 0.369 0.346]
  eval: e=0.0745  p=[0.258 0.575 0.000 0.360 0.373]
  eval: e=0.3931  p=[0.180 0.486 0.004 0.064 0.385]
  eval: e=0.0470  p=[0.227 0.568 0.000 0.366 0.359]
  eval: e=0.0397  p=[0.227 0.566 0.000 0.367 0.353]
  eval: e=0.5456  p=[0.281 0.562 0.000 0.340 0.343]
  eval: e=0.0448  p=[0.226 0.568 0.000 0.363 0.353]
  eval: e=0.3402  p=[0.089 0.513 0.009 0.373 0.325]
  eval: e=0.0386  p=[0.225 0.569 0.000 0.369 0.353]
  eval: e=0.1640  p=[0.256 0.568 0.000 0.355 0.350]
  eval: e=1.2252  p=[0.254 0.598 0.000 0.367 0.359]
  eval: e=0.0645  p=[0.333 0.389 0.000 0.387 0.369]
  220           11050         0.03847           1.332        0
  eval: e=81.6690  p=[0.209 0.798 0.035 0.426 0.351]
  eval: e=0.0465  p=[0.222 0.569 0.000 0.367 0.355]
  eval: e=0.0407  p=[0.230 0.570 0.000 0.366 0.353]
  eval: e=0.0494  p=[0.221 0.578 0.000 0.364 0.342]
  eval: e=0.0901  p=[0.242 0.567 0.001 0.334 0.356]
  eval: e=0.0999  p=[0.226 0.568 0.000 0.346 0.354]
  eval: e=0.0386  p=[0.226 0.573 0.000 0.368 0.355]
  eval: e=0.0412  p=[0.226 0.570 0.000 0.363 0.353]
  eval: e=0.0403  p=[0.224 0.567 0.000 0.368 0.353]
  eval: e=0.0416  p=[0.227 0.566 0.000 0.368 0.357]
  eval: e=0.0485  p=[0.266 0.562 0.004 0.344 0.358]
  eval: e=21.5094  p=[0.384 0.555 0.009 0.380 0.401]
  eval: e=37.6249  p=[0.322 0.558 0.000 0.405 0.360]
  eval: e=0.0403  p=[0.226 0.567 0.000 0.369 0.356]
  eval: e=0.0385  p=[0.222 0.569 0.000 0.374 0.355]
  eval: e=0.0396  p=[0.233 0.567 0.000 0.366 0.354]
  eval: e=0.3503  p=[0.299 0.000 0.014 0.529 0.354]
  eval: e=0.0386  p=[0.226 0.572 0.000 0.366 0.353]
  eval: e=0.0456  p=[0.228 0.569 0.000 0.367 0.349]
  eval: e=0.2948  p=[0.238 0.571 0.000 0.380 0.354]
  eval: e=0.1596  p=[0.215 0.566 0.000 0.351 0.363]
  eval: e=0.4360  p=[0.239 0.571 0.000 0.379 0.350]
  eval: e=0.0386  p=[0.228 0.570 0.000 0.367 0.355]
  eval: e=0.0445  p=[0.226 0.570 0.000 0.364 0.356]
  eval: e=0.3416  p=[0.228 0.579 0.000 0.219 0.358]
  eval: e=5.1251  p=[0.239 0.572 0.000 0.406 0.342]
  eval: e=0.0414  p=[0.231 0.569 0.000 0.368 0.354]
  eval: e=0.3878  p=[0.024 0.587 0.001 0.283 0.398]
  eval: e=0.0486  p=[0.235 0.569 0.000 0.362 0.350]
  eval: e=0.3400  p=[0.242 0.568 0.014 0.220 0.359]
  eval: e=0.1222  p=[0.235 0.574 0.000 0.347 0.375]
  eval: e=0.0419  p=[0.202 0.588 0.000 0.368 0.342]
  eval: e=0.0499  p=[0.225 0.568 0.000 0.365 0.357]
  eval: e=46.7168  p=[0.221 0.891 0.003 0.384 0.359]
  eval: e=0.1799  p=[0.240 0.579 0.000 0.373 0.360]
  eval: e=0.0401  p=[0.226 0.586 0.000 0.361 0.354]
  eval: e=2.2541  p=[0.157 0.836 0.000 0.348 0.364]
  eval: e=0.3474  p=[0.223 0.573 0.000 0.406 0.367]
  eval: e=0.0387  p=[0.224 0.578 0.000 0.366 0.354]
  eval: e=0.0950  p=[0.225 0.571 0.001 0.364 0.373]
  eval: e=0.3925  p=[0.182 0.645 0.003 0.012 0.406]
  eval: e=0.0480  p=[0.234 0.568 0.000 0.370 0.357]
  eval: e=0.0390  p=[0.230 0.568 0.000 0.368 0.354]
  eval: e=12.9865  p=[0.313 0.570 0.000 0.364 0.351]
  eval: e=0.0453  p=[0.224 0.567 0.000 0.364 0.352]
  eval: e=0.1873  p=[0.166 0.557 0.000 0.366 0.327]
  eval: e=0.0386  p=[0.227 0.569 0.000 0.368 0.353]
  eval: e=1.2283  p=[0.239 0.568 0.001 0.393 0.350]
  eval: e=0.1332  p=[0.189 0.644 0.001 0.382 0.361]
  eval: e=2.2858  p=[0.200 0.745 0.000 0.388 0.411]
  221           11100         0.03847           4.328        1
  eval: e=0.1973  p=[0.222 0.617 0.018 0.368 0.354]
  eval: e=0.0432  p=[0.220 0.581 0.000 0.367 0.359]
  eval: e=0.0386  p=[0.221 0.580 0.000 0.365 0.352]
  eval: e=0.0532  p=[0.216 0.585 0.000 0.364 0.340]
  eval: e=0.0735  p=[0.243 0.570 0.000 0.334 0.353]
  eval: e=0.0713  p=[0.231 0.569 0.000 0.347 0.352]
  eval: e=0.0392  p=[0.227 0.571 0.000 0.367 0.356]
  eval: e=0.0420  p=[0.223 0.574 0.000 0.368 0.358]
  eval: e=0.0399  p=[0.220 0.567 0.000 0.372 0.352]
  eval: e=0.0596  p=[0.219 0.568 0.000 0.366 0.355]
  eval: e=0.2587  p=[0.208 0.562 0.001 0.326 0.365]
  eval: e=0.2598  p=[0.072 0.551 0.000 0.447 0.339]
  eval: e=3.9011  p=[0.299 0.537 0.000 0.380 0.357]
  eval: e=0.0395  p=[0.224 0.568 0.000 0.373 0.354]
  eval: e=0.0385  p=[0.220 0.568 0.000 0.377 0.355]
  eval: e=0.1557  p=[0.216 0.575 0.000 0.338 0.356]
  eval: e=54.9093  p=[0.217 0.686 0.000 0.625 0.360]
  eval: e=0.0426  p=[0.225 0.570 0.000 0.372 0.352]
  eval: e=0.0392  p=[0.228 0.572 0.000 0.370 0.361]
  eval: e=0.0496  p=[0.224 0.568 0.000 0.379 0.354]
  eval: e=0.2166  p=[0.191 0.578 0.000 0.365 0.380]
  eval: e=2.0620  p=[0.262 0.553 0.000 0.388 0.350]
  eval: e=0.0487  p=[0.221 0.575 0.000 0.363 0.355]
  eval: e=0.0477  p=[0.225 0.578 0.000 0.367 0.349]
  eval: e=0.3737  p=[0.233 0.585 0.000 0.141 0.367]
  eval: e=0.0595  p=[0.200 0.554 0.000 0.408 0.347]
  eval: e=0.0710  p=[0.234 0.565 0.000 0.376 0.356]
  eval: e=0.1307  p=[0.311 0.614 0.000 0.300 0.430]
  eval: e=0.0933  p=[0.235 0.567 0.000 0.370 0.350]
  eval: e=0.1945  p=[0.271 0.571 0.014 0.268 0.345]
  eval: e=0.1431  p=[0.257 0.582 0.001 0.301 0.360]
  eval: e=0.0424  p=[0.203 0.583 0.000 0.365 0.335]
  eval: e=0.0386  p=[0.226 0.570 0.000 0.368 0.353]
  eval: e=11.0198  p=[0.232 0.924 0.005 0.438 0.368]
  eval: e=2.2020  p=[0.251 0.590 0.000 0.377 0.352]
  eval: e=0.0396  p=[0.221 0.580 0.000 0.365 0.354]
  eval: e=69.6995  p=[0.359 0.561 0.027 0.441 0.370]
  eval: e=0.2492  p=[0.220 0.567 0.006 0.313 0.361]
  eval: e=0.0446  p=[0.226 0.583 0.000 0.362 0.363]
  eval: e=0.1113  p=[0.186 0.575 0.002 0.366 0.338]
  eval: e=25.5815  p=[0.216 0.691 0.001 0.341 0.283]
  eval: e=0.0756  p=[0.234 0.572 0.000 0.366 0.348]
  eval: e=0.0494  p=[0.232 0.571 0.000 0.368 0.354]
  eval: e=0.6879  p=[0.253 0.585 0.001 0.377 0.368]
  eval: e=0.0642  p=[0.237 0.568 0.001 0.368 0.354]
  eval: e=18.1826  p=[0.373 0.533 0.023 0.367 0.364]
  eval: e=0.0392  p=[0.222 0.581 0.000 0.367 0.354]
  eval: e=0.2028  p=[0.216 0.583 0.001 0.391 0.354]
  eval: e=0.0517  p=[0.164 0.634 0.001 0.396 0.352]
  eval: e=6.1416  p=[0.109 0.866 0.000 0.372 0.332]
  222           11150         0.03847           3.966        2
  eval: e=0.3778  p=[0.250 0.272 0.000 0.305 0.357]
  eval: e=0.0533  p=[0.227 0.559 0.000 0.369 0.359]
  eval: e=0.0396  p=[0.212 0.592 0.000 0.364 0.352]
  eval: e=0.0862  p=[0.226 0.588 0.000 0.370 0.355]
  eval: e=0.2248  p=[0.228 0.576 0.000 0.382 0.351]
  eval: e=0.2632  p=[0.229 0.571 0.000 0.386 0.352]
  eval: e=0.0411  p=[0.222 0.573 0.000 0.367 0.355]
  eval: e=0.0411  p=[0.221 0.583 0.000 0.369 0.355]
  eval: e=0.0386  p=[0.222 0.584 0.000 0.363 0.355]
  eval: e=0.0679  p=[0.214 0.570 0.000 0.362 0.350]
  eval: e=0.2242  p=[0.191 0.583 0.000 0.322 0.341]
  eval: e=0.2703  p=[0.000 0.552 0.006 0.477 0.296]
  eval: e=0.2787  p=[0.249 0.579 0.000 0.247 0.348]
  eval: e=0.0440  p=[0.225 0.572 0.000 0.370 0.351]
  eval: e=0.0542  p=[0.218 0.571 0.000 0.368 0.356]
  eval: e=0.1905  p=[0.220 0.578 0.000 0.321 0.354]
  eval: e=0.2789  p=[0.188 1.000 0.003 0.236 0.359]
  eval: e=0.0394  p=[0.225 0.568 0.000 0.371 0.356]
  eval: e=0.0419  p=[0.218 0.572 0.000 0.378 0.363]
  eval: e=0.0588  p=[0.220 0.581 0.000 0.357 0.355]
  eval: e=3.3513  p=[0.273 0.589 0.000 0.368 0.358]
  eval: e=0.1294  p=[0.213 0.577 0.000 0.344 0.352]
  eval: e=0.0580  p=[0.223 0.565 0.000 0.384 0.355]
  eval: e=0.0786  p=[0.219 0.573 0.000 0.383 0.352]
  eval: e=107.2564  p=[0.272 0.576 0.000 0.504 0.364]
  eval: e=0.0419  p=[0.276 0.542 0.000 0.347 0.364]
  eval: e=0.0491  p=[0.223 0.569 0.000 0.364 0.354]
  eval: e=32.0228  p=[0.503 0.605 0.005 0.386 0.371]
  eval: e=0.0560  p=[0.234 0.570 0.000 0.373 0.360]
  eval: e=96.6772  p=[0.239 0.570 0.002 0.497 0.342]
  eval: e=0.1288  p=[0.239 0.585 0.000 0.291 0.327]
  eval: e=0.0499  p=[0.237 0.576 0.000 0.363 0.373]
  eval: e=0.0820  p=[0.225 0.585 0.000 0.369 0.350]
  eval: e=73.7405  p=[0.240 0.738 0.009 0.396 0.346]
  eval: e=0.0393  p=[0.209 0.571 0.000 0.381 0.348]
  eval: e=0.0438  p=[0.219 0.561 0.000 0.378 0.357]
  eval: e=3.2777  p=[0.504 0.112 0.042 0.528 0.353]
  eval: e=0.2281  p=[0.219 0.572 0.014 0.306 0.343]
  eval: e=0.0644  p=[0.227 0.576 0.000 0.361 0.365]
  eval: e=1.1613  p=[0.239 0.572 0.001 0.367 0.321]
  eval: e=260.3896  p=[0.271 0.376 0.001 0.705 0.218]
  eval: e=0.0462  p=[0.212 0.573 0.000 0.368 0.347]
  eval: e=0.0389  p=[0.229 0.573 0.000 0.365 0.355]
  eval: e=0.2430  p=[0.144 0.588 0.000 0.371 0.354]
  eval: e=0.1920  p=[0.239 0.586 0.000 0.368 0.357]
  eval: e=30.2578  p=[0.464 0.480 0.023 0.370 0.360]
  eval: e=0.0407  p=[0.222 0.578 0.000 0.371 0.355]
  eval: e=0.0525  p=[0.201 0.585 0.000 0.375 0.355]
  eval: e=0.3006  p=[0.265 0.348 0.001 0.372 0.348]
  eval: e=8.5888  p=[0.212 0.670 0.000 0.334 0.284]
  223           11200         0.03847           12.43        3
  eval: e=0.3665  p=[0.252 0.292 0.006 0.336 0.355]
  eval: e=0.0400  p=[0.230 0.556 0.000 0.369 0.352]
  eval: e=0.0385  p=[0.221 0.584 0.000 0.364 0.354]
  eval: e=0.0524  p=[0.235 0.562 0.000 0.371 0.371]
  eval: e=0.4493  p=[0.220 0.574 0.000 0.399 0.352]
  eval: e=1.6233  p=[0.222 0.577 0.000 0.411 0.353]
  eval: e=0.0390  p=[0.221 0.582 0.000 0.366 0.353]
  eval: e=0.0389  p=[0.222 0.578 0.000 0.361 0.349]
  eval: e=0.0385  p=[0.224 0.599 0.000 0.355 0.357]
  eval: e=0.0950  p=[0.242 0.574 0.000 0.361 0.351]
  eval: e=0.4193  p=[0.227 0.601 0.001 0.358 0.334]
  eval: e=0.2070  p=[0.334 0.519 0.011 0.254 0.365]
  eval: e=0.3280  p=[0.169 0.580 0.000 0.280 0.343]
  eval: e=0.0391  p=[0.229 0.578 0.000 0.355 0.350]
  eval: e=0.0401  p=[0.219 0.577 0.000 0.369 0.355]
  eval: e=0.0634  p=[0.238 0.575 0.000 0.338 0.351]
  eval: e=0.3962  p=[0.287 0.000 0.016 0.000 0.355]
  eval: e=0.0405  p=[0.223 0.573 0.000 0.370 0.358]
  eval: e=0.0567  p=[0.216 0.578 0.000 0.364 0.355]
  eval: e=0.0624  p=[0.239 0.581 0.000 0.336 0.355]
  eval: e=28.4638  p=[0.297 0.588 0.000 0.367 0.327]
  eval: e=0.2703  p=[0.177 0.602 0.000 0.311 0.350]
  eval: e=0.0726  p=[0.227 0.564 0.000 0.383 0.355]
  eval: e=0.0398  p=[0.229 0.562 0.000 0.375 0.357]
  eval: e=72.5762  p=[0.293 0.566 0.000 0.830 0.349]
  eval: e=0.0855  p=[0.302 0.566 0.000 0.280 0.358]
  eval: e=0.0664  p=[0.219 0.582 0.000 0.352 0.352]
  eval: e=40.8955  p=[0.300 0.554 0.007 0.353 0.262]
  eval: e=0.0589  p=[0.230 0.572 0.000 0.361 0.365]
  eval: e=155.7805  p=[0.203 0.583 0.000 0.587 0.357]
  eval: e=0.5138  p=[0.220 0.568 0.000 0.386 0.330]
  eval: e=0.0549  p=[0.255 0.574 0.000 0.363 0.391]
  eval: e=0.0632  p=[0.220 0.593 0.000 0.367 0.353]
  eval: e=0.3830  p=[0.226 0.235 0.000 0.292 0.335]
  eval: e=0.2340  p=[0.165 0.553 0.000 0.372 0.349]
  eval: e=0.0651  p=[0.219 0.548 0.000 0.378 0.356]
  eval: e=0.3953  p=[0.056 0.000 0.000 0.342 0.341]
  eval: e=5.3489  p=[0.237 0.581 0.018 0.405 0.339]
  eval: e=0.0618  p=[0.226 0.561 0.000 0.363 0.355]
  eval: e=1.5680  p=[0.277 0.574 0.000 0.363 0.358]
  eval: e=0.0823  p=[0.319 0.118 0.002 0.643 0.430]
  eval: e=0.0478  p=[0.220 0.573 0.000 0.367 0.357]
  eval: e=0.0490  p=[0.223 0.572 0.000 0.362 0.354]
  eval: e=0.1049  p=[0.207 0.583 0.000 0.341 0.338]
  eval: e=0.0459  p=[0.218 0.583 0.000 0.363 0.356]
  eval: e=0.3095  p=[0.131 0.484 0.017 0.379 0.314]
  eval: e=0.0453  p=[0.227 0.572 0.000 0.371 0.354]
  eval: e=0.2120  p=[0.218 0.547 0.000 0.335 0.354]
  eval: e=0.1967  p=[0.398 0.262 0.001 0.351 0.346]
  eval: e=0.2286  p=[0.417 0.194 0.000 0.326 0.301]
  224           11250         0.03846           6.255        0
  eval: e=68.7954  p=[0.211 0.738 0.023 0.422 0.352]
  eval: e=0.1033  p=[0.230 0.582 0.000 0.364 0.346]
  eval: e=0.0396  p=[0.232 0.575 0.000 0.364 0.357]
  eval: e=0.1832  p=[0.222 0.536 0.000 0.370 0.377]
  eval: e=0.1191  p=[0.217 0.569 0.000 0.350 0.354]
  eval: e=0.1634  p=[0.220 0.583 0.000 0.386 0.356]
  eval: e=0.0391  p=[0.220 0.562 0.000 0.382 0.355]
  eval: e=0.0831  p=[0.226 0.567 0.000 0.353 0.356]
  eval: e=0.0394  p=[0.226 0.616 0.000 0.347 0.361]
  eval: e=4.4079  p=[0.269 0.575 0.000 0.385 0.357]
  eval: e=16.2455  p=[0.265 0.593 0.002 0.384 0.334]
  eval: e=0.1215  p=[0.608 0.528 0.001 0.094 0.415]
  eval: e=1.1476  p=[0.264 0.536 0.000 0.390 0.350]
  eval: e=0.0469  p=[0.232 0.576 0.000 0.353 0.356]
  eval: e=0.1418  p=[0.222 0.573 0.000 0.389 0.355]
  eval: e=6.0205  p=[0.238 0.582 0.000 0.414 0.355]
  eval: e=0.2594  p=[0.359 1.000 0.026 0.685 0.353]
  eval: e=0.0490  p=[0.225 0.574 0.000 0.362 0.358]
  eval: e=0.0463  p=[0.232 0.588 0.000 0.349 0.346]
  eval: e=0.0397  p=[0.256 0.561 0.000 0.345 0.353]
  eval: e=0.4582  p=[0.247 0.583 0.000 0.364 0.349]
  eval: e=0.1727  p=[0.208 0.590 0.000 0.388 0.349]
  eval: e=0.0427  p=[0.230 0.578 0.000 0.355 0.355]
  eval: e=0.0873  p=[0.230 0.559 0.000 0.358 0.361]
  eval: e=0.3863  p=[0.264 0.558 0.000 0.000 0.335]
  eval: e=7.1463  p=[0.296 0.571 0.000 0.356 0.339]
  eval: e=0.0484  p=[0.218 0.590 0.000 0.372 0.356]
  eval: e=0.3795  p=[0.000 0.537 0.000 0.291 0.297]
  eval: e=0.0928  p=[0.228 0.566 0.000 0.350 0.357]
  eval: e=0.3795  p=[0.255 0.586 0.008 0.359 0.354]
  eval: e=0.1125  p=[0.203 0.550 0.000 0.424 0.359]
  eval: e=0.0657  p=[0.223 0.585 0.000 0.364 0.345]
  eval: e=0.0388  p=[0.231 0.571 0.000 0.365 0.356]
  eval: e=0.3857  p=[0.210 0.204 0.000 0.306 0.337]
  eval: e=0.2307  p=[0.160 0.583 0.000 0.362 0.353]
  eval: e=0.0787  p=[0.222 0.566 0.000 0.356 0.353]
  eval: e=0.3833  p=[0.004 0.589 0.001 0.289 0.349]
  eval: e=62.8695  p=[0.246 0.573 0.000 0.478 0.358]
  eval: e=0.0500  p=[0.232 0.556 0.000 0.367 0.341]
  eval: e=1.4750  p=[0.295 0.568 0.001 0.375 0.390]
  eval: e=0.3887  p=[0.243 0.813 0.005 0.170 0.557]
  eval: e=0.0765  p=[0.244 0.576 0.000 0.365 0.362]
  eval: e=0.0688  p=[0.217 0.562 0.000 0.368 0.354]
  eval: e=1.9147  p=[0.318 0.572 0.001 0.317 0.345]
  eval: e=0.0994  p=[0.222 0.548 0.000 0.359 0.349]
  eval: e=0.3616  p=[0.000 0.532 0.000 0.379 0.303]
  eval: e=0.0425  p=[0.231 0.564 0.000 0.360 0.350]
  eval: e=0.1104  p=[0.239 0.528 0.000 0.357 0.353]
  eval: e=17.1862  p=[0.220 0.735 0.001 0.372 0.367]
  eval: e=0.2771  p=[0.410 0.220 0.000 0.346 0.360]
  225           11300         0.03846            3.87        1
  eval: e=23.1340  p=[0.187 0.897 0.016 0.495 0.352]
  eval: e=0.1671  p=[0.222 0.606 0.000 0.363 0.348]
  eval: e=0.0400  p=[0.230 0.578 0.000 0.364 0.357]
  eval: e=0.0608  p=[0.216 0.555 0.000 0.359 0.333]
  eval: e=0.2290  p=[0.231 0.576 0.000 0.296 0.354]
  eval: e=0.1324  p=[0.219 0.572 0.000 0.345 0.357]
  eval: e=0.0388  p=[0.223 0.568 0.000 0.373 0.356]
  eval: e=0.0730  p=[0.230 0.559 0.000 0.362 0.361]
  eval: e=0.0409  p=[0.220 0.589 0.000 0.366 0.363]
  eval: e=0.0397  p=[0.200 0.564 0.000 0.402 0.361]
  eval: e=11.5972  p=[0.303 0.547 0.003 0.402 0.369]
  eval: e=0.2895  p=[0.340 0.534 0.000 0.146 0.314]
  eval: e=80.5284  p=[0.402 0.552 0.000 0.495 0.354]
  eval: e=0.0397  p=[0.231 0.575 0.000 0.362 0.359]
  eval: e=0.1198  p=[0.223 0.571 0.000 0.386 0.354]
  eval: e=1.9632  p=[0.222 0.567 0.000 0.424 0.357]
  eval: e=127.3293  p=[0.197 0.536 0.008 0.892 0.360]
  eval: e=0.0429  p=[0.225 0.584 0.000 0.358 0.348]
  eval: e=0.2362  p=[0.242 0.568 0.000 0.372 0.349]
  eval: e=0.0386  p=[0.221 0.576 0.001 0.368 0.352]
  eval: e=0.2986  p=[0.169 0.560 0.000 0.360 0.382]
  eval: e=2.1937  p=[0.276 0.546 0.000 0.384 0.355]
  eval: e=0.0643  p=[0.229 0.590 0.000 0.340 0.355]
  eval: e=0.0928  p=[0.229 0.568 0.000 0.348 0.358]
  eval: e=177.4138  p=[0.207 0.568 0.000 0.595 0.336]
  eval: e=0.0778  p=[0.153 0.570 0.000 0.427 0.325]
  eval: e=0.3137  p=[0.229 0.585 0.000 0.384 0.359]
  eval: e=10.6543  p=[0.483 0.577 0.001 0.258 0.384]
  eval: e=0.0505  p=[0.221 0.579 0.000 0.366 0.345]
  eval: e=0.3574  p=[0.311 0.565 0.013 0.112 0.349]
  eval: e=9.0003  p=[0.266 0.597 0.001 0.404 0.379]
  eval: e=0.0616  p=[0.185 0.593 0.000 0.367 0.314]
  eval: e=0.0394  p=[0.234 0.564 0.000 0.365 0.356]
  eval: e=53.1907  p=[0.217 0.709 0.008 0.437 0.378]
  eval: e=1.6052  p=[0.251 0.612 0.000 0.362 0.357]
  eval: e=0.0393  p=[0.228 0.595 0.000 0.351 0.353]
  eval: e=0.2865  p=[0.453 1.000 0.004 0.387 0.369]
  eval: e=0.3065  p=[0.252 0.561 0.000 0.256 0.368]
  eval: e=0.3225  p=[0.232 0.580 0.000 0.369 0.339]
  eval: e=0.0843  p=[0.187 0.582 0.001 0.379 0.351]
  eval: e=0.3412  p=[0.156 1.000 0.006 0.000 0.214]
  eval: e=1.0358  p=[0.267 0.583 0.000 0.362 0.359]
  eval: e=0.0411  p=[0.222 0.572 0.000 0.368 0.354]
  eval: e=0.3898  p=[0.308 0.569 0.001 0.331 0.373]
  eval: e=0.0618  p=[0.228 0.522 0.001 0.379 0.346]
  eval: e=31.0929  p=[0.550 0.573 0.020 0.373 0.363]
  eval: e=0.0544  p=[0.226 0.579 0.000 0.351 0.352]
  eval: e=12.3041  p=[0.256 0.608 0.000 0.387 0.348]
  eval: e=0.2522  p=[0.031 1.000 0.001 0.393 0.362]
  eval: e=0.2789  p=[0.194 0.503 0.000 0.417 0.413]
  226           11350         0.03846           10.97        2
  eval: e=0.3209  p=[0.208 0.355 0.012 0.418 0.355]
  eval: e=0.0591  p=[0.215 0.582 0.000 0.368 0.363]
  eval: e=0.0512  p=[0.209 0.590 0.000 0.364 0.355]
  eval: e=3.6425  p=[0.231 0.612 0.000 0.362 0.317]
  eval: e=0.1377  p=[0.272 0.577 0.000 0.284 0.353]
  eval: e=0.1521  p=[0.227 0.570 0.000 0.328 0.352]
  eval: e=0.0402  p=[0.226 0.589 0.000 0.354 0.356]
  eval: e=0.0605  p=[0.229 0.569 0.000 0.376 0.355]
  eval: e=0.0396  p=[0.220 0.563 0.000 0.379 0.356]
  eval: e=0.0474  p=[0.187 0.563 0.000 0.406 0.355]
  eval: e=0.2204  p=[0.210 0.521 0.003 0.384 0.381]
  eval: e=0.3582  p=[0.000 0.552 0.006 0.360 0.287]
  eval: e=15.8189  p=[0.345 0.599 0.000 0.328 0.358]
  eval: e=0.0385  p=[0.217 0.575 0.000 0.378 0.358]
  eval: e=0.0473  p=[0.223 0.562 0.000 0.370 0.355]
  eval: e=0.1533  p=[0.213 0.563 0.000 0.351 0.357]
  eval: e=0.3957  p=[0.110 0.021 0.000 0.259 0.362]
  eval: e=0.1657  p=[0.225 0.595 0.000 0.367 0.349]
  eval: e=0.2806  p=[0.241 0.568 0.000 0.384 0.359]
  eval: e=0.0406  p=[0.183 0.602 0.001 0.392 0.352]
  eval: e=0.3637  p=[0.117 0.541 0.000 0.356 0.398]
  eval: e=0.1281  p=[0.301 0.508 0.000 0.304 0.354]
  eval: e=0.1062  p=[0.221 0.579 0.000 0.384 0.356]
  eval: e=0.0395  p=[0.224 0.583 0.000 0.362 0.353]
  eval: e=124.2782  p=[0.230 0.597 0.000 0.628 0.358]
  eval: e=0.1514  p=[0.216 0.564 0.000 0.324 0.331]
  eval: e=0.0454  p=[0.237 0.557 0.000 0.360 0.354]
  eval: e=8.3907  p=[0.736 0.607 0.003 0.274 0.395]
  eval: e=0.4812  p=[0.227 0.592 0.000 0.381 0.352]
  eval: e=0.2773  p=[0.308 0.548 0.001 0.204 0.343]
  eval: e=1.6962  p=[0.293 0.621 0.001 0.310 0.348]
  eval: e=0.0530  p=[0.201 0.576 0.000 0.367 0.338]
  eval: e=0.0432  p=[0.226 0.566 0.000 0.364 0.352]
  eval: e=7.9142  p=[0.232 1.000 0.015 0.405 0.401]
  eval: e=16.7752  p=[0.272 0.619 0.000 0.377 0.353]
  eval: e=0.5911  p=[0.227 0.605 0.000 0.377 0.356]
  eval: e=29.9966  p=[0.659 0.285 0.018 0.485 0.369]
  eval: e=0.3860  p=[0.189 0.583 0.014 0.079 0.344]
  eval: e=0.0626  p=[0.219 0.590 0.000 0.364 0.370]
  eval: e=0.1830  p=[0.140 0.596 0.001 0.356 0.313]
  eval: e=1.0040  p=[0.193 0.216 0.000 0.514 0.091]
  eval: e=1.8203  p=[0.260 0.589 0.000 0.366 0.352]
  eval: e=0.2340  p=[0.237 0.597 0.000 0.362 0.354]
  eval: e=0.1316  p=[0.227 0.587 0.001 0.369 0.400]
  eval: e=0.0421  p=[0.238 0.542 0.001 0.376 0.351]
  eval: e=13.5799  p=[0.826 0.520 0.026 0.364 0.402]
  eval: e=0.0386  p=[0.215 0.592 0.000 0.367 0.357]
  eval: e=3.8024  p=[0.225 0.637 0.000 0.381 0.352]
  eval: e=2.9226  p=[0.434 0.313 0.000 0.401 0.342]
  eval: e=0.3764  p=[0.094 0.862 0.000 0.392 0.377]
  227           11400         0.03846            4.76        3
  eval: e=0.3912  p=[0.284 0.046 0.003 0.278 0.354]
  eval: e=0.1580  p=[0.216 0.550 0.000 0.370 0.372]
  eval: e=0.0785  p=[0.195 0.595 0.000 0.364 0.352]
  eval: e=0.6864  p=[0.236 0.604 0.000 0.373 0.358]
  eval: e=1.7038  p=[0.295 0.573 0.000 0.343 0.353]
  eval: e=3.4854  p=[0.236 0.572 0.000 0.409 0.351]
  eval: e=0.0548  p=[0.224 0.590 0.000 0.348 0.355]
  eval: e=0.0532  p=[0.222 0.594 0.000 0.358 0.348]
  eval: e=0.1078  p=[0.222 0.575 0.000 0.340 0.350]
  eval: e=0.1100  p=[0.250 0.571 0.000 0.312 0.348]
  eval: e=0.3624  p=[0.160 0.573 0.000 0.263 0.370]
  eval: e=161.9534  p=[0.163 0.560 0.015 0.571 0.297]
  eval: e=0.3492  p=[0.244 0.618 0.000 0.154 0.346]
  eval: e=0.0410  p=[0.206 0.577 0.000 0.386 0.353]
  eval: e=0.1046  p=[0.218 0.569 0.000 0.354 0.355]
  eval: e=0.2515  p=[0.232 0.567 0.000 0.293 0.355]
  eval: e=0.3966  p=[0.132 0.000 0.009 0.000 0.362]
  eval: e=0.1275  p=[0.220 0.594 0.000 0.376 0.355]
  eval: e=0.0427  p=[0.212 0.575 0.000 0.381 0.362]
  eval: e=2.5290  p=[0.228 0.597 0.000 0.400 0.355]
  eval: e=0.1273  p=[0.210 0.558 0.000 0.357 0.349]
  eval: e=0.2609  p=[0.216 0.630 0.000 0.257 0.346]
  eval: e=0.1591  p=[0.219 0.566 0.000 0.399 0.356]
  eval: e=0.5859  p=[0.222 0.597 0.000 0.384 0.352]
  eval: e=0.0419  p=[0.267 0.596 0.000 0.320 0.367]
  eval: e=0.0994  p=[0.352 0.581 0.000 0.244 0.385]
  eval: e=0.1919  p=[0.225 0.530 0.000 0.343 0.350]
  eval: e=0.3485  p=[0.000 0.591 0.004 0.390 0.319]
  eval: e=0.7340  p=[0.240 0.589 0.000 0.386 0.366]
  eval: e=0.1004  p=[0.177 0.557 0.000 0.440 0.353]
  eval: e=0.1240  p=[0.229 0.638 0.000 0.264 0.320]
  eval: e=0.1877  p=[0.226 0.568 0.000 0.365 0.399]
  eval: e=0.0504  p=[0.212 0.582 0.000 0.365 0.353]
  eval: e=21.9975  p=[0.246 0.830 0.000 0.363 0.414]
  eval: e=0.0809  p=[0.206 0.586 0.000 0.382 0.345]
  eval: e=0.3103  p=[0.218 0.607 0.000 0.380 0.358]
  eval: e=0.3881  p=[0.113 0.000 0.032 0.545 0.353]
  eval: e=0.3893  p=[0.184 0.596 0.009 0.000 0.320]
  eval: e=0.2167  p=[0.207 0.563 0.000 0.359 0.381]
  eval: e=7.9461  p=[0.258 0.590 0.000 0.344 0.292]
  eval: e=24.5668  p=[0.334 0.000 0.004 0.927 0.309]
  eval: e=0.0394  p=[0.209 0.590 0.000 0.368 0.347]
  eval: e=0.0422  p=[0.220 0.583 0.000 0.361 0.354]
  eval: e=0.1009  p=[0.153 0.589 0.000 0.400 0.347]
  eval: e=0.0401  p=[0.238 0.583 0.001 0.351 0.360]
  eval: e=0.3880  p=[0.000 0.458 0.016 0.361 0.371]
  eval: e=0.0442  p=[0.207 0.594 0.000 0.382 0.361]
  eval: e=0.2717  p=[0.195 0.544 0.000 0.337 0.358]
  eval: e=0.0770  p=[0.621 0.000 0.001 0.406 0.343]
  eval: e=0.1967  p=[0.093 0.774 0.000 0.287 0.291]
  228           11450         0.03846           4.662        4
  eval: e=0.1475  p=[0.241 0.494 0.023 0.375 0.352]
  eval: e=0.0498  p=[0.232 0.560 0.000 0.364 0.358]
  eval: e=0.1634  p=[0.241 0.586 0.000 0.364 0.357]
  eval: e=0.0410  p=[0.227 0.588 0.000 0.373 0.374]
  eval: e=0.1726  p=[0.232 0.573 0.000 0.380 0.354]
  eval: e=0.7589  p=[0.217 0.573 0.000 0.411 0.355]
  eval: e=0.0626  p=[0.224 0.568 0.000 0.357 0.353]
  eval: e=0.0528  p=[0.219 0.581 0.000 0.362 0.358]
  eval: e=0.1145  p=[0.224 0.607 0.000 0.328 0.364]
  eval: e=0.0392  p=[0.254 0.577 0.000 0.340 0.358]
  eval: e=20.5098  p=[0.256 0.616 0.004 0.372 0.318]
  eval: e=70.5811  p=[0.450 0.553 0.017 0.411 0.330]
  eval: e=12.5085  p=[0.184 0.538 0.000 0.502 0.345]
  eval: e=0.0754  p=[0.214 0.581 0.000 0.361 0.359]
  eval: e=0.0560  p=[0.219 0.585 0.000 0.356 0.355]
  eval: e=4.3152  p=[0.238 0.577 0.000 0.409 0.352]
  eval: e=1.6171  p=[0.457 0.847 0.003 0.357 0.353]
  eval: e=0.0494  p=[0.224 0.584 0.000 0.371 0.357]
  eval: e=0.0892  p=[0.216 0.587 0.000 0.345 0.352]
  eval: e=1.0297  p=[0.243 0.580 0.000 0.384 0.355]
  eval: e=12.0233  p=[0.287 0.574 0.000 0.364 0.328]
  eval: e=0.2633  p=[0.208 0.572 0.000 0.298 0.345]
  eval: e=0.0452  p=[0.229 0.573 0.000 0.357 0.354]
  eval: e=0.0528  p=[0.223 0.551 0.000 0.377 0.357]
  eval: e=0.3645  p=[0.247 0.546 0.000 0.174 0.358]
  eval: e=0.1744  p=[0.251 0.589 0.000 0.295 0.363]
  eval: e=0.0385  p=[0.217 0.592 0.000 0.362 0.353]
  eval: e=38.8770  p=[0.614 0.577 0.000 0.386 0.303]
  eval: e=0.2147  p=[0.222 0.560 0.000 0.328 0.361]
  eval: e=0.0855  p=[0.120 0.585 0.009 0.483 0.355]
  eval: e=0.0458  p=[0.205 0.542 0.000 0.387 0.335]
  eval: e=0.0408  p=[0.228 0.599 0.000 0.364 0.372]
  eval: e=0.0391  p=[0.222 0.580 0.000 0.368 0.355]
  eval: e=0.3586  p=[0.222 0.350 0.007 0.324 0.333]
  eval: e=0.1994  p=[0.174 0.554 0.000 0.375 0.349]
  eval: e=0.0432  p=[0.219 0.598 0.000 0.352 0.354]
  eval: e=28.4712  p=[0.151 1.000 0.000 0.474 0.353]
  eval: e=108.1449  p=[0.256 0.565 0.002 0.672 0.388]
  eval: e=0.0883  p=[0.219 0.551 0.000 0.364 0.312]
  eval: e=8.7932  p=[0.291 0.579 0.000 0.360 0.340]
  eval: e=0.3875  p=[0.234 0.700 0.004 0.188 0.539]
  eval: e=0.0650  p=[0.216 0.582 0.000 0.362 0.360]
  eval: e=0.0442  p=[0.224 0.572 0.000 0.363 0.354]
  eval: e=0.0417  p=[0.218 0.569 0.000 0.359 0.333]
  eval: e=0.1154  p=[0.214 0.597 0.000 0.342 0.361]
  eval: e=73.9316  p=[0.517 0.522 0.000 0.369 0.285]
  eval: e=0.0511  p=[0.222 0.592 0.000 0.365 0.354]
  eval: e=0.1547  p=[0.214 0.573 0.000 0.339 0.353]
  eval: e=9.6101  p=[0.236 0.756 0.002 0.342 0.376]
  eval: e=0.0736  p=[0.450 0.166 0.000 0.374 0.303]
  229           11500         0.03846           7.905        5
  eval: e=26.9753  p=[0.219 0.678 0.000 0.402 0.352]
  eval: e=0.1001  p=[0.233 0.580 0.000 0.364 0.348]
  eval: e=0.0447  p=[0.221 0.578 0.000 0.364 0.357]
  eval: e=0.0746  p=[0.220 0.553 0.000 0.364 0.348]
  eval: e=0.1957  p=[0.223 0.576 0.000 0.316 0.354]
  eval: e=0.2111  p=[0.232 0.579 0.000 0.300 0.353]
  eval: e=0.0603  p=[0.223 0.585 0.000 0.371 0.355]
  eval: e=0.0557  p=[0.224 0.562 0.000 0.366 0.355]
  eval: e=0.0722  p=[0.222 0.609 0.000 0.339 0.362]
  eval: e=0.0459  p=[0.198 0.575 0.000 0.387 0.354]
  eval: e=0.0964  p=[0.240 0.552 0.004 0.350 0.359]
  eval: e=5.7790  p=[0.413 0.559 0.007 0.281 0.364]
  eval: e=2.5881  p=[0.296 0.582 0.000 0.346 0.357]
  eval: e=0.0385  p=[0.227 0.579 0.000 0.361 0.354]
  eval: e=0.0422  p=[0.221 0.577 0.000 0.364 0.355]
  eval: e=0.7908  p=[0.237 0.581 0.000 0.386 0.354]
  eval: e=0.0400  p=[0.109 0.574 0.000 0.489 0.357]
  eval: e=0.0499  p=[0.226 0.569 0.000 0.360 0.353]
  eval: e=0.2661  p=[0.230 0.585 0.000 0.377 0.353]
  eval: e=0.0830  p=[0.208 0.579 0.000 0.361 0.354]
  eval: e=0.0851  p=[0.241 0.580 0.000 0.354 0.383]
  eval: e=0.1569  p=[0.223 0.569 0.000 0.334 0.355]
  eval: e=0.0399  p=[0.229 0.584 0.000 0.360 0.355]
  eval: e=0.0515  p=[0.229 0.589 0.000 0.345 0.355]
  eval: e=0.2248  p=[0.222 0.577 0.000 0.301 0.348]
  eval: e=1.1265  p=[0.222 0.557 0.000 0.405 0.336]
  eval: e=0.1354  p=[0.220 0.606 0.000 0.369 0.355]
  eval: e=0.0767  p=[0.330 0.566 0.001 0.279 0.382]
  eval: e=0.1509  p=[0.234 0.589 0.000 0.366 0.354]
  eval: e=0.1916  p=[0.164 0.590 0.001 0.435 0.350]
  eval: e=0.3160  p=[0.221 0.596 0.000 0.376 0.348]
  eval: e=0.0651  p=[0.227 0.583 0.000 0.364 0.349]
  eval: e=0.0393  p=[0.226 0.575 0.000 0.363 0.354]
  eval: e=38.5572  p=[0.217 0.722 0.000 0.375 0.333]
  eval: e=0.0657  p=[0.234 0.564 0.000 0.376 0.358]
  eval: e=0.0386  p=[0.222 0.572 0.000 0.370 0.354]
  eval: e=0.3684  p=[0.418 0.000 0.020 0.378 0.362]
  eval: e=0.1802  p=[0.252 0.560 0.004 0.340 0.392]
  eval: e=1.0700  p=[0.237 0.565 0.000 0.366 0.313]
  eval: e=0.1999  p=[0.181 0.576 0.001 0.362 0.358]
  eval: e=3.4018  p=[0.254 0.577 0.000 0.225 0.088]
  eval: e=0.1186  p=[0.240 0.573 0.000 0.368 0.355]
  eval: e=0.0389  p=[0.227 0.570 0.000 0.366 0.354]
  eval: e=0.0725  p=[0.241 0.573 0.000 0.337 0.356]
  eval: e=1.8503  p=[0.239 0.579 0.000 0.398 0.357]
  eval: e=32.2823  p=[0.322 0.580 0.007 0.373 0.344]
  eval: e=0.0419  p=[0.224 0.590 0.000 0.361 0.354]
  eval: e=0.4584  p=[0.253 0.584 0.000 0.357 0.349]
  eval: e=9.6940  p=[0.191 0.776 0.000 0.353 0.351]
  eval: e=0.3386  p=[0.107 0.587 0.000 0.392 0.405]
  230           11550         0.03846           2.581        6
  eval: e=1.9913  p=[0.229 0.620 0.029 0.388 0.353]
  eval: e=0.0519  p=[0.215 0.572 0.000 0.364 0.349]
  eval: e=0.0384  p=[0.219 0.588 0.000 0.364 0.355]
  eval: e=0.0438  p=[0.226 0.582 0.000 0.364 0.352]
  eval: e=0.8221  p=[0.239 0.558 0.000 0.399 0.353]
  eval: e=18.5484  p=[0.223 0.585 0.000 0.448 0.354]
  eval: e=0.0426  p=[0.225 0.573 0.000 0.363 0.354]
  eval: e=0.0428  p=[0.225 0.571 0.000 0.364 0.354]
  eval: e=0.0658  p=[0.223 0.562 0.000 0.363 0.354]
  eval: e=0.1261  p=[0.218 0.569 0.000 0.347 0.354]
  eval: e=0.0405  p=[0.259 0.569 0.002 0.338 0.353]
  eval: e=18.9441  p=[0.391 0.525 0.005 0.343 0.351]
  eval: e=0.2614  p=[0.309 0.542 0.000 0.322 0.347]
  eval: e=0.0702  p=[0.213 0.581 0.000 0.388 0.359]
  eval: e=0.0390  p=[0.221 0.581 0.000 0.366 0.355]
  eval: e=0.1526  p=[0.221 0.568 0.000 0.338 0.354]
  eval: e=1.8921  p=[0.206 0.543 0.000 0.453 0.354]
  eval: e=0.0452  p=[0.226 0.585 0.000 0.364 0.354]
  eval: e=0.0531  p=[0.219 0.562 0.000 0.373 0.356]
  eval: e=0.0721  p=[0.211 0.578 0.000 0.360 0.351]
  eval: e=0.0398  p=[0.211 0.579 0.000 0.367 0.342]
  eval: e=0.0672  p=[0.229 0.573 0.000 0.369 0.348]
  eval: e=0.0584  p=[0.220 0.572 0.000 0.363 0.355]
  eval: e=0.1544  p=[0.231 0.588 0.000 0.370 0.355]
  eval: e=0.0595  p=[0.239 0.580 0.000 0.355 0.351]
  eval: e=12.7988  p=[0.280 0.556 0.000 0.407 0.357]
  eval: e=0.0385  p=[0.219 0.587 0.000 0.363 0.352]
  eval: e=0.3537  p=[0.177 0.572 0.003 0.275 0.377]
  eval: e=0.0738  p=[0.228 0.585 0.000 0.368 0.355]
  eval: e=43.8696  p=[0.366 0.558 0.004 0.369 0.344]
  eval: e=0.0504  p=[0.247 0.580 0.000 0.332 0.354]
  eval: e=0.0427  p=[0.214 0.580 0.000 0.365 0.349]
  eval: e=0.0397  p=[0.222 0.580 0.000 0.367 0.354]
  eval: e=0.1191  p=[0.226 0.612 0.010 0.326 0.365]
  eval: e=0.0408  p=[0.213 0.584 0.000 0.368 0.352]
  eval: e=0.0413  p=[0.229 0.569 0.000 0.370 0.355]
  eval: e=0.3441  p=[0.051 0.642 0.000 0.353 0.355]
  eval: e=0.0594  p=[0.211 0.586 0.010 0.343 0.310]
  eval: e=0.1367  p=[0.237 0.578 0.000 0.364 0.402]
  eval: e=3.1063  p=[0.286 0.571 0.001 0.363 0.355]
  eval: e=34.9910  p=[0.275 0.523 0.006 0.331 0.158]
  eval: e=0.0412  p=[0.221 0.581 0.000 0.362 0.354]
  eval: e=0.0405  p=[0.224 0.583 0.000 0.365 0.354]
  eval: e=0.0500  p=[0.230 0.585 0.000 0.348 0.357]
  eval: e=0.0662  p=[0.237 0.573 0.000 0.339 0.351]
  eval: e=0.1321  p=[0.197 0.562 0.000 0.376 0.361]
  eval: e=0.0401  p=[0.213 0.590 0.000 0.368 0.358]
  eval: e=0.0556  p=[0.226 0.565 0.000 0.362 0.355]
  eval: e=0.3857  p=[0.214 0.142 0.001 0.373 0.360]
  eval: e=33.9491  p=[0.357 0.533 0.000 0.335 0.293]
  231           11600         0.03843           3.492        0
  eval: e=0.2475  p=[0.236 0.417 0.001 0.392 0.354]
  eval: e=0.0684  p=[0.218 0.574 0.000 0.366 0.362]
  eval: e=0.0385  p=[0.218 0.589 0.000 0.364 0.354]
  eval: e=0.0390  p=[0.226 0.574 0.000 0.365 0.354]
  eval: e=1.7128  p=[0.246 0.584 0.000 0.383 0.352]
  eval: e=0.1107  p=[0.221 0.574 0.000 0.344 0.353]
  eval: e=0.0640  p=[0.225 0.586 0.000 0.368 0.354]
  eval: e=0.0517  p=[0.229 0.582 0.000 0.365 0.354]
  eval: e=0.0739  p=[0.225 0.583 0.000 0.347 0.357]
  eval: e=0.0419  p=[0.236 0.580 0.000 0.351 0.358]
  eval: e=0.1350  p=[0.237 0.571 0.002 0.372 0.352]
  eval: e=0.3480  p=[0.072 0.565 0.000 0.362 0.345]
  eval: e=0.0503  p=[0.225 0.553 0.000 0.371 0.352]
  eval: e=0.0407  p=[0.216 0.585 0.000 0.374 0.356]
  eval: e=0.0415  p=[0.220 0.571 0.000 0.379 0.355]
  eval: e=0.4379  p=[0.229 0.593 0.000 0.378 0.354]
  eval: e=0.0579  p=[0.084 0.637 0.000 0.466 0.359]
  eval: e=0.0421  p=[0.223 0.573 0.000 0.365 0.353]
  eval: e=0.0386  p=[0.225 0.575 0.000 0.365 0.354]
  eval: e=0.0388  p=[0.215 0.571 0.000 0.381 0.355]
  eval: e=0.6892  p=[0.250 0.581 0.000 0.362 0.343]
  eval: e=0.0581  p=[0.226 0.594 0.000 0.361 0.354]
  eval: e=0.0416  p=[0.225 0.577 0.000 0.370 0.355]
  eval: e=0.0629  p=[0.228 0.558 0.000 0.362 0.355]
  eval: e=0.0467  p=[0.240 0.574 0.000 0.344 0.353]
  eval: e=0.4812  p=[0.246 0.559 0.000 0.388 0.357]
  eval: e=0.0389  p=[0.217 0.592 0.000 0.363 0.353]
  eval: e=1.6866  p=[0.217 0.558 0.004 0.416 0.336]
  eval: e=0.0466  p=[0.232 0.561 0.000 0.375 0.356]
  eval: e=0.2046  p=[0.226 0.603 0.009 0.298 0.356]
  eval: e=0.1537  p=[0.231 0.557 0.000 0.332 0.352]
  eval: e=0.0498  p=[0.230 0.581 0.000 0.365 0.355]
  eval: e=0.0402  p=[0.223 0.573 0.000 0.366 0.354]
  eval: e=0.0401  p=[0.214 0.573 0.006 0.383 0.360]
  eval: e=0.0396  p=[0.208 0.575 0.000 0.379 0.347]
  eval: e=0.0395  p=[0.219 0.570 0.000 0.375 0.355]
  eval: e=19.5968  p=[0.323 0.499 0.022 0.425 0.354]
  eval: e=0.0521  p=[0.239 0.575 0.006 0.390 0.394]
  eval: e=0.1809  p=[0.221 0.579 0.000 0.361 0.324]
  eval: e=0.2262  p=[0.173 0.569 0.001 0.356 0.349]
  eval: e=0.1079  p=[0.261 0.562 0.002 0.377 0.382]
  eval: e=0.0403  p=[0.229 0.576 0.000 0.365 0.355]
  eval: e=0.0392  p=[0.231 0.564 0.000 0.365 0.354]
  eval: e=0.0583  p=[0.241 0.560 0.000 0.369 0.355]
  eval: e=0.0649  p=[0.228 0.572 0.000 0.354 0.356]
  eval: e=6.7607  p=[0.313 0.516 0.003 0.374 0.335]
  eval: e=0.0391  p=[0.224 0.596 0.000 0.355 0.358]
  eval: e=0.1053  p=[0.237 0.571 0.000 0.366 0.348]
  eval: e=0.2948  p=[0.224 0.425 0.000 0.372 0.355]
  eval: e=2.2293  p=[0.308 0.532 0.000 0.373 0.367]
  232           11650         0.03843          0.7439        1
  eval: e=0.3244  p=[0.229 0.406 0.016 0.361 0.357]
  eval: e=0.0750  p=[0.224 0.580 0.000 0.366 0.343]
  eval: e=0.0385  p=[0.219 0.589 0.000 0.364 0.355]
  eval: e=0.0431  p=[0.221 0.571 0.000 0.381 0.359]
  eval: e=0.1325  p=[0.214 0.574 0.000 0.348 0.356]
  eval: e=0.0544  p=[0.222 0.577 0.000 0.375 0.354]
  eval: e=0.0633  p=[0.221 0.566 0.000 0.364 0.355]
  eval: e=0.0473  p=[0.222 0.570 0.000 0.365 0.354]
  eval: e=0.0516  p=[0.221 0.595 0.000 0.366 0.357]
  eval: e=0.0414  p=[0.222 0.583 0.000 0.361 0.355]
  eval: e=0.2401  p=[0.248 0.569 0.002 0.367 0.350]
  eval: e=1.7582  p=[0.276 0.559 0.002 0.366 0.346]
  eval: e=1.3944  p=[0.310 0.569 0.000 0.329 0.353]
  eval: e=0.0489  p=[0.221 0.578 0.000 0.363 0.358]
  eval: e=0.0386  p=[0.223 0.569 0.000 0.374 0.355]
  eval: e=0.1031  p=[0.232 0.542 0.000 0.358 0.356]
  eval: e=0.0409  p=[0.265 0.498 0.000 0.384 0.359]
  eval: e=0.0392  p=[0.228 0.569 0.000 0.367 0.353]
  eval: e=0.0737  p=[0.224 0.572 0.000 0.380 0.354]
  eval: e=0.0386  p=[0.220 0.573 0.000 0.371 0.353]
  eval: e=0.1048  p=[0.207 0.568 0.000 0.361 0.351]
  eval: e=0.0642  p=[0.227 0.551 0.000 0.370 0.358]
  eval: e=0.0610  p=[0.219 0.570 0.000 0.364 0.355]
  eval: e=0.0527  p=[0.224 0.559 0.000 0.369 0.355]
  eval: e=0.0406  p=[0.244 0.582 0.000 0.340 0.355]
  eval: e=0.2140  p=[0.230 0.576 0.000 0.295 0.345]
  eval: e=0.0386  p=[0.217 0.592 0.000 0.363 0.353]
  eval: e=0.0439  p=[0.316 0.572 0.002 0.288 0.364]
  eval: e=0.0760  p=[0.219 0.577 0.000 0.354 0.354]
  eval: e=14.0667  p=[0.242 0.570 0.000 0.435 0.356]
  eval: e=0.2951  p=[0.243 0.576 0.000 0.367 0.349]
  eval: e=0.0420  p=[0.221 0.590 0.000 0.365 0.355]
  eval: e=0.0385  p=[0.220 0.582 0.000 0.366 0.353]
  eval: e=0.0569  p=[0.218 0.613 0.004 0.354 0.349]
  eval: e=0.0387  p=[0.213 0.576 0.000 0.377 0.355]
  eval: e=0.0385  p=[0.222 0.590 0.000 0.359 0.354]
  eval: e=0.3056  p=[0.195 0.394 0.000 0.423 0.364]
  eval: e=0.0564  p=[0.215 0.573 0.001 0.343 0.309]
  eval: e=0.0535  p=[0.231 0.579 0.000 0.367 0.374]
  eval: e=0.0512  p=[0.228 0.582 0.000 0.366 0.353]
  eval: e=0.1062  p=[0.274 0.568 0.002 0.334 0.393]
  eval: e=0.0497  p=[0.218 0.576 0.000 0.365 0.355]
  eval: e=0.0680  p=[0.228 0.587 0.000 0.365 0.354]
  eval: e=0.0417  p=[0.218 0.579 0.000 0.378 0.358]
  eval: e=0.0621  p=[0.223 0.578 0.001 0.377 0.356]
  eval: e=0.2175  p=[0.229 0.479 0.013 0.373 0.354]
  eval: e=0.0424  p=[0.217 0.589 0.000 0.363 0.357]
  eval: e=0.1102  p=[0.214 0.573 0.000 0.354 0.356]
  eval: e=1.4932  p=[0.312 0.499 0.000 0.380 0.359]
  eval: e=0.0708  p=[0.216 0.559 0.000 0.357 0.339]
  233           11700         0.03843           0.453        2
  eval: e=0.0424  p=[0.220 0.569 0.020 0.386 0.355]
  eval: e=0.0590  p=[0.229 0.571 0.000 0.366 0.369]
  eval: e=0.0385  p=[0.218 0.588 0.000 0.364 0.355]
  eval: e=0.0450  p=[0.231 0.574 0.000 0.364 0.351]
  eval: e=0.3242  p=[0.278 0.562 0.000 0.347 0.354]
  eval: e=0.0503  p=[0.228 0.574 0.000 0.355 0.355]
  eval: e=0.0429  p=[0.227 0.567 0.000 0.364 0.354]
  eval: e=0.0397  p=[0.229 0.569 0.000 0.364 0.353]
  eval: e=0.0400  p=[0.223 0.584 0.000 0.362 0.356]
  eval: e=0.0454  p=[0.227 0.565 0.000 0.364 0.354]
  eval: e=0.3600  p=[0.255 0.575 0.003 0.363 0.354]
  eval: e=0.1411  p=[0.243 0.553 0.008 0.332 0.356]
  eval: e=0.0760  p=[0.277 0.580 0.000 0.314 0.344]
  eval: e=0.0488  p=[0.213 0.581 0.000 0.381 0.355]
  eval: e=0.0488  p=[0.218 0.574 0.000 0.366 0.354]
  eval: e=0.3112  p=[0.230 0.605 0.000 0.367 0.355]
  eval: e=0.1766  p=[0.187 0.506 0.000 0.407 0.356]
  eval: e=0.0562  p=[0.216 0.574 0.000 0.366 0.356]
  eval: e=0.0481  p=[0.221 0.596 0.000 0.363 0.354]
  eval: e=0.0423  p=[0.223 0.582 0.000 0.367 0.353]
  eval: e=0.0593  p=[0.224 0.578 0.000 0.355 0.356]
  eval: e=0.0501  p=[0.233 0.577 0.000 0.343 0.347]
  eval: e=0.1029  p=[0.230 0.590 0.000 0.366 0.355]
  eval: e=0.0385  p=[0.223 0.579 0.000 0.366 0.355]
  eval: e=0.0444  p=[0.223 0.578 0.000 0.359 0.353]
  eval: e=0.0695  p=[0.273 0.577 0.000 0.303 0.355]
  eval: e=0.0392  p=[0.217 0.591 0.000 0.362 0.355]
  eval: e=0.1624  p=[0.246 0.576 0.000 0.298 0.348]
  eval: e=0.2314  p=[0.239 0.584 0.000 0.369 0.356]
  eval: e=0.2027  p=[0.244 0.579 0.004 0.289 0.350]
  eval: e=0.1825  p=[0.247 0.582 0.000 0.354 0.348]
  eval: e=0.0385  p=[0.222 0.580 0.000 0.366 0.354]
  eval: e=0.0391  p=[0.219 0.590 0.000 0.364 0.354]
  eval: e=0.0472  p=[0.227 0.567 0.002 0.380 0.358]
  eval: e=0.0414  p=[0.218 0.592 0.000 0.367 0.355]
  eval: e=0.0440  p=[0.219 0.590 0.000 0.358 0.355]
  eval: e=2.7369  p=[0.220 0.648 0.028 0.384 0.354]
  eval: e=0.0433  p=[0.220 0.584 0.003 0.352 0.344]
  eval: e=0.1321  p=[0.227 0.564 0.000 0.365 0.329]
  eval: e=0.0450  p=[0.241 0.565 0.001 0.361 0.353]
  eval: e=1.7857  p=[0.260 0.579 0.003 0.351 0.325]
  eval: e=0.0422  p=[0.217 0.583 0.000 0.365 0.354]
  eval: e=0.0503  p=[0.224 0.553 0.000 0.375 0.356]
  eval: e=0.0470  p=[0.240 0.591 0.001 0.348 0.356]
  eval: e=0.0880  p=[0.222 0.578 0.000 0.347 0.353]
  eval: e=0.2862  p=[0.260 0.515 0.000 0.376 0.332]
  eval: e=0.0386  p=[0.216 0.592 0.000 0.366 0.357]
  eval: e=0.3934  p=[0.233 0.594 0.000 0.366 0.346]
  eval: e=0.8385  p=[0.279 0.557 0.002 0.362 0.356]
  eval: e=0.3064  p=[0.244 0.580 0.000 0.363 0.348]
  234           11750         0.03843          0.2053        3
  eval: e=0.0967  p=[0.235 0.482 0.020 0.401 0.352]
  eval: e=0.0398  p=[0.215 0.588 0.000 0.367 0.351]
  eval: e=0.0384  p=[0.219 0.588 0.000 0.364 0.355]
  eval: e=0.0398  p=[0.217 0.586 0.000 0.363 0.353]
  eval: e=0.2299  p=[0.258 0.574 0.000 0.355 0.353]
  eval: e=0.0826  p=[0.227 0.585 0.000 0.370 0.354]
  eval: e=0.0394  p=[0.227 0.576 0.000 0.366 0.355]
  eval: e=0.0419  p=[0.222 0.574 0.000 0.366 0.355]
  eval: e=0.0385  p=[0.218 0.604 0.000 0.356 0.357]
  eval: e=0.0749  p=[0.219 0.566 0.000 0.363 0.355]
  eval: e=0.1792  p=[0.222 0.566 0.000 0.327 0.351]
  eval: e=0.2516  p=[0.219 0.525 0.003 0.324 0.344]
  eval: e=0.2486  p=[0.232 0.574 0.000 0.380 0.351]
  eval: e=0.0412  p=[0.220 0.578 0.000 0.378 0.360]
  eval: e=0.0535  p=[0.220 0.581 0.000 0.376 0.355]
  eval: e=0.1209  p=[0.226 0.536 0.000 0.361 0.353]
  eval: e=0.2035  p=[0.111 0.627 0.000 0.398 0.356]
  eval: e=0.0411  p=[0.223 0.584 0.000 0.365 0.354]
  eval: e=0.0433  p=[0.225 0.572 0.000 0.363 0.355]
  eval: e=0.0391  p=[0.219 0.584 0.000 0.365 0.354]
  eval: e=0.1641  p=[0.244 0.579 0.000 0.363 0.355]
  eval: e=0.0664  p=[0.241 0.580 0.000 0.359 0.358]
  eval: e=0.0405  p=[0.220 0.585 0.000 0.369 0.355]
  eval: e=0.0398  p=[0.220 0.583 0.000 0.364 0.355]
  eval: e=0.0800  p=[0.220 0.585 0.000 0.343 0.349]
  eval: e=0.1305  p=[0.215 0.568 0.000 0.350 0.355]
  eval: e=0.0385  p=[0.217 0.592 0.000 0.362 0.353]
  eval: e=0.0619  p=[0.237 0.569 0.006 0.345 0.351]
  eval: e=0.0743  p=[0.215 0.569 0.000 0.364 0.355]
  eval: e=0.0505  p=[0.237 0.582 0.001 0.335 0.348]
  eval: e=0.0588  p=[0.225 0.575 0.000 0.351 0.349]
  eval: e=0.0401  p=[0.219 0.591 0.000 0.366 0.355]
  eval: e=0.0418  p=[0.219 0.579 0.000 0.366 0.355]
  eval: e=0.0699  p=[0.219 0.581 0.004 0.381 0.355]
  eval: e=0.0442  p=[0.218 0.572 0.000 0.370 0.354]
  eval: e=0.0403  p=[0.221 0.589 0.000 0.364 0.354]
  eval: e=0.3395  p=[0.281 0.228 0.024 0.419 0.360]
  eval: e=0.1237  p=[0.236 0.569 0.009 0.383 0.360]
  eval: e=0.0464  p=[0.226 0.565 0.000 0.363 0.353]
  eval: e=0.0389  p=[0.214 0.597 0.000 0.360 0.352]
  eval: e=0.2040  p=[0.217 0.542 0.001 0.349 0.362]
  eval: e=0.0405  p=[0.223 0.576 0.000 0.365 0.355]
  eval: e=0.0389  p=[0.223 0.595 0.000 0.357 0.355]
  eval: e=0.0423  p=[0.220 0.590 0.001 0.356 0.353]
  eval: e=0.0979  p=[0.226 0.584 0.000 0.374 0.355]
  eval: e=0.1843  p=[0.243 0.582 0.010 0.368 0.356]
  eval: e=0.0405  p=[0.218 0.592 0.000 0.366 0.354]
  eval: e=0.0452  p=[0.222 0.583 0.000 0.357 0.354]
  eval: e=2.1945  p=[0.291 0.537 0.001 0.378 0.357]
  eval: e=0.0395  p=[0.257 0.520 0.000 0.364 0.347]
  235           11800         0.03842          0.1292        0
  eval: e=0.7143  p=[0.228 0.632 0.009 0.362 0.352]
  eval: e=0.0753  p=[0.231 0.594 0.000 0.362 0.358]
  eval: e=0.0384  p=[0.219 0.588 0.000 0.364 0.355]
  eval: e=0.0816  p=[0.228 0.594 0.000 0.365 0.356]
  eval: e=0.3688  p=[0.252 0.590 0.000 0.357 0.354]
  eval: e=0.0468  p=[0.232 0.563 0.000 0.360 0.354]
  eval: e=0.0432  p=[0.222 0.569 0.000 0.368 0.354]
  eval: e=0.0400  p=[0.228 0.575 0.000 0.365 0.353]
  eval: e=0.0408  p=[0.218 0.601 0.000 0.361 0.356]
  eval: e=0.0400  p=[0.224 0.586 0.000 0.364 0.355]
  eval: e=2.0715  p=[0.269 0.591 0.003 0.361 0.354]
  eval: e=5.2615  p=[0.252 0.621 0.000 0.366 0.347]
  eval: e=0.4549  p=[0.294 0.571 0.000 0.322 0.346]
  eval: e=0.0392  p=[0.213 0.574 0.000 0.379 0.357]
  eval: e=0.0418  p=[0.222 0.566 0.000 0.372 0.355]
  eval: e=0.0472  p=[0.226 0.604 0.000 0.354 0.355]
  eval: e=22.9989  p=[0.263 0.586 0.000 0.416 0.356]
  eval: e=0.0567  p=[0.223 0.569 0.000 0.362 0.355]
  eval: e=0.0407  p=[0.224 0.579 0.000 0.368 0.354]
  eval: e=0.0474  p=[0.219 0.603 0.000 0.360 0.355]
  eval: e=0.0398  p=[0.230 0.574 0.000 0.364 0.354]
  eval: e=0.0391  p=[0.223 0.574 0.000 0.361 0.346]
  eval: e=0.0809  p=[0.233 0.587 0.000 0.363 0.355]
  eval: e=0.0622  p=[0.221 0.572 0.000 0.386 0.359]
  eval: e=0.0391  p=[0.250 0.588 0.000 0.332 0.355]
  eval: e=0.0716  p=[0.221 0.559 0.000 0.358 0.346]
  eval: e=0.0384  p=[0.218 0.607 0.000 0.355 0.358]
  eval: e=0.0459  p=[0.285 0.587 0.000 0.296 0.345]
  eval: e=0.1062  p=[0.238 0.583 0.000 0.363 0.355]
  eval: e=0.0937  p=[0.227 0.561 0.012 0.355 0.353]
  eval: e=0.0971  p=[0.226 0.577 0.000 0.337 0.350]
  eval: e=0.0403  p=[0.223 0.584 0.000 0.365 0.354]
  eval: e=0.0416  p=[0.220 0.591 0.000 0.365 0.354]
  eval: e=0.0515  p=[0.223 0.607 0.005 0.356 0.354]
  eval: e=0.0499  p=[0.218 0.609 0.000 0.361 0.358]
  eval: e=0.0428  p=[0.222 0.590 0.000 0.354 0.354]
  eval: e=0.1547  p=[0.296 0.391 0.009 0.387 0.355]
  eval: e=0.2170  p=[0.228 0.572 0.004 0.372 0.336]
  eval: e=0.0438  p=[0.222 0.569 0.000 0.371 0.358]
  eval: e=0.0407  p=[0.216 0.610 0.000 0.354 0.353]
  eval: e=0.4732  p=[0.266 0.576 0.003 0.343 0.340]
  eval: e=0.0567  p=[0.232 0.580 0.000 0.365 0.354]
  eval: e=0.1153  p=[0.228 0.592 0.000 0.367 0.354]
  eval: e=0.1578  p=[0.238 0.589 0.000 0.362 0.353]
  eval: e=0.0667  p=[0.229 0.581 0.000 0.367 0.353]
  eval: e=0.0463  p=[0.278 0.477 0.010 0.370 0.347]
  eval: e=0.0407  p=[0.216 0.590 0.000 0.365 0.358]
  eval: e=0.0439  p=[0.228 0.575 0.000 0.355 0.351]
  eval: e=0.0566  p=[0.274 0.477 0.002 0.376 0.357]
  eval: e=0.1320  p=[0.246 0.574 0.000 0.364 0.357]
  236           11850         0.03838          0.7027        0
  eval: e=0.2040  p=[0.240 0.521 0.002 0.408 0.353]
  eval: e=0.0690  p=[0.223 0.557 0.000 0.367 0.356]
  eval: e=0.0384  p=[0.219 0.588 0.000 0.364 0.355]
  eval: e=0.0417  p=[0.231 0.577 0.000 0.357 0.356]
  eval: e=0.1978  p=[0.220 0.552 0.000 0.335 0.354]
  eval: e=0.0513  p=[0.230 0.574 0.000 0.371 0.357]
  eval: e=0.0613  p=[0.221 0.613 0.000 0.357 0.358]
  eval: e=0.2824  p=[0.227 0.619 0.000 0.363 0.358]
  eval: e=0.0426  p=[0.219 0.603 0.000 0.359 0.355]
  eval: e=0.1136  p=[0.236 0.582 0.000 0.365 0.354]
  eval: e=0.0487  p=[0.230 0.568 0.000 0.354 0.350]
  eval: e=0.0445  p=[0.272 0.536 0.012 0.352 0.353]
  eval: e=0.0575  p=[0.260 0.552 0.000 0.349 0.347]
  eval: e=0.0728  p=[0.216 0.599 0.000 0.347 0.357]
  eval: e=0.0514  p=[0.220 0.611 0.000 0.357 0.356]
  eval: e=0.1017  p=[0.224 0.592 0.000 0.370 0.354]
  eval: e=0.1581  p=[0.118 0.563 0.000 0.445 0.355]
  eval: e=0.0398  p=[0.222 0.574 0.000 0.366 0.353]
  eval: e=0.0472  p=[0.224 0.586 0.000 0.366 0.354]
  eval: e=0.0387  p=[0.220 0.590 0.000 0.363 0.357]
  eval: e=0.0483  p=[0.235 0.572 0.000 0.352 0.356]
  eval: e=0.0726  p=[0.217 0.596 0.000 0.343 0.352]
  eval: e=0.0476  p=[0.226 0.543 0.000 0.380 0.355]
  eval: e=0.1555  p=[0.220 0.584 0.000 0.386 0.358]
  eval: e=0.1024  p=[0.226 0.575 0.000 0.336 0.349]
  eval: e=0.0832  p=[0.276 0.580 0.000 0.328 0.360]
  eval: e=0.0384  p=[0.218 0.609 0.000 0.355 0.358]
  eval: e=0.0407  p=[0.206 0.570 0.001 0.393 0.354]
  eval: e=0.0410  p=[0.218 0.582 0.000 0.365 0.354]
  eval: e=0.0493  p=[0.236 0.606 0.008 0.329 0.354]
  eval: e=0.0550  p=[0.232 0.616 0.000 0.344 0.358]
  eval: e=0.0395  p=[0.221 0.579 0.000 0.365 0.354]
  eval: e=0.0407  p=[0.219 0.592 0.000 0.358 0.355]
  eval: e=0.0888  p=[0.225 0.590 0.003 0.336 0.354]
  eval: e=0.0498  p=[0.216 0.573 0.000 0.369 0.354]
  eval: e=0.0385  p=[0.222 0.600 0.000 0.354 0.355]
  eval: e=6.6351  p=[0.229 0.551 0.011 0.448 0.354]
  eval: e=0.0434  p=[0.222 0.577 0.011 0.358 0.343]
  eval: e=0.0564  p=[0.227 0.590 0.000 0.363 0.354]
  eval: e=0.0384  p=[0.218 0.601 0.000 0.359 0.356]
  eval: e=0.1539  p=[0.250 0.591 0.001 0.355 0.362]
  eval: e=0.0403  p=[0.229 0.590 0.000 0.357 0.356]
  eval: e=0.0401  p=[0.227 0.558 0.000 0.377 0.354]
  eval: e=0.0460  p=[0.222 0.600 0.000 0.347 0.355]
  eval: e=0.0764  p=[0.220 0.560 0.000 0.366 0.356]
  eval: e=0.2022  p=[0.247 0.534 0.000 0.374 0.333]
  eval: e=0.0386  p=[0.219 0.592 0.000 0.366 0.358]
  eval: e=0.0520  p=[0.218 0.589 0.000 0.355 0.354]
  eval: e=9.9108  p=[0.267 0.629 0.000 0.368 0.358]
  eval: e=0.0908  p=[0.235 0.544 0.000 0.351 0.349]
  237           11900         0.03838          0.4036        1
  eval: e=0.2055  p=[0.225 0.494 0.009 0.370 0.355]
  eval: e=0.0418  p=[0.227 0.590 0.000 0.349 0.353]
  eval: e=0.0384  p=[0.219 0.588 0.000 0.364 0.355]
  eval: e=0.0413  p=[0.214 0.601 0.000 0.359 0.357]
  eval: e=0.0392  p=[0.256 0.570 0.000 0.341 0.357]
  eval: e=0.0442  p=[0.223 0.581 0.000 0.359 0.354]
  eval: e=0.0800  p=[0.223 0.563 0.000 0.357 0.353]
  eval: e=0.0940  p=[0.227 0.548 0.000 0.362 0.357]
  eval: e=0.0386  p=[0.217 0.601 0.000 0.358 0.357]
  eval: e=0.0843  p=[0.232 0.600 0.000 0.360 0.360]
  eval: e=0.1319  p=[0.220 0.585 0.002 0.330 0.350]
  eval: e=0.1817  p=[0.208 0.555 0.000 0.345 0.348]
  eval: e=0.0824  p=[0.216 0.578 0.000 0.353 0.352]
  eval: e=0.0396  p=[0.217 0.585 0.000 0.369 0.359]
  eval: e=0.0748  p=[0.219 0.578 0.000 0.354 0.355]
  eval: e=0.1201  p=[0.226 0.567 0.000 0.343 0.356]
  eval: e=0.1399  p=[0.102 0.587 0.000 0.452 0.356]
  eval: e=0.0399  p=[0.219 0.602 0.000 0.360 0.357]
  eval: e=0.0385  p=[0.220 0.586 0.000 0.363 0.354]
  eval: e=0.0389  p=[0.219 0.576 0.000 0.369 0.354]
  eval: e=0.0439  p=[0.234 0.593 0.000 0.351 0.356]
  eval: e=0.0649  p=[0.231 0.592 0.000 0.360 0.356]
  eval: e=0.2430  p=[0.222 0.654 0.000 0.343 0.356]
  eval: e=0.0550  p=[0.221 0.591 0.000 0.352 0.357]
  eval: e=0.0607  p=[0.224 0.601 0.000 0.343 0.360]
  eval: e=0.1710  p=[0.271 0.588 0.000 0.333 0.356]
  eval: e=0.0396  p=[0.218 0.609 0.000 0.356 0.357]
  eval: e=0.1203  p=[0.282 0.574 0.003 0.271 0.341]
  eval: e=0.0930  p=[0.226 0.606 0.000 0.359 0.356]
  eval: e=0.1091  p=[0.229 0.557 0.000 0.346 0.352]
  eval: e=0.1083  p=[0.229 0.558 0.000 0.346 0.352]
  eval: e=0.0457  p=[0.218 0.583 0.000 0.364 0.356]
  eval: e=0.0404  p=[0.219 0.587 0.000 0.369 0.356]
  eval: e=0.0499  p=[0.223 0.607 0.006 0.342 0.355]
  eval: e=0.1327  p=[0.217 0.610 0.000 0.369 0.355]
  eval: e=0.0385  p=[0.219 0.604 0.000 0.354 0.356]
  eval: e=0.1211  p=[0.245 0.579 0.011 0.322 0.358]
  eval: e=0.0438  p=[0.230 0.589 0.002 0.357 0.365]
  eval: e=0.0534  p=[0.225 0.599 0.000 0.359 0.356]
  eval: e=0.0384  p=[0.218 0.600 0.000 0.359 0.357]
  eval: e=0.0915  p=[0.253 0.533 0.004 0.334 0.341]
  eval: e=0.0974  p=[0.217 0.614 0.000 0.365 0.356]
  eval: e=0.0812  p=[0.225 0.559 0.000 0.359 0.354]
  eval: e=0.0693  p=[0.223 0.586 0.000 0.347 0.354]
  eval: e=0.0796  p=[0.219 0.632 0.000 0.348 0.355]
  eval: e=0.1876  p=[0.219 0.526 0.020 0.365 0.356]
  eval: e=0.0458  p=[0.216 0.596 0.000 0.358 0.357]
  eval: e=0.0434  p=[0.224 0.582 0.000 0.356 0.352]
  eval: e=0.3164  p=[0.242 0.376 0.000 0.372 0.357]
  eval: e=0.0557  p=[0.234 0.549 0.000 0.360 0.350]
  238           11950         0.03838         0.08671        2
  eval: e=8.0359  p=[0.248 0.635 0.009 0.377 0.354]
  eval: e=0.0488  p=[0.227 0.596 0.000 0.361 0.359]
  eval: e=0.0393  p=[0.218 0.606 0.000 0.355 0.359]
  eval: e=0.0442  p=[0.218 0.595 0.000 0.365 0.355]
  eval: e=0.1181  p=[0.212 0.575 0.000 0.352 0.354]
  eval: e=0.0391  p=[0.224 0.589 0.000 0.358 0.355]
  eval: e=0.0788  p=[0.220 0.572 0.000 0.360 0.359]
  eval: e=0.0772  p=[0.228 0.605 0.000 0.357 0.356]
  eval: e=0.0407  p=[0.218 0.604 0.000 0.355 0.358]
  eval: e=0.0633  p=[0.217 0.604 0.000 0.362 0.351]
  eval: e=0.0793  p=[0.233 0.600 0.002 0.355 0.356]
  eval: e=0.0946  p=[0.237 0.583 0.007 0.331 0.356]
  eval: e=4.2154  p=[0.310 0.575 0.000 0.348 0.360]
  eval: e=0.0457  p=[0.217 0.595 0.000 0.358 0.358]
  eval: e=0.0418  p=[0.219 0.596 0.000 0.367 0.359]
  eval: e=0.0505  p=[0.225 0.567 0.000 0.364 0.356]
  eval: e=91.8628  p=[0.250 0.584 0.000 0.488 0.355]
  eval: e=0.0607  p=[0.226 0.601 0.000 0.356 0.353]
  eval: e=0.0497  p=[0.220 0.616 0.000 0.354 0.357]
  eval: e=0.0457  p=[0.219 0.595 0.000 0.366 0.357]
  eval: e=0.0708  p=[0.241 0.586 0.000 0.354 0.355]
  eval: e=0.0400  p=[0.225 0.586 0.000 0.353 0.350]
  eval: e=0.0889  p=[0.227 0.519 0.000 0.380 0.354]
  eval: e=0.0387  p=[0.223 0.580 0.000 0.367 0.355]
  eval: e=0.0496  p=[0.258 0.557 0.000 0.338 0.355]
  eval: e=0.0920  p=[0.195 0.583 0.000 0.364 0.348]
  eval: e=0.0386  p=[0.218 0.608 0.000 0.356 0.357]
  eval: e=0.2445  p=[0.236 0.609 0.002 0.270 0.359]
  eval: e=0.0985  p=[0.232 0.594 0.000 0.362 0.356]
  eval: e=0.1311  p=[0.228 0.633 0.006 0.345 0.355]
  eval: e=0.9991  p=[0.257 0.591 0.000 0.358 0.349]
  eval: e=0.0397  p=[0.222 0.588 0.000 0.358 0.355]
  eval: e=0.0537  p=[0.220 0.591 0.000 0.352 0.355]
  eval: e=0.0424  p=[0.223 0.602 0.006 0.359 0.356]
  eval: e=0.0624  p=[0.213 0.566 0.000 0.373 0.356]
  eval: e=0.0386  p=[0.219 0.607 0.000 0.356 0.357]
  eval: e=0.1325  p=[0.275 0.433 0.003 0.386 0.359]
  eval: e=0.0493  p=[0.226 0.576 0.013 0.365 0.358]
  eval: e=0.0612  p=[0.225 0.574 0.000 0.354 0.353]
  eval: e=0.0384  p=[0.218 0.608 0.000 0.355 0.357]
  eval: e=1.9789  p=[0.271 0.588 0.000 0.364 0.359]
  eval: e=0.0405  p=[0.220 0.582 0.000 0.362 0.353]
  eval: e=0.0487  p=[0.227 0.595 0.000 0.358 0.355]
  eval: e=0.2423  p=[0.249 0.592 0.001 0.357 0.357]
  eval: e=0.1032  p=[0.232 0.548 0.001 0.356 0.357]
  eval: e=0.9978  p=[0.294 0.513 0.000 0.372 0.348]
  eval: e=0.0506  p=[0.215 0.596 0.000 0.357 0.358]
  eval: e=0.0387  p=[0.236 0.574 0.000 0.355 0.354]
  eval: e=0.0398  p=[0.252 0.538 0.000 0.365 0.357]
  eval: e=0.0594  p=[0.256 0.538 0.000 0.363 0.348]
  239           12000         0.03838           2.223        3
  eval: e=0.0699  p=[0.220 0.507 0.009 0.404 0.353]
  eval: e=0.0409  p=[0.218 0.588 0.000 0.362 0.355]
  eval: e=0.0573  p=[0.219 0.609 0.000 0.359 0.354]
  eval: e=0.0805  p=[0.231 0.600 0.000 0.358 0.356]
  eval: e=0.1154  p=[0.260 0.580 0.000 0.344 0.356]
  eval: e=0.0473  p=[0.225 0.597 0.000 0.361 0.357]
  eval: e=0.0453  p=[0.221 0.588 0.000 0.369 0.356]
  eval: e=0.2215  p=[0.225 0.611 0.000 0.363 0.354]
  eval: e=0.0384  p=[0.219 0.605 0.000 0.356 0.357]
  eval: e=0.3153  p=[0.239 0.596 0.000 0.363 0.354]
  eval: e=0.2446  p=[0.261 0.607 0.002 0.335 0.356]
  eval: e=4.1512  p=[0.304 0.599 0.006 0.330 0.348]
  eval: e=0.0612  p=[0.235 0.589 0.000 0.341 0.338]
  eval: e=0.0413  p=[0.218 0.573 0.000 0.375 0.358]
  eval: e=0.0407  p=[0.219 0.578 0.000 0.368 0.355]
  eval: e=0.0389  p=[0.224 0.593 0.000 0.360 0.357]
  eval: e=0.2825  p=[0.070 0.594 0.000 0.427 0.359]
  eval: e=0.0659  p=[0.215 0.570 0.000 0.364 0.353]
  eval: e=0.0395  p=[0.219 0.595 0.000 0.365 0.358]
  eval: e=0.0490  p=[0.219 0.576 0.001 0.364 0.354]
  eval: e=0.0533  p=[0.227 0.574 0.000 0.356 0.354]
  eval: e=0.2570  p=[0.241 0.601 0.000 0.353 0.350]
  eval: e=0.0396  p=[0.225 0.617 0.000 0.345 0.358]
  eval: e=0.0398  p=[0.223 0.611 0.000 0.351 0.358]
  eval: e=0.3420  p=[0.242 0.610 0.000 0.349 0.351]
  eval: e=0.0544  p=[0.250 0.607 0.000 0.318 0.362]
  eval: e=0.0384  p=[0.218 0.607 0.000 0.355 0.357]
  eval: e=0.1011  p=[0.262 0.606 0.006 0.291 0.357]
  eval: e=0.0401  p=[0.228 0.585 0.000 0.357 0.357]
  eval: e=0.0797  p=[0.225 0.581 0.004 0.338 0.345]
  eval: e=0.1209  p=[0.223 0.581 0.000 0.333 0.352]
  eval: e=0.0384  p=[0.220 0.590 0.000 0.365 0.358]
  eval: e=0.0384  p=[0.219 0.598 0.000 0.360 0.357]
  eval: e=0.1080  p=[0.220 0.626 0.001 0.355 0.356]
  eval: e=0.0756  p=[0.214 0.580 0.000 0.359 0.356]
  eval: e=0.0396  p=[0.218 0.601 0.000 0.355 0.356]
  eval: e=5.7473  p=[0.221 0.562 0.007 0.448 0.358]
  eval: e=0.0769  p=[0.221 0.563 0.007 0.354 0.344]
  eval: e=0.0510  p=[0.225 0.575 0.000 0.361 0.358]
  eval: e=0.0387  p=[0.218 0.603 0.000 0.357 0.357]
  eval: e=0.1751  p=[0.221 0.594 0.006 0.319 0.357]
  eval: e=0.0424  p=[0.231 0.583 0.000 0.362 0.357]
  eval: e=0.2503  p=[0.221 0.613 0.000 0.368 0.354]
  eval: e=0.1015  p=[0.208 0.597 0.001 0.347 0.355]
  eval: e=0.1038  p=[0.226 0.599 0.000 0.364 0.355]
  eval: e=0.0727  p=[0.229 0.556 0.018 0.358 0.347]
  eval: e=0.0529  p=[0.220 0.601 0.000 0.365 0.358]
  eval: e=0.0542  p=[0.232 0.596 0.000 0.355 0.357]
  eval: e=0.2108  p=[0.251 0.586 0.000 0.357 0.358]
  eval: e=0.0701  p=[0.258 0.550 0.000 0.357 0.349]
  240           12050         0.03838          0.2912        4

                                 Best            Mean     Stall
Iteration     f-count            f(x)            f(x)    Iterations
  eval: e=2.6997  p=[0.253 0.586 0.018 0.390 0.356]
  eval: e=0.0446  p=[0.225 0.580 0.000 0.359 0.357]
  eval: e=0.0554  p=[0.218 0.604 0.000 0.363 0.354]
  eval: e=0.1266  p=[0.228 0.605 0.000 0.360 0.355]
  eval: e=0.0698  p=[0.236 0.565 0.000 0.347 0.355]
  eval: e=0.0405  p=[0.225 0.594 0.000 0.359 0.356]
  eval: e=0.0462  p=[0.222 0.579 0.000 0.363 0.356]
  eval: e=0.0617  p=[0.226 0.563 0.000 0.362 0.355]
  eval: e=0.0386  p=[0.218 0.608 0.000 0.355 0.357]
  eval: e=0.0560  p=[0.230 0.575 0.000 0.355 0.359]
  eval: e=0.0648  p=[0.212 0.593 0.000 0.355 0.356]
  eval: e=0.2548  p=[0.207 0.540 0.000 0.335 0.357]
  eval: e=0.0649  p=[0.264 0.564 0.000 0.317 0.350]
  eval: e=0.0388  p=[0.217 0.583 0.000 0.371 0.358]
  eval: e=0.0689  p=[0.219 0.593 0.000 0.374 0.358]
  eval: e=0.0497  p=[0.232 0.588 0.000 0.358 0.355]
  eval: e=4.2952  p=[0.205 0.586 0.000 0.440 0.357]
  eval: e=0.0385  p=[0.226 0.591 0.000 0.355 0.354]
  eval: e=0.0425  p=[0.220 0.602 0.000 0.357 0.353]
  eval: e=0.0433  p=[0.219 0.593 0.000 0.356 0.355]
  eval: e=0.0391  p=[0.218 0.603 0.000 0.354 0.355]
  eval: e=0.0508  p=[0.231 0.587 0.000 0.347 0.358]
  eval: e=0.0968  p=[0.221 0.551 0.000 0.364 0.355]
  eval: e=0.0389  p=[0.221 0.582 0.000 0.367 0.354]
  eval: e=0.1134  p=[0.243 0.572 0.000 0.329 0.360]
  eval: e=0.1827  p=[0.221 0.558 0.000 0.323 0.342]
  eval: e=0.0384  p=[0.218 0.607 0.000 0.356 0.358]
  eval: e=0.8215  p=[0.300 0.593 0.004 0.319 0.356]
  eval: e=0.0492  p=[0.234 0.581 0.000 0.361 0.356]
  eval: e=0.2475  p=[0.268 0.576 0.001 0.340 0.348]
  eval: e=0.2849  p=[0.235 0.601 0.001 0.362 0.353]
  eval: e=0.0386  p=[0.219 0.606 0.000 0.354 0.358]
  eval: e=0.0384  p=[0.218 0.607 0.000 0.354 0.357]
  eval: e=0.0654  p=[0.220 0.604 0.005 0.343 0.358]
  eval: e=0.0534  p=[0.216 0.598 0.000 0.371 0.357]
  eval: e=0.0386  p=[0.219 0.610 0.000 0.355 0.359]
  eval: e=0.2589  p=[0.280 0.428 0.017 0.344 0.358]
  eval: e=0.0754  p=[0.223 0.567 0.006 0.357 0.352]
  eval: e=0.0578  p=[0.219 0.570 0.000 0.361 0.351]
  eval: e=0.0384  p=[0.218 0.606 0.000 0.356 0.357]
  eval: e=0.1101  p=[0.274 0.583 0.003 0.329 0.355]
  eval: e=0.0402  p=[0.227 0.573 0.000 0.362 0.354]
  eval: e=0.0412  p=[0.229 0.573 0.000 0.364 0.358]
  eval: e=0.0468  p=[0.224 0.594 0.000 0.349 0.356]
  eval: e=0.0695  p=[0.225 0.562 0.001 0.361 0.356]
  eval: e=0.0562  p=[0.251 0.510 0.006 0.368 0.346]
  eval: e=0.0434  p=[0.215 0.601 0.000 0.367 0.357]
  eval: e=0.0425  p=[0.226 0.588 0.000 0.355 0.357]
  eval: e=0.0870  p=[0.214 0.569 0.000 0.363 0.357]
  eval: e=0.1648  p=[0.200 0.561 0.000 0.359 0.354]
  241           12100         0.03838          0.2306        0
  eval: e=0.2690  p=[0.204 0.507 0.006 0.353 0.355]
  eval: e=0.0468  p=[0.227 0.583 0.000 0.366 0.355]
  eval: e=0.0417  p=[0.219 0.600 0.000 0.356 0.359]
  eval: e=0.0399  p=[0.226 0.571 0.000 0.369 0.358]
  eval: e=0.1106  p=[0.231 0.612 0.000 0.351 0.354]
  eval: e=0.0406  p=[0.229 0.579 0.000 0.361 0.353]
  eval: e=0.0887  p=[0.224 0.609 0.000 0.360 0.356]
  eval: e=0.0409  p=[0.212 0.600 0.000 0.367 0.356]
  eval: e=0.0384  p=[0.219 0.597 0.000 0.359 0.356]
  eval: e=0.0475  p=[0.227 0.570 0.000 0.369 0.349]
  eval: e=0.0964  p=[0.228 0.568 0.002 0.340 0.347]
  eval: e=1.5672  p=[0.273 0.600 0.011 0.341 0.343]
  eval: e=0.0423  p=[0.241 0.553 0.000 0.360 0.354]
  eval: e=0.0386  p=[0.217 0.610 0.000 0.355 0.357]
  eval: e=0.0584  p=[0.220 0.563 0.000 0.368 0.354]
  eval: e=0.0386  p=[0.218 0.589 0.000 0.363 0.352]
  eval: e=0.2505  p=[0.109 0.598 0.000 0.400 0.357]
  eval: e=0.0435  p=[0.220 0.595 0.000 0.355 0.356]
  eval: e=0.0511  p=[0.221 0.591 0.000 0.368 0.355]
  eval: e=0.0435  p=[0.220 0.575 0.000 0.367 0.355]
  eval: e=0.1052  p=[0.250 0.574 0.000 0.360 0.358]
  eval: e=0.0474  p=[0.218 0.585 0.000 0.352 0.346]
  eval: e=0.0879  p=[0.228 0.586 0.000 0.371 0.357]
  eval: e=0.0385  p=[0.223 0.578 0.000 0.368 0.356]
  eval: e=1.6452  p=[0.256 0.586 0.000 0.366 0.346]
  eval: e=0.0473  p=[0.270 0.582 0.000 0.329 0.362]
  eval: e=0.0384  p=[0.218 0.607 0.000 0.356 0.358]
  eval: e=0.3777  p=[0.294 0.567 0.003 0.326 0.348]
  eval: e=0.1458  p=[0.232 0.577 0.000 0.377 0.356]
  eval: e=0.0557  p=[0.252 0.572 0.011 0.356 0.358]
  eval: e=0.0665  p=[0.238 0.601 0.000 0.341 0.348]
  eval: e=0.0387  p=[0.219 0.590 0.000 0.367 0.358]
  eval: e=0.0413  p=[0.219 0.594 0.000 0.365 0.357]
  eval: e=0.0503  p=[0.224 0.616 0.002 0.347 0.352]
  eval: e=0.0385  p=[0.213 0.582 0.000 0.376 0.357]
  eval: e=0.0396  p=[0.218 0.592 0.000 0.359 0.353]
  eval: e=2.2395  p=[0.259 0.517 0.019 0.429 0.356]
  eval: e=0.2969  p=[0.228 0.612 0.005 0.362 0.351]
  eval: e=0.0640  p=[0.234 0.579 0.000 0.365 0.355]
  eval: e=0.0384  p=[0.218 0.598 0.000 0.361 0.357]
  eval: e=0.0391  p=[0.244 0.582 0.001 0.340 0.352]
  eval: e=0.0863  p=[0.216 0.576 0.000 0.356 0.356]
  eval: e=0.0629  p=[0.219 0.568 0.000 0.363 0.354]
  eval: e=0.0428  p=[0.227 0.589 0.000 0.353 0.358]
  eval: e=0.0537  p=[0.221 0.576 0.000 0.364 0.358]
  eval: e=0.1109  p=[0.210 0.533 0.005 0.379 0.347]
  eval: e=0.0606  p=[0.219 0.602 0.000 0.366 0.357]
  eval: e=0.0913  p=[0.232 0.584 0.000 0.367 0.356]
  eval: e=0.3115  p=[0.263 0.560 0.000 0.366 0.358]
  eval: e=0.0407  p=[0.229 0.578 0.000 0.357 0.354]
  242           12150         0.03838          0.1879        1
  eval: e=11.1280  p=[0.261 0.581 0.006 0.404 0.353]
  eval: e=0.1019  p=[0.215 0.563 0.000 0.361 0.355]
  eval: e=0.0399  p=[0.219 0.602 0.000 0.356 0.353]
  eval: e=0.0648  p=[0.222 0.573 0.000 0.360 0.357]
  eval: e=1.7846  p=[0.266 0.604 0.000 0.353 0.354]
  eval: e=0.0488  p=[0.225 0.601 0.000 0.360 0.359]
  eval: e=0.0443  p=[0.218 0.608 0.000 0.360 0.357]
  eval: e=0.0598  p=[0.223 0.579 0.000 0.355 0.355]
  eval: e=0.0479  p=[0.219 0.614 0.000 0.357 0.357]
  eval: e=0.0498  p=[0.227 0.608 0.000 0.354 0.359]
  eval: e=0.0490  p=[0.230 0.609 0.003 0.340 0.363]
  eval: e=0.2509  p=[0.215 0.498 0.000 0.351 0.349]
  eval: e=0.0518  p=[0.250 0.597 0.000 0.317 0.353]
  eval: e=0.0671  p=[0.218 0.558 0.000 0.375 0.360]
  eval: e=0.0448  p=[0.219 0.577 0.000 0.368 0.357]
  eval: e=0.0459  p=[0.217 0.599 0.000 0.363 0.353]
  eval: e=0.0406  p=[0.217 0.586 0.000 0.367 0.357]
  eval: e=0.0398  p=[0.219 0.602 0.000 0.356 0.358]
  eval: e=0.0468  p=[0.217 0.604 0.000 0.351 0.357]
  eval: e=0.0437  p=[0.219 0.585 0.000 0.371 0.355]
  eval: e=0.1017  p=[0.220 0.569 0.000 0.352 0.355]
  eval: e=0.0615  p=[0.242 0.588 0.000 0.352 0.357]
  eval: e=0.1017  p=[0.220 0.572 0.000 0.353 0.358]
  eval: e=0.0385  p=[0.216 0.603 0.000 0.358 0.356]
  eval: e=0.1850  p=[0.211 0.581 0.000 0.323 0.347]
  eval: e=0.0877  p=[0.215 0.592 0.000 0.370 0.345]
  eval: e=0.0384  p=[0.218 0.607 0.000 0.356 0.358]
  eval: e=0.2080  p=[0.217 0.596 0.002 0.302 0.349]
  eval: e=0.7436  p=[0.228 0.608 0.000 0.377 0.356]
  eval: e=0.1906  p=[0.217 0.576 0.003 0.316 0.343]
  eval: e=0.0411  p=[0.240 0.566 0.001 0.350 0.351]
  eval: e=0.0484  p=[0.219 0.613 0.000 0.358 0.358]
  eval: e=0.0588  p=[0.219 0.596 0.000 0.350 0.357]
  eval: e=0.0643  p=[0.225 0.592 0.005 0.349 0.360]
  eval: e=0.0415  p=[0.217 0.617 0.000 0.354 0.358]
  eval: e=0.0488  p=[0.219 0.602 0.000 0.352 0.360]
  eval: e=0.1434  p=[0.265 0.534 0.000 0.375 0.360]
  eval: e=0.0455  p=[0.232 0.572 0.007 0.357 0.354]
  eval: e=0.0424  p=[0.234 0.575 0.000 0.361 0.354]
  eval: e=0.0497  p=[0.218 0.599 0.000 0.353 0.358]
  eval: e=0.1393  p=[0.211 0.583 0.000 0.347 0.361]
  eval: e=0.0406  p=[0.220 0.601 0.000 0.358 0.356]
  eval: e=0.0663  p=[0.218 0.614 0.000 0.359 0.355]
  eval: e=0.0424  p=[0.241 0.583 0.000 0.350 0.355]
  eval: e=0.0468  p=[0.229 0.583 0.000 0.352 0.356]
  eval: e=0.0628  p=[0.222 0.572 0.017 0.353 0.341]
  eval: e=0.0393  p=[0.217 0.592 0.000 0.364 0.357]
  eval: e=0.0391  p=[0.223 0.602 0.000 0.350 0.354]
  eval: e=0.0592  p=[0.232 0.554 0.000 0.364 0.357]
  eval: e=0.1176  p=[0.231 0.518 0.000 0.365 0.349]
  243           12200         0.03838          0.3409        0
  eval: e=0.1546  p=[0.229 0.493 0.019 0.386 0.355]
  eval: e=0.1013  p=[0.233 0.583 0.000 0.366 0.354]
  eval: e=0.0384  p=[0.219 0.602 0.000 0.357 0.357]
  eval: e=0.0449  p=[0.217 0.584 0.000 0.364 0.355]
  eval: e=0.1231  p=[0.235 0.546 0.000 0.346 0.354]
  eval: e=0.0404  p=[0.223 0.582 0.000 0.366 0.354]
  eval: e=0.1152  p=[0.225 0.589 0.000 0.369 0.351]
  eval: e=0.0521  p=[0.230 0.573 0.000 0.355 0.356]
  eval: e=0.0424  p=[0.219 0.600 0.000 0.355 0.358]
  eval: e=0.0390  p=[0.229 0.582 0.000 0.360 0.355]
  eval: e=0.0448  p=[0.256 0.564 0.002 0.337 0.354]
  eval: e=0.2286  p=[0.213 0.548 0.008 0.340 0.359]
  eval: e=0.0404  p=[0.238 0.588 0.000 0.336 0.347]
  eval: e=0.0762  p=[0.218 0.575 0.000 0.360 0.359]
  eval: e=0.0518  p=[0.218 0.603 0.000 0.361 0.353]
  eval: e=0.0425  p=[0.226 0.599 0.000 0.353 0.353]
  eval: e=0.2229  p=[0.186 0.568 0.000 0.353 0.357]
  eval: e=0.0525  p=[0.226 0.604 0.000 0.356 0.356]
  eval: e=0.0479  p=[0.219 0.576 0.000 0.364 0.355]
  eval: e=0.0894  p=[0.219 0.601 0.000 0.369 0.355]
  eval: e=0.3976  p=[0.237 0.572 0.000 0.386 0.358]
  eval: e=0.1284  p=[0.236 0.586 0.000 0.360 0.348]
  eval: e=0.2919  p=[0.222 0.569 0.000 0.398 0.356]
  eval: e=0.0430  p=[0.218 0.605 0.000 0.358 0.354]
  eval: e=0.1520  p=[0.254 0.592 0.000 0.344 0.354]
  eval: e=0.0449  p=[0.257 0.551 0.000 0.352 0.363]
  eval: e=0.0384  p=[0.218 0.607 0.000 0.356 0.358]
  eval: e=0.1844  p=[0.241 0.570 0.001 0.372 0.351]
  eval: e=0.2042  p=[0.223 0.558 0.000 0.327 0.356]
  eval: e=0.0427  p=[0.261 0.580 0.006 0.325 0.346]
  eval: e=0.0388  p=[0.232 0.622 0.000 0.330 0.355]
  eval: e=0.0716  p=[0.221 0.568 0.000 0.363 0.358]
  eval: e=0.0420  p=[0.219 0.599 0.000 0.363 0.357]
  eval: e=0.0617  p=[0.220 0.592 0.001 0.348 0.354]
  eval: e=0.1359  p=[0.215 0.555 0.000 0.356 0.353]
  eval: e=0.0770  p=[0.219 0.594 0.000 0.372 0.355]
  eval: e=0.9615  p=[0.286 0.441 0.010 0.442 0.358]
  eval: e=0.1315  p=[0.230 0.582 0.007 0.373 0.351]
  eval: e=0.0390  p=[0.225 0.585 0.000 0.363 0.356]
  eval: e=0.0419  p=[0.218 0.603 0.000 0.354 0.358]
  eval: e=0.1787  p=[0.228 0.592 0.001 0.369 0.351]
  eval: e=0.0667  p=[0.233 0.547 0.000 0.363 0.354]
  eval: e=0.0847  p=[0.223 0.544 0.000 0.369 0.354]
  eval: e=0.1514  p=[0.237 0.610 0.000 0.353 0.358]
  eval: e=0.0393  p=[0.219 0.590 0.000 0.361 0.354]
  eval: e=0.0663  p=[0.280 0.442 0.014 0.382 0.343]
  eval: e=0.0445  p=[0.215 0.593 0.000 0.361 0.358]
  eval: e=0.1898  p=[0.235 0.573 0.000 0.377 0.354]
  eval: e=0.0819  p=[0.214 0.587 0.000 0.353 0.357]
  eval: e=0.0387  p=[0.234 0.581 0.000 0.355 0.355]
  244           12250         0.03838          0.1144        0
  eval: e=0.1297  p=[0.227 0.496 0.018 0.391 0.354]
  eval: e=0.0696  p=[0.210 0.587 0.000 0.361 0.357]
  eval: e=0.0420  p=[0.219 0.570 0.000 0.371 0.354]
  eval: e=0.0624  p=[0.223 0.572 0.000 0.359 0.355]
  eval: e=0.3415  p=[0.227 0.635 0.000 0.352 0.355]
  eval: e=0.0566  p=[0.223 0.569 0.000 0.361 0.354]
  eval: e=0.0387  p=[0.222 0.585 0.000 0.367 0.357]
  eval: e=0.0391  p=[0.213 0.605 0.000 0.358 0.355]
  eval: e=0.0401  p=[0.218 0.599 0.000 0.361 0.356]
  eval: e=0.1060  p=[0.232 0.600 0.000 0.359 0.356]
  eval: e=0.0618  p=[0.235 0.584 0.000 0.334 0.350]
  eval: e=0.0527  p=[0.249 0.544 0.006 0.350 0.347]
  eval: e=0.0444  p=[0.260 0.566 0.000 0.336 0.358]
  eval: e=0.0669  p=[0.210 0.583 0.000 0.390 0.358]
  eval: e=0.0614  p=[0.220 0.554 0.000 0.374 0.357]
  eval: e=0.0534  p=[0.218 0.599 0.000 0.368 0.356]
  eval: e=28.5902  p=[0.167 0.574 0.000 0.520 0.353]
  eval: e=0.0405  p=[0.216 0.599 0.000 0.356 0.353]
  eval: e=0.0428  p=[0.220 0.583 0.000 0.362 0.355]
  eval: e=0.0403  p=[0.220 0.580 0.000 0.369 0.352]
  eval: e=0.3723  p=[0.225 0.592 0.000 0.381 0.353]
  eval: e=0.0470  p=[0.226 0.612 0.000 0.340 0.361]
  eval: e=0.0678  p=[0.221 0.584 0.000 0.351 0.356]
  eval: e=0.0391  p=[0.215 0.603 0.000 0.358 0.356]
  eval: e=0.0502  p=[0.224 0.590 0.000 0.350 0.355]
  eval: e=0.1476  p=[0.260 0.582 0.000 0.349 0.361]
  eval: e=0.0384  p=[0.218 0.607 0.000 0.356 0.358]
  eval: e=0.2885  p=[0.253 0.577 0.001 0.360 0.353]
  eval: e=0.0708  p=[0.226 0.585 0.000 0.372 0.358]
  eval: e=0.0391  p=[0.210 0.594 0.006 0.367 0.350]
  eval: e=0.0612  p=[0.229 0.597 0.000 0.337 0.356]
  eval: e=0.0595  p=[0.219 0.571 0.000 0.366 0.358]
  eval: e=0.0385  p=[0.219 0.599 0.000 0.359 0.357]
  eval: e=0.1006  p=[0.224 0.627 0.003 0.351 0.356]
  eval: e=0.0399  p=[0.217 0.569 0.000 0.379 0.358]
  eval: e=0.0791  p=[0.219 0.596 0.000 0.344 0.357]
  eval: e=0.1588  p=[0.240 0.382 0.006 0.449 0.359]
  eval: e=0.0691  p=[0.227 0.584 0.005 0.368 0.350]
  eval: e=0.0467  p=[0.229 0.594 0.000 0.356 0.356]
  eval: e=0.0401  p=[0.218 0.599 0.000 0.362 0.355]
  eval: e=0.0550  p=[0.247 0.599 0.000 0.335 0.352]
  eval: e=0.0554  p=[0.228 0.583 0.000 0.366 0.354]
  eval: e=0.0932  p=[0.221 0.558 0.000 0.360 0.355]
  eval: e=0.0445  p=[0.216 0.609 0.001 0.350 0.356]
  eval: e=0.0387  p=[0.227 0.587 0.000 0.362 0.359]
  eval: e=0.0429  p=[0.199 0.575 0.010 0.377 0.332]
  eval: e=0.0385  p=[0.218 0.596 0.000 0.363 0.357]
  eval: e=0.1070  p=[0.221 0.597 0.000 0.333 0.356]
  eval: e=0.0403  p=[0.234 0.573 0.000 0.364 0.357]
  eval: e=0.0676  p=[0.218 0.587 0.000 0.354 0.358]
  245           12300         0.03838          0.6483        0
  eval: e=0.0991  p=[0.244 0.596 0.011 0.350 0.353]
  eval: e=0.0390  p=[0.225 0.559 0.000 0.378 0.357]
  eval: e=0.0419  p=[0.218 0.606 0.000 0.360 0.357]
  eval: e=0.3310  p=[0.228 0.610 0.000 0.367 0.355]
  eval: e=0.0969  p=[0.245 0.537 0.000 0.387 0.356]
  eval: e=0.0833  p=[0.235 0.584 0.000 0.362 0.353]
  eval: e=0.0404  p=[0.222 0.593 0.000 0.355 0.355]
  eval: e=0.0759  p=[0.229 0.581 0.000 0.368 0.353]
  eval: e=0.0388  p=[0.219 0.605 0.000 0.354 0.357]
  eval: e=0.0468  p=[0.223 0.605 0.000 0.357 0.358]
  eval: e=0.3618  p=[0.248 0.587 0.000 0.359 0.351]
  eval: e=0.0443  p=[0.235 0.614 0.000 0.320 0.348]
  eval: e=0.0489  p=[0.257 0.556 0.000 0.330 0.344]
  eval: e=0.1453  p=[0.223 0.586 0.000 0.382 0.358]
  eval: e=0.0397  p=[0.220 0.591 0.000 0.362 0.353]
  eval: e=0.0384  p=[0.217 0.600 0.000 0.359 0.356]
  eval: e=0.2916  p=[0.131 0.587 0.000 0.359 0.354]
  eval: e=0.0405  p=[0.221 0.592 0.000 0.355 0.353]
  eval: e=0.0398  p=[0.218 0.605 0.000 0.360 0.359]
  eval: e=0.0390  p=[0.219 0.608 0.000 0.354 0.355]
  eval: e=0.1681  p=[0.226 0.564 0.000 0.330 0.354]
  eval: e=0.0545  p=[0.222 0.608 0.000 0.356 0.355]
  eval: e=0.0413  p=[0.226 0.567 0.000 0.376 0.357]
  eval: e=0.0386  p=[0.219 0.608 0.000 0.355 0.358]
  eval: e=0.3470  p=[0.263 0.579 0.000 0.350 0.352]
  eval: e=0.1467  p=[0.257 0.539 0.000 0.371 0.348]
  eval: e=0.0384  p=[0.218 0.607 0.000 0.356 0.358]
  eval: e=0.0917  p=[0.255 0.565 0.002 0.317 0.348]
  eval: e=0.0659  p=[0.237 0.583 0.000 0.361 0.356]
  eval: e=0.0619  p=[0.208 0.600 0.004 0.356 0.355]
  eval: e=0.0680  p=[0.218 0.623 0.000 0.333 0.359]
  eval: e=0.0841  p=[0.218 0.620 0.000 0.357 0.356]
  eval: e=0.0385  p=[0.219 0.599 0.000 0.360 0.357]
  eval: e=0.0435  p=[0.217 0.624 0.004 0.341 0.357]
  eval: e=0.0426  p=[0.213 0.589 0.000 0.376 0.358]
  eval: e=0.0385  p=[0.219 0.608 0.000 0.352 0.357]
  eval: e=86.0620  p=[0.268 0.657 0.002 0.433 0.356]
  eval: e=0.0634  p=[0.219 0.599 0.009 0.366 0.350]
  eval: e=0.0385  p=[0.218 0.587 0.000 0.365 0.354]
  eval: e=0.0387  p=[0.218 0.602 0.000 0.360 0.357]
  eval: e=0.0600  p=[0.241 0.596 0.001 0.345 0.354]
  eval: e=0.0406  p=[0.229 0.591 0.000 0.356 0.356]
  eval: e=0.0402  p=[0.227 0.582 0.000 0.364 0.357]
  eval: e=0.4898  p=[0.248 0.600 0.000 0.358 0.356]
  eval: e=0.0861  p=[0.232 0.588 0.001 0.362 0.353]
  eval: e=0.1683  p=[0.252 0.479 0.003 0.374 0.366]
  eval: e=0.0402  p=[0.218 0.598 0.000 0.363 0.356]
  eval: e=0.1294  p=[0.233 0.574 0.000 0.375 0.353]
  eval: e=0.0706  p=[0.238 0.593 0.000 0.355 0.358]
  eval: e=0.0390  p=[0.223 0.587 0.000 0.360 0.352]
  246           12350         0.03838           1.814        1
  eval: e=0.1374  p=[0.226 0.495 0.008 0.387 0.354]
  eval: e=0.0419  p=[0.228 0.583 0.000 0.364 0.356]
  eval: e=0.0567  p=[0.218 0.606 0.000 0.363 0.355]
  eval: e=0.0779  p=[0.229 0.600 0.000 0.359 0.355]
  eval: e=0.0472  p=[0.247 0.653 0.000 0.289 0.355]
  eval: e=0.0497  p=[0.231 0.587 0.000 0.358 0.354]
  eval: e=0.0763  p=[0.221 0.572 0.000 0.357 0.356]
  eval: e=0.0515  p=[0.220 0.599 0.000 0.353 0.361]
  eval: e=0.0384  p=[0.218 0.607 0.000 0.356 0.358]
  eval: e=0.0520  p=[0.224 0.600 0.000 0.359 0.356]
  eval: e=0.0979  p=[0.231 0.565 0.002 0.346 0.356]
  eval: e=0.1897  p=[0.231 0.543 0.007 0.329 0.348]
  eval: e=1.5405  p=[0.300 0.572 0.000 0.332 0.345]
  eval: e=0.0653  p=[0.214 0.606 0.000 0.370 0.358]
  eval: e=0.0388  p=[0.219 0.591 0.000 0.364 0.355]
  eval: e=0.0384  p=[0.218 0.611 0.000 0.353 0.357]
  eval: e=0.0613  p=[0.149 0.582 0.000 0.429 0.357]
  eval: e=0.0403  p=[0.225 0.593 0.000 0.356 0.359]
  eval: e=0.0391  p=[0.221 0.587 0.000 0.361 0.354]
  eval: e=0.0438  p=[0.220 0.592 0.000 0.357 0.356]
  eval: e=0.0490  p=[0.235 0.598 0.000 0.339 0.360]
  eval: e=0.0562  p=[0.227 0.574 0.000 0.352 0.353]
  eval: e=0.0385  p=[0.225 0.619 0.000 0.341 0.357]
  eval: e=0.0394  p=[0.218 0.606 0.000 0.358 0.357]
  eval: e=0.1845  p=[0.214 0.597 0.000 0.318 0.356]
  eval: e=0.0673  p=[0.245 0.578 0.000 0.354 0.354]
  eval: e=0.0384  p=[0.218 0.607 0.000 0.356 0.358]
  eval: e=0.1912  p=[0.228 0.582 0.005 0.309 0.352]
  eval: e=0.0698  p=[0.216 0.582 0.000 0.357 0.356]
  eval: e=0.0671  p=[0.219 0.599 0.001 0.365 0.351]
  eval: e=0.0390  p=[0.235 0.606 0.000 0.333 0.353]
  eval: e=0.0515  p=[0.219 0.588 0.000 0.360 0.360]
  eval: e=0.0384  p=[0.218 0.599 0.000 0.359 0.356]
  eval: e=0.0390  p=[0.225 0.604 0.002 0.349 0.356]
  eval: e=0.0716  p=[0.217 0.599 0.000 0.371 0.356]
  eval: e=0.0397  p=[0.219 0.609 0.000 0.356 0.358]
  eval: e=0.0835  p=[0.223 0.504 0.026 0.411 0.360]
  eval: e=0.0422  p=[0.219 0.591 0.006 0.360 0.354]
  eval: e=0.0390  p=[0.216 0.602 0.000 0.360 0.354]
  eval: e=0.0394  p=[0.218 0.605 0.000 0.355 0.358]
  eval: e=0.0518  p=[0.244 0.567 0.000 0.360 0.354]
  eval: e=0.0418  p=[0.226 0.586 0.000 0.363 0.356]
  eval: e=0.0432  p=[0.223 0.589 0.000 0.364 0.354]
  eval: e=0.0972  p=[0.211 0.585 0.000 0.353 0.356]
  eval: e=0.0578  p=[0.224 0.598 0.000 0.361 0.355]
  eval: e=0.1617  p=[0.235 0.509 0.005 0.371 0.364]
  eval: e=0.0395  p=[0.217 0.598 0.000 0.363 0.356]
  eval: e=0.0630  p=[0.224 0.584 0.000 0.350 0.357]
  eval: e=0.1247  p=[0.241 0.576 0.000 0.368 0.356]
  eval: e=0.0513  p=[0.226 0.605 0.000 0.356 0.358]
  247           12400         0.03838         0.09601        2
  eval: e=16.5898  p=[0.247 0.622 0.010 0.403 0.354]
  eval: e=0.0397  p=[0.215 0.597 0.000 0.363 0.358]
  eval: e=0.0627  p=[0.219 0.603 0.000 0.364 0.355]
  eval: e=0.0707  p=[0.221 0.575 0.000 0.357 0.357]
  eval: e=0.1058  p=[0.225 0.570 0.000 0.346 0.356]
  eval: e=0.0420  p=[0.220 0.595 0.000 0.358 0.360]
  eval: e=0.0390  p=[0.229 0.577 0.000 0.363 0.355]
  eval: e=0.1001  p=[0.226 0.592 0.000 0.370 0.357]
  eval: e=0.0384  p=[0.218 0.607 0.000 0.356 0.359]
  eval: e=0.0392  p=[0.230 0.579 0.000 0.360 0.354]
  eval: e=0.9139  p=[0.245 0.622 0.001 0.348 0.348]
  eval: e=0.0754  p=[0.268 0.521 0.003 0.338 0.349]
  eval: e=0.1966  p=[0.193 0.578 0.000 0.347 0.356]
  eval: e=0.0701  p=[0.219 0.580 0.000 0.359 0.360]
  eval: e=0.0756  p=[0.219 0.563 0.000 0.364 0.356]
  eval: e=0.0417  p=[0.218 0.600 0.000 0.355 0.356]
  eval: e=0.4493  p=[0.113 0.593 0.000 0.501 0.358]
  eval: e=0.0426  p=[0.224 0.597 0.000 0.356 0.353]
  eval: e=0.0413  p=[0.220 0.596 0.000 0.364 0.358]
  eval: e=0.1300  p=[0.218 0.590 0.000 0.381 0.356]
  eval: e=0.0387  p=[0.226 0.575 0.000 0.363 0.352]
  eval: e=0.0403  p=[0.217 0.604 0.000 0.351 0.353]
  eval: e=0.1243  p=[0.224 0.620 0.000 0.358 0.359]
  eval: e=0.0385  p=[0.216 0.606 0.000 0.357 0.357]
  eval: e=0.0891  p=[0.228 0.592 0.000 0.334 0.357]
  eval: e=0.0929  p=[0.238 0.575 0.000 0.330 0.353]
  eval: e=0.0384  p=[0.218 0.607 0.000 0.356 0.358]
  eval: e=0.5483  p=[0.237 0.613 0.001 0.357 0.349]
  eval: e=0.0642  p=[0.224 0.597 0.000 0.365 0.357]
  eval: e=0.0460  p=[0.210 0.597 0.001 0.361 0.354]
  eval: e=0.0392  p=[0.231 0.614 0.000 0.342 0.360]
  eval: e=0.1125  p=[0.219 0.613 0.000 0.364 0.356]
  eval: e=0.0426  p=[0.218 0.611 0.000 0.357 0.358]
  eval: e=0.0386  p=[0.224 0.605 0.004 0.352 0.357]
  eval: e=0.1111  p=[0.213 0.583 0.000 0.350 0.358]
  eval: e=0.0388  p=[0.218 0.607 0.000 0.354 0.358]
  eval: e=0.2732  p=[0.216 0.430 0.000 0.391 0.356]
  eval: e=0.0393  p=[0.232 0.576 0.008 0.358 0.351]
  eval: e=0.0407  p=[0.220 0.593 0.000 0.358 0.357]
  eval: e=0.0385  p=[0.217 0.599 0.000 0.360 0.356]
  eval: e=0.0393  p=[0.235 0.588 0.000 0.351 0.359]
  eval: e=0.0389  p=[0.225 0.591 0.000 0.358 0.359]
  eval: e=0.0442  p=[0.222 0.592 0.000 0.365 0.357]
  eval: e=0.0601  p=[0.240 0.600 0.001 0.346 0.356]
  eval: e=0.0505  p=[0.215 0.608 0.000 0.362 0.354]
  eval: e=0.0412  p=[0.248 0.538 0.014 0.356 0.335]
  eval: e=0.0407  p=[0.219 0.609 0.000 0.357 0.358]
  eval: e=0.0918  p=[0.233 0.597 0.000 0.359 0.356]
  eval: e=0.0448  p=[0.226 0.601 0.000 0.358 0.359]
  eval: e=0.0399  p=[0.225 0.591 0.000 0.355 0.356]
  248           12450         0.03838           0.431        3
  eval: e=0.2527  p=[0.246 0.480 0.014 0.341 0.355]
  eval: e=0.0934  p=[0.226 0.606 0.000 0.357 0.353]
  eval: e=0.0473  p=[0.219 0.588 0.000 0.359 0.357]
  eval: e=0.2864  p=[0.224 0.613 0.000 0.367 0.354]
  eval: e=0.0654  p=[0.247 0.587 0.000 0.347 0.355]
  eval: e=0.0531  p=[0.219 0.584 0.000 0.356 0.353]
  eval: e=0.0651  p=[0.217 0.572 0.000 0.366 0.358]
  eval: e=0.0542  p=[0.228 0.594 0.000 0.359 0.355]
  eval: e=0.0384  p=[0.218 0.607 0.000 0.356 0.358]
  eval: e=0.0516  p=[0.216 0.590 0.000 0.357 0.354]
  eval: e=0.2065  p=[0.231 0.535 0.002 0.342 0.363]
  eval: e=0.1694  p=[0.237 0.532 0.000 0.334 0.347]
  eval: e=6.0934  p=[0.325 0.586 0.000 0.324 0.349]
  eval: e=0.2404  p=[0.219 0.609 0.000 0.377 0.359]
  eval: e=0.0390  p=[0.218 0.578 0.000 0.371 0.357]
  eval: e=0.0598  p=[0.218 0.610 0.000 0.362 0.356]
  eval: e=0.2424  p=[0.190 0.604 0.000 0.318 0.358]
  eval: e=0.0388  p=[0.224 0.599 0.000 0.355 0.357]
  eval: e=0.0460  p=[0.220 0.598 0.000 0.353 0.358]
  eval: e=0.0478  p=[0.220 0.572 0.000 0.368 0.357]
  eval: e=0.0812  p=[0.220 0.618 0.000 0.360 0.359]
  eval: e=0.0394  p=[0.225 0.594 0.000 0.352 0.354]
  eval: e=0.0626  p=[0.224 0.603 0.000 0.339 0.357]
  eval: e=0.0384  p=[0.219 0.606 0.000 0.356 0.358]
  eval: e=0.0496  p=[0.224 0.591 0.000 0.351 0.357]
  eval: e=0.0772  p=[0.234 0.582 0.000 0.337 0.356]
  eval: e=0.0384  p=[0.218 0.607 0.000 0.356 0.358]
  eval: e=0.0460  p=[0.316 0.573 0.004 0.284 0.355]
  eval: e=0.0483  p=[0.220 0.586 0.000 0.358 0.356]
  eval: e=0.0420  p=[0.218 0.603 0.008 0.358 0.359]
  eval: e=0.0493  p=[0.230 0.621 0.000 0.342 0.359]
  eval: e=0.0587  p=[0.219 0.592 0.000 0.355 0.360]
  eval: e=0.0486  p=[0.218 0.590 0.000 0.357 0.357]
  eval: e=0.0430  p=[0.221 0.606 0.000 0.357 0.357]
  eval: e=0.0592  p=[0.217 0.593 0.000 0.375 0.358]
  eval: e=0.0384  p=[0.218 0.608 0.000 0.354 0.357]
  eval: e=0.1947  p=[0.239 0.356 0.010 0.458 0.358]
  eval: e=0.0557  p=[0.222 0.584 0.002 0.356 0.357]
  eval: e=0.0412  p=[0.218 0.602 0.000 0.360 0.354]
  eval: e=0.0388  p=[0.218 0.603 0.000 0.357 0.358]
  eval: e=0.0435  p=[0.225 0.604 0.001 0.339 0.349]
  eval: e=0.0682  p=[0.229 0.589 0.000 0.361 0.352]
  eval: e=0.0524  p=[0.221 0.597 0.000 0.364 0.354]
  eval: e=0.0519  p=[0.226 0.589 0.001 0.350 0.358]
  eval: e=0.0388  p=[0.228 0.582 0.000 0.359 0.356]
  eval: e=0.0620  p=[0.227 0.594 0.000 0.354 0.346]
  eval: e=0.0384  p=[0.217 0.593 0.000 0.365 0.358]
  eval: e=0.0523  p=[0.229 0.577 0.000 0.354 0.357]
  eval: e=0.0940  p=[0.224 0.555 0.000 0.360 0.357]
  eval: e=0.0390  p=[0.235 0.582 0.000 0.356 0.358]
  249           12500         0.03838          0.1976        4
  eval: e=0.1675  p=[0.245 0.522 0.013 0.348 0.358]
  eval: e=0.0630  p=[0.223 0.599 0.000 0.366 0.358]
  eval: e=0.0389  p=[0.218 0.598 0.000 0.358 0.356]
  eval: e=0.1439  p=[0.221 0.549 0.000 0.356 0.359]
  eval: e=0.0387  p=[0.226 0.605 0.000 0.347 0.354]
  eval: e=0.0489  p=[0.223 0.578 0.000 0.358 0.353]
  eval: e=0.0471  p=[0.229 0.576 0.000 0.354 0.354]
  eval: e=0.0406  p=[0.225 0.605 0.000 0.354 0.359]
  eval: e=0.0384  p=[0.218 0.607 0.000 0.356 0.358]
  eval: e=0.0487  p=[0.219 0.581 0.000 0.363 0.356]
  eval: e=0.0683  p=[0.252 0.546 0.000 0.334 0.343]
  eval: e=0.8830  p=[0.308 0.561 0.005 0.329 0.350]
  eval: e=0.2767  p=[0.181 0.574 0.000 0.322 0.351]
  eval: e=0.0968  p=[0.218 0.583 0.000 0.349 0.358]
  eval: e=0.0563  p=[0.219 0.577 0.000 0.361 0.356]
  eval: e=0.0461  p=[0.218 0.602 0.000 0.352 0.357]
  eval: e=0.2974  p=[0.098 0.570 0.000 0.402 0.358]
  eval: e=0.0458  p=[0.219 0.591 0.000 0.356 0.355]
  eval: e=0.0685  p=[0.218 0.609 0.000 0.362 0.355]
  eval: e=0.0473  p=[0.219 0.571 0.000 0.367 0.353]
  eval: e=0.0659  p=[0.227 0.567 0.000 0.359 0.358]
  eval: e=0.0760  p=[0.242 0.586 0.000 0.351 0.351]
  eval: e=0.0725  p=[0.216 0.623 0.000 0.359 0.358]
  eval: e=0.0384  p=[0.219 0.607 0.000 0.355 0.358]
  eval: e=0.3296  p=[0.250 0.603 0.000 0.349 0.355]
  eval: e=0.0408  p=[0.272 0.541 0.000 0.337 0.352]
  eval: e=0.0384  p=[0.218 0.607 0.000 0.356 0.358]
  eval: e=0.2701  p=[0.168 0.581 0.004 0.333 0.348]
  eval: e=0.0399  p=[0.224 0.597 0.000 0.358 0.357]
  eval: e=0.0410  p=[0.212 0.594 0.000 0.363 0.353]
  eval: e=0.0395  p=[0.229 0.620 0.000 0.331 0.354]
  eval: e=0.0421  p=[0.219 0.592 0.000 0.360 0.358]
  eval: e=0.0609  p=[0.218 0.616 0.000 0.359 0.358]
  eval: e=0.0394  p=[0.220 0.606 0.003 0.354 0.358]
  eval: e=0.0662  p=[0.214 0.601 0.000 0.373 0.358]
  eval: e=0.0384  p=[0.218 0.608 0.000 0.355 0.358]
  eval: e=0.6549  p=[0.295 0.557 0.023 0.353 0.358]
  eval: e=0.0449  p=[0.231 0.593 0.006 0.356 0.355]
  eval: e=0.0392  p=[0.219 0.597 0.000 0.360 0.354]
  eval: e=0.0385  p=[0.218 0.605 0.000 0.356 0.357]
  eval: e=0.0888  p=[0.237 0.602 0.000 0.355 0.362]
  eval: e=0.0413  p=[0.221 0.588 0.000 0.363 0.360]
  eval: e=0.0390  p=[0.228 0.583 0.000 0.359 0.354]
  eval: e=0.0391  p=[0.231 0.600 0.001 0.346 0.358]
  eval: e=0.0960  p=[0.233 0.594 0.000 0.361 0.356]
  eval: e=0.0592  p=[0.247 0.541 0.012 0.356 0.351]
  eval: e=0.0495  p=[0.218 0.604 0.000 0.364 0.358]
  eval: e=0.0953  p=[0.229 0.608 0.000 0.357 0.356]
  eval: e=0.0843  p=[0.227 0.554 0.000 0.363 0.358]
  eval: e=0.0422  p=[0.229 0.582 0.000 0.355 0.357]
  250           12550         0.03838          0.1055        5
  eval: e=0.0481  p=[0.231 0.568 0.009 0.373 0.353]
  eval: e=0.0605  p=[0.224 0.584 0.000 0.352 0.357]
  eval: e=0.0639  p=[0.219 0.603 0.000 0.365 0.355]
  eval: e=0.0574  p=[0.222 0.569 0.000 0.363 0.356]
  eval: e=0.0481  p=[0.214 0.609 0.000 0.352 0.359]
  eval: e=0.1344  p=[0.230 0.612 0.000 0.358 0.359]
  eval: e=0.3947  p=[0.227 0.608 0.000 0.370 0.354]
  eval: e=0.0952  p=[0.221 0.560 0.000 0.355 0.351]
  eval: e=0.0384  p=[0.218 0.607 0.000 0.356 0.358]
  eval: e=0.4595  p=[0.240 0.613 0.000 0.356 0.355]
  eval: e=2.5358  p=[0.241 0.646 0.002 0.364 0.363]
  eval: e=0.0989  p=[0.225 0.603 0.005 0.334 0.361]
  eval: e=22.2370  p=[0.359 0.580 0.000 0.333 0.349]
  eval: e=0.0930  p=[0.217 0.594 0.000 0.378 0.358]
  eval: e=0.0859  p=[0.219 0.575 0.000 0.354 0.356]
  eval: e=0.0573  p=[0.218 0.606 0.000 0.364 0.357]
  eval: e=19.2909  p=[0.205 0.601 0.000 0.458 0.358]
  eval: e=0.0392  p=[0.224 0.598 0.000 0.355 0.355]
  eval: e=0.0559  p=[0.221 0.581 0.000 0.356 0.355]
  eval: e=0.0414  p=[0.219 0.604 0.000 0.357 0.354]
  eval: e=0.0429  p=[0.224 0.584 0.000 0.358 0.356]
  eval: e=0.2165  p=[0.241 0.605 0.000 0.349 0.351]
  eval: e=0.0651  p=[0.229 0.612 0.000 0.350 0.356]
  eval: e=0.0384  p=[0.218 0.607 0.000 0.356 0.358]
  eval: e=0.0477  p=[0.247 0.604 0.000 0.328 0.350]
  eval: e=0.0596  p=[0.222 0.570 0.000 0.358 0.350]
  eval: e=0.0384  p=[0.218 0.607 0.000 0.356 0.358]
  eval: e=0.1984  p=[0.217 0.577 0.001 0.319 0.351]
  eval: e=0.1011  p=[0.236 0.592 0.000 0.362 0.358]
  eval: e=0.0628  p=[0.212 0.613 0.004 0.362 0.350]
  eval: e=0.0476  p=[0.218 0.619 0.000 0.341 0.357]
  eval: e=0.0446  p=[0.219 0.591 0.000 0.359 0.358]
  eval: e=0.0384  p=[0.218 0.604 0.000 0.357 0.357]
  eval: e=0.0423  p=[0.223 0.608 0.000 0.354 0.358]
  eval: e=0.0663  p=[0.216 0.596 0.000 0.350 0.357]
  eval: e=0.0385  p=[0.218 0.607 0.000 0.355 0.358]
  eval: e=0.2216  p=[0.250 0.378 0.000 0.418 0.358]
  eval: e=0.0420  p=[0.218 0.599 0.002 0.357 0.357]
  eval: e=0.0451  p=[0.219 0.591 0.000 0.361 0.359]
  eval: e=0.0396  p=[0.218 0.602 0.000 0.357 0.358]
  eval: e=0.0801  p=[0.224 0.590 0.000 0.337 0.352]
  eval: e=0.0791  p=[0.227 0.598 0.000 0.363 0.355]
  eval: e=0.0387  p=[0.222 0.595 0.000 0.357 0.354]
  eval: e=0.0606  p=[0.238 0.583 0.001 0.355 0.352]
  eval: e=0.0422  p=[0.215 0.595 0.000 0.360 0.355]
  eval: e=0.1828  p=[0.231 0.601 0.010 0.355 0.342]
  eval: e=0.0440  p=[0.218 0.596 0.000 0.357 0.358]
  eval: e=0.1141  p=[0.228 0.610 0.000 0.356 0.354]
  eval: e=0.0388  p=[0.218 0.606 0.000 0.356 0.358]
  eval: e=0.0481  p=[0.224 0.584 0.000 0.355 0.355]
  251           12600         0.03838          0.9632        0
  eval: e=0.0424  p=[0.239 0.531 0.011 0.387 0.353]
  eval: e=0.0385  p=[0.223 0.599 0.000 0.355 0.358]
  eval: e=0.0546  p=[0.219 0.591 0.000 0.354 0.356]
  eval: e=0.0514  p=[0.221 0.586 0.000 0.355 0.356]
  eval: e=0.0385  p=[0.225 0.605 0.000 0.348 0.355]
  eval: e=0.0397  p=[0.214 0.582 0.000 0.367 0.351]
  eval: e=0.1416  p=[0.219 0.558 0.000 0.350 0.356]
  eval: e=0.0409  p=[0.226 0.593 0.000 0.360 0.357]
  eval: e=0.0384  p=[0.218 0.607 0.000 0.356 0.358]
  eval: e=0.0427  p=[0.224 0.601 0.000 0.358 0.358]
  eval: e=0.1159  p=[0.230 0.600 0.002 0.318 0.354]
  eval: e=0.0430  p=[0.304 0.496 0.003 0.346 0.357]
  eval: e=0.0407  p=[0.222 0.577 0.000 0.363 0.352]
  eval: e=0.0398  p=[0.217 0.581 0.000 0.377 0.358]
  eval: e=0.0420  p=[0.223 0.579 0.000 0.369 0.354]
  eval: e=0.0452  p=[0.218 0.602 0.000 0.352 0.357]
  eval: e=0.0672  p=[0.209 0.593 0.000 0.357 0.355]
  eval: e=0.0502  p=[0.220 0.591 0.000 0.357 0.359]
  eval: e=0.0491  p=[0.219 0.590 0.000 0.356 0.356]
  eval: e=0.0412  p=[0.219 0.603 0.000 0.362 0.358]
  eval: e=0.0405  p=[0.219 0.605 0.000 0.356 0.354]
  eval: e=0.0409  p=[0.214 0.608 0.000 0.353 0.355]
  eval: e=0.0495  p=[0.224 0.611 0.000 0.338 0.357]
  eval: e=0.0384  p=[0.218 0.607 0.000 0.356 0.358]
  eval: e=0.1502  p=[0.220 0.519 0.000 0.369 0.352]
  eval: e=0.0652  p=[0.244 0.550 0.000 0.352 0.357]
  eval: e=0.0384  p=[0.218 0.607 0.000 0.356 0.358]
  eval: e=1.9499  p=[0.334 0.589 0.003 0.295 0.349]
  eval: e=0.0392  p=[0.230 0.591 0.000 0.355 0.357]
  eval: e=0.0607  p=[0.212 0.587 0.000 0.366 0.362]
  eval: e=0.0402  p=[0.223 0.605 0.000 0.353 0.355]
  eval: e=0.0610  p=[0.220 0.612 0.000 0.360 0.358]
  eval: e=0.0396  p=[0.218 0.590 0.000 0.362 0.356]
  eval: e=0.0439  p=[0.217 0.607 0.006 0.353 0.357]
  eval: e=0.0408  p=[0.216 0.586 0.000 0.368 0.358]
  eval: e=0.0388  p=[0.218 0.608 0.000 0.354 0.358]
  eval: e=11.7544  p=[0.268 0.621 0.020 0.382 0.358]
  eval: e=0.0864  p=[0.220 0.576 0.006 0.356 0.357]
  eval: e=0.0397  p=[0.218 0.592 0.000 0.366 0.356]
  eval: e=0.0385  p=[0.218 0.604 0.000 0.357 0.358]
  eval: e=0.0386  p=[0.232 0.583 0.001 0.353 0.352]
  eval: e=0.0451  p=[0.224 0.585 0.000 0.366 0.354]
  eval: e=0.0477  p=[0.225 0.570 0.000 0.364 0.356]
  eval: e=0.0521  p=[0.227 0.579 0.000 0.355 0.357]
  eval: e=0.0545  p=[0.235 0.580 0.001 0.362 0.355]
  eval: e=0.0395  p=[0.238 0.570 0.004 0.357 0.351]
  eval: e=0.0411  p=[0.218 0.598 0.000 0.365 0.358]
  eval: e=0.1577  p=[0.214 0.551 0.000 0.356 0.356]
  eval: e=0.0386  p=[0.217 0.612 0.000 0.355 0.358]
  eval: e=0.0453  p=[0.226 0.585 0.000 0.364 0.355]
  252           12650         0.03838          0.3256        0
  eval: e=0.1079  p=[0.224 0.518 0.010 0.384 0.355]
  eval: e=0.0427  p=[0.216 0.602 0.000 0.356 0.358]
  eval: e=0.0396  p=[0.218 0.601 0.000 0.360 0.357]
  eval: e=0.0424  p=[0.224 0.586 0.000 0.356 0.355]
  eval: e=0.0460  p=[0.224 0.608 0.000 0.353 0.357]
  eval: e=0.0614  p=[0.236 0.590 0.000 0.353 0.353]
  eval: e=0.1192  p=[0.226 0.597 0.000 0.368 0.356]
  eval: e=0.0829  p=[0.224 0.608 0.000 0.358 0.354]
  eval: e=0.0384  p=[0.218 0.607 0.000 0.356 0.358]
  eval: e=0.0574  p=[0.230 0.552 0.000 0.366 0.355]
  eval: e=2.9282  p=[0.233 0.569 0.001 0.416 0.356]
  eval: e=0.0946  p=[0.251 0.521 0.006 0.350 0.347]
  eval: e=0.1830  p=[0.239 0.580 0.000 0.302 0.355]
  eval: e=0.1003  p=[0.218 0.599 0.000 0.373 0.356]
  eval: e=0.0426  p=[0.218 0.573 0.000 0.371 0.356]
  eval: e=0.0403  p=[0.217 0.601 0.000 0.361 0.354]
  eval: e=0.2094  p=[0.099 0.583 0.000 0.438 0.358]
  eval: e=0.0419  p=[0.220 0.593 0.000 0.354 0.353]
  eval: e=0.0399  p=[0.218 0.590 0.000 0.363 0.357]
  eval: e=0.0646  p=[0.218 0.587 0.000 0.377 0.356]
  eval: e=0.0431  p=[0.223 0.573 0.000 0.375 0.356]
  eval: e=0.0388  p=[0.238 0.578 0.000 0.350 0.352]
  eval: e=0.0826  p=[0.217 0.603 0.000 0.339 0.356]
  eval: e=0.0384  p=[0.218 0.607 0.000 0.356 0.358]
  eval: e=0.0775  p=[0.238 0.583 0.000 0.361 0.356]
  eval: e=0.1260  p=[0.225 0.587 0.000 0.331 0.357]
  eval: e=0.0384  p=[0.218 0.607 0.000 0.356 0.358]
  eval: e=0.2464  p=[0.216 0.599 0.005 0.298 0.361]
  eval: e=0.0487  p=[0.228 0.565 0.000 0.365 0.357]
  eval: e=0.1884  p=[0.213 0.611 0.002 0.364 0.341]
  eval: e=0.0385  p=[0.229 0.611 0.000 0.341 0.356]
  eval: e=0.0435  p=[0.219 0.599 0.000 0.365 0.358]
  eval: e=0.0384  p=[0.218 0.600 0.000 0.359 0.357]
  eval: e=0.0487  p=[0.225 0.604 0.000 0.356 0.358]
  eval: e=0.0753  p=[0.214 0.582 0.000 0.359 0.357]
  eval: e=0.0384  p=[0.218 0.608 0.000 0.355 0.358]
  eval: e=1.3177  p=[0.255 0.533 0.000 0.409 0.358]
  eval: e=0.0445  p=[0.219 0.584 0.000 0.358 0.351]
  eval: e=0.0452  p=[0.218 0.601 0.000 0.353 0.358]
  eval: e=0.0390  p=[0.218 0.601 0.000 0.359 0.355]
  eval: e=0.0480  p=[0.224 0.595 0.000 0.359 0.353]
  eval: e=0.0443  p=[0.228 0.584 0.000 0.352 0.354]
  eval: e=0.0384  p=[0.220 0.588 0.000 0.365 0.356]
  eval: e=0.0528  p=[0.234 0.579 0.000 0.346 0.355]
  eval: e=0.0858  p=[0.212 0.573 0.000 0.362 0.355]
  eval: e=0.1186  p=[0.210 0.571 0.003 0.360 0.358]
  eval: e=0.0472  p=[0.217 0.593 0.000 0.359 0.358]
  eval: e=0.0393  p=[0.243 0.566 0.000 0.355 0.357]
  eval: e=0.0405  p=[0.219 0.612 0.000 0.355 0.358]
  eval: e=0.0620  p=[0.223 0.585 0.000 0.352 0.358]
  253           12700         0.03838          0.1523        1
  eval: e=1.3171  p=[0.250 0.575 0.007 0.383 0.352]
  eval: e=0.0404  p=[0.219 0.602 0.000 0.355 0.358]
  eval: e=0.0447  p=[0.218 0.585 0.000 0.361 0.355]
  eval: e=0.0388  p=[0.224 0.588 0.000 0.362 0.357]
  eval: e=0.0449  p=[0.219 0.603 0.000 0.350 0.356]
  eval: e=0.0435  p=[0.217 0.607 0.000 0.357 0.354]
  eval: e=0.0388  p=[0.227 0.576 0.000 0.367 0.356]
  eval: e=0.0489  p=[0.229 0.552 0.000 0.369 0.354]
  eval: e=0.0384  p=[0.218 0.607 0.000 0.356 0.358]
  eval: e=0.0421  p=[0.219 0.599 0.000 0.363 0.357]
  eval: e=0.0492  p=[0.269 0.580 0.002 0.319 0.347]
  eval: e=0.2330  p=[0.233 0.531 0.006 0.324 0.353]
  eval: e=7.7795  p=[0.283 0.566 0.000 0.386 0.355]
  eval: e=0.0450  p=[0.218 0.581 0.000 0.368 0.360]
  eval: e=0.0392  p=[0.218 0.597 0.000 0.362 0.356]
  eval: e=0.0400  p=[0.218 0.605 0.000 0.356 0.360]
  eval: e=0.2366  p=[0.124 0.587 0.000 0.399 0.358]
  eval: e=0.0527  p=[0.221 0.612 0.000 0.357 0.357]
  eval: e=0.0442  p=[0.219 0.613 0.000 0.356 0.357]
  eval: e=0.0839  p=[0.220 0.606 0.000 0.364 0.354]
  eval: e=0.0625  p=[0.225 0.610 0.000 0.353 0.355]
  eval: e=0.0389  p=[0.222 0.603 0.000 0.354 0.356]
  eval: e=0.1186  p=[0.227 0.614 0.000 0.357 0.357]
  eval: e=0.0384  p=[0.218 0.607 0.000 0.356 0.358]
  eval: e=1.2605  p=[0.253 0.608 0.000 0.357 0.354]
  eval: e=0.4121  p=[0.240 0.586 0.000 0.366 0.347]
  eval: e=0.0384  p=[0.218 0.607 0.000 0.356 0.358]
  eval: e=4.9049  p=[0.305 0.555 0.000 0.353 0.342]
  eval: e=0.0684  p=[0.233 0.570 0.000 0.350 0.357]
  eval: e=0.0467  p=[0.215 0.608 0.002 0.358 0.364]
  eval: e=0.0640  p=[0.214 0.611 0.000 0.343 0.357]
  eval: e=0.0391  p=[0.220 0.597 0.000 0.358 0.358]
  eval: e=0.0389  p=[0.218 0.604 0.000 0.356 0.358]
  eval: e=0.0385  p=[0.219 0.606 0.003 0.356 0.357]
  eval: e=0.2561  p=[0.219 0.608 0.000 0.376 0.358]
  eval: e=0.0387  p=[0.218 0.608 0.000 0.354 0.358]
  eval: e=0.2027  p=[0.238 0.447 0.005 0.393 0.359]
  eval: e=0.0551  p=[0.219 0.580 0.002 0.358 0.353]
  eval: e=0.0427  p=[0.218 0.599 0.000 0.362 0.354]
  eval: e=0.0404  p=[0.218 0.609 0.000 0.357 0.357]
  eval: e=0.0572  p=[0.224 0.587 0.000 0.350 0.356]
  eval: e=0.0397  p=[0.222 0.584 0.000 0.361 0.356]
  eval: e=0.1200  p=[0.218 0.616 0.000 0.364 0.357]
  eval: e=0.0493  p=[0.225 0.598 0.000 0.346 0.356]
  eval: e=0.1145  p=[0.212 0.572 0.000 0.354 0.354]
  eval: e=0.0695  p=[0.227 0.576 0.002 0.351 0.357]
  eval: e=0.0392  p=[0.217 0.604 0.000 0.360 0.358]
  eval: e=0.1043  p=[0.200 0.595 0.000 0.356 0.355]
  eval: e=0.0960  p=[0.219 0.608 0.000 0.366 0.356]
  eval: e=0.0573  p=[0.225 0.612 0.000 0.354 0.357]
  254           12750         0.03838          0.3771        2
  eval: e=0.1511  p=[0.209 0.549 0.010 0.369 0.357]
  eval: e=0.0425  p=[0.225 0.604 0.000 0.355 0.358]
  eval: e=0.0384  p=[0.219 0.599 0.000 0.360 0.358]
  eval: e=0.0490  p=[0.222 0.581 0.000 0.360 0.357]
  eval: e=0.0394  p=[0.220 0.606 0.000 0.352 0.357]
  eval: e=0.0430  p=[0.222 0.604 0.000 0.358 0.357]
  eval: e=0.0747  p=[0.221 0.604 0.000 0.366 0.358]
  eval: e=0.0607  p=[0.229 0.584 0.000 0.366 0.354]
  eval: e=0.0384  p=[0.218 0.607 0.000 0.356 0.358]
  eval: e=0.0542  p=[0.235 0.568 0.000 0.352 0.356]
  eval: e=0.0541  p=[0.253 0.593 0.003 0.335 0.354]
  eval: e=0.1135  p=[0.235 0.530 0.000 0.362 0.356]
  eval: e=0.2005  p=[0.208 0.565 0.000 0.335 0.352]
  eval: e=0.0618  p=[0.217 0.576 0.000 0.365 0.358]
  eval: e=0.0889  p=[0.219 0.577 0.000 0.355 0.358]
  eval: e=0.0392  p=[0.218 0.601 0.000 0.356 0.357]
  eval: e=20.0868  p=[0.177 0.585 0.000 0.497 0.357]
  eval: e=0.0396  p=[0.225 0.598 0.000 0.356 0.356]
  eval: e=0.0392  p=[0.219 0.588 0.000 0.364 0.358]
  eval: e=0.0746  p=[0.219 0.598 0.000 0.371 0.357]
  eval: e=0.0468  p=[0.218 0.595 0.000 0.355 0.356]
  eval: e=0.0458  p=[0.235 0.593 0.000 0.350 0.355]
  eval: e=0.0779  p=[0.214 0.618 0.000 0.336 0.358]
  eval: e=0.0384  p=[0.218 0.607 0.000 0.356 0.358]
  eval: e=0.1207  p=[0.219 0.573 0.000 0.342 0.352]
  eval: e=0.1196  p=[0.256 0.544 0.000 0.326 0.353]
  eval: e=0.0384  p=[0.218 0.607 0.000 0.356 0.358]
  eval: e=0.1351  p=[0.272 0.585 0.006 0.283 0.356]
  eval: e=0.0942  p=[0.232 0.590 0.000 0.365 0.356]
  eval: e=0.1515  p=[0.215 0.606 0.003 0.367 0.345]
  eval: e=0.0769  p=[0.233 0.608 0.000 0.351 0.357]
  eval: e=0.0441  p=[0.220 0.596 0.000 0.356 0.358]
  eval: e=0.0387  p=[0.218 0.604 0.000 0.356 0.358]
  eval: e=0.0387  p=[0.218 0.607 0.000 0.356 0.358]
  eval: e=0.1282  p=[0.211 0.583 0.000 0.348 0.358]
  eval: e=0.0391  p=[0.218 0.608 0.000 0.356 0.357]
  eval: e=0.0456  p=[0.230 0.523 0.008 0.395 0.358]
  eval: e=0.0429  p=[0.237 0.576 0.008 0.356 0.360]
  eval: e=0.0388  p=[0.218 0.601 0.000 0.362 0.359]
  eval: e=0.0385  p=[0.218 0.606 0.000 0.357 0.357]
  eval: e=0.0638  p=[0.229 0.602 0.001 0.355 0.354]
  eval: e=0.0392  p=[0.226 0.582 0.000 0.361 0.356]
  eval: e=0.0446  p=[0.219 0.611 0.000 0.357 0.357]
  eval: e=0.0674  p=[0.227 0.610 0.000 0.354 0.356]
  eval: e=0.0514  p=[0.226 0.591 0.000 0.362 0.355]
  eval: e=0.4732  p=[0.241 0.606 0.003 0.363 0.357]
  eval: e=0.0389  p=[0.217 0.602 0.000 0.358 0.358]
  eval: e=0.1161  p=[0.202 0.587 0.000 0.356 0.356]
  eval: e=0.0432  p=[0.217 0.609 0.000 0.350 0.357]
  eval: e=0.0403  p=[0.222 0.590 0.000 0.358 0.356]
  255           12800         0.03838          0.4753        0
  eval: e=1.7186  p=[0.262 0.553 0.026 0.399 0.356]
  eval: e=0.0396  p=[0.221 0.596 0.000 0.360 0.356]
  eval: e=0.0388  p=[0.219 0.602 0.000 0.357 0.359]
  eval: e=0.0404  p=[0.228 0.579 0.000 0.363 0.354]
  eval: e=0.0394  p=[0.226 0.607 0.000 0.348 0.355]
  eval: e=0.1044  p=[0.232 0.597 0.000 0.360 0.356]
  eval: e=0.0548  p=[0.225 0.582 0.000 0.355 0.358]
  eval: e=0.0593  p=[0.222 0.576 0.000 0.357 0.355]
  eval: e=0.0384  p=[0.218 0.607 0.000 0.356 0.358]
  eval: e=0.0400  p=[0.231 0.573 0.000 0.364 0.355]
  eval: e=0.0415  p=[0.248 0.571 0.000 0.353 0.359]
  eval: e=2.1291  p=[0.312 0.597 0.012 0.311 0.344]
  eval: e=0.8918  p=[0.304 0.555 0.000 0.334 0.349]
  eval: e=0.0804  p=[0.218 0.620 0.000 0.360 0.358]
  eval: e=0.3068  p=[0.220 0.591 0.000 0.387 0.355]
  eval: e=0.0384  p=[0.217 0.604 0.000 0.357 0.357]
  eval: e=0.1467  p=[0.214 0.601 0.000 0.329 0.359]
  eval: e=0.0391  p=[0.227 0.585 0.000 0.355 0.353]
  eval: e=0.0395  p=[0.220 0.586 0.000 0.365 0.353]
  eval: e=0.0738  p=[0.218 0.607 0.000 0.367 0.358]
  eval: e=0.0768  p=[0.220 0.566 0.000 0.362 0.356]
  eval: e=0.0750  p=[0.216 0.586 0.000 0.352 0.355]
  eval: e=0.0496  p=[0.222 0.604 0.000 0.345 0.357]
  eval: e=0.0384  p=[0.218 0.607 0.000 0.356 0.358]
  eval: e=0.1853  p=[0.219 0.581 0.000 0.320 0.353]
  eval: e=0.0724  p=[0.211 0.549 0.000 0.378 0.350]
  eval: e=0.0384  p=[0.218 0.607 0.000 0.356 0.358]
  eval: e=0.4392  p=[0.247 0.595 0.005 0.355 0.346]
  eval: e=0.1336  p=[0.217 0.563 0.000 0.353 0.358]
  eval: e=0.0394  p=[0.212 0.591 0.001 0.365 0.352]
  eval: e=0.0395  p=[0.231 0.609 0.000 0.341 0.356]
  eval: e=0.0885  p=[0.220 0.609 0.000 0.366 0.358]
  eval: e=0.0406  p=[0.218 0.600 0.000 0.362 0.356]
  eval: e=0.0395  p=[0.218 0.599 0.004 0.357 0.355]
  eval: e=0.0400  p=[0.220 0.588 0.000 0.363 0.357]
  eval: e=0.0391  p=[0.218 0.608 0.000 0.353 0.358]
  eval: e=14.1029  p=[0.232 0.622 0.012 0.416 0.357]
  eval: e=0.1572  p=[0.228 0.602 0.000 0.359 0.349]
  eval: e=0.0593  p=[0.219 0.561 0.000 0.369 0.353]
  eval: e=0.0396  p=[0.218 0.600 0.000 0.357 0.357]
  eval: e=0.0385  p=[0.222 0.597 0.000 0.356 0.355]
  eval: e=0.2104  p=[0.232 0.602 0.000 0.364 0.355]
  eval: e=0.0395  p=[0.219 0.596 0.000 0.363 0.357]
  eval: e=0.3088  p=[0.242 0.606 0.000 0.354 0.355]
  eval: e=0.0641  p=[0.222 0.608 0.000 0.361 0.358]
  eval: e=0.0647  p=[0.229 0.595 0.003 0.355 0.349]
  eval: e=0.0397  p=[0.218 0.595 0.000 0.366 0.358]
  eval: e=0.9052  p=[0.260 0.599 0.000 0.355 0.358]
  eval: e=0.0733  p=[0.217 0.610 0.000 0.364 0.356]
  eval: e=0.0432  p=[0.225 0.602 0.000 0.357 0.358]
  256           12850         0.03837          0.4708        0
  eval: e=0.1199  p=[0.228 0.538 0.006 0.361 0.355]
  eval: e=0.0406  p=[0.219 0.601 0.000 0.353 0.356]
  eval: e=0.0384  p=[0.219 0.598 0.000 0.362 0.358]
  eval: e=0.0385  p=[0.221 0.588 0.000 0.366 0.359]
  eval: e=0.0460  p=[0.216 0.606 0.000 0.351 0.357]
  eval: e=0.0397  p=[0.227 0.583 0.000 0.361 0.354]
  eval: e=0.0482  p=[0.220 0.607 0.000 0.357 0.353]
  eval: e=0.0707  p=[0.224 0.566 0.000 0.357 0.354]
  eval: e=0.0384  p=[0.218 0.607 0.000 0.356 0.358]
  eval: e=0.0856  p=[0.214 0.575 0.000 0.359 0.355]
  eval: e=0.0412  p=[0.240 0.620 0.002 0.328 0.356]
  eval: e=1.5073  p=[0.264 0.586 0.000 0.371 0.364]
  eval: e=0.1441  p=[0.200 0.563 0.000 0.363 0.353]
  eval: e=0.1283  p=[0.218 0.596 0.000 0.380 0.358]
  eval: e=0.1026  p=[0.219 0.587 0.000 0.341 0.356]
  eval: e=0.0384  p=[0.218 0.599 0.000 0.360 0.356]
  eval: e=0.1126  p=[0.084 0.604 0.000 0.469 0.357]
  eval: e=0.0385  p=[0.222 0.590 0.000 0.364 0.360]
  eval: e=0.0462  p=[0.219 0.590 0.000 0.357 0.355]
  eval: e=0.0433  p=[0.221 0.575 0.000 0.368 0.357]
  eval: e=0.0422  p=[0.223 0.583 0.000 0.360 0.356]
  eval: e=0.1545  p=[0.248 0.583 0.000 0.355 0.354]
  eval: e=0.1146  p=[0.224 0.621 0.000 0.355 0.357]
  eval: e=0.0384  p=[0.218 0.607 0.000 0.356 0.358]
  eval: e=0.4539  p=[0.227 0.582 0.000 0.388 0.354]
  eval: e=3.5355  p=[0.293 0.591 0.000 0.342 0.350]
  eval: e=0.0384  p=[0.218 0.607 0.000 0.356 0.358]
  eval: e=0.6027  p=[0.278 0.591 0.002 0.337 0.355]
  eval: e=0.0449  p=[0.225 0.582 0.000 0.359 0.357]
  eval: e=0.0402  p=[0.220 0.596 0.005 0.362 0.360]
  eval: e=0.0385  p=[0.218 0.608 0.000 0.354 0.356]
  eval: e=0.0437  p=[0.218 0.601 0.000 0.365 0.358]
  eval: e=0.0385  p=[0.218 0.603 0.000 0.360 0.359]
  eval: e=0.0397  p=[0.218 0.606 0.000 0.359 0.358]
  eval: e=0.0428  p=[0.214 0.578 0.000 0.382 0.357]
  eval: e=0.0397  p=[0.217 0.605 0.000 0.359 0.357]
  eval: e=0.3085  p=[0.284 0.332 0.001 0.368 0.357]
  eval: e=0.0599  p=[0.227 0.602 0.006 0.354 0.350]
  eval: e=0.0420  p=[0.218 0.603 0.000 0.360 0.355]
  eval: e=0.0384  p=[0.218 0.601 0.000 0.359 0.357]
  eval: e=0.0389  p=[0.218 0.604 0.000 0.356 0.357]
  eval: e=0.0403  p=[0.223 0.583 0.000 0.360 0.354]
  eval: e=0.0388  p=[0.218 0.598 0.000 0.361 0.356]
  eval: e=0.0420  p=[0.230 0.584 0.000 0.352 0.356]
  eval: e=0.0476  p=[0.230 0.585 0.000 0.362 0.356]
  eval: e=0.0613  p=[0.219 0.594 0.001 0.355 0.363]
  eval: e=0.0411  p=[0.217 0.596 0.000 0.357 0.356]
  eval: e=0.0924  p=[0.206 0.589 0.000 0.356 0.355]
  eval: e=0.0424  p=[0.218 0.609 0.000 0.352 0.359]
  eval: e=0.0391  p=[0.235 0.571 0.000 0.360 0.358]
  257           12900         0.03837          0.1802        0
  eval: e=0.1040  p=[0.242 0.576 0.005 0.366 0.356]
  eval: e=0.0386  p=[0.221 0.606 0.000 0.355 0.360]
  eval: e=0.0384  p=[0.218 0.608 0.000 0.354 0.358]
  eval: e=0.0572  p=[0.217 0.616 0.000 0.361 0.359]
  eval: e=0.0447  p=[0.219 0.605 0.000 0.348 0.355]
  eval: e=0.0422  p=[0.222 0.577 0.000 0.365 0.355]
  eval: e=0.0544  p=[0.221 0.582 0.000 0.358 0.357]
  eval: e=0.0418  p=[0.224 0.588 0.000 0.364 0.356]
  eval: e=0.0384  p=[0.218 0.607 0.000 0.356 0.358]
  eval: e=0.3931  p=[0.244 0.597 0.000 0.364 0.359]
  eval: e=0.0404  p=[0.249 0.579 0.001 0.333 0.350]
  eval: e=0.3183  p=[0.205 0.527 0.005 0.303 0.355]
  eval: e=0.1468  p=[0.269 0.576 0.000 0.337 0.352]
  eval: e=0.0583  p=[0.218 0.598 0.000 0.371 0.358]
  eval: e=0.0481  p=[0.220 0.593 0.000 0.353 0.355]
  eval: e=0.0384  p=[0.218 0.598 0.000 0.360 0.356]
  eval: e=13.4469  p=[0.201 0.585 0.000 0.464 0.357]
  eval: e=0.0387  p=[0.221 0.593 0.000 0.359 0.355]
  eval: e=0.0501  p=[0.220 0.600 0.000 0.362 0.355]
  eval: e=0.0395  p=[0.220 0.585 0.000 0.368 0.355]
  eval: e=0.1454  p=[0.225 0.616 0.000 0.357 0.353]
  eval: e=0.0846  p=[0.209 0.598 0.000 0.349 0.354]
  eval: e=0.0822  p=[0.218 0.591 0.000 0.348 0.358]
  eval: e=0.0384  p=[0.218 0.607 0.000 0.356 0.358]
  eval: e=0.0395  p=[0.261 0.590 0.000 0.326 0.360]
  eval: e=1.2260  p=[0.277 0.597 0.000 0.343 0.356]
  eval: e=0.0384  p=[0.218 0.607 0.000 0.356 0.358]
  eval: e=0.1529  p=[0.261 0.595 0.004 0.336 0.353]
  eval: e=0.1238  p=[0.233 0.599 0.000 0.360 0.357]
  eval: e=0.0553  p=[0.206 0.598 0.005 0.364 0.358]
  eval: e=0.0389  p=[0.219 0.583 0.000 0.369 0.358]
  eval: e=0.0392  p=[0.219 0.594 0.000 0.361 0.358]
  eval: e=0.0384  p=[0.218 0.598 0.000 0.359 0.356]
  eval: e=0.0388  p=[0.217 0.602 0.004 0.360 0.355]
  eval: e=0.0949  p=[0.218 0.590 0.000 0.345 0.358]
  eval: e=0.0393  p=[0.219 0.611 0.000 0.355 0.359]
  eval: e=37.0585  p=[0.269 0.559 0.019 0.452 0.358]
  eval: e=0.0612  p=[0.221 0.574 0.002 0.359 0.354]
  eval: e=0.0391  p=[0.218 0.597 0.000 0.361 0.355]
  eval: e=0.0384  p=[0.218 0.601 0.000 0.358 0.356]
  eval: e=0.0446  p=[0.224 0.602 0.000 0.356 0.355]
  eval: e=0.0623  p=[0.232 0.587 0.000 0.363 0.357]
  eval: e=0.0394  p=[0.219 0.592 0.000 0.361 0.356]
  eval: e=0.0572  p=[0.230 0.574 0.001 0.353 0.357]
  eval: e=0.0661  p=[0.217 0.577 0.000 0.359 0.354]
  eval: e=0.0544  p=[0.219 0.589 0.003 0.357 0.357]
  eval: e=0.0458  p=[0.219 0.595 0.000 0.359 0.361]
  eval: e=0.0839  p=[0.218 0.575 0.000 0.356 0.355]
  eval: e=0.0389  p=[0.218 0.612 0.000 0.354 0.357]
  eval: e=0.4573  p=[0.231 0.626 0.000 0.359 0.356]
  258           12950         0.03837            1.11        0
  eval: e=0.2203  p=[0.229 0.491 0.017 0.364 0.354]
  eval: e=0.0388  p=[0.220 0.599 0.000 0.355 0.356]
  eval: e=0.0557  p=[0.219 0.603 0.000 0.366 0.358]
  eval: e=0.0391  p=[0.219 0.593 0.000 0.361 0.357]
  eval: e=0.0433  p=[0.219 0.592 0.000 0.357 0.356]
  eval: e=0.0920  p=[0.231 0.597 0.000 0.363 0.359]
  eval: e=0.0884  p=[0.219 0.593 0.000 0.373 0.354]
  eval: e=0.0434  p=[0.227 0.589 0.000 0.359 0.353]
  eval: e=0.0384  p=[0.218 0.607 0.000 0.356 0.358]
  eval: e=0.1222  p=[0.214 0.557 0.000 0.359 0.353]
  eval: e=0.0411  p=[0.224 0.584 0.001 0.358 0.353]
  eval: e=28.3872  p=[0.282 0.590 0.005 0.400 0.349]
  eval: e=0.1731  p=[0.230 0.547 0.000 0.332 0.350]
  eval: e=0.0384  p=[0.217 0.580 0.000 0.374 0.359]
  eval: e=0.0423  p=[0.218 0.587 0.000 0.362 0.356]
  eval: e=0.0401  p=[0.217 0.611 0.000 0.358 0.358]
  eval: e=0.5065  p=[0.143 0.604 0.000 0.464 0.358]
  eval: e=0.0476  p=[0.225 0.602 0.000 0.356 0.355]
  eval: e=0.0416  p=[0.220 0.583 0.000 0.363 0.356]
  eval: e=0.0513  p=[0.219 0.592 0.000 0.369 0.355]
  eval: e=0.0565  p=[0.220 0.582 0.000 0.357 0.356]
  eval: e=0.1448  p=[0.239 0.586 0.000 0.361 0.353]
  eval: e=0.0443  p=[0.220 0.598 0.000 0.353 0.357]
  eval: e=0.0384  p=[0.218 0.607 0.000 0.356 0.358]
  eval: e=0.0391  p=[0.215 0.600 0.000 0.357 0.350]
  eval: e=0.1710  p=[0.263 0.585 0.000 0.344 0.358]
  eval: e=0.0384  p=[0.218 0.607 0.000 0.356 0.358]
  eval: e=0.1121  p=[0.234 0.579 0.005 0.326 0.349]
  eval: e=0.0715  p=[0.216 0.582 0.000 0.356 0.354]
  eval: e=0.0432  p=[0.214 0.592 0.004 0.357 0.348]
  eval: e=0.0500  p=[0.217 0.613 0.000 0.345 0.358]
  eval: e=0.0404  p=[0.220 0.590 0.000 0.367 0.358]
  eval: e=0.0391  p=[0.218 0.600 0.000 0.357 0.357]
  eval: e=0.0387  p=[0.218 0.602 0.000 0.360 0.357]
  eval: e=0.0390  p=[0.215 0.599 0.000 0.362 0.357]
  eval: e=0.0386  p=[0.217 0.602 0.000 0.357 0.354]
  eval: e=5.4786  p=[0.254 0.517 0.008 0.446 0.359]
  eval: e=0.0963  p=[0.229 0.602 0.000 0.360 0.356]
  eval: e=0.0443  p=[0.219 0.590 0.000 0.358 0.356]
  eval: e=0.0386  p=[0.218 0.609 0.000 0.356 0.359]
  eval: e=0.0436  p=[0.217 0.603 0.000 0.355 0.359]
  eval: e=0.0557  p=[0.215 0.579 0.000 0.365 0.356]
  eval: e=0.0424  p=[0.219 0.603 0.000 0.362 0.358]
  eval: e=0.0419  p=[0.225 0.613 0.000 0.347 0.356]
  eval: e=0.0392  p=[0.226 0.587 0.001 0.357 0.355]
  eval: e=0.0750  p=[0.219 0.574 0.001 0.360 0.358]
  eval: e=0.0406  p=[0.217 0.596 0.000 0.364 0.354]
  eval: e=0.1066  p=[0.230 0.611 0.000 0.353 0.355]
  eval: e=0.0384  p=[0.218 0.609 0.000 0.355 0.359]
  eval: e=0.0450  p=[0.221 0.585 0.000 0.358 0.355]
  259           13000         0.03837          0.7468        0
  eval: e=0.1365  p=[0.221 0.585 0.002 0.381 0.354]
  eval: e=0.0397  p=[0.224 0.587 0.000 0.364 0.357]
  eval: e=0.0496  p=[0.218 0.597 0.000 0.353 0.357]
  eval: e=0.0465  p=[0.221 0.598 0.000 0.366 0.360]
  eval: e=0.0384  p=[0.219 0.608 0.000 0.354 0.358]
  eval: e=0.0474  p=[0.228 0.579 0.000 0.353 0.353]
  eval: e=0.0831  p=[0.220 0.559 0.000 0.367 0.359]
  eval: e=0.0408  p=[0.219 0.586 0.000 0.364 0.357]
  eval: e=0.0384  p=[0.218 0.607 0.000 0.356 0.358]
  eval: e=0.3532  p=[0.233 0.617 0.000 0.357 0.354]
  eval: e=0.2079  p=[0.258 0.587 0.000 0.346 0.355]
  eval: e=0.1057  p=[0.234 0.535 0.003 0.352 0.346]
  eval: e=0.0393  p=[0.268 0.541 0.000 0.340 0.348]
  eval: e=0.2621  p=[0.217 0.618 0.000 0.373 0.358]
  eval: e=0.0573  p=[0.219 0.578 0.000 0.382 0.358]
  eval: e=0.0385  p=[0.219 0.600 0.000 0.357 0.356]
  eval: e=0.2145  p=[0.178 0.583 0.000 0.355 0.357]
  eval: e=0.0387  p=[0.225 0.594 0.000 0.355 0.355]
  eval: e=0.0530  p=[0.220 0.609 0.000 0.361 0.358]
  eval: e=0.0507  p=[0.218 0.585 0.000 0.359 0.355]
  eval: e=0.0568  p=[0.220 0.579 0.000 0.358 0.354]
  eval: e=0.0575  p=[0.237 0.611 0.000 0.339 0.354]
  eval: e=0.0385  p=[0.219 0.610 0.000 0.353 0.358]
  eval: e=0.0384  p=[0.218 0.607 0.000 0.356 0.358]
  eval: e=0.1351  p=[0.249 0.567 0.000 0.316 0.356]
  eval: e=0.2341  p=[0.248 0.601 0.000 0.346 0.352]
  eval: e=0.0384  p=[0.218 0.607 0.000 0.356 0.358]
  eval: e=0.1518  p=[0.232 0.571 0.000 0.326 0.356]
  eval: e=0.0395  p=[0.242 0.564 0.000 0.360 0.357]
  eval: e=0.0388  p=[0.218 0.596 0.003 0.358 0.351]
  eval: e=0.0415  p=[0.218 0.608 0.000 0.350 0.357]
  eval: e=0.0533  p=[0.217 0.616 0.000 0.359 0.358]
  eval: e=0.0400  p=[0.218 0.608 0.000 0.358 0.359]
  eval: e=0.0384  p=[0.219 0.606 0.000 0.357 0.359]
  eval: e=0.0384  p=[0.218 0.597 0.000 0.362 0.358]
  eval: e=0.0397  p=[0.219 0.610 0.000 0.352 0.359]
  eval: e=0.2962  p=[0.257 0.464 0.003 0.315 0.358]
  eval: e=0.0396  p=[0.220 0.598 0.008 0.357 0.355]
  eval: e=0.0403  p=[0.218 0.593 0.000 0.359 0.355]
  eval: e=0.0384  p=[0.217 0.599 0.000 0.360 0.355]
  eval: e=0.0389  p=[0.224 0.598 0.000 0.356 0.356]
  eval: e=0.0491  p=[0.218 0.601 0.000 0.351 0.358]
  eval: e=0.0385  p=[0.219 0.606 0.000 0.355 0.356]
  eval: e=0.0615  p=[0.224 0.577 0.000 0.354 0.356]
  eval: e=0.0545  p=[0.225 0.566 0.000 0.363 0.355]
  eval: e=0.0416  p=[0.241 0.573 0.003 0.354 0.352]
  eval: e=0.0390  p=[0.218 0.595 0.000 0.360 0.356]
  eval: e=0.0566  p=[0.226 0.599 0.000 0.357 0.353]
  eval: e=0.0384  p=[0.218 0.607 0.000 0.356 0.358]
  eval: e=0.0484  p=[0.228 0.584 0.000 0.355 0.359]
  260           13050         0.03837         0.07805        0
  eval: e=0.0750  p=[0.243 0.489 0.009 0.391 0.352]
  eval: e=0.0767  p=[0.217 0.614 0.000 0.364 0.359]
  eval: e=0.0393  p=[0.218 0.601 0.000 0.358 0.358]
  eval: e=0.0438  p=[0.219 0.584 0.000 0.365 0.358]
  eval: e=0.0384  p=[0.218 0.609 0.000 0.355 0.358]
  eval: e=0.0425  p=[0.217 0.609 0.000 0.360 0.359]
  eval: e=0.0634  p=[0.222 0.613 0.000 0.356 0.356]
  eval: e=0.1227  p=[0.230 0.605 0.000 0.359 0.356]
  eval: e=0.0384  p=[0.218 0.607 0.000 0.356 0.358]
  eval: e=0.1793  p=[0.233 0.597 0.000 0.366 0.357]
  eval: e=0.0389  p=[0.243 0.574 0.003 0.348 0.353]
  eval: e=0.1917  p=[0.248 0.604 0.004 0.346 0.354]
  eval: e=0.1150  p=[0.248 0.603 0.000 0.344 0.359]
  eval: e=0.0538  p=[0.218 0.601 0.000 0.368 0.358]
  eval: e=0.0405  p=[0.219 0.574 0.000 0.372 0.356]
  eval: e=0.0384  p=[0.217 0.601 0.000 0.359 0.356]
  eval: e=0.6940  p=[0.116 0.583 0.000 0.509 0.357]
  eval: e=0.0492  p=[0.217 0.595 0.000 0.355 0.357]
  eval: e=0.0440  p=[0.218 0.585 0.000 0.362 0.355]
  eval: e=0.0480  p=[0.218 0.597 0.000 0.366 0.355]
  eval: e=0.2210  p=[0.228 0.603 0.000 0.367 0.355]
  eval: e=0.1960  p=[0.225 0.610 0.000 0.363 0.352]
  eval: e=0.0393  p=[0.218 0.610 0.000 0.356 0.358]
  eval: e=0.0384  p=[0.218 0.607 0.000 0.356 0.358]
  eval: e=0.1651  p=[0.211 0.601 0.000 0.380 0.351]
  eval: e=0.1244  p=[0.256 0.578 0.000 0.350 0.355]
  eval: e=0.0384  p=[0.218 0.603 0.000 0.358 0.358]
  eval: e=0.4052  p=[0.246 0.615 0.007 0.346 0.351]
  eval: e=0.0504  p=[0.234 0.565 0.000 0.357 0.357]
  eval: e=0.0405  p=[0.218 0.600 0.000 0.356 0.357]
  eval: e=0.0564  p=[0.218 0.606 0.000 0.364 0.358]
  eval: e=0.0521  p=[0.219 0.594 0.000 0.353 0.358]
  eval: e=0.0507  p=[0.218 0.607 0.000 0.363 0.358]
  eval: e=0.0385  p=[0.219 0.607 0.000 0.356 0.358]
  eval: e=0.0384  p=[0.219 0.597 0.000 0.362 0.358]
  eval: e=0.0386  p=[0.218 0.610 0.000 0.354 0.357]
  eval: e=11.0963  p=[0.261 0.494 0.024 0.474 0.358]
  eval: e=0.0392  p=[0.228 0.585 0.003 0.358 0.353]
  eval: e=0.0429  p=[0.218 0.592 0.000 0.359 0.357]
  eval: e=0.0401  p=[0.218 0.603 0.000 0.355 0.357]
  eval: e=0.0446  p=[0.217 0.597 0.000 0.357 0.357]
  eval: e=0.0419  p=[0.223 0.590 0.000 0.365 0.357]
  eval: e=0.0488  p=[0.218 0.578 0.000 0.365 0.356]
  eval: e=0.1481  p=[0.244 0.593 0.000 0.352 0.354]
  eval: e=0.0389  p=[0.226 0.580 0.000 0.363 0.356]
  eval: e=0.0446  p=[0.217 0.586 0.001 0.371 0.353]
  eval: e=0.0384  p=[0.217 0.600 0.000 0.361 0.358]
  eval: e=0.0500  p=[0.227 0.581 0.000 0.356 0.358]
  eval: e=0.0384  p=[0.218 0.607 0.000 0.356 0.358]
  eval: e=0.0439  p=[0.221 0.605 0.000 0.355 0.353]
  261           13100         0.03837          0.3076        0
  eval: e=2.3256  p=[0.228 0.609 0.000 0.390 0.354]
  eval: e=0.1173  p=[0.217 0.575 0.000 0.349 0.357]
  eval: e=0.0416  p=[0.219 0.605 0.000 0.361 0.358]
  eval: e=0.1385  p=[0.222 0.621 0.000 0.361 0.359]
  eval: e=0.0385  p=[0.219 0.608 0.000 0.353 0.358]
  eval: e=0.0401  p=[0.217 0.595 0.000 0.362 0.351]
  eval: e=0.0661  p=[0.217 0.576 0.000 0.363 0.358]
  eval: e=0.0641  p=[0.218 0.575 0.000 0.362 0.357]
  eval: e=0.0384  p=[0.218 0.607 0.000 0.356 0.358]
  eval: e=0.0420  p=[0.217 0.595 0.000 0.359 0.356]
  eval: e=0.3430  p=[0.231 0.622 0.002 0.357 0.355]
  eval: e=0.1444  p=[0.265 0.501 0.004 0.341 0.354]
  eval: e=0.0882  p=[0.211 0.596 0.000 0.345 0.353]
  eval: e=0.0772  p=[0.218 0.569 0.000 0.361 0.356]
  eval: e=0.0385  p=[0.219 0.580 0.000 0.370 0.355]
  eval: e=0.0388  p=[0.218 0.604 0.000 0.357 0.359]
  eval: e=14.4912  p=[0.175 0.580 0.000 0.496 0.358]
  eval: e=0.0508  p=[0.223 0.599 0.000 0.360 0.355]
  eval: e=0.0412  p=[0.217 0.586 0.000 0.363 0.355]
  eval: e=0.0634  p=[0.219 0.565 0.000 0.364 0.353]
  eval: e=0.0820  p=[0.217 0.567 0.000 0.362 0.356]
  eval: e=0.1268  p=[0.234 0.601 0.000 0.360 0.359]
  eval: e=0.0400  p=[0.218 0.609 0.000 0.352 0.358]
  eval: e=0.0384  p=[0.218 0.607 0.000 0.356 0.358]
  eval: e=0.1238  p=[0.224 0.576 0.000 0.342 0.360]
  eval: e=0.0673  p=[0.222 0.579 0.000 0.349 0.350]
  eval: e=0.0399  p=[0.218 0.605 0.000 0.354 0.358]
  eval: e=6.7828  p=[0.307 0.558 0.000 0.360 0.346]
  eval: e=0.0882  p=[0.211 0.577 0.000 0.360 0.355]
  eval: e=0.0423  p=[0.216 0.597 0.003 0.361 0.358]
  eval: e=0.0409  p=[0.217 0.606 0.000 0.359 0.356]
  eval: e=0.0395  p=[0.218 0.592 0.000 0.363 0.358]
  eval: e=0.0401  p=[0.218 0.595 0.000 0.361 0.358]
  eval: e=0.0386  p=[0.218 0.605 0.000 0.357 0.359]
  eval: e=0.0392  p=[0.218 0.601 0.000 0.362 0.358]
  eval: e=0.0387  p=[0.219 0.605 0.000 0.354 0.357]
  eval: e=0.3290  p=[0.242 0.457 0.000 0.304 0.358]
  eval: e=0.0478  p=[0.219 0.587 0.000 0.362 0.360]
  eval: e=0.0393  p=[0.218 0.586 0.000 0.369 0.355]
  eval: e=0.0391  p=[0.217 0.600 0.000 0.360 0.358]
  eval: e=0.0432  p=[0.226 0.600 0.000 0.356 0.356]
  eval: e=0.0438  p=[0.222 0.580 0.000 0.363 0.357]
  eval: e=0.0448  p=[0.218 0.588 0.000 0.362 0.358]
  eval: e=0.0504  p=[0.215 0.596 0.000 0.356 0.357]
  eval: e=0.0388  p=[0.223 0.590 0.001 0.362 0.356]
  eval: e=0.0964  p=[0.225 0.586 0.004 0.338 0.355]
  eval: e=0.0384  p=[0.217 0.601 0.000 0.361 0.358]
  eval: e=0.0396  p=[0.224 0.595 0.000 0.355 0.357]
  eval: e=0.0384  p=[0.218 0.607 0.000 0.356 0.358]
  eval: e=0.0546  p=[0.227 0.578 0.000 0.355 0.358]
  262           13150         0.03836           0.538        0
  eval: e=0.2441  p=[0.239 0.612 0.016 0.359 0.357]
  eval: e=0.0426  p=[0.221 0.592 0.000 0.358 0.359]
  eval: e=0.0385  p=[0.218 0.596 0.000 0.362 0.358]
  eval: e=0.0384  p=[0.219 0.591 0.000 0.364 0.358]
  eval: e=0.0399  p=[0.217 0.607 0.000 0.354 0.358]
  eval: e=0.0448  p=[0.230 0.570 0.000 0.361 0.358]
  eval: e=0.0731  p=[0.225 0.593 0.000 0.368 0.358]
  eval: e=0.0573  p=[0.225 0.571 0.000 0.358 0.355]
  eval: e=0.0417  p=[0.217 0.598 0.000 0.359 0.358]
  eval: e=0.0427  p=[0.226 0.571 0.000 0.365 0.356]
  eval: e=0.0388  p=[0.214 0.619 0.001 0.349 0.353]
  eval: e=1.0601  p=[0.245 0.632 0.004 0.351 0.356]
  eval: e=0.1159  p=[0.264 0.554 0.000 0.352 0.350]
  eval: e=0.1878  p=[0.218 0.609 0.000 0.375 0.359]
  eval: e=0.0625  p=[0.219 0.605 0.000 0.365 0.358]
  eval: e=0.0393  p=[0.217 0.598 0.000 0.359 0.355]
  eval: e=0.1824  p=[0.148 0.580 0.000 0.397 0.357]
  eval: e=0.0397  p=[0.224 0.594 0.000 0.360 0.358]
  eval: e=0.0515  p=[0.221 0.605 0.000 0.363 0.359]
  eval: e=0.0506  p=[0.217 0.608 0.000 0.364 0.358]
  eval: e=0.0585  p=[0.223 0.572 0.000 0.358 0.353]
  eval: e=0.0398  p=[0.237 0.580 0.000 0.351 0.351]
  eval: e=0.0387  p=[0.219 0.607 0.000 0.354 0.358]
  eval: e=0.0384  p=[0.218 0.607 0.000 0.356 0.358]
  eval: e=1.6723  p=[0.266 0.587 0.000 0.361 0.352]
  eval: e=0.0951  p=[0.227 0.585 0.000 0.337 0.356]
  eval: e=0.0384  p=[0.218 0.608 0.000 0.355 0.358]
  eval: e=2.5876  p=[0.295 0.597 0.000 0.340 0.360]
  eval: e=0.1250  p=[0.233 0.598 0.000 0.363 0.358]
  eval: e=0.0402  p=[0.217 0.597 0.000 0.360 0.358]
  eval: e=0.0385  p=[0.217 0.605 0.000 0.357 0.356]
  eval: e=0.0446  p=[0.219 0.606 0.000 0.361 0.358]
  eval: e=0.0392  p=[0.219 0.603 0.000 0.358 0.356]
  eval: e=0.0455  p=[0.220 0.602 0.000 0.364 0.359]
  eval: e=0.0389  p=[0.219 0.607 0.000 0.357 0.358]
  eval: e=0.0391  p=[0.218 0.607 0.000 0.355 0.358]
  eval: e=0.9511  p=[0.251 0.541 0.012 0.408 0.358]
  eval: e=0.0514  p=[0.223 0.598 0.004 0.359 0.351]
  eval: e=0.0442  p=[0.218 0.594 0.000 0.356 0.356]
  eval: e=0.0384  p=[0.217 0.600 0.000 0.360 0.357]
  eval: e=0.0452  p=[0.223 0.608 0.000 0.356 0.357]
  eval: e=0.0397  p=[0.227 0.590 0.000 0.358 0.356]
  eval: e=0.0559  p=[0.218 0.607 0.000 0.363 0.357]
  eval: e=0.1191  p=[0.251 0.582 0.001 0.351 0.354]
  eval: e=0.0386  p=[0.223 0.586 0.000 0.361 0.355]
  eval: e=0.4529  p=[0.230 0.607 0.004 0.371 0.354]
  eval: e=0.0384  p=[0.217 0.601 0.000 0.361 0.358]
  eval: e=0.0431  p=[0.221 0.592 0.000 0.355 0.356]
  eval: e=0.0384  p=[0.218 0.607 0.000 0.356 0.358]
  eval: e=0.0459  p=[0.227 0.584 0.000 0.355 0.358]
  263           13200         0.03836          0.1895        0
  eval: e=0.1273  p=[0.220 0.547 0.003 0.360 0.354]
  eval: e=0.0479  p=[0.221 0.605 0.000 0.360 0.358]
  eval: e=0.0423  p=[0.217 0.596 0.000 0.360 0.358]
  eval: e=0.0392  p=[0.218 0.599 0.000 0.359 0.358]
  eval: e=0.0384  p=[0.219 0.608 0.000 0.354 0.357]
  eval: e=0.0402  p=[0.224 0.592 0.000 0.362 0.358]
  eval: e=0.0389  p=[0.225 0.584 0.000 0.359 0.354]
  eval: e=0.0402  p=[0.227 0.571 0.000 0.364 0.354]
  eval: e=0.0515  p=[0.219 0.599 0.000 0.351 0.358]
  eval: e=0.0572  p=[0.223 0.604 0.000 0.361 0.358]
  eval: e=0.0809  p=[0.213 0.615 0.001 0.364 0.354]
  eval: e=0.5023  p=[0.301 0.548 0.004 0.337 0.350]
  eval: e=1.2187  p=[0.272 0.617 0.000 0.338 0.360]
  eval: e=0.0650  p=[0.218 0.582 0.000 0.359 0.358]
  eval: e=0.0455  p=[0.218 0.585 0.000 0.362 0.356]
  eval: e=0.0389  p=[0.219 0.598 0.000 0.361 0.356]
  eval: e=55.3801  p=[0.210 0.599 0.000 0.487 0.358]
  eval: e=0.0414  p=[0.221 0.588 0.000 0.357 0.353]
  eval: e=0.0532  p=[0.219 0.603 0.000 0.363 0.356]
  eval: e=0.0623  p=[0.220 0.578 0.000 0.359 0.356]
  eval: e=0.0912  p=[0.221 0.620 0.000 0.355 0.355]
  eval: e=0.0722  p=[0.230 0.615 0.000 0.350 0.359]
  eval: e=0.0945  p=[0.220 0.606 0.000 0.368 0.358]
  eval: e=0.0384  p=[0.218 0.607 0.000 0.356 0.358]
  eval: e=0.1404  p=[0.214 0.579 0.000 0.343 0.357]
  eval: e=0.0841  p=[0.266 0.545 0.000 0.356 0.353]
  eval: e=0.0385  p=[0.218 0.607 0.000 0.356 0.358]
  eval: e=0.0475  p=[0.262 0.584 0.001 0.315 0.353]
  eval: e=0.0604  p=[0.216 0.580 0.000 0.362 0.357]
  eval: e=0.0437  p=[0.218 0.603 0.003 0.356 0.349]
  eval: e=0.0409  p=[0.217 0.603 0.000 0.355 0.357]
  eval: e=0.0654  p=[0.219 0.587 0.000 0.354 0.358]
  eval: e=0.0385  p=[0.218 0.605 0.000 0.358 0.359]
  eval: e=0.0497  p=[0.218 0.606 0.000 0.349 0.359]
  eval: e=0.0384  p=[0.218 0.597 0.000 0.362 0.358]
  eval: e=0.0439  p=[0.219 0.600 0.000 0.363 0.356]
  eval: e=0.3244  p=[0.226 0.351 0.017 0.404 0.358]
  eval: e=0.0404  p=[0.225 0.594 0.003 0.356 0.359]
  eval: e=0.0405  p=[0.218 0.595 0.000 0.365 0.356]
  eval: e=0.0391  p=[0.217 0.601 0.000 0.362 0.357]
  eval: e=0.0385  p=[0.218 0.602 0.000 0.359 0.357]
  eval: e=0.0517  p=[0.217 0.581 0.000 0.363 0.356]
  eval: e=0.0674  p=[0.220 0.605 0.000 0.364 0.356]
  eval: e=0.0998  p=[0.206 0.598 0.000 0.347 0.354]
  eval: e=0.0505  p=[0.223 0.598 0.000 0.362 0.356]
  eval: e=0.0388  p=[0.238 0.597 0.000 0.342 0.357]
  eval: e=0.0384  p=[0.217 0.601 0.000 0.361 0.358]
  eval: e=0.0403  p=[0.228 0.583 0.000 0.355 0.355]
  eval: e=0.0384  p=[0.218 0.607 0.000 0.356 0.358]
  eval: e=0.0402  p=[0.224 0.583 0.000 0.360 0.355]
  264           13250         0.03836           1.199        0
  eval: e=0.0441  p=[0.252 0.506 0.003 0.383 0.356]
  eval: e=0.0445  p=[0.221 0.607 0.000 0.358 0.358]
  eval: e=0.0442  p=[0.219 0.606 0.000 0.361 0.358]
  eval: e=0.0394  p=[0.217 0.592 0.000 0.364 0.358]
  eval: e=0.0384  p=[0.219 0.608 0.000 0.354 0.357]
  eval: e=0.0454  p=[0.235 0.591 0.000 0.353 0.356]
  eval: e=0.0443  p=[0.218 0.593 0.000 0.371 0.359]
  eval: e=0.0403  p=[0.223 0.600 0.000 0.358 0.358]
  eval: e=0.0416  p=[0.219 0.608 0.000 0.358 0.358]
  eval: e=0.0658  p=[0.218 0.575 0.000 0.362 0.358]
  eval: e=0.0682  p=[0.218 0.609 0.001 0.342 0.360]
  eval: e=0.1542  p=[0.185 0.596 0.002 0.354 0.353]
  eval: e=0.1578  p=[0.243 0.530 0.000 0.340 0.355]
  eval: e=0.0384  p=[0.218 0.580 0.000 0.373 0.358]
  eval: e=0.0408  p=[0.219 0.581 0.000 0.366 0.356]
  eval: e=0.0479  p=[0.218 0.611 0.000 0.360 0.359]
  eval: e=0.2997  p=[0.144 0.575 0.000 0.350 0.358]
  eval: e=0.0412  p=[0.222 0.590 0.000 0.359 0.357]
  eval: e=0.0385  p=[0.218 0.594 0.000 0.362 0.356]
  eval: e=0.0436  p=[0.217 0.587 0.000 0.360 0.353]
  eval: e=0.0674  p=[0.221 0.567 0.000 0.360 0.353]
  eval: e=0.0782  p=[0.220 0.580 0.000 0.353 0.358]
  eval: e=0.0594  p=[0.218 0.607 0.000 0.345 0.358]
  eval: e=0.0449  p=[0.217 0.604 0.000 0.364 0.358]
  eval: e=0.1459  p=[0.220 0.590 0.000 0.328 0.356]
  eval: e=0.1045  p=[0.221 0.557 0.000 0.357 0.354]
  eval: e=0.0385  p=[0.218 0.607 0.000 0.355 0.358]
  eval: e=0.0410  p=[0.235 0.580 0.006 0.358 0.354]
  eval: e=0.0653  p=[0.224 0.566 0.000 0.362 0.357]
  eval: e=0.0390  p=[0.218 0.594 0.000 0.361 0.356]
  eval: e=0.0384  p=[0.217 0.607 0.000 0.357 0.357]
  eval: e=0.1844  p=[0.219 0.616 0.000 0.369 0.358]
  eval: e=0.0387  p=[0.218 0.592 0.000 0.362 0.353]
  eval: e=0.0800  p=[0.219 0.608 0.000 0.367 0.359]
  eval: e=0.0384  p=[0.218 0.597 0.000 0.362 0.358]
  eval: e=0.0392  p=[0.218 0.612 0.000 0.354 0.357]
  eval: e=0.2724  p=[0.262 0.386 0.003 0.380 0.358]
  eval: e=0.0453  p=[0.215 0.581 0.000 0.363 0.351]
  eval: e=0.0440  p=[0.218 0.590 0.000 0.359 0.355]
  eval: e=0.0384  p=[0.218 0.599 0.000 0.361 0.358]
  eval: e=0.0407  p=[0.216 0.600 0.000 0.356 0.355]
  eval: e=0.0534  p=[0.230 0.595 0.000 0.357 0.356]
  eval: e=0.0488  p=[0.219 0.592 0.000 0.356 0.357]
  eval: e=0.0404  p=[0.216 0.613 0.000 0.357 0.358]
  eval: e=0.0408  p=[0.220 0.596 0.000 0.357 0.357]
  eval: e=0.0863  p=[0.215 0.597 0.000 0.347 0.359]
  eval: e=0.0384  p=[0.217 0.601 0.000 0.361 0.358]
  eval: e=0.0734  p=[0.215 0.588 0.000 0.356 0.358]
  eval: e=0.0384  p=[0.218 0.607 0.000 0.356 0.358]
  eval: e=0.0418  p=[0.224 0.588 0.000 0.357 0.357]
  265           13300         0.03836         0.06768        1
  eval: e=0.2287  p=[0.251 0.557 0.024 0.382 0.353]
  eval: e=0.0444  p=[0.221 0.592 0.000 0.357 0.358]
  eval: e=0.0408  p=[0.217 0.595 0.000 0.361 0.358]
  eval: e=0.0398  p=[0.218 0.593 0.000 0.363 0.358]
  eval: e=0.0384  p=[0.218 0.608 0.000 0.356 0.358]
  eval: e=0.0432  p=[0.213 0.588 0.000 0.365 0.355]
  eval: e=0.0400  p=[0.224 0.578 0.000 0.368 0.354]
  eval: e=0.0478  p=[0.222 0.577 0.000 0.365 0.358]
  eval: e=0.0387  p=[0.216 0.604 0.000 0.359 0.358]
  eval: e=0.0431  p=[0.219 0.584 0.000 0.363 0.356]
  eval: e=0.1185  p=[0.217 0.614 0.000 0.369 0.359]
  eval: e=0.1821  p=[0.225 0.556 0.007 0.338 0.358]
  eval: e=0.0634  p=[0.238 0.558 0.000 0.345 0.346]
  eval: e=0.0387  p=[0.218 0.605 0.000 0.358 0.358]
  eval: e=0.0479  p=[0.219 0.588 0.000 0.359 0.358]
  eval: e=0.0436  p=[0.217 0.597 0.000 0.357 0.357]
  eval: e=0.3349  p=[0.110 0.575 0.000 0.350 0.358]
  eval: e=0.0390  p=[0.222 0.607 0.000 0.351 0.355]
  eval: e=0.0405  p=[0.217 0.597 0.000 0.363 0.354]
  eval: e=0.1792  p=[0.219 0.600 0.000 0.377 0.356]
  eval: e=0.2658  p=[0.225 0.611 0.000 0.366 0.355]
  eval: e=0.0414  p=[0.235 0.577 0.000 0.361 0.357]
  eval: e=0.1697  p=[0.217 0.608 0.000 0.376 0.358]
  eval: e=0.0395  p=[0.219 0.604 0.000 0.359 0.358]
  eval: e=0.0523  p=[0.247 0.581 0.000 0.333 0.356]
  eval: e=0.0425  p=[0.267 0.558 0.000 0.337 0.352]
  eval: e=0.0494  p=[0.217 0.606 0.000 0.365 0.358]
  eval: e=0.0899  p=[0.276 0.571 0.002 0.334 0.358]
  eval: e=0.0426  p=[0.226 0.587 0.000 0.363 0.355]
  eval: e=0.0454  p=[0.218 0.598 0.002 0.363 0.352]
  eval: e=0.0399  p=[0.217 0.600 0.000 0.359 0.358]
  eval: e=0.0530  p=[0.218 0.606 0.000 0.364 0.358]
  eval: e=0.0465  p=[0.217 0.594 0.000 0.362 0.361]
  eval: e=0.0441  p=[0.218 0.606 0.000 0.362 0.358]
  eval: e=0.0392  p=[0.218 0.601 0.000 0.362 0.358]
  eval: e=0.0388  p=[0.218 0.599 0.000 0.360 0.359]
  eval: e=41.8996  p=[0.288 0.636 0.021 0.393 0.359]
  eval: e=0.0547  p=[0.223 0.605 0.003 0.361 0.358]
  eval: e=0.0385  p=[0.218 0.591 0.000 0.363 0.354]
  eval: e=0.0427  p=[0.218 0.610 0.000 0.357 0.357]
  eval: e=0.0389  p=[0.219 0.597 0.000 0.361 0.357]
  eval: e=0.0393  p=[0.225 0.564 0.000 0.372 0.354]
  eval: e=0.0463  p=[0.219 0.589 0.000 0.372 0.358]
  eval: e=0.0686  p=[0.228 0.572 0.001 0.351 0.354]
  eval: e=0.0403  p=[0.219 0.587 0.000 0.368 0.355]
  eval: e=0.0414  p=[0.223 0.612 0.000 0.351 0.357]
  eval: e=0.0384  p=[0.217 0.601 0.000 0.361 0.358]
  eval: e=0.0435  p=[0.224 0.584 0.000 0.360 0.358]
  eval: e=0.0389  p=[0.216 0.602 0.000 0.359 0.358]
  eval: e=0.0458  p=[0.230 0.593 0.000 0.358 0.357]
  266           13350         0.03836          0.9054        2
  eval: e=0.1580  p=[0.217 0.520 0.000 0.372 0.355]
  eval: e=0.0429  p=[0.220 0.603 0.000 0.361 0.358]
  eval: e=0.0384  p=[0.219 0.602 0.000 0.359 0.358]
  eval: e=0.0426  p=[0.218 0.603 0.000 0.362 0.358]
  eval: e=0.0384  p=[0.217 0.607 0.000 0.356 0.358]
  eval: e=0.0964  p=[0.238 0.593 0.000 0.360 0.359]
  eval: e=0.0489  p=[0.220 0.591 0.000 0.359 0.360]
  eval: e=0.0412  p=[0.226 0.583 0.000 0.362 0.352]
  eval: e=0.0384  p=[0.216 0.604 0.000 0.360 0.358]
  eval: e=0.0600  p=[0.220 0.575 0.000 0.361 0.357]
  eval: e=0.0423  p=[0.215 0.611 0.000 0.348 0.352]
  eval: e=1.1181  p=[0.308 0.540 0.000 0.344 0.350]
  eval: e=0.0842  p=[0.217 0.562 0.000 0.358 0.348]
  eval: e=0.0391  p=[0.218 0.581 0.000 0.376 0.359]
  eval: e=0.0523  p=[0.218 0.584 0.000 0.362 0.358]
  eval: e=0.0386  p=[0.218 0.606 0.000 0.358 0.358]
  eval: e=94.4213  p=[0.232 0.607 0.000 0.493 0.358]
  eval: e=0.2346  p=[0.224 0.605 0.000 0.370 0.355]
  eval: e=0.0402  p=[0.221 0.595 0.000 0.363 0.357]
  eval: e=0.1118  p=[0.218 0.570 0.000 0.351 0.356]
  eval: e=0.0711  p=[0.224 0.575 0.000 0.352 0.355]
  eval: e=0.0530  p=[0.214 0.579 0.000 0.362 0.350]
  eval: e=0.0460  p=[0.219 0.601 0.000 0.364 0.358]
  eval: e=0.0466  p=[0.216 0.601 0.000 0.355 0.358]
  eval: e=0.1018  p=[0.227 0.605 0.000 0.358 0.354]
  eval: e=0.0455  p=[0.220 0.607 0.000 0.356 0.354]
  eval: e=0.0389  p=[0.217 0.604 0.000 0.360 0.358]
  eval: e=1.8533  p=[0.282 0.617 0.000 0.331 0.356]
  eval: e=0.0543  p=[0.224 0.600 0.000 0.361 0.356]
  eval: e=0.0389  p=[0.217 0.606 0.001 0.351 0.352]
  eval: e=0.0395  p=[0.218 0.601 0.000 0.358 0.358]
  eval: e=0.0401  p=[0.220 0.589 0.000 0.362 0.358]
  eval: e=0.0384  p=[0.219 0.598 0.000 0.358 0.355]
  eval: e=0.0404  p=[0.218 0.604 0.000 0.355 0.359]
  eval: e=0.0408  p=[0.218 0.606 0.000 0.354 0.358]
  eval: e=0.0389  p=[0.218 0.603 0.000 0.357 0.358]
  eval: e=0.3347  p=[0.197 0.350 0.000 0.416 0.358]
  eval: e=0.0606  p=[0.217 0.581 0.002 0.360 0.355]
  eval: e=0.0462  p=[0.218 0.609 0.000 0.358 0.355]
  eval: e=0.0384  p=[0.217 0.596 0.000 0.363 0.357]
  eval: e=0.0385  p=[0.220 0.600 0.000 0.358 0.356]
  eval: e=0.1157  p=[0.222 0.618 0.000 0.360 0.358]
  eval: e=0.0412  p=[0.219 0.590 0.000 0.361 0.357]
  eval: e=0.0422  p=[0.239 0.584 0.000 0.350 0.354]
  eval: e=0.0452  p=[0.221 0.602 0.000 0.362 0.358]
  eval: e=0.0498  p=[0.233 0.595 0.000 0.355 0.358]
  eval: e=0.0384  p=[0.217 0.601 0.000 0.361 0.358]
  eval: e=0.0501  p=[0.221 0.579 0.000 0.358 0.353]
  eval: e=0.0453  p=[0.219 0.605 0.000 0.362 0.358]
  eval: e=0.0418  p=[0.223 0.592 0.000 0.355 0.357]
  267           13400         0.03836           2.007        0
  eval: e=0.1582  p=[0.232 0.582 0.020 0.377 0.351]
  eval: e=0.0401  p=[0.222 0.605 0.000 0.357 0.358]
  eval: e=0.0388  p=[0.216 0.604 0.000 0.359 0.358]
  eval: e=0.0480  p=[0.218 0.597 0.000 0.356 0.358]
  eval: e=0.0384  p=[0.218 0.607 0.000 0.356 0.358]
  eval: e=0.0430  p=[0.219 0.577 0.000 0.362 0.350]
  eval: e=0.0386  p=[0.225 0.581 0.000 0.366 0.358]
  eval: e=0.0622  p=[0.226 0.597 0.000 0.362 0.356]
  eval: e=0.0383  p=[0.216 0.604 0.000 0.360 0.358]
  eval: e=0.0553  p=[0.226 0.575 0.000 0.356 0.356]
  eval: e=0.0405  p=[0.214 0.617 0.001 0.358 0.359]
  eval: e=0.4566  p=[0.280 0.587 0.007 0.338 0.358]
  eval: e=0.2969  p=[0.286 0.577 0.000 0.335 0.361]
  eval: e=0.0512  p=[0.217 0.599 0.000 0.353 0.358]
  eval: e=0.0490  p=[0.217 0.603 0.000 0.363 0.355]
  eval: e=0.0386  p=[0.216 0.600 0.000 0.361 0.358]
  eval: e=0.6813  p=[0.134 0.574 0.000 0.497 0.358]
  eval: e=0.0652  p=[0.217 0.594 0.000 0.352 0.359]
  eval: e=0.0410  p=[0.220 0.599 0.000 0.361 0.356]
  eval: e=0.0459  p=[0.219 0.579 0.000 0.377 0.357]
  eval: e=0.0470  p=[0.218 0.579 0.000 0.366 0.356]
  eval: e=0.4276  p=[0.249 0.609 0.000 0.356 0.363]
  eval: e=0.0385  p=[0.218 0.604 0.000 0.358 0.358]
  eval: e=0.0393  p=[0.217 0.609 0.000 0.358 0.358]
  eval: e=0.0405  p=[0.269 0.560 0.000 0.333 0.357]
  eval: e=0.1982  p=[0.217 0.531 0.000 0.354 0.357]
  eval: e=0.0389  p=[0.218 0.611 0.000 0.356 0.358]
  eval: e=0.0952  p=[0.254 0.537 0.003 0.337 0.350]
  eval: e=0.0433  p=[0.229 0.580 0.000 0.355 0.356]
  eval: e=0.0409  p=[0.218 0.598 0.002 0.362 0.353]
  eval: e=0.0413  p=[0.218 0.613 0.000 0.356 0.358]
  eval: e=0.0391  p=[0.216 0.594 0.000 0.364 0.359]
  eval: e=0.0431  p=[0.218 0.612 0.000 0.357 0.358]
  eval: e=0.0384  p=[0.219 0.606 0.000 0.357 0.359]
  eval: e=0.0714  p=[0.219 0.594 0.000 0.374 0.358]
  eval: e=0.0387  p=[0.218 0.618 0.000 0.349 0.356]
  eval: e=34.2571  p=[0.247 0.721 0.015 0.371 0.359]
  eval: e=0.0503  p=[0.232 0.592 0.001 0.360 0.359]
  eval: e=0.0467  p=[0.217 0.587 0.000 0.361 0.356]
  eval: e=0.0398  p=[0.217 0.600 0.000 0.358 0.357]
  eval: e=0.0389  p=[0.219 0.600 0.000 0.356 0.356]
  eval: e=0.0453  p=[0.229 0.580 0.000 0.366 0.356]
  eval: e=0.0757  p=[0.218 0.610 0.000 0.365 0.357]
  eval: e=0.1928  p=[0.237 0.617 0.000 0.349 0.356]
  eval: e=0.0387  p=[0.223 0.601 0.000 0.353 0.355]
  eval: e=0.0428  p=[0.217 0.613 0.000 0.348 0.358]
  eval: e=0.0384  p=[0.217 0.601 0.000 0.361 0.358]
  eval: e=0.0396  p=[0.223 0.581 0.000 0.361 0.354]
  eval: e=0.0418  p=[0.217 0.609 0.000 0.351 0.358]
  eval: e=0.0486  p=[0.225 0.583 0.000 0.356 0.357]
  268           13450         0.03835          0.7721        0
  eval: e=0.0389  p=[0.222 0.603 0.000 0.355 0.357]
  eval: e=0.0387  p=[0.222 0.596 0.000 0.360 0.358]
  eval: e=0.0386  p=[0.218 0.606 0.000 0.356 0.358]
  eval: e=0.0496  p=[0.217 0.600 0.000 0.368 0.358]
  eval: e=0.0384  p=[0.218 0.608 0.000 0.356 0.358]
  eval: e=0.1028  p=[0.222 0.605 0.000 0.360 0.351]
  eval: e=0.0552  p=[0.218 0.611 0.000 0.360 0.357]
  eval: e=0.0833  p=[0.220 0.570 0.000 0.357 0.356]
  eval: e=0.0383  p=[0.216 0.604 0.000 0.360 0.358]
  eval: e=0.0710  p=[0.223 0.605 0.000 0.364 0.359]
  eval: e=0.0439  p=[0.216 0.607 0.000 0.351 0.355]
  eval: e=0.0407  p=[0.270 0.553 0.005 0.341 0.357]
  eval: e=0.0754  p=[0.241 0.552 0.000 0.370 0.347]
  eval: e=0.1295  p=[0.218 0.599 0.000 0.377 0.358]
  eval: e=0.0528  p=[0.219 0.571 0.000 0.367 0.356]
  eval: e=0.0384  p=[0.218 0.602 0.000 0.359 0.358]
  eval: e=0.2516  p=[0.240 0.574 0.000 0.282 0.358]
  eval: e=0.0385  p=[0.218 0.592 0.000 0.362 0.355]
  eval: e=0.0392  p=[0.216 0.593 0.000 0.363 0.356]
  eval: e=0.0407  p=[0.219 0.599 0.000 0.353 0.353]
  eval: e=0.0560  p=[0.218 0.596 0.000 0.350 0.355]
  eval: e=0.1394  p=[0.209 0.573 0.000 0.352 0.357]
  eval: e=0.0384  p=[0.218 0.603 0.000 0.358 0.358]
  eval: e=0.0386  p=[0.217 0.605 0.000 0.358 0.358]
  eval: e=0.0730  p=[0.241 0.561 0.000 0.343 0.354]
  eval: e=0.4762  p=[0.289 0.559 0.000 0.345 0.357]
  eval: e=0.0510  p=[0.218 0.590 0.000 0.358 0.358]
  eval: e=0.0509  p=[0.237 0.646 0.004 0.304 0.356]
  eval: e=0.1199  p=[0.224 0.598 0.000 0.370 0.356]
  eval: e=0.0391  p=[0.216 0.597 0.001 0.359 0.351]
  eval: e=0.0402  p=[0.218 0.611 0.000 0.356 0.358]
  eval: e=0.0392  p=[0.218 0.593 0.000 0.365 0.355]
  eval: e=0.0384  p=[0.217 0.604 0.000 0.360 0.358]
  eval: e=0.0392  p=[0.217 0.601 0.000 0.363 0.358]
  eval: e=0.0416  p=[0.218 0.594 0.000 0.360 0.358]
  eval: e=0.0384  p=[0.218 0.603 0.000 0.360 0.359]
  eval: e=1.8893  p=[0.242 0.549 0.011 0.418 0.356]
  eval: e=0.1607  p=[0.226 0.612 0.000 0.358 0.351]
  eval: e=0.0574  p=[0.217 0.611 0.000 0.363 0.357]
  eval: e=0.0418  p=[0.218 0.597 0.000 0.358 0.358]
  eval: e=0.0419  p=[0.219 0.603 0.000 0.360 0.356]
  eval: e=0.0430  p=[0.225 0.582 0.000 0.360 0.358]
  eval: e=0.0465  p=[0.218 0.581 0.000 0.365 0.357]
  eval: e=0.0393  p=[0.230 0.584 0.000 0.355 0.356]
  eval: e=0.0599  p=[0.220 0.601 0.000 0.365 0.356]
  eval: e=0.0413  p=[0.236 0.590 0.000 0.351 0.357]
  eval: e=0.0384  p=[0.217 0.601 0.000 0.361 0.358]
  eval: e=0.0400  p=[0.232 0.582 0.000 0.358 0.360]
  eval: e=0.0411  p=[0.218 0.596 0.000 0.367 0.358]
  eval: e=0.0424  p=[0.219 0.596 0.000 0.356 0.356]
  269           13500         0.03835          0.1042        0
  eval: e=0.0423  p=[0.214 0.602 0.000 0.359 0.358]
  eval: e=0.0393  p=[0.218 0.605 0.000 0.360 0.358]
  eval: e=0.0384  p=[0.216 0.605 0.000 0.359 0.358]
  eval: e=0.0386  p=[0.217 0.594 0.000 0.364 0.358]
  eval: e=0.0385  p=[0.216 0.607 0.000 0.357 0.358]
  eval: e=0.0882  p=[0.223 0.562 0.000 0.361 0.359]
  eval: e=0.1097  p=[0.224 0.544 0.000 0.363 0.355]
  eval: e=0.0389  p=[0.231 0.579 0.000 0.361 0.356]
  eval: e=0.0383  p=[0.216 0.604 0.000 0.360 0.358]
  eval: e=0.0551  p=[0.231 0.556 0.000 0.363 0.355]
  eval: e=0.0388  p=[0.215 0.616 0.000 0.351 0.355]
  eval: e=0.0480  p=[0.244 0.589 0.008 0.330 0.350]
  eval: e=0.0602  p=[0.253 0.596 0.000 0.328 0.348]
  eval: e=0.0699  p=[0.218 0.586 0.000 0.354 0.358]
  eval: e=0.0750  p=[0.217 0.608 0.000 0.366 0.356]
  eval: e=0.0386  p=[0.217 0.600 0.000 0.360 0.358]
  eval: e=4.6682  p=[0.098 0.594 0.000 0.547 0.358]
  eval: e=0.0394  p=[0.218 0.601 0.000 0.356 0.357]
  eval: e=0.0409  p=[0.218 0.603 0.000 0.360 0.357]
  eval: e=0.0385  p=[0.220 0.579 0.000 0.369 0.355]
  eval: e=0.0730  p=[0.224 0.600 0.000 0.364 0.357]
  eval: e=0.0540  p=[0.230 0.596 0.000 0.351 0.350]
  eval: e=0.0384  p=[0.216 0.603 0.000 0.360 0.358]
  eval: e=0.0431  p=[0.218 0.605 0.000 0.362 0.358]
  eval: e=2.8619  p=[0.261 0.630 0.000 0.347 0.354]
  eval: e=0.7999  p=[0.273 0.605 0.000 0.331 0.350]
  eval: e=0.0390  p=[0.217 0.603 0.000 0.358 0.358]
  eval: e=1.0823  p=[0.250 0.605 0.002 0.351 0.342]
  eval: e=0.0998  p=[0.223 0.560 0.000 0.359 0.358]
  eval: e=0.0460  p=[0.217 0.599 0.001 0.358 0.360]
  eval: e=0.0481  p=[0.216 0.609 0.000 0.363 0.358]
  eval: e=0.0387  p=[0.220 0.599 0.000 0.358 0.358]
  eval: e=0.0384  p=[0.216 0.603 0.000 0.360 0.358]
  eval: e=0.0401  p=[0.218 0.610 0.000 0.358 0.359]
  eval: e=0.0393  p=[0.218 0.598 0.000 0.359 0.358]
  eval: e=0.0451  p=[0.218 0.607 0.000 0.349 0.357]
  eval: e=0.3230  p=[0.236 0.400 0.021 0.364 0.358]
  eval: e=0.0481  p=[0.219 0.586 0.001 0.356 0.352]
  eval: e=0.0398  p=[0.217 0.601 0.000 0.361 0.355]
  eval: e=0.0455  p=[0.217 0.602 0.000 0.362 0.355]
  eval: e=0.0414  p=[0.219 0.606 0.000 0.350 0.356]
  eval: e=0.0425  p=[0.229 0.576 0.000 0.366 0.355]
  eval: e=0.0384  p=[0.219 0.598 0.000 0.360 0.357]
  eval: e=0.0438  p=[0.238 0.584 0.000 0.351 0.353]
  eval: e=0.0617  p=[0.215 0.582 0.000 0.360 0.356]
  eval: e=0.0485  p=[0.226 0.594 0.000 0.348 0.358]
  eval: e=0.0384  p=[0.217 0.601 0.000 0.361 0.358]
  eval: e=0.0655  p=[0.219 0.580 0.000 0.356 0.356]
  eval: e=0.0412  p=[0.218 0.612 0.000 0.350 0.359]
  eval: e=0.0395  p=[0.221 0.599 0.000 0.359 0.357]
  270           13550         0.03835           0.239        0

                                 Best            Mean     Stall
Iteration     f-count            f(x)            f(x)    Iterations
  eval: e=0.0664  p=[0.226 0.601 0.000 0.361 0.358]
  eval: e=0.0390  p=[0.223 0.600 0.000 0.357 0.358]
  eval: e=0.0383  p=[0.216 0.605 0.000 0.359 0.358]
  eval: e=0.0395  p=[0.219 0.594 0.000 0.361 0.358]
  eval: e=0.0384  p=[0.218 0.608 0.000 0.355 0.358]
  eval: e=0.0550  p=[0.225 0.565 0.000 0.361 0.352]
  eval: e=0.2478  p=[0.217 0.636 0.000 0.362 0.359]
  eval: e=0.0575  p=[0.221 0.608 0.000 0.360 0.357]
  eval: e=0.0383  p=[0.216 0.604 0.000 0.360 0.358]
  eval: e=0.1060  p=[0.214 0.624 0.000 0.362 0.356]
  eval: e=0.0383  p=[0.214 0.609 0.000 0.361 0.359]
  eval: e=0.1091  p=[0.282 0.553 0.004 0.339 0.353]
  eval: e=0.0430  p=[0.254 0.581 0.000 0.333 0.360]
  eval: e=0.0477  p=[0.218 0.584 0.000 0.364 0.359]
  eval: e=0.0470  p=[0.219 0.592 0.000 0.369 0.356]
  eval: e=0.0388  p=[0.217 0.602 0.000 0.359 0.358]
  eval: e=0.2644  p=[0.226 0.606 0.000 0.270 0.357]
  eval: e=0.0507  p=[0.218 0.590 0.000 0.357 0.357]
  eval: e=0.0385  p=[0.220 0.593 0.000 0.361 0.357]
  eval: e=0.0403  p=[0.219 0.580 0.000 0.367 0.356]
  eval: e=0.0665  p=[0.218 0.578 0.000 0.361 0.358]
  eval: e=0.0634  p=[0.225 0.584 0.000 0.353 0.360]
  eval: e=0.0391  p=[0.219 0.599 0.000 0.357 0.358]
  eval: e=0.0404  p=[0.217 0.605 0.000 0.355 0.358]
  eval: e=0.2082  p=[0.228 0.556 0.000 0.320 0.354]
  eval: e=1.3125  p=[0.266 0.601 0.000 0.351 0.355]
  eval: e=0.0441  p=[0.218 0.611 0.000 0.358 0.358]
  eval: e=0.1886  p=[0.267 0.565 0.002 0.279 0.350]
  eval: e=0.0389  p=[0.227 0.581 0.000 0.363 0.357]
  eval: e=0.0389  p=[0.218 0.603 0.003 0.361 0.358]
  eval: e=0.0430  p=[0.218 0.605 0.000 0.361 0.357]
  eval: e=0.0443  p=[0.217 0.593 0.000 0.361 0.359]
  eval: e=0.0384  p=[0.217 0.605 0.000 0.360 0.358]
  eval: e=0.0384  p=[0.218 0.606 0.000 0.356 0.358]
  eval: e=0.0384  p=[0.218 0.597 0.000 0.362 0.358]
  eval: e=0.0384  p=[0.218 0.608 0.000 0.356 0.358]
  eval: e=4.4561  p=[0.231 0.564 0.012 0.435 0.359]
  eval: e=0.0387  p=[0.220 0.602 0.001 0.357 0.359]
  eval: e=0.0440  p=[0.219 0.589 0.000 0.360 0.356]
  eval: e=0.0468  p=[0.217 0.601 0.000 0.356 0.360]
  eval: e=0.0427  p=[0.221 0.600 0.000 0.353 0.358]
  eval: e=0.0599  p=[0.216 0.584 0.000 0.362 0.358]
  eval: e=0.0393  p=[0.216 0.608 0.000 0.359 0.358]
  eval: e=0.0409  p=[0.231 0.588 0.000 0.353 0.360]
  eval: e=0.0385  p=[0.227 0.593 0.000 0.354 0.357]
  eval: e=0.0389  p=[0.225 0.603 0.000 0.353 0.357]
  eval: e=0.0384  p=[0.217 0.601 0.000 0.361 0.358]
  eval: e=0.0388  p=[0.223 0.597 0.000 0.354 0.356]
  eval: e=0.0387  p=[0.218 0.604 0.000 0.359 0.358]
  eval: e=0.0420  p=[0.230 0.581 0.000 0.356 0.358]
  271           13600         0.03834          0.1746        0
  eval: e=0.0417  p=[0.227 0.603 0.000 0.353 0.358]
  eval: e=0.0399  p=[0.222 0.608 0.000 0.354 0.358]
  eval: e=0.0383  p=[0.216 0.605 0.000 0.359 0.358]
  eval: e=0.0392  p=[0.218 0.600 0.000 0.358 0.358]
  eval: e=0.0384  p=[0.218 0.608 0.000 0.356 0.358]
  eval: e=0.0392  p=[0.234 0.578 0.000 0.361 0.360]
  eval: e=0.1949  p=[0.224 0.612 0.000 0.368 0.359]
  eval: e=0.0543  p=[0.217 0.581 0.000 0.361 0.355]
  eval: e=0.0383  p=[0.216 0.604 0.000 0.360 0.358]
  eval: e=0.5468  p=[0.238 0.614 0.000 0.360 0.356]
  eval: e=0.0383  p=[0.213 0.607 0.000 0.362 0.360]
  eval: e=0.0453  p=[0.274 0.543 0.004 0.336 0.356]
  eval: e=0.0401  p=[0.230 0.581 0.000 0.349 0.348]
  eval: e=0.0476  p=[0.217 0.584 0.000 0.377 0.358]
  eval: e=0.0425  p=[0.218 0.580 0.000 0.369 0.358]
  eval: e=0.0395  p=[0.217 0.603 0.000 0.360 0.357]
  eval: e=23.4125  p=[0.209 0.590 0.000 0.466 0.357]
  eval: e=0.0390  p=[0.218 0.601 0.000 0.361 0.357]
  eval: e=0.0462  p=[0.219 0.592 0.000 0.357 0.356]
  eval: e=0.0524  p=[0.217 0.604 0.000 0.365 0.357]
  eval: e=0.0384  p=[0.216 0.597 0.000 0.362 0.356]
  eval: e=0.0510  p=[0.230 0.593 0.000 0.359 0.358]
  eval: e=0.0404  p=[0.213 0.613 0.000 0.360 0.358]
  eval: e=0.0383  p=[0.214 0.607 0.000 0.361 0.359]
  eval: e=0.2415  p=[0.247 0.616 0.000 0.343 0.357]
  eval: e=0.1678  p=[0.205 0.586 0.000 0.336 0.353]
  eval: e=0.0404  p=[0.219 0.607 0.000 0.359 0.359]
  eval: e=2.0853  p=[0.248 0.597 0.001 0.377 0.354]
  eval: e=0.0415  p=[0.215 0.598 0.000 0.360 0.357]
  eval: e=0.0414  p=[0.212 0.603 0.003 0.361 0.349]
  eval: e=0.0401  p=[0.218 0.606 0.000 0.354 0.358]
  eval: e=0.0385  p=[0.220 0.595 0.000 0.362 0.359]
  eval: e=0.0384  p=[0.217 0.605 0.000 0.359 0.358]
  eval: e=0.0388  p=[0.218 0.606 0.000 0.356 0.358]
  eval: e=0.0389  p=[0.216 0.605 0.000 0.362 0.359]
  eval: e=0.0386  p=[0.217 0.604 0.000 0.358 0.358]
  eval: e=1.7722  p=[0.287 0.503 0.011 0.407 0.359]
  eval: e=0.0386  p=[0.219 0.606 0.000 0.356 0.359]
  eval: e=0.0386  p=[0.215 0.592 0.000 0.364 0.354]
  eval: e=0.0384  p=[0.217 0.604 0.000 0.357 0.356]
  eval: e=0.0386  p=[0.221 0.599 0.000 0.358 0.358]
  eval: e=0.0591  p=[0.219 0.602 0.000 0.365 0.355]
  eval: e=0.0407  p=[0.216 0.599 0.000 0.359 0.358]
  eval: e=0.0453  p=[0.233 0.589 0.000 0.353 0.352]
  eval: e=0.0395  p=[0.214 0.611 0.000 0.360 0.358]
  eval: e=0.0656  p=[0.235 0.603 0.000 0.351 0.357]
  eval: e=0.0405  p=[0.213 0.603 0.000 0.361 0.359]
  eval: e=0.0410  p=[0.229 0.592 0.000 0.356 0.355]
  eval: e=0.0389  p=[0.218 0.606 0.000 0.359 0.359]
  eval: e=0.1200  p=[0.231 0.604 0.000 0.358 0.355]
  272           13650         0.03833          0.6062        0
  eval: e=0.0731  p=[0.203 0.603 0.000 0.357 0.358]
  eval: e=0.0384  p=[0.219 0.603 0.000 0.357 0.358]
  eval: e=0.0383  p=[0.216 0.605 0.000 0.359 0.358]
  eval: e=0.0424  p=[0.213 0.595 0.000 0.364 0.358]
  eval: e=0.0384  p=[0.211 0.607 0.000 0.363 0.358]
  eval: e=0.1267  p=[0.224 0.612 0.000 0.361 0.356]
  eval: e=0.0810  p=[0.226 0.557 0.000 0.361 0.357]
  eval: e=0.0397  p=[0.227 0.573 0.000 0.363 0.354]
  eval: e=0.0383  p=[0.213 0.606 0.000 0.363 0.360]
  eval: e=0.1190  p=[0.239 0.523 0.000 0.360 0.356]
  eval: e=0.0383  p=[0.213 0.607 0.000 0.363 0.360]
  eval: e=0.2686  p=[0.244 0.589 0.002 0.354 0.345]
  eval: e=0.1515  p=[0.223 0.557 0.000 0.344 0.355]
  eval: e=0.0484  p=[0.216 0.605 0.000 0.366 0.359]
  eval: e=0.0384  p=[0.214 0.598 0.000 0.367 0.359]
  eval: e=0.0384  p=[0.217 0.600 0.000 0.361 0.357]
  eval: e=1.0710  p=[0.134 0.594 0.000 0.489 0.358]
  eval: e=0.0463  p=[0.217 0.604 0.000 0.363 0.356]
  eval: e=0.0428  p=[0.212 0.602 0.000 0.360 0.357]
  eval: e=0.0568  p=[0.217 0.575 0.000 0.367 0.359]
  eval: e=0.0423  p=[0.215 0.611 0.000 0.360 0.358]
  eval: e=0.0403  p=[0.224 0.597 0.000 0.352 0.350]
  eval: e=0.0405  p=[0.213 0.605 0.000 0.360 0.360]
  eval: e=0.0389  p=[0.213 0.608 0.000 0.364 0.359]
  eval: e=10.0898  p=[0.250 0.639 0.000 0.373 0.351]
  eval: e=0.0507  p=[0.243 0.572 0.000 0.355 0.352]
  eval: e=0.0432  p=[0.216 0.606 0.000 0.355 0.359]
  eval: e=8.6193  p=[0.279 0.580 0.002 0.378 0.349]
  eval: e=0.0405  p=[0.221 0.596 0.000 0.363 0.358]
  eval: e=0.0429  p=[0.222 0.608 0.001 0.354 0.356]
  eval: e=0.0418  p=[0.217 0.604 0.000 0.355 0.358]
  eval: e=0.0398  p=[0.219 0.596 0.000 0.364 0.358]
  eval: e=0.0392  p=[0.217 0.600 0.000 0.360 0.359]
  eval: e=0.0430  p=[0.216 0.606 0.000 0.363 0.359]
  eval: e=0.0401  p=[0.218 0.603 0.000 0.361 0.358]
  eval: e=0.0385  p=[0.217 0.606 0.000 0.358 0.359]
  eval: e=0.1398  p=[0.264 0.531 0.013 0.330 0.358]
  eval: e=0.0383  p=[0.212 0.608 0.000 0.363 0.359]
  eval: e=0.0448  p=[0.216 0.603 0.000 0.364 0.355]
  eval: e=0.0392  p=[0.213 0.605 0.000 0.364 0.358]
  eval: e=0.0384  p=[0.217 0.605 0.000 0.358 0.357]
  eval: e=0.0426  p=[0.229 0.566 0.000 0.365 0.356]
  eval: e=0.0408  p=[0.220 0.592 0.000 0.360 0.358]
  eval: e=0.0836  p=[0.240 0.585 0.001 0.354 0.351]
  eval: e=0.0389  p=[0.226 0.593 0.000 0.359 0.358]
  eval: e=0.0852  p=[0.214 0.598 0.000 0.345 0.357]
  eval: e=0.0389  p=[0.213 0.605 0.000 0.363 0.360]
  eval: e=0.0444  p=[0.219 0.592 0.000 0.358 0.357]
  eval: e=0.0507  p=[0.218 0.594 0.000 0.356 0.359]
  eval: e=0.0499  p=[0.215 0.600 0.000 0.355 0.358]
  273           13700         0.03833            0.45        0
  eval: e=0.0445  p=[0.218 0.603 0.000 0.364 0.358]
  eval: e=0.0383  p=[0.214 0.603 0.000 0.363 0.358]
  eval: e=0.0383  p=[0.216 0.605 0.000 0.359 0.358]
  eval: e=0.0464  p=[0.214 0.605 0.000 0.368 0.359]
  eval: e=0.0383  p=[0.206 0.607 0.000 0.369 0.359]
  eval: e=0.1590  p=[0.223 0.607 0.000 0.363 0.351]
  eval: e=0.1501  p=[0.228 0.531 0.000 0.357 0.355]
  eval: e=0.4007  p=[0.231 0.607 0.000 0.366 0.353]
  eval: e=0.0383  p=[0.211 0.608 0.000 0.365 0.361]
  eval: e=0.0933  p=[0.235 0.541 0.000 0.360 0.357]
  eval: e=0.0384  p=[0.213 0.608 0.000 0.363 0.360]
  eval: e=0.4859  p=[0.248 0.606 0.004 0.354 0.354]
  eval: e=0.2174  p=[0.215 0.535 0.001 0.350 0.360]
  eval: e=0.0393  p=[0.216 0.615 0.000 0.357 0.361]
  eval: e=0.0451  p=[0.210 0.623 0.000 0.360 0.359]
  eval: e=0.0394  p=[0.216 0.600 0.000 0.361 0.359]
  eval: e=0.2149  p=[0.076 0.590 0.000 0.456 0.359]
  eval: e=0.0387  p=[0.216 0.596 0.000 0.364 0.357]
  eval: e=0.0400  p=[0.217 0.594 0.000 0.362 0.357]
  eval: e=0.0605  p=[0.220 0.574 0.000 0.361 0.355]
  eval: e=0.0394  p=[0.219 0.603 0.000 0.354 0.357]
  eval: e=0.0478  p=[0.212 0.594 0.000 0.357 0.351]
  eval: e=0.0403  p=[0.218 0.597 0.000 0.361 0.360]
  eval: e=0.0391  p=[0.214 0.607 0.000 0.362 0.359]
  eval: e=0.2445  p=[0.199 0.546 0.000 0.337 0.349]
  eval: e=4.5554  p=[0.277 0.587 0.000 0.372 0.359]
  eval: e=0.0402  p=[0.211 0.607 0.000 0.362 0.359]
  eval: e=0.0482  p=[0.304 0.565 0.002 0.290 0.342]
  eval: e=0.0387  p=[0.227 0.581 0.000 0.364 0.358]
  eval: e=0.0443  p=[0.212 0.609 0.000 0.352 0.354]
  eval: e=0.0419  p=[0.213 0.608 0.000 0.365 0.359]
  eval: e=0.0404  p=[0.211 0.598 0.000 0.364 0.357]
  eval: e=0.0397  p=[0.215 0.601 0.000 0.362 0.359]
  eval: e=0.0458  p=[0.213 0.607 0.000 0.368 0.359]
  eval: e=0.0395  p=[0.219 0.602 0.000 0.362 0.360]
  eval: e=0.0398  p=[0.211 0.611 0.000 0.358 0.358]
  eval: e=0.2872  p=[0.200 0.525 0.009 0.455 0.358]
  eval: e=0.0394  p=[0.208 0.610 0.000 0.368 0.360]
  eval: e=0.0515  p=[0.218 0.608 0.000 0.361 0.356]
  eval: e=0.0626  p=[0.218 0.605 0.000 0.368 0.359]
  eval: e=0.0390  p=[0.209 0.609 0.000 0.362 0.358]
  eval: e=0.0836  p=[0.236 0.542 0.000 0.361 0.359]
  eval: e=0.0438  p=[0.221 0.603 0.000 0.360 0.357]
  eval: e=0.0825  p=[0.223 0.577 0.000 0.359 0.365]
  eval: e=0.0424  p=[0.228 0.582 0.000 0.356 0.358]
  eval: e=0.0969  p=[0.200 0.599 0.000 0.358 0.359]
  eval: e=0.0468  p=[0.218 0.607 0.000 0.363 0.359]
  eval: e=0.0452  p=[0.217 0.610 0.000 0.360 0.357]
  eval: e=0.0761  p=[0.209 0.594 0.000 0.356 0.358]
  eval: e=0.1448  p=[0.206 0.570 0.000 0.356 0.357]
  274           13750          0.0383          0.1759        0
  eval: e=0.6053  p=[0.238 0.602 0.000 0.371 0.358]
  eval: e=0.0384  p=[0.209 0.602 0.000 0.369 0.359]
  eval: e=0.0383  p=[0.216 0.605 0.000 0.359 0.358]
  eval: e=0.1309  p=[0.222 0.608 0.000 0.367 0.358]
  eval: e=0.0383  p=[0.200 0.607 0.000 0.376 0.359]
  eval: e=0.0387  p=[0.228 0.567 0.000 0.365 0.351]
  eval: e=0.4653  p=[0.223 0.632 0.000 0.362 0.355]
  eval: e=0.1438  p=[0.205 0.634 0.000 0.367 0.354]
  eval: e=0.0383  p=[0.208 0.611 0.000 0.368 0.363]
  eval: e=0.0536  p=[0.223 0.597 0.000 0.364 0.356]
  eval: e=0.0383  p=[0.213 0.608 0.000 0.362 0.360]
  eval: e=0.0807  p=[0.271 0.563 0.002 0.321 0.366]
  eval: e=0.0925  p=[0.252 0.526 0.000 0.354 0.359]
  eval: e=0.0424  p=[0.214 0.604 0.000 0.357 0.358]
  eval: e=0.1261  p=[0.215 0.637 0.000 0.357 0.358]
  eval: e=0.0396  p=[0.217 0.599 0.000 0.361 0.359]
  eval: e=0.2418  p=[0.111 0.577 0.000 0.417 0.360]
  eval: e=0.0586  p=[0.201 0.601 0.000 0.368 0.360]
  eval: e=0.0419  p=[0.222 0.591 0.000 0.366 0.358]
  eval: e=0.0428  p=[0.216 0.598 0.001 0.363 0.353]
  eval: e=0.0586  p=[0.218 0.590 0.000 0.353 0.355]
  eval: e=0.0433  p=[0.230 0.583 0.000 0.358 0.361]
  eval: e=0.0400  p=[0.216 0.597 0.000 0.362 0.358]
  eval: e=0.0383  p=[0.215 0.607 0.000 0.360 0.358]
  eval: e=0.2695  p=[0.227 0.493 0.000 0.331 0.348]
  eval: e=0.6872  p=[0.268 0.599 0.000 0.349 0.363]
  eval: e=0.0384  p=[0.210 0.607 0.000 0.363 0.357]
  eval: e=0.2326  p=[0.294 0.552 0.005 0.248 0.353]
  eval: e=0.0391  p=[0.221 0.593 0.000 0.366 0.360]
  eval: e=0.0390  p=[0.205 0.610 0.004 0.367 0.354]
  eval: e=0.0450  p=[0.201 0.611 0.000 0.376 0.358]
  eval: e=0.0419  p=[0.213 0.600 0.000 0.360 0.357]
  eval: e=0.0519  p=[0.208 0.610 0.000 0.372 0.359]
  eval: e=0.0599  p=[0.214 0.608 0.000 0.369 0.358]
  eval: e=0.0386  p=[0.219 0.599 0.000 0.363 0.360]
  eval: e=0.0477  p=[0.208 0.615 0.000 0.368 0.358]
  eval: e=4.7388  p=[0.209 0.448 0.002 0.534 0.359]
  eval: e=0.0385  p=[0.213 0.610 0.001 0.362 0.360]
  eval: e=0.0384  p=[0.214 0.603 0.000 0.359 0.354]
  eval: e=0.0488  p=[0.219 0.604 0.000 0.364 0.359]
  eval: e=0.0400  p=[0.213 0.609 0.000 0.363 0.358]
  eval: e=0.0479  p=[0.225 0.575 0.000 0.361 0.357]
  eval: e=0.0630  p=[0.206 0.617 0.000 0.370 0.357]
  eval: e=0.1498  p=[0.212 0.569 0.000 0.354 0.363]
  eval: e=0.0863  p=[0.230 0.602 0.000 0.359 0.357]
  eval: e=0.1772  p=[0.227 0.604 0.000 0.371 0.361]
  eval: e=0.0497  p=[0.215 0.610 0.000 0.363 0.358]
  eval: e=0.3571  p=[0.230 0.626 0.000 0.357 0.356]
  eval: e=0.0384  p=[0.206 0.620 0.000 0.361 0.358]
  eval: e=0.0466  p=[0.231 0.553 0.000 0.371 0.357]
  275           13800         0.03825          0.2017        0
  eval: e=0.0792  p=[0.192 0.605 0.000 0.367 0.359]
  eval: e=0.0437  p=[0.206 0.603 0.000 0.369 0.363]
  eval: e=0.0383  p=[0.216 0.605 0.000 0.359 0.358]
  eval: e=0.1124  p=[0.227 0.606 0.000 0.362 0.357]
  eval: e=0.0382  p=[0.193 0.607 0.000 0.383 0.359]
  eval: e=0.0776  p=[0.231 0.551 0.000 0.361 0.356]
  eval: e=0.3468  p=[0.210 0.627 0.000 0.374 0.355]
  eval: e=0.1881  p=[0.194 0.555 0.000 0.365 0.357]
  eval: e=0.0384  p=[0.211 0.610 0.000 0.365 0.363]
  eval: e=0.1318  p=[0.217 0.617 0.000 0.366 0.356]
  eval: e=0.0384  p=[0.214 0.608 0.000 0.360 0.359]
  eval: e=0.2627  p=[0.304 0.565 0.007 0.319 0.353]
  eval: e=9.1520  p=[0.278 0.643 0.000 0.345 0.356]
  eval: e=0.0565  p=[0.214 0.574 0.000 0.369 0.355]
  eval: e=0.0937  p=[0.219 0.624 0.000 0.358 0.358]
  eval: e=0.0423  p=[0.193 0.600 0.000 0.380 0.357]
  eval: e=0.2043  p=[0.220 0.569 0.000 0.400 0.359]
  eval: e=0.0386  p=[0.206 0.602 0.000 0.371 0.360]
  eval: e=0.0551  p=[0.210 0.586 0.000 0.366 0.357]
  eval: e=0.1394  p=[0.213 0.610 0.000 0.372 0.353]
  eval: e=0.0468  p=[0.202 0.601 0.000 0.383 0.359]
  eval: e=0.0448  p=[0.243 0.577 0.000 0.351 0.365]
  eval: e=0.0383  p=[0.209 0.606 0.000 0.365 0.358]
  eval: e=0.0387  p=[0.215 0.606 0.000 0.359 0.358]
  eval: e=0.3953  p=[0.286 0.561 0.000 0.342 0.352]
  eval: e=0.2020  p=[0.198 0.605 0.000 0.308 0.340]
  eval: e=0.0397  p=[0.209 0.607 0.000 0.365 0.355]
  eval: e=0.0399  p=[0.225 0.620 0.009 0.348 0.364]
  eval: e=0.0458  p=[0.207 0.606 0.000 0.364 0.361]
  eval: e=0.2939  p=[0.210 0.597 0.005 0.392 0.353]
  eval: e=0.3850  p=[0.216 0.608 0.000 0.383 0.357]
  eval: e=0.0385  p=[0.223 0.594 0.000 0.360 0.359]
  eval: e=0.0522  p=[0.215 0.611 0.000 0.364 0.358]
  eval: e=0.0705  p=[0.221 0.604 0.000 0.365 0.358]
  eval: e=0.0399  p=[0.217 0.599 0.000 0.364 0.356]
  eval: e=0.0461  p=[0.218 0.610 0.000 0.347 0.358]
  eval: e=0.4213  p=[0.228 0.354 0.003 0.548 0.358]
  eval: e=0.0443  p=[0.218 0.597 0.000 0.357 0.358]
  eval: e=0.0385  p=[0.209 0.598 0.000 0.373 0.359]
  eval: e=0.0387  p=[0.215 0.603 0.000 0.358 0.356]
  eval: e=0.0432  p=[0.207 0.602 0.000 0.366 0.358]
  eval: e=0.0822  p=[0.210 0.617 0.000 0.364 0.351]
  eval: e=0.0567  p=[0.202 0.597 0.000 0.370 0.359]
  eval: e=0.1947  p=[0.207 0.573 0.000 0.339 0.358]
  eval: e=0.0793  p=[0.213 0.622 0.000 0.363 0.358]
  eval: e=2.3439  p=[0.261 0.610 0.000 0.360 0.357]
  eval: e=0.0384  p=[0.216 0.605 0.000 0.358 0.357]
  eval: e=0.0420  p=[0.245 0.554 0.000 0.358 0.357]
  eval: e=0.2505  p=[0.223 0.626 0.000 0.361 0.358]
  eval: e=4.4101  p=[0.258 0.620 0.000 0.366 0.356]
  276           13850          0.0382          0.4216        0
  eval: e=0.0928  p=[0.179 0.610 0.000 0.374 0.360]
  eval: e=0.0394  p=[0.219 0.605 0.000 0.363 0.367]
  eval: e=0.0383  p=[0.214 0.607 0.000 0.361 0.359]
  eval: e=0.0953  p=[0.179 0.594 0.000 0.381 0.357]
  eval: e=0.0382  p=[0.186 0.606 0.000 0.391 0.359]
  eval: e=0.0866  p=[0.226 0.565 0.000 0.357 0.360]
  eval: e=0.0573  p=[0.211 0.598 0.000 0.374 0.354]
  eval: e=0.2236  p=[0.220 0.507 0.000 0.359 0.358]
  eval: e=0.0390  p=[0.212 0.604 0.000 0.364 0.360]
  eval: e=0.0394  p=[0.221 0.594 0.000 0.362 0.357]
  eval: e=0.0384  p=[0.214 0.608 0.000 0.360 0.358]
  eval: e=18.8196  p=[0.327 0.606 0.004 0.331 0.341]
  eval: e=18.5077  p=[0.261 0.698 0.000 0.341 0.351]
  eval: e=0.0483  p=[0.216 0.567 0.000 0.379 0.360]
  eval: e=0.0641  p=[0.211 0.567 0.000 0.376 0.358]
  eval: e=0.0426  p=[0.176 0.606 0.000 0.403 0.358]
  eval: e=5.2529  p=[0.231 0.600 0.000 0.409 0.357]
  eval: e=0.2349  p=[0.225 0.597 0.000 0.378 0.358]
  eval: e=0.0630  p=[0.208 0.584 0.000 0.364 0.354]
  eval: e=0.2087  p=[0.218 0.609 0.000 0.378 0.361]
  eval: e=0.0426  p=[0.174 0.616 0.000 0.392 0.361]
  eval: e=0.5951  p=[0.257 0.600 0.000 0.345 0.348]
  eval: e=0.0403  p=[0.202 0.617 0.001 0.369 0.358]
  eval: e=0.0984  p=[0.188 0.607 0.000 0.364 0.359]
  eval: e=48.1911  p=[0.306 0.670 0.000 0.369 0.367]
  eval: e=0.1706  p=[0.159 0.543 0.000 0.390 0.331]
  eval: e=0.0389  p=[0.208 0.607 0.000 0.365 0.358]
  eval: e=2.8753  p=[0.205 0.652 0.007 0.397 0.361]
  eval: e=0.0414  p=[0.212 0.608 0.000 0.363 0.356]
  eval: e=0.1042  p=[0.196 0.586 0.000 0.407 0.359]
  eval: e=0.0642  p=[0.231 0.604 0.000 0.333 0.360]
  eval: e=0.0397  p=[0.228 0.586 0.000 0.364 0.361]
  eval: e=0.0393  p=[0.222 0.607 0.000 0.349 0.358]
  eval: e=0.0434  p=[0.223 0.602 0.000 0.349 0.359]
  eval: e=0.0571  p=[0.212 0.607 0.000 0.366 0.353]
  eval: e=0.0802  p=[0.228 0.604 0.000 0.329 0.358]
  eval: e=0.3325  p=[0.306 0.460 0.011 0.237 0.358]
  eval: e=0.0383  p=[0.206 0.610 0.000 0.366 0.357]
  eval: e=0.0599  p=[0.188 0.597 0.000 0.385 0.363]
  eval: e=0.0430  p=[0.214 0.598 0.000 0.357 0.353]
  eval: e=0.0693  p=[0.197 0.601 0.000 0.366 0.358]
  eval: e=0.2167  p=[0.212 0.622 0.000 0.368 0.352]
  eval: e=0.0685  p=[0.212 0.588 0.000 0.362 0.361]
  eval: e=0.1113  p=[0.237 0.629 0.001 0.333 0.352]
  eval: e=0.0463  p=[0.193 0.613 0.000 0.383 0.358]
  eval: e=0.0711  p=[0.210 0.607 0.000 0.346 0.354]
  eval: e=0.0476  p=[0.216 0.600 0.000 0.356 0.359]
  eval: e=0.0580  p=[0.246 0.545 0.000 0.376 0.356]
  eval: e=0.5599  p=[0.227 0.599 0.000 0.383 0.358]
  eval: e=2.4873  p=[0.255 0.626 0.000 0.355 0.355]
  277           13900         0.03816           2.015        0
  eval: e=0.3211  p=[0.246 0.610 0.000 0.353 0.359]
  eval: e=0.0513  p=[0.206 0.609 0.000 0.376 0.359]
  eval: e=0.1189  p=[0.176 0.609 0.000 0.371 0.360]
  eval: e=0.1765  p=[0.167 0.582 0.000 0.383 0.361]
  eval: e=0.0381  p=[0.178 0.606 0.000 0.399 0.360]
  eval: e=0.0739  p=[0.213 0.630 0.000 0.360 0.361]
  eval: e=0.0956  p=[0.229 0.536 0.000 0.368 0.356]
  eval: e=0.1149  p=[0.242 0.511 0.000 0.364 0.353]
  eval: e=0.0438  p=[0.203 0.602 0.000 0.378 0.357]
  eval: e=0.1302  p=[0.227 0.538 0.000 0.359 0.355]
  eval: e=0.0449  p=[0.184 0.606 0.000 0.386 0.359]
  eval: e=0.1659  p=[0.234 0.580 0.002 0.360 0.340]
  eval: e=0.0976  p=[0.237 0.524 0.000 0.359 0.348]
  eval: e=0.0387  p=[0.216 0.580 0.000 0.380 0.364]
  eval: e=0.0886  p=[0.196 0.564 0.001 0.389 0.361]
  eval: e=0.0723  p=[0.195 0.612 0.000 0.389 0.359]
  eval: e=54.6650  p=[0.197 0.595 0.000 0.499 0.355]
  eval: e=1.1620  p=[0.237 0.607 0.000 0.374 0.354]
  eval: e=0.1106  p=[0.186 0.597 0.000 0.364 0.354]
  eval: e=0.0446  p=[0.217 0.595 0.000 0.375 0.364]
  eval: e=0.0677  p=[0.195 0.619 0.000 0.357 0.358]
  eval: e=0.4128  p=[0.205 0.627 0.000 0.367 0.338]
  eval: e=0.1036  p=[0.209 0.625 0.001 0.368 0.358]
  eval: e=0.0969  p=[0.179 0.607 0.000 0.376 0.360]
  eval: e=0.0998  p=[0.139 0.698 0.000 0.366 0.363]
  eval: e=0.2267  p=[0.214 0.487 0.000 0.441 0.333]
  eval: e=0.0820  p=[0.200 0.606 0.000 0.390 0.361]
  eval: e=0.5266  p=[0.326 0.585 0.002 0.278 0.337]
  eval: e=0.0497  p=[0.227 0.587 0.000 0.362 0.353]
  eval: e=0.1894  p=[0.194 0.598 0.001 0.339 0.359]
  eval: e=0.1531  p=[0.224 0.601 0.000 0.317 0.359]
  eval: e=0.0432  p=[0.210 0.593 0.000 0.369 0.359]
  eval: e=0.0774  p=[0.201 0.602 0.000 0.360 0.358]
  eval: e=0.1026  p=[0.197 0.604 0.000 0.356 0.359]
  eval: e=0.0480  p=[0.217 0.601 0.000 0.365 0.356]
  eval: e=0.0732  p=[0.226 0.600 0.000 0.337 0.359]
  eval: e=0.2050  p=[0.342 0.663 0.023 0.157 0.360]
  eval: e=0.0505  p=[0.192 0.624 0.000 0.377 0.356]
  eval: e=0.1482  p=[0.181 0.605 0.000 0.352 0.350]
  eval: e=0.0481  p=[0.214 0.604 0.000 0.356 0.360]
  eval: e=0.0433  p=[0.213 0.605 0.000 0.357 0.357]
  eval: e=0.0392  p=[0.215 0.587 0.001 0.369 0.357]
  eval: e=0.0385  p=[0.224 0.602 0.000 0.355 0.358]
  eval: e=31.1309  p=[0.248 0.650 0.001 0.397 0.352]
  eval: e=0.0917  p=[0.191 0.593 0.000 0.405 0.358]
  eval: e=0.1960  p=[0.152 0.600 0.000 0.374 0.355]
  eval: e=0.0533  p=[0.213 0.597 0.000 0.364 0.364]
  eval: e=0.0699  p=[0.224 0.543 0.001 0.373 0.354]
  eval: e=0.0446  p=[0.223 0.589 0.000 0.368 0.359]
  eval: e=0.1798  p=[0.213 0.561 0.000 0.344 0.357]
  278           13950         0.03812           1.847        0
  eval: e=0.3302  p=[0.207 0.607 0.000 0.392 0.358]
  eval: e=0.0545  p=[0.200 0.609 0.000 0.355 0.350]
  eval: e=0.1463  p=[0.170 0.610 0.000 0.371 0.361]
  eval: e=4.2803  p=[0.273 0.589 0.000 0.377 0.364]
  eval: e=0.0381  p=[0.169 0.606 0.000 0.409 0.360]
  eval: e=0.0645  p=[0.167 0.640 0.000 0.369 0.351]
  eval: e=0.0420  p=[0.246 0.547 0.000 0.361 0.356]
  eval: e=3.7710  p=[0.229 0.655 0.000 0.367 0.353]
  eval: e=0.0458  p=[0.209 0.614 0.001 0.358 0.361]
  eval: e=0.0528  p=[0.218 0.565 0.000 0.370 0.354]
  eval: e=0.0568  p=[0.157 0.605 0.000 0.411 0.361]
  eval: e=0.3237  p=[0.141 0.529 0.002 0.364 0.359]
  eval: e=0.3155  p=[0.242 0.381 0.000 0.362 0.350]
  eval: e=0.0547  p=[0.193 0.595 0.000 0.381 0.361]
  eval: e=0.0724  p=[0.192 0.619 0.001 0.388 0.360]
  eval: e=0.1423  p=[0.241 0.604 0.000 0.301 0.360]
  eval: e=26.5944  p=[0.110 0.581 0.000 0.575 0.358]
  eval: e=0.1198  p=[0.193 0.611 0.000 0.345 0.352]
  eval: e=0.0421  p=[0.208 0.602 0.000 0.362 0.355]
  eval: e=0.1325  p=[0.211 0.571 0.001 0.355 0.359]
  eval: e=0.0603  p=[0.231 0.609 0.000 0.325 0.353]
  eval: e=0.0455  p=[0.190 0.595 0.000 0.386 0.346]
  eval: e=0.0468  p=[0.217 0.605 0.000 0.364 0.358]
  eval: e=0.0815  p=[0.223 0.607 0.000 0.365 0.362]
  eval: e=0.3160  p=[0.149 0.535 0.001 0.341 0.342]
  eval: e=0.1243  p=[0.314 0.469 0.000 0.336 0.373]
  eval: e=0.0818  p=[0.216 0.604 0.000 0.372 0.358]
  eval: e=0.0422  p=[0.360 0.529 0.000 0.249 0.340]
  eval: e=0.0676  p=[0.242 0.574 0.000 0.361 0.356]
  eval: e=0.2271  p=[0.189 0.618 0.003 0.308 0.347]
  eval: e=0.0578  p=[0.196 0.608 0.000 0.363 0.354]
  eval: e=0.0661  p=[0.204 0.622 0.000 0.371 0.358]
  eval: e=0.0536  p=[0.211 0.605 0.000 0.373 0.360]
  eval: e=0.0585  p=[0.185 0.610 0.000 0.376 0.358]
  eval: e=0.0501  p=[0.219 0.602 0.000 0.358 0.366]
  eval: e=0.2335  p=[0.211 0.603 0.000 0.389 0.360]
  eval: e=82.9992  p=[0.127 0.601 0.010 0.588 0.361]
  eval: e=0.0399  p=[0.193 0.625 0.000 0.366 0.356]
  eval: e=0.1858  p=[0.185 0.612 0.000 0.326 0.344]
  eval: e=0.0386  p=[0.214 0.610 0.000 0.363 0.365]
  eval: e=0.0789  p=[0.234 0.613 0.000 0.347 0.358]
  eval: e=0.1307  p=[0.174 0.552 0.000 0.409 0.362]
  eval: e=0.2458  p=[0.219 0.621 0.000 0.365 0.354]
  eval: e=0.0852  p=[0.207 0.605 0.000 0.352 0.361]
  eval: e=0.0605  p=[0.221 0.575 0.000 0.363 0.360]
  eval: e=0.1750  p=[0.138 0.599 0.000 0.398 0.358]
  eval: e=0.0514  p=[0.210 0.599 0.000 0.369 0.367]
  eval: e=0.0398  p=[0.206 0.633 0.000 0.352 0.355]
  eval: e=0.0989  p=[0.208 0.609 0.000 0.343 0.359]
  eval: e=0.2667  p=[0.179 0.550 0.000 0.354 0.360]
  279           14000         0.03811           2.456        0
  eval: e=0.0390  p=[0.139 0.597 0.000 0.442 0.357]
  eval: e=0.0745  p=[0.207 0.600 0.000 0.344 0.345]
  eval: e=0.1517  p=[0.182 0.607 0.000 0.355 0.357]
  eval: e=45.0023  p=[0.356 0.621 0.000 0.349 0.357]
  eval: e=0.0381  p=[0.159 0.605 0.000 0.419 0.360]
  eval: e=0.2539  p=[0.125 0.569 0.000 0.387 0.343]
  eval: e=0.4995  p=[0.237 0.619 0.000 0.359 0.357]
  eval: e=9.7238  p=[0.207 0.742 0.000 0.362 0.360]
  eval: e=0.0712  p=[0.217 0.622 0.000 0.339 0.366]
  eval: e=0.8756  p=[0.212 0.644 0.000 0.370 0.353]
  eval: e=0.0400  p=[0.206 0.607 0.000 0.373 0.360]
  eval: e=0.3738  p=[0.124 0.478 0.002 0.336 0.381]
  eval: e=0.1223  p=[0.217 0.623 0.000 0.364 0.359]
  eval: e=0.0415  p=[0.209 0.616 0.000 0.352 0.354]
  eval: e=1.6987  p=[0.214 0.660 0.000 0.369 0.355]
  eval: e=0.1827  p=[0.160 0.594 0.000 0.378 0.359]
  eval: e=0.3258  p=[0.072 0.590 0.000 0.397 0.364]
  eval: e=0.1598  p=[0.185 0.597 0.000 0.356 0.358]
  eval: e=0.3673  p=[0.245 0.596 0.000 0.361 0.356]
  eval: e=0.1015  p=[0.203 0.589 0.000 0.353 0.352]
  eval: e=0.1066  p=[0.236 0.589 0.000 0.318 0.352]
  eval: e=0.1641  p=[0.209 0.552 0.000 0.379 0.377]
  eval: e=0.0598  p=[0.215 0.584 0.000 0.362 0.358]
  eval: e=0.9581  p=[0.264 0.607 0.000 0.349 0.359]
  eval: e=0.2687  p=[0.248 0.481 0.000 0.316 0.345]
  eval: e=0.1153  p=[0.220 0.696 0.000 0.297 0.381]
  eval: e=0.0506  p=[0.220 0.608 0.000 0.341 0.354]
  eval: e=0.0824  p=[0.208 0.597 0.001 0.351 0.354]
  eval: e=0.0435  p=[0.225 0.588 0.000 0.361 0.363]
  eval: e=0.1538  p=[0.228 0.603 0.002 0.300 0.346]
  eval: e=0.1989  p=[0.178 0.617 0.000 0.408 0.355]
  eval: e=0.1701  p=[0.206 0.638 0.001 0.366 0.357]
  eval: e=0.4830  p=[0.225 0.608 0.000 0.380 0.361]
  eval: e=0.1520  p=[0.218 0.610 0.000 0.371 0.357]
  eval: e=0.0520  p=[0.213 0.606 0.000 0.360 0.366]
  eval: e=0.0571  p=[0.147 0.614 0.000 0.435 0.360]
  eval: e=3.2349  p=[0.012 0.467 0.000 0.722 0.356]
  eval: e=0.0430  p=[0.218 0.602 0.000 0.354 0.358]
  eval: e=0.7248  p=[0.220 0.611 0.000 0.387 0.360]
  eval: e=0.0563  p=[0.212 0.615 0.000 0.367 0.359]
  eval: e=0.0440  p=[0.224 0.603 0.000 0.358 0.359]
  eval: e=0.1829  p=[0.220 0.547 0.000 0.351 0.364]
  eval: e=0.0482  p=[0.210 0.593 0.000 0.374 0.351]
  eval: e=0.3403  p=[0.172 0.554 0.000 0.303 0.367]
  eval: e=0.1696  p=[0.218 0.597 0.000 0.322 0.360]
  eval: e=10.0865  p=[0.290 0.600 0.000 0.367 0.360]
  eval: e=0.1619  p=[0.170 0.604 0.000 0.374 0.365]
  eval: e=0.1587  p=[0.144 0.643 0.000 0.369 0.357]
  eval: e=0.1378  p=[0.208 0.612 0.000 0.330 0.358]
  eval: e=1.0762  p=[0.233 0.632 0.000 0.366 0.360]
  280           14050         0.03811           1.594        1
  eval: e=0.1555  p=[0.154 0.601 0.000 0.386 0.358]
  eval: e=0.0463  p=[0.183 0.598 0.000 0.413 0.369]
  eval: e=0.0910  p=[0.231 0.606 0.000 0.352 0.353]
  eval: e=0.2839  p=[0.122 0.609 0.000 0.355 0.350]
  eval: e=0.0513  p=[0.155 0.606 0.000 0.414 0.360]
  eval: e=0.0400  p=[0.210 0.533 0.000 0.419 0.368]
  eval: e=0.0668  p=[0.137 0.660 0.000 0.397 0.363]
  eval: e=0.2872  p=[0.216 0.472 0.000 0.360 0.362]
  eval: e=0.0388  p=[0.166 0.616 0.000 0.406 0.359]
  eval: e=0.0601  p=[0.155 0.681 0.000 0.380 0.354]
  eval: e=0.0488  p=[0.221 0.609 0.000 0.345 0.359]
  eval: e=0.1664  p=[0.266 0.533 0.008 0.319 0.359]
  eval: e=38.7181  p=[0.148 0.850 0.000 0.416 0.368]
  eval: e=0.2691  p=[0.225 0.618 0.000 0.362 0.355]
  eval: e=0.6312  p=[0.238 0.641 0.000 0.343 0.353]
  eval: e=0.0945  p=[0.101 0.597 0.000 0.458 0.354]
  eval: e=0.3635  p=[0.055 0.621 0.000 0.333 0.367]
  eval: e=1.4260  p=[0.196 0.585 0.000 0.437 0.361]
  eval: e=44.2647  p=[0.278 0.587 0.000 0.429 0.360]
  eval: e=0.8906  p=[0.201 0.601 0.000 0.409 0.354]
  eval: e=0.2579  p=[0.221 0.590 0.000 0.386 0.356]
  eval: e=0.0639  p=[0.245 0.589 0.000 0.350 0.358]
  eval: e=0.1163  p=[0.206 0.571 0.000 0.365 0.359]
  eval: e=0.0394  p=[0.180 0.607 0.000 0.396 0.357]
  eval: e=42.9954  p=[0.349 0.602 0.000 0.377 0.373]
  eval: e=0.4277  p=[0.140 0.799 0.000 0.326 0.326]
  eval: e=0.1880  p=[0.169 0.610 0.000 0.353 0.355]
  eval: e=0.2091  p=[0.079 0.648 0.003 0.430 0.369]
  eval: e=0.2062  p=[0.156 0.616 0.000 0.367 0.365]
  eval: e=0.2294  p=[0.231 0.587 0.000 0.383 0.364]
  eval: e=1.1812  p=[0.213 0.602 0.000 0.403 0.357]
  eval: e=0.0871  p=[0.220 0.618 0.000 0.360 0.358]
  eval: e=0.3196  p=[0.236 0.607 0.000 0.365 0.360]
  eval: e=0.0611  p=[0.248 0.605 0.000 0.337 0.358]
  eval: e=0.0404  p=[0.200 0.603 0.000 0.370 0.354]
  eval: e=0.2196  p=[0.153 0.622 0.000 0.354 0.358]
  eval: e=0.3866  p=[0.141 0.306 0.004 0.317 0.353]
  eval: e=0.0531  p=[0.227 0.583 0.000 0.373 0.362]
  eval: e=9.0267  p=[0.240 0.606 0.000 0.417 0.371]
  eval: e=0.0958  p=[0.216 0.609 0.000 0.365 0.351]
  eval: e=0.0607  p=[0.165 0.594 0.000 0.429 0.360]
  eval: e=0.2057  p=[0.232 0.591 0.000 0.372 0.357]
  eval: e=0.0544  p=[0.196 0.578 0.000 0.394 0.365]
  eval: e=0.1931  p=[0.236 0.575 0.001 0.310 0.358]
  eval: e=0.0795  p=[0.196 0.624 0.000 0.379 0.357]
  eval: e=30.7067  p=[0.382 0.601 0.000 0.325 0.359]
  eval: e=2.2450  p=[0.194 0.611 0.000 0.417 0.348]
  eval: e=0.0517  p=[0.188 0.566 0.000 0.423 0.362]
  eval: e=0.0457  p=[0.218 0.610 0.000 0.346 0.356]
  eval: e=20.2497  p=[0.266 0.661 0.000 0.365 0.356]
  281           14100         0.03811           3.962        2
  eval: e=0.0473  p=[0.243 0.612 0.000 0.336 0.361]
  eval: e=2.7480  p=[0.179 0.609 0.000 0.468 0.385]
  eval: e=1.9362  p=[0.242 0.611 0.000 0.377 0.359]
  eval: e=0.3406  p=[0.071 0.586 0.000 0.370 0.353]
  eval: e=0.0457  p=[0.169 0.606 0.000 0.401 0.360]
  eval: e=70.5998  p=[0.309 0.601 0.000 0.428 0.365]
  eval: e=0.1753  p=[0.105 0.591 0.000 0.437 0.358]
  eval: e=0.2884  p=[0.235 0.427 0.000 0.365 0.356]
  eval: e=0.8953  p=[0.194 0.590 0.000 0.423 0.353]
  eval: e=0.0531  p=[0.141 0.681 0.000 0.380 0.356]
  eval: e=0.1698  p=[0.193 0.606 0.000 0.340 0.358]
  eval: e=72.1583  p=[0.392 0.652 0.014 0.336 0.318]
  eval: e=13.1072  p=[0.239 0.658 0.000 0.374 0.348]
  eval: e=0.1588  p=[0.208 0.586 0.000 0.401 0.362]
  eval: e=0.1909  p=[0.216 0.557 0.001 0.343 0.360]
  eval: e=0.0491  p=[0.175 0.609 0.000 0.390 0.357]
  eval: e=63.2644  p=[0.268 0.627 0.000 0.419 0.349]
  eval: e=20.6570  p=[0.206 0.593 0.000 0.465 0.357]
  eval: e=26.9774  p=[0.220 0.579 0.000 0.470 0.361]
  eval: e=0.1155  p=[0.167 0.619 0.001 0.422 0.365]
  eval: e=0.0998  p=[0.190 0.611 0.000 0.400 0.362]
  eval: e=20.6632  p=[0.239 0.632 0.000 0.385 0.329]
  eval: e=0.1348  p=[0.161 0.614 0.001 0.428 0.359]
  eval: e=0.0734  p=[0.113 0.605 0.000 0.448 0.357]
  eval: e=46.4676  p=[0.344 0.716 0.000 0.394 0.369]
  eval: e=8.4388  p=[0.282 0.376 0.000 0.468 0.284]
  eval: e=0.0928  p=[0.163 0.606 0.000 0.393 0.361]
  eval: e=5.9623  p=[0.162 0.672 0.007 0.439 0.361]
  eval: e=0.1596  p=[0.151 0.608 0.000 0.384 0.357]
  eval: e=0.4659  p=[0.145 0.598 0.002 0.483 0.378]
  eval: e=0.0477  p=[0.235 0.593 0.000 0.356 0.362]
  eval: e=0.7898  p=[0.213 0.568 0.000 0.424 0.362]
  eval: e=0.0385  p=[0.222 0.605 0.000 0.355 0.359]
  eval: e=0.4848  p=[0.197 0.600 0.000 0.412 0.360]
  eval: e=0.0428  p=[0.195 0.592 0.000 0.376 0.349]
  eval: e=0.0401  p=[0.248 0.618 0.000 0.320 0.357]
  eval: e=0.3265  p=[0.472 0.404 0.017 0.119 0.354]
  eval: e=0.0447  p=[0.168 0.624 0.001 0.395 0.363]
  eval: e=0.1002  p=[0.245 0.593 0.000 0.321 0.366]
  eval: e=0.0407  p=[0.217 0.593 0.000 0.358 0.353]
  eval: e=0.1914  p=[0.110 0.590 0.000 0.428 0.358]
  eval: e=5.0514  p=[0.200 0.625 0.000 0.417 0.350]
  eval: e=0.1396  p=[0.168 0.605 0.000 0.381 0.365]
  eval: e=54.7303  p=[0.311 0.636 0.002 0.373 0.348]
  eval: e=10.7989  p=[0.164 0.639 0.000 0.460 0.353]
  eval: e=40.9944  p=[0.265 0.598 0.000 0.426 0.355]
  eval: e=4.6040  p=[0.216 0.605 0.000 0.408 0.345]
  eval: e=0.6265  p=[0.282 0.490 0.001 0.407 0.363]
  eval: e=0.0859  p=[0.212 0.605 0.000 0.374 0.356]
  eval: e=0.3614  p=[0.204 0.608 0.000 0.393 0.356]
  282           14150         0.03811           9.522        3
  eval: e=0.0630  p=[0.234 0.612 0.000 0.328 0.363]
  eval: e=0.2908  p=[0.170 0.616 0.000 0.309 0.362]
  eval: e=0.8092  p=[0.215 0.609 0.000 0.400 0.367]
  eval: e=77.7800  p=[0.332 0.591 0.000 0.424 0.358]
  eval: e=0.0389  p=[0.185 0.606 0.000 0.393 0.359]
  eval: e=31.4359  p=[0.249 0.669 0.000 0.382 0.350]
  eval: e=0.0463  p=[0.244 0.493 0.000 0.404 0.350]
  eval: e=0.5263  p=[0.229 0.554 0.000 0.404 0.351]
  eval: e=0.5593  p=[0.210 0.597 0.001 0.404 0.362]
  eval: e=0.3160  p=[0.184 0.452 0.000 0.384 0.364]
  eval: e=0.0447  p=[0.158 0.606 0.000 0.413 0.359]
  eval: e=19.7415  p=[0.244 0.678 0.000 0.376 0.359]
  eval: e=0.2294  p=[0.289 0.361 0.000 0.366 0.334]
  eval: e=0.1598  p=[0.149 0.561 0.000 0.425 0.367]
  eval: e=0.1952  p=[0.175 0.526 0.000 0.410 0.366]
  eval: e=0.0434  p=[0.270 0.616 0.000 0.309 0.365]
  eval: e=176.9051  p=[0.203 0.562 0.000 0.598 0.339]
  eval: e=9.4588  p=[0.206 0.618 0.000 0.428 0.352]
  eval: e=0.3166  p=[0.146 0.606 0.000 0.316 0.358]
  eval: e=0.1398  p=[0.162 0.629 0.000 0.379 0.373]
  eval: e=0.1267  p=[0.151 0.618 0.000 0.392 0.364]
  eval: e=81.4121  p=[0.207 0.664 0.000 0.451 0.337]
  eval: e=17.2517  p=[0.150 0.654 0.001 0.479 0.359]
  eval: e=0.2250  p=[0.128 0.605 0.000 0.389 0.358]
  eval: e=0.0830  p=[0.100 0.701 0.001 0.400 0.352]
  eval: e=0.3020  p=[0.324 0.000 0.000 0.520 0.317]
  eval: e=6.3333  p=[0.224 0.603 0.000 0.423 0.365]
  eval: e=67.3903  p=[0.392 0.651 0.009 0.351 0.330]
  eval: e=18.7458  p=[0.260 0.570 0.000 0.419 0.349]
  eval: e=0.0735  p=[0.170 0.612 0.005 0.416 0.360]
  eval: e=0.0391  p=[0.233 0.606 0.000 0.341 0.359]
  eval: e=0.1963  p=[0.211 0.540 0.000 0.358 0.361]
  eval: e=0.0384  p=[0.199 0.603 0.001 0.378 0.358]
  eval: e=0.0629  p=[0.165 0.599 0.000 0.426 0.360]
  eval: e=0.0658  p=[0.164 0.593 0.001 0.407 0.358]
  eval: e=31.3571  p=[0.312 0.589 0.000 0.387 0.361]
  eval: e=0.3810  p=[0.189 0.661 0.024 0.112 0.369]
  eval: e=0.0543  p=[0.155 0.644 0.000 0.390 0.360]
  eval: e=0.2629  p=[0.196 0.592 0.000 0.295 0.343]
  eval: e=0.2048  p=[0.180 0.591 0.000 0.426 0.359]
  eval: e=0.2734  p=[0.179 0.614 0.000 0.306 0.356]
  eval: e=0.1348  p=[0.175 0.636 0.000 0.389 0.348]
  eval: e=0.0404  p=[0.205 0.634 0.000 0.353 0.357]
  eval: e=0.0698  p=[0.114 0.612 0.001 0.433 0.344]
  eval: e=0.3230  p=[0.148 0.555 0.000 0.346 0.364]
  eval: e=0.0413  p=[0.106 0.597 0.000 0.475 0.355]
  eval: e=0.2442  p=[0.178 0.597 0.000 0.353 0.377]
  eval: e=0.0476  p=[0.202 0.577 0.001 0.387 0.361]
  eval: e=0.0790  p=[0.185 0.603 0.000 0.406 0.361]
  eval: e=0.2139  p=[0.144 0.539 0.000 0.417 0.356]
  283           14200         0.03811            10.9        4
  eval: e=0.2590  p=[0.141 0.603 0.000 0.365 0.362]
  eval: e=0.3525  p=[0.163 0.617 0.000 0.214 0.332]
  eval: e=0.0612  p=[0.157 0.602 0.000 0.419 0.369]
  eval: e=60.7189  p=[0.339 0.611 0.000 0.394 0.365]
  eval: e=0.0575  p=[0.164 0.606 0.000 0.403 0.360]
  eval: e=0.3357  p=[0.090 0.614 0.000 0.334 0.348]
  eval: e=0.6251  p=[0.329 0.461 0.000 0.370 0.349]
  eval: e=84.1781  p=[0.205 0.724 0.000 0.449 0.358]
  eval: e=0.1869  p=[0.180 0.615 0.001 0.353 0.370]
  eval: e=0.1543  p=[0.266 0.440 0.000 0.395 0.372]
  eval: e=12.4236  p=[0.169 0.607 0.000 0.483 0.361]
  eval: e=0.3566  p=[0.102 0.488 0.009 0.413 0.386]
  eval: e=0.3173  p=[0.169 0.516 0.000 0.337 0.346]
  eval: e=0.0570  p=[0.159 0.612 0.000 0.416 0.352]
  eval: e=0.1927  p=[0.127 0.543 0.000 0.443 0.360]
  eval: e=0.2196  p=[0.217 0.596 0.000 0.311 0.364]
  eval: e=0.3732  p=[0.046 0.511 0.000 0.374 0.364]
  eval: e=0.0414  p=[0.219 0.612 0.000 0.345 0.355]
  eval: e=0.3355  p=[0.154 0.629 0.000 0.270 0.356]
  eval: e=0.0569  p=[0.190 0.600 0.000 0.368 0.347]
  eval: e=0.2254  p=[0.153 0.600 0.000 0.364 0.356]
  eval: e=0.2814  p=[0.156 0.513 0.000 0.412 0.378]
  eval: e=116.0474  p=[0.238 0.611 0.000 0.508 0.358]
  eval: e=0.0792  p=[0.241 0.606 0.001 0.319 0.362]
  eval: e=0.3652  p=[0.000 0.572 0.000 0.384 0.341]
  eval: e=13.3472  p=[0.146 1.000 0.000 0.389 0.411]
  eval: e=7.5208  p=[0.265 0.604 0.000 0.381 0.360]
  eval: e=0.2805  p=[0.466 0.472 0.004 0.214 0.331]
  eval: e=1.8405  p=[0.293 0.548 0.000 0.369 0.361]
  eval: e=0.2279  p=[0.206 0.608 0.002 0.282 0.332]
  eval: e=0.1405  p=[0.169 0.621 0.000 0.361 0.355]
  eval: e=0.2548  p=[0.202 0.578 0.000 0.314 0.355]
  eval: e=0.7784  p=[0.170 0.605 0.001 0.440 0.357]
  eval: e=0.1170  p=[0.178 0.601 0.000 0.373 0.359]
  eval: e=2.3106  p=[0.199 0.600 0.000 0.437 0.369]
  eval: e=73.6871  p=[0.328 0.588 0.000 0.425 0.361]
  eval: e=0.3438  p=[0.000 0.677 0.005 0.396 0.361]
  eval: e=1.7242  p=[0.223 0.624 0.000 0.383 0.355]
  eval: e=0.2151  p=[0.130 0.614 0.000 0.370 0.343]
  eval: e=0.0451  p=[0.174 0.603 0.000 0.402 0.363]
  eval: e=0.2876  p=[0.265 0.625 0.000 0.211 0.361]
  eval: e=0.0997  p=[0.186 0.624 0.000 0.363 0.366]
  eval: e=0.0495  p=[0.220 0.592 0.000 0.364 0.352]
  eval: e=0.3720  p=[0.000 0.567 0.000 0.372 0.349]
  eval: e=0.3064  p=[0.257 0.537 0.000 0.269 0.370]
  eval: e=0.3537  p=[0.159 0.606 0.000 0.252 0.360]
  eval: e=0.2511  p=[0.178 0.599 0.000 0.348 0.376]
  eval: e=0.1682  p=[0.127 0.707 0.000 0.345 0.353]
  eval: e=0.1651  p=[0.156 0.603 0.000 0.387 0.365]
  eval: e=0.1763  p=[0.195 0.570 0.000 0.360 0.360]
  284           14250         0.03811           7.667        5
  eval: e=0.3311  p=[0.049 0.597 0.000 0.401 0.355]
  eval: e=99.3355  p=[0.190 0.606 0.000 0.526 0.353]
  eval: e=0.2558  p=[0.120 0.607 0.000 0.379 0.355]
  eval: e=0.1922  p=[0.176 0.618 0.000 0.350 0.366]
  eval: e=0.0538  p=[0.143 0.606 0.000 0.427 0.361]
  eval: e=0.3651  p=[0.106 0.522 0.000 0.323 0.353]
  eval: e=0.3277  p=[0.187 0.475 0.000 0.355 0.364]
  eval: e=0.2286  p=[0.136 0.528 0.000 0.434 0.364]
  eval: e=0.3033  p=[0.157 0.618 0.000 0.320 0.369]
  eval: e=0.2210  p=[0.226 0.602 0.000 0.380 0.367]
  eval: e=117.4044  p=[0.220 0.607 0.000 0.524 0.361]
  eval: e=0.3892  p=[0.040 0.414 0.013 0.327 0.367]
  eval: e=0.1990  p=[0.120 0.838 0.000 0.317 0.379]
  eval: e=0.0405  p=[0.186 0.623 0.000 0.369 0.349]
  eval: e=34.6894  p=[0.210 0.724 0.000 0.394 0.353]
  eval: e=0.2643  p=[0.099 0.581 0.000 0.412 0.354]
  eval: e=0.3814  p=[0.071 0.635 0.000 0.256 0.387]
  eval: e=0.2651  p=[0.206 0.588 0.000 0.303 0.359]
  eval: e=0.0444  p=[0.210 0.575 0.000 0.377 0.356]
  eval: e=0.0768  p=[0.217 0.543 0.001 0.377 0.320]
  eval: e=0.1680  p=[0.175 0.586 0.000 0.362 0.348]
  eval: e=0.3803  p=[0.224 0.413 0.000 0.279 0.408]
  eval: e=0.0680  p=[0.200 0.564 0.000 0.387 0.357]
  eval: e=0.2514  p=[0.230 0.608 0.000 0.367 0.359]
  eval: e=1.3471  p=[0.380 0.433 0.000 0.368 0.366]
  eval: e=0.3955  p=[0.129 0.266 0.000 0.232 0.472]
  eval: e=0.0386  p=[0.220 0.610 0.000 0.348 0.353]
  eval: e=0.3295  p=[0.299 0.431 0.000 0.289 0.381]
  eval: e=0.0542  p=[0.223 0.598 0.000 0.358 0.371]
  eval: e=0.1060  p=[0.252 0.594 0.000 0.292 0.343]
  eval: e=0.0970  p=[0.151 0.607 0.000 0.397 0.353]
  eval: e=12.1274  p=[0.190 0.652 0.000 0.428 0.354]
  eval: e=0.7419  p=[0.156 0.607 0.000 0.454 0.359]
  eval: e=0.0500  p=[0.230 0.607 0.000 0.350 0.358]
  eval: e=0.1223  p=[0.214 0.604 0.000 0.378 0.358]
  eval: e=0.2564  p=[0.125 0.636 0.000 0.357 0.357]
  eval: e=16.2415  p=[0.304 0.667 0.000 0.723 0.350]
  eval: e=0.1002  p=[0.228 0.589 0.000 0.372 0.359]
  eval: e=0.1319  p=[0.091 0.628 0.000 0.461 0.379]
  eval: e=0.2587  p=[0.174 0.617 0.000 0.328 0.367]
  eval: e=0.0430  p=[0.187 0.605 0.000 0.390 0.365]
  eval: e=0.2652  p=[0.203 0.550 0.000 0.350 0.378]
  eval: e=4.0389  p=[0.233 0.553 0.000 0.431 0.354]
  eval: e=0.2299  p=[0.257 0.531 0.000 0.308 0.363]
  eval: e=85.6828  p=[0.323 0.608 0.001 0.514 0.361]
  eval: e=0.2836  p=[0.282 0.614 0.000 0.204 0.363]
  eval: e=0.5871  p=[0.199 0.604 0.000 0.416 0.367]
  eval: e=0.3026  p=[0.112 0.685 0.000 0.308 0.349]
  eval: e=0.2990  p=[0.220 0.605 0.000 0.378 0.356]
  eval: e=1.4414  p=[0.248 0.666 0.000 0.334 0.360]
  285           14300         0.03811           7.636        6
  eval: e=0.2237  p=[0.146 0.609 0.000 0.366 0.356]
  eval: e=10.5760  p=[0.203 0.597 0.000 0.460 0.369]
  eval: e=0.2267  p=[0.150 0.608 0.000 0.361 0.356]
  eval: e=0.3362  p=[0.092 0.611 0.000 0.343 0.357]
  eval: e=0.5596  p=[0.194 0.606 0.000 0.414 0.361]
  eval: e=45.8944  p=[0.281 0.576 0.000 0.436 0.362]
  eval: e=0.0643  p=[0.120 0.694 0.000 0.412 0.357]
  eval: e=0.1728  p=[0.222 0.586 0.000 0.323 0.359]
  eval: e=0.1103  p=[0.209 0.603 0.000 0.342 0.357]
  eval: e=2.5738  p=[0.196 0.692 0.000 0.372 0.353]
  eval: e=17.5084  p=[0.183 0.607 0.000 0.476 0.360]
  eval: e=0.1973  p=[0.163 0.588 0.004 0.351 0.332]
  eval: e=2.6170  p=[0.117 0.831 0.000 0.399 0.372]
  eval: e=0.0428  p=[0.232 0.562 0.000 0.368 0.349]
  eval: e=0.1396  p=[0.202 0.592 0.000 0.346 0.357]
  eval: e=2.3075  p=[0.212 0.620 0.000 0.398 0.352]
  eval: e=39.4751  p=[0.205 0.653 0.000 0.423 0.329]
  eval: e=31.9643  p=[0.201 0.588 0.000 0.488 0.361]
  eval: e=13.3549  p=[0.236 0.574 0.000 0.440 0.359]
  eval: e=0.3898  p=[0.184 0.637 0.000 0.420 0.382]
  eval: e=4.1945  p=[0.226 0.615 0.000 0.405 0.363]
  eval: e=0.2429  p=[0.247 0.677 0.000 0.336 0.392]
  eval: e=0.2736  p=[0.181 0.613 0.001 0.307 0.358]
  eval: e=0.1084  p=[0.158 0.608 0.000 0.390 0.358]
  eval: e=27.0775  p=[0.453 0.505 0.000 0.355 0.372]
  eval: e=0.3932  p=[0.174 0.325 0.000 0.214 0.414]
  eval: e=0.2247  p=[0.151 0.606 0.000 0.362 0.355]
  eval: e=0.3433  p=[0.038 0.681 0.007 0.364 0.368]
  eval: e=0.1363  p=[0.138 0.614 0.000 0.407 0.366]
  eval: e=3.2643  p=[0.158 0.601 0.002 0.484 0.369]
  eval: e=0.0994  p=[0.185 0.599 0.000 0.374 0.361]
  eval: e=2.1359  p=[0.186 0.635 0.000 0.422 0.363]
  eval: e=0.0483  p=[0.191 0.605 0.000 0.393 0.360]
  eval: e=0.0428  p=[0.237 0.608 0.000 0.343 0.361]
  eval: e=0.0807  p=[0.208 0.596 0.000 0.351 0.354]
  eval: e=0.2569  p=[0.178 0.606 0.000 0.320 0.356]
  eval: e=11.5433  p=[0.436 0.339 0.024 0.436 0.353]
  eval: e=0.1870  p=[0.158 0.603 0.000 0.376 0.362]
  eval: e=0.0820  p=[0.197 0.575 0.000 0.402 0.350]
  eval: e=0.0392  p=[0.208 0.602 0.000 0.364 0.353]
  eval: e=3.8910  p=[0.134 0.594 0.000 0.505 0.356]
  eval: e=0.1377  p=[0.205 0.546 0.000 0.378 0.361]
  eval: e=0.0416  p=[0.187 0.643 0.000 0.374 0.363]
  eval: e=1.5789  p=[0.336 0.564 0.001 0.321 0.368]
  eval: e=0.0454  p=[0.093 0.639 0.000 0.463 0.355]
  eval: e=142.8062  p=[0.218 0.604 0.000 0.564 0.360]
  eval: e=3.9218  p=[0.181 0.604 0.000 0.445 0.350]
  eval: e=0.2012  p=[0.219 0.542 0.000 0.348 0.362]
  eval: e=2.4633  p=[0.230 0.609 0.000 0.389 0.354]
  eval: e=0.2571  p=[0.235 0.594 0.000 0.369 0.357]
  286           14350         0.03811           7.497        7
  eval: e=3.5431  p=[0.237 0.602 0.000 0.395 0.358]
  eval: e=0.9986  p=[0.179 0.608 0.000 0.434 0.360]
  eval: e=4.0698  p=[0.249 0.606 0.000 0.386 0.362]
  eval: e=0.4611  p=[0.166 0.592 0.000 0.447 0.358]
  eval: e=0.0605  p=[0.179 0.606 0.000 0.407 0.360]
  eval: e=0.1224  p=[0.170 0.625 0.000 0.366 0.360]
  eval: e=0.1531  p=[0.178 0.598 0.000 0.417 0.354]
  eval: e=30.9904  p=[0.233 0.591 0.000 0.448 0.354]
  eval: e=0.0392  p=[0.209 0.601 0.000 0.370 0.361]
  eval: e=0.2110  p=[0.190 0.647 0.000 0.377 0.354]
  eval: e=0.2392  p=[0.170 0.606 0.000 0.341 0.360]
  eval: e=23.0312  p=[0.266 0.630 0.000 0.377 0.344]
  eval: e=5.2967  p=[0.351 0.448 0.000 0.378 0.331]
  eval: e=0.2473  p=[0.186 0.577 0.000 0.432 0.361]
  eval: e=0.2615  p=[0.184 0.565 0.000 0.347 0.365]
  eval: e=2.0149  p=[0.242 0.602 0.000 0.387 0.363]
  eval: e=2.8741  p=[0.114 0.587 0.000 0.505 0.331]
  eval: e=0.2640  p=[0.195 0.615 0.000 0.298 0.359]
  eval: e=0.1659  p=[0.205 0.590 0.000 0.339 0.358]
  eval: e=0.2324  p=[0.203 0.563 0.000 0.351 0.374]
  eval: e=0.0910  p=[0.195 0.608 0.000 0.358 0.358]
  eval: e=0.1264  p=[0.189 0.552 0.000 0.363 0.326]
  eval: e=0.1567  p=[0.187 0.610 0.001 0.349 0.359]
  eval: e=0.2704  p=[0.222 0.607 0.000 0.376 0.359]
  eval: e=0.3408  p=[0.066 0.622 0.000 0.339 0.340]
  eval: e=2.2577  p=[0.293 0.833 0.000 0.547 0.281]
  eval: e=0.0387  p=[0.145 0.606 0.000 0.432 0.358]
  eval: e=0.2827  p=[0.057 0.597 0.000 0.402 0.322]
  eval: e=0.2603  p=[0.128 0.598 0.000 0.372 0.353]
  eval: e=0.2279  p=[0.156 0.603 0.001 0.442 0.357]
  eval: e=1.4554  p=[0.219 0.605 0.000 0.398 0.358]
  eval: e=0.2286  p=[0.178 0.586 0.000 0.350 0.360]
  eval: e=0.1391  p=[0.170 0.605 0.000 0.372 0.358]
  eval: e=0.2097  p=[0.169 0.604 0.000 0.353 0.359]
  eval: e=0.1088  p=[0.182 0.607 0.000 0.411 0.362]
  eval: e=10.5252  p=[0.204 0.600 0.000 0.451 0.362]
  eval: e=20.3471  p=[0.345 0.603 0.017 0.342 0.361]
  eval: e=0.0788  p=[0.179 0.611 0.000 0.408 0.361]
  eval: e=0.4170  p=[0.232 0.617 0.000 0.365 0.359]
  eval: e=0.0703  p=[0.186 0.600 0.000 0.374 0.354]
  eval: e=0.2719  p=[0.235 0.604 0.000 0.258 0.357]
  eval: e=1.1726  p=[0.233 0.613 0.000 0.373 0.354]
  eval: e=0.0397  p=[0.162 0.630 0.000 0.395 0.355]
  eval: e=70.0257  p=[0.257 0.640 0.000 0.440 0.363]
  eval: e=0.3250  p=[0.115 0.565 0.000 0.363 0.357]
  eval: e=0.3178  p=[0.197 0.593 0.000 0.268 0.356]
  eval: e=0.3004  p=[0.199 0.602 0.000 0.289 0.369]
  eval: e=6.6357  p=[0.220 0.582 0.000 0.434 0.357]
  eval: e=0.0382  p=[0.186 0.606 0.000 0.391 0.359]
  eval: e=0.3007  p=[0.225 0.565 0.000 0.398 0.355]
  287           14400         0.03811           3.847        8
  eval: e=0.1193  p=[0.181 0.603 0.000 0.369 0.359]
  eval: e=0.1459  p=[0.186 0.603 0.000 0.354 0.356]
  eval: e=0.0402  p=[0.170 0.606 0.000 0.406 0.362]
  eval: e=0.0438  p=[0.191 0.596 0.000 0.396 0.359]
  eval: e=0.0537  p=[0.159 0.606 0.000 0.409 0.360]
  eval: e=0.1283  p=[0.168 0.610 0.000 0.367 0.351]
  eval: e=0.1825  p=[0.212 0.569 0.000 0.340 0.358]
  eval: e=10.1602  p=[0.201 0.607 0.000 0.443 0.355]
  eval: e=0.0524  p=[0.171 0.611 0.000 0.411 0.360]
  eval: e=0.4567  p=[0.200 0.593 0.000 0.414 0.361]
  eval: e=0.6660  p=[0.200 0.608 0.000 0.408 0.360]
  eval: e=0.2868  p=[0.215 0.461 0.010 0.363 0.354]
  eval: e=12.0845  p=[0.309 0.572 0.000 0.386 0.376]
  eval: e=0.1545  p=[0.179 0.586 0.000 0.372 0.359]
  eval: e=5.0411  p=[0.190 0.637 0.000 0.426 0.358]
  eval: e=0.1097  p=[0.203 0.603 0.000 0.387 0.357]
  eval: e=0.2504  p=[0.111 0.597 0.000 0.399 0.358]
  eval: e=0.9435  p=[0.213 0.591 0.000 0.407 0.357]
  eval: e=0.1709  p=[0.183 0.603 0.000 0.350 0.356]
  eval: e=0.1476  p=[0.197 0.577 0.000 0.345 0.340]
  eval: e=0.1060  p=[0.165 0.591 0.000 0.393 0.356]
  eval: e=0.1075  p=[0.177 0.608 0.000 0.370 0.356]
  eval: e=0.0400  p=[0.184 0.603 0.000 0.391 0.359]
  eval: e=1.3644  p=[0.210 0.605 0.000 0.408 0.360]
  eval: e=0.1414  p=[0.207 0.574 0.000 0.341 0.343]
  eval: e=0.1171  p=[0.170 0.746 0.000 0.331 0.390]
  eval: e=0.1556  p=[0.179 0.606 0.000 0.359 0.359]
  eval: e=32.1640  p=[0.429 0.593 0.002 0.319 0.368]
  eval: e=0.0498  p=[0.204 0.589 0.000 0.391 0.361]
  eval: e=0.2334  p=[0.185 0.606 0.004 0.322 0.353]
  eval: e=0.2117  p=[0.150 0.610 0.000 0.367 0.358]
  eval: e=0.0785  p=[0.211 0.605 0.000 0.375 0.357]
  eval: e=0.0383  p=[0.174 0.605 0.001 0.402 0.359]
  eval: e=0.0472  p=[0.191 0.607 0.000 0.377 0.359]
  eval: e=0.0897  p=[0.204 0.600 0.000 0.354 0.358]
  eval: e=0.5511  p=[0.203 0.607 0.000 0.402 0.359]
  eval: e=0.3583  p=[0.010 0.458 0.009 0.495 0.360]
  eval: e=0.1042  p=[0.185 0.604 0.000 0.366 0.357]
  eval: e=1.4098  p=[0.193 0.612 0.000 0.418 0.357]
  eval: e=0.0774  p=[0.196 0.603 0.000 0.397 0.363]
  eval: e=2.9720  p=[0.211 0.608 0.000 0.416 0.360]
  eval: e=0.0611  p=[0.173 0.606 0.000 0.392 0.360]
  eval: e=0.3340  p=[0.233 0.593 0.000 0.377 0.360]
  eval: e=0.2285  p=[0.127 0.583 0.001 0.398 0.355]
  eval: e=3.7449  p=[0.289 0.585 0.000 0.357 0.358]
  eval: e=0.0943  p=[0.173 0.610 0.000 0.381 0.360]
  eval: e=2.7567  p=[0.166 0.604 0.000 0.463 0.360]
  eval: e=0.0811  p=[0.149 0.585 0.000 0.422 0.358]
  eval: e=0.0519  p=[0.172 0.606 0.000 0.397 0.361]
  eval: e=0.2378  p=[0.144 0.611 0.000 0.364 0.359]
  288           14450         0.03811           1.585        9
  eval: e=0.7026  p=[0.196 0.603 0.000 0.414 0.358]
  eval: e=0.1056  p=[0.198 0.606 0.000 0.395 0.362]
  eval: e=0.0991  p=[0.189 0.606 0.000 0.362 0.358]
  eval: e=0.1023  p=[0.179 0.606 0.000 0.372 0.358]
  eval: e=0.0398  p=[0.166 0.606 0.000 0.409 0.360]
  eval: e=0.8716  p=[0.190 0.597 0.000 0.427 0.358]
  eval: e=0.8402  p=[0.228 0.598 0.000 0.387 0.358]
  eval: e=0.2145  p=[0.198 0.566 0.000 0.344 0.357]
  eval: e=0.0610  p=[0.179 0.609 0.000 0.406 0.361]
  eval: e=0.0521  p=[0.190 0.596 0.000 0.396 0.354]
  eval: e=0.3118  p=[0.195 0.608 0.000 0.405 0.360]
  eval: e=0.2724  p=[0.158 0.532 0.000 0.378 0.353]
  eval: e=0.0977  p=[0.167 0.597 0.000 0.411 0.339]
  eval: e=1.8456  p=[0.211 0.602 0.000 0.412 0.359]
  eval: e=1.2783  p=[0.216 0.578 0.000 0.418 0.359]
  eval: e=0.0465  p=[0.191 0.605 0.000 0.393 0.361]
  eval: e=0.0394  p=[0.188 0.583 0.000 0.401 0.360]
  eval: e=0.0693  p=[0.176 0.606 0.000 0.382 0.356]
  eval: e=0.1158  p=[0.177 0.596 0.000 0.376 0.357]
  eval: e=0.1431  p=[0.184 0.618 0.000 0.366 0.376]
  eval: e=0.0444  p=[0.212 0.598 0.000 0.373 0.358]
  eval: e=0.0591  p=[0.177 0.599 0.000 0.392 0.360]
  eval: e=0.0383  p=[0.187 0.605 0.000 0.391 0.359]
  eval: e=0.2277  p=[0.197 0.607 0.000 0.400 0.359]
  eval: e=11.2852  p=[0.251 0.606 0.000 0.411 0.371]
  eval: e=4.0322  p=[0.304 0.617 0.000 0.332 0.367]
  eval: e=2.3292  p=[0.206 0.606 0.000 0.418 0.359]
  eval: e=0.0973  p=[0.166 0.573 0.004 0.414 0.363]
  eval: e=0.1107  p=[0.200 0.607 0.000 0.388 0.357]
  eval: e=0.0928  p=[0.183 0.601 0.000 0.375 0.359]
  eval: e=0.0654  p=[0.196 0.602 0.000 0.371 0.361]
  eval: e=0.0695  p=[0.169 0.605 0.000 0.395 0.361]
  eval: e=0.0433  p=[0.171 0.605 0.000 0.411 0.360]
  eval: e=0.0614  p=[0.175 0.606 0.000 0.412 0.360]
  eval: e=0.4648  p=[0.193 0.602 0.000 0.415 0.360]
  eval: e=0.9297  p=[0.209 0.607 0.000 0.402 0.359]
  eval: e=0.3717  p=[0.027 0.449 0.021 0.444 0.358]
  eval: e=0.1455  p=[0.174 0.611 0.000 0.418 0.361]
  eval: e=0.1240  p=[0.186 0.602 0.000 0.360 0.356]
  eval: e=0.0777  p=[0.182 0.604 0.000 0.378 0.360]
  eval: e=0.2044  p=[0.161 0.603 0.000 0.365 0.360]
  eval: e=0.1174  p=[0.204 0.558 0.000 0.374 0.357]
  eval: e=0.8492  p=[0.224 0.593 0.000 0.394 0.357]
  eval: e=0.0810  p=[0.216 0.597 0.000 0.345 0.357]
  eval: e=0.1137  p=[0.192 0.601 0.000 0.401 0.358]
  eval: e=0.1478  p=[0.233 0.603 0.000 0.362 0.359]
  eval: e=0.3512  p=[0.199 0.603 0.000 0.404 0.358]
  eval: e=22.4718  p=[0.271 0.600 0.000 0.398 0.354]
  eval: e=0.0434  p=[0.171 0.606 0.000 0.399 0.358]
  eval: e=19.0923  p=[0.277 0.574 0.000 0.407 0.355]
  289           14500         0.03811           1.429       10
  eval: e=0.0681  p=[0.191 0.606 0.000 0.372 0.360]
  eval: e=0.1989  p=[0.199 0.601 0.000 0.401 0.360]
  eval: e=0.7521  p=[0.226 0.607 0.000 0.383 0.358]
  eval: e=0.0924  p=[0.183 0.600 0.000 0.377 0.360]
  eval: e=0.0449  p=[0.174 0.606 0.000 0.409 0.360]
  eval: e=0.0784  p=[0.205 0.581 0.000 0.368 0.358]
  eval: e=0.2094  p=[0.152 0.572 0.000 0.388 0.356]
  eval: e=5.3269  p=[0.206 0.612 0.000 0.424 0.357]
  eval: e=0.0914  p=[0.203 0.607 0.000 0.352 0.360]
  eval: e=0.1508  p=[0.204 0.595 0.000 0.397 0.359]
  eval: e=0.0613  p=[0.191 0.605 0.000 0.374 0.360]
  eval: e=0.3283  p=[0.233 0.603 0.002 0.369 0.358]
  eval: e=0.0970  p=[0.175 0.595 0.000 0.393 0.368]
  eval: e=0.0783  p=[0.172 0.582 0.000 0.403 0.359]
  eval: e=0.1684  p=[0.180 0.623 0.000 0.345 0.360]
  eval: e=0.2636  p=[0.209 0.602 0.000 0.392 0.360]
  eval: e=0.0450  p=[0.178 0.587 0.000 0.405 0.360]
  eval: e=0.0840  p=[0.185 0.603 0.000 0.376 0.361]
  eval: e=0.0572  p=[0.203 0.590 0.000 0.369 0.356]
  eval: e=0.1653  p=[0.171 0.564 0.000 0.382 0.349]
  eval: e=0.0778  p=[0.170 0.604 0.000 0.387 0.356]
  eval: e=0.0425  p=[0.210 0.573 0.000 0.382 0.358]
  eval: e=0.3930  p=[0.210 0.607 0.000 0.392 0.359]
  eval: e=0.1295  p=[0.191 0.607 0.000 0.353 0.359]
  eval: e=0.2342  p=[0.155 0.575 0.000 0.370 0.353]
  eval: e=0.1764  p=[0.163 0.578 0.000 0.386 0.358]
  eval: e=0.2748  p=[0.209 0.606 0.000 0.389 0.358]
  eval: e=13.2659  p=[0.271 0.573 0.004 0.405 0.355]
  eval: e=0.1938  p=[0.229 0.572 0.000 0.388 0.359]
  eval: e=0.0391  p=[0.194 0.601 0.004 0.380 0.352]
  eval: e=0.0816  p=[0.184 0.609 0.000 0.371 0.358]
  eval: e=0.0381  p=[0.190 0.584 0.000 0.399 0.359]
  eval: e=0.0500  p=[0.172 0.605 0.000 0.396 0.359]
  eval: e=0.0979  p=[0.185 0.606 0.000 0.369 0.360]
  eval: e=0.0392  p=[0.178 0.600 0.000 0.400 0.359]
  eval: e=0.1716  p=[0.165 0.607 0.000 0.368 0.358]
  eval: e=32.7918  p=[0.490 0.434 0.000 0.392 0.360]
  eval: e=0.0575  p=[0.204 0.607 0.000 0.361 0.360]
  eval: e=0.0740  p=[0.167 0.603 0.000 0.423 0.359]
  eval: e=0.1304  p=[0.217 0.606 0.000 0.375 0.359]
  eval: e=0.1451  p=[0.178 0.606 0.000 0.415 0.357]
  eval: e=0.0396  p=[0.213 0.565 0.000 0.390 0.358]
  eval: e=0.1768  p=[0.138 0.613 0.000 0.389 0.358]
  eval: e=0.3379  p=[0.178 0.589 0.000 0.431 0.355]
  eval: e=0.0873  p=[0.188 0.594 0.000 0.374 0.358]
  eval: e=0.0801  p=[0.196 0.603 0.000 0.391 0.357]
  eval: e=0.1121  p=[0.206 0.604 0.000 0.344 0.359]
  eval: e=0.1404  p=[0.212 0.591 0.000 0.342 0.362]
  eval: e=0.0389  p=[0.178 0.606 0.000 0.398 0.361]
  eval: e=0.3449  p=[0.080 0.594 0.000 0.351 0.355]
  290           14550         0.03811           1.164       11
  eval: e=0.3154  p=[0.190 0.605 0.000 0.412 0.360]
  eval: e=0.0856  p=[0.200 0.603 0.000 0.357 0.359]
  eval: e=0.0973  p=[0.179 0.606 0.000 0.376 0.360]
  eval: e=2.3237  p=[0.211 0.606 0.000 0.413 0.360]
  eval: e=0.0386  p=[0.170 0.606 0.000 0.409 0.360]
  eval: e=0.1914  p=[0.223 0.585 0.000 0.380 0.352]
  eval: e=0.2061  p=[0.170 0.596 0.000 0.360 0.361]
  eval: e=0.3185  p=[0.183 0.600 0.000 0.421 0.359]
  eval: e=0.0868  p=[0.178 0.606 0.000 0.413 0.362]
  eval: e=0.0906  p=[0.172 0.591 0.000 0.389 0.354]
  eval: e=0.1038  p=[0.185 0.608 0.000 0.367 0.360]
  eval: e=0.5362  p=[0.290 0.562 0.003 0.338 0.349]
  eval: e=0.0840  p=[0.220 0.598 0.000 0.334 0.350]
  eval: e=0.1156  p=[0.172 0.588 0.000 0.388 0.359]
  eval: e=0.0775  p=[0.192 0.598 0.000 0.402 0.360]
  eval: e=0.0463  p=[0.194 0.606 0.000 0.387 0.359]
  eval: e=0.0413  p=[0.180 0.589 0.000 0.403 0.360]
  eval: e=1.7125  p=[0.208 0.600 0.000 0.414 0.357]
  eval: e=0.1689  p=[0.172 0.596 0.000 0.368 0.358]
  eval: e=0.3871  p=[0.230 0.575 0.000 0.395 0.362]
  eval: e=0.0401  p=[0.205 0.599 0.000 0.378 0.359]
  eval: e=0.1361  p=[0.189 0.599 0.000 0.404 0.355]
  eval: e=0.0609  p=[0.163 0.605 0.000 0.402 0.359]
  eval: e=0.0884  p=[0.180 0.606 0.000 0.376 0.359]
  eval: e=0.0397  p=[0.184 0.594 0.000 0.395 0.358]
  eval: e=0.2642  p=[0.179 0.577 0.000 0.331 0.353]
  eval: e=0.0555  p=[0.206 0.607 0.000 0.375 0.357]
  eval: e=0.3047  p=[0.190 0.570 0.000 0.300 0.355]
  eval: e=0.3166  p=[0.228 0.580 0.000 0.389 0.358]
  eval: e=0.0437  p=[0.203 0.601 0.003 0.370 0.357]
  eval: e=1.9491  p=[0.219 0.606 0.000 0.402 0.358]
  eval: e=0.0982  p=[0.185 0.596 0.000 0.411 0.359]
  eval: e=0.0494  p=[0.169 0.606 0.000 0.414 0.359]
  eval: e=0.3298  p=[0.218 0.606 0.000 0.383 0.359]
  eval: e=0.1500  p=[0.174 0.599 0.000 0.370 0.359]
  eval: e=0.0930  p=[0.237 0.607 0.000 0.351 0.359]
  eval: e=29.9677  p=[0.418 0.384 0.006 0.455 0.359]
  eval: e=0.0741  p=[0.184 0.610 0.000 0.372 0.358]
  eval: e=0.3107  p=[0.189 0.606 0.000 0.411 0.359]
  eval: e=0.0568  p=[0.189 0.598 0.000 0.383 0.360]
  eval: e=1.1103  p=[0.221 0.606 0.000 0.393 0.359]
  eval: e=1.8886  p=[0.220 0.626 0.000 0.385 0.355]
  eval: e=0.0562  p=[0.203 0.595 0.000 0.368 0.358]
  eval: e=0.0570  p=[0.252 0.584 0.001 0.344 0.357]
  eval: e=0.0751  p=[0.192 0.599 0.000 0.373 0.360]
  eval: e=0.1950  p=[0.192 0.602 0.000 0.337 0.359]
  eval: e=0.3583  p=[0.179 0.605 0.000 0.424 0.360]
  eval: e=0.0564  p=[0.179 0.599 0.000 0.408 0.357]
  eval: e=0.0404  p=[0.180 0.606 0.000 0.401 0.360]
  eval: e=1.2482  p=[0.221 0.586 0.000 0.406 0.357]
  291           14600         0.03811          0.9308       12
  eval: e=0.3749  p=[0.192 0.603 0.000 0.413 0.359]
  eval: e=0.0844  p=[0.177 0.604 0.000 0.414 0.360]
  eval: e=0.0552  p=[0.187 0.607 0.000 0.379 0.360]
  eval: e=0.1231  p=[0.202 0.592 0.000 0.398 0.358]
  eval: e=0.0381  p=[0.168 0.606 0.000 0.409 0.360]
  eval: e=8.5430  p=[0.226 0.615 0.000 0.409 0.353]
  eval: e=0.1515  p=[0.185 0.577 0.000 0.372 0.359]
  eval: e=0.1380  p=[0.214 0.578 0.000 0.397 0.359]
  eval: e=0.0745  p=[0.191 0.609 0.000 0.368 0.359]
  eval: e=0.0712  p=[0.229 0.578 0.000 0.370 0.354]
  eval: e=1.0107  p=[0.209 0.605 0.000 0.406 0.360]
  eval: e=0.1568  p=[0.242 0.565 0.006 0.377 0.355]
  eval: e=2.3527  p=[0.239 0.532 0.000 0.427 0.350]
  eval: e=0.8128  p=[0.222 0.594 0.000 0.397 0.360]
  eval: e=0.1053  p=[0.197 0.601 0.000 0.357 0.359]
  eval: e=0.0490  p=[0.165 0.606 0.000 0.404 0.359]
  eval: e=0.0402  p=[0.180 0.597 0.000 0.405 0.360]
  eval: e=0.1173  p=[0.201 0.601 0.000 0.349 0.357]
  eval: e=0.0381  p=[0.190 0.596 0.000 0.393 0.359]
  eval: e=1.3573  p=[0.212 0.605 0.000 0.399 0.352]
  eval: e=0.0721  p=[0.182 0.605 0.000 0.379 0.359]
  eval: e=0.2244  p=[0.190 0.589 0.000 0.335 0.358]
  eval: e=1.3709  p=[0.230 0.606 0.000 0.387 0.359]
  eval: e=0.7145  p=[0.203 0.607 0.000 0.406 0.359]
  eval: e=0.0391  p=[0.185 0.591 0.000 0.394 0.354]
  eval: e=0.1014  p=[0.212 0.571 0.000 0.352 0.348]
  eval: e=0.0639  p=[0.197 0.606 0.000 0.387 0.357]
  eval: e=0.0939  p=[0.276 0.571 0.008 0.302 0.359]
  eval: e=1.6436  p=[0.221 0.589 0.000 0.409 0.358]
  eval: e=0.0505  p=[0.169 0.604 0.000 0.409 0.351]
  eval: e=0.2004  p=[0.172 0.606 0.000 0.353 0.360]
  eval: e=0.0488  p=[0.176 0.604 0.000 0.395 0.360]
  eval: e=0.0401  p=[0.172 0.605 0.000 0.402 0.359]
  eval: e=0.1039  p=[0.183 0.606 0.000 0.369 0.359]
  eval: e=0.1084  p=[0.182 0.604 0.000 0.371 0.360]
  eval: e=0.0534  p=[0.202 0.607 0.000 0.380 0.358]
  eval: e=16.6471  p=[0.262 0.637 0.010 0.383 0.359]
  eval: e=0.1860  p=[0.183 0.604 0.000 0.415 0.360]
  eval: e=1.3371  p=[0.214 0.603 0.000 0.402 0.356]
  eval: e=0.0561  p=[0.203 0.609 0.000 0.376 0.356]
  eval: e=0.1004  p=[0.192 0.605 0.000 0.360 0.358]
  eval: e=0.0420  p=[0.221 0.567 0.000 0.381 0.356]
  eval: e=0.0416  p=[0.200 0.601 0.000 0.383 0.359]
  eval: e=0.0963  p=[0.166 0.588 0.000 0.395 0.354]
  eval: e=0.2039  p=[0.165 0.604 0.000 0.356 0.355]
  eval: e=0.0411  p=[0.235 0.598 0.000 0.347 0.357]
  eval: e=0.0400  p=[0.186 0.603 0.000 0.389 0.359]
  eval: e=0.1554  p=[0.180 0.602 0.000 0.359 0.357]
  eval: e=0.0417  p=[0.178 0.606 0.000 0.403 0.360]
  eval: e=0.8541  p=[0.227 0.593 0.000 0.392 0.358]
  292           14650         0.03808          0.8093        0
  eval: e=0.5618  p=[0.215 0.601 0.000 0.394 0.358]
  eval: e=0.1689  p=[0.234 0.611 0.000 0.294 0.356]
  eval: e=1.0748  p=[0.211 0.601 0.000 0.406 0.359]
  eval: e=0.0739  p=[0.220 0.593 0.000 0.376 0.360]
  eval: e=0.0381  p=[0.168 0.606 0.000 0.409 0.360]
  eval: e=0.0498  p=[0.202 0.600 0.000 0.366 0.355]
  eval: e=2.6502  p=[0.233 0.588 0.000 0.403 0.356]
  eval: e=0.0408  p=[0.235 0.599 0.000 0.347 0.358]
  eval: e=0.0388  p=[0.214 0.608 0.000 0.361 0.358]
  eval: e=1.6921  p=[0.237 0.572 0.000 0.403 0.356]
  eval: e=0.0575  p=[0.201 0.608 0.000 0.382 0.359]
  eval: e=0.0587  p=[0.263 0.529 0.000 0.343 0.348]
  eval: e=0.1180  p=[0.253 0.610 0.000 0.294 0.362]
  eval: e=0.1494  p=[0.187 0.565 0.000 0.378 0.358]
  eval: e=0.1124  p=[0.195 0.605 0.000 0.356 0.360]
  eval: e=0.0590  p=[0.209 0.601 0.000 0.376 0.356]
  eval: e=0.0510  p=[0.201 0.603 0.000 0.368 0.359]
  eval: e=0.2402  p=[0.220 0.609 0.000 0.372 0.354]
  eval: e=0.0487  p=[0.176 0.602 0.000 0.410 0.360]
  eval: e=0.1592  p=[0.218 0.608 0.000 0.324 0.365]
  eval: e=0.0793  p=[0.232 0.603 0.000 0.356 0.358]
  eval: e=0.0521  p=[0.229 0.582 0.000 0.367 0.357]
  eval: e=0.3363  p=[0.227 0.595 0.000 0.380 0.358]
  eval: e=0.3671  p=[0.216 0.587 0.000 0.398 0.359]
  eval: e=0.2716  p=[0.206 0.564 0.000 0.311 0.355]
  eval: e=0.8147  p=[0.275 0.565 0.000 0.355 0.350]
  eval: e=0.5257  p=[0.229 0.609 0.000 0.374 0.358]
  eval: e=0.0457  p=[0.278 0.570 0.006 0.324 0.355]
  eval: e=0.0638  p=[0.218 0.600 0.000 0.347 0.358]
  eval: e=0.1416  p=[0.210 0.594 0.001 0.341 0.361]
  eval: e=0.0598  p=[0.207 0.607 0.000 0.355 0.358]
  eval: e=0.0413  p=[0.199 0.564 0.000 0.400 0.359]
  eval: e=0.0446  p=[0.170 0.606 0.000 0.402 0.360]
  eval: e=0.0385  p=[0.214 0.592 0.000 0.370 0.359]
  eval: e=0.0612  p=[0.185 0.596 0.000 0.384 0.358]
  eval: e=0.0504  p=[0.212 0.583 0.000 0.370 0.359]
  eval: e=0.3643  p=[0.243 0.252 0.013 0.384 0.358]
  eval: e=0.1354  p=[0.180 0.605 0.000 0.362 0.357]
  eval: e=0.0503  p=[0.183 0.604 0.000 0.383 0.356]
  eval: e=0.0551  p=[0.208 0.596 0.000 0.361 0.356]
  eval: e=0.0434  p=[0.206 0.602 0.000 0.376 0.358]
  eval: e=0.1214  p=[0.169 0.568 0.000 0.400 0.356]
  eval: e=0.0972  p=[0.206 0.607 0.000 0.350 0.362]
  eval: e=0.0421  p=[0.197 0.572 0.001 0.394 0.356]
  eval: e=0.5198  p=[0.264 0.588 0.000 0.356 0.362]
  eval: e=0.2516  p=[0.145 0.599 0.000 0.363 0.358]
  eval: e=0.0592  p=[0.222 0.601 0.000 0.345 0.358]
  eval: e=0.0881  p=[0.200 0.564 0.000 0.378 0.354]
  eval: e=0.0382  p=[0.187 0.606 0.000 0.388 0.359]
  eval: e=0.2092  p=[0.217 0.595 0.000 0.313 0.361]
  293           14700         0.03808          0.2502        1
  eval: e=0.0541  p=[0.202 0.601 0.000 0.382 0.357]
  eval: e=0.0509  p=[0.204 0.594 0.000 0.370 0.359]
  eval: e=0.1504  p=[0.201 0.590 0.000 0.348 0.359]
  eval: e=0.0979  p=[0.220 0.587 0.000 0.382 0.359]
  eval: e=0.0381  p=[0.168 0.606 0.000 0.409 0.360]
  eval: e=0.0388  p=[0.204 0.589 0.001 0.380 0.354]
  eval: e=0.0752  p=[0.199 0.594 0.000 0.366 0.357]
  eval: e=0.1208  p=[0.135 0.564 0.000 0.437 0.355]
  eval: e=0.1250  p=[0.159 0.607 0.000 0.390 0.362]
  eval: e=0.3369  p=[0.193 0.614 0.000 0.401 0.357]
  eval: e=0.5712  p=[0.199 0.606 0.000 0.409 0.361]
  eval: e=0.2099  p=[0.293 0.556 0.002 0.325 0.345]
  eval: e=52.5212  p=[0.257 0.610 0.000 0.440 0.361]
  eval: e=0.0383  p=[0.201 0.583 0.000 0.391 0.360]
  eval: e=0.0580  p=[0.197 0.595 0.000 0.373 0.358]
  eval: e=0.0396  p=[0.181 0.601 0.000 0.395 0.359]
  eval: e=0.0566  p=[0.205 0.595 0.000 0.386 0.359]
  eval: e=0.1017  p=[0.181 0.560 0.000 0.401 0.360]
  eval: e=0.0764  p=[0.173 0.603 0.000 0.389 0.360]
  eval: e=0.0480  p=[0.186 0.575 0.000 0.411 0.353]
  eval: e=0.0385  p=[0.205 0.599 0.000 0.372 0.355]
  eval: e=0.0557  p=[0.198 0.601 0.000 0.369 0.358]
  eval: e=0.1970  p=[0.211 0.606 0.000 0.384 0.359]
  eval: e=0.0781  p=[0.166 0.614 0.000 0.389 0.359]
  eval: e=13.7397  p=[0.246 0.610 0.000 0.406 0.357]
  eval: e=0.0726  p=[0.232 0.569 0.000 0.347 0.354]
  eval: e=0.1326  p=[0.196 0.604 0.000 0.348 0.358]
  eval: e=0.2658  p=[0.141 0.571 0.000 0.372 0.351]
  eval: e=0.0466  p=[0.178 0.584 0.000 0.405 0.359]
  eval: e=0.0429  p=[0.222 0.596 0.002 0.355 0.358]
  eval: e=0.0574  p=[0.166 0.605 0.000 0.399 0.359]
  eval: e=0.2421  p=[0.189 0.616 0.000 0.403 0.359]
  eval: e=0.0387  p=[0.187 0.596 0.000 0.394 0.359]
  eval: e=0.0383  p=[0.213 0.600 0.000 0.366 0.358]
  eval: e=0.0382  p=[0.190 0.597 0.000 0.391 0.360]
  eval: e=0.1111  p=[0.206 0.609 0.000 0.381 0.358]
  eval: e=0.1134  p=[0.145 0.587 0.014 0.422 0.359]
  eval: e=1.3718  p=[0.219 0.602 0.000 0.400 0.358]
  eval: e=0.0398  p=[0.191 0.601 0.000 0.384 0.358]
  eval: e=0.0387  p=[0.182 0.607 0.000 0.394 0.361]
  eval: e=0.1064  p=[0.189 0.605 0.000 0.403 0.360]
  eval: e=0.1242  p=[0.180 0.594 0.000 0.372 0.357]
  eval: e=2.0643  p=[0.212 0.604 0.000 0.408 0.355]
  eval: e=0.5624  p=[0.223 0.608 0.001 0.380 0.356]
  eval: e=0.0391  p=[0.173 0.592 0.000 0.411 0.356]
  eval: e=0.0390  p=[0.240 0.599 0.000 0.337 0.357]
  eval: e=0.2091  p=[0.219 0.606 0.000 0.377 0.358]
  eval: e=0.0387  p=[0.229 0.592 0.000 0.351 0.354]
  eval: e=0.0392  p=[0.169 0.606 0.000 0.410 0.359]
  eval: e=1.1949  p=[0.219 0.589 0.000 0.405 0.356]
  294           14750         0.03807            1.52        0
  eval: e=0.0383  p=[0.212 0.597 0.000 0.370 0.360]
  eval: e=0.1799  p=[0.193 0.604 0.000 0.403 0.359]
  eval: e=0.0427  p=[0.211 0.617 0.000 0.354 0.359]
  eval: e=0.2192  p=[0.152 0.591 0.000 0.376 0.359]
  eval: e=0.0381  p=[0.168 0.606 0.000 0.409 0.360]
  eval: e=0.0719  p=[0.177 0.584 0.000 0.393 0.354]
  eval: e=0.0518  p=[0.196 0.585 0.000 0.396 0.354]
  eval: e=0.2055  p=[0.175 0.576 0.000 0.367 0.360]
  eval: e=0.9674  p=[0.221 0.608 0.000 0.392 0.361]
  eval: e=0.0513  p=[0.188 0.606 0.000 0.379 0.359]
  eval: e=0.0466  p=[0.210 0.607 0.000 0.372 0.360]
  eval: e=0.2117  p=[0.181 0.543 0.007 0.374 0.351]
  eval: e=0.1869  p=[0.229 0.504 0.000 0.433 0.358]
  eval: e=0.1305  p=[0.201 0.601 0.000 0.395 0.360]
  eval: e=0.0397  p=[0.220 0.595 0.000 0.359 0.358]
  eval: e=0.0410  p=[0.208 0.584 0.000 0.385 0.359]
  eval: e=0.0760  p=[0.157 0.589 0.000 0.415 0.360]
  eval: e=0.1046  p=[0.175 0.579 0.000 0.389 0.353]
  eval: e=0.0445  p=[0.180 0.601 0.000 0.394 0.360]
  eval: e=0.1802  p=[0.237 0.584 0.000 0.374 0.362]
  eval: e=0.0390  p=[0.214 0.606 0.000 0.361 0.357]
  eval: e=1.9627  p=[0.220 0.595 0.000 0.407 0.356]
  eval: e=0.0906  p=[0.182 0.603 0.000 0.376 0.359]
  eval: e=0.2520  p=[0.216 0.606 0.000 0.382 0.359]
  eval: e=0.2149  p=[0.151 0.568 0.000 0.387 0.353]
  eval: e=0.0453  p=[0.211 0.575 0.000 0.387 0.355]
  eval: e=0.5384  p=[0.209 0.603 0.000 0.397 0.358]
  eval: e=4.2525  p=[0.296 0.579 0.001 0.351 0.351]
  eval: e=0.2443  p=[0.262 0.582 0.000 0.349 0.357]
  eval: e=0.0800  p=[0.187 0.600 0.001 0.375 0.358]
  eval: e=0.1024  p=[0.186 0.607 0.000 0.366 0.359]
  eval: e=0.0691  p=[0.190 0.567 0.000 0.396 0.359]
  eval: e=0.0667  p=[0.176 0.607 0.000 0.409 0.359]
  eval: e=0.0425  p=[0.199 0.579 0.000 0.390 0.359]
  eval: e=0.0487  p=[0.191 0.584 0.000 0.392 0.360]
  eval: e=0.1731  p=[0.208 0.603 0.000 0.387 0.357]
  eval: e=0.1688  p=[0.248 0.386 0.013 0.437 0.359]
  eval: e=0.0450  p=[0.213 0.589 0.000 0.367 0.358]
  eval: e=0.0880  p=[0.209 0.594 0.000 0.387 0.359]
  eval: e=0.0385  p=[0.216 0.606 0.000 0.360 0.358]
  eval: e=0.7013  p=[0.195 0.606 0.000 0.413 0.357]
  eval: e=2.3819  p=[0.249 0.586 0.000 0.386 0.355]
  eval: e=0.1114  p=[0.220 0.599 0.000 0.333 0.359]
  eval: e=0.2014  p=[0.214 0.591 0.000 0.391 0.359]
  eval: e=0.5037  p=[0.200 0.608 0.000 0.405 0.360]
  eval: e=0.0457  p=[0.228 0.579 0.000 0.369 0.357]
  eval: e=3.2757  p=[0.210 0.599 0.000 0.424 0.359]
  eval: e=0.0609  p=[0.198 0.596 0.000 0.375 0.363]
  eval: e=0.0876  p=[0.179 0.607 0.000 0.378 0.360]
  eval: e=0.0664  p=[0.211 0.580 0.000 0.365 0.356]
  295           14800         0.03807          0.3785        0
  eval: e=0.0380  p=[0.177 0.603 0.000 0.403 0.360]
  eval: e=0.7318  p=[0.206 0.604 0.001 0.404 0.358]
  eval: e=0.4301  p=[0.213 0.566 0.000 0.417 0.359]
  eval: e=18.1058  p=[0.272 0.597 0.000 0.398 0.359]
  eval: e=0.0381  p=[0.168 0.606 0.000 0.409 0.360]
  eval: e=4.9628  p=[0.265 0.590 0.000 0.382 0.358]
  eval: e=0.0972  p=[0.208 0.580 0.000 0.364 0.361]
  eval: e=0.4684  p=[0.252 0.583 0.000 0.362 0.354]
  eval: e=0.0487  p=[0.205 0.591 0.000 0.374 0.361]
  eval: e=0.1625  p=[0.222 0.594 0.000 0.377 0.355]
  eval: e=0.0431  p=[0.206 0.592 0.000 0.384 0.359]
  eval: e=0.0645  p=[0.212 0.619 0.007 0.370 0.362]
  eval: e=0.1234  p=[0.224 0.511 0.000 0.374 0.347]
  eval: e=0.0456  p=[0.181 0.608 0.000 0.387 0.359]
  eval: e=0.1354  p=[0.171 0.605 0.000 0.374 0.360]
  eval: e=0.0453  p=[0.174 0.631 0.000 0.381 0.360]
  eval: e=0.0531  p=[0.199 0.578 0.000 0.386 0.360]
  eval: e=0.0467  p=[0.203 0.600 0.000 0.385 0.362]
  eval: e=0.0464  p=[0.189 0.587 0.000 0.393 0.359]
  eval: e=0.1025  p=[0.159 0.595 0.000 0.395 0.353]
  eval: e=0.0391  p=[0.197 0.606 0.000 0.377 0.356]
  eval: e=0.1687  p=[0.219 0.575 0.000 0.332 0.356]
  eval: e=0.0384  p=[0.215 0.608 0.001 0.359 0.358]
  eval: e=0.0461  p=[0.214 0.577 0.000 0.373 0.359]
  eval: e=0.0696  p=[0.276 0.586 0.000 0.318 0.354]
  eval: e=0.0452  p=[0.226 0.574 0.000 0.366 0.349]
  eval: e=0.2033  p=[0.211 0.612 0.000 0.381 0.359]
  eval: e=0.1522  p=[0.238 0.582 0.006 0.305 0.345]
  eval: e=0.0478  p=[0.168 0.600 0.000 0.405 0.359]
  eval: e=0.0999  p=[0.237 0.600 0.003 0.353 0.354]
  eval: e=0.3344  p=[0.206 0.606 0.000 0.395 0.359]
  eval: e=0.0381  p=[0.191 0.583 0.000 0.400 0.360]
  eval: e=0.0431  p=[0.186 0.591 0.000 0.405 0.359]
  eval: e=0.0444  p=[0.214 0.612 0.000 0.351 0.358]
  eval: e=0.0396  p=[0.190 0.587 0.000 0.396 0.359]
  eval: e=0.0449  p=[0.211 0.609 0.000 0.355 0.358]
  eval: e=10.8564  p=[0.309 0.520 0.010 0.407 0.359]
  eval: e=0.1343  p=[0.202 0.637 0.000 0.371 0.359]
  eval: e=0.0390  p=[0.178 0.614 0.000 0.388 0.353]
  eval: e=0.1577  p=[0.182 0.599 0.000 0.359 0.358]
  eval: e=0.3511  p=[0.215 0.596 0.000 0.394 0.360]
  eval: e=0.1200  p=[0.196 0.585 0.000 0.360 0.355]
  eval: e=0.3913  p=[0.197 0.594 0.000 0.414 0.359]
  eval: e=0.1025  p=[0.180 0.573 0.000 0.388 0.353]
  eval: e=0.1704  p=[0.207 0.583 0.000 0.338 0.357]
  eval: e=0.0737  p=[0.212 0.599 0.000 0.352 0.359]
  eval: e=0.0653  p=[0.204 0.607 0.000 0.358 0.359]
  eval: e=0.7164  p=[0.232 0.582 0.000 0.394 0.361]
  eval: e=0.0389  p=[0.192 0.606 0.000 0.382 0.359]
  eval: e=0.0385  p=[0.195 0.584 0.000 0.396 0.360]
  296           14850         0.03802            0.81        0
  eval: e=0.0380  p=[0.173 0.603 0.000 0.406 0.360]
  eval: e=0.0856  p=[0.191 0.575 0.000 0.385 0.359]
  eval: e=0.2041  p=[0.194 0.569 0.000 0.353 0.360]
  eval: e=0.1751  p=[0.147 0.602 0.000 0.388 0.359]
  eval: e=0.0381  p=[0.168 0.606 0.000 0.409 0.360]
  eval: e=0.2743  p=[0.117 0.599 0.000 0.380 0.359]
  eval: e=0.1226  p=[0.185 0.597 0.000 0.413 0.360]
  eval: e=8.5441  p=[0.222 0.603 0.000 0.423 0.356]
  eval: e=0.4313  p=[0.193 0.606 0.000 0.412 0.360]
  eval: e=0.2007  p=[0.184 0.565 0.000 0.366 0.359]
  eval: e=0.2506  p=[0.208 0.594 0.000 0.399 0.360]
  eval: e=0.0520  p=[0.212 0.535 0.005 0.401 0.357]
  eval: e=0.2998  p=[0.204 0.628 0.000 0.372 0.348]
  eval: e=0.0614  p=[0.205 0.584 0.000 0.395 0.360]
  eval: e=1.4124  p=[0.217 0.604 0.001 0.401 0.358]
  eval: e=0.0515  p=[0.236 0.582 0.000 0.361 0.359]
  eval: e=0.0428  p=[0.202 0.584 0.000 0.393 0.360]
  eval: e=0.0807  p=[0.191 0.603 0.000 0.365 0.355]
  eval: e=0.0490  p=[0.165 0.612 0.000 0.400 0.359]
  eval: e=0.0507  p=[0.199 0.602 0.000 0.385 0.357]
  eval: e=0.0509  p=[0.198 0.605 0.000 0.371 0.359]
  eval: e=0.1278  p=[0.202 0.586 0.000 0.352 0.355]
  eval: e=0.0385  p=[0.210 0.607 0.000 0.363 0.358]
  eval: e=0.3819  p=[0.186 0.634 0.000 0.399 0.360]
  eval: e=0.0754  p=[0.242 0.582 0.000 0.327 0.353]
  eval: e=0.2170  p=[0.226 0.555 0.000 0.320 0.354]
  eval: e=0.0703  p=[0.182 0.605 0.000 0.377 0.357]
  eval: e=0.2589  p=[0.180 0.594 0.006 0.425 0.355]
  eval: e=0.2036  p=[0.162 0.600 0.000 0.365 0.360]
  eval: e=0.0380  p=[0.178 0.593 0.000 0.408 0.360]
  eval: e=0.0580  p=[0.203 0.607 0.000 0.360 0.358]
  eval: e=0.0388  p=[0.191 0.585 0.000 0.401 0.360]
  eval: e=0.0858  p=[0.187 0.604 0.001 0.370 0.359]
  eval: e=0.1615  p=[0.189 0.599 0.000 0.411 0.360]
  eval: e=0.0418  p=[0.190 0.596 0.000 0.388 0.359]
  eval: e=0.0513  p=[0.206 0.580 0.000 0.378 0.360]
  eval: e=0.2421  p=[0.234 0.367 0.001 0.435 0.359]
  eval: e=0.0677  p=[0.204 0.593 0.000 0.362 0.355]
  eval: e=0.0858  p=[0.229 0.592 0.000 0.371 0.362]
  eval: e=0.1028  p=[0.194 0.602 0.000 0.361 0.359]
  eval: e=0.0470  p=[0.218 0.605 0.000 0.349 0.357]
  eval: e=0.0866  p=[0.243 0.577 0.000 0.365 0.361]
  eval: e=0.2428  p=[0.198 0.605 0.000 0.399 0.358]
  eval: e=2.7136  p=[0.239 0.585 0.001 0.396 0.353]
  eval: e=0.3675  p=[0.232 0.593 0.000 0.379 0.360]
  eval: e=0.2238  p=[0.226 0.607 0.000 0.370 0.359]
  eval: e=0.0899  p=[0.185 0.603 0.000 0.372 0.359]
  eval: e=0.1024  p=[0.163 0.588 0.000 0.394 0.351]
  eval: e=0.0574  p=[0.181 0.605 0.000 0.385 0.360]
  eval: e=0.0409  p=[0.189 0.597 0.000 0.396 0.360]
  297           14900         0.03798          0.3767        0
  eval: e=0.0383  p=[0.179 0.602 0.000 0.399 0.360]
  eval: e=0.0645  p=[0.206 0.585 0.000 0.369 0.359]
  eval: e=0.8943  p=[0.219 0.641 0.000 0.371 0.359]
  eval: e=0.0439  p=[0.211 0.592 0.000 0.368 0.359]
  eval: e=0.0381  p=[0.168 0.606 0.000 0.409 0.360]
  eval: e=24.2399  p=[0.319 0.580 0.000 0.375 0.357]
  eval: e=2.7493  p=[0.238 0.590 0.000 0.396 0.355]
  eval: e=0.2033  p=[0.193 0.591 0.000 0.337 0.356]
  eval: e=0.1133  p=[0.206 0.591 0.000 0.353 0.360]
  eval: e=0.3226  p=[0.231 0.585 0.000 0.379 0.354]
  eval: e=0.1472  p=[0.168 0.601 0.000 0.376 0.360]
  eval: e=5.1349  p=[0.301 0.610 0.006 0.327 0.346]
  eval: e=0.1232  p=[0.209 0.532 0.000 0.375 0.348]
  eval: e=0.0380  p=[0.187 0.594 0.000 0.399 0.361]
  eval: e=0.0817  p=[0.162 0.601 0.000 0.401 0.361]
  eval: e=0.0632  p=[0.217 0.595 0.000 0.376 0.359]
  eval: e=0.7656  p=[0.196 0.596 0.000 0.422 0.361]
  eval: e=0.0893  p=[0.226 0.597 0.000 0.365 0.356]
  eval: e=0.0432  p=[0.182 0.597 0.000 0.396 0.360]
  eval: e=0.0408  p=[0.214 0.578 0.000 0.382 0.358]
  eval: e=0.0397  p=[0.214 0.599 0.000 0.368 0.359]
  eval: e=1.3676  p=[0.212 0.583 0.000 0.417 0.355]
  eval: e=0.1400  p=[0.188 0.585 0.000 0.367 0.359]
  eval: e=0.0960  p=[0.185 0.607 0.000 0.368 0.359]
  eval: e=0.0683  p=[0.211 0.578 0.000 0.391 0.357]
  eval: e=1.0139  p=[0.249 0.578 0.000 0.381 0.357]
  eval: e=0.1089  p=[0.188 0.609 0.000 0.359 0.358]
  eval: e=0.1262  p=[0.286 0.568 0.000 0.280 0.354]
  eval: e=0.1122  p=[0.192 0.597 0.000 0.363 0.359]
  eval: e=0.0382  p=[0.173 0.592 0.000 0.413 0.361]
  eval: e=0.0817  p=[0.188 0.602 0.000 0.402 0.358]
  eval: e=0.0382  p=[0.191 0.582 0.000 0.400 0.360]
  eval: e=0.2165  p=[0.186 0.607 0.000 0.411 0.359]
  eval: e=0.0703  p=[0.190 0.604 0.000 0.373 0.359]
  eval: e=0.0413  p=[0.173 0.601 0.000 0.411 0.360]
  eval: e=0.1601  p=[0.167 0.612 0.000 0.365 0.359]
  eval: e=3.3396  p=[0.237 0.541 0.025 0.445 0.361]
  eval: e=2.9604  p=[0.201 0.606 0.000 0.426 0.358]
  eval: e=0.0705  p=[0.180 0.593 0.000 0.384 0.353]
  eval: e=0.1013  p=[0.183 0.602 0.000 0.370 0.357]
  eval: e=0.2119  p=[0.180 0.574 0.000 0.362 0.360]
  eval: e=0.0979  p=[0.219 0.590 0.000 0.377 0.355]
  eval: e=0.0392  p=[0.201 0.604 0.000 0.374 0.360]
  eval: e=0.1941  p=[0.174 0.598 0.000 0.354 0.355]
  eval: e=0.0734  p=[0.218 0.594 0.000 0.374 0.356]
  eval: e=0.5301  p=[0.225 0.593 0.000 0.388 0.357]
  eval: e=0.0389  p=[0.223 0.597 0.000 0.358 0.357]
  eval: e=2.3223  p=[0.283 0.611 0.000 0.337 0.357]
  eval: e=0.1539  p=[0.178 0.606 0.000 0.417 0.360]
  eval: e=0.0404  p=[0.180 0.590 0.000 0.410 0.360]
  298           14950         0.03798          0.9826        1
  eval: e=0.0403  p=[0.175 0.603 0.000 0.408 0.360]
  eval: e=0.0753  p=[0.179 0.608 0.000 0.382 0.361]
  eval: e=0.1100  p=[0.180 0.585 0.000 0.386 0.361]
  eval: e=0.0403  p=[0.193 0.592 0.000 0.395 0.360]
  eval: e=0.0381  p=[0.168 0.606 0.000 0.409 0.360]
  eval: e=0.3160  p=[0.084 0.585 0.000 0.389 0.356]
  eval: e=0.1641  p=[0.159 0.574 0.000 0.395 0.357]
  eval: e=0.9197  p=[0.208 0.584 0.000 0.415 0.354]
  eval: e=0.1419  p=[0.173 0.597 0.000 0.377 0.361]
  eval: e=0.1196  p=[0.178 0.591 0.000 0.374 0.354]
  eval: e=0.0871  p=[0.199 0.601 0.000 0.393 0.360]
  eval: e=4.2467  p=[0.244 0.572 0.003 0.410 0.356]
  eval: e=0.1054  p=[0.206 0.537 0.000 0.391 0.360]
  eval: e=0.0577  p=[0.182 0.594 0.000 0.411 0.360]
  eval: e=5.2753  p=[0.244 0.596 0.000 0.399 0.358]
  eval: e=0.0572  p=[0.186 0.597 0.000 0.405 0.359]
  eval: e=0.0952  p=[0.174 0.596 0.000 0.387 0.360]
  eval: e=0.0475  p=[0.187 0.591 0.000 0.405 0.359]
  eval: e=0.0499  p=[0.183 0.596 0.000 0.393 0.360]
  eval: e=0.0390  p=[0.182 0.585 0.000 0.404 0.358]
  eval: e=2.8942  p=[0.210 0.594 0.000 0.422 0.356]
  eval: e=0.0512  p=[0.210 0.594 0.000 0.382 0.361]
  eval: e=5.1096  p=[0.212 0.626 0.000 0.412 0.360]
  eval: e=1.5753  p=[0.215 0.599 0.000 0.408 0.359]
  eval: e=0.0884  p=[0.187 0.567 0.000 0.392 0.357]
  eval: e=0.0700  p=[0.206 0.583 0.000 0.361 0.349]
  eval: e=0.1284  p=[0.220 0.600 0.000 0.376 0.360]
  eval: e=0.3143  p=[0.188 0.575 0.002 0.291 0.354]
  eval: e=0.0644  p=[0.222 0.571 0.000 0.363 0.358]
  eval: e=0.0418  p=[0.180 0.594 0.000 0.409 0.360]
  eval: e=0.0722  p=[0.178 0.594 0.000 0.392 0.361]
  eval: e=0.0382  p=[0.184 0.592 0.000 0.403 0.360]
  eval: e=0.0677  p=[0.158 0.605 0.000 0.406 0.360]
  eval: e=0.0648  p=[0.221 0.594 0.000 0.372 0.360]
  eval: e=0.0524  p=[0.191 0.593 0.000 0.385 0.359]
  eval: e=0.1034  p=[0.197 0.604 0.000 0.393 0.359]
  eval: e=4.7010  p=[0.268 0.513 0.021 0.438 0.360]
  eval: e=0.2259  p=[0.184 0.600 0.000 0.334 0.358]
  eval: e=0.0533  p=[0.172 0.623 0.000 0.385 0.360]
  eval: e=0.2048  p=[0.211 0.593 0.000 0.395 0.361]
  eval: e=0.1769  p=[0.205 0.598 0.000 0.393 0.357]
  eval: e=0.0882  p=[0.213 0.565 0.000 0.405 0.362]
  eval: e=1.2088  p=[0.218 0.594 0.000 0.405 0.358]
  eval: e=0.1870  p=[0.214 0.581 0.001 0.396 0.357]
  eval: e=0.0654  p=[0.207 0.593 0.000 0.365 0.361]
  eval: e=0.1113  p=[0.234 0.597 0.000 0.362 0.360]
  eval: e=0.2247  p=[0.162 0.595 0.000 0.363 0.361]
  eval: e=0.2367  p=[0.167 0.589 0.000 0.351 0.356]
  eval: e=0.0884  p=[0.185 0.588 0.000 0.383 0.360]
  eval: e=0.0515  p=[0.185 0.589 0.000 0.393 0.360]
  299           15000         0.03798          0.6077        2
  eval: e=0.0482  p=[0.179 0.601 0.000 0.408 0.360]
  eval: e=0.0399  p=[0.207 0.591 0.000 0.379 0.357]
  eval: e=0.0448  p=[0.202 0.592 0.000 0.389 0.361]
  eval: e=0.0553  p=[0.205 0.592 0.000 0.388 0.359]
  eval: e=0.0407  p=[0.176 0.604 0.000 0.406 0.360]
  eval: e=0.0607  p=[0.186 0.586 0.000 0.389 0.357]
  eval: e=2.1535  p=[0.255 0.583 0.000 0.383 0.358]
  eval: e=0.0806  p=[0.186 0.594 0.000 0.381 0.360]
  eval: e=0.1093  p=[0.219 0.611 0.000 0.370 0.361]
  eval: e=0.9684  p=[0.225 0.583 0.000 0.406 0.364]
  eval: e=0.0707  p=[0.203 0.602 0.000 0.361 0.360]
  eval: e=0.3469  p=[0.216 0.566 0.004 0.403 0.348]
  eval: e=5.3502  p=[0.264 0.551 0.000 0.409 0.357]
  eval: e=0.0381  p=[0.186 0.593 0.000 0.400 0.361]
  eval: e=0.1902  p=[0.158 0.606 0.000 0.370 0.359]
  eval: e=0.2256  p=[0.223 0.599 0.000 0.379 0.359]
  eval: e=0.0383  p=[0.175 0.583 0.000 0.418 0.360]
  eval: e=0.1378  p=[0.197 0.602 0.000 0.347 0.357]
  eval: e=0.1077  p=[0.186 0.593 0.000 0.413 0.359]
  eval: e=0.0384  p=[0.215 0.607 0.000 0.361 0.360]
  eval: e=0.2853  p=[0.167 0.594 0.000 0.328 0.361]
  eval: e=1.0108  p=[0.238 0.586 0.000 0.380 0.350]
  eval: e=0.1564  p=[0.184 0.586 0.000 0.366 0.358]
  eval: e=0.0656  p=[0.165 0.597 0.000 0.404 0.360]
  eval: e=2.0917  p=[0.244 0.586 0.000 0.393 0.360]
  eval: e=0.8980  p=[0.250 0.547 0.000 0.399 0.357]
  eval: e=0.2043  p=[0.157 0.601 0.000 0.370 0.360]
  eval: e=0.0513  p=[0.205 0.582 0.005 0.375 0.355]
  eval: e=0.8134  p=[0.204 0.592 0.000 0.417 0.360]
  eval: e=0.0380  p=[0.178 0.593 0.000 0.408 0.360]
  eval: e=0.0403  p=[0.198 0.611 0.000 0.379 0.360]
  eval: e=0.0382  p=[0.187 0.588 0.000 0.402 0.360]
  eval: e=0.0551  p=[0.173 0.589 0.000 0.404 0.360]
  eval: e=0.0436  p=[0.183 0.603 0.000 0.389 0.359]
  eval: e=0.0942  p=[0.184 0.593 0.000 0.415 0.361]
  eval: e=0.1225  p=[0.184 0.606 0.000 0.408 0.359]
  eval: e=20.8694  p=[0.273 0.564 0.001 0.423 0.359]
  eval: e=0.0386  p=[0.211 0.595 0.000 0.369 0.358]
  eval: e=0.0387  p=[0.214 0.600 0.000 0.361 0.353]
  eval: e=0.0695  p=[0.197 0.595 0.000 0.368 0.356]
  eval: e=0.0978  p=[0.218 0.615 0.000 0.367 0.361]
  eval: e=0.0417  p=[0.188 0.577 0.000 0.404 0.360]
  eval: e=0.0864  p=[0.190 0.598 0.000 0.371 0.358]
  eval: e=0.1746  p=[0.214 0.572 0.000 0.338 0.357]
  eval: e=0.8507  p=[0.211 0.592 0.000 0.408 0.359]
  eval: e=0.1426  p=[0.214 0.592 0.000 0.388 0.360]
  eval: e=0.5436  p=[0.230 0.595 0.000 0.383 0.360]
  eval: e=0.8012  p=[0.241 0.592 0.000 0.376 0.355]
  eval: e=0.0381  p=[0.186 0.608 0.000 0.390 0.360]
  eval: e=0.0389  p=[0.186 0.591 0.000 0.402 0.360]
  300           15050         0.03796          0.7997        0
Optimization ended: number of iterations exceeded OPTIONS.MaxIterations.
=== Fit complete: error=0.037962  AIC=-3192.5 ===
