  eval: e=0.1569  p=[0.725 0.236 0.302 0.135 0.608 0.619 0.493 0.400]
 
 Iteration   Func-count         f(x)         Procedure
     0            1         0.156896         
  eval: e=0.1571  p=[0.762 0.236 0.302 0.135 0.608 0.619 0.493 0.400]
  eval: e=0.1696  p=[0.725 0.248 0.302 0.135 0.608 0.619 0.493 0.400]
  eval: e=0.1702  p=[0.725 0.236 0.317 0.135 0.608 0.619 0.493 0.400]
  eval: e=0.1491  p=[0.725 0.236 0.302 0.142 0.608 0.619 0.493 0.400]
  eval: e=0.1564  p=[0.725 0.236 0.302 0.135 0.638 0.619 0.493 0.400]
  eval: e=0.1463  p=[0.725 0.236 0.302 0.135 0.608 0.650 0.493 0.400]
  eval: e=0.1574  p=[0.725 0.236 0.302 0.135 0.608 0.619 0.517 0.400]
  eval: e=0.1447  p=[0.725 0.236 0.302 0.135 0.608 0.619 0.493 0.420]
     1            9         0.144711         initial simplex
  eval: e=0.1386  p=[0.734 0.239 0.287 0.137 0.616 0.627 0.499 0.405]
  eval: e=0.1224  p=[0.739 0.240 0.272 0.138 0.619 0.631 0.502 0.407]
     2           11          0.12242         expand
  eval: e=0.1287  p=[0.738 0.225 0.294 0.137 0.618 0.630 0.501 0.407]
     3           12          0.12242         reflect
  eval: e=0.1317  p=[0.741 0.234 0.293 0.138 0.621 0.632 0.472 0.409]
     4           13          0.12242         reflect
  eval: e=0.1256  p=[0.700 0.234 0.290 0.139 0.624 0.636 0.492 0.411]
     5           14          0.12242         reflect
  eval: e=0.1170  p=[0.729 0.234 0.287 0.140 0.628 0.640 0.492 0.413]
  eval: e=0.0958  p=[0.731 0.232 0.280 0.142 0.639 0.650 0.492 0.420]
     6           16        0.0957849         expand
  eval: e=0.1108  p=[0.731 0.233 0.282 0.141 0.598 0.648 0.492 0.418]
     7           17        0.0957849         reflect
  eval: e=0.0999  p=[0.732 0.232 0.277 0.134 0.626 0.655 0.491 0.423]
     8           18        0.0957849         reflect
  eval: e=0.0985  p=[0.734 0.231 0.270 0.141 0.630 0.625 0.491 0.429]
     9           19        0.0957849         reflect
  eval: e=0.0849  p=[0.736 0.229 0.262 0.142 0.636 0.657 0.491 0.411]
  eval: e=0.0809  p=[0.741 0.226 0.243 0.146 0.650 0.677 0.490 0.407]
    10           21        0.0809203         expand
  eval: e=0.0844  p=[0.721 0.229 0.259 0.142 0.630 0.655 0.515 0.422]
    11           22        0.0809203         reflect
  eval: e=0.0781  p=[0.719 0.239 0.249 0.143 0.636 0.664 0.490 0.427]
  eval: e=0.0896  p=[0.710 0.246 0.226 0.146 0.645 0.681 0.484 0.438]
    12           24        0.0780932         reflect
  eval: e=0.0805  p=[0.763 0.231 0.243 0.143 0.633 0.665 0.498 0.428]
    13           25        0.0780932         reflect
  eval: e=0.0854  p=[0.729 0.223 0.254 0.146 0.641 0.679 0.488 0.436]
    14           26        0.0780932         reflect
  eval: e=0.0847  p=[0.737 0.228 0.237 0.143 0.673 0.670 0.497 0.430]
    15           27        0.0780932         reflect
  eval: e=0.0957  p=[0.736 0.228 0.232 0.152 0.657 0.667 0.499 0.427]
    16           28        0.0780932         reflect
  eval: e=0.1201  p=[0.735 0.228 0.228 0.148 0.659 0.707 0.501 0.420]
  eval: e=0.0836  p=[0.734 0.230 0.260 0.143 0.638 0.645 0.493 0.427]
    17           30        0.0780932         contract inside
  eval: e=0.1202  p=[0.739 0.226 0.214 0.148 0.651 0.680 0.501 0.431]
  eval: e=0.0805  p=[0.733 0.231 0.263 0.143 0.642 0.658 0.494 0.423]
    18           32        0.0780932         contract inside
  eval: e=0.0901  p=[0.733 0.231 0.270 0.135 0.629 0.662 0.493 0.423]
  eval: e=0.0804  p=[0.734 0.230 0.260 0.139 0.636 0.663 0.494 0.424]
    19           34        0.0780932         contract outside
  eval: e=0.0878  p=[0.741 0.238 0.250 0.140 0.643 0.645 0.505 0.411]
  eval: e=0.0794  p=[0.732 0.227 0.253 0.144 0.642 0.671 0.492 0.430]
    20           36        0.0780932         contract inside
  eval: e=0.0990  p=[0.733 0.233 0.271 0.143 0.603 0.655 0.495 0.417]
  eval: e=0.0778  p=[0.736 0.229 0.245 0.143 0.656 0.666 0.496 0.426]
    21           38        0.0777927         contract inside
  eval: e=0.0795  p=[0.752 0.232 0.244 0.145 0.653 0.672 0.472 0.426]
    22           39        0.0777927         reflect
  eval: e=0.0847  p=[0.743 0.231 0.240 0.144 0.649 0.689 0.488 0.421]
  eval: e=0.0792  p=[0.737 0.230 0.255 0.143 0.641 0.656 0.492 0.425]
    23           41        0.0777927         contract inside
  eval: e=0.0803  p=[0.735 0.236 0.260 0.140 0.634 0.652 0.493 0.446]
    24           42        0.0777927         reflect
  eval: e=0.0771  p=[0.707 0.232 0.265 0.142 0.652 0.660 0.482 0.429]
  eval: e=0.0801  p=[0.679 0.233 0.276 0.141 0.661 0.658 0.474 0.430]
    25           44        0.0770874         reflect
  eval: e=0.0786  p=[0.730 0.233 0.245 0.142 0.645 0.668 0.484 0.436]
    26           45        0.0770874         reflect
  eval: e=0.0805  p=[0.728 0.234 0.244 0.146 0.654 0.665 0.481 0.437]
  eval: e=0.0777  p=[0.732 0.231 0.256 0.141 0.640 0.663 0.491 0.427]
    27           47        0.0770874         contract inside
  eval: e=0.0819  p=[0.726 0.227 0.242 0.146 0.657 0.678 0.482 0.411]
  eval: e=0.0778  p=[0.733 0.234 0.256 0.141 0.640 0.659 0.490 0.437]
    28           49        0.0770874         contract inside
  eval: e=0.0821  p=[0.704 0.232 0.261 0.140 0.635 0.655 0.508 0.434]
  eval: e=0.0771  p=[0.740 0.232 0.249 0.144 0.648 0.668 0.481 0.428]
    29           51        0.0770874         contract inside
  eval: e=0.0776  p=[0.726 0.239 0.252 0.140 0.648 0.656 0.485 0.429]
    30           52        0.0770874         reflect
  eval: e=0.0748  p=[0.719 0.237 0.249 0.141 0.651 0.670 0.483 0.435]
  eval: e=0.0744  p=[0.711 0.241 0.246 0.140 0.656 0.677 0.478 0.440]
    31           54        0.0743957         expand
  eval: e=0.0781  p=[0.721 0.236 0.260 0.142 0.648 0.660 0.489 0.425]
  eval: e=0.0764  p=[0.723 0.235 0.256 0.142 0.648 0.662 0.488 0.428]
    32           56        0.0743957         contract outside
  eval: e=0.0736  p=[0.733 0.230 0.258 0.140 0.661 0.663 0.483 0.434]
  eval: e=0.0720  p=[0.740 0.225 0.262 0.138 0.673 0.663 0.479 0.437]
    33           58         0.072025         expand
  eval: e=0.0786  p=[0.717 0.238 0.265 0.139 0.645 0.661 0.472 0.437]
  eval: e=0.0757  p=[0.731 0.232 0.250 0.142 0.653 0.665 0.490 0.429]
    34           60         0.072025         contract inside
  eval: e=0.0727  p=[0.720 0.233 0.253 0.141 0.665 0.670 0.478 0.425]
    35           61         0.072025         reflect
  eval: e=0.0723  p=[0.717 0.236 0.252 0.141 0.670 0.667 0.474 0.434]
    36           62         0.072025         reflect
  eval: e=0.0760  p=[0.721 0.227 0.256 0.142 0.668 0.677 0.478 0.433]
    37           63         0.072025         reflect
  eval: e=0.0706  p=[0.702 0.233 0.262 0.139 0.673 0.667 0.481 0.436]
  eval: e=0.0688  p=[0.683 0.233 0.268 0.136 0.685 0.667 0.482 0.439]
    38           65         0.068787         expand
  eval: e=0.0761  p=[0.730 0.233 0.246 0.139 0.678 0.676 0.480 0.437]
    39           66         0.068787         reflect
  eval: e=0.0761  p=[0.715 0.229 0.253 0.138 0.689 0.678 0.472 0.440]
    40           67         0.068787         reflect
  eval: e=0.0734  p=[0.705 0.231 0.264 0.141 0.662 0.664 0.478 0.432]
    41           68         0.068787         reflect
  eval: e=0.0791  p=[0.717 0.235 0.261 0.143 0.644 0.659 0.488 0.427]
  eval: e=0.0729  p=[0.715 0.231 0.255 0.139 0.678 0.673 0.476 0.437]
    42           70         0.068787         contract inside
  eval: e=0.0727  p=[0.709 0.238 0.256 0.138 0.667 0.659 0.481 0.435]
    43           71         0.068787         reflect
  eval: e=0.0677  p=[0.694 0.235 0.264 0.137 0.686 0.670 0.466 0.440]
  eval: e=0.0648  p=[0.675 0.237 0.271 0.134 0.702 0.673 0.454 0.446]
    44           73        0.0647684         expand
  eval: e=0.0700  p=[0.705 0.225 0.274 0.137 0.695 0.657 0.473 0.432]
    45           74        0.0647684         reflect
  eval: e=0.0670  p=[0.712 0.233 0.259 0.135 0.697 0.668 0.471 0.439]
    46           75        0.0647684         reflect
  eval: e=0.0724  p=[0.700 0.234 0.270 0.136 0.685 0.657 0.472 0.435]
    47           76        0.0647684         reflect
  eval: e=0.0675  p=[0.691 0.233 0.275 0.133 0.704 0.658 0.468 0.449]
    48           77        0.0647684         reflect
  eval: e=0.0650  p=[0.696 0.226 0.277 0.135 0.711 0.668 0.463 0.442]
    49           78        0.0647684         reflect
  eval: e=0.0688  p=[0.705 0.228 0.265 0.137 0.699 0.673 0.469 0.445]
    50           79        0.0647684         reflect
  eval: e=0.0648  p=[0.684 0.225 0.286 0.130 0.721 0.665 0.465 0.449]
    51           80        0.0647684         reflect
  eval: e=0.0635  p=[0.648 0.235 0.282 0.131 0.730 0.669 0.457 0.449]
  eval: e=0.0654  p=[0.602 0.240 0.291 0.128 0.759 0.673 0.446 0.455]
    52           82        0.0634575         reflect
  eval: e=0.0618  p=[0.668 0.237 0.271 0.131 0.717 0.678 0.459 0.458]
  eval: e=0.0599  p=[0.649 0.244 0.270 0.127 0.729 0.689 0.453 0.471]
    53           84        0.0598833         expand
  eval: e=0.0680  p=[0.655 0.239 0.282 0.129 0.721 0.667 0.459 0.451]
    54           85        0.0598833         reflect
  eval: e=0.0595  p=[0.670 0.234 0.282 0.128 0.744 0.672 0.441 0.460]
  eval: e=0.0562  p=[0.663 0.235 0.289 0.123 0.773 0.675 0.421 0.470]
    55           87         0.056236         expand
  eval: e=0.0660  p=[0.700 0.228 0.270 0.133 0.721 0.675 0.454 0.453]
    56           88         0.056236         reflect
  eval: e=0.0611  p=[0.666 0.233 0.276 0.129 0.742 0.687 0.441 0.455]
    57           89         0.056236         reflect
  eval: e=0.0571  p=[0.634 0.232 0.296 0.126 0.760 0.683 0.431 0.470]
    58           90         0.056236         reflect
  eval: e=0.0629  p=[0.630 0.238 0.291 0.126 0.746 0.678 0.443 0.460]
    59           91         0.056236         reflect
  eval: e=0.0563  p=[0.616 0.243 0.288 0.122 0.765 0.686 0.428 0.475]
    60           92         0.056236         reflect
  eval: e=0.0544  p=[0.611 0.250 0.280 0.124 0.766 0.695 0.417 0.475]
  eval: e=0.0519  p=[0.575 0.262 0.277 0.121 0.788 0.710 0.392 0.489]
    61           94         0.051874         expand
  eval: e=0.0512  p=[0.595 0.244 0.296 0.117 0.806 0.696 0.412 0.489]
  eval: e=0.0492  p=[0.555 0.247 0.308 0.109 0.858 0.708 0.391 0.510]
    62           96        0.0491737         expand
  eval: e=0.0494  p=[0.599 0.249 0.292 0.115 0.810 0.709 0.393 0.501]
    63           97        0.0491737         reflect
  eval: e=0.0554  p=[0.610 0.248 0.283 0.117 0.810 0.709 0.395 0.500]
    64           98        0.0491737         reflect
  eval: e=0.0496  p=[0.559 0.257 0.300 0.111 0.831 0.705 0.385 0.516]
    65           99        0.0491737         reflect
  eval: e=0.0515  p=[0.553 0.250 0.313 0.109 0.870 0.708 0.357 0.512]
    66          100        0.0491737         reflect
  eval: e=0.0445  p=[0.548 0.266 0.291 0.106 0.866 0.720 0.360 0.524]
  eval: e=0.0419  p=[0.505 0.282 0.289 0.096 0.919 0.739 0.324 0.550]
    67          102        0.0418784         expand
  eval: e=0.0426  p=[0.538 0.264 0.299 0.104 0.900 0.729 0.336 0.537]
    68          103        0.0418784         reflect
  eval: e=0.0417  p=[0.461 0.280 0.301 0.097 0.924 0.754 0.322 0.559]
  eval: e=0.0497  p=[0.359 0.303 0.308 0.084 0.999 0.793 0.273 0.603]
    69          105        0.0417426         reflect
  eval: e=0.0617  p=[0.476 0.275 0.312 0.098 0.915 0.731 0.330 0.544]
  eval: e=0.0480  p=[0.576 0.255 0.290 0.113 0.836 0.715 0.379 0.511]
    70          107        0.0417426         contract inside
  eval: e=0.0527  p=[0.512 0.259 0.321 0.092 0.949 0.732 0.329 0.560]
  eval: e=0.0474  p=[0.559 0.261 0.288 0.114 0.828 0.715 0.377 0.507]
    71          109        0.0417426         contract inside
  eval: e=0.0471  p=[0.535 0.274 0.279 0.106 0.856 0.736 0.370 0.536]
    72          110        0.0417426         reflect
  eval: e=0.0455  p=[0.523 0.271 0.287 0.103 0.901 0.746 0.338 0.537]
    73          111        0.0417426         reflect
  eval: e=0.0409  p=[0.464 0.285 0.293 0.096 0.945 0.751 0.316 0.560]
  eval: e=1.7965  p=[0.397 0.304 0.294 0.086 1.000 0.772 0.278 0.590]
    74          113        0.0409494         reflect
  eval: e=0.0461  p=[0.486 0.296 0.274 0.098 0.919 0.763 0.299 0.564]
    75          114        0.0409494         reflect
  eval: e=0.0395  p=[0.441 0.299 0.288 0.091 0.962 0.769 0.292 0.577]
  eval: e=6.1111  p=[0.374 0.321 0.286 0.080 1.000 0.796 0.248 0.609]
    76          116        0.0395053         reflect
  eval: e=0.1426  p=[0.429 0.302 0.290 0.083 1.000 0.782 0.273 0.598]
  eval: e=0.0438  p=[0.527 0.272 0.288 0.106 0.872 0.732 0.351 0.530]
    77          118        0.0395053         contract inside
  eval: e=0.0435  p=[0.451 0.288 0.301 0.092 0.979 0.760 0.274 0.567]
    78          119        0.0395053         reflect
  eval: e=0.0511  p=[0.492 0.265 0.313 0.098 0.931 0.732 0.339 0.540]
  eval: e=0.0415  p=[0.487 0.288 0.284 0.098 0.922 0.755 0.309 0.558]
    79          121        0.0395053         contract inside
  eval: e=0.0484  p=[0.446 0.293 0.299 0.092 0.954 0.751 0.293 0.573]
  eval: e=0.0417  p=[0.504 0.277 0.290 0.100 0.914 0.747 0.327 0.546]
    80          123        0.0395053         contract inside
  eval: e=0.0425  p=[0.436 0.295 0.298 0.087 0.994 0.769 0.275 0.584]
    81          124        0.0395053         reflect
  eval: e=0.0424  p=[0.508 0.279 0.284 0.100 0.891 0.743 0.351 0.551]
    82          125        0.0395053         reflect
  eval: e=0.0401  p=[0.413 0.307 0.283 0.087 0.968 0.778 0.293 0.584]
    83          126        0.0395053         reflect
  eval: e=0.0440  p=[0.510 0.280 0.280 0.104 0.867 0.740 0.359 0.537]
  eval: e=0.0401  p=[0.455 0.291 0.294 0.091 0.962 0.762 0.296 0.572]
    84          128        0.0395053         contract inside
  eval: e=0.0438  p=[0.425 0.298 0.296 0.089 0.988 0.770 0.269 0.576]
  eval: e=0.0406  p=[0.487 0.284 0.287 0.097 0.915 0.750 0.330 0.557]
    85          130        0.0395053         contract inside
  eval: e=0.0399  p=[0.423 0.296 0.291 0.093 0.960 0.778 0.297 0.578]
    86          131        0.0395053         reflect
  eval: e=0.0402  p=[0.458 0.302 0.276 0.091 0.964 0.769 0.293 0.574]
    87          132        0.0395053         reflect
  eval: e=0.0404  p=[0.404 0.311 0.284 0.086 0.985 0.780 0.280 0.594]
    88          133        0.0395053         reflect
  eval: e=0.0428  p=[0.399 0.306 0.290 0.085 0.993 0.779 0.290 0.591]
  eval: e=0.0399  p=[0.465 0.292 0.285 0.095 0.940 0.761 0.304 0.566]
    89          135        0.0395053         contract inside
  eval: e=0.0393  p=[0.422 0.310 0.278 0.087 0.969 0.786 0.280 0.590]
  eval: e=0.0410  p=[0.401 0.323 0.271 0.083 0.980 0.803 0.262 0.605]
    90          137        0.0392625         reflect
  eval: e=1.5109  p=[0.383 0.318 0.282 0.083 1.000 0.795 0.253 0.602]
  eval: e=0.0396  p=[0.461 0.293 0.286 0.094 0.939 0.761 0.311 0.568]
    91          139        0.0392625         contract inside
  eval: e=0.0409  p=[0.481 0.286 0.286 0.096 0.931 0.760 0.312 0.558]
  eval: e=0.0394  p=[0.423 0.305 0.284 0.089 0.972 0.775 0.288 0.585]
    92          141        0.0392625         contract inside
  eval: e=0.0413  p=[0.418 0.297 0.296 0.091 0.954 0.774 0.297 0.581]
  eval: e=0.0393  p=[0.448 0.300 0.281 0.091 0.961 0.770 0.294 0.576]
    93          143        0.0392625         contract inside
  eval: e=0.0408  p=[0.420 0.310 0.275 0.090 0.955 0.783 0.294 0.584]
  eval: e=0.0394  p=[0.446 0.296 0.289 0.091 0.961 0.767 0.295 0.575]
    94          145        0.0392625         contract inside
  eval: e=0.0403  p=[0.469 0.291 0.288 0.095 0.948 0.764 0.297 0.570]
  eval: e=0.0394  p=[0.427 0.303 0.284 0.089 0.963 0.774 0.294 0.580]
    95          147        0.0392625         contract inside
  eval: e=0.0392  p=[0.461 0.304 0.278 0.089 0.957 0.763 0.292 0.577]
  eval: e=0.0399  p=[0.480 0.308 0.272 0.086 0.955 0.756 0.290 0.576]
    96          149        0.0391641         reflect
  eval: e=0.0394  p=[0.417 0.310 0.282 0.085 0.981 0.780 0.282 0.591]
    97          150        0.0391641         reflect
  eval: e=0.0394  p=[0.410 0.314 0.280 0.084 0.992 0.785 0.268 0.595]
    98          151        0.0391641         reflect
  eval: e=0.0388  p=[0.422 0.311 0.277 0.086 0.977 0.781 0.282 0.591]
  eval: e=0.0390  p=[0.413 0.318 0.271 0.083 0.984 0.788 0.277 0.598]
    99          153         0.038817         reflect
  eval: e=0.0393  p=[0.448 0.301 0.281 0.091 0.957 0.770 0.291 0.576]
   100          154         0.038817         reflect
  eval: e=0.0400  p=[0.464 0.293 0.283 0.094 0.937 0.762 0.311 0.568]
  eval: e=0.0390  p=[0.424 0.309 0.281 0.087 0.978 0.779 0.279 0.588]
   101          156         0.038817         contract inside
  eval: e=0.0390  p=[0.452 0.304 0.278 0.089 0.959 0.772 0.289 0.578]
   102          157         0.038817         reflect
  eval: e=0.0389  p=[0.453 0.306 0.277 0.088 0.966 0.773 0.281 0.582]
   103          158         0.038817         reflect
  eval: e=0.0394  p=[0.437 0.316 0.268 0.086 0.970 0.782 0.277 0.589]
  eval: e=0.0390  p=[0.439 0.311 0.274 0.087 0.968 0.778 0.281 0.586]
   104          160         0.038817         contract outside
  eval: e=0.0384  p=[0.432 0.314 0.275 0.085 0.971 0.781 0.275 0.591]
  eval: e=0.0382  p=[0.424 0.320 0.272 0.082 0.976 0.786 0.266 0.599]
   105          162        0.0381899         expand
  eval: e=0.0383  p=[0.427 0.318 0.272 0.083 0.981 0.784 0.271 0.596]
   106          163        0.0381899         reflect
  eval: e=0.0388  p=[0.453 0.310 0.274 0.085 0.972 0.769 0.280 0.584]
   107          164        0.0381899         reflect
  eval: e=0.0389  p=[0.413 0.318 0.273 0.083 0.987 0.793 0.265 0.599]
   108          165        0.0381899         reflect
  eval: e=0.0386  p=[0.412 0.322 0.272 0.081 0.992 0.788 0.262 0.603]
   109          166        0.0381899         reflect
  eval: e=0.0383  p=[0.437 0.320 0.266 0.082 0.977 0.784 0.269 0.597]
   110          167        0.0381899         reflect
  eval: e=0.0383  p=[0.421 0.321 0.272 0.080 0.989 0.787 0.263 0.602]
   111          168        0.0381899         reflect
  eval: e=0.0388  p=[0.450 0.314 0.272 0.084 0.970 0.771 0.278 0.589]
   112          169        0.0381899         reflect
  eval: e=0.0392  p=[0.408 0.328 0.267 0.077 0.992 0.790 0.261 0.608]
  eval: e=0.0384  p=[0.442 0.311 0.274 0.086 0.973 0.777 0.276 0.589]
   113          171        0.0381899         contract inside
  eval: e=0.0386  p=[0.406 0.324 0.271 0.081 0.987 0.796 0.261 0.608]
   114          172        0.0381899         reflect
  eval: e=0.0378  p=[0.432 0.326 0.266 0.079 0.985 0.787 0.255 0.605]
  eval: e=0.0375  p=[0.437 0.333 0.261 0.075 0.988 0.789 0.242 0.613]
   115          174        0.0375203         expand
  eval: e=0.0387  p=[0.402 0.329 0.267 0.079 0.996 0.802 0.249 0.612]
  eval: e=0.0382  p=[0.414 0.325 0.269 0.080 0.989 0.794 0.257 0.607]
   116          176        0.0375203         contract outside
  eval: e=0.0378  p=[0.440 0.321 0.267 0.081 0.973 0.786 0.264 0.599]
   117          177        0.0375203         reflect
  eval: e=0.0380  p=[0.455 0.318 0.268 0.082 0.975 0.776 0.265 0.593]
   118          178        0.0375203         reflect
  eval: e=0.0376  p=[0.422 0.333 0.262 0.076 0.989 0.795 0.247 0.613]
   119          179        0.0375203         reflect
  eval: e=0.0377  p=[0.442 0.326 0.263 0.080 0.973 0.787 0.257 0.602]
   120          180        0.0375203         reflect
  eval: e=0.0379  p=[0.428 0.328 0.267 0.077 0.984 0.791 0.249 0.608]
   121          181        0.0375203         reflect
  eval: e=0.0371  p=[0.439 0.334 0.260 0.076 0.981 0.792 0.240 0.612]
  eval: e=0.0367  p=[0.445 0.342 0.254 0.072 0.981 0.795 0.224 0.620]
   122          183        0.0367181         expand
  eval: e=0.0376  p=[0.460 0.331 0.260 0.076 0.970 0.782 0.247 0.605]
   123          184        0.0367181         reflect
  eval: e=0.0370  p=[0.458 0.338 0.254 0.073 0.982 0.789 0.233 0.614]
   124          185        0.0367181         reflect
  eval: e=0.0367  p=[0.428 0.345 0.254 0.071 0.986 0.803 0.226 0.626]
  eval: e=0.0363  p=[0.415 0.358 0.248 0.066 0.991 0.816 0.206 0.642]
   125          187        0.0362732         expand
  eval: e=0.0369  p=[0.452 0.342 0.250 0.072 0.978 0.794 0.231 0.619]
   126          188        0.0362732         reflect
  eval: e=0.0368  p=[0.443 0.355 0.245 0.066 0.991 0.801 0.209 0.633]
   127          189        0.0362732         reflect
  eval: e=0.0371  p=[0.440 0.356 0.246 0.064 0.995 0.803 0.203 0.638]
   128          190        0.0362732         reflect
  eval: e=0.1629  p=[0.419 0.359 0.245 0.065 1.000 0.814 0.202 0.643]
  eval: e=0.0371  p=[0.449 0.338 0.256 0.073 0.979 0.790 0.236 0.615]
   129          192        0.0362732         contract inside
  eval: e=0.0363  p=[0.463 0.358 0.241 0.065 0.982 0.800 0.199 0.636]
   130          193        0.0362732         reflect
  eval: e=0.0359  p=[0.454 0.363 0.237 0.063 0.981 0.808 0.193 0.641]
  eval: e=0.0357  p=[0.463 0.378 0.225 0.056 0.978 0.817 0.169 0.656]
   131          195        0.0357074         expand
  eval: e=0.0370  p=[0.457 0.345 0.247 0.072 0.970 0.797 0.224 0.621]
   132          196        0.0357074         reflect
  eval: e=0.0362  p=[0.450 0.366 0.235 0.062 0.985 0.813 0.188 0.646]
   133          197        0.0357074         reflect
  eval: e=0.0358  p=[0.439 0.373 0.232 0.060 0.982 0.819 0.179 0.654]
   134          198        0.0357074         reflect
  eval: e=0.0360  p=[0.436 0.372 0.235 0.058 0.997 0.817 0.177 0.655]
   135          199        0.0357074         reflect
  eval: e=0.0356  p=[0.436 0.383 0.229 0.054 0.994 0.825 0.156 0.666]
  eval: e=0.0563  p=[0.429 0.404 0.218 0.045 1.000 0.841 0.119 0.690]
   136          201        0.0355595         reflect
  eval: e=0.0356  p=[0.444 0.378 0.229 0.057 0.982 0.825 0.166 0.661]
   137          202        0.0355595         reflect
  eval: e=0.0353  p=[0.441 0.400 0.215 0.048 0.991 0.838 0.136 0.684]
  eval: e=0.0358  p=[0.439 0.429 0.195 0.036 0.996 0.859 0.091 0.716]
   138          204        0.0352727         reflect
  eval: e=0.0356  p=[0.417 0.394 0.221 0.050 0.992 0.842 0.146 0.680]
   139          205        0.0352727         reflect
  eval: e=0.0359  p=[0.466 0.403 0.208 0.046 0.984 0.833 0.124 0.683]
   140          206        0.0352727         reflect
  eval: e=0.0348  p=[0.436 0.404 0.214 0.045 0.990 0.841 0.125 0.689]
  eval: e=0.0343  p=[0.429 0.423 0.203 0.037 0.993 0.855 0.094 0.711]
   141          208        0.0343404         expand
  eval: e=0.0363  p=[0.448 0.411 0.206 0.044 0.977 0.847 0.115 0.693]
  eval: e=0.0354  p=[0.439 0.382 0.228 0.055 0.992 0.824 0.162 0.665]
   142          210        0.0343404         contract inside
  eval: e=0.0356  p=[0.411 0.374 0.238 0.059 0.992 0.828 0.178 0.661]
   143          211        0.0343404         reflect
  eval: e=0.0348  p=[0.431 0.405 0.215 0.044 0.996 0.844 0.123 0.692]
   144          212        0.0343404         reflect
  eval: e=0.2820  p=[0.400 0.407 0.219 0.045 1.000 0.853 0.121 0.699]
  eval: e=0.0353  p=[0.447 0.385 0.224 0.053 0.985 0.826 0.157 0.667]
   145          214        0.0343404         contract inside
  eval: e=0.0720  p=[0.419 0.409 0.214 0.043 1.000 0.846 0.122 0.696]
  eval: e=0.0352  p=[0.438 0.386 0.225 0.053 0.987 0.830 0.155 0.670]
   146          216        0.0343404         contract inside
  eval: e=0.0355  p=[0.459 0.415 0.202 0.040 0.990 0.843 0.104 0.697]
   147          217        0.0343404         reflect
  eval: e=0.0356  p=[0.439 0.414 0.204 0.041 0.988 0.851 0.113 0.700]
  eval: e=0.0351  p=[0.438 0.406 0.210 0.044 0.989 0.844 0.123 0.692]
   148          219        0.0343404         contract outside
  eval: e=0.0354  p=[0.463 0.406 0.209 0.043 0.988 0.834 0.117 0.689]
   149          220        0.0343404         reflect
  eval: e=0.0351  p=[0.423 0.383 0.230 0.054 0.990 0.831 0.163 0.670]
   150          221        0.0343404         reflect
  eval: e=0.0357  p=[0.408 0.386 0.228 0.054 0.992 0.839 0.161 0.673]
  eval: e=0.0350  p=[0.449 0.401 0.214 0.046 0.989 0.835 0.128 0.685]
   151          223        0.0343404         contract inside
  eval: e=0.0347  p=[0.435 0.416 0.206 0.040 0.988 0.852 0.108 0.703]
   152          224        0.0343404         reflect
  eval: e=0.0344  p=[0.424 0.420 0.206 0.038 0.996 0.856 0.100 0.710]
   153          225        0.0343404         reflect
  eval: e=0.0344  p=[0.426 0.410 0.213 0.042 0.991 0.850 0.113 0.699]
   154          226        0.0343404         reflect
  eval: e=0.0343  p=[0.426 0.431 0.199 0.033 0.997 0.862 0.083 0.721]
  eval: e=0.0554  p=[0.421 0.453 0.186 0.022 1.000 0.878 0.047 0.746]
   155          228        0.0343207         reflect
  eval: e=0.0348  p=[0.423 0.416 0.211 0.039 0.996 0.852 0.104 0.706]
   156          229        0.0343207         reflect
  eval: e=0.0346  p=[0.439 0.447 0.187 0.025 0.997 0.870 0.050 0.737]
   157          230        0.0343207         reflect
  eval: e=0.0339  p=[0.409 0.441 0.196 0.029 0.999 0.875 0.066 0.734]
  eval: e=0.1929  p=[0.389 0.461 0.187 0.020 1.000 0.895 0.034 0.759]
   158          232        0.0339107         reflect
  eval: e=0.0338  p=[0.422 0.446 0.191 0.027 0.993 0.874 0.057 0.738]
  eval: e=0.0335  p=[0.417 0.466 0.179 0.018 0.991 0.888 0.024 0.760]
   159          234         0.033494         expand
  eval: e=0.0347  p=[0.428 0.448 0.186 0.026 0.992 0.875 0.055 0.738]
  eval: e=0.0343  p=[0.427 0.440 0.192 0.030 0.993 0.869 0.067 0.730]
   160          236         0.033494         contract outside
  eval: e=0.0397  p=[0.414 0.454 0.187 0.023 1.000 0.880 0.041 0.748]
  eval: e=0.0343  p=[0.430 0.425 0.202 0.036 0.991 0.859 0.091 0.714]
   161          238         0.033494         contract inside
  eval: e=0.0342  p=[0.409 0.417 0.211 0.040 0.991 0.858 0.109 0.708]
   162          239         0.033494         reflect
  eval: e=0.0337  p=[0.419 0.443 0.193 0.028 0.990 0.873 0.062 0.735]
   163          240         0.033494         reflect
  eval: e=0.0340  p=[0.415 0.461 0.181 0.021 0.995 0.885 0.036 0.754]
   164          241         0.033494         reflect
  eval: e=0.0337  p=[0.409 0.458 0.185 0.022 0.994 0.887 0.041 0.753]
   165          242         0.033494         reflect
  eval: e=0.0334  p=[0.403 0.464 0.182 0.019 0.996 0.891 0.031 0.760]
  eval: e=0.0332  p=[0.389 0.483 0.172 0.011 0.998 0.907 0.000 0.783]
   166          244        0.0331606         expand
  eval: e=0.0337  p=[0.397 0.471 0.178 0.017 0.991 0.899 0.018 0.769]
   167          245        0.0331606         reflect
  eval: e=0.0332  p=[0.389 0.470 0.181 0.017 0.995 0.899 0.022 0.769]
   168          246        0.0331606         reflect
  eval: e=17.8034  p=[0.402 0.507 0.155 0.000 0.997 0.920 0.000 0.806]
  eval: e=0.0337  p=[0.407 0.439 0.197 0.030 0.993 0.874 0.071 0.733]
   169          248        0.0331606         contract inside
  eval: e=0.0332  p=[0.393 0.457 0.189 0.022 0.993 0.890 0.040 0.755]
   170          249        0.0331606         reflect
  eval: e=0.0332  p=[0.396 0.481 0.173 0.012 0.987 0.904 0.004 0.780]
   171          250        0.0331606         reflect
  eval: e=3.5333  p=[0.395 0.493 0.165 0.006 0.992 0.913 0.000 0.793]
  eval: e=0.0335  p=[0.404 0.453 0.189 0.024 0.993 0.884 0.049 0.748]
   172          252        0.0331606         contract inside
  eval: e=0.0333  p=[0.407 0.456 0.187 0.022 0.994 0.884 0.042 0.752]
   173          253        0.0331606         reflect
  eval: e=0.0329  p=[0.394 0.470 0.181 0.017 0.991 0.895 0.020 0.767]
  eval: e=0.0327  p=[0.387 0.476 0.179 0.014 0.989 0.899 0.009 0.774]
   174          255        0.0327098         expand
  eval: e=1.9710  p=[0.377 0.492 0.170 0.007 0.995 0.916 0.000 0.796]
  eval: e=0.0333  p=[0.408 0.455 0.187 0.023 0.991 0.884 0.043 0.750]
   175          257        0.0327098         contract inside
  eval: e=0.0333  p=[0.377 0.467 0.186 0.018 0.994 0.899 0.028 0.767]
   176          258        0.0327098         reflect
  eval: e=0.0693  p=[0.383 0.484 0.174 0.010 0.993 0.908 0.000 0.785]
  eval: e=0.0332  p=[0.399 0.460 0.185 0.021 0.993 0.890 0.036 0.757]
   177          260        0.0327098         contract inside
  eval: e=0.0335  p=[0.378 0.481 0.176 0.012 0.991 0.909 0.004 0.782]
  eval: e=0.0331  p=[0.400 0.463 0.184 0.019 0.993 0.890 0.032 0.759]
   178          262        0.0327098         contract inside
  eval: e=0.0334  p=[0.413 0.469 0.177 0.017 0.991 0.891 0.019 0.765]
  eval: e=0.0331  p=[0.386 0.467 0.184 0.017 0.993 0.897 0.026 0.766]
   179          264        0.0327098         contract inside
  eval: e=0.0338  p=[0.376 0.484 0.175 0.011 0.994 0.910 0.000 0.786]
  eval: e=0.0331  p=[0.400 0.463 0.184 0.020 0.992 0.890 0.032 0.759]
   180          266        0.0327098         contract inside
  eval: e=0.0328  p=[0.386 0.479 0.176 0.012 0.992 0.905 0.005 0.779]
   181          267        0.0327098         reflect
  eval: e=0.0328  p=[0.396 0.472 0.179 0.015 0.990 0.897 0.015 0.770]
   182          268        0.0327098         reflect
  eval: e=0.8100  p=[0.392 0.489 0.168 0.009 0.991 0.907 0.000 0.788]
  eval: e=0.0330  p=[0.393 0.465 0.184 0.018 0.992 0.894 0.028 0.763]
   183          270        0.0327098         contract inside
  eval: e=0.0336  p=[0.389 0.461 0.188 0.020 0.998 0.891 0.033 0.759]
  eval: e=0.0329  p=[0.394 0.476 0.176 0.014 0.990 0.901 0.011 0.774]
   184          272        0.0327098         contract inside
  eval: e=0.0328  p=[0.396 0.457 0.189 0.022 0.985 0.886 0.039 0.753]
   185          273        0.0327098         reflect
  eval: e=0.0327  p=[0.384 0.476 0.179 0.014 0.989 0.902 0.010 0.776]
  eval: e=0.0556  p=[0.376 0.483 0.177 0.011 0.988 0.908 0.000 0.785]
   186          275        0.0327003         reflect
  eval: e=0.0327  p=[0.381 0.480 0.177 0.012 0.987 0.905 0.003 0.780]
  eval: e=1.2357  p=[0.372 0.488 0.174 0.009 0.984 0.912 0.000 0.790]
   187          277        0.0326838         reflect
  eval: e=0.0324  p=[0.394 0.478 0.177 0.013 0.985 0.900 0.005 0.776]
  eval: e=0.3759  p=[0.397 0.483 0.173 0.011 0.982 0.901 0.000 0.781]
   188          279        0.0324459         reflect
  eval: e=0.1318  p=[0.387 0.483 0.174 0.011 0.985 0.904 0.000 0.783]
  eval: e=0.0329  p=[0.391 0.470 0.182 0.017 0.990 0.897 0.020 0.768]
   189          281        0.0324459         contract inside
  eval: e=0.0328  p=[0.385 0.471 0.183 0.016 0.987 0.897 0.015 0.770]
   190          282        0.0324459         reflect
  eval: e=0.0325  p=[0.386 0.478 0.178 0.013 0.986 0.901 0.006 0.777]
   191          283        0.0324459         reflect
  eval: e=4.9424  p=[0.378 0.495 0.168 0.006 0.992 0.915 0.000 0.797]
  eval: e=0.0327  p=[0.392 0.467 0.184 0.018 0.986 0.894 0.024 0.764]
   192          285        0.0324459         contract inside
  eval: e=0.0326  p=[0.390 0.470 0.183 0.017 0.983 0.894 0.017 0.767]
   193          286        0.0324459         reflect
  eval: e=0.0326  p=[0.379 0.476 0.181 0.014 0.983 0.901 0.007 0.776]
   194          287        0.0324459         reflect
  eval: e=0.0325  p=[0.388 0.479 0.176 0.013 0.985 0.902 0.005 0.778]
   195          288        0.0324459         reflect
  eval: e=0.8034  p=[0.380 0.486 0.174 0.010 0.985 0.907 0.000 0.787]
  eval: e=0.0326  p=[0.389 0.472 0.181 0.016 0.986 0.897 0.016 0.770]
   196          290        0.0324459         contract inside
  eval: e=0.0324  p=[0.385 0.476 0.179 0.014 0.982 0.901 0.008 0.776]
  eval: e=0.0323  p=[0.385 0.477 0.179 0.013 0.979 0.903 0.007 0.777]
   197          292        0.0322688         expand
  eval: e=0.0322  p=[0.389 0.476 0.179 0.014 0.979 0.899 0.006 0.774]
  eval: e=0.0320  p=[0.391 0.476 0.179 0.015 0.974 0.897 0.005 0.773]
   198          294         0.032014         expand
  eval: e=0.0323  p=[0.394 0.471 0.181 0.016 0.978 0.893 0.013 0.769]
   199          295         0.032014         reflect
  eval: e=0.0321  p=[0.387 0.479 0.177 0.013 0.977 0.901 0.000 0.778]
   200          296         0.032014         reflect
  eval: e=0.0322  p=[0.400 0.475 0.177 0.014 0.979 0.896 0.007 0.772]
   201          297         0.032014         reflect
  eval: e=0.2995  p=[0.391 0.484 0.174 0.011 0.978 0.904 0.000 0.783]
  eval: e=0.0324  p=[0.390 0.473 0.181 0.015 0.982 0.896 0.011 0.771]
   202          299         0.032014         contract inside
  eval: e=0.0320  p=[0.393 0.473 0.181 0.015 0.975 0.895 0.009 0.770]
   203          300         0.032014         reflect
  eval: e=0.0319  p=[0.397 0.473 0.180 0.015 0.971 0.895 0.008 0.770]
  eval: e=0.0316  p=[0.403 0.471 0.181 0.016 0.964 0.891 0.010 0.767]
   204          302        0.0315798         expand
  eval: e=0.0317  p=[0.392 0.471 0.183 0.016 0.966 0.893 0.011 0.768]
   205          303        0.0315798         reflect
  eval: e=0.0316  p=[0.396 0.475 0.179 0.014 0.967 0.896 0.004 0.773]
   206          304        0.0315798         reflect
  eval: e=0.0318  p=[0.405 0.471 0.180 0.016 0.967 0.888 0.008 0.766]
   207          305        0.0315798         reflect
  eval: e=0.0315  p=[0.398 0.476 0.178 0.014 0.964 0.896 0.000 0.773]
  eval: e=0.3839  p=[0.399 0.479 0.176 0.013 0.957 0.897 0.000 0.776]
   208          307        0.0314727         reflect
  eval: e=0.0315  p=[0.392 0.473 0.183 0.016 0.960 0.893 0.004 0.770]
  eval: e=0.0314  p=[0.388 0.472 0.186 0.017 0.951 0.891 0.003 0.769]
   209          309         0.031351         expand
  eval: e=0.0312  p=[0.404 0.467 0.184 0.018 0.955 0.886 0.012 0.761]
  eval: e=0.0309  p=[0.412 0.460 0.188 0.021 0.943 0.879 0.019 0.753]
   210          311        0.0309163         expand
  eval: e=0.0309  p=[0.403 0.470 0.182 0.017 0.949 0.888 0.006 0.765]
   211          312        0.0309163         reflect
  eval: e=0.0307  p=[0.408 0.466 0.185 0.019 0.943 0.884 0.010 0.760]
  eval: e=0.0301  p=[0.417 0.461 0.188 0.021 0.928 0.877 0.013 0.754]
   212          314        0.0301272         expand
  eval: e=0.0307  p=[0.398 0.468 0.186 0.018 0.941 0.890 0.008 0.764]
   213          315        0.0301272         reflect
  eval: e=0.0303  p=[0.411 0.467 0.184 0.018 0.935 0.884 0.005 0.761]
   214          316        0.0301272         reflect
  eval: e=0.0302  p=[0.411 0.461 0.189 0.021 0.927 0.878 0.012 0.754]
   215          317        0.0301272         reflect
  eval: e=0.0300  p=[0.406 0.463 0.189 0.020 0.921 0.879 0.007 0.756]
  eval: e=0.0296  p=[0.408 0.459 0.193 0.022 0.899 0.873 0.005 0.751]
   216          319         0.029591         expand
  eval: e=0.0299  p=[0.414 0.453 0.196 0.025 0.905 0.869 0.017 0.745]
   217          320         0.029591         reflect
  eval: e=0.0295  p=[0.431 0.453 0.191 0.024 0.906 0.869 0.019 0.743]
  eval: e=0.0291  p=[0.452 0.444 0.193 0.028 0.884 0.858 0.026 0.730]
   218          322        0.0291448         expand
  eval: e=0.0292  p=[0.428 0.448 0.197 0.026 0.892 0.864 0.020 0.738]
   219          323        0.0291448         reflect
  eval: e=0.0286  p=[0.423 0.455 0.194 0.024 0.884 0.869 0.008 0.746]
  eval: e=0.0278  p=[0.428 0.453 0.196 0.025 0.855 0.864 0.003 0.743]
   220          325        0.0277729         expand
  eval: e=0.0287  p=[0.445 0.444 0.198 0.029 0.865 0.852 0.017 0.730]
   221          326        0.0277729         reflect
  eval: e=0.0288  p=[0.440 0.439 0.203 0.031 0.853 0.850 0.024 0.725]
   222          327        0.0277729         reflect
  eval: e=0.0282  p=[0.447 0.440 0.202 0.031 0.842 0.849 0.019 0.725]
   223          328        0.0277729         reflect
  eval: e=0.0285  p=[0.448 0.434 0.207 0.034 0.821 0.842 0.020 0.718]
   224          329        0.0277729         reflect
  eval: e=0.0277  p=[0.460 0.437 0.202 0.032 0.823 0.844 0.017 0.721]
  eval: e=0.0277  p=[0.483 0.430 0.205 0.035 0.782 0.831 0.016 0.709]
   225          331        0.0276657         reflect
  eval: e=0.0281  p=[0.479 0.426 0.207 0.037 0.810 0.833 0.032 0.706]
   226          332        0.0276657         reflect
  eval: e=0.0279  p=[0.472 0.431 0.206 0.035 0.796 0.834 0.019 0.711]
   227          333        0.0276657         reflect
  eval: e=0.0296  p=[0.453 0.432 0.212 0.035 0.782 0.835 0.011 0.714]
  eval: e=0.0282  p=[0.452 0.441 0.198 0.030 0.859 0.852 0.023 0.726]
   228          335        0.0276657         contract inside
  eval: e=0.0274  p=[0.468 0.438 0.201 0.032 0.814 0.842 0.014 0.720]
  eval: e=0.0274  p=[0.482 0.437 0.199 0.033 0.795 0.839 0.009 0.717]
   229          337        0.0273771         expand
  eval: e=0.0276  p=[0.472 0.431 0.206 0.035 0.786 0.837 0.018 0.712]
   230          338        0.0273771         reflect
  eval: e=0.0276  p=[0.475 0.440 0.197 0.031 0.821 0.845 0.015 0.723]
   231          339        0.0273771         reflect
  eval: e=0.0276  p=[0.476 0.432 0.206 0.035 0.773 0.834 0.010 0.713]
   232          340        0.0273771         reflect
  eval: e=0.0278  p=[0.489 0.432 0.203 0.035 0.772 0.834 0.011 0.712]
   233          341        0.0273771         reflect
  eval: e=0.3826  p=[0.460 0.448 0.197 0.028 0.796 0.850 0.000 0.732]
  eval: e=0.0277  p=[0.474 0.431 0.204 0.035 0.806 0.837 0.022 0.713]
   234          343        0.0273771         contract inside
  eval: e=0.0274  p=[0.468 0.442 0.198 0.029 0.811 0.850 0.007 0.727]
   235          344        0.0273771         reflect
  eval: e=0.0292  p=[0.521 0.418 0.208 0.041 0.742 0.816 0.024 0.691]
  eval: e=0.0273  p=[0.451 0.444 0.199 0.029 0.826 0.852 0.009 0.730]
   236          346         0.027311         contract inside
  eval: e=0.0277  p=[0.450 0.442 0.201 0.030 0.838 0.851 0.015 0.727]
  eval: e=0.0274  p=[0.460 0.439 0.201 0.031 0.822 0.847 0.014 0.723]
   237          348         0.027311         contract outside
  eval: e=0.0271  p=[0.462 0.445 0.198 0.029 0.808 0.850 0.003 0.729]
  eval: e=0.5559  p=[0.456 0.451 0.195 0.026 0.809 0.856 0.000 0.737]
   238          350        0.0270872         reflect
  eval: e=0.0275  p=[0.477 0.440 0.199 0.031 0.788 0.845 0.005 0.723]
   239          351        0.0270872         reflect
  eval: e=0.0287  p=[0.466 0.449 0.193 0.027 0.826 0.853 0.000 0.734]
  eval: e=0.0274  p=[0.471 0.435 0.203 0.033 0.796 0.841 0.014 0.718]
   240          353        0.0270872         contract inside
  eval: e=0.0281  p=[0.460 0.448 0.193 0.027 0.843 0.858 0.008 0.734]
  eval: e=0.0272  p=[0.472 0.436 0.203 0.033 0.791 0.840 0.010 0.718]
   241          355        0.0270872         contract inside
  eval: e=0.0272  p=[0.461 0.440 0.203 0.031 0.789 0.845 0.003 0.724]
   242          356        0.0270872         reflect
  eval: e=0.0275  p=[0.455 0.440 0.202 0.031 0.822 0.846 0.012 0.724]
  eval: e=0.0273  p=[0.471 0.440 0.200 0.031 0.796 0.845 0.007 0.723]
   243          358        0.0270872         contract inside
  eval: e=0.0274  p=[0.475 0.441 0.200 0.031 0.781 0.844 0.001 0.723]
  eval: e=0.0272  p=[0.464 0.440 0.201 0.031 0.812 0.846 0.011 0.723]
   244          360        0.0270872         contract inside
  eval: e=0.0274  p=[0.466 0.437 0.204 0.033 0.792 0.840 0.009 0.719]
   245          361        0.0270872         reflect
  eval: e=0.0272  p=[0.447 0.442 0.203 0.030 0.807 0.851 0.007 0.729]
   246          362        0.0270872         reflect
  eval: e=0.0273  p=[0.459 0.444 0.199 0.029 0.814 0.853 0.007 0.730]
   247          363        0.0270872         reflect
  eval: e=0.0270  p=[0.451 0.447 0.198 0.028 0.815 0.855 0.000 0.734]
  eval: e=0.4708  p=[0.442 0.453 0.196 0.025 0.825 0.861 0.000 0.742]
   248          365        0.0270122         reflect
  eval: e=0.0272  p=[0.471 0.439 0.202 0.031 0.781 0.844 0.003 0.723]
   249          366        0.0270122         reflect
  eval: e=0.0271  p=[0.450 0.443 0.202 0.029 0.808 0.851 0.004 0.729]
   250          367        0.0270122         reflect
  eval: e=0.0272  p=[0.461 0.440 0.204 0.032 0.789 0.843 0.003 0.722]
   251          368        0.0270122         reflect
  eval: e=0.0456  p=[0.445 0.448 0.200 0.028 0.811 0.856 0.000 0.735]
  eval: e=0.0271  p=[0.465 0.439 0.202 0.031 0.796 0.844 0.007 0.723]
   252          370        0.0270122         contract inside
  eval: e=0.1445  p=[0.454 0.444 0.202 0.029 0.787 0.850 0.000 0.730]
  eval: e=0.0271  p=[0.461 0.441 0.201 0.031 0.805 0.847 0.007 0.725]
   253          372        0.0270122         contract inside
  eval: e=0.0272  p=[0.457 0.445 0.199 0.028 0.814 0.854 0.005 0.731]
  eval: e=0.0271  p=[0.460 0.441 0.202 0.031 0.795 0.846 0.004 0.725]
   254          374        0.0270122         contract inside
  eval: e=0.0271  p=[0.473 0.441 0.199 0.031 0.792 0.844 0.001 0.724]
   255          375        0.0270122         reflect
  eval: e=0.0272  p=[0.450 0.445 0.199 0.029 0.821 0.851 0.004 0.730]
  eval: e=0.0271  p=[0.456 0.444 0.200 0.030 0.811 0.850 0.004 0.728]
   256          377        0.0270122         contract outside
  eval: e=0.0271  p=[0.459 0.445 0.198 0.028 0.819 0.851 0.005 0.730]
   257          378        0.0270122         reflect
  eval: e=0.0275  p=[0.453 0.448 0.197 0.028 0.818 0.854 0.000 0.734]
  eval: e=0.0271  p=[0.462 0.441 0.201 0.030 0.801 0.847 0.005 0.725]
   258          380        0.0270122         contract inside
  eval: e=0.0381  p=[0.457 0.446 0.198 0.028 0.807 0.851 0.000 0.731]
  eval: e=0.0271  p=[0.460 0.442 0.200 0.030 0.806 0.848 0.005 0.727]
   259          382        0.0270122         contract inside
  eval: e=0.0271  p=[0.459 0.446 0.197 0.028 0.820 0.853 0.003 0.732]
  eval: e=0.0270  p=[0.460 0.442 0.201 0.030 0.801 0.848 0.004 0.727]
   260          384        0.0270122         contract inside
  eval: e=0.0271  p=[0.470 0.444 0.197 0.030 0.805 0.847 0.002 0.727]
  eval: e=0.0270  p=[0.455 0.443 0.200 0.029 0.807 0.850 0.004 0.729]
   261          386        0.0270122         contract inside
  eval: e=0.0270  p=[0.465 0.443 0.199 0.029 0.802 0.848 0.003 0.728]
   262          387        0.0270122         reflect
  eval: e=0.0270  p=[0.460 0.442 0.201 0.030 0.803 0.848 0.004 0.727]
   263          388        0.0270122         reflect
  eval: e=0.0272  p=[0.445 0.445 0.201 0.028 0.821 0.854 0.006 0.733]
  eval: e=0.0270  p=[0.466 0.442 0.199 0.030 0.800 0.847 0.002 0.726]
   264          390        0.0270122         contract inside
  eval: e=0.0270  p=[0.459 0.445 0.199 0.029 0.806 0.850 0.001 0.730]
  eval: e=0.0316  p=[0.459 0.446 0.198 0.028 0.807 0.851 0.000 0.731]
   265          392        0.0269541         reflect
  eval: e=0.0269  p=[0.457 0.446 0.198 0.028 0.812 0.852 0.000 0.732]
  eval: e=0.0728  p=[0.454 0.449 0.197 0.027 0.817 0.855 0.000 0.735]
   266          394        0.0269497         reflect
  eval: e=0.0272  p=[0.460 0.443 0.201 0.030 0.792 0.848 0.000 0.727]
  eval: e=0.0270  p=[0.459 0.445 0.199 0.029 0.812 0.850 0.003 0.730]
   267          396        0.0269497         contract inside
  eval: e=0.0270  p=[0.459 0.446 0.197 0.028 0.813 0.853 0.001 0.732]
   268          397        0.0269497         reflect
  eval: e=0.0270  p=[0.463 0.446 0.197 0.028 0.808 0.851 0.000 0.731]
   269          398        0.0269497         reflect
  eval: e=0.0270  p=[0.453 0.447 0.198 0.028 0.816 0.853 0.000 0.733]
   270          399        0.0269497         reflect
  eval: e=0.0270  p=[0.449 0.449 0.198 0.027 0.822 0.856 0.000 0.736]
   271          400        0.0269497         reflect
  eval: e=0.0786  p=[0.453 0.451 0.195 0.026 0.823 0.857 0.000 0.737]
  eval: e=0.0270  p=[0.458 0.444 0.200 0.029 0.808 0.850 0.002 0.729]
   272          402        0.0269497         contract inside
  eval: e=0.0667  p=[0.454 0.448 0.198 0.027 0.813 0.854 0.000 0.734]
  eval: e=0.0270  p=[0.458 0.445 0.198 0.028 0.813 0.851 0.002 0.731]
   273          404        0.0269497         contract inside
  eval: e=0.0269  p=[0.462 0.445 0.198 0.029 0.809 0.850 0.002 0.729]
  eval: e=0.0269  p=[0.468 0.443 0.198 0.029 0.807 0.847 0.003 0.727]
   274          406         0.026911         expand
  eval: e=0.0269  p=[0.459 0.446 0.198 0.028 0.811 0.852 0.000 0.731]
  eval: e=0.0375  p=[0.460 0.446 0.198 0.028 0.810 0.852 0.000 0.732]
   275          408        0.0269021         reflect
  eval: e=0.0269  p=[0.458 0.445 0.199 0.029 0.809 0.850 0.001 0.730]
   276          409        0.0269021         reflect
  eval: e=0.0270  p=[0.470 0.442 0.199 0.030 0.797 0.845 0.002 0.725]
   277          410        0.0269021         reflect
  eval: e=0.0270  p=[0.457 0.444 0.200 0.029 0.808 0.849 0.002 0.729]
  eval: e=0.0269  p=[0.459 0.444 0.199 0.029 0.808 0.849 0.002 0.729]
   278          412        0.0269021         contract outside
  eval: e=0.0270  p=[0.463 0.445 0.198 0.028 0.808 0.850 0.000 0.730]
  eval: e=0.0269  p=[0.459 0.444 0.199 0.029 0.808 0.850 0.002 0.729]
   279          414        0.0269021         contract inside
  eval: e=0.0270  p=[0.448 0.448 0.198 0.027 0.822 0.856 0.001 0.735]
  eval: e=0.0269  p=[0.464 0.444 0.199 0.029 0.803 0.848 0.001 0.728]
   280          416        0.0269021         contract inside
  eval: e=0.0269  p=[0.467 0.443 0.199 0.029 0.800 0.847 0.002 0.726]
   281          417        0.0269021         reflect
  eval: e=0.0269  p=[0.463 0.444 0.198 0.029 0.808 0.849 0.002 0.729]
  eval: e=0.0269  p=[0.466 0.444 0.198 0.029 0.809 0.848 0.002 0.728]
   282          419        0.0268752         expand
  eval: e=0.0269  p=[0.469 0.442 0.199 0.030 0.802 0.845 0.003 0.725]
   283          420        0.0268752         reflect
  eval: e=0.0269  p=[0.468 0.443 0.198 0.029 0.804 0.846 0.002 0.727]
  eval: e=0.0268  p=[0.473 0.443 0.198 0.029 0.802 0.845 0.002 0.725]
   284          422         0.026847         expand
  eval: e=0.0269  p=[0.472 0.443 0.198 0.029 0.803 0.846 0.002 0.726]
   285          423         0.026847         reflect
  eval: e=0.0268  p=[0.469 0.444 0.198 0.029 0.807 0.847 0.002 0.727]
  eval: e=0.0268  p=[0.471 0.444 0.197 0.028 0.809 0.847 0.002 0.727]
   286          425        0.0268096         expand
  eval: e=0.0269  p=[0.466 0.445 0.198 0.028 0.813 0.848 0.001 0.729]
   287          426        0.0268096         reflect
  eval: e=0.0269  p=[0.478 0.442 0.197 0.029 0.805 0.844 0.002 0.725]
   288          427        0.0268096         reflect
  eval: e=0.0268  p=[0.470 0.444 0.198 0.029 0.807 0.846 0.001 0.727]
  eval: e=0.0290  p=[0.471 0.444 0.197 0.028 0.807 0.846 0.000 0.728]
   289          429        0.0267962         reflect
  eval: e=0.0269  p=[0.470 0.446 0.196 0.028 0.813 0.848 0.000 0.730]
  eval: e=0.0269  p=[0.469 0.443 0.199 0.029 0.805 0.846 0.002 0.726]
   290          431        0.0267962         contract inside
  eval: e=0.0269  p=[0.482 0.441 0.198 0.030 0.802 0.841 0.003 0.722]
  eval: e=0.0268  p=[0.476 0.442 0.198 0.029 0.804 0.843 0.002 0.724]
   291          433        0.0267962         contract outside
  eval: e=0.0268  p=[0.470 0.443 0.198 0.029 0.811 0.846 0.002 0.727]
   292          434        0.0267962         reflect
  eval: e=0.0268  p=[0.478 0.442 0.197 0.029 0.805 0.843 0.002 0.725]
   293          435        0.0267962         reflect
  eval: e=0.0268  p=[0.476 0.443 0.197 0.028 0.809 0.845 0.001 0.726]
   294          436        0.0267962         reflect
  eval: e=0.0268  p=[0.467 0.444 0.198 0.028 0.810 0.847 0.001 0.728]
   295          437        0.0267962         reflect
  eval: e=0.0268  p=[0.479 0.442 0.198 0.029 0.802 0.843 0.002 0.724]
   296          438        0.0267962         reflect
  eval: e=0.0268  p=[0.470 0.444 0.197 0.028 0.809 0.847 0.001 0.728]
  eval: e=0.0269  p=[0.466 0.445 0.197 0.028 0.812 0.849 0.000 0.730]
   297          440         0.026769         reflect
  eval: e=0.0268  p=[0.472 0.444 0.197 0.028 0.813 0.846 0.001 0.728]
   298          441         0.026769         reflect
  eval: e=0.0267  p=[0.476 0.443 0.197 0.028 0.805 0.845 0.001 0.727]
  eval: e=0.0267  p=[0.479 0.443 0.196 0.028 0.803 0.844 0.000 0.726]
   299          443        0.0267185         expand
  eval: e=0.0268  p=[0.481 0.442 0.196 0.029 0.804 0.843 0.002 0.725]
   300          444        0.0267185         reflect
  eval: e=0.0267  p=[0.481 0.443 0.197 0.029 0.804 0.843 0.000 0.725]
   301          445        0.0267185         reflect
  eval: e=0.0267  p=[0.475 0.444 0.197 0.028 0.808 0.846 0.000 0.728]
   302          446        0.0267185         reflect
  eval: e=0.0267  p=[0.475 0.443 0.197 0.029 0.803 0.845 0.000 0.727]
  eval: e=0.0267  p=[0.475 0.443 0.198 0.029 0.800 0.845 0.000 0.727]
   303          448        0.0266957         expand
  eval: e=0.0326  p=[0.472 0.445 0.196 0.028 0.810 0.848 0.000 0.729]
  eval: e=0.0268  p=[0.477 0.443 0.197 0.029 0.804 0.844 0.001 0.725]
   304          450        0.0266957         contract inside
  eval: e=0.0267  p=[0.482 0.443 0.196 0.028 0.804 0.843 0.001 0.725]
  eval: e=0.0267  p=[0.488 0.442 0.195 0.028 0.803 0.841 0.001 0.724]
   305          452        0.0266639         expand
  eval: e=0.0267  p=[0.484 0.442 0.197 0.029 0.795 0.842 0.000 0.724]
   306          453        0.0266639         reflect
  eval: e=0.0314  p=[0.476 0.444 0.197 0.028 0.803 0.845 0.000 0.727]
  eval: e=0.0267  p=[0.480 0.443 0.197 0.029 0.804 0.844 0.001 0.725]
   307          455        0.0266639         contract inside
  eval: e=0.0267  p=[0.490 0.442 0.196 0.029 0.796 0.840 0.000 0.723]
   308          456        0.0266639         reflect
  eval: e=0.0290  p=[0.486 0.443 0.196 0.028 0.799 0.843 0.000 0.725]
  eval: e=0.0267  p=[0.479 0.443 0.197 0.029 0.803 0.844 0.001 0.725]
   309          458        0.0266639         contract inside
  eval: e=0.0274  p=[0.483 0.443 0.196 0.028 0.799 0.843 0.000 0.725]
  eval: e=0.0267  p=[0.481 0.443 0.197 0.028 0.802 0.843 0.001 0.725]
   310          460        0.0266639         contract inside
  eval: e=0.0267  p=[0.482 0.443 0.196 0.028 0.799 0.844 0.001 0.726]
   311          461        0.0266639         reflect
  eval: e=0.0267  p=[0.478 0.444 0.196 0.028 0.808 0.845 0.001 0.727]
   312          462        0.0266639         reflect
  eval: e=0.0266  p=[0.483 0.443 0.196 0.028 0.802 0.844 0.000 0.726]
  eval: e=0.0270  p=[0.484 0.444 0.196 0.028 0.802 0.844 0.000 0.727]
   313          464        0.0266376         reflect
  eval: e=0.0266  p=[0.482 0.443 0.196 0.028 0.802 0.844 0.000 0.726]
  eval: e=0.0268  p=[0.482 0.444 0.196 0.028 0.802 0.844 0.000 0.727]
   314          466        0.0266223         reflect
  eval: e=0.0266  p=[0.490 0.442 0.196 0.028 0.795 0.841 0.001 0.724]
   315          467        0.0266223         reflect
  eval: e=0.0266  p=[0.488 0.442 0.196 0.028 0.799 0.842 0.001 0.725]
  eval: e=0.0265  p=[0.492 0.442 0.196 0.028 0.797 0.841 0.001 0.724]
   316          469        0.0265417         expand
  eval: e=0.0266  p=[0.477 0.444 0.197 0.027 0.806 0.846 0.001 0.728]
   317          470        0.0265417         reflect
  eval: e=0.0266  p=[0.493 0.442 0.194 0.027 0.803 0.841 0.001 0.725]
   318          471        0.0265417         reflect
  eval: e=0.0266  p=[0.494 0.442 0.195 0.028 0.794 0.841 0.000 0.724]
   319          472        0.0265417         reflect
  eval: e=0.0266  p=[0.493 0.442 0.195 0.027 0.802 0.841 0.001 0.725]
   320          473        0.0265417         reflect
  eval: e=0.0265  p=[0.487 0.443 0.196 0.027 0.797 0.843 0.000 0.726]
  eval: e=0.0269  p=[0.487 0.443 0.196 0.027 0.794 0.844 0.000 0.727]
   321          475        0.0265131         reflect
  eval: e=0.0265  p=[0.494 0.442 0.195 0.027 0.797 0.840 0.001 0.724]
  eval: e=0.0265  p=[0.500 0.441 0.195 0.027 0.794 0.839 0.002 0.723]
   322          477        0.0264678         expand
  eval: e=0.0265  p=[0.490 0.443 0.195 0.027 0.803 0.842 0.001 0.726]
   323          478        0.0264678         reflect
  eval: e=0.0265  p=[0.500 0.441 0.195 0.027 0.797 0.839 0.002 0.724]
  eval: e=0.0264  p=[0.508 0.440 0.194 0.026 0.794 0.837 0.002 0.722]
   324          480        0.0264261         expand
  eval: e=0.0264  p=[0.492 0.442 0.196 0.027 0.793 0.841 0.001 0.725]
  eval: e=0.0263  p=[0.492 0.441 0.197 0.027 0.788 0.841 0.000 0.725]
   325          482        0.0263242         expand
  eval: e=0.0265  p=[0.512 0.440 0.194 0.027 0.786 0.835 0.001 0.721]
   326          483        0.0263242         reflect
  eval: e=0.0264  p=[0.500 0.441 0.195 0.026 0.796 0.839 0.002 0.724]
   327          484        0.0263242         reflect
  eval: e=0.0263  p=[0.503 0.440 0.196 0.027 0.787 0.839 0.002 0.723]
  eval: e=0.0262  p=[0.507 0.439 0.196 0.026 0.780 0.837 0.002 0.723]
   328          486        0.0262247         expand
  eval: e=0.0262  p=[0.507 0.441 0.195 0.026 0.788 0.838 0.002 0.724]
   329          487        0.0262247         reflect
  eval: e=0.0263  p=[0.517 0.439 0.195 0.026 0.785 0.834 0.003 0.721]
   330          488        0.0262247         reflect
  eval: e=0.0263  p=[0.521 0.437 0.195 0.026 0.775 0.833 0.002 0.719]
   331          489        0.0262247         reflect
  eval: e=0.0262  p=[0.516 0.439 0.195 0.026 0.779 0.835 0.002 0.721]
  eval: e=0.0261  p=[0.524 0.437 0.195 0.025 0.772 0.833 0.002 0.721]
   332          491        0.0261094         expand
  eval: e=0.0261  p=[0.507 0.440 0.196 0.025 0.783 0.838 0.003 0.724]
  eval: e=0.0260  p=[0.505 0.440 0.197 0.024 0.782 0.839 0.003 0.725]
   333          493         0.025973         expand
  eval: e=0.0260  p=[0.510 0.439 0.197 0.026 0.773 0.837 0.002 0.723]
   334          494         0.025973         reflect
  eval: e=0.0261  p=[0.521 0.437 0.196 0.025 0.765 0.834 0.002 0.721]
   335          495         0.025973         reflect
  eval: e=0.0260  p=[0.505 0.439 0.198 0.026 0.770 0.839 0.001 0.724]
   336          496         0.025973         reflect
  eval: e=0.0260  p=[0.533 0.436 0.195 0.024 0.763 0.831 0.004 0.720]
   337          497         0.025973         reflect
  eval: e=0.0258  p=[0.507 0.439 0.197 0.024 0.774 0.839 0.002 0.726]
  eval: e=0.0256  p=[0.500 0.440 0.199 0.023 0.773 0.843 0.002 0.729]
   338          499        0.0255908         expand
  eval: e=0.0258  p=[0.519 0.436 0.199 0.024 0.756 0.835 0.003 0.723]
   339          500        0.0255908         reflect
  eval: e=0.0258  p=[0.522 0.437 0.198 0.023 0.758 0.835 0.003 0.724]
   340          501        0.0255908         reflect
  eval: e=0.0257  p=[0.505 0.439 0.200 0.024 0.763 0.840 0.003 0.727]
   341          502        0.0255908         reflect
  eval: e=0.0257  p=[0.504 0.439 0.199 0.023 0.770 0.841 0.003 0.728]
   342          503        0.0255908         reflect
  eval: e=0.0255  p=[0.514 0.438 0.199 0.022 0.761 0.839 0.003 0.727]
  eval: e=0.0253  p=[0.516 0.438 0.200 0.020 0.755 0.840 0.004 0.729]
   343          505        0.0252957         expand
  eval: e=0.0255  p=[0.486 0.441 0.202 0.023 0.769 0.847 0.002 0.732]
   344          506        0.0252957         reflect
  eval: e=0.0254  p=[0.509 0.438 0.200 0.020 0.762 0.841 0.004 0.730]
   345          507        0.0252957         reflect
  eval: e=0.0253  p=[0.510 0.437 0.202 0.021 0.745 0.842 0.002 0.730]
   346          508        0.0252957         reflect
  eval: e=0.0253  p=[0.494 0.441 0.201 0.020 0.768 0.847 0.003 0.734]
  eval: e=0.0252  p=[0.481 0.443 0.202 0.019 0.773 0.852 0.003 0.739]
   347          510        0.0251532         expand
  eval: e=0.0252  p=[0.481 0.442 0.203 0.020 0.769 0.851 0.003 0.737]
   348          511        0.0251532         reflect
  eval: e=0.0251  p=[0.492 0.441 0.202 0.019 0.766 0.849 0.003 0.737]
  eval: e=0.0250  p=[0.486 0.443 0.203 0.016 0.767 0.853 0.003 0.742]
   349          513        0.0249513         expand
  eval: e=0.0249  p=[0.488 0.441 0.203 0.018 0.758 0.852 0.003 0.739]
  eval: e=0.0246  p=[0.481 0.443 0.206 0.015 0.752 0.857 0.003 0.745]
   350          515        0.0246085         expand
  eval: e=0.0249  p=[0.487 0.441 0.206 0.016 0.750 0.853 0.005 0.742]
   351          516        0.0246085         reflect
  eval: e=0.0246  p=[0.502 0.440 0.204 0.014 0.749 0.851 0.005 0.741]
   352          517        0.0246085         reflect
  eval: e=0.0245  p=[0.477 0.443 0.206 0.015 0.753 0.859 0.003 0.746]
  eval: e=0.0244  p=[0.460 0.446 0.208 0.012 0.749 0.867 0.002 0.755]
   353          519        0.0244115         expand
  eval: e=0.0249  p=[0.463 0.446 0.206 0.012 0.771 0.865 0.005 0.753]
   354          520        0.0244115         reflect
  eval: e=0.0253  p=[0.444 0.448 0.210 0.011 0.765 0.872 0.003 0.760]
  eval: e=0.0248  p=[0.462 0.446 0.207 0.013 0.762 0.864 0.003 0.752]
   355          522        0.0244115         contract outside
  eval: e=0.0246  p=[0.474 0.445 0.208 0.009 0.749 0.865 0.005 0.755]
   356          523        0.0244115         reflect
  eval: e=0.0243  p=[0.473 0.444 0.210 0.008 0.739 0.867 0.005 0.757]
  eval: e=0.0243  p=[0.469 0.444 0.213 0.003 0.722 0.874 0.006 0.765]
   357          525        0.0243295         reflect
  eval: e=0.0244  p=[0.465 0.445 0.210 0.008 0.739 0.869 0.005 0.758]
   358          526        0.0243295         reflect
  eval: e=0.0242  p=[0.458 0.448 0.209 0.007 0.753 0.873 0.004 0.762]
  eval: e=0.0243  p=[0.443 0.452 0.210 0.003 0.754 0.883 0.004 0.772]
   359          528        0.0242357         reflect
  eval: e=0.0242  p=[0.481 0.443 0.209 0.009 0.727 0.863 0.003 0.754]
  eval: e=0.0245  p=[0.489 0.441 0.211 0.008 0.704 0.863 0.003 0.754]
   360          530        0.0242353         reflect
  eval: e=0.0240  p=[0.486 0.443 0.209 0.008 0.726 0.864 0.005 0.755]
  eval: e=0.0239  p=[0.498 0.441 0.209 0.005 0.708 0.864 0.006 0.756]
   361          532        0.0238746         expand
  eval: e=0.0245  p=[0.445 0.448 0.214 0.004 0.730 0.880 0.003 0.769]
   362          533        0.0238746         reflect
  eval: e=0.0242  p=[0.458 0.447 0.214 0.001 0.722 0.880 0.005 0.772]
   363          534        0.0238746         reflect
  eval: e=0.0242  p=[0.460 0.446 0.213 0.005 0.717 0.876 0.004 0.765]
   364          535        0.0238746         reflect
  eval: e=0.0241  p=[0.493 0.442 0.207 0.009 0.733 0.859 0.006 0.750]
   365          536        0.0238746         reflect
  eval: e=0.0240  p=[0.486 0.443 0.212 0.001 0.710 0.870 0.007 0.764]
   366          537        0.0238746         reflect
  eval: e=0.0237  p=[0.487 0.444 0.210 0.003 0.714 0.869 0.005 0.762]
  eval: e=0.0235  p=[0.498 0.443 0.210 0.001 0.701 0.869 0.004 0.763]
   367          539        0.0235063         expand
  eval: e=0.0236  p=[0.485 0.444 0.211 0.001 0.704 0.872 0.005 0.765]
   368          540        0.0235063         reflect
  eval: e=0.0247  p=[0.507 0.439 0.213 0.001 0.678 0.865 0.006 0.760]
  eval: e=0.0239  p=[0.470 0.446 0.210 0.006 0.734 0.871 0.004 0.762]
   369          542        0.0235063         contract inside
  eval: e=0.0628  p=[0.481 0.445 0.212 0.000 0.706 0.877 0.007 0.771]
  eval: e=0.0240  p=[0.481 0.443 0.210 0.006 0.721 0.867 0.004 0.758]
   370          544        0.0235063         contract inside
  eval: e=0.0239  p=[0.507 0.441 0.208 0.003 0.716 0.862 0.006 0.757]
   371          545        0.0235063         reflect
  eval: e=0.0241  p=[0.521 0.438 0.206 0.007 0.711 0.854 0.006 0.747]
  eval: e=0.0238  p=[0.505 0.441 0.208 0.006 0.713 0.860 0.006 0.753]
   372          547        0.0235063         contract outside
  eval: e=0.0793  p=[0.490 0.444 0.213 0.000 0.694 0.874 0.005 0.769]
  eval: e=0.0238  p=[0.492 0.442 0.208 0.007 0.724 0.863 0.006 0.755]
   373          549        0.0235063         contract inside
  eval: e=0.0237  p=[0.498 0.442 0.207 0.007 0.720 0.862 0.003 0.754]
   374          550        0.0235063         reflect
  eval: e=0.0234  p=[0.508 0.442 0.208 0.002 0.709 0.864 0.006 0.758]
  eval: e=0.0233  p=[0.521 0.441 0.207 0.000 0.702 0.863 0.007 0.759]
   375          552        0.0232991         expand
  eval: e=0.0241  p=[0.531 0.438 0.207 0.002 0.688 0.858 0.006 0.754]
  eval: e=0.0237  p=[0.485 0.444 0.209 0.005 0.723 0.868 0.005 0.760]
   376          554        0.0232991         contract inside
  eval: e=0.0238  p=[0.489 0.443 0.209 0.005 0.708 0.868 0.004 0.759]
   377          555        0.0232991         reflect
  eval: e=0.0233  p=[0.495 0.444 0.208 0.003 0.715 0.868 0.004 0.761]
  eval: e=0.0230  p=[0.494 0.445 0.207 0.002 0.719 0.870 0.003 0.763]
   378          557        0.0229796         expand
  eval: e=0.0233  p=[0.502 0.444 0.209 0.000 0.699 0.870 0.003 0.764]
   379          558        0.0229796         reflect
  eval: e=0.0243  p=[0.487 0.446 0.210 0.000 0.705 0.875 0.003 0.768]
  eval: e=0.0236  p=[0.501 0.442 0.208 0.004 0.711 0.864 0.005 0.757]
   380          560        0.0229796         contract inside
  eval: e=0.0233  p=[0.507 0.443 0.208 0.000 0.712 0.866 0.005 0.762]
   381          561        0.0229796         reflect
  eval: e=0.1719  p=[0.500 0.444 0.210 0.000 0.698 0.874 0.006 0.769]
  eval: e=0.0235  p=[0.498 0.443 0.208 0.004 0.715 0.865 0.004 0.758]
   382          563        0.0229796         contract inside
  eval: e=0.0421  p=[0.516 0.442 0.208 0.000 0.693 0.867 0.004 0.763]
  eval: e=0.0235  p=[0.493 0.443 0.209 0.003 0.715 0.868 0.005 0.761]
   383          565        0.0229796         contract inside
  eval: e=0.0232  p=[0.519 0.442 0.205 0.002 0.715 0.862 0.004 0.757]
   384          566        0.0229796         reflect
  eval: e=0.0317  p=[0.507 0.444 0.207 0.000 0.708 0.869 0.004 0.764]
  eval: e=0.0234  p=[0.502 0.442 0.208 0.003 0.711 0.865 0.005 0.759]
   385          568        0.0229796         contract inside
  eval: e=0.0231  p=[0.511 0.443 0.205 0.003 0.721 0.863 0.004 0.757]
   386          569        0.0229796         reflect
  eval: e=0.0310  p=[0.514 0.443 0.207 0.000 0.709 0.867 0.005 0.762]
  eval: e=0.0233  p=[0.502 0.443 0.207 0.003 0.713 0.865 0.004 0.759]
   387          571        0.0229796         contract inside
  eval: e=0.0230  p=[0.521 0.442 0.205 0.000 0.708 0.863 0.004 0.759]
   388          572        0.0229796         reflect
  eval: e=0.0229  p=[0.517 0.443 0.205 0.000 0.711 0.865 0.004 0.761]
  eval: e=0.0433  p=[0.524 0.444 0.204 0.000 0.712 0.865 0.004 0.762]
   389          574        0.0228539         reflect
  eval: e=0.0231  p=[0.514 0.443 0.205 0.003 0.710 0.864 0.003 0.758]
   390          575        0.0228539         reflect
  eval: e=0.0238  p=[0.522 0.443 0.205 0.000 0.708 0.864 0.004 0.760]
  eval: e=0.0232  p=[0.507 0.443 0.207 0.002 0.712 0.865 0.004 0.759]
   391          577        0.0228539         contract inside
  eval: e=0.0229  p=[0.500 0.445 0.205 0.003 0.721 0.867 0.001 0.760]
   392          578        0.0228539         reflect
  eval: e=0.0231  p=[0.519 0.443 0.202 0.004 0.730 0.860 0.003 0.755]
   393          579        0.0228539         reflect
  eval: e=0.0228  p=[0.503 0.445 0.205 0.002 0.718 0.868 0.003 0.761]
  eval: e=0.0227  p=[0.495 0.447 0.205 0.002 0.719 0.871 0.002 0.764]
   394          581        0.0227404         expand
  eval: e=0.0227  p=[0.511 0.445 0.203 0.002 0.723 0.866 0.002 0.760]
  eval: e=0.0225  p=[0.512 0.446 0.202 0.002 0.728 0.866 0.001 0.760]
   395          583        0.0224621         expand
  eval: e=0.0225  p=[0.507 0.446 0.205 0.001 0.716 0.869 0.001 0.763]
   396          584        0.0224621         reflect
  eval: e=0.0253  p=[0.496 0.446 0.208 0.000 0.703 0.874 0.001 0.767]
  eval: e=0.0229  p=[0.513 0.444 0.204 0.003 0.723 0.863 0.003 0.758]
   397          586        0.0224621         contract inside
  eval: e=0.0226  p=[0.500 0.447 0.205 0.001 0.727 0.870 0.001 0.764]
   398          587        0.0224621         reflect
  eval: e=0.0226  p=[0.488 0.448 0.204 0.003 0.734 0.872 0.000 0.764]
   399          588        0.0224621         reflect
  eval: e=0.0224  p=[0.515 0.446 0.201 0.002 0.726 0.866 0.001 0.761]
  eval: e=0.0233  p=[0.525 0.447 0.199 0.001 0.730 0.864 0.000 0.760]
   400          590        0.0223923         reflect
  eval: e=0.0224  p=[0.495 0.448 0.205 0.001 0.722 0.873 0.000 0.767]
   401          591        0.0223923         reflect
  eval: e=0.0233  p=[0.507 0.448 0.203 0.000 0.725 0.870 0.002 0.765]
  eval: e=0.0227  p=[0.502 0.446 0.205 0.002 0.722 0.868 0.001 0.762]
   402          593        0.0223923         contract inside
  eval: e=0.0652  p=[0.487 0.450 0.203 0.003 0.737 0.873 0.000 0.765]
  eval: e=0.0226  p=[0.509 0.445 0.205 0.001 0.718 0.867 0.002 0.762]
   403          595        0.0223923         contract inside
  eval: e=0.0226  p=[0.513 0.446 0.202 0.001 0.729 0.867 0.000 0.762]
   404          596        0.0223923         reflect
  eval: e=0.0222  p=[0.508 0.447 0.202 0.000 0.728 0.869 0.001 0.764]
  eval: e=0.0248  p=[0.511 0.448 0.201 0.000 0.731 0.870 0.000 0.765]
   405          598        0.0222284         reflect
  eval: e=0.0386  p=[0.500 0.449 0.202 0.002 0.735 0.871 0.000 0.764]
  eval: e=0.0225  p=[0.507 0.446 0.204 0.001 0.722 0.868 0.002 0.763]
   406          600        0.0222284         contract inside
  eval: e=0.0226  p=[0.495 0.447 0.205 0.002 0.722 0.871 0.002 0.765]
   407          601        0.0222284         reflect
  eval: e=0.0290  p=[0.522 0.445 0.203 0.000 0.714 0.866 0.002 0.762]
  eval: e=0.0225  p=[0.497 0.448 0.204 0.002 0.729 0.870 0.001 0.764]
   408          603        0.0222284         contract inside
  eval: e=0.0224  p=[0.515 0.446 0.202 0.001 0.728 0.867 0.000 0.762]
   409          604        0.0222284         reflect
  eval: e=0.0225  p=[0.513 0.446 0.202 0.002 0.723 0.867 0.000 0.761]
   410          605        0.0222284         reflect
  eval: e=0.0223  p=[0.508 0.448 0.201 0.002 0.736 0.868 0.000 0.762]
   411          606        0.0222284         reflect
  eval: e=0.0291  p=[0.509 0.448 0.201 0.002 0.733 0.868 0.000 0.763]
  eval: e=0.0224  p=[0.507 0.446 0.203 0.001 0.725 0.868 0.001 0.763]
   412          608        0.0222284         contract inside
  eval: e=0.0222  p=[0.522 0.446 0.201 0.000 0.725 0.865 0.000 0.761]
   413          609        0.0222284         reflect
  eval: e=0.0224  p=[0.507 0.447 0.203 0.000 0.731 0.868 0.001 0.764]
   414          610        0.0222284         reflect
  eval: e=0.0249  p=[0.507 0.448 0.203 0.000 0.727 0.870 0.000 0.766]
  eval: e=0.0224  p=[0.511 0.447 0.202 0.002 0.728 0.867 0.001 0.762]
   415          612        0.0222284         contract inside
  eval: e=0.0227  p=[0.513 0.447 0.202 0.002 0.723 0.867 0.000 0.761]
  eval: e=0.0223  p=[0.509 0.447 0.202 0.001 0.729 0.868 0.001 0.763]
   416          614        0.0222284         contract inside
  eval: e=0.0226  p=[0.513 0.447 0.201 0.001 0.731 0.868 0.000 0.763]
  eval: e=0.0224  p=[0.509 0.447 0.203 0.001 0.726 0.868 0.001 0.763]
   417          616        0.0222284         contract inside
  eval: e=0.0223  p=[0.504 0.448 0.202 0.001 0.728 0.869 0.001 0.764]
   418          617        0.0222284         reflect
  eval: e=0.0224  p=[0.526 0.446 0.199 0.002 0.734 0.862 0.001 0.758]
  eval: e=0.0223  p=[0.503 0.448 0.203 0.001 0.725 0.870 0.000 0.765]
   419          619        0.0222284         contract inside
  eval: e=0.0222  p=[0.504 0.448 0.203 0.000 0.730 0.870 0.000 0.765]
  eval: e=0.0223  p=[0.499 0.449 0.203 0.000 0.732 0.873 0.000 0.767]
   420          621           0.0222         reflect
  eval: e=0.0221  p=[0.506 0.448 0.202 0.000 0.729 0.870 0.000 0.765]
  eval: e=0.0239  p=[0.503 0.449 0.202 0.000 0.729 0.872 0.000 0.767]
   421          623        0.0221476         reflect
  eval: e=0.0221  p=[0.507 0.448 0.201 0.000 0.731 0.870 0.000 0.765]
  eval: e=0.0222  p=[0.506 0.449 0.201 0.000 0.734 0.871 0.000 0.766]
   422          625         0.022128         reflect
  eval: e=0.0222  p=[0.507 0.448 0.201 0.001 0.729 0.870 0.000 0.764]
   423          626         0.022128         reflect
  eval: e=0.0249  p=[0.512 0.447 0.202 0.000 0.731 0.869 0.000 0.764]
  eval: e=0.0222  p=[0.506 0.448 0.202 0.001 0.728 0.869 0.001 0.764]
   424          628         0.022128         contract inside
  eval: e=0.0221  p=[0.514 0.448 0.200 0.000 0.734 0.868 0.000 0.763]
  eval: e=0.0221  p=[0.520 0.448 0.199 0.000 0.738 0.866 0.000 0.762]
   425          630        0.0220882         expand
  eval: e=0.0270  p=[0.511 0.448 0.202 0.000 0.724 0.870 0.001 0.765]
  eval: e=0.0222  p=[0.509 0.448 0.201 0.001 0.733 0.868 0.000 0.763]
   426          632        0.0220882         contract inside
  eval: e=0.0223  p=[0.514 0.448 0.201 0.000 0.732 0.868 0.000 0.764]
  eval: e=0.0222  p=[0.508 0.448 0.202 0.001 0.729 0.869 0.000 0.764]
   427          634        0.0220882         contract inside
  eval: e=0.0221  p=[0.495 0.450 0.202 0.001 0.736 0.873 0.000 0.767]
   428          635        0.0220882         reflect
  eval: e=0.0223  p=[0.506 0.449 0.200 0.001 0.736 0.870 0.000 0.765]
  eval: e=0.0222  p=[0.507 0.448 0.202 0.001 0.730 0.869 0.000 0.764]
   429          637        0.0220882         contract inside
  eval: e=0.0221  p=[0.504 0.449 0.202 0.000 0.730 0.871 0.000 0.766]
  eval: e=0.0259  p=[0.502 0.449 0.202 0.000 0.729 0.873 0.000 0.768]
   430          639        0.0220762         reflect
  eval: e=0.0221  p=[0.510 0.449 0.200 0.001 0.733 0.869 0.000 0.764]
  eval: e=0.0221  p=[0.513 0.449 0.199 0.001 0.735 0.869 0.000 0.764]
   431          641        0.0220569         expand
  eval: e=0.0221  p=[0.506 0.449 0.201 0.000 0.735 0.871 0.000 0.766]
   432          642        0.0220569         reflect
  eval: e=0.0222  p=[0.507 0.450 0.200 0.000 0.736 0.871 0.000 0.766]
  eval: e=0.0221  p=[0.507 0.448 0.201 0.000 0.731 0.870 0.000 0.765]
   433          644        0.0220569         contract inside
  eval: e=0.0221  p=[0.508 0.449 0.200 0.000 0.738 0.870 0.000 0.765]
   434          645        0.0220569         reflect
  eval: e=0.0220  p=[0.509 0.450 0.199 0.000 0.740 0.870 0.000 0.765]
  eval: e=0.0220  p=[0.511 0.450 0.198 0.000 0.745 0.869 0.000 0.765]
   435          647        0.0219739         expand
  eval: e=0.0224  p=[0.524 0.448 0.198 0.000 0.735 0.866 0.000 0.762]
  eval: e=0.0221  p=[0.502 0.449 0.201 0.001 0.736 0.871 0.000 0.766]
   436          649        0.0219739         contract inside
  eval: e=0.0220  p=[0.511 0.450 0.199 0.000 0.741 0.870 0.000 0.765]
  eval: e=0.0220  p=[0.513 0.451 0.197 0.000 0.746 0.870 0.000 0.765]
   437          651        0.0219506         reflect
  eval: e=0.0219  p=[0.512 0.450 0.198 0.000 0.743 0.870 0.000 0.765]
  eval: e=0.0222  p=[0.514 0.451 0.196 0.000 0.749 0.870 0.000 0.766]
   438          653        0.0219285         reflect
  eval: e=0.0220  p=[0.497 0.451 0.201 0.000 0.738 0.874 0.000 0.768]
   439          654        0.0219285         reflect
  eval: e=0.0220  p=[0.511 0.451 0.197 0.000 0.747 0.870 0.000 0.765]
   440          655        0.0219285         reflect
  eval: e=0.0220  p=[0.515 0.451 0.197 0.000 0.745 0.869 0.000 0.765]
   441          656        0.0219285         reflect
  eval: e=0.0224  p=[0.511 0.451 0.197 0.000 0.744 0.870 0.000 0.765]
  eval: e=0.0220  p=[0.509 0.450 0.200 0.000 0.739 0.870 0.000 0.765]
   442          658        0.0219285         contract inside
  eval: e=0.0219  p=[0.513 0.451 0.196 0.000 0.748 0.869 0.000 0.765]
   443          659        0.0219285         reflect
  eval: e=0.0222  p=[0.507 0.452 0.197 0.000 0.752 0.871 0.000 0.767]
  eval: e=0.0220  p=[0.511 0.450 0.199 0.000 0.739 0.869 0.000 0.765]
   444          661        0.0219285         contract inside
  eval: e=0.0221  p=[0.509 0.450 0.199 0.000 0.737 0.871 0.000 0.766]
  eval: e=0.0220  p=[0.510 0.451 0.198 0.000 0.745 0.870 0.000 0.765]
   445          663        0.0219285         contract inside
  eval: e=0.0219  p=[0.511 0.451 0.197 0.000 0.746 0.870 0.000 0.765]
  eval: e=0.0220  p=[0.513 0.452 0.195 0.000 0.750 0.870 0.000 0.765]
   446          665        0.0219202         reflect
  eval: e=0.0220  p=[0.509 0.451 0.198 0.000 0.741 0.871 0.000 0.766]
  eval: e=0.0219  p=[0.509 0.451 0.198 0.000 0.742 0.870 0.000 0.766]
   447          667        0.0219027         contract outside
  eval: e=0.0219  p=[0.508 0.451 0.197 0.000 0.748 0.871 0.000 0.766]
   448          668        0.0219027         reflect
  eval: e=0.0220  p=[0.525 0.450 0.194 0.000 0.752 0.866 0.000 0.763]
  eval: e=0.0219  p=[0.504 0.451 0.199 0.000 0.741 0.872 0.000 0.767]
   449          670        0.0219027         contract inside
  eval: e=0.0220  p=[0.511 0.451 0.198 0.000 0.744 0.870 0.000 0.766]
  eval: e=0.0219  p=[0.510 0.451 0.198 0.000 0.745 0.870 0.000 0.765]
   450          672        0.0219027         contract inside
  eval: e=0.0219  p=[0.510 0.452 0.196 0.000 0.749 0.871 0.000 0.766]
   451          673        0.0219027         reflect
  eval: e=0.0219  p=[0.505 0.451 0.198 0.000 0.746 0.872 0.000 0.767]
   452          674        0.0219027         reflect
  eval: e=0.0220  p=[0.505 0.451 0.199 0.000 0.742 0.872 0.000 0.767]
  eval: e=0.0219  p=[0.511 0.451 0.197 0.000 0.747 0.870 0.000 0.766]
   453          676        0.0219027         contract inside
  eval: e=0.0219  p=[0.507 0.452 0.197 0.000 0.746 0.871 0.000 0.767]
  eval: e=0.0219  p=[0.506 0.452 0.197 0.000 0.747 0.872 0.000 0.767]
   454          678        0.0218584         expand
  eval: e=0.0219  p=[0.505 0.452 0.197 0.000 0.748 0.872 0.000 0.767]
   455          679        0.0218584         reflect
  eval: e=0.0219  p=[0.507 0.451 0.198 0.000 0.743 0.871 0.000 0.766]
  eval: e=0.0219  p=[0.508 0.451 0.197 0.000 0.747 0.871 0.000 0.766]
   456          681        0.0218584         contract inside
  eval: e=0.0219  p=[0.511 0.451 0.197 0.000 0.746 0.870 0.000 0.766]
   457          682        0.0218584         reflect
  eval: e=0.0219  p=[0.505 0.452 0.198 0.000 0.745 0.872 0.000 0.767]
   458          683        0.0218584         reflect
  eval: e=0.0222  p=[0.503 0.452 0.198 0.000 0.745 0.873 0.000 0.768]
  eval: e=0.0219  p=[0.509 0.451 0.197 0.000 0.746 0.871 0.000 0.766]
   459          685        0.0218584         contract inside
  eval: e=0.0219  p=[0.512 0.452 0.195 0.000 0.751 0.871 0.000 0.766]
   460          686        0.0218584         reflect
  eval: e=0.0219  p=[0.505 0.452 0.197 0.000 0.748 0.872 0.000 0.767]
   461          687        0.0218584         reflect
  eval: e=0.0219  p=[0.505 0.452 0.198 0.000 0.745 0.872 0.000 0.767]
   462          688        0.0218584         reflect
  eval: e=0.0219  p=[0.504 0.453 0.196 0.000 0.752 0.873 0.000 0.768]
   463          689        0.0218584         reflect
  eval: e=0.0219  p=[0.508 0.452 0.196 0.000 0.751 0.871 0.000 0.767]
  eval: e=0.0219  p=[0.506 0.452 0.197 0.000 0.746 0.872 0.000 0.767]
   464          691        0.0218584         contract inside
  eval: e=0.0219  p=[0.503 0.453 0.197 0.000 0.750 0.873 0.000 0.768]
  eval: e=0.0219  p=[0.500 0.454 0.197 0.000 0.752 0.874 0.000 0.769]
   465          693        0.0218516         reflect
  eval: e=0.0219  p=[0.499 0.452 0.199 0.000 0.745 0.874 0.000 0.768]
  eval: e=0.0219  p=[0.502 0.452 0.198 0.000 0.746 0.873 0.000 0.768]
   466          695        0.0218516         contract outside
  eval: e=0.0219  p=[0.505 0.452 0.197 0.000 0.747 0.872 0.000 0.768]
   467          696        0.0218516         reflect
  eval: e=0.0220  p=[0.505 0.452 0.198 0.000 0.747 0.872 0.000 0.768]
  eval: e=0.0219  p=[0.505 0.452 0.197 0.000 0.748 0.872 0.000 0.767]
   468          698        0.0218516         contract inside
  eval: e=0.0219  p=[0.501 0.453 0.197 0.000 0.748 0.874 0.000 0.769]
   469          699        0.0218516         reflect
  eval: e=0.0219  p=[0.507 0.453 0.196 0.000 0.750 0.872 0.000 0.768]
   470          700        0.0218516         reflect
  eval: e=0.0219  p=[0.505 0.452 0.198 0.000 0.743 0.872 0.000 0.767]
  eval: e=0.0219  p=[0.504 0.453 0.197 0.000 0.750 0.873 0.000 0.768]
   471          702        0.0218516         contract inside
  eval: e=0.0219  p=[0.504 0.453 0.197 0.000 0.748 0.873 0.000 0.768]
  eval: e=0.0219  p=[0.505 0.452 0.197 0.000 0.748 0.872 0.000 0.768]
   472          704        0.0218516         contract inside
  eval: e=0.0219  p=[0.504 0.453 0.196 0.000 0.752 0.873 0.000 0.768]
   473          705        0.0218516         reflect
  eval: e=0.0219  p=[0.504 0.453 0.197 0.000 0.750 0.873 0.000 0.768]
   474          706        0.0218516         reflect
  eval: e=0.0218  p=[0.502 0.454 0.196 0.000 0.752 0.873 0.000 0.769]
  eval: e=0.0219  p=[0.501 0.454 0.196 0.000 0.755 0.874 0.000 0.769]
   475          708        0.0218494         reflect
  eval: e=0.0219  p=[0.504 0.453 0.197 0.000 0.749 0.873 0.000 0.768]
  eval: e=0.0219  p=[0.504 0.453 0.197 0.000 0.750 0.873 0.000 0.768]
   476          710        0.0218494         contract inside
  eval: e=0.0219  p=[0.503 0.453 0.196 0.000 0.752 0.873 0.000 0.768]
  eval: e=0.0218  p=[0.504 0.453 0.197 0.000 0.749 0.873 0.000 0.768]
   477          712        0.0218465         contract inside
  eval: e=0.0219  p=[0.508 0.453 0.196 0.000 0.751 0.872 0.000 0.767]
  eval: e=0.0219  p=[0.503 0.453 0.197 0.000 0.749 0.873 0.000 0.768]
   478          714        0.0218465         contract inside
  eval: e=0.0219  p=[0.502 0.454 0.196 0.000 0.753 0.874 0.000 0.769]
  eval: e=0.0219  p=[0.505 0.452 0.197 0.000 0.748 0.872 0.000 0.768]
   479          716        0.0218465         contract inside
  eval: e=0.0219  p=[0.504 0.453 0.196 0.000 0.750 0.873 0.000 0.768]
  eval: e=0.0219  p=[0.504 0.453 0.197 0.000 0.750 0.873 0.000 0.768]
   480          718        0.0218465         contract inside
  eval: e=0.0218  p=[0.504 0.452 0.197 0.000 0.747 0.873 0.000 0.768]
   481          719        0.0218465         reflect
  eval: e=0.0218  p=[0.501 0.453 0.197 0.000 0.749 0.874 0.000 0.769]
   482          720        0.0218465         reflect
  eval: e=0.0219  p=[0.502 0.453 0.197 0.000 0.749 0.873 0.000 0.768]
  eval: e=0.0218  p=[0.504 0.453 0.197 0.000 0.749 0.873 0.000 0.768]
   483          722        0.0218454         contract inside
  eval: e=0.0219  p=[0.504 0.453 0.197 0.000 0.750 0.873 0.000 0.768]
  eval: e=0.0218  p=[0.503 0.453 0.197 0.000 0.749 0.873 0.000 0.768]
   484          724        0.0218454         contract inside
  eval: e=0.0218  p=[0.502 0.453 0.197 0.000 0.749 0.873 0.000 0.768]
  eval: e=0.0219  p=[0.502 0.453 0.197 0.000 0.748 0.873 0.000 0.768]
   485          726        0.0218446         reflect
  eval: e=0.0219  p=[0.503 0.453 0.197 0.000 0.748 0.873 0.000 0.768]
  eval: e=0.0218  p=[0.503 0.453 0.197 0.000 0.749 0.873 0.000 0.768]
   486          728        0.0218446         contract outside
  eval: e=0.0218  p=[0.501 0.453 0.197 0.000 0.750 0.874 0.000 0.769]
  eval: e=0.0218  p=[0.499 0.454 0.197 0.000 0.751 0.874 0.000 0.769]
   487          730        0.0218423         reflect
  eval: e=0.0219  p=[0.503 0.453 0.197 0.000 0.749 0.873 0.000 0.768]
  eval: e=0.0218  p=[0.503 0.453 0.197 0.000 0.749 0.873 0.000 0.768]
   488          732        0.0218423         contract inside
  eval: e=0.0219  p=[0.503 0.452 0.198 0.000 0.746 0.873 0.000 0.768]
  eval: e=0.0218  p=[0.503 0.453 0.197 0.000 0.750 0.873 0.000 0.768]
   489          734        0.0218423         contract inside
  eval: e=0.0218  p=[0.501 0.453 0.197 0.000 0.751 0.874 0.000 0.769]
   490          735        0.0218423         reflect
  eval: e=0.0219  p=[0.505 0.453 0.196 0.000 0.750 0.873 0.000 0.768]
  eval: e=0.0218  p=[0.502 0.453 0.197 0.000 0.749 0.873 0.000 0.768]
   491          737        0.0218423         contract inside
  eval: e=0.0218  p=[0.500 0.453 0.197 0.000 0.751 0.874 0.000 0.769]
   492          738        0.0218423         reflect
  eval: e=0.0218  p=[0.501 0.453 0.197 0.000 0.750 0.874 0.000 0.769]
  eval: e=0.0218  p=[0.502 0.453 0.197 0.000 0.749 0.873 0.000 0.768]
   493          740        0.0218423         contract inside
  eval: e=0.0218  p=[0.500 0.453 0.197 0.000 0.750 0.874 0.000 0.769]
  eval: e=0.0218  p=[0.498 0.454 0.197 0.000 0.750 0.874 0.000 0.769]
   494          742        0.0218414         expand
  eval: e=0.0218  p=[0.499 0.454 0.197 0.000 0.751 0.874 0.000 0.769]
   495          743        0.0218414         reflect
  eval: e=0.0218  p=[0.500 0.454 0.197 0.000 0.751 0.874 0.000 0.769]
  eval: e=0.0218  p=[0.501 0.453 0.197 0.000 0.750 0.874 0.000 0.769]
   496          745        0.0218414         contract inside
  eval: e=0.0218  p=[0.499 0.453 0.197 0.000 0.750 0.874 0.000 0.769]
   497          746        0.0218414         reflect
  eval: e=0.0218  p=[0.498 0.454 0.197 0.000 0.752 0.875 0.000 0.769]
  eval: e=0.0218  p=[0.501 0.453 0.197 0.000 0.750 0.873 0.000 0.769]
   498          748        0.0218414         contract inside
  eval: e=0.0218  p=[0.498 0.454 0.197 0.000 0.751 0.875 0.000 0.769]
   499          749        0.0218414         reflect
  eval: e=0.0218  p=[0.499 0.453 0.197 0.000 0.750 0.874 0.000 0.769]
   500          750        0.0218414         reflect
  eval: e=0.0218  p=[0.500 0.453 0.197 0.000 0.749 0.874 0.000 0.769]
   501          751        0.0218414         reflect
  eval: e=0.0218  p=[0.498 0.454 0.197 0.000 0.750 0.875 0.000 0.769]
   502          752        0.0218414         reflect
  eval: e=0.0218  p=[0.498 0.453 0.198 0.000 0.749 0.874 0.000 0.769]
   503          753        0.0218414         reflect
  eval: e=0.0218  p=[0.497 0.454 0.197 0.000 0.750 0.875 0.000 0.770]
  eval: e=0.0218  p=[0.500 0.453 0.197 0.000 0.750 0.874 0.000 0.769]
   504          755        0.0218413         contract inside
  eval: e=0.0218  p=[0.497 0.453 0.198 0.000 0.750 0.875 0.000 0.770]
  eval: e=0.0218  p=[0.500 0.453 0.197 0.000 0.750 0.874 0.000 0.769]
   505          757        0.0218411         contract inside
  eval: e=0.0218  p=[0.500 0.453 0.197 0.000 0.750 0.874 0.000 0.769]
  eval: e=0.0218  p=[0.499 0.453 0.197 0.000 0.750 0.874 0.000 0.769]
   506          759         0.021841         contract inside
  eval: e=0.0218  p=[0.497 0.454 0.197 0.000 0.751 0.875 0.000 0.770]
  eval: e=0.0218  p=[0.498 0.454 0.197 0.000 0.751 0.875 0.000 0.769]
   507          761         0.021841         contract outside
  eval: e=0.0218  p=[0.500 0.453 0.197 0.000 0.750 0.874 0.000 0.769]
   508          762         0.021841         reflect
  eval: e=0.0218  p=[0.500 0.453 0.197 0.000 0.749 0.874 0.000 0.769]
  eval: e=0.0218  p=[0.499 0.453 0.197 0.000 0.751 0.874 0.000 0.769]
   509          764         0.021841         contract inside
  eval: e=0.0218  p=[0.500 0.453 0.197 0.000 0.751 0.874 0.000 0.769]
  eval: e=0.0218  p=[0.499 0.453 0.197 0.000 0.750 0.874 0.000 0.769]
   510          766         0.021841         contract inside
  eval: e=0.0218  p=[0.498 0.454 0.197 0.000 0.750 0.875 0.000 0.769]
  eval: e=0.0218  p=[0.499 0.453 0.197 0.000 0.750 0.874 0.000 0.769]
   511          768         0.021841         contract inside
  eval: e=0.0218  p=[0.499 0.453 0.197 0.000 0.750 0.874 0.000 0.769]
   512          769         0.021841         reflect
  eval: e=0.0218  p=[0.500 0.453 0.197 0.000 0.750 0.874 0.000 0.769]
  eval: e=0.0218  p=[0.501 0.453 0.197 0.000 0.749 0.874 0.000 0.769]
   513          771        0.0218409         reflect
  eval: e=0.0218  p=[0.498 0.454 0.197 0.000 0.750 0.875 0.000 0.769]
  eval: e=0.0218  p=[0.497 0.454 0.197 0.000 0.751 0.875 0.000 0.770]
   514          773        0.0218409         reflect
  eval: e=0.0218  p=[0.499 0.453 0.197 0.000 0.750 0.874 0.000 0.769]
  eval: e=0.0218  p=[0.499 0.453 0.197 0.000 0.750 0.874 0.000 0.769]
   515          775        0.0218409         contract inside
  eval: e=0.0218  p=[0.498 0.454 0.197 0.000 0.750 0.875 0.000 0.769]
  eval: e=0.0218  p=[0.499 0.453 0.197 0.000 0.750 0.874 0.000 0.769]
   516          777        0.0218409         contract inside
  eval: e=0.0218  p=[0.499 0.453 0.197 0.000 0.751 0.874 0.000 0.769]
   517          778        0.0218409         reflect
  eval: e=0.0218  p=[0.498 0.454 0.197 0.000 0.750 0.875 0.000 0.769]
  eval: e=0.0218  p=[0.499 0.453 0.197 0.000 0.750 0.874 0.000 0.769]
   518          780        0.0218408         contract inside
  eval: e=0.0218  p=[0.499 0.453 0.197 0.000 0.750 0.874 0.000 0.769]
  eval: e=0.0218  p=[0.499 0.453 0.197 0.000 0.750 0.874 0.000 0.769]
   519          782        0.0218408         contract inside
  eval: e=0.0218  p=[0.499 0.453 0.197 0.000 0.750 0.874 0.000 0.769]
  eval: e=0.0218  p=[0.499 0.453 0.197 0.000 0.749 0.874 0.000 0.769]
   520          784        0.0218407         expand
  eval: e=0.0218  p=[0.500 0.453 0.197 0.000 0.749 0.874 0.000 0.769]
  eval: e=0.0218  p=[0.499 0.453 0.197 0.000 0.750 0.874 0.000 0.769]
   521          786        0.0218407         contract inside
  eval: e=0.0218  p=[0.499 0.453 0.197 0.000 0.750 0.874 0.000 0.769]
   522          787        0.0218407         reflect
  eval: e=0.0218  p=[0.498 0.454 0.197 0.000 0.751 0.875 0.000 0.769]
  eval: e=0.0218  p=[0.499 0.453 0.197 0.000 0.750 0.874 0.000 0.769]
   523          789        0.0218407         contract inside
  eval: e=0.0218  p=[0.499 0.453 0.197 0.000 0.750 0.874 0.000 0.769]
   524          790        0.0218407         reflect
  eval: e=0.0218  p=[0.500 0.453 0.197 0.000 0.750 0.874 0.000 0.769]
  eval: e=0.0218  p=[0.499 0.453 0.197 0.000 0.750 0.874 0.000 0.769]
   525          792        0.0218407         contract inside
  eval: e=0.0218  p=[0.499 0.453 0.197 0.000 0.750 0.874 0.000 0.769]
  eval: e=0.0218  p=[0.499 0.453 0.197 0.000 0.750 0.874 0.000 0.769]
   526          794        0.0218405         expand
  eval: e=0.0218  p=[0.499 0.453 0.197 0.000 0.750 0.874 0.000 0.769]
   527          795        0.0218405         reflect
  eval: e=0.0218  p=[0.499 0.453 0.197 0.000 0.750 0.874 0.000 0.769]
   528          796        0.0218405         reflect
  eval: e=0.0218  p=[0.500 0.453 0.197 0.000 0.750 0.874 0.000 0.769]
  eval: e=0.0218  p=[0.500 0.453 0.197 0.000 0.749 0.874 0.000 0.769]
   529          798        0.0218404         reflect
  eval: e=0.0218  p=[0.499 0.453 0.197 0.000 0.750 0.874 0.000 0.769]
  eval: e=0.0218  p=[0.499 0.453 0.197 0.000 0.749 0.874 0.000 0.769]
   530          800        0.0218401         expand
  eval: e=0.0218  p=[0.499 0.453 0.198 0.000 0.749 0.874 0.000 0.769]
   531          801        0.0218401         reflect
  eval: e=0.0218  p=[0.499 0.453 0.197 0.000 0.750 0.874 0.000 0.769]
   532          802        0.0218401         reflect
  eval: e=0.0218  p=[0.499 0.453 0.197 0.000 0.750 0.874 0.000 0.769]
  eval: e=0.0218  p=[0.499 0.453 0.197 0.000 0.750 0.874 0.000 0.769]
   533          804        0.0218401         contract inside
  eval: e=0.0218  p=[0.500 0.453 0.197 0.000 0.749 0.874 0.000 0.769]
   534          805        0.0218401         reflect
  eval: e=0.0218  p=[0.500 0.453 0.197 0.000 0.750 0.874 0.000 0.769]
   535          806        0.0218401         reflect
  eval: e=0.0218  p=[0.500 0.453 0.197 0.000 0.749 0.874 0.000 0.769]
   536          807        0.0218401         reflect
  eval: e=0.0218  p=[0.500 0.453 0.197 0.000 0.749 0.874 0.000 0.769]
   537          808        0.0218401         reflect
  eval: e=0.0218  p=[0.500 0.453 0.197 0.000 0.749 0.874 0.000 0.769]
  eval: e=0.0218  p=[0.500 0.453 0.197 0.000 0.749 0.874 0.000 0.769]
   538          810        0.0218398         expand
  eval: e=0.0218  p=[0.500 0.453 0.197 0.000 0.749 0.874 0.000 0.769]
   539          811        0.0218398         reflect
  eval: e=0.0218  p=[0.500 0.453 0.197 0.000 0.749 0.874 0.000 0.769]
  eval: e=0.0218  p=[0.500 0.453 0.198 0.000 0.749 0.874 0.000 0.769]
   540          813        0.0218396         expand
  eval: e=0.0218  p=[0.500 0.453 0.197 0.000 0.750 0.874 0.000 0.769]
   541          814        0.0218396         reflect
  eval: e=0.0218  p=[0.500 0.453 0.198 0.000 0.748 0.874 0.000 0.769]
   542          815        0.0218396         reflect
  eval: e=0.0218  p=[0.499 0.453 0.197 0.000 0.749 0.874 0.000 0.769]
  eval: e=0.0218  p=[0.499 0.453 0.198 0.000 0.749 0.874 0.000 0.769]
   543          817        0.0218392         expand
  eval: e=0.0218  p=[0.500 0.453 0.197 0.000 0.749 0.874 0.000 0.769]
   544          818        0.0218392         reflect
  eval: e=0.0218  p=[0.499 0.453 0.198 0.000 0.749 0.874 0.000 0.769]
  eval: e=0.0218  p=[0.499 0.453 0.198 0.000 0.749 0.874 0.000 0.769]
   545          820        0.0218386         expand
  eval: e=0.0218  p=[0.499 0.453 0.197 0.000 0.750 0.874 0.000 0.769]
   546          821        0.0218386         reflect
  eval: e=0.0218  p=[0.500 0.453 0.197 0.000 0.749 0.874 0.000 0.769]
   547          822        0.0218386         reflect
  eval: e=0.0218  p=[0.500 0.453 0.197 0.000 0.749 0.874 0.000 0.769]
  eval: e=0.0218  p=[0.500 0.453 0.197 0.000 0.749 0.874 0.000 0.769]
   548          824        0.0218376         expand
  eval: e=0.0218  p=[0.499 0.453 0.198 0.000 0.749 0.874 0.000 0.769]
   549          825        0.0218376         reflect
  eval: e=0.0218  p=[0.500 0.453 0.198 0.000 0.748 0.874 0.000 0.769]
   550          826        0.0218376         reflect
  eval: e=0.0218  p=[0.499 0.453 0.197 0.000 0.749 0.874 0.000 0.769]
   551          827        0.0218376         reflect
  eval: e=0.0218  p=[0.499 0.453 0.197 0.000 0.750 0.874 0.000 0.769]
  eval: e=0.0218  p=[0.498 0.453 0.197 0.000 0.750 0.875 0.000 0.769]
   552          829        0.0218369         expand
  eval: e=0.0218  p=[0.499 0.453 0.198 0.000 0.748 0.874 0.000 0.769]
   553          830        0.0218369         reflect
  eval: e=0.0218  p=[0.500 0.453 0.198 0.000 0.749 0.874 0.000 0.769]
  eval: e=0.0218  p=[0.500 0.453 0.198 0.000 0.749 0.874 0.000 0.769]
   554          832        0.0218349         expand
  eval: e=0.0218  p=[0.498 0.453 0.198 0.000 0.749 0.875 0.000 0.769]
   555          833        0.0218349         reflect
  eval: e=0.0218  p=[0.499 0.453 0.198 0.000 0.749 0.874 0.000 0.769]
   556          834        0.0218349         reflect
  eval: e=0.0218  p=[0.499 0.453 0.198 0.000 0.749 0.874 0.000 0.769]
   557          835        0.0218349         reflect
  eval: e=0.0218  p=[0.499 0.453 0.197 0.000 0.750 0.875 0.000 0.769]
  eval: e=0.0218  p=[0.498 0.454 0.197 0.000 0.750 0.875 0.000 0.769]
   558          837        0.0218338         expand
  eval: e=0.0218  p=[0.498 0.453 0.198 0.000 0.749 0.875 0.000 0.769]
  eval: e=0.0218  p=[0.498 0.453 0.198 0.000 0.749 0.875 0.000 0.769]
   559          839        0.0218337         reflect
  eval: e=0.0218  p=[0.498 0.453 0.198 0.000 0.749 0.875 0.000 0.769]
  eval: e=0.0218  p=[0.496 0.453 0.198 0.000 0.749 0.875 0.000 0.770]
   560          841         0.021832         expand
  eval: e=0.0218  p=[0.498 0.454 0.197 0.000 0.750 0.875 0.000 0.770]
   561          842         0.021832         reflect
  eval: e=0.0219  p=[0.499 0.453 0.198 0.000 0.749 0.875 0.000 0.769]
  eval: e=0.0218  p=[0.498 0.453 0.198 0.000 0.750 0.875 0.000 0.769]
   562          844         0.021832         contract inside
  eval: e=0.0218  p=[0.498 0.453 0.197 0.000 0.750 0.875 0.000 0.769]
  eval: e=0.0218  p=[0.498 0.453 0.198 0.000 0.749 0.875 0.000 0.769]
   563          846         0.021832         contract inside
  eval: e=0.0218  p=[0.498 0.453 0.198 0.000 0.749 0.875 0.000 0.769]
   564          847         0.021832         reflect
  eval: e=0.0218  p=[0.497 0.453 0.198 0.000 0.750 0.875 0.000 0.770]
  eval: e=0.0218  p=[0.496 0.454 0.198 0.000 0.750 0.875 0.000 0.770]
   565          849        0.0218316         reflect
  eval: e=0.0218  p=[0.497 0.454 0.198 0.000 0.750 0.875 0.000 0.770]
   566          850        0.0218316         reflect
  eval: e=0.0219  p=[0.497 0.453 0.198 0.000 0.750 0.875 0.000 0.770]
  eval: e=0.0218  p=[0.498 0.453 0.198 0.000 0.750 0.875 0.000 0.769]
   567          852        0.0218316         contract inside
  eval: e=0.0218  p=[0.496 0.454 0.198 0.000 0.751 0.876 0.000 0.770]
   568          853        0.0218316         reflect
  eval: e=0.0218  p=[0.497 0.453 0.198 0.000 0.749 0.875 0.000 0.770]
  eval: e=0.0218  p=[0.496 0.453 0.198 0.000 0.749 0.875 0.000 0.770]
   569          855         0.021831         expand
  eval: e=0.0218  p=[0.496 0.454 0.198 0.000 0.750 0.875 0.000 0.770]
  eval: e=0.0218  p=[0.498 0.453 0.198 0.000 0.750 0.875 0.000 0.769]
   570          857         0.021831         contract inside
  eval: e=0.0218  p=[0.496 0.454 0.198 0.000 0.750 0.876 0.000 0.770]
  eval: e=0.0218  p=[0.494 0.454 0.198 0.000 0.751 0.876 0.000 0.770]
   571          859         0.021831         reflect
  eval: e=0.0218  p=[0.496 0.453 0.198 0.000 0.749 0.875 0.000 0.770]
   572          860         0.021831         reflect
  eval: e=0.0218  p=[0.496 0.454 0.198 0.000 0.750 0.876 0.000 0.770]
  eval: e=0.0218  p=[0.497 0.453 0.198 0.000 0.750 0.875 0.000 0.770]
   573          862         0.021831         contract inside
  eval: e=0.0218  p=[0.494 0.454 0.198 0.000 0.750 0.876 0.000 0.770]
   574          863         0.021831         reflect
  eval: e=0.0218  p=[0.497 0.453 0.198 0.000 0.749 0.875 0.000 0.770]
   575          864         0.021831         reflect
  eval: e=0.0218  p=[0.499 0.453 0.198 0.000 0.749 0.874 0.000 0.769]
  eval: e=0.0218  p=[0.495 0.454 0.198 0.000 0.750 0.876 0.000 0.770]
   576          866         0.021831         contract inside
  eval: e=0.0218  p=[0.496 0.453 0.198 0.000 0.750 0.875 0.000 0.770]
  eval: e=0.0218  p=[0.496 0.453 0.198 0.000 0.750 0.875 0.000 0.770]
   577          868         0.021831         contract inside
  eval: e=0.0218  p=[0.496 0.453 0.198 0.000 0.749 0.875 0.000 0.770]
   578          869         0.021831         reflect
  eval: e=0.0218  p=[0.495 0.453 0.198 0.000 0.749 0.876 0.000 0.770]
  eval: e=0.0218  p=[0.495 0.453 0.198 0.000 0.749 0.876 0.000 0.770]
   579          871        0.0218307         reflect
  eval: e=0.0218  p=[0.495 0.454 0.198 0.000 0.750 0.876 0.000 0.770]
  eval: e=0.0218  p=[0.496 0.453 0.198 0.000 0.749 0.875 0.000 0.770]
   580          873        0.0218307         contract inside
  eval: e=0.0218  p=[0.495 0.453 0.198 0.000 0.749 0.876 0.000 0.770]
  eval: e=0.0218  p=[0.497 0.453 0.198 0.000 0.750 0.875 0.000 0.770]
   581          875        0.0218307         contract inside
  eval: e=0.0218  p=[0.495 0.453 0.198 0.000 0.749 0.876 0.000 0.770]
  eval: e=0.0218  p=[0.496 0.453 0.198 0.000 0.749 0.875 0.000 0.770]
   582          877        0.0218307         contract inside
  eval: e=0.0218  p=[0.497 0.453 0.198 0.000 0.749 0.875 0.000 0.770]
  eval: e=0.0218  p=[0.497 0.453 0.198 0.000 0.748 0.875 0.000 0.769]
   583          879        0.0218306         reflect
  eval: e=0.0218  p=[0.496 0.453 0.198 0.000 0.749 0.875 0.000 0.770]
  eval: e=0.0218  p=[0.496 0.453 0.198 0.000 0.749 0.875 0.000 0.770]
   584          881        0.0218297         expand
  eval: e=0.0218  p=[0.496 0.453 0.198 0.000 0.749 0.875 0.000 0.770]
   585          882        0.0218297         reflect
  eval: e=0.0218  p=[0.497 0.453 0.198 0.000 0.750 0.875 0.000 0.770]
  eval: e=0.0218  p=[0.496 0.453 0.198 0.000 0.749 0.875 0.000 0.770]
   586          884        0.0218297         contract inside
  eval: e=0.0218  p=[0.496 0.453 0.198 0.000 0.749 0.875 0.000 0.770]
  eval: e=0.0218  p=[0.496 0.453 0.198 0.000 0.749 0.875 0.000 0.770]
   587          886        0.0218297         contract inside
  eval: e=0.0218  p=[0.496 0.453 0.198 0.000 0.749 0.876 0.000 0.770]
   588          887        0.0218297         reflect
  eval: e=0.0218  p=[0.496 0.453 0.198 0.000 0.750 0.875 0.000 0.770]
   589          888        0.0218297         reflect
  eval: e=0.0218  p=[0.496 0.453 0.198 0.000 0.748 0.875 0.000 0.770]
  eval: e=0.0218  p=[0.496 0.453 0.198 0.000 0.750 0.875 0.000 0.770]
   590          890        0.0218297         contract inside
  eval: e=0.0218  p=[0.497 0.453 0.198 0.000 0.749 0.875 0.000 0.770]
   591          891        0.0218297         reflect
  eval: e=0.0218  p=[0.496 0.453 0.198 0.000 0.749 0.875 0.000 0.770]
  eval: e=0.0218  p=[0.496 0.453 0.198 0.000 0.749 0.875 0.000 0.770]
   592          893        0.0218296         reflect
  eval: e=0.0218  p=[0.495 0.454 0.198 0.000 0.750 0.876 0.000 0.770]
   593          894        0.0218296         reflect
  eval: e=0.0218  p=[0.496 0.453 0.198 0.000 0.750 0.875 0.000 0.770]
  eval: e=0.0218  p=[0.496 0.453 0.198 0.000 0.750 0.875 0.000 0.770]
   594          896        0.0218292         reflect
  eval: e=0.0218  p=[0.496 0.453 0.198 0.000 0.750 0.875 0.000 0.770]
   595          897        0.0218292         reflect
  eval: e=0.0218  p=[0.496 0.453 0.198 0.000 0.749 0.875 0.000 0.770]
  eval: e=0.0218  p=[0.496 0.453 0.198 0.000 0.749 0.875 0.000 0.770]
   596          899        0.0218284         expand
  eval: e=0.0218  p=[0.497 0.454 0.198 0.000 0.750 0.875 0.000 0.770]
   597          900        0.0218284         reflect
  eval: e=0.0218  p=[0.495 0.454 0.198 0.000 0.750 0.876 0.000 0.770]
   598          901        0.0218284         reflect
  eval: e=0.0218  p=[0.496 0.453 0.198 0.000 0.750 0.875 0.000 0.770]
   599          902        0.0218284         reflect
  eval: e=0.0218  p=[0.495 0.454 0.198 0.000 0.750 0.876 0.000 0.770]
  eval: e=0.0218  p=[0.495 0.454 0.198 0.000 0.750 0.876 0.000 0.770]
   600          904        0.0218278         expand
  eval: e=0.0218  p=[0.496 0.453 0.198 0.000 0.749 0.875 0.000 0.770]
  eval: e=0.0218  p=[0.497 0.453 0.198 0.000 0.749 0.875 0.000 0.770]
   601          906        0.0218269         expand
  eval: e=0.0218  p=[0.496 0.454 0.198 0.000 0.750 0.875 0.000 0.770]
   602          907        0.0218269         reflect
  eval: e=0.0218  p=[0.496 0.453 0.198 0.000 0.750 0.875 0.000 0.770]
  eval: e=0.0218  p=[0.496 0.453 0.198 0.000 0.749 0.875 0.000 0.770]
   603          909        0.0218259         expand
  eval: e=0.0218  p=[0.495 0.453 0.198 0.000 0.749 0.876 0.000 0.770]
   604          910        0.0218259         reflect
  eval: e=0.0218  p=[0.496 0.453 0.198 0.000 0.749 0.876 0.000 0.770]
   605          911        0.0218259         reflect
  eval: e=0.0218  p=[0.496 0.453 0.198 0.000 0.749 0.875 0.000 0.770]
  eval: e=0.0218  p=[0.497 0.453 0.198 0.000 0.749 0.875 0.000 0.769]
   606          913        0.0218256         reflect
  eval: e=0.0218  p=[0.496 0.453 0.198 0.000 0.749 0.876 0.000 0.770]
  eval: e=0.0218  p=[0.496 0.453 0.198 0.000 0.749 0.876 0.000 0.770]
   607          915        0.0218233         expand
  eval: e=0.0218  p=[0.495 0.453 0.198 0.000 0.750 0.876 0.000 0.770]
   608          916        0.0218233         reflect
  eval: e=0.0218  p=[0.497 0.453 0.198 0.000 0.749 0.875 0.000 0.770]
   609          917        0.0218233         reflect
  eval: e=0.0218  p=[0.496 0.453 0.198 0.000 0.748 0.875 0.000 0.770]
  eval: e=0.0218  p=[0.496 0.453 0.198 0.000 0.749 0.875 0.000 0.770]
   610          919        0.0218233         contract outside
  eval: e=0.0218  p=[0.497 0.453 0.198 0.000 0.749 0.875 0.000 0.770]
   611          920        0.0218233         reflect
  eval: e=0.0218  p=[0.495 0.453 0.198 0.000 0.749 0.876 0.000 0.770]
  eval: e=0.0218  p=[0.495 0.453 0.198 0.000 0.749 0.876 0.000 0.770]
   612          922        0.0218205         expand
  eval: e=0.0218  p=[0.496 0.453 0.198 0.000 0.749 0.875 0.000 0.770]
  eval: e=0.0218  p=[0.496 0.453 0.198 0.000 0.749 0.876 0.000 0.770]
   613          924        0.0218205         contract inside
  eval: e=0.0218  p=[0.496 0.453 0.198 0.000 0.749 0.876 0.000 0.770]
   614          925        0.0218205         reflect
  eval: e=0.0218  p=[0.495 0.453 0.198 0.000 0.749 0.876 0.000 0.770]
   615          926        0.0218205         reflect
  eval: e=0.0218  p=[0.496 0.453 0.198 0.000 0.748 0.875 0.000 0.770]
   616          927        0.0218205         reflect
  eval: e=0.0218  p=[0.496 0.453 0.198 0.000 0.749 0.876 0.000 0.770]
  eval: e=0.0218  p=[0.496 0.453 0.198 0.000 0.749 0.876 0.000 0.770]
   617          929        0.0218189         expand
  eval: e=0.0218  p=[0.496 0.453 0.198 0.000 0.749 0.876 0.000 0.770]
  eval: e=0.0218  p=[0.496 0.453 0.198 0.000 0.748 0.876 0.000 0.770]
   618          931        0.0218159         expand
  eval: e=0.0218  p=[0.495 0.453 0.198 0.000 0.749 0.876 0.000 0.770]
   619          932        0.0218159         reflect
  eval: e=0.0218  p=[0.494 0.453 0.199 0.000 0.748 0.876 0.000 0.770]
   620          933        0.0218159         reflect
  eval: e=0.0218  p=[0.495 0.453 0.199 0.000 0.749 0.876 0.000 0.770]
  eval: e=0.0218  p=[0.495 0.453 0.199 0.000 0.749 0.876 0.000 0.770]
   621          935        0.0218119         expand
  eval: e=0.0218  p=[0.495 0.453 0.198 0.000 0.750 0.876 0.000 0.770]
   622          936        0.0218119         reflect
  eval: e=0.0218  p=[0.495 0.453 0.199 0.000 0.749 0.876 0.000 0.770]
  eval: e=0.0218  p=[0.494 0.453 0.199 0.000 0.749 0.876 0.000 0.770]
   623          938         0.021807         expand
  eval: e=0.0218  p=[0.495 0.453 0.199 0.000 0.749 0.876 0.000 0.770]
   624          939         0.021807         reflect
  eval: e=0.0218  p=[0.495 0.453 0.199 0.000 0.749 0.876 0.000 0.770]
  eval: e=0.0218  p=[0.495 0.453 0.199 0.000 0.749 0.876 0.000 0.770]
   625          941        0.0218007         expand
  eval: e=0.0218  p=[0.494 0.453 0.199 0.000 0.748 0.877 0.000 0.770]
   626          942        0.0218007         reflect
  eval: e=0.0218  p=[0.495 0.453 0.199 0.000 0.748 0.876 0.000 0.770]
   627          943        0.0218007         reflect
  eval: e=0.0218  p=[0.495 0.453 0.199 0.000 0.749 0.876 0.000 0.770]
  eval: e=0.0218  p=[0.496 0.453 0.199 0.000 0.749 0.876 0.000 0.770]
   628          945        0.0217919         expand
  eval: e=0.0218  p=[0.493 0.453 0.199 0.000 0.749 0.877 0.000 0.770]
   629          946        0.0217919         reflect
  eval: e=0.0218  p=[0.495 0.452 0.199 0.000 0.748 0.877 0.000 0.770]
   630          947        0.0217919         reflect
  eval: e=0.0218  p=[0.494 0.453 0.199 0.000 0.749 0.877 0.000 0.770]
  eval: e=0.0218  p=[0.493 0.453 0.199 0.000 0.749 0.878 0.000 0.770]
   631          949        0.0217789         expand
  eval: e=0.0218  p=[0.494 0.453 0.199 0.000 0.749 0.877 0.000 0.770]
   632          950        0.0217789         reflect
  eval: e=0.0218  p=[0.495 0.452 0.199 0.000 0.748 0.877 0.000 0.770]
   633          951        0.0217789         reflect
  eval: e=0.0218  p=[0.495 0.452 0.199 0.000 0.749 0.877 0.000 0.770]
  eval: e=0.0218  p=[0.495 0.452 0.199 0.000 0.750 0.877 0.000 0.770]
   634          953        0.0217622         expand
  eval: e=0.0218  p=[0.494 0.452 0.199 0.000 0.749 0.877 0.000 0.770]
   635          954        0.0217622         reflect
  eval: e=0.0218  p=[0.493 0.452 0.200 0.000 0.749 0.878 0.000 0.770]
  eval: e=0.0217  p=[0.492 0.452 0.200 0.000 0.750 0.878 0.000 0.770]
   636          956        0.0217424         expand
  eval: e=0.0218  p=[0.495 0.452 0.200 0.000 0.749 0.877 0.000 0.770]
   637          957        0.0217424         reflect
  eval: e=0.0217  p=[0.494 0.452 0.200 0.000 0.750 0.878 0.000 0.770]
   638          958        0.0217424         reflect
  eval: e=0.0217  p=[0.492 0.452 0.200 0.000 0.749 0.879 0.000 0.770]
  eval: e=0.0217  p=[0.491 0.451 0.201 0.000 0.749 0.880 0.000 0.770]
   639          960        0.0217154         expand
  eval: e=0.0217  p=[0.493 0.452 0.200 0.000 0.750 0.879 0.000 0.770]
   640          961        0.0217154         reflect
  eval: e=0.0217  p=[0.492 0.452 0.200 0.000 0.751 0.879 0.000 0.770]
   641          962        0.0217154         reflect
  eval: e=0.0217  p=[0.494 0.451 0.200 0.000 0.750 0.879 0.000 0.770]
  eval: e=0.0217  p=[0.494 0.451 0.201 0.000 0.751 0.880 0.000 0.769]
   642          964        0.0216696         expand
  eval: e=0.0217  p=[0.492 0.451 0.201 0.000 0.750 0.880 0.000 0.770]
   643          965        0.0216696         reflect
  eval: e=0.0217  p=[0.491 0.451 0.201 0.000 0.750 0.881 0.000 0.770]
   644          966        0.0216696         reflect
  eval: e=0.0217  p=[0.490 0.451 0.201 0.000 0.751 0.881 0.000 0.771]
   645          967        0.0216696         reflect
  eval: e=0.0217  p=[0.490 0.450 0.202 0.000 0.750 0.881 0.000 0.770]
  eval: e=0.0216  p=[0.488 0.450 0.203 0.000 0.750 0.883 0.000 0.770]
   646          969        0.0216087         expand
  eval: e=0.0216  p=[0.490 0.450 0.202 0.000 0.751 0.882 0.000 0.770]
   647          970        0.0216087         reflect
  eval: e=0.0216  p=[0.489 0.450 0.203 0.000 0.751 0.883 0.000 0.770]
   648          971        0.0216087         reflect
  eval: e=0.0216  p=[0.489 0.449 0.203 0.000 0.750 0.883 0.000 0.770]
  eval: e=0.0215  p=[0.488 0.448 0.205 0.000 0.750 0.885 0.000 0.770]
   649          973        0.0215407         expand
  eval: e=0.0216  p=[0.490 0.449 0.203 0.000 0.752 0.884 0.000 0.770]
   650          974        0.0215407         reflect
  eval: e=0.0216  p=[0.488 0.449 0.204 0.000 0.751 0.885 0.000 0.770]
   651          975        0.0215407         reflect
  eval: e=0.0215  p=[0.488 0.448 0.204 0.000 0.752 0.885 0.000 0.770]
  eval: e=0.0215  p=[0.487 0.447 0.206 0.000 0.752 0.887 0.001 0.770]
   652          977        0.0214583         expand
  eval: e=0.0215  p=[0.489 0.447 0.205 0.000 0.751 0.886 0.000 0.770]
   653          978        0.0214583         reflect
  eval: e=0.0215  p=[0.483 0.447 0.207 0.000 0.751 0.889 0.001 0.771]
  eval: e=0.0214  p=[0.478 0.445 0.210 0.001 0.751 0.893 0.001 0.771]
   654          980        0.0213684         expand
  eval: e=0.0214  p=[0.484 0.446 0.208 0.001 0.751 0.889 0.001 0.770]
   655          981        0.0213684         reflect
  eval: e=0.0214  p=[0.484 0.445 0.208 0.001 0.751 0.890 0.001 0.770]
   656          982        0.0213684         reflect
  eval: e=0.0213  p=[0.483 0.445 0.209 0.001 0.753 0.891 0.001 0.770]
  eval: e=0.0212  p=[0.481 0.442 0.212 0.001 0.754 0.896 0.001 0.770]
   657          984        0.0211873         expand
  eval: e=0.0213  p=[0.479 0.443 0.211 0.001 0.751 0.894 0.001 0.771]
   658          985        0.0211873         reflect
  eval: e=0.0212  p=[0.479 0.442 0.212 0.001 0.752 0.895 0.001 0.770]
   659          986        0.0211873         reflect
  eval: e=0.0212  p=[0.477 0.441 0.213 0.001 0.753 0.897 0.001 0.770]
  eval: e=0.0210  p=[0.472 0.438 0.218 0.001 0.755 0.904 0.001 0.770]
   660          988        0.0209592         expand
  eval: e=0.0211  p=[0.472 0.440 0.216 0.001 0.754 0.901 0.001 0.771]
   661          989        0.0209592         reflect
  eval: e=0.0210  p=[0.470 0.438 0.218 0.001 0.752 0.904 0.001 0.771]
   662          990        0.0209592         reflect
  eval: e=0.0210  p=[0.470 0.438 0.219 0.001 0.753 0.905 0.001 0.771]
   663          991        0.0209592         reflect
  eval: e=0.0209  p=[0.467 0.436 0.221 0.001 0.754 0.908 0.001 0.771]
  eval: e=0.0207  p=[0.458 0.432 0.227 0.001 0.756 0.917 0.002 0.772]
   664          993        0.0207272         expand
  eval: e=0.0207  p=[0.468 0.434 0.223 0.001 0.755 0.911 0.002 0.770]
  eval: e=0.0204  p=[0.463 0.428 0.229 0.002 0.758 0.920 0.002 0.770]
   665          995        0.0203834         expand
  eval: e=0.0206  p=[0.462 0.431 0.226 0.002 0.757 0.916 0.002 0.771]
   666          996        0.0203834         reflect
  eval: e=0.0205  p=[0.458 0.429 0.229 0.002 0.758 0.920 0.002 0.771]
   667          997        0.0203834         reflect
  eval: e=0.0205  p=[0.451 0.426 0.234 0.002 0.757 0.926 0.002 0.772]
   668          998        0.0203834         reflect
  eval: e=0.0203  p=[0.454 0.425 0.234 0.002 0.758 0.927 0.002 0.771]
  eval: e=0.0200  p=[0.445 0.418 0.243 0.002 0.760 0.939 0.003 0.771]
   669         1000        0.0200015         expand
  eval: e=0.0201  p=[0.450 0.421 0.238 0.002 0.761 0.933 0.003 0.771]
   670         1001        0.0200015         reflect
  eval: e=0.0200  p=[0.444 0.418 0.242 0.002 0.762 0.939 0.003 0.771]
   671         1002        0.0200015         reflect
  eval: e=0.0200  p=[0.435 0.413 0.249 0.003 0.763 0.949 0.003 0.771]
  eval: e=0.0206  p=[0.417 0.401 0.265 0.004 0.766 0.972 0.004 0.772]
   672         1004        0.0199905         reflect
  eval: e=0.0198  p=[0.444 0.414 0.246 0.003 0.763 0.944 0.003 0.770]
  eval: e=0.0197  p=[0.437 0.406 0.256 0.003 0.767 0.957 0.004 0.769]
   673         1006        0.0196923         expand
  eval: e=0.0199  p=[0.434 0.409 0.254 0.003 0.764 0.955 0.004 0.770]
   674         1007        0.0196923         reflect
  eval: e=0.0199  p=[0.432 0.405 0.257 0.003 0.765 0.959 0.004 0.770]
   675         1008        0.0196923         reflect
  eval: e=0.0197  p=[0.434 0.403 0.259 0.003 0.768 0.962 0.004 0.769]
  eval: e=0.0205  p=[0.426 0.392 0.271 0.004 0.774 0.979 0.005 0.767]
   676         1010        0.0196665         reflect
  eval: e=0.0211  p=[0.415 0.396 0.270 0.004 0.770 0.979 0.005 0.771]
  eval: e=0.0200  p=[0.451 0.420 0.240 0.002 0.761 0.934 0.003 0.770]
   677         1012        0.0196665         contract inside
  eval: e=0.0201  p=[0.428 0.402 0.262 0.004 0.766 0.965 0.004 0.769]
  eval: e=0.0198  p=[0.434 0.407 0.256 0.003 0.765 0.957 0.004 0.770]
   678         1014        0.0196665         contract outside
  eval: e=0.0199  p=[0.431 0.402 0.261 0.004 0.766 0.964 0.004 0.769]
   679         1015        0.0196665         reflect
  eval: e=0.0202  p=[0.427 0.398 0.265 0.004 0.769 0.970 0.005 0.769]
  eval: e=0.0198  p=[0.440 0.413 0.248 0.003 0.763 0.947 0.003 0.770]
   680         1017        0.0196665         contract inside
  eval: e=0.0211  p=[0.418 0.395 0.270 0.004 0.769 0.978 0.005 0.770]
  eval: e=0.0198  p=[0.443 0.413 0.247 0.003 0.763 0.945 0.003 0.770]
   681         1019        0.0196665         contract inside
  eval: e=0.0198  p=[0.436 0.401 0.260 0.004 0.768 0.963 0.005 0.768]
   682         1020        0.0196665         reflect
  eval: e=0.0196  p=[0.440 0.408 0.253 0.003 0.766 0.953 0.004 0.769]
  eval: e=0.0195  p=[0.444 0.409 0.251 0.003 0.767 0.951 0.004 0.768]
   683         1022        0.0194741         expand
  eval: e=0.0197  p=[0.445 0.414 0.247 0.003 0.765 0.945 0.004 0.769]
   684         1023        0.0194741         reflect
  eval: e=0.0195  p=[0.445 0.408 0.252 0.003 0.767 0.952 0.004 0.768]
  eval: e=0.0193  p=[0.450 0.407 0.252 0.003 0.768 0.951 0.004 0.766]
   685         1025        0.0192915         expand
  eval: e=0.0194  p=[0.449 0.410 0.249 0.003 0.767 0.948 0.004 0.768]
   686         1026        0.0192915         reflect
  eval: e=0.0193  p=[0.444 0.403 0.257 0.004 0.771 0.958 0.005 0.767]
   687         1027        0.0192915         reflect
  eval: e=0.0194  p=[0.442 0.400 0.260 0.004 0.772 0.963 0.005 0.766]
   688         1028        0.0192915         reflect
  eval: e=0.0194  p=[0.451 0.411 0.247 0.003 0.769 0.946 0.004 0.768]
   689         1029        0.0192915         reflect
  eval: e=0.0193  p=[0.443 0.399 0.261 0.004 0.772 0.964 0.005 0.766]
  eval: e=0.0196  p=[0.443 0.391 0.268 0.004 0.776 0.973 0.006 0.764]
   690         1031         0.019291         reflect
  eval: e=0.0191  p=[0.452 0.405 0.253 0.003 0.771 0.953 0.004 0.766]
  eval: e=0.0189  p=[0.460 0.404 0.251 0.003 0.773 0.951 0.004 0.764]
   691         1033        0.0189144         expand
  eval: e=0.0191  p=[0.462 0.407 0.248 0.003 0.772 0.946 0.004 0.764]
   692         1034        0.0189144         reflect
  eval: e=0.0190  p=[0.456 0.401 0.255 0.004 0.775 0.956 0.005 0.764]
   693         1035        0.0189144         reflect
  eval: e=0.0190  p=[0.453 0.398 0.259 0.004 0.776 0.961 0.005 0.763]
   694         1036        0.0189144         reflect
  eval: e=0.0192  p=[0.452 0.393 0.264 0.004 0.776 0.967 0.005 0.762]
   695         1037        0.0189144         reflect
  eval: e=0.0189  p=[0.463 0.404 0.251 0.003 0.773 0.950 0.004 0.763]
  eval: e=0.0190  p=[0.473 0.406 0.247 0.003 0.774 0.944 0.004 0.761]
   696         1039        0.0189112         reflect
  eval: e=0.0188  p=[0.466 0.400 0.254 0.004 0.776 0.953 0.005 0.762]
  eval: e=0.0187  p=[0.476 0.399 0.252 0.004 0.778 0.951 0.005 0.759]
   697         1041         0.018686         expand
  eval: e=0.0186  p=[0.466 0.395 0.259 0.004 0.780 0.961 0.005 0.760]
  eval: e=0.0185  p=[0.474 0.389 0.262 0.005 0.786 0.966 0.006 0.757]
   698         1043        0.0184534         expand
  eval: e=0.0188  p=[0.481 0.400 0.250 0.004 0.780 0.948 0.005 0.759]
   699         1044        0.0184534         reflect
  eval: e=0.0192  p=[0.479 0.407 0.244 0.003 0.777 0.941 0.004 0.761]
  eval: e=0.0189  p=[0.472 0.404 0.249 0.004 0.777 0.947 0.004 0.761]
   700         1046        0.0184534         contract outside
  eval: e=0.0185  p=[0.472 0.392 0.259 0.004 0.783 0.962 0.005 0.758]
   701         1047        0.0184534         reflect
  eval: e=0.0186  p=[0.482 0.397 0.253 0.004 0.782 0.953 0.005 0.757]
   702         1048        0.0184534         reflect
  eval: e=0.0189  p=[0.492 0.399 0.248 0.004 0.783 0.946 0.005 0.756]
  eval: e=0.0187  p=[0.482 0.399 0.251 0.004 0.781 0.950 0.005 0.758]
   703         1050        0.0184534         contract outside
  eval: e=0.0186  p=[0.491 0.391 0.256 0.004 0.787 0.956 0.006 0.754]
   704         1051        0.0184534         reflect
  eval: e=0.0186  p=[0.495 0.389 0.257 0.005 0.790 0.958 0.006 0.753]
   705         1052        0.0184534         reflect
  eval: e=0.0184  p=[0.491 0.385 0.261 0.005 0.790 0.963 0.006 0.752]
  eval: e=0.0184  p=[0.500 0.376 0.268 0.005 0.797 0.971 0.007 0.748]
   706         1054         0.018397         reflect
  eval: e=0.0183  p=[0.485 0.385 0.263 0.005 0.789 0.966 0.006 0.754]
  eval: e=0.0183  p=[0.487 0.377 0.269 0.005 0.794 0.975 0.007 0.751]
   707         1056        0.0183002         reflect
  eval: e=0.0184  p=[0.484 0.383 0.265 0.005 0.791 0.969 0.006 0.753]
   708         1057        0.0183002         reflect
  eval: e=0.0184  p=[0.492 0.379 0.267 0.005 0.797 0.972 0.007 0.750]
   709         1058        0.0183002         reflect
  eval: e=0.0186  p=[0.489 0.377 0.269 0.005 0.796 0.975 0.007 0.751]
   710         1059        0.0183002         reflect
  eval: e=0.0185  p=[0.480 0.378 0.270 0.005 0.794 0.977 0.007 0.753]
   711         1060        0.0183002         reflect
  eval: e=0.0190  p=[0.472 0.378 0.273 0.005 0.791 0.980 0.007 0.754]
  eval: e=0.0184  p=[0.489 0.386 0.261 0.005 0.791 0.963 0.006 0.753]
   712         1062        0.0183002         contract inside
  eval: e=0.0184  p=[0.478 0.393 0.258 0.004 0.784 0.960 0.005 0.757]
   713         1063        0.0183002         reflect
  eval: e=0.0186  p=[0.487 0.395 0.254 0.004 0.784 0.953 0.005 0.756]
  eval: e=0.0184  p=[0.481 0.382 0.266 0.005 0.791 0.971 0.006 0.754]
   714         1065        0.0183002         contract inside
  eval: e=0.0184  p=[0.496 0.378 0.266 0.005 0.797 0.971 0.007 0.749]
   715         1066        0.0183002         reflect
  eval: e=0.0184  p=[0.501 0.379 0.264 0.005 0.796 0.968 0.007 0.749]
   716         1067        0.0183002         reflect
  eval: e=0.0183  p=[0.488 0.380 0.267 0.005 0.793 0.972 0.007 0.752]
   717         1068        0.0183002         reflect
  eval: e=0.0183  p=[0.486 0.379 0.268 0.005 0.794 0.974 0.007 0.752]
  eval: e=0.0183  p=[0.483 0.377 0.271 0.005 0.796 0.979 0.007 0.752]
   718         1070         0.018292         reflect
  eval: e=0.0183  p=[0.493 0.381 0.265 0.005 0.794 0.970 0.007 0.751]
  eval: e=0.0183  p=[0.497 0.380 0.265 0.005 0.796 0.970 0.007 0.750]
   719         1072         0.018254         reflect
  eval: e=0.0186  p=[0.502 0.368 0.274 0.006 0.804 0.981 0.008 0.746]
  eval: e=0.0183  p=[0.484 0.387 0.262 0.005 0.789 0.965 0.006 0.754]
   720         1074         0.018254         contract inside
  eval: e=0.0182  p=[0.487 0.384 0.263 0.005 0.789 0.967 0.006 0.753]
  eval: e=0.0182  p=[0.484 0.387 0.262 0.005 0.786 0.965 0.006 0.755]
   721         1076        0.0181895         expand
  eval: e=0.0183  p=[0.474 0.385 0.265 0.005 0.788 0.970 0.006 0.756]
   722         1077        0.0181895         reflect
  eval: e=0.0183  p=[0.472 0.388 0.263 0.005 0.785 0.967 0.006 0.757]
   723         1078        0.0181895         reflect
  eval: e=0.0182  p=[0.485 0.386 0.262 0.005 0.788 0.966 0.006 0.754]
   724         1079        0.0181895         reflect
  eval: e=0.0183  p=[0.495 0.383 0.263 0.005 0.792 0.966 0.006 0.751]
   725         1080        0.0181895         reflect
  eval: e=0.0183  p=[0.483 0.389 0.260 0.005 0.786 0.963 0.006 0.755]
   726         1081        0.0181895         reflect
  eval: e=0.0181  p=[0.487 0.383 0.264 0.005 0.790 0.969 0.006 0.753]
  eval: e=0.0181  p=[0.488 0.381 0.266 0.005 0.791 0.971 0.006 0.752]
   727         1083        0.0180596         expand
  eval: e=0.0181  p=[0.486 0.384 0.264 0.005 0.790 0.969 0.006 0.753]
   728         1084        0.0180596         reflect
  eval: e=0.0182  p=[0.486 0.390 0.258 0.004 0.784 0.960 0.005 0.755]
   729         1085        0.0180596         reflect
  eval: e=0.0181  p=[0.474 0.389 0.262 0.005 0.784 0.967 0.006 0.757]
   730         1086        0.0180596         reflect
  eval: e=0.0182  p=[0.497 0.383 0.262 0.005 0.791 0.965 0.006 0.751]
   731         1087        0.0180596         reflect
  eval: e=0.0181  p=[0.478 0.391 0.259 0.004 0.780 0.962 0.005 0.757]
   732         1088        0.0180596         reflect
  eval: e=0.0180  p=[0.487 0.384 0.264 0.005 0.787 0.969 0.006 0.753]
  eval: e=0.0179  p=[0.489 0.381 0.266 0.005 0.787 0.971 0.006 0.752]
   733         1090        0.0178895         expand
  eval: e=0.0180  p=[0.484 0.380 0.268 0.005 0.791 0.974 0.006 0.753]
   734         1091        0.0178895         reflect
  eval: e=0.0182  p=[0.470 0.386 0.265 0.005 0.783 0.971 0.006 0.757]
   735         1092        0.0178895         reflect
  eval: e=0.0179  p=[0.478 0.384 0.266 0.005 0.784 0.971 0.006 0.755]
   736         1093        0.0178895         reflect
  eval: e=0.0179  p=[0.478 0.382 0.267 0.005 0.787 0.974 0.006 0.755]
  eval: e=0.0178  p=[0.475 0.380 0.270 0.005 0.787 0.979 0.006 0.755]
   737         1095        0.0177668         expand
  eval: e=0.0180  p=[0.493 0.381 0.265 0.005 0.791 0.970 0.006 0.751]
   738         1096        0.0177668         reflect
  eval: e=0.0180  p=[0.489 0.374 0.273 0.006 0.796 0.981 0.007 0.750]
   739         1097        0.0177668         reflect
  eval: e=0.0179  p=[0.497 0.372 0.272 0.006 0.795 0.980 0.007 0.748]
   740         1098        0.0177668         reflect
  eval: e=0.0178  p=[0.487 0.375 0.272 0.005 0.790 0.981 0.007 0.751]
   741         1099        0.0177668         reflect
  eval: e=0.0177  p=[0.485 0.375 0.272 0.005 0.790 0.981 0.007 0.752]
  eval: e=0.0176  p=[0.483 0.372 0.275 0.006 0.789 0.986 0.007 0.752]
   742         1101        0.0175877         expand
  eval: e=0.0176  p=[0.488 0.374 0.272 0.005 0.789 0.981 0.007 0.751]
  eval: e=0.0173  p=[0.490 0.372 0.274 0.006 0.789 0.985 0.007 0.750]
   743         1103          0.01732         expand
  eval: e=0.0175  p=[0.484 0.381 0.267 0.005 0.783 0.975 0.006 0.754]
   744         1104          0.01732         reflect
  eval: e=0.0178  p=[0.477 0.373 0.276 0.005 0.786 0.987 0.007 0.753]
   745         1105          0.01732         reflect
  eval: e=0.0175  p=[0.492 0.367 0.278 0.006 0.792 0.990 0.007 0.749]
   746         1106          0.01732         reflect
  eval: e=0.0176  p=[0.483 0.367 0.280 0.006 0.790 0.994 0.007 0.751]
   747         1107          0.01732         reflect
  eval: e=0.0174  p=[0.471 0.374 0.276 0.005 0.781 0.989 0.006 0.755]
   748         1108          0.01732         reflect
  eval: e=0.0172  p=[0.477 0.372 0.277 0.005 0.784 0.990 0.006 0.753]
  eval: e=0.0169  p=[0.473 0.370 0.280 0.005 0.781 0.995 0.006 0.754]
   749         1110         0.016926         expand
  eval: e=0.0171  p=[0.489 0.364 0.281 0.006 0.786 0.996 0.007 0.749]
   750         1111         0.016926         reflect
  eval: e=0.0169  p=[0.489 0.369 0.277 0.006 0.787 0.990 0.007 0.750]
  eval: e=0.0167  p=[0.495 0.367 0.278 0.006 0.788 0.992 0.007 0.749]
   751         1113        0.0167194         expand
  eval: e=0.0167  p=[0.486 0.368 0.279 0.006 0.783 0.993 0.006 0.751]
  eval: e=0.0163  p=[0.487 0.366 0.280 0.006 0.780 0.996 0.006 0.751]
   752         1115        0.0163281         expand
  eval: e=0.0168  p=[0.488 0.373 0.274 0.005 0.779 0.985 0.006 0.752]
   753         1116        0.0163281         reflect
  eval: e=0.5777  p=[0.487 0.358 0.288 0.006 0.786 1.000 0.007 0.749]
  eval: e=0.0172  p=[0.485 0.375 0.273 0.005 0.784 0.983 0.006 0.752]
   754         1118        0.0163281         contract inside
  eval: e=0.0165  p=[0.477 0.373 0.276 0.005 0.775 0.991 0.006 0.755]
   755         1119        0.0163281         reflect
  eval: e=0.0166  p=[0.499 0.366 0.278 0.006 0.783 0.992 0.006 0.748]
   756         1120        0.0163281         reflect
  eval: e=0.0161  p=[0.483 0.367 0.280 0.006 0.775 0.998 0.006 0.752]
  eval: e=0.1837  p=[0.479 0.365 0.284 0.006 0.768 1.000 0.005 0.753]
   757         1122         0.016063         reflect
  eval: e=0.1404  p=[0.488 0.362 0.284 0.006 0.778 1.000 0.006 0.750]
  eval: e=0.0168  p=[0.486 0.372 0.275 0.005 0.782 0.988 0.006 0.752]
   758         1124         0.016063         contract inside
  eval: e=0.0165  p=[0.483 0.374 0.274 0.005 0.775 0.989 0.005 0.754]
   759         1125         0.016063         reflect
  eval: e=0.0168  p=[0.502 0.369 0.274 0.005 0.779 0.988 0.006 0.749]
   760         1126         0.016063         reflect
  eval: e=0.0162  p=[0.493 0.367 0.278 0.006 0.776 0.995 0.006 0.751]
   761         1127         0.016063         reflect
  eval: e=0.0166  p=[0.474 0.369 0.280 0.006 0.779 0.997 0.006 0.754]
   762         1128         0.016063         reflect
  eval: e=0.0548  p=[0.485 0.364 0.282 0.006 0.778 1.000 0.006 0.752]
  eval: e=0.0166  p=[0.487 0.371 0.276 0.005 0.779 0.990 0.006 0.752]
   763         1130         0.016063         contract inside
  eval: e=0.0161  p=[0.476 0.372 0.278 0.005 0.768 0.994 0.005 0.755]
   764         1131         0.016063         reflect
  eval: e=0.0165  p=[0.497 0.370 0.275 0.005 0.774 0.989 0.005 0.750]
   765         1132         0.016063         reflect
  eval: e=0.0160  p=[0.487 0.368 0.279 0.005 0.772 0.996 0.006 0.752]
  eval: e=0.0158  p=[0.487 0.366 0.280 0.005 0.769 1.000 0.005 0.752]
   766         1134        0.0157624         expand
  eval: e=0.0160  p=[0.471 0.373 0.278 0.005 0.764 0.996 0.005 0.757]
   767         1135        0.0157624         reflect
  eval: e=0.0238  p=[0.485 0.364 0.283 0.006 0.770 1.000 0.006 0.752]
  eval: e=0.0163  p=[0.483 0.372 0.276 0.005 0.774 0.992 0.005 0.754]
   768         1137        0.0157624         contract inside
  eval: e=0.0298  p=[0.467 0.369 0.282 0.005 0.771 1.000 0.006 0.756]
  eval: e=0.0162  p=[0.490 0.370 0.277 0.005 0.773 0.992 0.006 0.752]
   769         1139        0.0157624         contract inside
  eval: e=0.0158  p=[0.491 0.365 0.281 0.006 0.770 1.000 0.005 0.751]
   770         1140        0.0157624         reflect
  eval: e=0.0162  p=[0.481 0.372 0.277 0.005 0.762 0.995 0.005 0.755]
   771         1141        0.0157624         reflect
  eval: e=0.0205  p=[0.484 0.366 0.281 0.005 0.766 1.000 0.005 0.753]
  eval: e=0.0161  p=[0.484 0.370 0.277 0.005 0.772 0.994 0.005 0.753]
   772         1143        0.0157624         contract inside
  eval: e=0.0222  p=[0.477 0.368 0.281 0.005 0.766 1.000 0.005 0.755]
  eval: e=0.0161  p=[0.486 0.369 0.278 0.005 0.771 0.994 0.005 0.753]
   773         1145        0.0157624         contract inside
  eval: e=0.0159  p=[0.472 0.371 0.279 0.005 0.762 0.998 0.005 0.757]
   774         1146        0.0157624         reflect
  eval: e=0.0162  p=[0.481 0.367 0.281 0.006 0.775 0.998 0.006 0.753]
  eval: e=0.0160  p=[0.481 0.368 0.280 0.005 0.772 0.998 0.006 0.753]
   775         1148        0.0157624         contract outside
  eval: e=0.0173  p=[0.478 0.368 0.281 0.005 0.766 1.000 0.005 0.754]
  eval: e=0.0160  p=[0.482 0.370 0.278 0.005 0.770 0.996 0.005 0.754]
   776         1150        0.0157624         contract inside
  eval: e=0.0179  p=[0.487 0.366 0.281 0.005 0.770 1.000 0.005 0.752]
  eval: e=0.0160  p=[0.479 0.370 0.279 0.005 0.768 0.996 0.005 0.754]
   777         1152        0.0157624         contract inside
  eval: e=0.0222  p=[0.475 0.368 0.281 0.005 0.766 1.000 0.005 0.755]
  eval: e=0.0160  p=[0.484 0.369 0.279 0.005 0.770 0.996 0.005 0.753]
   778         1154        0.0157624         contract inside
  eval: e=0.0160  p=[0.479 0.371 0.278 0.005 0.761 0.997 0.005 0.756]
   779         1155        0.0157624         reflect
  eval: e=0.0158  p=[0.492 0.365 0.281 0.006 0.772 0.999 0.006 0.751]
   780         1156        0.0157624         reflect
  eval: e=0.0160  p=[0.484 0.367 0.281 0.005 0.766 1.000 0.005 0.753]
  eval: e=0.0159  p=[0.483 0.369 0.279 0.005 0.769 0.997 0.005 0.754]
   781         1158        0.0157624         contract inside
  eval: e=0.0162  p=[0.488 0.366 0.281 0.005 0.768 1.000 0.005 0.752]
  eval: e=0.0159  p=[0.481 0.369 0.279 0.005 0.768 0.997 0.005 0.754]
   782         1160        0.0157624         contract inside
  eval: e=0.0169  p=[0.483 0.367 0.281 0.005 0.766 1.000 0.005 0.754]
  eval: e=0.0159  p=[0.483 0.369 0.279 0.005 0.769 0.997 0.005 0.753]
   783         1162        0.0157624         contract inside
  eval: e=0.0159  p=[0.486 0.368 0.279 0.005 0.763 0.999 0.005 0.754]
   784         1163        0.0157624         reflect
  eval: e=0.0158  p=[0.490 0.364 0.281 0.006 0.774 1.000 0.006 0.751]
   785         1164        0.0157624         reflect
  eval: e=0.0185  p=[0.488 0.366 0.281 0.005 0.767 1.000 0.005 0.752]
  eval: e=0.0159  p=[0.484 0.368 0.279 0.005 0.769 0.998 0.005 0.753]
   786         1166        0.0157624         contract inside
  eval: e=0.0160  p=[0.484 0.366 0.281 0.006 0.775 0.998 0.006 0.752]
  eval: e=0.0158  p=[0.485 0.368 0.280 0.005 0.766 0.999 0.005 0.753]
   787         1168        0.0157624         contract inside
  eval: e=0.0186  p=[0.490 0.365 0.281 0.005 0.769 1.000 0.005 0.752]
  eval: e=0.0158  p=[0.483 0.368 0.280 0.005 0.768 0.998 0.005 0.753]
   788         1170        0.0157624         contract inside
  eval: e=0.0195  p=[0.488 0.365 0.281 0.005 0.768 1.000 0.005 0.752]
  eval: e=0.0158  p=[0.484 0.368 0.280 0.005 0.769 0.998 0.005 0.753]
   789         1172        0.0157624         contract inside
  eval: e=0.0160  p=[0.502 0.362 0.281 0.006 0.777 1.000 0.006 0.748]
  eval: e=0.0158  p=[0.480 0.369 0.280 0.005 0.766 0.998 0.005 0.755]
   790         1174        0.0157624         contract inside
  eval: e=0.0158  p=[0.489 0.365 0.281 0.005 0.770 1.000 0.005 0.752]
   791         1175        0.0157624         reflect
  eval: e=0.0187  p=[0.491 0.364 0.281 0.006 0.770 1.000 0.005 0.751]
  eval: e=0.0158  p=[0.485 0.367 0.280 0.005 0.769 0.999 0.005 0.753]
   792         1177        0.0157624         contract inside
  eval: e=0.0191  p=[0.490 0.365 0.281 0.006 0.770 1.000 0.005 0.751]
  eval: e=0.0158  p=[0.486 0.367 0.280 0.005 0.769 0.999 0.005 0.753]
   793         1179        0.0157624         contract inside
  eval: e=0.0158  p=[0.485 0.368 0.280 0.005 0.769 0.998 0.005 0.753]
  eval: e=0.0158  p=[0.486 0.367 0.280 0.005 0.769 0.999 0.005 0.753]
   794         1181        0.0157624         contract outside
  eval: e=0.0159  p=[0.483 0.369 0.279 0.005 0.763 0.998 0.005 0.754]
  eval: e=0.0158  p=[0.488 0.366 0.281 0.006 0.771 0.999 0.006 0.752]
   795         1183        0.0157624         contract inside
  eval: e=0.0158  p=[0.488 0.365 0.281 0.006 0.773 0.999 0.006 0.751]
   796         1184        0.0157624         reflect
  eval: e=0.0158  p=[0.488 0.365 0.281 0.005 0.770 1.000 0.005 0.752]
  eval: e=0.0167  p=[0.490 0.365 0.281 0.006 0.771 1.000 0.006 0.751]
   797         1186        0.0157531         reflect
  eval: e=0.0158  p=[0.486 0.367 0.280 0.005 0.766 0.999 0.005 0.753]
   798         1187        0.0157531         reflect
  eval: e=0.0157  p=[0.489 0.365 0.281 0.005 0.769 1.000 0.005 0.752]
  eval: e=0.0199  p=[0.491 0.365 0.281 0.006 0.770 1.000 0.005 0.751]
   799         1189         0.015744         reflect
  eval: e=0.0161  p=[0.489 0.365 0.281 0.005 0.769 1.000 0.005 0.752]
  eval: e=0.0158  p=[0.487 0.367 0.280 0.005 0.769 0.999 0.005 0.752]
   800         1191         0.015744         contract inside
  eval: e=0.0158  p=[0.482 0.368 0.280 0.005 0.766 1.000 0.005 0.754]
   801         1192         0.015744         reflect
  eval: e=0.0159  p=[0.487 0.365 0.281 0.006 0.771 1.000 0.006 0.752]
  eval: e=0.0158  p=[0.486 0.367 0.280 0.005 0.768 0.999 0.005 0.753]
   802         1194         0.015744         contract inside
  eval: e=0.0210  p=[0.495 0.363 0.281 0.006 0.773 1.000 0.006 0.750]
  eval: e=0.0158  p=[0.483 0.368 0.280 0.005 0.767 0.999 0.005 0.753]
   803         1196         0.015744         contract inside
  eval: e=0.0158  p=[0.485 0.367 0.280 0.005 0.766 1.000 0.005 0.753]
   804         1197         0.015744         reflect
  eval: e=0.0169  p=[0.486 0.366 0.281 0.005 0.767 1.000 0.005 0.753]
  eval: e=0.0158  p=[0.487 0.367 0.280 0.005 0.769 0.999 0.005 0.752]
   805         1199         0.015744         contract inside
  eval: e=0.0160  p=[0.487 0.366 0.281 0.005 0.769 1.000 0.005 0.752]
  eval: e=0.0158  p=[0.486 0.367 0.280 0.005 0.768 0.999 0.005 0.753]
   806         1201         0.015744         contract inside
  eval: e=0.0178  p=[0.490 0.365 0.281 0.005 0.769 1.000 0.005 0.752]
  eval: e=0.0158  p=[0.485 0.367 0.280 0.005 0.768 0.999 0.005 0.753]
   807         1203         0.015744         contract inside
  eval: e=0.0160  p=[0.487 0.366 0.281 0.005 0.768 1.000 0.005 0.753]
  eval: e=0.0158  p=[0.487 0.366 0.280 0.005 0.768 1.000 0.005 0.753]
   808         1205         0.015744         contract inside
  eval: e=0.0158  p=[0.482 0.368 0.280 0.005 0.766 0.999 0.005 0.754]
   809         1206         0.015744         reflect
  eval: e=0.0157  p=[0.485 0.367 0.281 0.005 0.768 1.000 0.005 0.753]
  eval: e=0.0160  p=[0.484 0.367 0.281 0.005 0.768 1.000 0.005 0.753]
   810         1208        0.0157363         reflect
  eval: e=0.0157  p=[0.484 0.367 0.280 0.005 0.767 1.000 0.005 0.753]
  eval: e=0.0157  p=[0.482 0.368 0.280 0.005 0.766 0.999 0.005 0.754]
   811         1210        0.0157302         expand
  eval: e=0.0157  p=[0.489 0.365 0.281 0.005 0.769 1.000 0.005 0.752]
   812         1211        0.0157302         reflect
  eval: e=0.0157  p=[0.485 0.367 0.281 0.005 0.767 1.000 0.005 0.753]
  eval: e=0.0160  p=[0.484 0.367 0.281 0.005 0.766 1.000 0.005 0.753]
   813         1213        0.0157203         reflect
  eval: e=0.0164  p=[0.486 0.366 0.281 0.005 0.768 1.000 0.005 0.753]
  eval: e=0.0157  p=[0.485 0.367 0.280 0.005 0.768 1.000 0.005 0.753]
   814         1215        0.0157203         contract inside
  eval: e=0.0157  p=[0.486 0.366 0.281 0.005 0.770 1.000 0.005 0.752]
   815         1216        0.0157203         reflect
  eval: e=0.0157  p=[0.491 0.365 0.281 0.006 0.771 1.000 0.006 0.751]
   816         1217        0.0157203         reflect
  eval: e=0.0157  p=[0.485 0.367 0.280 0.005 0.767 1.000 0.005 0.753]
   817         1218        0.0157203         reflect
  eval: e=0.0157  p=[0.486 0.367 0.280 0.005 0.766 1.000 0.005 0.753]
   818         1219        0.0157203         reflect
  eval: e=0.0158  p=[0.488 0.366 0.281 0.005 0.768 1.000 0.005 0.752]
  eval: e=0.0157  p=[0.486 0.367 0.281 0.005 0.768 1.000 0.005 0.753]
   819         1221        0.0157203         contract inside
  eval: e=0.0157  p=[0.483 0.367 0.280 0.005 0.766 1.000 0.005 0.754]
   820         1222        0.0157203         reflect
  eval: e=0.0157  p=[0.485 0.366 0.281 0.005 0.769 1.000 0.005 0.753]
  eval: e=0.0157  p=[0.485 0.366 0.281 0.005 0.768 1.000 0.005 0.753]
   821         1224        0.0157203         contract outside
  eval: e=0.0157  p=[0.481 0.368 0.280 0.005 0.766 1.000 0.005 0.754]
   822         1225        0.0157203         reflect
  eval: e=0.0158  p=[0.477 0.370 0.280 0.005 0.763 1.000 0.005 0.756]
  eval: e=0.0157  p=[0.487 0.366 0.281 0.005 0.769 1.000 0.005 0.752]
   823         1227        0.0157203         contract inside
  eval: e=0.0157  p=[0.482 0.367 0.281 0.005 0.766 1.000 0.005 0.754]
  eval: e=0.0157  p=[0.481 0.368 0.281 0.005 0.765 1.000 0.005 0.754]
   824         1229        0.0157118         expand
  eval: e=0.0157  p=[0.482 0.367 0.281 0.005 0.766 0.999 0.005 0.754]
  eval: e=0.0157  p=[0.481 0.368 0.281 0.005 0.764 0.999 0.005 0.754]
   825         1231        0.0157006         expand
  eval: e=0.0157  p=[0.485 0.366 0.281 0.005 0.767 1.000 0.005 0.753]
  eval: e=0.0165  p=[0.486 0.366 0.281 0.005 0.768 1.000 0.005 0.752]
   826         1233        0.0157006         reflect
  eval: e=0.0157  p=[0.487 0.366 0.281 0.005 0.768 1.000 0.005 0.752]
   827         1234        0.0157006         reflect
  eval: e=0.0157  p=[0.483 0.367 0.281 0.005 0.765 1.000 0.005 0.754]
  eval: e=0.0157  p=[0.482 0.368 0.280 0.005 0.763 1.000 0.005 0.754]
   828         1236        0.0156887         expand
  eval: e=0.0157  p=[0.480 0.368 0.280 0.005 0.763 1.000 0.005 0.755]
   829         1237        0.0156887         reflect
  eval: e=0.0157  p=[0.481 0.368 0.281 0.005 0.765 1.000 0.005 0.754]
   830         1238        0.0156887         reflect
  eval: e=0.0157  p=[0.482 0.367 0.281 0.005 0.765 1.000 0.005 0.754]
  eval: e=0.0157  p=[0.482 0.367 0.281 0.005 0.764 1.000 0.005 0.754]
   831         1240         0.015653         expand
  eval: e=0.0157  p=[0.480 0.368 0.281 0.005 0.763 1.000 0.005 0.754]
   832         1241         0.015653         reflect
  eval: e=0.0157  p=[0.484 0.367 0.281 0.005 0.764 1.000 0.005 0.753]
   833         1242         0.015653         reflect
  eval: e=0.0157  p=[0.486 0.366 0.281 0.005 0.767 1.000 0.005 0.752]
   834         1243         0.015653         reflect
  eval: e=0.0157  p=[0.478 0.369 0.281 0.005 0.762 1.000 0.005 0.755]
   835         1244         0.015653         reflect
  eval: e=0.0166  p=[0.483 0.367 0.281 0.005 0.764 1.000 0.005 0.753]
  eval: e=0.0157  p=[0.482 0.368 0.281 0.005 0.764 1.000 0.005 0.754]
   836         1246         0.015653         contract inside
  eval: e=0.0157  p=[0.479 0.368 0.281 0.005 0.761 0.999 0.005 0.755]
   837         1247         0.015653         reflect
  eval: e=0.0156  p=[0.482 0.367 0.281 0.005 0.762 1.000 0.005 0.754]
  eval: e=0.0156  p=[0.483 0.367 0.281 0.005 0.761 1.000 0.005 0.754]
   838         1249        0.0156126         expand
  eval: e=0.0157  p=[0.481 0.367 0.281 0.005 0.763 0.999 0.005 0.754]
   839         1250        0.0156126         reflect
  eval: e=0.0156  p=[0.481 0.367 0.281 0.005 0.762 1.000 0.005 0.754]
   840         1251        0.0156126         reflect
  eval: e=0.0156  p=[0.485 0.366 0.281 0.005 0.764 1.000 0.005 0.753]
   841         1252        0.0156126         reflect
  eval: e=0.0156  p=[0.485 0.366 0.281 0.005 0.764 1.000 0.005 0.753]
  eval: e=0.0156  p=[0.488 0.365 0.282 0.005 0.764 1.000 0.005 0.752]
   842         1254        0.0155722         expand
  eval: e=0.0156  p=[0.480 0.368 0.281 0.005 0.759 1.000 0.005 0.754]
   843         1255        0.0155722         reflect
  eval: e=0.0157  p=[0.487 0.365 0.282 0.005 0.765 1.000 0.005 0.752]
  eval: e=0.0156  p=[0.481 0.368 0.281 0.005 0.762 1.000 0.005 0.754]
   844         1257        0.0155722         contract inside
  eval: e=0.0156  p=[0.482 0.367 0.282 0.005 0.761 1.000 0.005 0.754]
   845         1258        0.0155722         reflect
  eval: e=0.0156  p=[0.483 0.367 0.281 0.005 0.760 0.999 0.005 0.753]
  eval: e=0.0155  p=[0.484 0.366 0.282 0.005 0.757 0.999 0.005 0.753]
   846         1260        0.0155308         expand
  eval: e=0.0156  p=[0.485 0.366 0.281 0.005 0.759 1.000 0.005 0.753]
   847         1261        0.0155308         reflect
  eval: e=0.0155  p=[0.486 0.366 0.282 0.005 0.760 1.000 0.005 0.753]
  eval: e=0.0155  p=[0.488 0.365 0.282 0.005 0.760 1.000 0.005 0.752]
   848         1263        0.0154789         expand
  eval: e=0.0155  p=[0.482 0.367 0.282 0.005 0.757 1.000 0.005 0.754]
   849         1264        0.0154789         reflect
  eval: e=0.0155  p=[0.487 0.366 0.282 0.005 0.758 1.000 0.005 0.752]
   850         1265        0.0154789         reflect
  eval: e=0.0155  p=[0.486 0.365 0.282 0.005 0.758 1.000 0.005 0.752]
  eval: e=0.0154  p=[0.488 0.364 0.283 0.005 0.756 1.000 0.005 0.752]
   851         1267          0.01541         expand
  eval: e=0.0154  p=[0.491 0.364 0.283 0.005 0.759 1.000 0.005 0.751]
   852         1268          0.01541         reflect
  eval: e=0.0154  p=[0.492 0.364 0.282 0.005 0.756 1.000 0.005 0.751]
  eval: e=0.0153  p=[0.497 0.362 0.283 0.005 0.754 1.000 0.005 0.750]
   853         1270        0.0153386         expand
  eval: e=0.0154  p=[0.487 0.365 0.283 0.005 0.751 0.999 0.005 0.752]
   854         1271        0.0153386         reflect
  eval: e=0.0154  p=[0.491 0.363 0.283 0.005 0.753 0.999 0.005 0.751]
   855         1272        0.0153386         reflect
  eval: e=0.0153  p=[0.494 0.363 0.283 0.005 0.754 1.000 0.005 0.750]
  eval: e=0.0171  p=[0.499 0.361 0.284 0.006 0.753 1.000 0.005 0.749]
   856         1274        0.0153135         reflect
  eval: e=0.0153  p=[0.499 0.361 0.284 0.006 0.755 1.000 0.005 0.749]
  eval: e=0.0152  p=[0.507 0.358 0.285 0.006 0.754 1.000 0.005 0.746]
   857         1276        0.0151904         expand
  eval: e=0.0152  p=[0.499 0.360 0.284 0.006 0.752 1.000 0.005 0.748]
   858         1277        0.0151904         reflect
  eval: e=0.0152  p=[0.500 0.360 0.284 0.006 0.749 0.999 0.005 0.748]
  eval: e=0.0151  p=[0.506 0.358 0.285 0.006 0.743 0.999 0.004 0.747]
   859         1279        0.0150658         expand
  eval: e=0.0151  p=[0.502 0.360 0.285 0.005 0.746 1.000 0.004 0.748]
   860         1280        0.0150658         reflect
  eval: e=0.0151  p=[0.508 0.358 0.285 0.006 0.746 0.999 0.005 0.746]
   861         1281        0.0150658         reflect
  eval: e=0.0151  p=[0.514 0.356 0.286 0.006 0.750 1.000 0.005 0.744]
   862         1282        0.0150658         reflect
  eval: e=0.0151  p=[0.515 0.355 0.286 0.006 0.747 1.000 0.005 0.744]
   863         1283        0.0150658         reflect
  eval: e=0.0150  p=[0.514 0.355 0.287 0.006 0.744 1.000 0.005 0.744]
  eval: e=0.0149  p=[0.523 0.351 0.289 0.006 0.739 1.000 0.005 0.741]
   864         1285        0.0149329         expand
  eval: e=0.0149  p=[0.525 0.351 0.288 0.006 0.740 0.999 0.005 0.741]
  eval: e=0.0148  p=[0.540 0.346 0.290 0.006 0.732 0.999 0.004 0.737]
   865         1287        0.0148064         expand
  eval: e=0.0148  p=[0.529 0.350 0.288 0.006 0.737 0.999 0.004 0.740]
   866         1288        0.0148064         reflect
  eval: e=0.0148  p=[0.527 0.350 0.289 0.006 0.731 0.999 0.004 0.741]
   867         1289        0.0148064         reflect
  eval: e=0.0148  p=[0.539 0.346 0.290 0.006 0.735 0.999 0.005 0.737]
  eval: e=0.0148  p=[0.558 0.339 0.292 0.007 0.730 0.999 0.005 0.731]
   868         1291        0.0147767         expand
  eval: e=0.0149  p=[0.536 0.346 0.290 0.006 0.730 0.999 0.004 0.737]
   869         1292        0.0147767         reflect
  eval: e=0.0149  p=[0.551 0.341 0.293 0.006 0.726 0.999 0.004 0.733]
   870         1293        0.0147767         reflect
  eval: e=0.0150  p=[0.554 0.340 0.293 0.006 0.717 0.999 0.004 0.732]
   871         1294        0.0147767         reflect
  eval: e=0.0151  p=[0.573 0.333 0.296 0.007 0.718 0.999 0.004 0.726]
  eval: e=0.0149  p=[0.556 0.339 0.293 0.006 0.724 0.999 0.004 0.731]
   872         1296        0.0147767         contract outside
  eval: e=0.0149  p=[0.526 0.351 0.288 0.006 0.745 1.000 0.005 0.741]
   873         1297        0.0147767         reflect
  eval: e=0.0148  p=[0.558 0.340 0.292 0.006 0.725 0.999 0.004 0.732]
  eval: e=0.0148  p=[0.575 0.334 0.293 0.007 0.718 0.998 0.004 0.727]
   874         1299        0.0147577         reflect
  eval: e=0.0150  p=[0.562 0.337 0.294 0.006 0.714 0.999 0.004 0.730]
  eval: e=0.0148  p=[0.535 0.347 0.289 0.006 0.737 1.000 0.005 0.738]
   875         1301        0.0147577         contract inside
  eval: e=0.0147  p=[0.552 0.342 0.291 0.006 0.730 1.000 0.004 0.733]
  eval: e=0.0150  p=[0.561 0.339 0.292 0.006 0.730 1.000 0.004 0.731]
   876         1303        0.0147113         reflect
  eval: e=0.0148  p=[0.538 0.347 0.289 0.006 0.735 0.999 0.004 0.738]
   877         1304        0.0147113         reflect
  eval: e=0.0149  p=[0.528 0.351 0.287 0.006 0.740 0.999 0.004 0.741]
  eval: e=0.0148  p=[0.549 0.342 0.292 0.006 0.728 0.999 0.004 0.734]
   878         1306        0.0147113         contract inside
  eval: e=0.0148  p=[0.560 0.339 0.293 0.006 0.725 0.999 0.004 0.731]
   879         1307        0.0147113         reflect
  eval: e=0.0147  p=[0.560 0.339 0.292 0.006 0.722 0.999 0.004 0.731]
   880         1308        0.0147113         reflect
  eval: e=0.0148  p=[0.577 0.333 0.294 0.007 0.726 0.999 0.005 0.726]
   881         1309        0.0147113         reflect
  eval: e=0.0150  p=[0.575 0.332 0.295 0.007 0.720 0.999 0.004 0.726]
  eval: e=0.0147  p=[0.548 0.344 0.290 0.006 0.731 0.999 0.004 0.735]
   882         1311        0.0147113         contract inside
  eval: e=0.0147  p=[0.576 0.334 0.294 0.007 0.722 0.999 0.004 0.727]
   883         1312        0.0147113         reflect
  eval: e=0.0148  p=[0.539 0.346 0.290 0.006 0.727 0.999 0.004 0.737]
   884         1313        0.0147113         reflect
  eval: e=0.0147  p=[0.563 0.338 0.292 0.006 0.725 0.999 0.004 0.730]
   885         1314        0.0147113         reflect
  eval: e=0.0147  p=[0.556 0.341 0.291 0.006 0.722 0.999 0.004 0.733]
   886         1315        0.0147113         reflect
  eval: e=0.0147  p=[0.553 0.342 0.291 0.006 0.726 0.999 0.004 0.734]
   887         1316        0.0147113         reflect
  eval: e=0.0147  p=[0.578 0.333 0.293 0.007 0.724 0.999 0.004 0.726]
   888         1317        0.0147113         reflect
  eval: e=0.0147  p=[0.564 0.338 0.292 0.006 0.726 1.000 0.004 0.730]
  eval: e=0.0149  p=[0.567 0.337 0.292 0.007 0.726 1.000 0.004 0.730]
   889         1319        0.0146931         reflect
  eval: e=0.0147  p=[0.578 0.333 0.294 0.007 0.718 0.999 0.004 0.726]
   890         1320        0.0146931         reflect
  eval: e=0.0147  p=[0.570 0.336 0.292 0.007 0.727 1.000 0.004 0.729]
   891         1321        0.0146931         reflect
  eval: e=0.0147  p=[0.550 0.343 0.291 0.006 0.725 1.000 0.004 0.734]
  eval: e=0.0149  p=[0.536 0.347 0.290 0.006 0.726 1.000 0.004 0.738]
   892         1323        0.0146917         reflect
  eval: e=0.0148  p=[0.546 0.345 0.290 0.006 0.728 1.000 0.004 0.736]
  eval: e=0.0147  p=[0.568 0.336 0.293 0.007 0.724 0.999 0.004 0.729]
   893         1325        0.0146917         contract inside
  eval: e=0.0147  p=[0.568 0.336 0.293 0.007 0.728 1.000 0.004 0.729]
  eval: e=0.0160  p=[0.574 0.334 0.293 0.007 0.730 1.000 0.005 0.727]
   894         1327        0.0146853         reflect
  eval: e=0.0148  p=[0.544 0.345 0.290 0.006 0.734 1.000 0.004 0.736]
  eval: e=0.0147  p=[0.570 0.336 0.293 0.007 0.722 0.999 0.004 0.729]
   895         1329        0.0146853         contract inside
  eval: e=0.0147  p=[0.574 0.334 0.293 0.007 0.726 1.000 0.004 0.727]
  eval: e=0.0153  p=[0.584 0.330 0.295 0.007 0.726 1.000 0.005 0.724]
   896         1331        0.0146845         reflect
  eval: e=0.0150  p=[0.566 0.337 0.292 0.007 0.727 1.000 0.004 0.730]
  eval: e=0.0147  p=[0.564 0.338 0.292 0.006 0.726 0.999 0.004 0.730]
   897         1333        0.0146845         contract inside
  eval: e=0.0147  p=[0.558 0.339 0.292 0.006 0.725 1.000 0.004 0.732]
   898         1334        0.0146845         reflect
  eval: e=0.0147  p=[0.576 0.334 0.294 0.007 0.720 1.000 0.004 0.727]
   899         1335        0.0146845         reflect
  eval: e=0.0147  p=[0.563 0.338 0.292 0.006 0.726 1.000 0.004 0.731]
  eval: e=0.0154  p=[0.560 0.339 0.292 0.006 0.727 1.000 0.004 0.731]
   900         1337        0.0146703         reflect
  eval: e=0.0147  p=[0.574 0.335 0.293 0.007 0.724 1.000 0.004 0.728]
  eval: e=0.0147  p=[0.562 0.338 0.292 0.006 0.725 1.000 0.004 0.731]
   901         1339        0.0146703         contract inside
  eval: e=0.0147  p=[0.568 0.336 0.293 0.007 0.724 1.000 0.004 0.729]
  eval: e=0.0147  p=[0.565 0.338 0.292 0.007 0.725 1.000 0.004 0.730]
   902         1341        0.0146703         contract inside
  eval: e=0.0148  p=[0.561 0.339 0.292 0.006 0.728 1.000 0.004 0.731]
  eval: e=0.0147  p=[0.567 0.337 0.293 0.007 0.724 1.000 0.004 0.729]
   903         1343        0.0146703         contract inside
  eval: e=0.0147  p=[0.552 0.342 0.291 0.006 0.731 1.000 0.004 0.734]
  eval: e=0.0147  p=[0.570 0.336 0.293 0.007 0.723 1.000 0.004 0.728]
   904         1345        0.0146703         contract inside
  eval: e=0.0147  p=[0.566 0.337 0.293 0.007 0.725 1.000 0.004 0.729]
   905         1346        0.0146703         reflect
  eval: e=0.0147  p=[0.584 0.331 0.294 0.007 0.725 1.000 0.005 0.724]
  eval: e=0.0147  p=[0.558 0.340 0.292 0.006 0.725 1.000 0.004 0.732]
   906         1348        0.0146703         contract inside
  eval: e=0.0147  p=[0.567 0.336 0.293 0.007 0.725 1.000 0.004 0.729]
  eval: e=0.0152  p=[0.569 0.336 0.293 0.007 0.725 1.000 0.004 0.729]
   907         1350          0.01467         reflect
  eval: e=0.0148  p=[0.565 0.337 0.293 0.007 0.727 1.000 0.004 0.730]
  eval: e=0.0147  p=[0.567 0.337 0.293 0.007 0.724 1.000 0.004 0.729]
   908         1352          0.01467         contract inside
  eval: e=0.0147  p=[0.571 0.335 0.293 0.007 0.725 1.000 0.004 0.728]
   909         1353          0.01467         reflect
  eval: e=0.0147  p=[0.566 0.337 0.293 0.006 0.722 1.000 0.004 0.730]
   910         1354          0.01467         reflect
  eval: e=0.0147  p=[0.558 0.340 0.292 0.006 0.723 1.000 0.004 0.732]
   911         1355          0.01467         reflect
  eval: e=0.0147  p=[0.559 0.339 0.292 0.006 0.726 1.000 0.004 0.732]
  eval: e=0.0147  p=[0.567 0.337 0.293 0.007 0.724 1.000 0.004 0.729]
   912         1357          0.01467         contract inside
  eval: e=0.0147  p=[0.557 0.340 0.292 0.006 0.723 1.000 0.004 0.732]
  eval: e=0.0147  p=[0.568 0.336 0.293 0.007 0.725 1.000 0.004 0.729]
   913         1359          0.01467         contract inside
  eval: e=0.0147  p=[0.562 0.338 0.292 0.006 0.724 1.000 0.004 0.731]
  eval: e=0.0149  p=[0.559 0.339 0.292 0.006 0.724 1.000 0.004 0.732]
   914         1361        0.0146632         reflect
  eval: e=0.0147  p=[0.562 0.339 0.292 0.006 0.724 1.000 0.004 0.731]
   915         1362        0.0146632         reflect
  eval: e=0.0147  p=[0.570 0.336 0.293 0.007 0.723 1.000 0.004 0.729]
  eval: e=0.0147  p=[0.567 0.337 0.293 0.007 0.723 1.000 0.004 0.729]
   916         1364        0.0146632         contract outside
  eval: e=0.0147  p=[0.561 0.339 0.292 0.006 0.724 1.000 0.004 0.731]
  eval: e=0.0147  p=[0.566 0.337 0.293 0.007 0.724 1.000 0.004 0.730]
   917         1366        0.0146632         contract inside
  eval: e=0.0147  p=[0.567 0.336 0.293 0.007 0.724 1.000 0.004 0.729]
   918         1367        0.0146632         reflect
  eval: e=0.0147  p=[0.573 0.334 0.293 0.007 0.725 1.000 0.004 0.727]
  eval: e=0.0147  p=[0.562 0.338 0.292 0.006 0.724 1.000 0.004 0.731]
   919         1369        0.0146632         contract inside
  eval: e=0.0147  p=[0.562 0.339 0.292 0.006 0.724 1.000 0.004 0.731]
  eval: e=0.0147  p=[0.564 0.338 0.292 0.006 0.724 1.000 0.004 0.730]
   920         1371        0.0146632         contract outside
  eval: e=0.0147  p=[0.564 0.338 0.292 0.006 0.727 1.000 0.004 0.730]
  eval: e=0.0147  p=[0.565 0.337 0.293 0.006 0.723 1.000 0.004 0.730]
   921         1373        0.0146632         contract inside
  eval: e=0.0147  p=[0.564 0.338 0.292 0.006 0.725 1.000 0.004 0.730]
  eval: e=0.0147  p=[0.565 0.337 0.293 0.006 0.724 1.000 0.004 0.730]
   922         1375        0.0146632         contract inside
  eval: e=0.0147  p=[0.567 0.336 0.293 0.007 0.722 1.000 0.004 0.729]
   923         1376        0.0146632         reflect
  eval: e=0.0147  p=[0.562 0.338 0.292 0.006 0.722 1.000 0.004 0.731]
   924         1377        0.0146632         reflect
  eval: e=0.0147  p=[0.561 0.339 0.292 0.006 0.722 1.000 0.004 0.731]
  eval: e=0.0147  p=[0.566 0.337 0.293 0.007 0.724 1.000 0.004 0.730]
   925         1379        0.0146632         contract inside
  eval: e=0.0147  p=[0.567 0.336 0.293 0.007 0.723 1.000 0.004 0.729]
   926         1380        0.0146632         reflect
  eval: e=0.0147  p=[0.567 0.337 0.293 0.007 0.723 1.000 0.004 0.729]
   927         1381        0.0146632         reflect
  eval: e=0.0147  p=[0.566 0.337 0.293 0.006 0.722 1.000 0.004 0.730]
   928         1382        0.0146632         reflect
  eval: e=0.0147  p=[0.566 0.337 0.293 0.007 0.723 1.000 0.004 0.730]
  eval: e=0.0147  p=[0.565 0.337 0.293 0.006 0.723 1.000 0.004 0.730]
   929         1384        0.0146632         contract inside
  eval: e=0.0147  p=[0.563 0.338 0.292 0.006 0.724 1.000 0.004 0.730]
  eval: e=0.0147  p=[0.566 0.337 0.293 0.007 0.723 1.000 0.004 0.730]
   930         1386        0.0146632         contract inside
  eval: e=0.0147  p=[0.564 0.338 0.292 0.006 0.724 1.000 0.004 0.730]
   931         1387        0.0146632         reflect
  eval: e=0.0147  p=[0.564 0.337 0.293 0.006 0.723 1.000 0.004 0.730]
  eval: e=0.0147  p=[0.565 0.337 0.293 0.006 0.723 1.000 0.004 0.730]
   932         1389        0.0146632         contract inside
  eval: e=0.0147  p=[0.563 0.338 0.292 0.006 0.724 1.000 0.004 0.730]
  eval: e=0.0147  p=[0.565 0.337 0.293 0.006 0.723 1.000 0.004 0.730]
   933         1391        0.0146632         contract inside
  eval: e=0.0147  p=[0.568 0.336 0.293 0.007 0.724 1.000 0.004 0.729]
  eval: e=0.0147  p=[0.564 0.338 0.293 0.006 0.723 1.000 0.004 0.730]
   934         1393        0.0146632         contract inside
  eval: e=0.0147  p=[0.564 0.338 0.293 0.006 0.722 1.000 0.004 0.730]
  eval: e=0.0147  p=[0.563 0.338 0.293 0.006 0.721 1.000 0.004 0.731]
   935         1395        0.0146615         reflect
  eval: e=0.0147  p=[0.564 0.337 0.293 0.006 0.723 1.000 0.004 0.730]
  eval: e=0.0147  p=[0.565 0.337 0.293 0.006 0.723 1.000 0.004 0.730]
   936         1397        0.0146615         contract inside
  eval: e=0.0147  p=[0.566 0.337 0.293 0.007 0.722 1.000 0.004 0.729]
  eval: e=0.0147  p=[0.566 0.337 0.293 0.006 0.723 1.000 0.004 0.730]
   937         1399        0.0146615         contract outside
  eval: e=0.0147  p=[0.563 0.338 0.293 0.006 0.723 1.000 0.004 0.731]
   938         1400        0.0146615         reflect
  eval: e=0.0147  p=[0.563 0.338 0.293 0.006 0.723 1.000 0.004 0.730]
  eval: e=0.0147  p=[0.565 0.337 0.293 0.006 0.723 1.000 0.004 0.730]
   939         1402        0.0146615         contract inside
  eval: e=0.0147  p=[0.563 0.338 0.292 0.006 0.724 1.000 0.004 0.730]
  eval: e=0.0147  p=[0.565 0.337 0.293 0.006 0.723 1.000 0.004 0.730]
   940         1404        0.0146615         contract inside
  eval: e=0.0147  p=[0.565 0.337 0.293 0.006 0.723 1.000 0.004 0.730]
  eval: e=0.0147  p=[0.564 0.338 0.293 0.006 0.723 1.000 0.004 0.730]
   941         1406        0.0146615         contract inside
  eval: e=0.0147  p=[0.561 0.339 0.292 0.006 0.723 1.000 0.004 0.731]
  eval: e=0.0147  p=[0.566 0.337 0.293 0.007 0.723 1.000 0.004 0.730]
   942         1408        0.0146615         contract inside
  eval: e=0.0147  p=[0.564 0.338 0.293 0.006 0.723 1.000 0.004 0.730]
  eval: e=0.0147  p=[0.565 0.337 0.293 0.006 0.723 1.000 0.004 0.730]
   943         1410        0.0146615         contract inside
  eval: e=0.0147  p=[0.568 0.336 0.293 0.007 0.721 1.000 0.004 0.729]
  eval: e=0.0147  p=[0.563 0.338 0.293 0.006 0.723 1.000 0.004 0.730]
   944         1412        0.0146615         contract inside
  eval: e=0.0147  p=[0.563 0.338 0.293 0.006 0.723 1.000 0.004 0.731]
   945         1413        0.0146615         reflect
  eval: e=0.0147  p=[0.563 0.338 0.293 0.006 0.723 1.000 0.004 0.730]
   946         1414        0.0146615         reflect
  eval: e=0.0147  p=[0.565 0.337 0.293 0.006 0.723 1.000 0.004 0.730]
  eval: e=0.0147  p=[0.563 0.338 0.293 0.006 0.723 1.000 0.004 0.730]
   947         1416        0.0146615         contract inside
  eval: e=0.0147  p=[0.564 0.338 0.293 0.006 0.723 1.000 0.004 0.730]
  eval: e=0.0147  p=[0.564 0.338 0.293 0.006 0.723 1.000 0.004 0.730]
   948         1418        0.0146615         contract inside
  eval: e=0.0147  p=[0.563 0.338 0.293 0.006 0.723 1.000 0.004 0.730]
  eval: e=0.0147  p=[0.564 0.338 0.293 0.006 0.723 1.000 0.004 0.730]
   949         1420        0.0146615         contract inside
  eval: e=0.0147  p=[0.565 0.337 0.293 0.006 0.723 1.000 0.004 0.730]
  eval: e=0.0147  p=[0.564 0.338 0.293 0.006 0.723 1.000 0.004 0.730]
   950         1422        0.0146614         contract inside
  eval: e=0.0147  p=[0.564 0.338 0.293 0.006 0.723 1.000 0.004 0.730]
   951         1423        0.0146614         reflect
  eval: e=0.0147  p=[0.564 0.338 0.293 0.006 0.723 1.000 0.004 0.730]
  eval: e=0.0147  p=[0.564 0.338 0.293 0.006 0.723 1.000 0.004 0.730]
   952         1425        0.0146614         contract inside
  eval: e=0.0147  p=[0.562 0.338 0.292 0.006 0.723 1.000 0.004 0.731]
   953         1426        0.0146614         reflect
  eval: e=0.0147  p=[0.562 0.338 0.292 0.006 0.723 1.000 0.004 0.731]
   954         1427        0.0146614         reflect
  eval: e=0.0147  p=[0.563 0.338 0.292 0.006 0.723 1.000 0.004 0.731]
   955         1428        0.0146614         reflect
  eval: e=0.0147  p=[0.565 0.337 0.293 0.006 0.723 1.000 0.004 0.730]
   956         1429        0.0146614         reflect
  eval: e=0.0147  p=[0.566 0.337 0.293 0.006 0.723 1.000 0.004 0.730]
   957         1430        0.0146614         reflect
  eval: e=0.0147  p=[0.563 0.338 0.293 0.006 0.723 1.000 0.004 0.731]
   958         1431        0.0146614         reflect
  eval: e=0.0147  p=[0.563 0.338 0.293 0.006 0.723 1.000 0.004 0.730]
  eval: e=0.0147  p=[0.563 0.338 0.292 0.006 0.723 1.000 0.004 0.731]
   959         1433        0.0146614         reflect
  eval: e=0.0147  p=[0.561 0.339 0.292 0.006 0.723 1.000 0.004 0.731]
  eval: e=0.0147  p=[0.564 0.337 0.293 0.006 0.723 1.000 0.004 0.730]
   960         1435        0.0146614         contract inside
  eval: e=0.0147  p=[0.564 0.337 0.293 0.006 0.723 1.000 0.004 0.730]
  eval: e=0.0147  p=[0.563 0.338 0.293 0.006 0.723 1.000 0.004 0.730]
   961         1437        0.0146614         contract inside
  eval: e=0.0147  p=[0.564 0.338 0.293 0.006 0.722 1.000 0.004 0.730]
  eval: e=0.0147  p=[0.564 0.338 0.293 0.006 0.721 1.000 0.004 0.730]
   962         1439        0.0146614         reflect
  eval: e=0.0147  p=[0.564 0.338 0.293 0.006 0.722 1.000 0.004 0.730]
  eval: e=0.0147  p=[0.565 0.337 0.293 0.006 0.722 1.000 0.004 0.730]
   963         1441        0.0146613         reflect
  eval: e=0.0147  p=[0.565 0.337 0.293 0.006 0.723 1.000 0.004 0.730]
   964         1442        0.0146613         reflect
  eval: e=0.0147  p=[0.564 0.338 0.293 0.006 0.723 1.000 0.004 0.730]
  eval: e=0.0147  p=[0.564 0.338 0.293 0.006 0.722 1.000 0.004 0.730]
   965         1444        0.0146613         contract inside
  eval: e=0.0147  p=[0.564 0.338 0.293 0.006 0.722 1.000 0.004 0.730]
  eval: e=0.0147  p=[0.564 0.338 0.293 0.006 0.722 1.000 0.004 0.730]
   966         1446        0.0146612         reflect
  eval: e=0.0147  p=[0.563 0.338 0.293 0.006 0.722 1.000 0.004 0.731]
  eval: e=0.0147  p=[0.564 0.338 0.293 0.006 0.723 1.000 0.004 0.730]
   967         1448        0.0146612         contract inside
  eval: e=0.0147  p=[0.565 0.337 0.293 0.006 0.722 1.000 0.004 0.730]
   968         1449        0.0146612         reflect
  eval: e=0.0147  p=[0.563 0.338 0.293 0.006 0.722 1.000 0.004 0.730]
  eval: e=0.0147  p=[0.564 0.338 0.293 0.006 0.723 1.000 0.004 0.730]
   969         1451        0.0146612         contract inside
  eval: e=0.0147  p=[0.564 0.338 0.293 0.006 0.722 1.000 0.004 0.730]
  eval: e=0.0147  p=[0.564 0.338 0.293 0.006 0.723 1.000 0.004 0.730]
   970         1453        0.0146612         contract inside
  eval: e=0.0147  p=[0.565 0.337 0.293 0.006 0.722 1.000 0.004 0.730]
  eval: e=0.0147  p=[0.564 0.338 0.293 0.006 0.723 1.000 0.004 0.730]
   971         1455        0.0146612         contract inside
  eval: e=0.0147  p=[0.564 0.337 0.293 0.006 0.723 1.000 0.004 0.730]
   972         1456        0.0146612         reflect
  eval: e=0.0147  p=[0.564 0.338 0.293 0.006 0.723 1.000 0.004 0.730]
  eval: e=0.0147  p=[0.564 0.338 0.293 0.006 0.723 1.000 0.004 0.730]
   973         1458        0.0146612         contract outside
  eval: e=0.0147  p=[0.565 0.337 0.293 0.006 0.722 1.000 0.004 0.730]
  eval: e=0.0147  p=[0.565 0.337 0.293 0.006 0.722 1.000 0.004 0.730]
   974         1460        0.0146611         reflect
  eval: e=0.0147  p=[0.564 0.338 0.293 0.006 0.723 1.000 0.004 0.730]
  eval: e=0.0147  p=[0.564 0.337 0.293 0.006 0.722 1.000 0.004 0.730]
   975         1462        0.0146611         contract inside
  eval: e=0.0147  p=[0.564 0.338 0.293 0.006 0.722 1.000 0.004 0.730]
  eval: e=0.0147  p=[0.564 0.338 0.293 0.006 0.723 1.000 0.004 0.730]
   976         1464         0.014661         contract inside
  eval: e=0.0147  p=[0.564 0.337 0.293 0.006 0.723 1.000 0.004 0.730]
  eval: e=0.0147  p=[0.564 0.338 0.293 0.006 0.722 1.000 0.004 0.730]
   977         1466         0.014661         contract inside
  eval: e=0.0147  p=[0.564 0.337 0.293 0.006 0.723 1.000 0.004 0.730]
  eval: e=0.0147  p=[0.564 0.338 0.293 0.006 0.722 1.000 0.004 0.730]
  eval: e=0.0147  p=[0.564 0.338 0.293 0.006 0.723 1.000 0.004 0.730]
  eval: e=0.0147  p=[0.564 0.338 0.293 0.006 0.723 1.000 0.004 0.730]
  eval: e=0.0147  p=[0.564 0.338 0.293 0.006 0.723 1.000 0.004 0.730]
  eval: e=0.0147  p=[0.564 0.338 0.293 0.006 0.723 1.000 0.004 0.730]
  eval: e=0.0147  p=[0.564 0.338 0.293 0.006 0.723 1.000 0.004 0.730]
  eval: e=0.0147  p=[0.564 0.338 0.293 0.006 0.723 1.000 0.004 0.730]
  eval: e=0.0147  p=[0.564 0.338 0.293 0.006 0.723 1.000 0.004 0.730]
  eval: e=0.0147  p=[0.564 0.338 0.293 0.006 0.723 1.000 0.004 0.730]
   978         1476         0.014661         shrink
  eval: e=0.0147  p=[0.564 0.338 0.293 0.006 0.723 1.000 0.004 0.730]
  eval: e=0.0147  p=[0.564 0.338 0.293 0.006 0.723 1.000 0.004 0.730]
  eval: e=0.0147  p=[0.564 0.338 0.293 0.006 0.723 1.000 0.004 0.730]
  eval: e=0.0147  p=[0.564 0.338 0.293 0.006 0.723 1.000 0.004 0.730]
  eval: e=0.0147  p=[0.564 0.338 0.293 0.006 0.723 1.000 0.004 0.730]
  eval: e=0.0147  p=[0.564 0.338 0.293 0.006 0.723 1.000 0.004 0.730]
  eval: e=0.0147  p=[0.564 0.338 0.293 0.006 0.723 1.000 0.004 0.730]
  eval: e=0.0147  p=[0.564 0.338 0.293 0.006 0.723 1.000 0.004 0.730]
  eval: e=0.0147  p=[0.564 0.338 0.293 0.006 0.723 1.000 0.004 0.730]
  eval: e=0.0147  p=[0.564 0.338 0.293 0.006 0.723 1.000 0.004 0.730]
   979         1486         0.014661         shrink
  eval: e=0.0147  p=[0.564 0.338 0.293 0.006 0.723 1.000 0.004 0.730]
   980         1487         0.014661         reflect
  eval: e=0.0147  p=[0.564 0.338 0.293 0.006 0.723 1.000 0.004 0.730]
  eval: e=0.0147  p=[0.564 0.338 0.293 0.006 0.723 1.000 0.004 0.730]
   981         1489         0.014661         contract inside
  eval: e=0.0147  p=[0.564 0.338 0.293 0.006 0.723 1.000 0.004 0.730]
   982         1490         0.014661         reflect
  eval: e=0.0147  p=[0.564 0.338 0.293 0.006 0.723 1.000 0.004 0.730]
  eval: e=0.0147  p=[0.564 0.338 0.293 0.006 0.723 1.000 0.004 0.730]
  eval: e=0.0147  p=[0.564 0.338 0.293 0.006 0.723 1.000 0.004 0.730]
  eval: e=0.0147  p=[0.564 0.338 0.293 0.006 0.723 1.000 0.004 0.730]
  eval: e=0.0147  p=[0.564 0.338 0.293 0.006 0.723 1.000 0.004 0.730]
  eval: e=0.0147  p=[0.564 0.338 0.293 0.006 0.723 1.000 0.004 0.730]
  eval: e=0.0147  p=[0.564 0.338 0.293 0.006 0.723 1.000 0.004 0.730]
  eval: e=0.0147  p=[0.564 0.338 0.293 0.006 0.723 1.000 0.004 0.730]
  eval: e=0.0147  p=[0.564 0.338 0.293 0.006 0.723 1.000 0.004 0.730]
  eval: e=0.0147  p=[0.564 0.338 0.293 0.006 0.723 1.000 0.004 0.730]
   983         1500         0.014661         shrink
  eval: e=0.0147  p=[0.564 0.338 0.293 0.006 0.723 1.000 0.004 0.730]
  eval: e=0.0147  p=[0.564 0.338 0.293 0.006 0.723 1.000 0.004 0.730]
   984         1502         0.014661         contract inside
 
Optimization terminated:
 the current x satisfies the termination criteria using OPTIONS.TolX of 1.000000e-04 
 and F(X) satisfies the convergence criteria using OPTIONS.TolFun of 1.000000e-06 

=== Fit complete: error=0.014661  AIC=-4117.9 ===
