  eval: e=0.1895  p=[0.190 0.215 0.757 0.778 0.646 0.880 0.538 0.706 0.343 0.494]
 
 Iteration   Func-count         f(x)         Procedure
     0            1         0.189488         
  eval: e=0.1895  p=[0.200 0.215 0.757 0.778 0.646 0.880 0.538 0.706 0.343 0.494]
  eval: e=0.1895  p=[0.190 0.226 0.757 0.778 0.646 0.880 0.538 0.706 0.343 0.494]
  eval: e=0.1894  p=[0.190 0.215 0.794 0.778 0.646 0.880 0.538 0.706 0.343 0.494]
  eval: e=0.1896  p=[0.190 0.215 0.757 0.816 0.646 0.880 0.538 0.706 0.343 0.494]
  eval: e=0.1895  p=[0.190 0.215 0.757 0.778 0.679 0.880 0.538 0.706 0.343 0.494]
  eval: e=0.1896  p=[0.190 0.215 0.757 0.778 0.646 0.924 0.538 0.706 0.343 0.494]
  eval: e=0.1895  p=[0.190 0.215 0.757 0.778 0.646 0.880 0.565 0.706 0.343 0.494]
  eval: e=0.1896  p=[0.190 0.215 0.757 0.778 0.646 0.880 0.538 0.741 0.343 0.494]
  eval: e=0.1894  p=[0.190 0.215 0.757 0.778 0.646 0.880 0.538 0.706 0.360 0.494]
  eval: e=0.1895  p=[0.190 0.215 0.757 0.778 0.646 0.880 0.538 0.706 0.343 0.519]
     1           11         0.189428         initial simplex
  eval: e=0.1893  p=[0.192 0.217 0.764 0.785 0.653 0.888 0.544 0.671 0.346 0.499]
  eval: e=0.1892  p=[0.193 0.218 0.768 0.789 0.656 0.893 0.547 0.635 0.348 0.502]
     2           13         0.189178         expand
  eval: e=0.1893  p=[0.193 0.218 0.766 0.788 0.655 0.838 0.545 0.692 0.347 0.501]
     3           14         0.189178         reflect
  eval: e=0.1892  p=[0.193 0.218 0.768 0.743 0.656 0.874 0.547 0.689 0.348 0.502]
     4           15         0.189178         reflect
  eval: e=0.1892  p=[0.194 0.219 0.771 0.775 0.620 0.873 0.549 0.686 0.349 0.504]
     5           16         0.189178         reflect
  eval: e=0.1892  p=[0.195 0.220 0.774 0.774 0.647 0.872 0.551 0.682 0.350 0.506]
     6           17         0.189178         reflect
  eval: e=0.1892  p=[0.184 0.221 0.777 0.774 0.647 0.870 0.553 0.677 0.352 0.508]
     7           18         0.189178         reflect
  eval: e=0.1891  p=[0.192 0.222 0.781 0.773 0.647 0.868 0.524 0.671 0.354 0.510]
  eval: e=0.1888  p=[0.193 0.225 0.793 0.771 0.647 0.862 0.503 0.653 0.359 0.518]
     8           20         0.188833         expand
  eval: e=0.1890  p=[0.193 0.211 0.788 0.772 0.647 0.865 0.543 0.660 0.357 0.515]
     9           21         0.188833         reflect
  eval: e=0.1889  p=[0.193 0.221 0.795 0.771 0.647 0.861 0.544 0.651 0.360 0.490]
    10           22         0.188833         reflect
  eval: e=0.1887  p=[0.194 0.222 0.802 0.769 0.647 0.858 0.545 0.640 0.343 0.513]
  eval: e=0.1881  p=[0.196 0.226 0.825 0.765 0.647 0.847 0.549 0.607 0.334 0.523]
    11           24         0.188078         expand
  eval: e=0.1886  p=[0.195 0.225 0.771 0.767 0.647 0.851 0.548 0.621 0.358 0.519]
    12           25         0.188078         reflect
  eval: e=0.1886  p=[0.193 0.223 0.800 0.753 0.637 0.895 0.541 0.620 0.356 0.516]
    13           26         0.188078         reflect
  eval: e=0.1885  p=[0.193 0.224 0.804 0.799 0.632 0.864 0.538 0.610 0.357 0.518]
    14           27         0.188078         reflect
  eval: e=0.1883  p=[0.191 0.223 0.805 0.773 0.639 0.865 0.532 0.603 0.356 0.517]
    15           28         0.188078         reflect
  eval: e=0.1881  p=[0.191 0.224 0.814 0.772 0.670 0.862 0.531 0.582 0.358 0.522]
    16           29         0.188078         reflect
  eval: e=0.1878  p=[0.202 0.223 0.816 0.772 0.647 0.863 0.522 0.572 0.357 0.520]
  eval: e=0.1867  p=[0.211 0.225 0.835 0.771 0.648 0.859 0.507 0.519 0.359 0.527]
    17           31         0.186667         expand
  eval: e=0.1870  p=[0.197 0.227 0.838 0.753 0.636 0.833 0.521 0.590 0.363 0.531]
    18           32         0.186667         reflect
  eval: e=0.1870  p=[0.198 0.237 0.828 0.767 0.643 0.855 0.519 0.551 0.355 0.521]
    19           33         0.186667         reflect
  eval: e=0.1869  p=[0.198 0.231 0.828 0.767 0.642 0.857 0.514 0.540 0.351 0.553]
    20           34         0.186667         reflect
  eval: e=0.1863  p=[0.199 0.227 0.836 0.766 0.642 0.856 0.557 0.515 0.351 0.531]
  eval: e=0.1844  p=[0.202 0.228 0.858 0.764 0.639 0.852 0.585 0.446 0.346 0.537]
    21           36         0.184351         expand
  eval: e=0.1859  p=[0.199 0.229 0.876 0.770 0.639 0.867 0.520 0.513 0.349 0.534]
    22           37         0.184351         reflect
  eval: e=0.1852  p=[0.202 0.232 0.863 0.788 0.650 0.817 0.522 0.491 0.350 0.540]
    23           38         0.184351         reflect
  eval: e=0.1844  p=[0.204 0.233 0.870 0.739 0.659 0.839 0.522 0.479 0.348 0.543]
    24           39         0.184351         reflect
  eval: e=0.1838  p=[0.209 0.236 0.882 0.759 0.656 0.833 0.526 0.461 0.347 0.549]
  eval: e=0.1802  p=[0.218 0.242 0.921 0.752 0.664 0.817 0.522 0.390 0.343 0.565]
    25           41         0.180243         expand
  eval: e=0.1816  p=[0.214 0.237 0.894 0.756 0.624 0.827 0.525 0.443 0.342 0.553]
    26           42         0.180243         reflect
  eval: e=0.1814  p=[0.213 0.238 0.896 0.760 0.641 0.838 0.502 0.385 0.367 0.558]
    27           43         0.180243         reflect
  eval: e=0.1814  p=[0.214 0.227 0.908 0.757 0.645 0.826 0.528 0.409 0.349 0.567]
    28           44         0.180243         reflect
  eval: e=0.1813  p=[0.218 0.237 0.911 0.772 0.654 0.847 0.529 0.333 0.338 0.564]
    29           45         0.180243         reflect
  eval: e=0.1783  p=[0.221 0.235 0.939 0.758 0.650 0.821 0.539 0.342 0.347 0.545]
  eval: e=0.1703  p=[0.232 0.237 0.994 0.754 0.654 0.803 0.551 0.243 0.344 0.541]
    30           47           0.1703         expand
  eval: e=0.1739  p=[0.212 0.243 0.963 0.751 0.646 0.807 0.554 0.307 0.336 0.574]
    31           48           0.1703         reflect
  eval: e=0.1741  p=[0.227 0.242 0.939 0.749 0.656 0.788 0.548 0.273 0.343 0.575]
    32           49           0.1703         reflect
  eval: e=0.1714  p=[0.229 0.241 0.968 0.723 0.647 0.832 0.551 0.250 0.341 0.575]
    33           50           0.1703         reflect
  eval: e=0.1715  p=[0.231 0.242 0.981 0.769 0.635 0.809 0.558 0.217 0.342 0.579]
    34           51           0.1703         reflect
  eval: e=3.2369  p=[0.239 0.249 1.000 0.744 0.655 0.787 0.489 0.204 0.342 0.593]
  eval: e=0.1814  p=[0.211 0.233 0.898 0.759 0.643 0.836 0.561 0.385 0.345 0.551]
    35           53           0.1703         contract inside
  eval: e=0.1736  p=[0.227 0.239 0.982 0.753 0.673 0.813 0.556 0.195 0.348 0.577]
    36           54           0.1703         reflect
  eval: e=0.1686  p=[0.231 0.239 0.997 0.747 0.662 0.798 0.589 0.215 0.319 0.576]
  eval: e=21.8491  p=[0.240 0.239 1.000 0.741 0.673 0.777 0.633 0.131 0.294 0.585]
    37           56         0.168615         reflect
  eval: e=2.4898  p=[0.236 0.244 1.000 0.746 0.665 0.792 0.537 0.181 0.335 0.587]
  eval: e=0.1787  p=[0.218 0.236 0.927 0.756 0.648 0.825 0.555 0.334 0.343 0.560]
    38           58         0.168615         contract inside
  eval: e=0.9092  p=[0.235 0.253 1.000 0.748 0.663 0.802 0.574 0.143 0.331 0.570]
  eval: e=0.1784  p=[0.219 0.233 0.933 0.755 0.650 0.820 0.540 0.342 0.344 0.568]
    39           60         0.168615         contract inside
  eval: e=1.0690  p=[0.230 0.242 1.000 0.730 0.653 0.776 0.576 0.220 0.343 0.574]
  eval: e=0.1785  p=[0.221 0.238 0.936 0.761 0.654 0.829 0.540 0.305 0.339 0.567]
    40           62         0.168615         contract inside
  eval: e=0.2726  p=[0.232 0.236 1.000 0.752 0.641 0.807 0.586 0.146 0.336 0.573]
  eval: e=0.1774  p=[0.221 0.241 0.941 0.752 0.658 0.815 0.538 0.329 0.341 0.567]
    41           64         0.168615         contract inside
  eval: e=0.1677  p=[0.232 0.243 1.000 0.747 0.659 0.798 0.551 0.201 0.337 0.579]
  eval: e=13.3608  p=[0.240 0.246 1.000 0.742 0.664 0.784 0.548 0.134 0.334 0.589]
    42           66         0.167712         reflect
  eval: e=0.3024  p=[0.231 0.242 1.000 0.739 0.654 0.788 0.567 0.210 0.340 0.576]
  eval: e=0.1761  p=[0.224 0.239 0.953 0.756 0.654 0.819 0.547 0.281 0.339 0.569]
    43           68         0.167712         contract inside
  eval: e=1.2595  p=[0.234 0.248 1.000 0.745 0.660 0.796 0.569 0.160 0.334 0.574]
  eval: e=0.1758  p=[0.223 0.237 0.952 0.752 0.652 0.814 0.547 0.297 0.341 0.570]
    44           70         0.167712         contract inside
  eval: e=0.3654  p=[0.232 0.240 1.000 0.748 0.649 0.801 0.572 0.167 0.336 0.576]
  eval: e=0.1751  p=[0.224 0.240 0.957 0.751 0.656 0.812 0.547 0.289 0.340 0.569]
    45           72         0.167712         contract inside
  eval: e=0.1678  p=[0.230 0.242 0.994 0.744 0.654 0.796 0.563 0.216 0.339 0.574]
    46           73         0.167712         reflect
  eval: e=0.2274  p=[0.232 0.245 1.000 0.745 0.657 0.797 0.567 0.185 0.336 0.574]
  eval: e=0.1738  p=[0.225 0.239 0.965 0.751 0.653 0.810 0.552 0.269 0.340 0.571]
    47           75         0.167712         contract inside
  eval: e=0.1671  p=[0.231 0.241 0.999 0.746 0.652 0.799 0.568 0.189 0.337 0.575]
  eval: e=4.3544  p=[0.235 0.241 1.000 0.744 0.650 0.793 0.579 0.139 0.336 0.578]
    48           77         0.167119         reflect
  eval: e=8.6491  p=[0.229 0.239 1.000 0.748 0.652 0.825 0.570 0.188 0.333 0.569]
  eval: e=0.1726  p=[0.228 0.241 0.962 0.748 0.655 0.797 0.554 0.251 0.341 0.573]
    49           79         0.167119         contract inside
  eval: e=0.4387  p=[0.248 0.237 1.000 0.745 0.663 0.804 0.564 0.142 0.342 0.570]
  eval: e=0.1723  p=[0.221 0.242 0.974 0.750 0.650 0.806 0.557 0.266 0.337 0.573]
    50           81         0.167119         contract inside
  eval: e=0.4176  p=[0.233 0.242 1.000 0.746 0.655 0.800 0.568 0.180 0.337 0.574]
  eval: e=0.1722  p=[0.227 0.240 0.975 0.749 0.654 0.807 0.556 0.247 0.339 0.571]
    51           83         0.167119         contract inside
  eval: e=0.1667  p=[0.232 0.242 0.986 0.742 0.631 0.796 0.564 0.264 0.327 0.567]
  eval: e=0.1632  p=[0.234 0.244 0.989 0.737 0.610 0.787 0.567 0.299 0.317 0.562]
    52           85         0.163183         expand
  eval: e=1.6222  p=[0.232 0.241 1.000 0.745 0.641 0.810 0.568 0.217 0.330 0.568]
  eval: e=0.1710  p=[0.229 0.241 0.974 0.747 0.651 0.800 0.557 0.243 0.338 0.572]
    53           87         0.163183         contract inside
  eval: e=0.1677  p=[0.241 0.240 1.000 0.743 0.645 0.799 0.566 0.198 0.333 0.568]
    54           88         0.163183         reflect
  eval: e=0.3370  p=[0.237 0.242 1.000 0.742 0.640 0.797 0.568 0.208 0.330 0.569]
  eval: e=0.1704  p=[0.230 0.240 0.982 0.747 0.650 0.805 0.559 0.237 0.337 0.571]
    55           90         0.163183         contract inside
  eval: e=0.1641  p=[0.232 0.240 0.999 0.719 0.662 0.795 0.567 0.241 0.327 0.560]
    56           91         0.163183         reflect
  eval: e=3.1397  p=[0.236 0.240 1.000 0.763 0.653 0.764 0.577 0.206 0.324 0.560]
  eval: e=0.1696  p=[0.231 0.241 0.981 0.733 0.648 0.815 0.557 0.239 0.337 0.572]
    57           93         0.163183         contract inside
  eval: e=1.7125  p=[0.236 0.240 1.000 0.736 0.648 0.798 0.570 0.213 0.327 0.563]
  eval: e=0.1693  p=[0.231 0.241 0.984 0.745 0.651 0.800 0.561 0.235 0.335 0.570]
    58           95         0.163183         contract inside
  eval: e=0.4017  p=[0.235 0.241 1.000 0.735 0.649 0.793 0.569 0.218 0.328 0.564]
  eval: e=0.1689  p=[0.231 0.241 0.988 0.744 0.650 0.802 0.562 0.232 0.335 0.569]
    59           97         0.163183         contract inside
  eval: e=0.1637  p=[0.233 0.245 0.992 0.727 0.645 0.795 0.579 0.210 0.319 0.600]
    60           98         0.163183         reflect
  eval: e=0.7584  p=[0.235 0.242 1.000 0.747 0.650 0.779 0.577 0.208 0.323 0.575]
  eval: e=0.1681  p=[0.232 0.241 0.987 0.736 0.649 0.806 0.562 0.231 0.333 0.572]
    61          100         0.163183         contract inside
  eval: e=0.4207  p=[0.235 0.242 1.000 0.733 0.647 0.795 0.574 0.211 0.324 0.577]
  eval: e=0.1680  p=[0.232 0.241 0.989 0.742 0.650 0.799 0.564 0.229 0.332 0.572]
    62          102         0.163183         contract inside
  eval: e=0.1804  p=[0.234 0.243 1.000 0.733 0.647 0.792 0.574 0.214 0.324 0.578]
  eval: e=0.1677  p=[0.232 0.241 0.991 0.742 0.649 0.800 0.565 0.228 0.332 0.571]
    63          104         0.163183         contract inside
  eval: e=0.1637  p=[0.235 0.245 0.992 0.729 0.633 0.797 0.541 0.233 0.343 0.571]
    64          105         0.163183         reflect
  eval: e=0.1914  p=[0.235 0.243 1.000 0.738 0.643 0.787 0.564 0.217 0.330 0.574]
  eval: e=0.1670  p=[0.232 0.242 0.991 0.737 0.647 0.801 0.563 0.228 0.332 0.573]
    65          107         0.163183         contract inside
  eval: e=0.1636  p=[0.235 0.243 1.000 0.732 0.642 0.795 0.562 0.219 0.331 0.575]
    66          108         0.163183         reflect
  eval: e=0.1626  p=[0.237 0.243 0.997 0.728 0.634 0.797 0.562 0.233 0.323 0.573]
  eval: e=0.1597  p=[0.241 0.244 0.998 0.720 0.625 0.798 0.562 0.241 0.314 0.572]
    67          110         0.159712         expand
  eval: e=0.1640  p=[0.227 0.246 0.990 0.724 0.639 0.793 0.559 0.260 0.324 0.579]
    68          111         0.159712         reflect
  eval: e=0.1610  p=[0.234 0.243 0.988 0.716 0.622 0.794 0.576 0.268 0.319 0.568]
    69          112         0.159712         reflect
  eval: e=0.1591  p=[0.235 0.245 0.996 0.716 0.626 0.791 0.564 0.250 0.321 0.575]
  eval: e=0.1539  p=[0.236 0.248 0.999 0.703 0.614 0.787 0.564 0.261 0.315 0.577]
    70          114          0.15392         expand
  eval: e=0.1578  p=[0.236 0.247 0.988 0.702 0.616 0.789 0.560 0.303 0.311 0.572]
    71          115          0.15392         reflect
  eval: e=0.1553  p=[0.236 0.247 0.996 0.705 0.614 0.785 0.565 0.279 0.311 0.574]
    72          116          0.15392         reflect
  eval: e=0.1567  p=[0.237 0.250 0.988 0.720 0.590 0.789 0.560 0.274 0.314 0.591]
    73          117          0.15392         reflect
  eval: e=0.1554  p=[0.244 0.246 0.996 0.714 0.602 0.790 0.568 0.258 0.314 0.573]
    74          118          0.15392         reflect
  eval: e=0.1545  p=[0.239 0.247 0.995 0.706 0.603 0.785 0.591 0.289 0.290 0.582]
    75          119          0.15392         reflect
  eval: e=0.1533  p=[0.242 0.246 0.995 0.704 0.583 0.785 0.556 0.328 0.309 0.549]
  eval: e=0.1504  p=[0.247 0.247 0.997 0.693 0.552 0.779 0.544 0.387 0.303 0.524]
    76          121         0.150446         expand
  eval: e=0.1513  p=[0.242 0.249 0.987 0.691 0.568 0.782 0.569 0.353 0.291 0.564]
    77          122         0.150446         reflect
  eval: e=0.1449  p=[0.245 0.249 0.998 0.677 0.591 0.789 0.564 0.284 0.300 0.578]
  eval: e=0.2052  p=[0.250 0.252 1.000 0.648 0.581 0.790 0.562 0.277 0.291 0.586]
    78          124         0.144948         reflect
  eval: e=0.1458  p=[0.247 0.252 1.000 0.691 0.573 0.780 0.553 0.317 0.294 0.573]
    79          125         0.144948         reflect
  eval: e=0.1462  p=[0.241 0.252 0.990 0.680 0.560 0.773 0.566 0.360 0.295 0.570]
    80          126         0.144948         reflect
  eval: e=0.1540  p=[0.246 0.251 1.000 0.694 0.558 0.779 0.569 0.309 0.295 0.569]
    81          127         0.144948         reflect
  eval: e=0.3347  p=[0.248 0.247 1.000 0.670 0.577 0.777 0.571 0.346 0.288 0.546]
  eval: e=0.1533  p=[0.240 0.250 0.992 0.708 0.587 0.786 0.563 0.292 0.308 0.579]
    82          129         0.144948         contract inside
  eval: e=0.1454  p=[0.239 0.253 0.995 0.675 0.561 0.775 0.562 0.369 0.286 0.565]
    83          130         0.144948         reflect
  eval: e=0.1432  p=[0.248 0.252 0.995 0.679 0.539 0.778 0.565 0.365 0.284 0.562]
  eval: e=0.1403  p=[0.254 0.255 0.994 0.666 0.502 0.775 0.565 0.408 0.270 0.556]
    84          132         0.140321         expand
  eval: e=0.1398  p=[0.248 0.254 0.995 0.669 0.530 0.776 0.533 0.379 0.301 0.549]
  eval: e=0.1349  p=[0.253 0.258 0.995 0.651 0.493 0.772 0.503 0.423 0.306 0.533]
    85          134         0.134943         expand
  eval: e=0.1479  p=[0.242 0.252 0.988 0.673 0.562 0.781 0.542 0.382 0.299 0.555]
    86          135         0.134943         reflect
  eval: e=0.1451  p=[0.254 0.256 0.988 0.658 0.495 0.771 0.543 0.454 0.275 0.542]
    87          136         0.134943         reflect
  eval: e=0.1417  p=[0.253 0.255 0.995 0.643 0.504 0.770 0.540 0.456 0.276 0.533]
    88          137         0.134943         reflect
  eval: e=0.1593  p=[0.253 0.257 1.000 0.650 0.511 0.772 0.527 0.415 0.290 0.542]
  eval: e=0.1471  p=[0.245 0.251 0.990 0.681 0.553 0.779 0.559 0.368 0.291 0.558]
    89          139         0.134943         contract inside
  eval: e=0.1335  p=[0.248 0.259 0.990 0.646 0.527 0.774 0.555 0.377 0.275 0.589]
  eval: e=0.1235  p=[0.249 0.266 0.986 0.623 0.515 0.771 0.560 0.372 0.261 0.621]
    90          141         0.123546         expand
  eval: e=0.1325  p=[0.253 0.258 0.998 0.656 0.507 0.770 0.561 0.381 0.272 0.571]
    91          142         0.123546         reflect
  eval: e=0.1305  p=[0.253 0.260 0.998 0.643 0.507 0.770 0.545 0.396 0.276 0.570]
    92          143         0.123546         reflect
  eval: e=0.1296  p=[0.259 0.260 0.999 0.636 0.490 0.776 0.533 0.412 0.269 0.558]
    93          144         0.123546         reflect
  eval: e=0.1351  p=[0.255 0.262 0.989 0.615 0.460 0.768 0.542 0.473 0.264 0.552]
    94          145         0.123546         reflect
  eval: e=0.1276  p=[0.266 0.263 0.993 0.618 0.452 0.771 0.529 0.443 0.268 0.557]
    95          146         0.123546         reflect
  eval: e=0.1267  p=[0.255 0.261 1.000 0.628 0.509 0.775 0.546 0.356 0.278 0.583]
    96          147         0.123546         reflect
  eval: e=0.1426  p=[0.265 0.270 0.992 0.599 0.397 0.755 0.521 0.540 0.249 0.549]
  eval: e=0.1338  p=[0.260 0.265 0.993 0.618 0.446 0.763 0.532 0.476 0.261 0.556]
    97          149         0.123546         contract outside
  eval: e=0.1168  p=[0.258 0.266 0.995 0.628 0.471 0.773 0.543 0.373 0.269 0.599]
  eval: e=0.1035  p=[0.261 0.272 0.995 0.620 0.455 0.774 0.545 0.331 0.265 0.632]
    98          151          0.10349         expand
  eval: e=0.1110  p=[0.259 0.270 0.996 0.596 0.465 0.767 0.515 0.405 0.274 0.591]
    99          152          0.10349         reflect
  eval: e=0.1442  p=[0.258 0.264 1.000 0.643 0.507 0.775 0.532 0.326 0.282 0.602]
  eval: e=0.1291  p=[0.256 0.263 0.992 0.622 0.472 0.769 0.539 0.437 0.269 0.565]
   100          154          0.10349         contract inside
  eval: e=0.1124  p=[0.261 0.269 0.995 0.602 0.471 0.769 0.578 0.379 0.233 0.628]
   101          155          0.10349         reflect
  eval: e=0.1158  p=[0.254 0.263 0.997 0.631 0.523 0.779 0.559 0.306 0.272 0.619]
   102          156          0.10349         reflect
  eval: e=0.1063  p=[0.261 0.272 0.992 0.588 0.464 0.774 0.528 0.387 0.261 0.614]
   103          157          0.10349         reflect
  eval: e=0.1038  p=[0.264 0.272 0.992 0.590 0.456 0.775 0.542 0.369 0.253 0.624]
   104          158          0.10349         reflect
  eval: e=0.0984  p=[0.258 0.274 0.989 0.587 0.466 0.770 0.555 0.345 0.258 0.648]
  eval: e=0.0866  p=[0.257 0.282 0.984 0.563 0.455 0.766 0.566 0.311 0.252 0.693]
   105          160        0.0866306         expand
  eval: e=0.0911  p=[0.261 0.275 0.994 0.590 0.481 0.775 0.554 0.295 0.255 0.668]
   106          161        0.0866306         reflect
  eval: e=0.0882  p=[0.250 0.277 0.993 0.587 0.507 0.774 0.569 0.259 0.252 0.697]
   107          162        0.0866306         reflect
  eval: e=0.0905  p=[0.261 0.282 0.984 0.570 0.450 0.770 0.557 0.327 0.238 0.694]
   108          163        0.0866306         reflect
  eval: e=0.0878  p=[0.269 0.281 0.998 0.564 0.430 0.774 0.542 0.302 0.250 0.671]
   109          164        0.0866306         reflect
  eval: e=0.0945  p=[0.267 0.287 0.987 0.543 0.404 0.765 0.541 0.367 0.235 0.684]
   110          165        0.0866306         reflect
  eval: e=0.0808  p=[0.261 0.285 0.987 0.561 0.443 0.774 0.514 0.292 0.275 0.686]
  eval: e=0.0872  p=[0.261 0.293 0.984 0.540 0.429 0.776 0.483 0.248 0.295 0.715]
   111          167        0.0808181         reflect
  eval: e=0.0838  p=[0.264 0.287 0.985 0.559 0.444 0.777 0.577 0.243 0.233 0.742]
   112          168        0.0808181         reflect
  eval: e=0.0846  p=[0.262 0.289 0.987 0.561 0.441 0.771 0.573 0.232 0.241 0.744]
   113          169        0.0808181         reflect
  eval: e=0.0855  p=[0.259 0.292 0.987 0.554 0.445 0.769 0.566 0.223 0.246 0.758]
   114          170        0.0808181         reflect
  eval: e=0.1028  p=[0.261 0.295 0.982 0.510 0.445 0.769 0.567 0.239 0.230 0.776]
  eval: e=0.0873  p=[0.261 0.290 0.986 0.538 0.447 0.770 0.562 0.262 0.239 0.740]
   115          172        0.0808181         contract outside
  eval: e=0.0775  p=[0.254 0.281 0.990 0.586 0.505 0.780 0.576 0.183 0.261 0.735]
  eval: e=0.0900  p=[0.248 0.277 0.991 0.607 0.555 0.787 0.593 0.091 0.274 0.761]
   116          174        0.0774603         reflect
  eval: e=0.0922  p=[0.259 0.294 0.982 0.539 0.432 0.770 0.567 0.231 0.243 0.764]
  eval: e=0.0847  p=[0.261 0.280 0.991 0.577 0.469 0.774 0.557 0.279 0.252 0.692]
   117          176        0.0774603         contract inside
  eval: e=0.0803  p=[0.259 0.286 0.994 0.560 0.467 0.775 0.564 0.190 0.262 0.738]
   118          177        0.0774603         reflect
  eval: e=0.0993  p=[0.272 0.293 0.985 0.537 0.402 0.772 0.550 0.245 0.249 0.743]
  eval: e=0.0819  p=[0.255 0.281 0.991 0.575 0.481 0.774 0.565 0.255 0.252 0.709]
   119          179        0.0774603         contract inside
  eval: e=0.0743  p=[0.249 0.289 0.979 0.562 0.489 0.772 0.582 0.193 0.252 0.776]
  eval: e=0.0697  p=[0.239 0.293 0.969 0.562 0.518 0.772 0.601 0.138 0.253 0.829]
   120          181        0.0696988         expand
  eval: e=0.0797  p=[0.253 0.281 0.987 0.594 0.486 0.776 0.570 0.207 0.266 0.725]
   121          182        0.0696988         reflect
  eval: e=0.0724  p=[0.256 0.289 0.990 0.575 0.485 0.782 0.567 0.137 0.256 0.778]
   122          183        0.0696988         reflect
  eval: e=0.0812  p=[0.254 0.279 0.988 0.588 0.502 0.782 0.567 0.209 0.264 0.717]
   123          184        0.0696988         reflect
  eval: e=0.0726  p=[0.251 0.291 0.983 0.567 0.486 0.778 0.578 0.138 0.261 0.789]
   124          185        0.0696988         reflect
  eval: e=0.0764  p=[0.247 0.282 0.986 0.584 0.523 0.783 0.562 0.166 0.276 0.745]
   125          186        0.0696988         reflect
  eval: e=0.0771  p=[0.243 0.283 0.988 0.591 0.535 0.778 0.555 0.140 0.292 0.748]
   126          187        0.0696988         reflect
  eval: e=0.0673  p=[0.248 0.289 0.981 0.579 0.509 0.782 0.566 0.105 0.282 0.789]
  eval: e=0.0633  p=[0.245 0.293 0.977 0.580 0.524 0.787 0.567 0.029 0.296 0.830]
   127          189        0.0633215         expand
  eval: e=0.0723  p=[0.248 0.294 0.983 0.564 0.492 0.775 0.564 0.116 0.275 0.803]
   128          190        0.0633215         reflect
  eval: e=0.1525  p=[0.238 0.289 0.982 0.592 0.561 0.783 0.626 0.000 0.265 0.858]
  eval: e=0.0749  p=[0.255 0.286 0.986 0.569 0.472 0.776 0.542 0.218 0.272 0.729]
   129          192        0.0633215         contract inside
  eval: e=0.0802  p=[0.240 0.288 0.974 0.594 0.538 0.782 0.573 0.104 0.280 0.805]
  eval: e=0.0727  p=[0.244 0.288 0.979 0.586 0.520 0.780 0.571 0.126 0.276 0.788]
   130          194        0.0633215         contract outside
  eval: e=0.0648  p=[0.243 0.294 0.978 0.559 0.526 0.782 0.566 0.071 0.277 0.829]
   131          195        0.0633215         reflect
  eval: e=0.0664  p=[0.240 0.298 0.974 0.561 0.512 0.779 0.559 0.073 0.286 0.838]
   132          196        0.0633215         reflect
  eval: e=0.0807  p=[0.251 0.299 0.973 0.550 0.476 0.781 0.580 0.103 0.254 0.843]
  eval: e=0.0703  p=[0.245 0.287 0.984 0.581 0.521 0.779 0.561 0.131 0.282 0.772]
   133          198        0.0633215         contract inside
  eval: e=0.0789  p=[0.246 0.300 0.975 0.557 0.488 0.775 0.573 0.069 0.271 0.852]
  eval: e=0.0703  p=[0.247 0.287 0.983 0.577 0.514 0.781 0.565 0.142 0.275 0.772]
   134          200        0.0633215         contract inside
  eval: e=0.0637  p=[0.236 0.296 0.974 0.574 0.547 0.783 0.597 0.002 0.275 0.877]
   135          201        0.0633215         reflect
  eval: e=0.0741  p=[0.246 0.297 0.980 0.554 0.505 0.779 0.574 0.070 0.272 0.835]
  eval: e=0.0683  p=[0.245 0.290 0.979 0.578 0.516 0.780 0.572 0.112 0.275 0.800]
   136          203        0.0633215         contract inside
  eval: e=0.0656  p=[0.238 0.294 0.975 0.575 0.545 0.781 0.566 0.052 0.289 0.837]
   137          204        0.0633215         reflect
  eval: e=0.0653  p=[0.229 0.296 0.965 0.567 0.558 0.778 0.577 0.036 0.301 0.859]
   138          205        0.0633215         reflect
  eval: e=0.0755  p=[0.234 0.292 0.969 0.579 0.564 0.785 0.582 0.042 0.287 0.845]
  eval: e=0.0668  p=[0.244 0.293 0.979 0.568 0.510 0.778 0.569 0.097 0.278 0.814]
   139          207        0.0633215         contract inside
  eval: e=0.0618  p=[0.234 0.300 0.968 0.564 0.541 0.779 0.582 0.006 0.288 0.885]
  eval: e=37.8562  p=[0.227 0.307 0.960 0.557 0.555 0.777 0.591 0.000 0.295 0.942]
   140          209         0.061785         reflect
  eval: e=0.5915  p=[0.234 0.303 0.964 0.557 0.539 0.781 0.590 0.000 0.281 0.908]
  eval: e=0.0667  p=[0.242 0.291 0.979 0.575 0.525 0.779 0.569 0.096 0.282 0.806]
   141          211         0.061785         contract inside
  eval: e=5.4083  p=[0.240 0.296 0.981 0.579 0.542 0.789 0.544 0.000 0.317 0.846]
  eval: e=0.0665  p=[0.240 0.294 0.972 0.566 0.524 0.776 0.587 0.098 0.269 0.833]
   142          213         0.061785         contract inside
  eval: e=0.0613  p=[0.234 0.300 0.969 0.560 0.546 0.780 0.576 0.000 0.294 0.882]
  eval: e=30.5390  p=[0.228 0.305 0.964 0.551 0.561 0.781 0.579 0.000 0.304 0.923]
   143          215        0.0612614         reflect
  eval: e=0.2384  p=[0.232 0.298 0.967 0.568 0.560 0.783 0.581 0.000 0.294 0.881]
  eval: e=0.0646  p=[0.241 0.294 0.976 0.568 0.522 0.779 0.572 0.072 0.282 0.831]
   144          217        0.0612614         contract inside
  eval: e=0.7297  p=[0.234 0.301 0.967 0.560 0.544 0.782 0.581 0.000 0.290 0.894]
  eval: e=0.0647  p=[0.240 0.293 0.976 0.571 0.530 0.780 0.572 0.070 0.284 0.828]
   145          219        0.0612614         contract inside
  eval: e=2.4179  p=[0.237 0.298 0.974 0.570 0.546 0.786 0.560 0.000 0.306 0.866]
  eval: e=0.0646  p=[0.239 0.295 0.973 0.567 0.530 0.778 0.580 0.070 0.278 0.841]
   146          221        0.0612614         contract inside
  eval: e=0.0679  p=[0.236 0.293 0.972 0.576 0.562 0.782 0.592 0.008 0.287 0.861]
  eval: e=0.0637  p=[0.239 0.297 0.973 0.565 0.524 0.780 0.567 0.057 0.286 0.844]
   147          223        0.0612614         contract inside
  eval: e=0.0648  p=[0.238 0.298 0.970 0.560 0.524 0.780 0.585 0.031 0.283 0.864]
   148          224        0.0612614         reflect
  eval: e=0.0689  p=[0.249 0.296 0.982 0.566 0.505 0.783 0.576 0.046 0.268 0.843]
  eval: e=0.0633  p=[0.234 0.296 0.969 0.567 0.545 0.779 0.577 0.038 0.293 0.855]
   149          226        0.0612614         contract inside
  eval: e=0.0634  p=[0.233 0.298 0.967 0.576 0.541 0.779 0.589 0.004 0.295 0.878]
   150          227        0.0612614         reflect
  eval: e=0.0662  p=[0.237 0.294 0.974 0.578 0.546 0.781 0.571 0.039 0.291 0.846]
  eval: e=0.0632  p=[0.238 0.297 0.971 0.564 0.530 0.780 0.581 0.033 0.285 0.860]
   151          229        0.0612614         contract inside
  eval: e=0.6543  p=[0.234 0.300 0.967 0.566 0.540 0.781 0.586 0.000 0.291 0.888]
  eval: e=0.0636  p=[0.239 0.295 0.974 0.570 0.532 0.780 0.575 0.051 0.286 0.843]
   152          231        0.0612614         contract inside
  eval: e=1.9089  p=[0.233 0.299 0.967 0.569 0.549 0.782 0.587 0.000 0.293 0.888]
  eval: e=0.0635  p=[0.239 0.296 0.974 0.568 0.529 0.780 0.575 0.050 0.285 0.845]
   153          233        0.0612614         contract inside
  eval: e=2.3636  p=[0.235 0.299 0.971 0.571 0.542 0.783 0.577 0.000 0.299 0.878]
  eval: e=0.0635  p=[0.238 0.296 0.972 0.568 0.533 0.780 0.579 0.048 0.283 0.851]
   154          235        0.0612614         contract inside
  eval: e=0.2627  p=[0.235 0.297 0.969 0.573 0.549 0.781 0.593 0.000 0.290 0.877]
  eval: e=0.0629  p=[0.238 0.297 0.972 0.567 0.531 0.780 0.574 0.042 0.287 0.852]
   155          237        0.0612614         contract inside
  eval: e=0.0632  p=[0.238 0.297 0.969 0.563 0.523 0.778 0.558 0.058 0.303 0.839]
   156          238        0.0612614         reflect
  eval: e=0.0617  p=[0.235 0.299 0.968 0.566 0.536 0.780 0.576 0.011 0.296 0.872]
   157          239        0.0612614         reflect
  eval: e=0.0614  p=[0.235 0.299 0.969 0.567 0.536 0.781 0.572 0.006 0.301 0.869]
   158          240        0.0612614         reflect
  eval: e=0.2664  p=[0.233 0.299 0.966 0.567 0.541 0.781 0.575 0.000 0.303 0.879]
  eval: e=0.0628  p=[0.238 0.297 0.972 0.568 0.532 0.780 0.575 0.037 0.289 0.854]
   159          242        0.0612614         contract inside
  eval: e=0.0638  p=[0.241 0.297 0.974 0.557 0.528 0.782 0.559 0.048 0.292 0.842]
  eval: e=0.0625  p=[0.235 0.298 0.968 0.571 0.538 0.780 0.581 0.015 0.294 0.869]
   160          244        0.0612614         contract inside
  eval: e=0.0635  p=[0.227 0.303 0.962 0.551 0.548 0.773 0.584 0.020 0.290 0.898]
  eval: e=0.0625  p=[0.240 0.295 0.973 0.573 0.530 0.783 0.571 0.027 0.295 0.847]
   161          246        0.0612614         contract inside
  eval: e=0.0633  p=[0.239 0.300 0.971 0.566 0.524 0.781 0.573 0.009 0.294 0.871]
  eval: e=0.0624  p=[0.238 0.299 0.970 0.566 0.529 0.780 0.574 0.016 0.294 0.867]
   162          248        0.0612614         contract outside
  eval: e=0.0613  p=[0.235 0.299 0.968 0.568 0.539 0.780 0.566 0.011 0.303 0.868]
   163          249        0.0612614         reflect
  eval: e=5.7632  p=[0.235 0.299 0.971 0.571 0.548 0.783 0.592 0.000 0.285 0.893]
  eval: e=0.0624  p=[0.237 0.298 0.969 0.565 0.530 0.779 0.566 0.038 0.299 0.853]
   164          251        0.0612614         contract inside
  eval: e=0.6830  p=[0.234 0.300 0.967 0.567 0.541 0.780 0.575 0.000 0.304 0.881]
  eval: e=0.0624  p=[0.237 0.297 0.971 0.567 0.533 0.780 0.574 0.029 0.291 0.859]
   165          253        0.0612614         contract inside
  eval: e=0.2513  p=[0.234 0.300 0.967 0.566 0.539 0.781 0.573 0.000 0.302 0.880]
  eval: e=0.0623  p=[0.237 0.297 0.971 0.567 0.534 0.780 0.575 0.026 0.292 0.860]
   166          255        0.0612614         contract inside
  eval: e=0.0620  p=[0.231 0.302 0.965 0.559 0.543 0.777 0.577 0.005 0.296 0.890]
   167          256        0.0612614         reflect
  eval: e=0.0625  p=[0.236 0.300 0.969 0.559 0.536 0.780 0.566 0.015 0.297 0.872]
  eval: e=0.0619  p=[0.235 0.298 0.969 0.568 0.537 0.780 0.578 0.015 0.295 0.870]
   168          258        0.0612614         contract inside
  eval: e=1.5619  p=[0.233 0.300 0.968 0.566 0.545 0.780 0.584 0.000 0.292 0.892]
  eval: e=0.0621  p=[0.236 0.298 0.969 0.565 0.533 0.779 0.571 0.025 0.297 0.863]
   169          260        0.0612614         contract inside
  eval: e=0.0615  p=[0.232 0.299 0.967 0.564 0.547 0.779 0.576 0.011 0.297 0.877]
   170          261        0.0612614         reflect
  eval: e=0.3651  p=[0.232 0.301 0.965 0.563 0.545 0.779 0.576 0.000 0.301 0.888]
  eval: e=0.0620  p=[0.236 0.298 0.970 0.566 0.536 0.780 0.574 0.021 0.294 0.867]
   171          263        0.0612614         contract inside
  eval: e=0.2062  p=[0.232 0.301 0.966 0.562 0.545 0.779 0.575 0.000 0.300 0.888]
  eval: e=0.0619  p=[0.236 0.298 0.969 0.566 0.537 0.780 0.575 0.019 0.294 0.867]
   172          265        0.0612614         contract inside
  eval: e=0.2224  p=[0.233 0.300 0.967 0.565 0.546 0.780 0.580 0.000 0.295 0.887]
  eval: e=0.0618  p=[0.235 0.299 0.969 0.565 0.537 0.780 0.573 0.018 0.296 0.869]
   173          267        0.0612614         contract inside
  eval: e=0.0621  p=[0.238 0.296 0.972 0.572 0.536 0.783 0.572 0.019 0.296 0.855]
  eval: e=0.0617  p=[0.233 0.300 0.967 0.562 0.541 0.778 0.576 0.009 0.296 0.881]
   174          269        0.0612614         contract inside
  eval: e=0.0612  p=[0.233 0.300 0.967 0.564 0.543 0.779 0.576 0.001 0.299 0.882]
  eval: e=0.8621  p=[0.232 0.301 0.965 0.563 0.547 0.779 0.576 0.000 0.301 0.889]
   175          271        0.0611503         reflect
  eval: e=0.0612  p=[0.233 0.300 0.967 0.561 0.543 0.780 0.572 0.003 0.298 0.881]
   176          272        0.0611503         reflect
  eval: e=0.1697  p=[0.232 0.301 0.966 0.562 0.545 0.779 0.574 0.000 0.300 0.886]
  eval: e=0.0616  p=[0.235 0.299 0.969 0.565 0.539 0.780 0.575 0.013 0.296 0.872]
   177          274        0.0611503         contract inside
  eval: e=0.1742  p=[0.233 0.300 0.967 0.563 0.546 0.780 0.576 0.000 0.297 0.885]
  eval: e=0.0616  p=[0.235 0.299 0.968 0.565 0.539 0.780 0.574 0.013 0.297 0.873]
   178          276        0.0611503         contract inside
  eval: e=0.0610  p=[0.234 0.299 0.968 0.565 0.541 0.781 0.566 0.010 0.307 0.866]
  eval: e=0.0607  p=[0.234 0.298 0.968 0.565 0.540 0.782 0.557 0.011 0.317 0.857]
   179          278        0.0606799         expand
  eval: e=0.0608  p=[0.233 0.300 0.968 0.563 0.547 0.780 0.568 0.004 0.303 0.876]
   180          279        0.0606799         reflect
  eval: e=0.0609  p=[0.235 0.298 0.969 0.566 0.543 0.782 0.566 0.007 0.305 0.866]
   181          280        0.0606799         reflect
  eval: e=0.0606  p=[0.233 0.299 0.967 0.564 0.546 0.781 0.566 0.000 0.307 0.874]
  eval: e=0.4387  p=[0.232 0.300 0.967 0.563 0.549 0.781 0.561 0.000 0.313 0.875]
   182          282        0.0605936         reflect
  eval: e=0.0817  p=[0.233 0.299 0.968 0.564 0.547 0.781 0.565 0.000 0.308 0.873]
  eval: e=0.0613  p=[0.234 0.299 0.968 0.565 0.541 0.780 0.572 0.009 0.300 0.873]
   183          284        0.0605936         contract inside
  eval: e=0.0617  p=[0.236 0.299 0.969 0.564 0.538 0.782 0.562 0.000 0.308 0.868]
  eval: e=0.0612  p=[0.233 0.299 0.967 0.564 0.545 0.780 0.572 0.008 0.300 0.875]
   184          286        0.0605936         contract inside
  eval: e=0.0606  p=[0.232 0.300 0.967 0.561 0.550 0.780 0.567 0.005 0.304 0.877]
   185          287        0.0605936         reflect
  eval: e=0.0606  p=[0.233 0.299 0.968 0.563 0.547 0.781 0.566 0.001 0.306 0.874]
  eval: e=0.1369  p=[0.232 0.299 0.967 0.562 0.551 0.781 0.563 0.000 0.310 0.875]
   186          289        0.0605504         reflect
  eval: e=0.1466  p=[0.232 0.300 0.967 0.558 0.551 0.780 0.571 0.000 0.303 0.881]
  eval: e=0.0610  p=[0.234 0.299 0.968 0.566 0.542 0.780 0.568 0.008 0.303 0.871]
   187          291        0.0605504         contract inside
  eval: e=0.0610  p=[0.233 0.299 0.966 0.568 0.543 0.780 0.559 0.009 0.315 0.864]
   188          292        0.0605504         reflect
  eval: e=0.0604  p=[0.234 0.299 0.968 0.564 0.544 0.781 0.560 0.002 0.311 0.869]
  eval: e=0.0838  p=[0.234 0.299 0.968 0.564 0.544 0.782 0.554 0.000 0.317 0.867]
   189          294        0.0604179         reflect
  eval: e=0.0608  p=[0.233 0.298 0.968 0.568 0.546 0.782 0.558 0.006 0.316 0.861]
   190          295        0.0604179         reflect
  eval: e=0.0604  p=[0.234 0.298 0.969 0.565 0.547 0.782 0.551 0.010 0.319 0.856]
  eval: e=0.0603  p=[0.234 0.297 0.969 0.566 0.548 0.784 0.539 0.014 0.329 0.844]
   191          297        0.0602695         expand
  eval: e=0.0602  p=[0.232 0.298 0.968 0.564 0.549 0.782 0.554 0.004 0.319 0.861]
  eval: e=0.0599  p=[0.232 0.298 0.967 0.563 0.553 0.783 0.547 0.003 0.327 0.857]
   192          299         0.059908         expand
  eval: e=0.0602  p=[0.233 0.299 0.970 0.561 0.550 0.782 0.559 0.001 0.311 0.866]
   193          300         0.059908         reflect
  eval: e=0.0600  p=[0.231 0.299 0.967 0.561 0.551 0.781 0.551 0.003 0.321 0.865]
   194          301         0.059908         reflect
  eval: e=0.0600  p=[0.233 0.298 0.968 0.564 0.549 0.784 0.546 0.005 0.327 0.853]
   195          302         0.059908         reflect
  eval: e=0.0600  p=[0.233 0.299 0.968 0.559 0.550 0.782 0.553 0.003 0.316 0.866]
   196          303         0.059908         reflect
  eval: e=0.2025  p=[0.231 0.300 0.968 0.559 0.557 0.782 0.554 0.000 0.315 0.872]
  eval: e=0.0604  p=[0.233 0.298 0.968 0.564 0.545 0.782 0.556 0.007 0.316 0.861]
   197          305         0.059908         contract inside
  eval: e=0.0598  p=[0.234 0.297 0.969 0.565 0.546 0.784 0.542 0.003 0.331 0.849]
  eval: e=0.0595  p=[0.235 0.296 0.969 0.566 0.544 0.786 0.530 0.002 0.344 0.835]
   198          307        0.0594838         expand
  eval: e=0.0596  p=[0.233 0.297 0.969 0.562 0.550 0.784 0.536 0.008 0.335 0.844]
   199          308        0.0594838         reflect
  eval: e=0.0595  p=[0.233 0.297 0.969 0.563 0.549 0.785 0.530 0.008 0.341 0.838]
  eval: e=0.0592  p=[0.233 0.295 0.970 0.563 0.550 0.787 0.512 0.012 0.359 0.819]
   200          310        0.0591788         expand
  eval: e=0.0594  p=[0.232 0.296 0.969 0.562 0.554 0.786 0.526 0.010 0.346 0.833]
   201          311        0.0591788         reflect
  eval: e=0.0591  p=[0.232 0.297 0.969 0.561 0.555 0.786 0.524 0.005 0.347 0.836]
  eval: e=0.0588  p=[0.232 0.296 0.970 0.560 0.561 0.788 0.507 0.003 0.362 0.823]
   202          313        0.0587805         expand
  eval: e=0.2267  p=[0.232 0.298 0.968 0.558 0.554 0.785 0.535 0.000 0.341 0.849]
  eval: e=0.0599  p=[0.233 0.297 0.969 0.564 0.550 0.784 0.538 0.010 0.332 0.845]
   203          315        0.0587805         contract inside
  eval: e=0.0597  p=[0.232 0.296 0.968 0.564 0.553 0.787 0.510 0.010 0.363 0.821]
   204          316        0.0587805         reflect
  eval: e=0.0605  p=[0.233 0.294 0.969 0.567 0.553 0.788 0.507 0.010 0.367 0.813]
  eval: e=0.0596  p=[0.233 0.298 0.968 0.561 0.551 0.783 0.542 0.005 0.329 0.853]
   205          318        0.0587805         contract inside
  eval: e=0.0590  p=[0.232 0.296 0.969 0.561 0.555 0.786 0.513 0.008 0.357 0.826]
   206          319        0.0587805         reflect
  eval: e=0.0593  p=[0.234 0.294 0.971 0.564 0.553 0.790 0.501 0.011 0.369 0.806]
   207          320        0.0587805         reflect
  eval: e=0.0588  p=[0.234 0.294 0.971 0.563 0.551 0.790 0.496 0.014 0.372 0.804]
   208          321        0.0587805         reflect
  eval: e=0.0587  p=[0.233 0.295 0.970 0.561 0.555 0.790 0.497 0.007 0.375 0.808]
  eval: e=0.0584  p=[0.233 0.293 0.970 0.560 0.557 0.793 0.476 0.006 0.397 0.790]
   209          323        0.0584152         expand
  eval: e=0.0587  p=[0.234 0.295 0.972 0.560 0.553 0.788 0.518 0.005 0.351 0.825]
   210          324        0.0584152         reflect
  eval: e=0.0592  p=[0.234 0.293 0.972 0.563 0.555 0.792 0.481 0.011 0.389 0.788]
   211          325        0.0584152         reflect
  eval: e=0.0588  p=[0.234 0.293 0.972 0.562 0.556 0.793 0.477 0.009 0.394 0.786]
   212          326        0.0584152         reflect
  eval: e=0.0586  p=[0.232 0.293 0.972 0.557 0.565 0.792 0.472 0.016 0.395 0.786]
   213          327        0.0584152         reflect
  eval: e=0.0584  p=[0.234 0.292 0.973 0.561 0.557 0.794 0.465 0.009 0.403 0.778]
   214          328        0.0584152         reflect
  eval: e=0.0581  p=[0.232 0.294 0.971 0.558 0.559 0.791 0.483 0.008 0.386 0.799]
  eval: e=0.0576  p=[0.231 0.295 0.971 0.555 0.563 0.791 0.474 0.006 0.394 0.796]
   215          330        0.0575622         expand
  eval: e=0.0582  p=[0.232 0.296 0.970 0.557 0.559 0.788 0.501 0.006 0.367 0.818]
   216          331        0.0575622         reflect
  eval: e=0.0578  p=[0.232 0.293 0.973 0.556 0.565 0.793 0.467 0.004 0.399 0.787]
   217          332        0.0575622         reflect
  eval: e=0.0578  p=[0.234 0.292 0.973 0.557 0.562 0.796 0.457 0.007 0.410 0.773]
   218          333        0.0575622         reflect
  eval: e=0.0578  p=[0.232 0.295 0.971 0.555 0.562 0.790 0.490 0.007 0.376 0.810]
   219          334        0.0575622         reflect
  eval: e=0.0574  p=[0.231 0.294 0.972 0.553 0.569 0.793 0.469 0.001 0.399 0.793]
  eval: e=0.3971  p=[0.229 0.294 0.972 0.548 0.578 0.795 0.456 0.000 0.413 0.787]
   220          336        0.0574034         reflect
  eval: e=0.0572  p=[0.233 0.292 0.973 0.554 0.562 0.796 0.451 0.010 0.416 0.768]
  eval: e=0.0566  p=[0.233 0.290 0.975 0.551 0.562 0.800 0.422 0.013 0.444 0.740]
   221          338        0.0565515         expand
  eval: e=0.0579  p=[0.231 0.291 0.972 0.552 0.572 0.798 0.421 0.010 0.446 0.749]
   222          339        0.0565515         reflect
  eval: e=0.0939  p=[0.232 0.293 0.972 0.554 0.561 0.795 0.457 0.000 0.413 0.781]
  eval: e=0.0581  p=[0.232 0.293 0.972 0.556 0.564 0.793 0.468 0.011 0.399 0.784]
   223          341        0.0565515         contract inside
  eval: e=0.0571  p=[0.230 0.294 0.971 0.550 0.569 0.793 0.464 0.005 0.403 0.790]
   224          342        0.0565515         reflect
  eval: e=0.0567  p=[0.231 0.293 0.974 0.549 0.572 0.794 0.450 0.008 0.411 0.778]
   225          343        0.0565515         reflect
  eval: e=0.0571  p=[0.231 0.290 0.975 0.550 0.573 0.800 0.416 0.008 0.449 0.742]
   226          344        0.0565515         reflect
  eval: e=0.0565  p=[0.231 0.293 0.973 0.549 0.570 0.797 0.438 0.002 0.427 0.767]
  eval: e=0.0953  p=[0.230 0.292 0.974 0.546 0.574 0.799 0.423 0.000 0.441 0.758]
   227          346        0.0565134         reflect
  eval: e=0.0574  p=[0.233 0.295 0.973 0.553 0.562 0.792 0.489 0.003 0.376 0.806]
   228          347        0.0565134         reflect
  eval: e=0.0568  p=[0.229 0.295 0.972 0.547 0.571 0.793 0.459 0.004 0.406 0.789]
   229          348        0.0565134         reflect
  eval: e=0.0564  p=[0.231 0.291 0.975 0.548 0.573 0.799 0.420 0.004 0.446 0.747]
  eval: e=0.0559  p=[0.230 0.289 0.976 0.544 0.579 0.804 0.385 0.003 0.481 0.716]
   230          350        0.0559219         expand
  eval: e=0.0561  p=[0.230 0.292 0.974 0.544 0.574 0.798 0.426 0.006 0.439 0.756]
   231          351        0.0559219         reflect
  eval: e=0.0558  p=[0.231 0.290 0.976 0.543 0.578 0.801 0.410 0.005 0.453 0.740]
  eval: e=0.0551  p=[0.231 0.288 0.978 0.537 0.585 0.806 0.378 0.005 0.482 0.711]
   232          353         0.055068         expand
  eval: e=0.0564  p=[0.229 0.289 0.975 0.542 0.583 0.804 0.372 0.008 0.492 0.710]
   233          354         0.055068         reflect
  eval: e=0.0553  p=[0.230 0.289 0.977 0.540 0.579 0.805 0.373 0.012 0.488 0.707]
   234          355         0.055068         reflect
  eval: e=0.0559  p=[0.230 0.292 0.974 0.541 0.575 0.799 0.418 0.005 0.446 0.751]
   235          356         0.055068         reflect
  eval: e=0.0551  p=[0.231 0.288 0.978 0.539 0.581 0.807 0.360 0.009 0.500 0.695]
  eval: e=0.0543  p=[0.231 0.285 0.982 0.534 0.586 0.814 0.308 0.010 0.548 0.648]
   236          358        0.0543051         expand
  eval: e=0.0552  p=[0.232 0.286 0.979 0.539 0.582 0.811 0.336 0.011 0.526 0.668]
   237          359        0.0543051         reflect
  eval: e=0.0547  p=[0.231 0.285 0.979 0.536 0.583 0.813 0.321 0.007 0.544 0.657]
   238          360        0.0543051         reflect
  eval: e=0.0546  p=[0.228 0.287 0.979 0.530 0.597 0.810 0.329 0.001 0.531 0.679]
   239          361        0.0543051         reflect
  eval: e=0.0543  p=[0.229 0.284 0.981 0.528 0.594 0.816 0.291 0.011 0.568 0.634]
  eval: e=0.0541  p=[0.228 0.280 0.986 0.517 0.606 0.826 0.217 0.016 0.638 0.567]
   240          363        0.0540583         expand
  eval: e=0.0546  p=[0.231 0.286 0.982 0.530 0.586 0.813 0.326 0.007 0.532 0.662]
   241          364        0.0540583         reflect
  eval: e=0.0538  p=[0.230 0.281 0.985 0.526 0.598 0.822 0.252 0.009 0.604 0.597]
  eval: e=0.0534  p=[0.231 0.276 0.990 0.516 0.610 0.835 0.165 0.011 0.687 0.517]
   242          366        0.0534285         expand
  eval: e=0.0542  p=[0.230 0.282 0.985 0.520 0.599 0.822 0.250 0.014 0.603 0.598]
   243          367        0.0534285         reflect
  eval: e=0.0534  p=[0.231 0.276 0.989 0.519 0.607 0.832 0.183 0.013 0.670 0.531]
  eval: e=0.0537  p=[0.232 0.269 0.996 0.509 0.623 0.849 0.065 0.017 0.782 0.421]
   244          369        0.0533902         reflect
  eval: e=0.0537  p=[0.230 0.277 0.989 0.516 0.610 0.832 0.189 0.007 0.664 0.540]
   245          370        0.0533902         reflect
  eval: e=0.0550  p=[0.229 0.279 0.988 0.512 0.612 0.829 0.198 0.007 0.654 0.554]
   246          371        0.0533902         reflect
  eval: e=0.0549  p=[0.229 0.274 0.992 0.509 0.614 0.839 0.119 0.014 0.732 0.479]
   247          372        0.0533902         reflect
  eval: e=0.0544  p=[0.232 0.283 0.982 0.533 0.587 0.818 0.284 0.013 0.576 0.622]
   248          373        0.0533902         reflect
  eval: e=0.0555  p=[0.231 0.289 0.977 0.542 0.580 0.804 0.396 0.006 0.467 0.725]
  eval: e=0.0538  p=[0.230 0.278 0.988 0.517 0.606 0.830 0.188 0.012 0.666 0.541]
   249          375        0.0533902         contract inside
  eval: e=0.0547  p=[0.230 0.277 0.991 0.511 0.616 0.834 0.167 0.013 0.679 0.524]
  eval: e=0.0541  p=[0.230 0.283 0.982 0.529 0.591 0.818 0.282 0.009 0.578 0.624]
   250          377        0.0533902         contract inside
  eval: e=0.0535  p=[0.234 0.274 0.992 0.517 0.601 0.838 0.150 0.021 0.702 0.491]
   251          378        0.0533902         reflect
  eval: e=0.0534  p=[0.230 0.273 0.991 0.514 0.615 0.840 0.118 0.018 0.734 0.474]
   252          379        0.0533902         reflect
  eval: e=0.0555  p=[0.230 0.274 0.993 0.507 0.619 0.839 0.126 0.014 0.722 0.485]
  eval: e=0.0538  p=[0.231 0.281 0.985 0.527 0.595 0.823 0.244 0.013 0.612 0.587]
   253          381        0.0533902         contract inside
  eval: e=0.0549  p=[0.230 0.271 0.993 0.505 0.622 0.845 0.089 0.016 0.763 0.446]
  eval: e=0.0538  p=[0.231 0.281 0.985 0.527 0.595 0.822 0.253 0.012 0.602 0.598]
   254          383        0.0533902         contract inside
  eval: e=0.0534  p=[0.231 0.274 0.990 0.520 0.608 0.837 0.148 0.012 0.707 0.496]
   255          384        0.0533902         reflect
  eval: e=0.0542  p=[0.231 0.271 0.995 0.509 0.620 0.845 0.089 0.018 0.759 0.445]
  eval: e=0.0537  p=[0.231 0.280 0.985 0.524 0.598 0.825 0.234 0.011 0.623 0.579]
   256          386        0.0533902         contract inside
  eval: e=0.0530  p=[0.233 0.274 0.991 0.522 0.603 0.837 0.157 0.010 0.695 0.504]
  eval: e=0.0528  p=[0.236 0.272 0.994 0.524 0.601 0.843 0.128 0.007 0.724 0.472]
   257          388        0.0527514         expand
  eval: e=0.0535  p=[0.232 0.272 0.994 0.512 0.615 0.843 0.107 0.012 0.743 0.461]
   258          389        0.0527514         reflect
  eval: e=0.0536  p=[0.232 0.269 0.996 0.509 0.619 0.849 0.068 0.013 0.782 0.423]
   259          390        0.0527514         reflect
  eval: e=0.0530  p=[0.234 0.271 0.994 0.517 0.611 0.844 0.110 0.013 0.742 0.456]
   260          391        0.0527514         reflect
  eval: e=0.0531  p=[0.234 0.270 0.994 0.519 0.607 0.845 0.093 0.020 0.758 0.440]
   261          392        0.0527514         reflect
  eval: e=0.0534  p=[0.234 0.265 0.999 0.509 0.621 0.856 0.020 0.017 0.827 0.373]
   262          393        0.0527514         reflect
  eval: e=0.0533  p=[0.233 0.275 0.990 0.524 0.600 0.834 0.176 0.016 0.676 0.520]
   263          394        0.0527514         reflect
  eval: e=0.0535  p=[0.234 0.273 0.991 0.524 0.601 0.837 0.151 0.018 0.702 0.494]
   264          395        0.0527514         reflect
  eval: e=0.0540  p=[0.232 0.271 0.992 0.520 0.616 0.843 0.108 0.008 0.744 0.463]
  eval: e=0.0531  p=[0.233 0.273 0.992 0.518 0.605 0.839 0.139 0.018 0.712 0.484]
   265          397        0.0527514         contract inside
  eval: e=0.0534  p=[0.232 0.272 0.994 0.512 0.616 0.844 0.105 0.011 0.745 0.459]
  eval: e=0.0532  p=[0.232 0.272 0.993 0.515 0.612 0.842 0.116 0.013 0.735 0.468]
   266          399        0.0527514         contract outside
  eval: e=0.0539  p=[0.231 0.281 0.984 0.528 0.595 0.822 0.255 0.011 0.602 0.598]
  eval: e=0.0530  p=[0.233 0.269 0.996 0.514 0.614 0.848 0.079 0.016 0.771 0.430]
   267          401        0.0527514         contract inside
  eval: e=0.0529  p=[0.234 0.271 0.994 0.517 0.609 0.843 0.113 0.017 0.734 0.462]
   268          402        0.0527514         reflect
  eval: e=0.0529  p=[0.236 0.269 0.995 0.520 0.606 0.847 0.086 0.019 0.764 0.430]
   269          403        0.0527514         reflect
  eval: e=0.0526  p=[0.237 0.271 0.996 0.524 0.600 0.844 0.127 0.012 0.723 0.465]
  eval: e=0.0523  p=[0.240 0.270 0.998 0.529 0.593 0.845 0.132 0.009 0.718 0.460]
   270          405        0.0522624         expand
  eval: e=0.0524  p=[0.238 0.266 0.999 0.520 0.604 0.854 0.051 0.017 0.797 0.393]
   271          406        0.0522624         reflect
  eval: e=0.0527  p=[0.237 0.265 1.000 0.514 0.612 0.857 0.034 0.014 0.814 0.380]
   272          407        0.0522624         reflect
  eval: e=0.0525  p=[0.239 0.267 0.998 0.523 0.600 0.851 0.076 0.017 0.772 0.414]
   273          408        0.0522624         reflect
  eval: e=0.0539  p=[0.239 0.265 1.000 0.522 0.607 0.856 0.041 0.012 0.807 0.383]
  eval: e=0.0528  p=[0.235 0.271 0.994 0.519 0.605 0.843 0.115 0.016 0.736 0.459]
   274          410        0.0522624         contract inside
  eval: e=0.0522  p=[0.239 0.268 0.999 0.521 0.604 0.850 0.092 0.009 0.756 0.431]
  eval: e=0.0608  p=[0.241 0.267 1.000 0.522 0.603 0.852 0.091 0.004 0.755 0.427]
   275          412        0.0522097         reflect
  eval: e=0.0523  p=[0.240 0.269 0.998 0.527 0.595 0.848 0.108 0.012 0.741 0.442]
   276          413        0.0522097         reflect
  eval: e=0.0520  p=[0.241 0.267 1.000 0.525 0.595 0.852 0.077 0.014 0.770 0.412]
  eval: e=0.1245  p=[0.245 0.265 1.000 0.529 0.587 0.856 0.060 0.015 0.784 0.391]
   277          415        0.0519597         reflect
  eval: e=0.0519  p=[0.240 0.268 0.999 0.524 0.598 0.850 0.099 0.007 0.748 0.435]
  eval: e=0.0757  p=[0.243 0.268 1.000 0.526 0.594 0.851 0.106 0.001 0.740 0.437]
   278          417        0.0519492         reflect
  eval: e=0.0786  p=[0.243 0.265 1.000 0.529 0.593 0.855 0.069 0.008 0.781 0.398]
  eval: e=0.0525  p=[0.236 0.270 0.996 0.520 0.605 0.846 0.102 0.015 0.746 0.446]
   279          419        0.0519492         contract inside
  eval: e=0.0918  p=[0.243 0.265 1.000 0.526 0.596 0.856 0.065 0.008 0.781 0.398]
  eval: e=0.0525  p=[0.237 0.269 0.996 0.521 0.603 0.846 0.102 0.014 0.747 0.444]
   280          421        0.0519492         contract inside
  eval: e=0.1118  p=[0.241 0.264 1.000 0.520 0.601 0.857 0.047 0.019 0.798 0.379]
  eval: e=0.0525  p=[0.237 0.270 0.996 0.523 0.601 0.846 0.107 0.010 0.742 0.449]
   281          423        0.0519492         contract inside
  eval: e=0.0525  p=[0.241 0.272 0.996 0.532 0.587 0.841 0.156 0.011 0.693 0.486]
   282          424        0.0519492         reflect
  eval: e=0.0520  p=[0.242 0.268 1.000 0.528 0.594 0.850 0.098 0.010 0.749 0.430]
   283          425        0.0519492         reflect
  eval: e=0.0537  p=[0.243 0.267 1.000 0.531 0.589 0.851 0.097 0.009 0.751 0.425]
  eval: e=0.0523  p=[0.238 0.269 0.997 0.522 0.601 0.847 0.101 0.013 0.747 0.441]
   284          427        0.0519492         contract inside
  eval: e=0.0619  p=[0.238 0.264 1.000 0.516 0.610 0.858 0.032 0.013 0.815 0.376]
  eval: e=0.0523  p=[0.240 0.270 0.997 0.528 0.593 0.845 0.125 0.012 0.724 0.458]
   285          429        0.0519492         contract inside
  eval: e=0.0520  p=[0.240 0.270 0.998 0.526 0.595 0.846 0.122 0.006 0.726 0.457]
   286          430        0.0519492         reflect
  eval: e=0.0570  p=[0.242 0.267 1.000 0.527 0.593 0.851 0.093 0.012 0.753 0.423]
  eval: e=0.0523  p=[0.239 0.269 0.997 0.524 0.599 0.847 0.104 0.011 0.745 0.442]
   287          432        0.0519492         contract inside
  eval: e=0.0519  p=[0.242 0.272 0.998 0.531 0.589 0.843 0.160 0.004 0.688 0.489]
  eval: e=0.0880  p=[0.243 0.274 0.997 0.536 0.581 0.837 0.214 0.000 0.634 0.536]
   288          434        0.0519238         reflect
  eval: e=0.0519  p=[0.242 0.269 1.000 0.530 0.590 0.848 0.122 0.006 0.726 0.451]
  eval: e=0.0575  p=[0.245 0.269 1.000 0.534 0.584 0.848 0.133 0.002 0.715 0.456]
   289          436        0.0518591         reflect
  eval: e=0.0519  p=[0.241 0.269 1.000 0.526 0.595 0.848 0.118 0.005 0.729 0.451]
   290          437        0.0518591         reflect
  eval: e=0.0547  p=[0.241 0.268 1.000 0.525 0.597 0.851 0.100 0.005 0.748 0.433]
  eval: e=0.0521  p=[0.240 0.269 0.998 0.527 0.594 0.847 0.119 0.010 0.730 0.452]
   291          439        0.0518591         contract inside
  eval: e=0.0529  p=[0.243 0.269 1.000 0.529 0.590 0.848 0.124 0.006 0.723 0.451]
  eval: e=0.0521  p=[0.240 0.269 0.998 0.525 0.597 0.848 0.109 0.009 0.740 0.445]
   292          441        0.0518591         contract inside
  eval: e=0.0518  p=[0.241 0.268 1.000 0.524 0.597 0.851 0.091 0.007 0.754 0.430]
  eval: e=0.0535  p=[0.241 0.267 1.000 0.522 0.600 0.853 0.071 0.005 0.772 0.415]
   293          443        0.0517697         reflect
  eval: e=0.0518  p=[0.243 0.270 0.999 0.533 0.584 0.846 0.131 0.006 0.716 0.459]
   294          444        0.0517697         reflect
  eval: e=0.0524  p=[0.242 0.268 1.000 0.527 0.593 0.850 0.107 0.005 0.740 0.440]
  eval: e=0.0520  p=[0.241 0.269 0.998 0.527 0.594 0.847 0.116 0.009 0.732 0.449]
   295          446        0.0517697         contract inside
  eval: e=0.0519  p=[0.243 0.269 1.000 0.529 0.589 0.848 0.118 0.006 0.728 0.448]
   296          447        0.0517697         reflect
  eval: e=0.0518  p=[0.241 0.270 0.999 0.527 0.592 0.846 0.133 0.004 0.714 0.466]
   297          448        0.0517697         reflect
  eval: e=0.0517  p=[0.242 0.269 1.000 0.528 0.591 0.848 0.119 0.004 0.728 0.451]
  eval: e=0.0558  p=[0.243 0.269 1.000 0.528 0.590 0.849 0.120 0.002 0.726 0.451]
   298          450        0.0516557         reflect
  eval: e=0.0530  p=[0.243 0.268 1.000 0.529 0.589 0.849 0.112 0.007 0.734 0.442]
  eval: e=0.0519  p=[0.241 0.269 0.999 0.527 0.594 0.847 0.119 0.006 0.728 0.453]
   299          452        0.0516557         contract inside
  eval: e=0.1534  p=[0.242 0.272 0.999 0.531 0.589 0.843 0.166 0.000 0.682 0.494]
  eval: e=0.0519  p=[0.241 0.268 1.000 0.527 0.593 0.850 0.099 0.010 0.748 0.433]
   300          454        0.0516557         contract inside
  eval: e=0.0517  p=[0.243 0.270 0.999 0.533 0.585 0.845 0.143 0.005 0.704 0.471]
   301          455        0.0516557         reflect
  eval: e=0.0695  p=[0.242 0.267 1.000 0.526 0.593 0.853 0.079 0.008 0.767 0.414]
  eval: e=0.0518  p=[0.242 0.270 0.998 0.530 0.590 0.845 0.140 0.005 0.708 0.470]
   302          457        0.0516557         contract inside
  eval: e=0.0519  p=[0.241 0.270 0.998 0.527 0.593 0.846 0.125 0.006 0.723 0.459]
  eval: e=0.0518  p=[0.241 0.270 0.999 0.528 0.592 0.847 0.123 0.006 0.724 0.456]
   303          459        0.0516557         contract outside
  eval: e=0.0517  p=[0.243 0.269 1.000 0.530 0.588 0.847 0.124 0.006 0.722 0.455]
  eval: e=0.0516  p=[0.244 0.269 1.000 0.532 0.586 0.847 0.127 0.005 0.719 0.456]
   304          461        0.0516023         expand
  eval: e=0.0517  p=[0.243 0.270 0.999 0.532 0.585 0.847 0.128 0.006 0.719 0.457]
   305          462        0.0516023         reflect
  eval: e=0.0517  p=[0.242 0.270 0.999 0.528 0.589 0.846 0.124 0.006 0.721 0.459]
   306          463        0.0516023         reflect
  eval: e=0.0516  p=[0.243 0.271 0.999 0.532 0.585 0.844 0.153 0.001 0.693 0.482]
  eval: e=0.1795  p=[0.244 0.273 0.999 0.535 0.581 0.841 0.180 0.000 0.666 0.507]
   307          465        0.0515673         reflect
  eval: e=0.0515  p=[0.244 0.270 1.000 0.532 0.585 0.846 0.135 0.004 0.711 0.464]
  eval: e=0.0514  p=[0.245 0.270 1.000 0.534 0.581 0.846 0.140 0.003 0.704 0.468]
   308          467        0.0513668         expand
  eval: e=0.0523  p=[0.244 0.269 1.000 0.531 0.585 0.848 0.118 0.004 0.727 0.450]
  eval: e=0.0517  p=[0.242 0.270 0.999 0.530 0.589 0.846 0.134 0.005 0.713 0.465]
   309          469        0.0513668         contract inside
  eval: e=0.0516  p=[0.245 0.269 1.000 0.534 0.583 0.848 0.125 0.006 0.720 0.453]
   310          470        0.0513668         reflect
  eval: e=0.0515  p=[0.243 0.270 1.000 0.528 0.590 0.847 0.126 0.003 0.719 0.460]
   311          471        0.0513668         reflect
  eval: e=0.0515  p=[0.246 0.272 0.999 0.538 0.576 0.842 0.172 0.002 0.674 0.494]
   312          472        0.0513668         reflect
  eval: e=0.0515  p=[0.245 0.270 1.000 0.534 0.582 0.846 0.137 0.003 0.708 0.465]
   313          473        0.0513668         reflect
  eval: e=0.0515  p=[0.244 0.270 1.000 0.531 0.585 0.848 0.128 0.003 0.717 0.458]
   314          474        0.0513668         reflect
  eval: e=0.0535  p=[0.246 0.270 1.000 0.536 0.579 0.846 0.147 0.002 0.699 0.470]
  eval: e=0.0516  p=[0.243 0.270 0.999 0.530 0.587 0.846 0.130 0.005 0.715 0.462]
   315          476        0.0513668         contract inside
  eval: e=0.0514  p=[0.246 0.271 0.999 0.537 0.577 0.844 0.155 0.003 0.690 0.480]
  eval: e=0.0513  p=[0.248 0.272 0.999 0.541 0.570 0.843 0.173 0.003 0.671 0.495]
   316          478        0.0513141         expand
  eval: e=0.0519  p=[0.246 0.271 1.000 0.535 0.579 0.845 0.154 0.001 0.689 0.481]
  eval: e=0.0515  p=[0.244 0.270 0.999 0.532 0.584 0.846 0.135 0.005 0.711 0.463]
   317          480        0.0513141         contract inside
  eval: e=0.0513  p=[0.246 0.271 0.999 0.535 0.579 0.844 0.157 0.001 0.688 0.484]
  eval: e=0.0534  p=[0.246 0.272 0.999 0.537 0.575 0.842 0.171 0.000 0.672 0.499]
   318          482        0.0512967         reflect
  eval: e=0.0514  p=[0.245 0.272 0.999 0.534 0.580 0.843 0.165 0.000 0.680 0.493]
   319          483        0.0512967         reflect
  eval: e=0.0515  p=[0.246 0.270 1.000 0.535 0.577 0.846 0.139 0.005 0.704 0.466]
   320          484        0.0512967         reflect
  eval: e=0.0512  p=[0.247 0.271 1.000 0.538 0.574 0.844 0.164 0.001 0.680 0.488]
  eval: e=0.0614  p=[0.249 0.272 1.000 0.542 0.567 0.843 0.181 0.000 0.662 0.501]
   321          486        0.0511717         reflect
  eval: e=0.0514  p=[0.247 0.272 0.999 0.539 0.574 0.842 0.174 0.002 0.670 0.497]
   322          487        0.0511717         reflect
  eval: e=0.0518  p=[0.245 0.272 0.999 0.535 0.580 0.842 0.169 0.000 0.677 0.495]
  eval: e=0.0513  p=[0.246 0.271 1.000 0.535 0.578 0.845 0.147 0.004 0.697 0.473]
   323          489        0.0511717         contract inside
  eval: e=0.0531  p=[0.247 0.272 1.000 0.539 0.573 0.842 0.176 0.000 0.667 0.500]
  eval: e=0.0514  p=[0.245 0.270 0.999 0.534 0.581 0.845 0.145 0.004 0.700 0.473]
   324          491        0.0511717         contract inside
  eval: e=0.0511  p=[0.246 0.270 1.000 0.532 0.582 0.847 0.133 0.003 0.710 0.465]
  eval: e=0.0510  p=[0.245 0.270 1.000 0.530 0.585 0.849 0.113 0.003 0.728 0.451]
   325          493        0.0510395         expand
  eval: e=0.0512  p=[0.249 0.272 0.999 0.542 0.567 0.842 0.177 0.002 0.666 0.498]
   326          494        0.0510395         reflect
  eval: e=0.0512  p=[0.247 0.272 0.999 0.539 0.572 0.842 0.174 0.001 0.669 0.499]
   327          495        0.0510395         reflect
  eval: e=0.0513  p=[0.248 0.270 1.000 0.540 0.572 0.846 0.148 0.004 0.695 0.472]
   328          496        0.0510395         reflect
  eval: e=0.0510  p=[0.249 0.272 1.000 0.541 0.569 0.843 0.168 0.001 0.673 0.493]
  eval: e=0.0509  p=[0.251 0.273 1.000 0.544 0.563 0.842 0.180 0.000 0.660 0.503]
   329          498        0.0508904         expand
  eval: e=0.0513  p=[0.248 0.270 1.000 0.537 0.574 0.847 0.141 0.002 0.701 0.469]
   330          499        0.0508904         reflect
  eval: e=0.0510  p=[0.250 0.272 0.999 0.543 0.565 0.843 0.174 0.001 0.666 0.499]
   331          500        0.0508904         reflect
  eval: e=0.0510  p=[0.247 0.271 1.000 0.535 0.576 0.846 0.142 0.001 0.699 0.472]
   332          501        0.0508904         reflect
  eval: e=0.0517  p=[0.250 0.271 1.000 0.541 0.567 0.845 0.156 0.002 0.685 0.480]
  eval: e=0.0512  p=[0.247 0.271 0.999 0.537 0.576 0.844 0.156 0.002 0.687 0.483]
   333          503        0.0508904         contract inside
  eval: e=0.0601  p=[0.247 0.272 0.999 0.536 0.574 0.843 0.166 0.000 0.676 0.494]
  eval: e=0.0511  p=[0.248 0.271 1.000 0.539 0.572 0.845 0.152 0.003 0.690 0.478]
   334          505        0.0508904         contract inside
  eval: e=0.0512  p=[0.248 0.272 0.999 0.540 0.571 0.842 0.176 0.001 0.667 0.500]
   335          506        0.0508904         reflect
  eval: e=0.0549  p=[0.250 0.272 0.999 0.542 0.566 0.843 0.175 0.000 0.665 0.500]
  eval: e=0.0512  p=[0.247 0.271 1.000 0.537 0.575 0.845 0.154 0.003 0.689 0.480]
   336          508        0.0508904         contract inside
  eval: e=0.0509  p=[0.247 0.271 1.000 0.534 0.579 0.846 0.140 0.002 0.701 0.472]
   337          509        0.0508904         reflect
  eval: e=0.0513  p=[0.248 0.270 1.000 0.535 0.576 0.847 0.135 0.002 0.706 0.465]
  eval: e=0.0511  p=[0.248 0.272 0.999 0.539 0.573 0.843 0.165 0.001 0.677 0.491]
   338          511        0.0508904         contract inside
  eval: e=0.0508  p=[0.248 0.271 0.999 0.537 0.574 0.845 0.146 0.002 0.694 0.478]
  eval: e=0.0507  p=[0.249 0.271 0.999 0.536 0.573 0.846 0.137 0.003 0.701 0.473]
   339          513        0.0506916         expand
  eval: e=0.0517  p=[0.248 0.270 1.000 0.536 0.575 0.848 0.129 0.003 0.710 0.462]
  eval: e=0.0511  p=[0.248 0.272 0.999 0.538 0.573 0.844 0.163 0.001 0.680 0.490]
   340          515        0.0506916         contract inside
  eval: e=0.0507  p=[0.249 0.271 1.000 0.538 0.571 0.846 0.148 0.002 0.691 0.478]
   341          516        0.0506916         reflect
  eval: e=0.0507  p=[0.249 0.271 0.999 0.538 0.571 0.845 0.149 0.001 0.689 0.481]
  eval: e=0.0504  p=[0.250 0.272 0.999 0.539 0.569 0.846 0.147 0.000 0.689 0.482]
   342          518        0.0504396         expand
  eval: e=0.0507  p=[0.249 0.272 0.999 0.536 0.573 0.845 0.150 0.000 0.688 0.484]
   343          519        0.0504396         reflect
  eval: e=0.0505  p=[0.249 0.271 1.000 0.536 0.573 0.847 0.134 0.002 0.703 0.470]
   344          520        0.0504396         reflect
  eval: e=0.0504  p=[0.250 0.271 1.000 0.536 0.573 0.848 0.130 0.001 0.706 0.467]
   345          521        0.0504396         reflect
  eval: e=0.0535  p=[0.253 0.273 0.999 0.546 0.558 0.842 0.183 0.000 0.653 0.509]
  eval: e=0.0508  p=[0.247 0.270 1.000 0.534 0.578 0.847 0.131 0.002 0.709 0.465]
   346          523        0.0504396         contract inside
  eval: e=0.0505  p=[0.251 0.272 0.999 0.540 0.568 0.845 0.152 0.001 0.684 0.487]
   347          524        0.0504396         reflect
  eval: e=0.0505  p=[0.248 0.270 1.000 0.532 0.579 0.849 0.115 0.002 0.720 0.458]
   348          525        0.0504396         reflect
  eval: e=0.0503  p=[0.252 0.272 0.999 0.540 0.565 0.846 0.145 0.001 0.689 0.481]
  eval: e=0.0500  p=[0.254 0.273 0.999 0.543 0.558 0.845 0.147 0.001 0.684 0.485]
   349          527        0.0499546         expand
  eval: e=0.0504  p=[0.249 0.270 0.999 0.530 0.580 0.850 0.098 0.003 0.735 0.447]
   350          528        0.0499546         reflect
  eval: e=0.0501  p=[0.252 0.272 0.999 0.539 0.565 0.846 0.141 0.001 0.691 0.481]
   351          529        0.0499546         reflect
  eval: e=0.0501  p=[0.251 0.272 0.999 0.535 0.571 0.848 0.122 0.001 0.709 0.468]
   352          530        0.0499546         reflect
  eval: e=0.0552  p=[0.252 0.272 1.000 0.537 0.569 0.848 0.130 0.000 0.701 0.472]
  eval: e=0.0505  p=[0.249 0.271 0.999 0.536 0.572 0.846 0.135 0.002 0.701 0.473]
   353          532        0.0499546         contract inside
  eval: e=0.0500  p=[0.252 0.271 0.999 0.537 0.569 0.849 0.115 0.003 0.716 0.459]
   354          533        0.0499546         reflect
  eval: e=0.0502  p=[0.253 0.272 0.999 0.543 0.561 0.845 0.149 0.002 0.683 0.486]
   355          534        0.0499546         reflect
  eval: e=0.0499  p=[0.253 0.272 0.999 0.540 0.564 0.846 0.134 0.002 0.696 0.477]
  eval: e=0.0496  p=[0.255 0.273 0.998 0.542 0.559 0.846 0.134 0.002 0.693 0.481]
   356          536        0.0496457         expand
  eval: e=0.0498  p=[0.254 0.272 0.999 0.540 0.562 0.847 0.132 0.001 0.697 0.476]
   357          537        0.0496457         reflect
  eval: e=0.0497  p=[0.253 0.271 0.999 0.537 0.566 0.849 0.111 0.001 0.717 0.460]
   358          538        0.0496457         reflect
  eval: e=0.0495  p=[0.255 0.273 0.998 0.541 0.559 0.847 0.129 0.001 0.697 0.478]
  eval: e=0.0491  p=[0.258 0.274 0.997 0.544 0.553 0.846 0.128 0.001 0.693 0.483]
   359          540        0.0491366         expand
  eval: e=0.0493  p=[0.256 0.272 0.998 0.540 0.560 0.849 0.108 0.003 0.714 0.463]
   360          541        0.0491366         reflect
  eval: e=0.0496  p=[0.259 0.274 0.998 0.550 0.544 0.844 0.159 0.000 0.664 0.501]
   361          542        0.0491366         reflect
  eval: e=0.0493  p=[0.256 0.272 0.999 0.539 0.561 0.849 0.110 0.001 0.712 0.465]
   362          543        0.0491366         reflect
  eval: e=0.0491  p=[0.257 0.273 0.998 0.542 0.555 0.848 0.112 0.002 0.709 0.468]
  eval: e=0.0486  p=[0.260 0.273 0.998 0.543 0.550 0.850 0.098 0.002 0.717 0.461]
   363          545        0.0486227         expand
  eval: e=0.0490  p=[0.260 0.273 0.998 0.548 0.545 0.847 0.126 0.002 0.693 0.479]
   364          546        0.0486227         reflect
  eval: e=0.0489  p=[0.261 0.275 0.998 0.548 0.543 0.846 0.136 0.000 0.681 0.492]
   365          547        0.0486227         reflect
  eval: e=0.0485  p=[0.260 0.273 0.997 0.543 0.551 0.849 0.101 0.002 0.713 0.467]
  eval: e=0.0478  p=[0.263 0.274 0.997 0.543 0.547 0.851 0.078 0.002 0.727 0.458]
   366          549        0.0478333         expand
  eval: e=0.0484  p=[0.262 0.274 0.997 0.546 0.543 0.848 0.106 0.002 0.705 0.473]
   367          550        0.0478333         reflect
  eval: e=0.0483  p=[0.265 0.276 0.996 0.551 0.535 0.846 0.126 0.001 0.683 0.492]
   368          551        0.0478333         reflect
  eval: e=0.0480  p=[0.265 0.275 0.997 0.549 0.537 0.849 0.101 0.001 0.705 0.472]
   369          552        0.0478333         reflect
  eval: e=0.0479  p=[0.262 0.273 0.997 0.540 0.550 0.852 0.064 0.003 0.742 0.446]
   370          553        0.0478333         reflect
  eval: e=0.0478  p=[0.267 0.275 0.996 0.551 0.533 0.848 0.106 0.001 0.697 0.481]
  eval: e=0.0484  p=[0.272 0.277 0.995 0.556 0.520 0.848 0.106 0.000 0.689 0.490]
   371          555        0.0478308         reflect
  eval: e=0.0477  p=[0.269 0.276 0.996 0.554 0.526 0.848 0.104 0.002 0.696 0.482]
  eval: e=0.0472  p=[0.275 0.278 0.994 0.561 0.509 0.847 0.100 0.003 0.688 0.490]
   372          557         0.047177         expand
  eval: e=0.0472  p=[0.270 0.275 0.996 0.552 0.526 0.850 0.081 0.002 0.715 0.466]
   373          558         0.047177         reflect
  eval: e=0.0470  p=[0.270 0.276 0.995 0.549 0.530 0.850 0.073 0.001 0.720 0.468]
  eval: e=0.0463  p=[0.275 0.277 0.993 0.550 0.522 0.852 0.047 0.001 0.733 0.462]
   374          560        0.0462503         expand
  eval: e=0.0465  p=[0.272 0.275 0.995 0.549 0.528 0.853 0.046 0.004 0.742 0.449]
   375          561        0.0462503         reflect
  eval: e=0.0465  p=[0.275 0.278 0.994 0.555 0.516 0.850 0.073 0.002 0.710 0.477]
   376          562        0.0462503         reflect
  eval: e=0.0463  p=[0.276 0.277 0.994 0.554 0.517 0.851 0.059 0.002 0.723 0.466]
   377          563        0.0462503         reflect
  eval: e=0.0459  p=[0.275 0.276 0.994 0.549 0.522 0.855 0.026 0.003 0.754 0.442]
  eval: e=5.9792  p=[0.281 0.276 0.993 0.548 0.515 0.859 0.000 0.003 0.789 0.417]
   378          565        0.0459224         reflect
  eval: e=0.0458  p=[0.277 0.277 0.993 0.552 0.517 0.853 0.035 0.003 0.741 0.455]
  eval: e=0.0449  p=[0.283 0.279 0.991 0.554 0.507 0.855 0.002 0.004 0.759 0.447]
   379          567        0.0448989         expand
  eval: e=0.0459  p=[0.284 0.280 0.992 0.563 0.495 0.850 0.059 0.002 0.708 0.481]
   380          568        0.0448989         reflect
  eval: e=0.0457  p=[0.287 0.280 0.991 0.565 0.488 0.851 0.041 0.003 0.719 0.474]
   381          569        0.0448989         reflect
  eval: e=0.0448  p=[0.288 0.280 0.990 0.560 0.493 0.855 0.000 0.004 0.753 0.450]
  eval: e=28.0666  p=[0.298 0.282 0.987 0.564 0.473 0.859 0.000 0.006 0.781 0.435]
   382          571        0.0448468         reflect
  eval: e=0.0449  p=[0.288 0.281 0.989 0.560 0.493 0.854 0.010 0.003 0.743 0.462]
   383          572        0.0448468         reflect
  eval: e=7.8113  p=[0.285 0.279 0.991 0.551 0.507 0.858 0.000 0.003 0.780 0.432]
  eval: e=0.0464  p=[0.278 0.278 0.993 0.558 0.509 0.850 0.068 0.003 0.711 0.476]
   384          574        0.0448468         contract inside
  eval: e=0.0739  p=[0.286 0.279 0.991 0.557 0.499 0.856 0.000 0.004 0.759 0.445]
  eval: e=0.0461  p=[0.278 0.278 0.993 0.555 0.512 0.851 0.054 0.002 0.722 0.469]
   385          576        0.0448468         contract inside
  eval: e=0.0454  p=[0.290 0.282 0.990 0.564 0.484 0.852 0.027 0.002 0.723 0.477]
   386          577        0.0448468         reflect
  eval: e=0.1511  p=[0.287 0.280 0.990 0.556 0.498 0.855 0.000 0.003 0.756 0.450]
  eval: e=0.0459  p=[0.280 0.279 0.992 0.558 0.506 0.851 0.050 0.003 0.723 0.469]
   387          579        0.0448468         contract inside
  eval: e=0.0450  p=[0.290 0.281 0.989 0.562 0.487 0.854 0.005 0.003 0.744 0.461]
   388          580        0.0448468         reflect
  eval: e=0.0450  p=[0.294 0.281 0.989 0.568 0.476 0.854 0.008 0.005 0.736 0.464]
   389          581        0.0448468         reflect
  eval: e=0.8194  p=[0.294 0.282 0.989 0.565 0.479 0.855 0.000 0.004 0.750 0.456]
  eval: e=0.0456  p=[0.282 0.279 0.992 0.558 0.503 0.852 0.039 0.003 0.729 0.466]
   390          583        0.0448468         contract inside
  eval: e=0.5476  p=[0.292 0.281 0.989 0.563 0.484 0.855 0.000 0.004 0.751 0.455]
  eval: e=0.0455  p=[0.283 0.279 0.992 0.559 0.501 0.852 0.036 0.003 0.730 0.466]
   391          585        0.0448468         contract inside
  eval: e=0.0457  p=[0.299 0.284 0.987 0.573 0.464 0.851 0.020 0.004 0.715 0.488]
   392          586        0.0448468         reflect
  eval: e=4.7580  p=[0.293 0.282 0.988 0.561 0.484 0.856 0.000 0.005 0.762 0.449]
  eval: e=0.0455  p=[0.286 0.280 0.991 0.563 0.492 0.852 0.039 0.002 0.722 0.473]
   393          588        0.0448468         contract inside
  eval: e=0.0458  p=[0.276 0.276 0.994 0.549 0.521 0.855 0.022 0.003 0.756 0.440]
  eval: e=0.0453  p=[0.293 0.282 0.989 0.567 0.478 0.852 0.020 0.003 0.725 0.476]
   394          590        0.0448468         contract inside
  eval: e=0.2186  p=[0.288 0.281 0.989 0.558 0.495 0.855 0.000 0.004 0.754 0.454]
  eval: e=0.0454  p=[0.287 0.280 0.991 0.563 0.490 0.852 0.030 0.003 0.728 0.469]
   395          592        0.0448468         contract inside
  eval: e=0.1515  p=[0.295 0.282 0.988 0.566 0.477 0.854 0.000 0.004 0.743 0.463]
  eval: e=0.0453  p=[0.285 0.280 0.991 0.560 0.497 0.853 0.028 0.003 0.733 0.465]
   396          594        0.0448468         contract inside
  eval: e=0.0941  p=[0.294 0.282 0.988 0.565 0.479 0.854 0.000 0.004 0.743 0.463]
  eval: e=0.0453  p=[0.286 0.280 0.991 0.561 0.495 0.853 0.026 0.003 0.733 0.465]
   397          596        0.0448468         contract inside
  eval: e=0.6338  p=[0.291 0.281 0.989 0.561 0.488 0.855 0.000 0.004 0.754 0.454]
  eval: e=0.0453  p=[0.287 0.280 0.991 0.562 0.491 0.852 0.027 0.003 0.730 0.468]
   398          598        0.0448468         contract inside
  eval: e=0.0447  p=[0.289 0.281 0.989 0.560 0.491 0.854 0.001 0.004 0.748 0.458]
  eval: e=1.9150  p=[0.290 0.281 0.988 0.559 0.491 0.855 0.000 0.004 0.759 0.452]
   399          600        0.0447109         reflect
  eval: e=0.0811  p=[0.286 0.279 0.990 0.558 0.497 0.855 0.000 0.005 0.758 0.446]
  eval: e=0.0452  p=[0.289 0.281 0.990 0.563 0.488 0.853 0.020 0.003 0.732 0.469]
   400          602        0.0447109         contract inside
  eval: e=0.2306  p=[0.292 0.282 0.989 0.563 0.483 0.854 0.000 0.004 0.748 0.459]
  eval: e=0.0452  p=[0.287 0.280 0.990 0.561 0.493 0.853 0.020 0.003 0.737 0.464]
   401          604        0.0447109         contract inside
  eval: e=0.1963  p=[0.292 0.281 0.989 0.563 0.484 0.854 0.000 0.004 0.748 0.458]
  eval: e=0.0451  p=[0.287 0.280 0.990 0.561 0.492 0.853 0.019 0.003 0.737 0.463]
   402          606        0.0447109         contract inside
  eval: e=0.4584  p=[0.290 0.281 0.989 0.561 0.488 0.855 0.000 0.004 0.753 0.454]
  eval: e=0.0451  p=[0.288 0.281 0.990 0.562 0.491 0.853 0.019 0.003 0.736 0.465]
   403          608        0.0447109         contract inside
  eval: e=0.0449  p=[0.284 0.279 0.991 0.555 0.504 0.856 0.000 0.004 0.759 0.445]
   404          609        0.0447109         reflect
  eval: e=0.1587  p=[0.286 0.279 0.990 0.558 0.498 0.855 0.000 0.005 0.758 0.446]
  eval: e=0.0450  p=[0.289 0.281 0.990 0.562 0.490 0.853 0.014 0.003 0.739 0.463]
   405          611        0.0447109         contract inside
  eval: e=0.2500  p=[0.289 0.280 0.990 0.560 0.491 0.855 0.000 0.004 0.754 0.452]
  eval: e=0.0450  p=[0.287 0.280 0.990 0.561 0.493 0.854 0.014 0.004 0.741 0.461]
   406          613        0.0447109         contract inside
  eval: e=0.2343  p=[0.289 0.280 0.990 0.559 0.492 0.855 0.000 0.004 0.755 0.452]
  eval: e=0.0450  p=[0.288 0.280 0.990 0.561 0.492 0.854 0.013 0.004 0.741 0.460]
   407          615        0.0447109         contract inside
  eval: e=0.3494  p=[0.288 0.280 0.990 0.558 0.495 0.855 0.000 0.004 0.757 0.449]
  eval: e=0.0450  p=[0.288 0.280 0.990 0.561 0.492 0.854 0.013 0.004 0.741 0.461]
   408          617        0.0447109         contract inside
  eval: e=0.0575  p=[0.287 0.280 0.990 0.559 0.495 0.855 0.000 0.004 0.755 0.450]
  eval: e=0.0450  p=[0.288 0.280 0.990 0.561 0.491 0.854 0.010 0.004 0.743 0.460]
   409          619        0.0447109         contract inside
  eval: e=0.0683  p=[0.289 0.280 0.990 0.560 0.492 0.855 0.000 0.004 0.753 0.453]
  eval: e=0.0450  p=[0.288 0.280 0.990 0.560 0.493 0.854 0.010 0.004 0.744 0.459]
   410          621        0.0447109         contract inside
  eval: e=0.0452  p=[0.281 0.279 0.991 0.550 0.513 0.855 0.005 0.003 0.759 0.448]
  eval: e=0.0449  p=[0.291 0.281 0.990 0.564 0.485 0.854 0.007 0.004 0.742 0.460]
   411          623        0.0447109         contract inside
  eval: e=0.0664  p=[0.288 0.280 0.990 0.558 0.495 0.855 0.000 0.004 0.754 0.452]
  eval: e=0.0449  p=[0.288 0.280 0.990 0.560 0.493 0.854 0.009 0.004 0.744 0.458]
   412          625        0.0447109         contract inside
  eval: e=0.0790  p=[0.287 0.280 0.990 0.558 0.496 0.855 0.000 0.004 0.755 0.451]
  eval: e=0.0449  p=[0.288 0.280 0.990 0.560 0.493 0.854 0.009 0.004 0.744 0.458]
   413          627        0.0447109         contract inside
  eval: e=0.0448  p=[0.287 0.280 0.990 0.558 0.496 0.855 0.000 0.004 0.754 0.451]
   414          628        0.0447109         reflect
  eval: e=0.0449  p=[0.284 0.279 0.991 0.556 0.503 0.855 0.005 0.004 0.754 0.449]
   415          629        0.0447109         reflect
  eval: e=0.0604  p=[0.286 0.280 0.990 0.557 0.499 0.855 0.000 0.004 0.756 0.449]
  eval: e=0.0449  p=[0.287 0.280 0.990 0.559 0.494 0.854 0.007 0.004 0.747 0.456]
   416          631        0.0447109         contract inside
  eval: e=0.0565  p=[0.286 0.279 0.990 0.557 0.499 0.855 0.000 0.004 0.756 0.449]
  eval: e=0.0449  p=[0.287 0.280 0.990 0.559 0.494 0.854 0.007 0.004 0.747 0.456]
   417          633        0.0447109         contract inside
  eval: e=0.0600  p=[0.286 0.279 0.990 0.557 0.500 0.855 0.000 0.004 0.757 0.448]
  eval: e=0.0449  p=[0.287 0.280 0.990 0.559 0.494 0.854 0.007 0.004 0.748 0.456]
   418          635        0.0447109         contract inside
  eval: e=0.1096  p=[0.286 0.279 0.991 0.557 0.499 0.856 0.000 0.005 0.759 0.444]
  eval: e=0.0449  p=[0.287 0.280 0.990 0.559 0.495 0.854 0.007 0.004 0.747 0.457]
   419          637        0.0447109         contract inside
  eval: e=0.0450  p=[0.282 0.279 0.991 0.552 0.509 0.855 0.000 0.004 0.761 0.445]
  eval: e=0.0448  p=[0.289 0.280 0.990 0.561 0.491 0.854 0.005 0.004 0.747 0.456]
   420          639        0.0447109         contract inside
  eval: e=0.0449  p=[0.290 0.281 0.989 0.562 0.488 0.854 0.008 0.004 0.741 0.463]
   421          640        0.0447109         reflect
  eval: e=0.0450  p=[0.292 0.281 0.989 0.565 0.480 0.854 0.008 0.004 0.738 0.464]
  eval: e=0.0448  p=[0.285 0.279 0.990 0.557 0.501 0.855 0.003 0.004 0.754 0.451]
   422          642        0.0447109         contract inside
  eval: e=0.0448  p=[0.288 0.280 0.990 0.559 0.495 0.855 0.001 0.004 0.752 0.453]
   423          643        0.0447109         reflect
  eval: e=0.0447  p=[0.288 0.280 0.990 0.559 0.495 0.855 0.001 0.004 0.752 0.453]
   424          644        0.0447109         reflect
  eval: e=0.0449  p=[0.291 0.281 0.989 0.563 0.485 0.854 0.002 0.004 0.745 0.461]
   425          645        0.0447109         reflect
  eval: e=0.0542  p=[0.289 0.281 0.989 0.560 0.491 0.855 0.000 0.004 0.751 0.455]
  eval: e=0.0448  p=[0.288 0.280 0.990 0.560 0.494 0.854 0.005 0.004 0.748 0.456]
   426          647        0.0447109         contract inside
  eval: e=0.0449  p=[0.285 0.279 0.991 0.556 0.502 0.855 0.005 0.005 0.754 0.449]
   427          648        0.0447109         reflect
  eval: e=0.0532  p=[0.288 0.280 0.990 0.559 0.494 0.855 0.000 0.005 0.754 0.451]
  eval: e=0.0448  p=[0.287 0.280 0.990 0.559 0.495 0.854 0.005 0.004 0.749 0.456]
   428          650        0.0447109         contract inside
  eval: e=0.0449  p=[0.291 0.281 0.989 0.563 0.485 0.854 0.001 0.004 0.745 0.461]
  eval: e=0.0448  p=[0.289 0.281 0.989 0.561 0.489 0.854 0.002 0.004 0.747 0.458]
   429          652        0.0447109         contract outside
  eval: e=0.1390  p=[0.286 0.279 0.991 0.556 0.500 0.856 0.000 0.004 0.759 0.446]
  eval: e=0.0448  p=[0.289 0.281 0.990 0.561 0.491 0.854 0.005 0.004 0.746 0.458]
   430          654        0.0447109         contract inside
  eval: e=0.0511  p=[0.287 0.280 0.990 0.558 0.497 0.855 0.000 0.004 0.754 0.452]
  eval: e=0.0448  p=[0.288 0.280 0.990 0.560 0.492 0.854 0.004 0.004 0.749 0.455]
   431          656        0.0447109         contract inside
  eval: e=0.0447  p=[0.288 0.281 0.989 0.559 0.495 0.854 0.005 0.004 0.747 0.460]
   432          657        0.0447109         reflect
  eval: e=0.0448  p=[0.291 0.281 0.989 0.563 0.486 0.854 0.003 0.004 0.745 0.460]
   433          658        0.0447109         reflect
  eval: e=0.0447  p=[0.289 0.281 0.989 0.560 0.491 0.854 0.001 0.004 0.749 0.457]
  eval: e=0.0630  p=[0.290 0.281 0.989 0.561 0.490 0.854 0.000 0.004 0.749 0.457]
   434          660        0.0447072         reflect
  eval: e=0.0457  p=[0.290 0.281 0.989 0.561 0.489 0.854 0.000 0.004 0.749 0.457]
  eval: e=0.0448  p=[0.288 0.280 0.990 0.560 0.493 0.854 0.004 0.004 0.749 0.456]
   435          662        0.0447072         contract inside
  eval: e=0.0447  p=[0.289 0.281 0.989 0.560 0.492 0.854 0.001 0.004 0.749 0.457]
  eval: e=0.0561  p=[0.289 0.281 0.989 0.560 0.491 0.854 0.000 0.004 0.749 0.459]
   436          664        0.0446989         reflect
  eval: e=0.0677  p=[0.288 0.280 0.989 0.559 0.494 0.855 0.000 0.004 0.752 0.454]
  eval: e=0.0448  p=[0.289 0.281 0.990 0.560 0.492 0.854 0.003 0.004 0.747 0.457]
   437          666        0.0446989         contract inside
  eval: e=0.0447  p=[0.288 0.280 0.990 0.559 0.496 0.854 0.002 0.004 0.751 0.455]
  eval: e=0.0447  p=[0.287 0.280 0.990 0.557 0.499 0.855 0.002 0.004 0.752 0.454]
   438          668        0.0446647         expand
  eval: e=0.0448  p=[0.285 0.280 0.990 0.556 0.502 0.855 0.001 0.004 0.755 0.451]
   439          669        0.0446647         reflect
  eval: e=0.0463  p=[0.288 0.280 0.989 0.558 0.496 0.855 0.000 0.004 0.752 0.454]
  eval: e=0.0448  p=[0.288 0.280 0.990 0.559 0.494 0.854 0.003 0.004 0.750 0.456]
   440          671        0.0446647         contract inside
  eval: e=0.0447  p=[0.289 0.281 0.989 0.560 0.492 0.854 0.003 0.004 0.747 0.460]
   441          672        0.0446647         reflect
  eval: e=0.0447  p=[0.287 0.280 0.989 0.558 0.497 0.855 0.000 0.004 0.753 0.454]
  eval: e=0.0670  p=[0.286 0.280 0.989 0.556 0.500 0.855 0.000 0.004 0.755 0.453]
   442          674        0.0446509         reflect
  eval: e=0.0446  p=[0.288 0.280 0.989 0.558 0.496 0.854 0.001 0.004 0.751 0.456]
  eval: e=0.0471  p=[0.288 0.280 0.989 0.558 0.496 0.854 0.000 0.004 0.752 0.456]
   443          676        0.0446398         reflect
  eval: e=0.0446  p=[0.288 0.281 0.989 0.559 0.495 0.854 0.002 0.004 0.749 0.459]
  eval: e=0.0445  p=[0.288 0.281 0.988 0.559 0.495 0.854 0.002 0.004 0.748 0.461]
   444          678        0.0445469         expand
  eval: e=0.0447  p=[0.291 0.282 0.988 0.562 0.487 0.854 0.002 0.004 0.744 0.463]
   445          679        0.0445469         reflect
  eval: e=0.0446  p=[0.289 0.281 0.988 0.560 0.492 0.854 0.003 0.004 0.745 0.463]
   446          680        0.0445469         reflect
  eval: e=0.0999  p=[0.290 0.281 0.989 0.560 0.492 0.855 0.000 0.004 0.751 0.457]
  eval: e=0.0447  p=[0.288 0.281 0.989 0.559 0.494 0.854 0.003 0.004 0.748 0.459]
   447          682        0.0445469         contract inside
  eval: e=0.0446  p=[0.288 0.281 0.989 0.558 0.496 0.854 0.002 0.004 0.749 0.459]
   448          683        0.0445469         reflect
  eval: e=0.0446  p=[0.288 0.281 0.989 0.558 0.497 0.854 0.003 0.004 0.748 0.460]
   449          684        0.0445469         reflect
  eval: e=0.0446  p=[0.288 0.281 0.989 0.558 0.497 0.854 0.004 0.004 0.748 0.460]
   450          685        0.0445469         reflect
  eval: e=0.0445  p=[0.288 0.281 0.989 0.558 0.496 0.854 0.001 0.004 0.749 0.459]
  eval: e=0.0453  p=[0.288 0.281 0.988 0.558 0.497 0.854 0.000 0.004 0.750 0.459]
   451          687        0.0445232         reflect
  eval: e=0.0445  p=[0.287 0.281 0.989 0.557 0.498 0.854 0.000 0.004 0.751 0.458]
  eval: e=0.0539  p=[0.287 0.281 0.989 0.556 0.500 0.854 0.000 0.004 0.753 0.457]
   452          689        0.0445231         reflect
  eval: e=0.0445  p=[0.290 0.282 0.988 0.560 0.491 0.853 0.002 0.004 0.745 0.465]
  eval: e=0.0445  p=[0.292 0.283 0.987 0.561 0.488 0.853 0.002 0.003 0.741 0.471]
   453          691        0.0444763         expand
  eval: e=0.0446  p=[0.285 0.280 0.989 0.555 0.504 0.854 0.001 0.004 0.753 0.457]
   454          692        0.0444763         reflect
  eval: e=0.0444  p=[0.289 0.282 0.988 0.559 0.494 0.853 0.004 0.004 0.744 0.467]
  eval: e=0.0443  p=[0.290 0.283 0.987 0.560 0.492 0.853 0.005 0.003 0.739 0.473]
   455          694        0.0443452         expand
  eval: e=0.0444  p=[0.289 0.282 0.987 0.558 0.495 0.853 0.004 0.003 0.743 0.469]
   456          695        0.0443452         reflect
  eval: e=0.0444  p=[0.289 0.282 0.987 0.559 0.494 0.853 0.003 0.003 0.744 0.468]
   457          696        0.0443452         reflect
  eval: e=0.0444  p=[0.288 0.281 0.988 0.557 0.499 0.853 0.002 0.004 0.747 0.464]
   458          697        0.0443452         reflect
  eval: e=0.0443  p=[0.289 0.282 0.987 0.558 0.495 0.853 0.002 0.003 0.744 0.468]
   459          698        0.0443452         reflect
  eval: e=0.0443  p=[0.290 0.282 0.987 0.558 0.494 0.853 0.001 0.003 0.744 0.469]
  eval: e=0.0456  p=[0.291 0.283 0.986 0.559 0.493 0.853 0.000 0.003 0.742 0.474]
   460          700        0.0443258         reflect
  eval: e=0.0444  p=[0.293 0.283 0.986 0.562 0.486 0.853 0.003 0.003 0.737 0.475]
   461          701        0.0443258         reflect
  eval: e=0.0443  p=[0.291 0.283 0.986 0.559 0.492 0.853 0.003 0.003 0.740 0.474]
  eval: e=0.0441  p=[0.292 0.284 0.985 0.560 0.491 0.852 0.004 0.003 0.736 0.480]
   462          703        0.0441142         expand
  eval: e=0.0442  p=[0.291 0.284 0.986 0.560 0.491 0.852 0.004 0.003 0.736 0.480]
   463          704        0.0441142         reflect
  eval: e=0.0442  p=[0.293 0.284 0.985 0.561 0.487 0.851 0.005 0.003 0.732 0.485]
   464          705        0.0441142         reflect
  eval: e=0.0442  p=[0.289 0.283 0.986 0.557 0.497 0.852 0.005 0.003 0.740 0.475]
   465          706        0.0441142         reflect
  eval: e=0.0442  p=[0.287 0.282 0.987 0.556 0.502 0.853 0.004 0.003 0.744 0.471]
   466          707        0.0441142         reflect
  eval: e=0.0441  p=[0.290 0.283 0.985 0.559 0.495 0.852 0.005 0.003 0.737 0.479]
   467          708        0.0441142         reflect
  eval: e=0.0441  p=[0.293 0.284 0.985 0.561 0.489 0.851 0.006 0.002 0.732 0.486]
   468          709        0.0441142         reflect
  eval: e=0.0440  p=[0.292 0.284 0.985 0.559 0.491 0.851 0.004 0.003 0.734 0.485]
  eval: e=0.0439  p=[0.293 0.285 0.983 0.560 0.490 0.851 0.004 0.002 0.730 0.492]
   469          711        0.0438664         expand
  eval: e=0.0440  p=[0.293 0.285 0.984 0.560 0.491 0.851 0.007 0.002 0.730 0.490]
   470          712        0.0438664         reflect
  eval: e=0.0439  p=[0.292 0.285 0.984 0.559 0.493 0.851 0.004 0.002 0.733 0.489]
   471          713        0.0438664         reflect
  eval: e=0.0438  p=[0.293 0.285 0.983 0.560 0.491 0.850 0.008 0.002 0.726 0.496]
  eval: e=0.0436  p=[0.295 0.287 0.981 0.561 0.489 0.849 0.012 0.001 0.717 0.509]
   472          715        0.0436306         expand
  eval: e=0.0440  p=[0.297 0.287 0.982 0.564 0.481 0.850 0.007 0.002 0.721 0.502]
   473          716        0.0436306         reflect
  eval: e=0.0438  p=[0.294 0.286 0.983 0.560 0.490 0.850 0.007 0.002 0.725 0.498]
   474          717        0.0436306         reflect
  eval: e=0.0437  p=[0.292 0.285 0.983 0.559 0.494 0.850 0.006 0.002 0.728 0.495]
   475          718        0.0436306         reflect
  eval: e=0.0437  p=[0.297 0.287 0.981 0.563 0.483 0.849 0.007 0.001 0.718 0.509]
   476          719        0.0436306         reflect
  eval: e=0.0436  p=[0.294 0.286 0.982 0.560 0.490 0.849 0.007 0.002 0.723 0.503]
  eval: e=0.0434  p=[0.295 0.288 0.980 0.560 0.491 0.849 0.008 0.002 0.719 0.512]
   477          721        0.0433852         expand
  eval: e=0.0435  p=[0.298 0.288 0.980 0.562 0.484 0.848 0.008 0.001 0.714 0.516]
   478          722        0.0433852         reflect
  eval: e=0.0434  p=[0.298 0.289 0.979 0.561 0.485 0.847 0.010 0.001 0.710 0.523]
  eval: e=0.0449  p=[0.301 0.292 0.975 0.562 0.483 0.845 0.014 0.000 0.697 0.544]
   479          724        0.0433848         reflect
  eval: e=0.0434  p=[0.298 0.289 0.979 0.562 0.485 0.848 0.008 0.001 0.713 0.518]
   480          725        0.0433848         reflect
  eval: e=0.0434  p=[0.293 0.287 0.980 0.557 0.496 0.849 0.008 0.001 0.721 0.510]
  eval: e=0.0432  p=[0.292 0.287 0.979 0.554 0.503 0.848 0.009 0.001 0.721 0.515]
   481          727         0.043239         expand
  eval: e=0.0432  p=[0.298 0.290 0.978 0.562 0.486 0.847 0.012 0.001 0.706 0.529]
  eval: e=0.0430  p=[0.301 0.292 0.975 0.563 0.482 0.845 0.017 0.000 0.693 0.549]
   482          729        0.0429513         expand
  eval: e=0.0431  p=[0.298 0.290 0.976 0.561 0.488 0.846 0.015 0.000 0.702 0.536]
   483          730        0.0429513         reflect
  eval: e=0.0430  p=[0.299 0.291 0.976 0.561 0.487 0.846 0.013 0.000 0.702 0.538]
   484          731        0.0429513         reflect
  eval: e=0.0430  p=[0.296 0.290 0.977 0.558 0.495 0.846 0.014 0.001 0.706 0.533]
   485          732        0.0429513         reflect
  eval: e=0.0452  p=[0.301 0.293 0.973 0.562 0.484 0.844 0.016 0.000 0.691 0.555]
  eval: e=0.0435  p=[0.295 0.287 0.980 0.559 0.491 0.849 0.009 0.001 0.719 0.510]
   486          734        0.0429513         contract inside
  eval: e=0.0428  p=[0.299 0.291 0.975 0.560 0.489 0.845 0.010 0.000 0.703 0.540]
  eval: e=0.0440  p=[0.301 0.293 0.972 0.559 0.489 0.844 0.009 0.000 0.696 0.556]
   487          736          0.04278         reflect
  eval: e=0.0429  p=[0.297 0.291 0.975 0.557 0.496 0.845 0.014 0.001 0.703 0.539]
   488          737          0.04278         reflect
  eval: e=0.0430  p=[0.300 0.292 0.974 0.560 0.489 0.844 0.015 0.000 0.695 0.551]
   489          738          0.04278         reflect
  eval: e=0.0427  p=[0.297 0.292 0.974 0.557 0.496 0.844 0.017 0.000 0.697 0.549]
  eval: e=0.0453  p=[0.297 0.293 0.971 0.555 0.502 0.842 0.021 0.000 0.690 0.564]
   490          740         0.042715         reflect
  eval: e=0.0501  p=[0.300 0.294 0.972 0.559 0.491 0.843 0.019 0.000 0.688 0.563]
  eval: e=0.0431  p=[0.296 0.289 0.978 0.559 0.491 0.847 0.010 0.001 0.711 0.524]
   491          742         0.042715         contract inside
  eval: e=0.0426  p=[0.298 0.292 0.973 0.557 0.498 0.844 0.016 0.000 0.696 0.552]
  eval: e=0.0428  p=[0.298 0.294 0.970 0.554 0.504 0.842 0.019 0.000 0.689 0.567]
   492          744        0.0426193         reflect
  eval: e=0.0459  p=[0.305 0.295 0.971 0.564 0.479 0.843 0.019 0.000 0.681 0.568]
  eval: e=0.0430  p=[0.295 0.289 0.977 0.557 0.497 0.847 0.011 0.001 0.711 0.528]
   493          746        0.0426193         contract inside
  eval: e=0.0446  p=[0.299 0.293 0.972 0.559 0.492 0.843 0.018 0.000 0.691 0.559]
  eval: e=0.0430  p=[0.297 0.290 0.977 0.559 0.491 0.846 0.012 0.001 0.706 0.533]
   494          748        0.0426193         contract inside
  eval: e=0.0426  p=[0.297 0.292 0.974 0.557 0.496 0.845 0.013 0.000 0.701 0.547]
   495          749        0.0426193         reflect
  eval: e=0.0434  p=[0.301 0.293 0.973 0.561 0.487 0.843 0.017 0.000 0.690 0.558]
  eval: e=0.0429  p=[0.297 0.290 0.976 0.558 0.495 0.846 0.013 0.000 0.706 0.535]
   496          751        0.0426193         contract inside
  eval: e=0.0430  p=[0.296 0.290 0.977 0.557 0.496 0.846 0.013 0.001 0.707 0.533]
   497          752        0.0426193         reflect
  eval: e=0.0427  p=[0.298 0.292 0.974 0.558 0.495 0.844 0.016 0.000 0.697 0.550]
   498          753        0.0426193         reflect
  eval: e=0.0427  p=[0.296 0.291 0.974 0.556 0.500 0.844 0.015 0.001 0.700 0.547]
   499          754        0.0426193         reflect
  eval: e=0.0426  p=[0.299 0.293 0.973 0.558 0.494 0.844 0.015 0.000 0.695 0.555]
  eval: e=0.0428  p=[0.300 0.294 0.971 0.558 0.493 0.842 0.015 0.000 0.689 0.566]
   500          756        0.0425505         reflect
  eval: e=0.0435  p=[0.300 0.293 0.972 0.559 0.492 0.843 0.016 0.000 0.691 0.560]
  eval: e=0.0428  p=[0.297 0.291 0.975 0.558 0.495 0.845 0.014 0.000 0.703 0.539]
   501          758        0.0425505         contract inside
  eval: e=0.0427  p=[0.294 0.291 0.974 0.552 0.508 0.845 0.012 0.000 0.707 0.542]
   502          759        0.0425505         reflect
  eval: e=0.0425  p=[0.298 0.293 0.972 0.556 0.499 0.843 0.015 0.000 0.695 0.557]
  eval: e=0.0433  p=[0.298 0.294 0.970 0.555 0.501 0.842 0.017 0.000 0.690 0.567]
   503          761        0.0425326         reflect
  eval: e=0.0428  p=[0.298 0.293 0.972 0.556 0.498 0.844 0.014 0.000 0.695 0.557]
   504          762        0.0425326         reflect
  eval: e=0.0433  p=[0.298 0.293 0.972 0.555 0.500 0.843 0.015 0.000 0.694 0.560]
  eval: e=0.0427  p=[0.297 0.291 0.974 0.557 0.496 0.845 0.014 0.000 0.701 0.544]
   505          764        0.0425326         contract inside
  eval: e=0.0428  p=[0.297 0.291 0.975 0.557 0.496 0.845 0.014 0.000 0.703 0.540]
  eval: e=0.0426  p=[0.298 0.292 0.973 0.556 0.498 0.844 0.014 0.000 0.697 0.552]
   506          766        0.0425326         contract inside
  eval: e=0.0427  p=[0.295 0.292 0.972 0.553 0.507 0.843 0.020 0.000 0.694 0.559]
   507          767        0.0425326         reflect
  eval: e=0.0427  p=[0.301 0.293 0.972 0.561 0.487 0.843 0.019 0.000 0.687 0.560]
   508          768        0.0425326         reflect
  eval: e=0.0444  p=[0.299 0.293 0.972 0.558 0.493 0.843 0.016 0.000 0.692 0.558]
  eval: e=0.0427  p=[0.297 0.292 0.974 0.556 0.498 0.844 0.016 0.000 0.698 0.550]
   509          770        0.0425326         contract inside
  eval: e=0.0430  p=[0.298 0.293 0.972 0.557 0.497 0.843 0.018 0.000 0.691 0.562]
  eval: e=0.0427  p=[0.297 0.292 0.974 0.557 0.496 0.844 0.015 0.000 0.698 0.549]
   510          772        0.0425326         contract inside
  eval: e=0.0425  p=[0.298 0.293 0.972 0.557 0.498 0.843 0.015 0.000 0.694 0.557]
  eval: e=0.0424  p=[0.299 0.293 0.971 0.556 0.498 0.843 0.014 0.000 0.693 0.561]
   511          774         0.042415         expand
  eval: e=0.0427  p=[0.301 0.292 0.974 0.561 0.485 0.845 0.011 0.000 0.697 0.548]
  eval: e=0.0426  p=[0.297 0.292 0.972 0.555 0.501 0.843 0.017 0.000 0.695 0.556]
   512          776         0.042415         contract inside
  eval: e=0.0426  p=[0.294 0.291 0.973 0.552 0.507 0.845 0.011 0.000 0.706 0.546]
   513          777         0.042415         reflect
  eval: e=0.0426  p=[0.298 0.293 0.972 0.556 0.498 0.844 0.014 0.000 0.696 0.555]
   514          778         0.042415         reflect
  eval: e=0.0425  p=[0.297 0.293 0.972 0.554 0.503 0.844 0.014 0.000 0.698 0.556]
   515          779         0.042415         reflect
  eval: e=0.0425  p=[0.297 0.293 0.972 0.555 0.502 0.843 0.014 0.000 0.696 0.559]
   516          780         0.042415         reflect
  eval: e=0.0425  p=[0.297 0.293 0.971 0.554 0.503 0.843 0.016 0.000 0.693 0.563]
   517          781         0.042415         reflect
  eval: e=0.0427  p=[0.301 0.294 0.971 0.559 0.491 0.842 0.019 0.000 0.685 0.568]
  eval: e=0.0426  p=[0.296 0.292 0.973 0.554 0.503 0.844 0.013 0.000 0.701 0.551]
   518          783         0.042415         contract inside
  eval: e=0.0426  p=[0.297 0.293 0.972 0.555 0.502 0.843 0.016 0.000 0.695 0.557]
   519          784         0.042415         reflect
  eval: e=0.0424  p=[0.297 0.293 0.971 0.554 0.503 0.843 0.014 0.000 0.695 0.561]
  eval: e=0.0423  p=[0.297 0.294 0.970 0.553 0.505 0.842 0.012 0.000 0.694 0.566]
   520          786        0.0423436         expand
  eval: e=0.0423  p=[0.298 0.293 0.971 0.555 0.500 0.843 0.011 0.000 0.696 0.559]
  eval: e=0.0422  p=[0.299 0.294 0.970 0.555 0.499 0.843 0.008 0.000 0.697 0.561]
   521          788        0.0422043         expand
  eval: e=0.0423  p=[0.300 0.294 0.970 0.557 0.497 0.842 0.015 0.000 0.690 0.566]
   522          789        0.0422043         reflect
  eval: e=0.0426  p=[0.299 0.294 0.971 0.556 0.498 0.843 0.012 0.000 0.694 0.562]
  eval: e=0.0425  p=[0.298 0.293 0.972 0.555 0.501 0.843 0.015 0.000 0.695 0.558]
   523          791        0.0422043         contract inside
  eval: e=0.0423  p=[0.299 0.294 0.970 0.554 0.502 0.842 0.013 0.000 0.692 0.568]
   524          792        0.0422043         reflect
  eval: e=0.0424  p=[0.297 0.294 0.969 0.552 0.508 0.842 0.013 0.000 0.694 0.568]
   525          793        0.0422043         reflect
  eval: e=0.0423  p=[0.298 0.294 0.969 0.553 0.505 0.842 0.011 0.000 0.693 0.569]
   526          794        0.0422043         reflect
  eval: e=0.0422  p=[0.299 0.295 0.969 0.555 0.502 0.842 0.013 0.000 0.690 0.572]
   527          795        0.0422043         reflect
  eval: e=0.0422  p=[0.299 0.295 0.968 0.554 0.504 0.842 0.011 0.000 0.691 0.572]
  eval: e=0.0422  p=[0.300 0.296 0.967 0.553 0.505 0.841 0.009 0.000 0.689 0.579]
   528          797        0.0421944         reflect
  eval: e=0.0421  p=[0.299 0.295 0.969 0.554 0.501 0.842 0.009 0.000 0.693 0.569]
  eval: e=0.0420  p=[0.300 0.295 0.968 0.554 0.500 0.842 0.006 0.000 0.693 0.572]
   529          799        0.0419726         expand
  eval: e=0.0421  p=[0.300 0.296 0.967 0.554 0.502 0.841 0.010 0.000 0.689 0.577]
   530          800        0.0419726         reflect
  eval: e=0.0421  p=[0.299 0.296 0.967 0.552 0.507 0.841 0.008 0.000 0.691 0.577]
   531          801        0.0419726         reflect
  eval: e=0.0420  p=[0.301 0.295 0.969 0.556 0.497 0.842 0.009 0.000 0.690 0.572]
   532          802        0.0419726         reflect
  eval: e=0.0420  p=[0.302 0.296 0.968 0.556 0.498 0.842 0.008 0.000 0.689 0.575]
   533          803        0.0419726         reflect
  eval: e=0.0420  p=[0.300 0.296 0.967 0.552 0.506 0.841 0.004 0.000 0.693 0.577]
   534          804        0.0419726         reflect
  eval: e=0.0419  p=[0.301 0.296 0.967 0.554 0.501 0.842 0.004 0.000 0.692 0.577]
  eval: e=0.0432  p=[0.302 0.297 0.966 0.554 0.501 0.841 0.000 0.000 0.692 0.581]
   535          806        0.0418644         reflect
  eval: e=0.0418  p=[0.302 0.296 0.967 0.555 0.498 0.841 0.005 0.000 0.690 0.578]
  eval: e=0.0418  p=[0.304 0.297 0.966 0.556 0.495 0.841 0.002 0.000 0.688 0.582]
   536          808        0.0418129         expand
  eval: e=0.0418  p=[0.302 0.296 0.967 0.554 0.500 0.842 0.001 0.000 0.693 0.576]
  eval: e=0.2623  p=[0.303 0.297 0.966 0.554 0.499 0.842 0.000 0.000 0.695 0.578]
   537          810        0.0417586         reflect
  eval: e=0.0417  p=[0.302 0.298 0.964 0.553 0.503 0.840 0.004 0.000 0.685 0.590]
  eval: e=0.0416  p=[0.304 0.300 0.961 0.552 0.505 0.838 0.002 0.000 0.680 0.605]
   538          812        0.0416188         expand
  eval: e=0.0423  p=[0.303 0.298 0.965 0.555 0.498 0.841 0.000 0.000 0.688 0.586]
  eval: e=0.0420  p=[0.300 0.296 0.968 0.554 0.502 0.842 0.008 0.000 0.690 0.576]
   539          814        0.0416188         contract inside
  eval: e=0.0417  p=[0.302 0.297 0.966 0.554 0.500 0.841 0.001 0.000 0.691 0.581]
   540          815        0.0416188         reflect
  eval: e=0.0416  p=[0.304 0.297 0.966 0.557 0.494 0.841 0.001 0.000 0.688 0.582]
   541          816        0.0416188         reflect
  eval: e=0.0572  p=[0.303 0.298 0.964 0.552 0.504 0.840 0.000 0.000 0.689 0.589]
  eval: e=0.0419  p=[0.301 0.296 0.967 0.555 0.498 0.842 0.006 0.000 0.690 0.576]
   542          818        0.0416188         contract inside
  eval: e=0.0515  p=[0.304 0.298 0.965 0.555 0.497 0.841 0.000 0.000 0.689 0.585]
  eval: e=0.0419  p=[0.301 0.296 0.967 0.554 0.501 0.841 0.006 0.000 0.690 0.578]
   543          820        0.0416188         contract inside
  eval: e=0.0417  p=[0.305 0.298 0.966 0.557 0.493 0.841 0.003 0.000 0.686 0.584]
   544          821        0.0416188         reflect
  eval: e=0.0710  p=[0.303 0.298 0.964 0.554 0.500 0.840 0.000 0.000 0.689 0.587]
  eval: e=0.0419  p=[0.302 0.296 0.967 0.555 0.498 0.841 0.006 0.000 0.689 0.578]
   545          823        0.0416188         contract inside
  eval: e=0.0415  p=[0.305 0.299 0.964 0.555 0.497 0.840 0.001 0.000 0.684 0.592]
  eval: e=0.0625  p=[0.307 0.300 0.962 0.556 0.495 0.839 0.000 0.000 0.680 0.601]
   546          825        0.0415489         reflect
  eval: e=0.0498  p=[0.304 0.298 0.964 0.554 0.498 0.840 0.000 0.000 0.686 0.591]
  eval: e=0.0418  p=[0.302 0.297 0.967 0.555 0.498 0.841 0.004 0.000 0.689 0.580]
   547          827        0.0415489         contract inside
  eval: e=0.0476  p=[0.305 0.298 0.964 0.556 0.495 0.840 0.000 0.000 0.686 0.589]
  eval: e=0.0418  p=[0.302 0.297 0.966 0.555 0.500 0.841 0.004 0.000 0.689 0.581]
   548          829        0.0415489         contract inside
  eval: e=0.0415  p=[0.305 0.299 0.964 0.556 0.494 0.840 0.001 0.000 0.684 0.591]
  eval: e=0.0463  p=[0.307 0.300 0.963 0.557 0.491 0.839 0.000 0.000 0.680 0.599]
   549          831        0.0414889         reflect
  eval: e=0.0649  p=[0.305 0.299 0.964 0.555 0.497 0.840 0.000 0.000 0.685 0.592]
  eval: e=0.0417  p=[0.303 0.297 0.966 0.555 0.498 0.841 0.004 0.000 0.688 0.582]
   550          833        0.0414889         contract inside
  eval: e=0.0417  p=[0.303 0.298 0.965 0.554 0.501 0.840 0.003 0.000 0.686 0.589]
   551          834        0.0414889         reflect
  eval: e=0.0418  p=[0.305 0.299 0.964 0.555 0.498 0.840 0.000 0.000 0.685 0.593]
  eval: e=0.0417  p=[0.303 0.297 0.966 0.555 0.498 0.841 0.003 0.000 0.688 0.583]
   552          836        0.0414889         contract inside
  eval: e=0.0415  p=[0.305 0.299 0.964 0.555 0.496 0.840 0.000 0.000 0.685 0.592]
   553          837        0.0414889         reflect
  eval: e=0.0416  p=[0.306 0.300 0.963 0.556 0.495 0.839 0.003 0.000 0.679 0.600]
   554          838        0.0414889         reflect
  eval: e=0.0419  p=[0.306 0.299 0.963 0.555 0.497 0.839 0.000 0.000 0.682 0.598]
  eval: e=0.0417  p=[0.303 0.298 0.965 0.555 0.498 0.841 0.003 0.000 0.686 0.586]
   555          840        0.0414889         contract inside
  eval: e=0.0414  p=[0.306 0.299 0.963 0.555 0.496 0.839 0.000 0.000 0.682 0.597]
  eval: e=0.0581  p=[0.307 0.300 0.961 0.556 0.495 0.839 0.000 0.000 0.679 0.604]
   556          842        0.0414141         reflect
  eval: e=0.0418  p=[0.306 0.299 0.964 0.557 0.493 0.840 0.000 0.000 0.683 0.593]
  eval: e=0.0416  p=[0.304 0.298 0.964 0.555 0.499 0.840 0.002 0.000 0.685 0.590]
   557          844        0.0414141         contract inside
  eval: e=0.0414  p=[0.307 0.300 0.962 0.557 0.493 0.839 0.002 0.000 0.677 0.603]
  eval: e=0.0413  p=[0.309 0.301 0.960 0.558 0.490 0.838 0.003 0.000 0.670 0.613]
   558          846        0.0412726         expand
  eval: e=0.0414  p=[0.306 0.300 0.961 0.554 0.500 0.839 0.000 0.000 0.679 0.605]
   559          847        0.0412726         reflect
  eval: e=0.0414  p=[0.307 0.301 0.961 0.556 0.496 0.838 0.000 0.000 0.677 0.608]
   560          848        0.0412726         reflect
  eval: e=0.0414  p=[0.307 0.302 0.959 0.554 0.500 0.837 0.001 0.000 0.672 0.617]
   561          849        0.0412726         reflect
  eval: e=0.0414  p=[0.308 0.299 0.963 0.559 0.488 0.840 0.000 0.000 0.680 0.596]
   562          850        0.0412726         reflect
  eval: e=0.0428  p=[0.309 0.302 0.960 0.557 0.492 0.838 0.000 0.000 0.673 0.613]
  eval: e=0.0415  p=[0.305 0.299 0.963 0.555 0.497 0.840 0.002 0.000 0.682 0.596]
   563          852        0.0412726         contract inside
  eval: e=0.0545  p=[0.306 0.300 0.962 0.556 0.496 0.839 0.000 0.000 0.680 0.602]
  eval: e=0.0414  p=[0.306 0.300 0.962 0.556 0.495 0.839 0.002 0.000 0.679 0.600]
   564          854        0.0412726         contract inside
  eval: e=0.0413  p=[0.308 0.301 0.960 0.556 0.494 0.838 0.002 0.000 0.673 0.611]
   565          855        0.0412726         reflect
  eval: e=0.0412  p=[0.309 0.302 0.959 0.557 0.494 0.838 0.001 0.000 0.671 0.615]
  eval: e=0.0411  p=[0.311 0.303 0.957 0.558 0.492 0.836 0.002 0.000 0.664 0.627]
   566          857        0.0411466         expand
  eval: e=0.0412  p=[0.309 0.302 0.959 0.557 0.492 0.837 0.001 0.000 0.670 0.618]
   567          858        0.0411466         reflect
  eval: e=0.0412  p=[0.310 0.303 0.957 0.557 0.494 0.836 0.001 0.000 0.665 0.627]
   568          859        0.0411466         reflect
  eval: e=0.0413  p=[0.309 0.300 0.962 0.559 0.488 0.839 0.001 0.000 0.675 0.604]
   569          860        0.0411466         reflect
  eval: e=0.0412  p=[0.311 0.302 0.960 0.560 0.485 0.838 0.002 0.000 0.668 0.615]
   570          861        0.0411466         reflect
  eval: e=0.0411  p=[0.311 0.303 0.958 0.559 0.488 0.837 0.001 0.000 0.666 0.623]
  eval: e=0.0410  p=[0.314 0.305 0.956 0.561 0.484 0.836 0.000 0.000 0.659 0.635]
   571          863        0.0410336         expand
  eval: e=0.0410  p=[0.314 0.304 0.956 0.561 0.485 0.836 0.002 0.000 0.659 0.634]
  eval: e=0.0408  p=[0.318 0.307 0.953 0.563 0.479 0.834 0.003 0.000 0.647 0.652]
   572          865        0.0408224         expand
  eval: e=0.0411  p=[0.313 0.306 0.954 0.558 0.491 0.834 0.003 0.000 0.654 0.646]
   573          866        0.0408224         reflect
  eval: e=0.0410  p=[0.315 0.305 0.955 0.562 0.482 0.835 0.003 0.000 0.653 0.642]
   574          867        0.0408224         reflect
  eval: e=0.0409  p=[0.316 0.306 0.954 0.562 0.481 0.835 0.002 0.000 0.652 0.645]
   575          868        0.0408224         reflect
  eval: e=0.0408  p=[0.317 0.308 0.951 0.560 0.486 0.833 0.003 0.000 0.645 0.660]
   576          869        0.0408224         reflect
  eval: e=0.0407  p=[0.318 0.308 0.951 0.561 0.483 0.833 0.001 0.000 0.646 0.660]
  eval: e=0.0419  p=[0.322 0.311 0.947 0.563 0.480 0.831 0.000 0.000 0.634 0.683]
   577          871        0.0407288         reflect
  eval: e=0.0409  p=[0.317 0.309 0.950 0.559 0.488 0.832 0.002 0.000 0.643 0.667]
   578          872        0.0407288         reflect
  eval: e=0.0407  p=[0.320 0.308 0.951 0.564 0.478 0.833 0.002 0.000 0.641 0.663]
  eval: e=0.0406  p=[0.324 0.311 0.948 0.568 0.469 0.831 0.003 0.000 0.629 0.681]
   579          874        0.0405964         expand
  eval: e=0.0406  p=[0.323 0.311 0.947 0.565 0.475 0.830 0.003 0.000 0.629 0.685]
   580          875        0.0405964         reflect
  eval: e=0.0405  p=[0.325 0.312 0.947 0.566 0.472 0.830 0.003 0.000 0.627 0.687]
  eval: e=0.0404  p=[0.332 0.316 0.941 0.571 0.462 0.827 0.004 0.000 0.608 0.717]
   581          877        0.0403548         expand
  eval: e=0.0406  p=[0.326 0.311 0.948 0.568 0.467 0.831 0.002 0.000 0.628 0.683]
   582          878        0.0403548         reflect
  eval: e=0.0405  p=[0.327 0.314 0.944 0.567 0.471 0.828 0.005 0.000 0.617 0.704]
   583          879        0.0403548         reflect
  eval: e=0.0403  p=[0.328 0.315 0.942 0.567 0.470 0.828 0.002 0.000 0.616 0.709]
  eval: e=0.0401  p=[0.335 0.319 0.936 0.570 0.464 0.825 0.001 0.001 0.598 0.742]
   584          881        0.0400778         expand
  eval: e=0.0406  p=[0.330 0.314 0.945 0.572 0.459 0.829 0.004 0.000 0.617 0.699]
   585          882        0.0400778         reflect
  eval: e=0.0402  p=[0.333 0.318 0.939 0.571 0.462 0.826 0.004 0.000 0.601 0.732]
   586          883        0.0400778         reflect
  eval: e=0.0405  p=[0.336 0.318 0.939 0.575 0.452 0.826 0.003 0.001 0.599 0.731]
   587          884        0.0400778         reflect
  eval: e=0.0402  p=[0.339 0.321 0.934 0.574 0.454 0.823 0.003 0.001 0.587 0.755]
   588          885        0.0400778         reflect
  eval: e=0.0407  p=[0.343 0.323 0.933 0.579 0.444 0.822 0.006 0.001 0.577 0.765]
  eval: e=0.0404  p=[0.337 0.319 0.938 0.575 0.454 0.825 0.004 0.001 0.594 0.739]
   589          887        0.0400778         contract outside
  eval: e=0.0402  p=[0.333 0.318 0.938 0.569 0.467 0.825 0.003 0.001 0.601 0.735]
   590          888        0.0400778         reflect
  eval: e=0.0403  p=[0.341 0.322 0.934 0.576 0.449 0.823 0.003 0.001 0.584 0.759]
   591          889        0.0400778         reflect
  eval: e=0.0401  p=[0.343 0.324 0.930 0.576 0.451 0.821 0.003 0.001 0.574 0.778]
   592          890        0.0400778         reflect
  eval: e=0.0400  p=[0.346 0.326 0.927 0.577 0.450 0.819 0.005 0.001 0.564 0.795]
  eval: e=0.0400  p=[0.355 0.334 0.917 0.581 0.441 0.813 0.006 0.001 0.533 0.851]
   593          892         0.040008         expand
  eval: e=0.0400  p=[0.339 0.323 0.931 0.571 0.463 0.821 0.004 0.001 0.581 0.772]
  eval: e=0.0400  p=[0.340 0.326 0.927 0.569 0.468 0.819 0.005 0.001 0.572 0.792]
   594          894        0.0399782         reflect
  eval: e=0.0401  p=[0.350 0.329 0.924 0.579 0.443 0.817 0.002 0.001 0.555 0.812]
   595          895        0.0399782         reflect
  eval: e=0.0398  p=[0.343 0.326 0.927 0.573 0.457 0.819 0.002 0.001 0.570 0.791]
  eval: e=0.0396  p=[0.346 0.329 0.922 0.572 0.459 0.817 0.001 0.001 0.558 0.817]
   596          897        0.0396368         expand
  eval: e=0.0397  p=[0.351 0.332 0.919 0.577 0.449 0.815 0.003 0.001 0.546 0.834]
   597          898        0.0396368         reflect
  eval: e=0.0398  p=[0.344 0.328 0.924 0.572 0.462 0.818 0.003 0.001 0.563 0.807]
   598          899        0.0396368         reflect
  eval: e=0.0396  p=[0.354 0.334 0.916 0.577 0.449 0.813 0.002 0.001 0.538 0.849]
  eval: e=0.0395  p=[0.364 0.342 0.905 0.580 0.442 0.807 0.001 0.001 0.507 0.907]
   599          901        0.0394558         expand
  eval: e=0.0398  p=[0.360 0.338 0.911 0.581 0.439 0.810 0.003 0.001 0.519 0.880]
   600          902        0.0394558         reflect
  eval: e=0.0394  p=[0.359 0.339 0.909 0.578 0.448 0.810 0.003 0.001 0.520 0.885]
  eval: e=0.0391  p=[0.368 0.347 0.897 0.579 0.445 0.803 0.003 0.001 0.486 0.951]
   601          904        0.0391046         expand
  eval: e=0.0396  p=[0.351 0.334 0.915 0.572 0.460 0.812 0.004 0.001 0.538 0.856]
   602          905        0.0391046         reflect
  eval: e=0.0393  p=[0.360 0.341 0.905 0.575 0.454 0.807 0.003 0.001 0.512 0.905]
   603          906        0.0391046         reflect
  eval: e=0.0393  p=[0.373 0.350 0.893 0.582 0.439 0.800 0.005 0.001 0.471 0.974]
   604          907        0.0391046         reflect
  eval: e=0.0403  p=[0.356 0.339 0.908 0.572 0.461 0.809 0.000 0.001 0.523 0.889]
  eval: e=0.0397  p=[0.356 0.335 0.914 0.578 0.446 0.812 0.005 0.001 0.530 0.861]
   605          909        0.0391046         contract inside
  eval: e=0.0393  p=[0.376 0.352 0.890 0.583 0.436 0.799 0.002 0.001 0.465 0.987]
   606          910        0.0391046         reflect
  eval: e=0.0396  p=[0.377 0.353 0.890 0.585 0.432 0.799 0.002 0.001 0.463 0.987]
   607          911        0.0391046         reflect
  eval: e=0.0393  p=[0.364 0.345 0.899 0.576 0.454 0.804 0.003 0.001 0.496 0.936]
   608          912        0.0391046         reflect
  eval: e=0.1147  p=[0.376 0.354 0.887 0.580 0.445 0.797 0.003 0.001 0.459 1.000]
  eval: e=0.0395  p=[0.357 0.337 0.911 0.578 0.448 0.810 0.003 0.001 0.524 0.876]
   609          914        0.0391046         contract inside
  eval: e=0.0389  p=[0.372 0.351 0.891 0.578 0.448 0.800 0.001 0.001 0.474 0.979]
  eval: e=14.0833  p=[0.380 0.359 0.879 0.578 0.448 0.793 0.000 0.002 0.445 1.000]
   610          916        0.0389175         reflect
  eval: e=29.3299  p=[0.386 0.361 0.877 0.586 0.432 0.792 0.004 0.002 0.429 1.000]
  eval: e=0.0394  p=[0.356 0.337 0.911 0.576 0.453 0.810 0.002 0.001 0.526 0.877]
   611          918        0.0389175         contract inside
  eval: e=3.9482  p=[0.382 0.357 0.884 0.586 0.430 0.795 0.001 0.002 0.447 1.000]
  eval: e=0.0393  p=[0.359 0.340 0.907 0.576 0.453 0.808 0.003 0.001 0.515 0.897]
   612          920        0.0389175         contract inside
  eval: e=0.0397  p=[0.353 0.336 0.912 0.572 0.462 0.811 0.003 0.001 0.532 0.870]
  eval: e=0.0393  p=[0.371 0.348 0.895 0.582 0.440 0.802 0.002 0.001 0.480 0.958]
   613          922        0.0389175         contract inside
  eval: e=0.0389  p=[0.375 0.354 0.887 0.580 0.445 0.798 0.002 0.001 0.462 0.998]
   614          923        0.0389175         reflect
  eval: e=0.0390  p=[0.371 0.352 0.890 0.577 0.451 0.799 0.004 0.001 0.470 0.985]
   615          924        0.0389175         reflect
  eval: e=13.8676  p=[0.382 0.359 0.880 0.582 0.440 0.793 0.003 0.002 0.440 1.000]
  eval: e=0.0392  p=[0.362 0.343 0.903 0.577 0.449 0.806 0.002 0.001 0.504 0.917]
   616          926        0.0389175         contract inside
  eval: e=4.3997  p=[0.380 0.357 0.883 0.582 0.439 0.795 0.002 0.001 0.449 1.000]
  eval: e=0.0392  p=[0.364 0.344 0.901 0.577 0.449 0.805 0.003 0.001 0.498 0.928]
   617          928        0.0389175         contract inside
  eval: e=0.0394  p=[0.360 0.343 0.902 0.573 0.458 0.806 0.004 0.001 0.505 0.919]
  eval: e=0.0391  p=[0.372 0.350 0.893 0.581 0.442 0.801 0.002 0.001 0.475 0.970]
   618          930        0.0389175         contract inside
  eval: e=1.9032  p=[0.379 0.356 0.885 0.582 0.438 0.796 0.003 0.001 0.452 1.000]
  eval: e=0.0392  p=[0.364 0.345 0.900 0.577 0.450 0.804 0.003 0.001 0.497 0.932]
   619          932        0.0389175         contract inside
  eval: e=0.0403  p=[0.364 0.345 0.899 0.574 0.456 0.804 0.000 0.001 0.498 0.937]
  eval: e=0.0391  p=[0.371 0.349 0.894 0.580 0.443 0.801 0.004 0.001 0.477 0.965]
   620          934        0.0389175         contract inside
  eval: e=0.0392  p=[0.374 0.351 0.891 0.582 0.439 0.800 0.002 0.001 0.469 0.980]
   621          935        0.0389175         reflect
  eval: e=0.0391  p=[0.368 0.349 0.894 0.576 0.452 0.801 0.003 0.001 0.482 0.963]
   622          936        0.0389175         reflect
  eval: e=1.8022  p=[0.377 0.356 0.885 0.580 0.443 0.796 0.003 0.001 0.453 1.000]
  eval: e=0.0391  p=[0.366 0.346 0.898 0.578 0.448 0.804 0.003 0.001 0.492 0.941]
   623          938        0.0389175         contract inside
  eval: e=0.2642  p=[0.376 0.355 0.886 0.580 0.443 0.797 0.002 0.001 0.458 1.000]
  eval: e=0.0391  p=[0.367 0.347 0.897 0.578 0.448 0.803 0.003 0.001 0.488 0.947]
   624          940        0.0389175         contract inside
  eval: e=0.1422  p=[0.377 0.354 0.887 0.581 0.442 0.797 0.002 0.001 0.458 1.000]
  eval: e=0.0391  p=[0.367 0.347 0.897 0.578 0.448 0.803 0.003 0.001 0.487 0.950]
   625          942        0.0389175         contract inside
  eval: e=0.0393  p=[0.365 0.347 0.897 0.575 0.455 0.803 0.003 0.001 0.490 0.949]
  eval: e=0.0390  p=[0.372 0.350 0.893 0.580 0.443 0.800 0.003 0.001 0.474 0.973]
   626          944        0.0389175         contract inside
  eval: e=0.0390  p=[0.369 0.349 0.893 0.577 0.451 0.801 0.001 0.001 0.480 0.966]
   627          945        0.0389175         reflect
  eval: e=0.0389  p=[0.374 0.353 0.888 0.579 0.447 0.798 0.002 0.001 0.464 0.995]
  eval: e=5.1326  p=[0.378 0.357 0.883 0.579 0.446 0.795 0.002 0.001 0.450 1.000]
   628          947        0.0388838         reflect
  eval: e=0.0390  p=[0.369 0.350 0.892 0.576 0.454 0.800 0.002 0.001 0.478 0.971]
   629          948        0.0388838         reflect
  eval: e=0.0389  p=[0.372 0.353 0.888 0.576 0.452 0.798 0.002 0.001 0.466 0.995]
   630          949        0.0388838         reflect
  eval: e=0.6560  p=[0.375 0.355 0.885 0.577 0.450 0.796 0.002 0.001 0.459 1.000]
  eval: e=0.0390  p=[0.369 0.349 0.894 0.578 0.448 0.801 0.002 0.001 0.481 0.962]
   631          951        0.0388838         contract inside
  eval: e=0.5749  p=[0.375 0.355 0.885 0.577 0.450 0.796 0.002 0.001 0.459 1.000]
  eval: e=0.0390  p=[0.369 0.349 0.894 0.578 0.448 0.801 0.002 0.001 0.480 0.964]
   632          953        0.0388838         contract inside
  eval: e=0.0389  p=[0.375 0.353 0.888 0.579 0.445 0.798 0.002 0.001 0.464 0.995]
  eval: e=1.2660  p=[0.378 0.356 0.885 0.581 0.441 0.796 0.001 0.001 0.455 1.000]
   633          955        0.0388768         reflect
  eval: e=0.0390  p=[0.375 0.353 0.889 0.581 0.442 0.798 0.002 0.001 0.465 0.991]
   634          956        0.0388768         reflect
  eval: e=0.0390  p=[0.372 0.353 0.888 0.576 0.452 0.798 0.001 0.001 0.467 0.993]
   635          957        0.0388768         reflect
  eval: e=1.0465  p=[0.376 0.355 0.885 0.578 0.448 0.796 0.001 0.001 0.457 1.000]
  eval: e=0.0390  p=[0.371 0.350 0.892 0.578 0.448 0.800 0.002 0.001 0.475 0.974]
   636          959        0.0388768         contract inside
  eval: e=1.0203  p=[0.376 0.355 0.885 0.578 0.447 0.796 0.001 0.001 0.457 1.000]
  eval: e=0.0390  p=[0.371 0.351 0.892 0.578 0.448 0.800 0.002 0.001 0.474 0.976]
   637          961        0.0388768         contract inside
  eval: e=0.0391  p=[0.369 0.351 0.890 0.575 0.455 0.799 0.002 0.001 0.474 0.980]
  eval: e=0.0389  p=[0.374 0.352 0.889 0.579 0.445 0.799 0.002 0.001 0.467 0.988]
   638          963        0.0388768         contract inside
  eval: e=0.8717  p=[0.376 0.355 0.885 0.580 0.445 0.796 0.003 0.001 0.456 1.000]
  eval: e=0.0389  p=[0.371 0.351 0.891 0.577 0.449 0.800 0.002 0.001 0.474 0.977]
   639          965        0.0388768         contract inside
  eval: e=0.0390  p=[0.373 0.351 0.891 0.580 0.443 0.800 0.003 0.001 0.471 0.979]
  eval: e=0.0389  p=[0.372 0.352 0.889 0.577 0.450 0.798 0.002 0.001 0.468 0.990]
   640          967        0.0388768         contract inside
  eval: e=0.0543  p=[0.375 0.354 0.887 0.578 0.448 0.797 0.002 0.001 0.462 1.000]
  eval: e=0.0389  p=[0.372 0.351 0.891 0.578 0.448 0.799 0.002 0.001 0.472 0.981]
   641          969        0.0388768         contract inside
  eval: e=0.0444  p=[0.375 0.354 0.887 0.578 0.448 0.797 0.002 0.001 0.462 1.000]
  eval: e=0.0389  p=[0.372 0.351 0.890 0.578 0.448 0.799 0.002 0.001 0.471 0.982]
   642          971        0.0388768         contract inside
  eval: e=0.0408  p=[0.375 0.353 0.889 0.580 0.444 0.798 0.000 0.002 0.466 0.991]
  eval: e=0.0389  p=[0.372 0.352 0.890 0.578 0.449 0.799 0.003 0.001 0.469 0.986]
   643          973        0.0388768         contract inside
  eval: e=0.0433  p=[0.375 0.354 0.887 0.579 0.446 0.797 0.002 0.001 0.461 1.000]
  eval: e=0.0389  p=[0.372 0.352 0.890 0.578 0.448 0.799 0.002 0.001 0.471 0.983]
   644          975        0.0388768         contract inside
  eval: e=0.0389  p=[0.374 0.353 0.888 0.578 0.447 0.798 0.002 0.001 0.463 0.997]
  eval: e=0.3283  p=[0.375 0.355 0.886 0.579 0.447 0.797 0.001 0.001 0.459 1.000]
   645          977        0.0388666         reflect
  eval: e=0.0389  p=[0.375 0.354 0.887 0.579 0.447 0.797 0.002 0.001 0.462 0.999]
  eval: e=0.6612  p=[0.376 0.355 0.885 0.579 0.447 0.796 0.001 0.001 0.458 1.000]
   646          979        0.0388582         reflect
  eval: e=0.0390  p=[0.374 0.352 0.890 0.580 0.442 0.799 0.002 0.001 0.467 0.988]
  eval: e=0.0389  p=[0.373 0.353 0.888 0.577 0.449 0.798 0.002 0.001 0.466 0.993]
   647          981        0.0388582         contract inside
  eval: e=0.0389  p=[0.375 0.353 0.888 0.580 0.444 0.798 0.002 0.001 0.464 0.993]
   648          982        0.0388582         reflect
  eval: e=0.0389  p=[0.374 0.353 0.888 0.578 0.449 0.798 0.002 0.001 0.465 0.995]
   649          983        0.0388582         reflect
  eval: e=0.0389  p=[0.375 0.354 0.887 0.580 0.444 0.797 0.001 0.001 0.462 0.999]
   650          984        0.0388582         reflect
  eval: e=0.3741  p=[0.376 0.355 0.886 0.580 0.444 0.797 0.001 0.001 0.458 1.000]
  eval: e=0.0389  p=[0.373 0.352 0.889 0.578 0.447 0.798 0.002 0.001 0.468 0.989]
   651          986        0.0388582         contract inside
  eval: e=0.0388  p=[0.373 0.352 0.889 0.578 0.449 0.798 0.001 0.001 0.469 0.989]
  eval: e=0.0388  p=[0.371 0.352 0.890 0.577 0.451 0.799 0.000 0.001 0.472 0.984]
   652          988        0.0388279         expand
  eval: e=0.9365  p=[0.376 0.355 0.885 0.579 0.446 0.796 0.002 0.001 0.457 1.000]
  eval: e=0.0389  p=[0.373 0.352 0.890 0.578 0.447 0.799 0.001 0.001 0.469 0.986]
   653          990        0.0388279         contract inside
  eval: e=0.0389  p=[0.373 0.353 0.888 0.577 0.451 0.798 0.001 0.001 0.467 0.994]
   654          991        0.0388279         reflect
  eval: e=0.0388  p=[0.374 0.354 0.887 0.578 0.448 0.797 0.001 0.001 0.463 0.999]
  eval: e=0.2053  p=[0.375 0.354 0.886 0.578 0.448 0.797 0.001 0.001 0.461 1.000]
   655          993        0.0388279         reflect
  eval: e=0.0388  p=[0.375 0.353 0.888 0.579 0.446 0.798 0.001 0.001 0.464 0.996]
   656          994        0.0388279         reflect
  eval: e=0.2477  p=[0.375 0.354 0.886 0.578 0.447 0.797 0.001 0.001 0.460 1.000]
  eval: e=0.0389  p=[0.373 0.353 0.889 0.578 0.447 0.798 0.001 0.001 0.467 0.991]
   657          996        0.0388279         contract inside
  eval: e=0.0389  p=[0.375 0.354 0.888 0.580 0.443 0.798 0.002 0.001 0.463 0.997]
  eval: e=0.0389  p=[0.373 0.353 0.888 0.578 0.449 0.798 0.001 0.001 0.466 0.994]
   658          998        0.0388279         contract inside
  eval: e=0.0388  p=[0.374 0.353 0.888 0.578 0.448 0.798 0.000 0.001 0.466 0.995]
  eval: e=0.0472  p=[0.374 0.353 0.888 0.578 0.449 0.798 0.000 0.001 0.467 0.994]
   659         1000        0.0388176         reflect
  eval: e=0.0389  p=[0.373 0.353 0.888 0.577 0.450 0.798 0.000 0.001 0.466 0.995]
   660         1001        0.0388176         reflect
  eval: e=0.0388  p=[0.374 0.353 0.888 0.578 0.447 0.798 0.000 0.001 0.466 0.995]
   661         1002        0.0388176         reflect
  eval: e=0.0389  p=[0.372 0.352 0.889 0.576 0.452 0.798 0.001 0.001 0.469 0.990]
   662         1003        0.0388176         reflect
  eval: e=0.0388  p=[0.374 0.354 0.887 0.577 0.449 0.797 0.000 0.001 0.465 0.998]
  eval: e=0.0622  p=[0.374 0.354 0.886 0.577 0.451 0.797 0.000 0.001 0.463 1.000]
   663         1005        0.0388074         reflect
  eval: e=0.0396  p=[0.373 0.353 0.888 0.577 0.450 0.798 0.000 0.001 0.468 0.992]
  eval: e=0.0388  p=[0.374 0.353 0.888 0.578 0.448 0.798 0.001 0.001 0.465 0.996]
   664         1007        0.0388074         contract inside
  eval: e=0.0388  p=[0.374 0.353 0.888 0.579 0.446 0.798 0.001 0.001 0.465 0.994]
   665         1008        0.0388074         reflect
  eval: e=0.0392  p=[0.376 0.354 0.887 0.580 0.444 0.797 0.000 0.001 0.462 1.000]
  eval: e=0.0388  p=[0.373 0.353 0.888 0.577 0.450 0.798 0.001 0.001 0.467 0.992]
   666         1010        0.0388074         contract inside
  eval: e=0.0388  p=[0.374 0.353 0.888 0.578 0.447 0.798 0.000 0.001 0.465 0.995]
  eval: e=0.0388  p=[0.374 0.353 0.888 0.579 0.446 0.798 0.000 0.001 0.465 0.996]
   667         1012        0.0387759         expand
  eval: e=0.0405  p=[0.373 0.353 0.889 0.577 0.449 0.798 0.000 0.001 0.469 0.990]
  eval: e=0.0388  p=[0.374 0.353 0.888 0.578 0.447 0.798 0.001 0.001 0.464 0.997]
   668         1014        0.0387759         contract inside
  eval: e=0.0388  p=[0.374 0.353 0.888 0.578 0.448 0.798 0.000 0.001 0.467 0.993]
   669         1015        0.0387759         reflect
  eval: e=0.0388  p=[0.373 0.353 0.888 0.577 0.450 0.798 0.000 0.001 0.468 0.992]
   670         1016        0.0387759         reflect
  eval: e=0.0388  p=[0.374 0.354 0.888 0.579 0.446 0.798 0.000 0.001 0.465 0.996]
   671         1017        0.0387759         reflect
  eval: e=0.0405  p=[0.373 0.353 0.888 0.578 0.448 0.798 0.000 0.001 0.468 0.991]
  eval: e=0.0388  p=[0.374 0.353 0.888 0.578 0.448 0.798 0.001 0.001 0.465 0.995]
   672         1019        0.0387759         contract inside
  eval: e=0.0388  p=[0.373 0.353 0.888 0.577 0.449 0.798 0.001 0.001 0.466 0.994]
   673         1020        0.0387759         reflect
  eval: e=0.4508  p=[0.376 0.355 0.886 0.579 0.445 0.797 0.001 0.001 0.459 1.000]
  eval: e=0.0388  p=[0.373 0.353 0.889 0.577 0.449 0.798 0.000 0.001 0.469 0.990]
   674         1022        0.0387759         contract inside
  eval: e=0.0395  p=[0.373 0.353 0.889 0.578 0.448 0.798 0.000 0.001 0.469 0.990]
  eval: e=0.0388  p=[0.374 0.353 0.888 0.578 0.448 0.798 0.001 0.001 0.465 0.997]
   675         1024        0.0387759         contract inside
  eval: e=0.0406  p=[0.373 0.353 0.888 0.577 0.450 0.798 0.000 0.001 0.467 0.995]
  eval: e=0.0388  p=[0.374 0.353 0.888 0.578 0.447 0.798 0.001 0.001 0.466 0.994]
   676         1026        0.0387759         contract inside
  eval: e=0.0388  p=[0.373 0.353 0.888 0.577 0.449 0.798 0.000 0.001 0.467 0.993]
  eval: e=0.0400  p=[0.373 0.353 0.888 0.577 0.449 0.798 0.000 0.001 0.468 0.992]
   677         1028        0.0387737         reflect
  eval: e=0.0388  p=[0.373 0.353 0.888 0.578 0.449 0.798 0.001 0.001 0.466 0.994]
  eval: e=0.0387  p=[0.373 0.353 0.888 0.577 0.449 0.798 0.001 0.001 0.467 0.993]
   678         1030        0.0387402         expand
  eval: e=0.0388  p=[0.373 0.353 0.889 0.577 0.449 0.798 0.000 0.001 0.468 0.991]
   679         1031        0.0387402         reflect
  eval: e=0.0388  p=[0.374 0.354 0.887 0.578 0.447 0.797 0.000 0.001 0.464 0.999]
   680         1032        0.0387402         reflect
  eval: e=0.0393  p=[0.373 0.353 0.888 0.577 0.449 0.798 0.000 0.001 0.467 0.995]
  eval: e=0.0388  p=[0.374 0.353 0.888 0.578 0.448 0.798 0.000 0.001 0.466 0.994]
   681         1034        0.0387402         contract inside
  eval: e=0.0388  p=[0.373 0.353 0.889 0.578 0.447 0.798 0.000 0.001 0.468 0.990]
   682         1035        0.0387402         reflect
  eval: e=0.0388  p=[0.372 0.353 0.889 0.577 0.450 0.798 0.001 0.001 0.468 0.991]
   683         1036        0.0387402         reflect
  eval: e=0.0388  p=[0.374 0.353 0.888 0.579 0.446 0.798 0.000 0.001 0.465 0.995]
   684         1037        0.0387402         reflect
  eval: e=0.0400  p=[0.374 0.353 0.888 0.578 0.446 0.798 0.000 0.001 0.466 0.993]
  eval: e=0.0388  p=[0.373 0.353 0.888 0.578 0.449 0.798 0.001 0.001 0.466 0.994]
   685         1039        0.0387402         contract inside
  eval: e=0.0387  p=[0.373 0.353 0.888 0.578 0.448 0.798 0.000 0.001 0.467 0.993]
  eval: e=0.0393  p=[0.373 0.353 0.888 0.578 0.448 0.798 0.000 0.001 0.468 0.992]
   686         1041        0.0387272         reflect
  eval: e=0.0387  p=[0.373 0.353 0.888 0.578 0.448 0.798 0.001 0.001 0.466 0.994]
  eval: e=0.0387  p=[0.373 0.353 0.888 0.577 0.448 0.798 0.001 0.001 0.466 0.994]
   687         1043        0.0386927         expand
  eval: e=0.0387  p=[0.372 0.353 0.889 0.577 0.450 0.798 0.001 0.001 0.468 0.991]
   688         1044        0.0386927         reflect
  eval: e=0.0387  p=[0.373 0.353 0.888 0.578 0.448 0.798 0.000 0.001 0.467 0.992]
   689         1045        0.0386927         reflect
  eval: e=0.0387  p=[0.373 0.353 0.888 0.578 0.448 0.798 0.001 0.001 0.467 0.993]
   690         1046        0.0386927         reflect
  eval: e=0.0387  p=[0.374 0.353 0.888 0.578 0.447 0.798 0.001 0.001 0.465 0.995]
   691         1047        0.0386927         reflect
  eval: e=0.0387  p=[0.374 0.354 0.888 0.579 0.446 0.798 0.000 0.001 0.465 0.996]
   692         1048        0.0386927         reflect
  eval: e=0.0387  p=[0.374 0.354 0.887 0.577 0.449 0.797 0.001 0.001 0.464 0.998]
  eval: e=0.0569  p=[0.374 0.354 0.887 0.577 0.449 0.797 0.001 0.001 0.463 1.000]
   693         1050        0.0386845         reflect
  eval: e=0.0387  p=[0.373 0.353 0.888 0.577 0.450 0.798 0.001 0.001 0.467 0.994]
   694         1051        0.0386845         reflect
  eval: e=0.0387  p=[0.372 0.353 0.889 0.577 0.449 0.798 0.001 0.001 0.469 0.989]
  eval: e=0.0386  p=[0.371 0.352 0.890 0.576 0.450 0.799 0.001 0.001 0.472 0.985]
   695         1053         0.038613         expand
  eval: e=0.0386  p=[0.373 0.353 0.888 0.577 0.448 0.798 0.000 0.001 0.467 0.993]
   696         1054         0.038613         reflect
  eval: e=0.0387  p=[0.374 0.353 0.888 0.578 0.446 0.798 0.001 0.001 0.465 0.995]
   697         1055         0.038613         reflect
  eval: e=0.0386  p=[0.373 0.353 0.888 0.577 0.448 0.798 0.001 0.001 0.466 0.994]
   698         1056         0.038613         reflect
  eval: e=0.0386  p=[0.372 0.353 0.889 0.576 0.451 0.798 0.001 0.001 0.469 0.991]
   699         1057         0.038613         reflect
  eval: e=0.0386  p=[0.372 0.353 0.888 0.577 0.449 0.798 0.002 0.001 0.466 0.994]
   700         1058         0.038613         reflect
  eval: e=0.0386  p=[0.372 0.353 0.889 0.576 0.450 0.798 0.001 0.001 0.468 0.991]
  eval: e=0.0386  p=[0.371 0.352 0.889 0.576 0.451 0.798 0.001 0.001 0.470 0.989]
   701         1060         0.038566         expand
  eval: e=0.0386  p=[0.372 0.353 0.889 0.576 0.450 0.798 0.001 0.001 0.468 0.993]
   702         1061         0.038566         reflect
  eval: e=0.0386  p=[0.372 0.353 0.889 0.576 0.450 0.798 0.001 0.001 0.469 0.991]
   703         1062         0.038566         reflect
  eval: e=0.0386  p=[0.372 0.353 0.889 0.577 0.448 0.798 0.002 0.001 0.468 0.990]
   704         1063         0.038566         reflect
  eval: e=0.0385  p=[0.371 0.352 0.890 0.576 0.450 0.798 0.002 0.000 0.472 0.985]
  eval: e=0.0385  p=[0.369 0.351 0.892 0.576 0.451 0.799 0.002 0.000 0.475 0.979]
   705         1065        0.0384703         expand
  eval: e=0.0385  p=[0.370 0.352 0.890 0.575 0.453 0.798 0.002 0.000 0.473 0.984]
   706         1066        0.0384703         reflect
  eval: e=0.0385  p=[0.370 0.352 0.890 0.575 0.453 0.798 0.003 0.000 0.472 0.985]
   707         1067        0.0384703         reflect
  eval: e=0.0385  p=[0.371 0.352 0.890 0.576 0.450 0.798 0.002 0.000 0.471 0.986]
   708         1068        0.0384703         reflect
  eval: e=0.0385  p=[0.369 0.351 0.891 0.575 0.453 0.799 0.002 0.000 0.475 0.981]
   709         1069        0.0384703         reflect
  eval: e=0.0385  p=[0.369 0.351 0.891 0.575 0.453 0.799 0.002 0.000 0.476 0.978]
  eval: e=0.0389  p=[0.367 0.350 0.893 0.573 0.455 0.800 0.002 0.000 0.481 0.971]
   710         1071        0.0384551         reflect
  eval: e=0.0384  p=[0.370 0.352 0.890 0.575 0.452 0.798 0.002 0.000 0.472 0.986]
  eval: e=0.0387  p=[0.369 0.352 0.890 0.574 0.454 0.798 0.003 0.000 0.471 0.987]
   711         1073        0.0384266         reflect
  eval: e=0.0385  p=[0.368 0.351 0.892 0.575 0.453 0.799 0.002 0.000 0.476 0.977]
   712         1074        0.0384266         reflect
  eval: e=0.0385  p=[0.368 0.351 0.892 0.574 0.453 0.799 0.003 0.000 0.477 0.976]
   713         1075        0.0384266         reflect
  eval: e=0.0389  p=[0.367 0.350 0.892 0.573 0.456 0.799 0.003 0.000 0.479 0.974]
  eval: e=0.0385  p=[0.371 0.352 0.890 0.576 0.450 0.798 0.002 0.000 0.471 0.986]
   714         1077        0.0384266         contract inside
  eval: e=0.0391  p=[0.368 0.351 0.892 0.574 0.453 0.799 0.003 0.000 0.477 0.975]
  eval: e=0.0385  p=[0.370 0.352 0.890 0.575 0.452 0.798 0.002 0.000 0.472 0.985]
   715         1079        0.0384266         contract inside
  eval: e=0.0386  p=[0.371 0.352 0.889 0.576 0.451 0.798 0.002 0.001 0.470 0.989]
  eval: e=0.0384  p=[0.369 0.351 0.891 0.575 0.453 0.799 0.002 0.000 0.475 0.980]
   716         1081        0.0384266         contract inside
  eval: e=0.0384  p=[0.369 0.351 0.891 0.575 0.451 0.799 0.002 0.000 0.474 0.980]
  eval: e=0.0387  p=[0.369 0.351 0.892 0.576 0.449 0.799 0.002 0.000 0.475 0.978]
   717         1083        0.0384265         reflect
  eval: e=0.0385  p=[0.368 0.351 0.892 0.574 0.454 0.799 0.002 0.000 0.477 0.977]
   718         1084        0.0384265         reflect
  eval: e=0.0387  p=[0.368 0.351 0.892 0.574 0.452 0.799 0.003 0.000 0.477 0.976]
  eval: e=0.0385  p=[0.370 0.352 0.891 0.575 0.452 0.798 0.002 0.000 0.473 0.983]
   719         1086        0.0384265         contract inside
  eval: e=0.0385  p=[0.369 0.351 0.892 0.575 0.451 0.799 0.002 0.000 0.477 0.976]
   720         1087        0.0384265         reflect
  eval: e=0.0385  p=[0.370 0.352 0.890 0.576 0.450 0.798 0.002 0.000 0.472 0.984]
   721         1088        0.0384265         reflect
  eval: e=0.0385  p=[0.368 0.351 0.892 0.574 0.454 0.799 0.002 0.000 0.478 0.975]
  eval: e=0.0385  p=[0.370 0.352 0.891 0.575 0.451 0.798 0.002 0.000 0.473 0.983]
   722         1090        0.0384265         contract inside
  eval: e=0.0385  p=[0.368 0.351 0.892 0.574 0.454 0.799 0.002 0.000 0.477 0.977]
  eval: e=0.0385  p=[0.370 0.352 0.891 0.575 0.451 0.799 0.002 0.000 0.473 0.982]
   723         1092        0.0384265         contract inside
  eval: e=0.0385  p=[0.369 0.351 0.892 0.575 0.452 0.799 0.002 0.000 0.476 0.977]
   724         1093        0.0384265         reflect
  eval: e=0.0385  p=[0.370 0.352 0.890 0.575 0.452 0.798 0.002 0.000 0.472 0.984]
  eval: e=0.0384  p=[0.369 0.351 0.892 0.575 0.452 0.799 0.002 0.000 0.476 0.978]
   725         1095        0.0384202         contract inside
  eval: e=0.0384  p=[0.369 0.351 0.891 0.575 0.450 0.799 0.002 0.000 0.474 0.980]
   726         1096        0.0384202         reflect
  eval: e=0.0385  p=[0.370 0.352 0.891 0.575 0.451 0.798 0.002 0.000 0.473 0.983]
  eval: e=0.0385  p=[0.369 0.352 0.891 0.575 0.451 0.799 0.002 0.000 0.474 0.982]
   727         1098        0.0384202         contract outside
  eval: e=0.0384  p=[0.369 0.352 0.891 0.575 0.453 0.798 0.002 0.000 0.473 0.983]
  eval: e=0.0384  p=[0.369 0.352 0.890 0.574 0.454 0.798 0.002 0.000 0.473 0.985]
   728         1100        0.0384107         reflect
  eval: e=0.0385  p=[0.368 0.351 0.892 0.574 0.453 0.799 0.002 0.000 0.476 0.978]
  eval: e=0.0385  p=[0.370 0.352 0.891 0.575 0.451 0.799 0.002 0.000 0.474 0.982]
   729         1102        0.0384107         contract inside
  eval: e=0.0385  p=[0.368 0.351 0.891 0.574 0.453 0.799 0.002 0.000 0.475 0.979]
  eval: e=0.0384  p=[0.369 0.351 0.891 0.575 0.451 0.799 0.002 0.000 0.474 0.981]
   730         1104        0.0384107         contract inside
  eval: e=0.0384  p=[0.369 0.351 0.891 0.575 0.452 0.799 0.002 0.000 0.475 0.979]
   731         1105        0.0384107         reflect
  eval: e=0.0384  p=[0.370 0.352 0.891 0.575 0.451 0.798 0.003 0.000 0.473 0.983]
   732         1106        0.0384107         reflect
  eval: e=0.0384  p=[0.370 0.352 0.890 0.575 0.451 0.798 0.002 0.000 0.472 0.985]
   733         1107        0.0384107         reflect
  eval: e=0.0385  p=[0.369 0.352 0.891 0.575 0.452 0.799 0.002 0.000 0.474 0.981]
  eval: e=0.0384  p=[0.369 0.352 0.891 0.575 0.451 0.799 0.002 0.000 0.474 0.982]
   734         1109        0.0384107         contract inside
  eval: e=0.0385  p=[0.369 0.352 0.891 0.575 0.452 0.798 0.002 0.000 0.474 0.982]
  eval: e=0.0384  p=[0.369 0.352 0.891 0.575 0.451 0.799 0.002 0.000 0.474 0.982]
   735         1111        0.0384107         contract inside
  eval: e=0.0384  p=[0.370 0.352 0.891 0.576 0.450 0.798 0.002 0.000 0.472 0.984]
  eval: e=0.0384  p=[0.371 0.352 0.890 0.576 0.449 0.798 0.002 0.000 0.471 0.987]
   736         1113        0.0384009         reflect
  eval: e=0.0384  p=[0.370 0.352 0.890 0.576 0.450 0.798 0.002 0.000 0.471 0.985]
   737         1114        0.0384009         reflect
  eval: e=0.0384  p=[0.370 0.352 0.890 0.575 0.452 0.798 0.002 0.000 0.472 0.986]
   738         1115        0.0384009         reflect
  eval: e=0.0384  p=[0.370 0.352 0.890 0.575 0.452 0.798 0.002 0.000 0.473 0.983]
  eval: e=0.0384  p=[0.370 0.352 0.891 0.575 0.451 0.798 0.002 0.000 0.473 0.983]
   739         1117        0.0384009         contract inside
  eval: e=0.0384  p=[0.370 0.352 0.890 0.575 0.451 0.798 0.002 0.000 0.472 0.985]
   740         1118        0.0384009         reflect
  eval: e=0.0384  p=[0.369 0.351 0.891 0.575 0.453 0.799 0.002 0.000 0.474 0.981]
   741         1119        0.0384009         reflect
  eval: e=0.0384  p=[0.370 0.352 0.890 0.575 0.452 0.798 0.002 0.000 0.472 0.985]
  eval: e=0.0384  p=[0.370 0.352 0.890 0.575 0.452 0.798 0.002 0.000 0.471 0.987]
   742         1121        0.0383857         expand
  eval: e=0.0385  p=[0.369 0.351 0.891 0.575 0.451 0.799 0.002 0.000 0.474 0.981]
  eval: e=0.0384  p=[0.370 0.352 0.890 0.575 0.452 0.798 0.002 0.000 0.472 0.985]
   743         1123        0.0383857         contract inside
  eval: e=0.0385  p=[0.369 0.351 0.891 0.575 0.450 0.799 0.002 0.000 0.474 0.980]
  eval: e=0.0384  p=[0.370 0.352 0.890 0.575 0.452 0.798 0.002 0.000 0.472 0.985]
   744         1125        0.0383857         contract inside
  eval: e=0.0384  p=[0.370 0.352 0.890 0.575 0.452 0.798 0.002 0.000 0.471 0.987]
   745         1126        0.0383857         reflect
  eval: e=0.0384  p=[0.369 0.352 0.891 0.574 0.453 0.798 0.002 0.000 0.474 0.982]
  eval: e=0.0384  p=[0.370 0.352 0.890 0.575 0.451 0.798 0.002 0.000 0.472 0.985]
   746         1128        0.0383857         contract inside
  eval: e=0.0384  p=[0.370 0.353 0.889 0.575 0.452 0.798 0.002 0.000 0.469 0.990]
  eval: e=0.0384  p=[0.371 0.353 0.888 0.575 0.452 0.797 0.003 0.000 0.466 0.997]
   747         1130        0.0383692         expand
  eval: e=0.0384  p=[0.370 0.352 0.890 0.575 0.452 0.798 0.002 0.000 0.471 0.986]
   748         1131        0.0383692         reflect
  eval: e=0.0384  p=[0.370 0.352 0.890 0.575 0.451 0.798 0.002 0.000 0.471 0.987]
   749         1132        0.0383692         reflect
  eval: e=0.0384  p=[0.370 0.353 0.889 0.575 0.452 0.798 0.002 0.000 0.470 0.989]
  eval: e=0.0384  p=[0.370 0.353 0.889 0.574 0.453 0.797 0.002 0.000 0.469 0.992]
   750         1134        0.0383524         expand
  eval: e=0.0384  p=[0.370 0.353 0.890 0.575 0.452 0.798 0.002 0.000 0.470 0.989]
   751         1135        0.0383524         reflect
  eval: e=0.0384  p=[0.371 0.353 0.889 0.575 0.451 0.797 0.002 0.000 0.467 0.994]
   752         1136        0.0383524         reflect
  eval: e=0.0383  p=[0.371 0.353 0.888 0.575 0.451 0.797 0.002 0.000 0.467 0.995]
  eval: e=0.0465  p=[0.372 0.354 0.887 0.576 0.450 0.796 0.002 0.000 0.464 1.000]
   753         1138        0.0383439         reflect
  eval: e=0.0384  p=[0.371 0.353 0.888 0.575 0.452 0.797 0.002 0.000 0.467 0.995]
   754         1139        0.0383439         reflect
  eval: e=0.0383  p=[0.371 0.354 0.888 0.574 0.453 0.797 0.003 0.000 0.466 0.998]
  eval: e=0.2153  p=[0.371 0.354 0.887 0.574 0.455 0.796 0.003 0.000 0.463 1.000]
   755         1141        0.0383403         reflect
  eval: e=0.0384  p=[0.371 0.354 0.888 0.575 0.451 0.797 0.002 0.000 0.466 0.997]
   756         1142        0.0383403         reflect
  eval: e=0.0383  p=[0.371 0.354 0.888 0.575 0.452 0.797 0.002 0.000 0.465 0.999]
  eval: e=0.3118  p=[0.372 0.355 0.886 0.575 0.453 0.796 0.002 0.000 0.462 1.000]
   757         1144         0.038328         reflect
  eval: e=0.0745  p=[0.372 0.354 0.887 0.575 0.452 0.796 0.002 0.000 0.464 1.000]
  eval: e=0.0384  p=[0.370 0.353 0.889 0.575 0.452 0.798 0.002 0.000 0.469 0.990]
   758         1146         0.038328         contract inside
  eval: e=0.0383  p=[0.372 0.354 0.888 0.575 0.451 0.797 0.002 0.000 0.465 0.999]
   759         1147         0.038328         reflect
  eval: e=0.2210  p=[0.372 0.354 0.887 0.575 0.452 0.796 0.002 0.000 0.462 1.000]
  eval: e=0.0384  p=[0.370 0.353 0.889 0.575 0.452 0.797 0.002 0.000 0.469 0.991]
   760         1149         0.038328         contract inside
  eval: e=0.0384  p=[0.371 0.353 0.889 0.575 0.452 0.797 0.002 0.000 0.468 0.994]
  eval: e=0.0384  p=[0.371 0.353 0.888 0.575 0.452 0.797 0.002 0.000 0.467 0.996]
   761         1151         0.038328         contract inside
  eval: e=0.0449  p=[0.372 0.354 0.887 0.575 0.452 0.796 0.002 0.000 0.464 1.000]
  eval: e=0.0384  p=[0.371 0.353 0.889 0.575 0.452 0.797 0.002 0.000 0.468 0.993]
   762         1153         0.038328         contract inside
  eval: e=0.0392  p=[0.372 0.354 0.887 0.575 0.452 0.797 0.002 0.000 0.464 1.000]
  eval: e=0.0383  p=[0.371 0.353 0.889 0.575 0.452 0.797 0.002 0.000 0.468 0.993]
   763         1155         0.038328         contract inside
  eval: e=0.0383  p=[0.371 0.354 0.888 0.574 0.453 0.797 0.002 0.000 0.466 0.997]
   764         1156         0.038328         reflect
  eval: e=0.0383  p=[0.371 0.353 0.888 0.575 0.452 0.797 0.002 0.000 0.467 0.996]
   765         1157         0.038328         reflect
  eval: e=0.0386  p=[0.372 0.354 0.888 0.575 0.451 0.797 0.003 0.000 0.464 1.000]
  eval: e=0.0383  p=[0.371 0.353 0.889 0.575 0.452 0.797 0.002 0.000 0.468 0.994]
   766         1159         0.038328         contract inside
  eval: e=0.0384  p=[0.371 0.353 0.888 0.575 0.453 0.797 0.002 0.000 0.467 0.995]
   767         1160         0.038328         reflect
  eval: e=0.0383  p=[0.371 0.354 0.888 0.575 0.453 0.797 0.002 0.000 0.465 0.999]
  eval: e=0.1013  p=[0.372 0.354 0.887 0.574 0.453 0.796 0.002 0.000 0.464 1.000]
   768         1162        0.0383191         reflect
  eval: e=0.0383  p=[0.371 0.354 0.888 0.575 0.451 0.797 0.002 0.000 0.465 0.998]
   769         1163        0.0383191         reflect
  eval: e=0.0383  p=[0.371 0.354 0.888 0.575 0.452 0.797 0.002 0.000 0.465 0.999]
   770         1164        0.0383191         reflect
  eval: e=0.0605  p=[0.372 0.354 0.887 0.575 0.452 0.796 0.002 0.000 0.464 1.000]
  eval: e=0.0383  p=[0.371 0.353 0.888 0.575 0.452 0.797 0.002 0.000 0.467 0.995]
   771         1166        0.0383191         contract inside
  eval: e=0.0383  p=[0.372 0.354 0.888 0.575 0.452 0.797 0.002 0.000 0.465 0.999]
   772         1167        0.0383191         reflect
  eval: e=0.0453  p=[0.371 0.354 0.887 0.574 0.454 0.796 0.003 0.000 0.465 1.000]
  eval: e=0.0383  p=[0.371 0.353 0.888 0.575 0.451 0.797 0.002 0.000 0.466 0.996]
   773         1169        0.0383191         contract inside
  eval: e=0.0384  p=[0.371 0.354 0.888 0.574 0.453 0.797 0.002 0.000 0.466 0.997]
  eval: e=0.0383  p=[0.371 0.354 0.888 0.575 0.452 0.797 0.002 0.000 0.466 0.998]
   774         1171        0.0383191         contract inside
  eval: e=0.0738  p=[0.372 0.354 0.887 0.575 0.452 0.796 0.003 0.000 0.464 1.000]
  eval: e=0.0383  p=[0.371 0.353 0.888 0.575 0.452 0.797 0.002 0.000 0.467 0.996]
   775         1173        0.0383191         contract inside
  eval: e=0.0383  p=[0.371 0.353 0.888 0.575 0.452 0.797 0.002 0.000 0.467 0.997]
   776         1174        0.0383191         reflect
  eval: e=0.0383  p=[0.372 0.354 0.888 0.575 0.451 0.797 0.002 0.000 0.466 0.998]
   777         1175        0.0383191         reflect
  eval: e=0.0392  p=[0.372 0.354 0.887 0.575 0.452 0.796 0.002 0.000 0.465 1.000]
  eval: e=0.0383  p=[0.371 0.354 0.888 0.575 0.452 0.797 0.002 0.000 0.466 0.997]
   778         1177        0.0383191         contract inside
  eval: e=0.0383  p=[0.372 0.354 0.888 0.575 0.451 0.797 0.002 0.000 0.465 0.999]
  eval: e=0.0383  p=[0.371 0.354 0.888 0.575 0.452 0.797 0.002 0.000 0.465 0.999]
   779         1179        0.0383191         contract outside
  eval: e=0.0383  p=[0.372 0.354 0.888 0.575 0.451 0.797 0.002 0.000 0.465 0.999]
   780         1180        0.0383191         reflect
  eval: e=0.0408  p=[0.372 0.354 0.887 0.575 0.451 0.796 0.002 0.000 0.464 1.000]
  eval: e=0.0383  p=[0.371 0.354 0.888 0.575 0.452 0.797 0.002 0.000 0.466 0.997]
   781         1182        0.0383191         contract inside
  eval: e=0.0383  p=[0.371 0.354 0.888 0.575 0.452 0.797 0.002 0.000 0.466 0.997]
   782         1183        0.0383191         reflect
  eval: e=0.0383  p=[0.371 0.354 0.887 0.575 0.452 0.797 0.002 0.000 0.465 1.000]
   783         1184        0.0383191         reflect
  eval: e=0.0383  p=[0.371 0.354 0.888 0.574 0.453 0.797 0.002 0.000 0.466 0.998]
  eval: e=0.0383  p=[0.372 0.354 0.888 0.575 0.451 0.797 0.002 0.000 0.465 0.999]
   784         1186        0.0383191         contract inside
  eval: e=0.0384  p=[0.372 0.354 0.887 0.575 0.452 0.797 0.002 0.000 0.464 1.000]
  eval: e=0.0383  p=[0.371 0.354 0.888 0.575 0.452 0.797 0.002 0.000 0.466 0.998]
   785         1188        0.0383191         contract inside
  eval: e=0.0395  p=[0.372 0.354 0.887 0.575 0.452 0.797 0.002 0.000 0.464 1.000]
  eval: e=0.0383  p=[0.371 0.354 0.888 0.575 0.452 0.797 0.002 0.000 0.466 0.998]
   786         1190        0.0383191         contract inside
  eval: e=0.0383  p=[0.371 0.354 0.888 0.575 0.452 0.797 0.002 0.000 0.466 0.998]
   787         1191        0.0383191         reflect
  eval: e=0.0383  p=[0.372 0.354 0.887 0.575 0.452 0.797 0.002 0.000 0.465 1.000]
  eval: e=0.0504  p=[0.372 0.354 0.887 0.575 0.452 0.796 0.002 0.000 0.464 1.000]
   788         1193        0.0383148         reflect
  eval: e=0.0383  p=[0.371 0.354 0.888 0.575 0.452 0.797 0.002 0.000 0.465 1.000]
   789         1194        0.0383148         reflect
  eval: e=0.0383  p=[0.371 0.354 0.888 0.575 0.452 0.797 0.002 0.000 0.465 0.998]
   790         1195        0.0383148         reflect
  eval: e=0.0383  p=[0.371 0.354 0.888 0.575 0.453 0.797 0.002 0.000 0.465 0.999]
   791         1196        0.0383148         reflect
  eval: e=0.0385  p=[0.372 0.354 0.887 0.575 0.452 0.797 0.002 0.000 0.465 1.000]
  eval: e=0.0383  p=[0.371 0.354 0.888 0.575 0.452 0.797 0.002 0.000 0.466 0.998]
   792         1198        0.0383148         contract inside
  eval: e=0.0390  p=[0.372 0.354 0.887 0.575 0.452 0.797 0.002 0.000 0.465 1.000]
  eval: e=0.0383  p=[0.371 0.354 0.888 0.575 0.452 0.797 0.002 0.000 0.466 0.998]
   793         1200        0.0383148         contract inside
  eval: e=0.0383  p=[0.371 0.354 0.888 0.575 0.452 0.797 0.002 0.000 0.466 0.999]
   794         1201        0.0383148         reflect
  eval: e=0.0383  p=[0.371 0.354 0.887 0.574 0.453 0.797 0.002 0.000 0.465 1.000]
  eval: e=0.0383  p=[0.371 0.354 0.888 0.575 0.452 0.797 0.002 0.000 0.465 0.998]
   795         1203        0.0383148         contract inside
  eval: e=0.0383  p=[0.371 0.354 0.888 0.575 0.452 0.797 0.002 0.000 0.465 1.000]
  eval: e=0.0393  p=[0.372 0.354 0.887 0.575 0.452 0.796 0.002 0.000 0.465 1.000]
   796         1205        0.0383113         reflect
  eval: e=0.0383  p=[0.371 0.354 0.888 0.575 0.452 0.797 0.002 0.000 0.466 0.998]
  eval: e=0.0383  p=[0.371 0.354 0.888 0.575 0.452 0.797 0.002 0.000 0.465 0.999]
   797         1207        0.0383113         contract inside
  eval: e=0.0383  p=[0.372 0.354 0.887 0.575 0.452 0.797 0.002 0.000 0.465 1.000]
  eval: e=0.0415  p=[0.372 0.354 0.887 0.575 0.452 0.796 0.002 0.000 0.465 1.000]
   798         1209        0.0383105         reflect
  eval: e=0.0385  p=[0.372 0.354 0.887 0.575 0.452 0.797 0.002 0.000 0.465 1.000]
  eval: e=0.0383  p=[0.371 0.354 0.888 0.575 0.452 0.797 0.002 0.000 0.465 0.999]
   799         1211        0.0383105         contract inside
  eval: e=0.0383  p=[0.371 0.354 0.888 0.575 0.452 0.797 0.002 0.000 0.466 0.998]
   800         1212        0.0383105         reflect
  eval: e=0.0383  p=[0.371 0.354 0.887 0.575 0.453 0.797 0.002 0.000 0.465 1.000]
   801         1213        0.0383105         reflect
  eval: e=0.0383  p=[0.372 0.354 0.888 0.575 0.452 0.797 0.002 0.000 0.465 0.999]
   802         1214        0.0383105         reflect
  eval: e=0.0383  p=[0.371 0.354 0.888 0.575 0.452 0.797 0.002 0.000 0.465 0.999]
  eval: e=0.0383  p=[0.371 0.354 0.888 0.575 0.452 0.797 0.002 0.000 0.465 0.999]
   803         1216        0.0383105         contract outside
  eval: e=0.0383  p=[0.372 0.354 0.888 0.575 0.452 0.797 0.002 0.000 0.465 0.999]
  eval: e=0.0383  p=[0.372 0.354 0.887 0.575 0.452 0.797 0.002 0.000 0.465 1.000]
   804         1218        0.0383057         expand
  eval: e=0.0383  p=[0.372 0.354 0.888 0.575 0.451 0.797 0.002 0.000 0.465 0.999]
   805         1219        0.0383057         reflect
  eval: e=0.0399  p=[0.372 0.354 0.887 0.575 0.452 0.796 0.002 0.000 0.465 1.000]
  eval: e=0.0383  p=[0.371 0.354 0.888 0.575 0.452 0.797 0.002 0.000 0.465 0.999]
   806         1221        0.0383057         contract inside
  eval: e=0.0385  p=[0.372 0.354 0.887 0.575 0.452 0.797 0.002 0.000 0.465 1.000]
  eval: e=0.0383  p=[0.371 0.354 0.888 0.575 0.452 0.797 0.002 0.000 0.465 0.999]
   807         1223        0.0383057         contract inside
  eval: e=0.0396  p=[0.371 0.354 0.887 0.575 0.452 0.796 0.002 0.000 0.465 1.000]
  eval: e=0.0383  p=[0.371 0.354 0.888 0.575 0.452 0.797 0.002 0.000 0.465 0.999]
   808         1225        0.0383057         contract inside
  eval: e=0.0383  p=[0.372 0.354 0.887 0.575 0.452 0.797 0.002 0.000 0.465 1.000]
   809         1226        0.0383057         reflect
  eval: e=0.0383  p=[0.371 0.354 0.888 0.575 0.452 0.797 0.002 0.000 0.465 0.999]
   810         1227        0.0383057         reflect
  eval: e=0.0383  p=[0.372 0.354 0.887 0.575 0.452 0.797 0.002 0.000 0.465 1.000]
   811         1228        0.0383057         reflect
  eval: e=0.0387  p=[0.372 0.354 0.887 0.575 0.452 0.797 0.002 0.000 0.465 1.000]
  eval: e=0.0383  p=[0.371 0.354 0.888 0.575 0.452 0.797 0.002 0.000 0.465 0.999]
   812         1230        0.0383057         contract inside
  eval: e=0.0384  p=[0.372 0.354 0.887 0.575 0.452 0.797 0.002 0.000 0.465 1.000]
  eval: e=0.0383  p=[0.372 0.354 0.888 0.575 0.452 0.797 0.002 0.000 0.465 0.999]
   813         1232        0.0383057         contract inside
  eval: e=0.0383  p=[0.372 0.354 0.888 0.575 0.451 0.797 0.002 0.000 0.465 0.999]
   814         1233        0.0383057         reflect
  eval: e=0.0383  p=[0.372 0.354 0.887 0.575 0.452 0.797 0.002 0.000 0.465 1.000]
  eval: e=0.0383  p=[0.372 0.354 0.888 0.575 0.452 0.797 0.002 0.000 0.465 0.999]
   815         1235        0.0383057         contract inside
  eval: e=0.0383  p=[0.372 0.354 0.887 0.575 0.452 0.797 0.002 0.000 0.465 1.000]
   816         1236        0.0383057         reflect
  eval: e=0.0383  p=[0.372 0.354 0.888 0.575 0.451 0.797 0.002 0.000 0.465 0.999]
  eval: e=0.0383  p=[0.372 0.354 0.888 0.575 0.451 0.797 0.002 0.000 0.465 0.999]
   817         1238        0.0383053         expand
  eval: e=0.0383  p=[0.372 0.354 0.887 0.575 0.451 0.797 0.002 0.000 0.465 1.000]
  eval: e=0.0384  p=[0.372 0.354 0.887 0.575 0.451 0.797 0.002 0.000 0.465 1.000]
   818         1240        0.0383033         reflect
  eval: e=0.0383  p=[0.372 0.354 0.888 0.575 0.451 0.797 0.002 0.000 0.465 0.999]
   819         1241        0.0383033         reflect
  eval: e=0.0383  p=[0.372 0.354 0.887 0.575 0.451 0.797 0.002 0.000 0.465 1.000]
  eval: e=0.0386  p=[0.372 0.354 0.887 0.575 0.451 0.797 0.002 0.000 0.465 1.000]
   820         1243        0.0383025         reflect
  eval: e=0.0383  p=[0.372 0.354 0.888 0.575 0.451 0.797 0.002 0.000 0.465 0.999]
   821         1244        0.0383025         reflect
  eval: e=0.0383  p=[0.372 0.354 0.888 0.575 0.451 0.797 0.002 0.000 0.465 1.000]
  eval: e=0.0383  p=[0.372 0.354 0.888 0.575 0.451 0.797 0.002 0.000 0.465 1.000]
   822         1246        0.0382963         expand
  eval: e=0.0383  p=[0.372 0.354 0.887 0.575 0.452 0.797 0.002 0.000 0.465 1.000]
   823         1247        0.0382963         reflect
  eval: e=0.0394  p=[0.372 0.354 0.887 0.575 0.451 0.796 0.002 0.000 0.464 1.000]
  eval: e=0.0383  p=[0.372 0.354 0.888 0.575 0.452 0.797 0.002 0.000 0.465 0.999]
   824         1249        0.0382963         contract inside
  eval: e=0.0383  p=[0.372 0.354 0.888 0.575 0.451 0.797 0.002 0.000 0.465 0.999]
   825         1250        0.0382963         reflect
  eval: e=0.0383  p=[0.372 0.354 0.888 0.575 0.451 0.797 0.002 0.000 0.465 0.999]
   826         1251        0.0382963         reflect
  eval: e=0.0383  p=[0.372 0.354 0.888 0.575 0.451 0.797 0.002 0.000 0.465 0.999]
   827         1252        0.0382963         reflect
  eval: e=0.0383  p=[0.372 0.354 0.887 0.575 0.452 0.797 0.002 0.000 0.465 1.000]
   828         1253        0.0382963         reflect
  eval: e=0.0383  p=[0.372 0.354 0.887 0.575 0.452 0.797 0.002 0.000 0.465 1.000]
   829         1254        0.0382963         reflect
  eval: e=0.0383  p=[0.372 0.354 0.887 0.575 0.451 0.797 0.002 0.000 0.465 1.000]
  eval: e=0.0384  p=[0.372 0.354 0.887 0.575 0.450 0.797 0.001 0.000 0.465 1.000]
   830         1256        0.0382961         reflect
  eval: e=0.0383  p=[0.372 0.354 0.887 0.575 0.451 0.797 0.002 0.000 0.465 1.000]
  eval: e=0.0394  p=[0.372 0.354 0.887 0.575 0.452 0.796 0.002 0.000 0.465 1.000]
   831         1258        0.0382943         reflect
  eval: e=0.0383  p=[0.372 0.354 0.888 0.575 0.451 0.797 0.001 0.000 0.465 0.999]
   832         1259        0.0382943         reflect
  eval: e=0.0383  p=[0.372 0.354 0.888 0.575 0.451 0.797 0.001 0.000 0.465 0.999]
   833         1260        0.0382943         reflect
  eval: e=0.0383  p=[0.372 0.354 0.887 0.575 0.452 0.797 0.002 0.000 0.465 1.000]
  eval: e=0.0384  p=[0.372 0.354 0.887 0.575 0.452 0.796 0.001 0.000 0.465 1.000]
   834         1262        0.0382921         reflect
  eval: e=0.0383  p=[0.372 0.354 0.887 0.575 0.452 0.797 0.002 0.000 0.465 1.000]
  eval: e=0.0383  p=[0.372 0.354 0.888 0.575 0.451 0.797 0.002 0.000 0.465 0.999]
   835         1264        0.0382921         contract inside
  eval: e=0.0391  p=[0.372 0.354 0.887 0.575 0.452 0.796 0.002 0.000 0.465 1.000]
  eval: e=0.0383  p=[0.372 0.354 0.888 0.575 0.451 0.797 0.002 0.000 0.465 0.999]
   836         1266        0.0382921         contract inside
  eval: e=0.0383  p=[0.372 0.354 0.888 0.575 0.451 0.797 0.001 0.000 0.465 0.999]
   837         1267        0.0382921         reflect
  eval: e=0.0383  p=[0.372 0.354 0.887 0.575 0.451 0.797 0.002 0.000 0.465 1.000]
  eval: e=0.0383  p=[0.372 0.354 0.887 0.575 0.451 0.797 0.001 0.000 0.465 1.000]
   838         1269        0.0382885         expand
  eval: e=0.0383  p=[0.372 0.354 0.888 0.575 0.451 0.797 0.001 0.000 0.465 1.000]
   839         1270        0.0382885         reflect
  eval: e=0.0383  p=[0.372 0.354 0.887 0.575 0.451 0.797 0.001 0.000 0.465 1.000]
   840         1271        0.0382885         reflect
  eval: e=0.0383  p=[0.372 0.354 0.888 0.575 0.451 0.797 0.001 0.000 0.465 1.000]
   841         1272        0.0382885         reflect
  eval: e=0.0383  p=[0.372 0.354 0.887 0.575 0.451 0.797 0.001 0.000 0.465 1.000]
   842         1273        0.0382885         reflect
  eval: e=0.0383  p=[0.372 0.354 0.887 0.575 0.451 0.797 0.001 0.000 0.465 1.000]
  eval: e=0.0383  p=[0.372 0.354 0.887 0.575 0.452 0.797 0.001 0.000 0.466 0.999]
   843         1275        0.0382826         expand
  eval: e=0.0383  p=[0.372 0.354 0.887 0.575 0.451 0.797 0.001 0.000 0.465 1.000]
  eval: e=0.0383  p=[0.372 0.354 0.888 0.575 0.451 0.797 0.001 0.000 0.465 1.000]
   844         1277        0.0382826         contract inside
  eval: e=0.0383  p=[0.372 0.354 0.887 0.575 0.451 0.797 0.001 0.000 0.465 1.000]
   845         1278        0.0382826         reflect
  eval: e=0.0383  p=[0.372 0.354 0.888 0.575 0.451 0.797 0.001 0.000 0.465 0.999]
   846         1279        0.0382826         reflect
  eval: e=0.0384  p=[0.372 0.354 0.887 0.575 0.452 0.796 0.001 0.000 0.465 1.000]
  eval: e=0.0383  p=[0.372 0.354 0.888 0.575 0.451 0.797 0.001 0.000 0.465 1.000]
   847         1281        0.0382826         contract inside
  eval: e=0.0383  p=[0.372 0.354 0.887 0.575 0.451 0.797 0.001 0.000 0.465 1.000]
   848         1282        0.0382826         reflect
  eval: e=0.0383  p=[0.372 0.354 0.887 0.575 0.451 0.797 0.001 0.000 0.465 1.000]
   849         1283        0.0382826         reflect
  eval: e=0.0383  p=[0.372 0.354 0.887 0.575 0.451 0.797 0.001 0.000 0.465 1.000]
  eval: e=0.0384  p=[0.372 0.354 0.887 0.575 0.451 0.796 0.001 0.000 0.465 1.000]
   850         1285        0.0382815         reflect
  eval: e=0.0383  p=[0.372 0.354 0.887 0.575 0.452 0.797 0.001 0.000 0.465 1.000]
  eval: e=0.0383  p=[0.372 0.354 0.887 0.575 0.452 0.796 0.001 0.000 0.465 1.000]
   851         1287        0.0382761         expand
  eval: e=0.0383  p=[0.372 0.354 0.887 0.575 0.452 0.796 0.001 0.000 0.465 1.000]
   852         1288        0.0382761         reflect
  eval: e=0.0383  p=[0.372 0.354 0.887 0.575 0.451 0.797 0.001 0.000 0.465 1.000]
   853         1289        0.0382761         reflect
  eval: e=0.0383  p=[0.372 0.354 0.887 0.575 0.452 0.797 0.001 0.000 0.465 1.000]
  eval: e=0.0383  p=[0.372 0.354 0.887 0.575 0.452 0.797 0.001 0.000 0.466 1.000]
   854         1291        0.0382716         expand
  eval: e=0.0383  p=[0.372 0.354 0.887 0.575 0.451 0.797 0.001 0.000 0.466 1.000]
   855         1292        0.0382716         reflect
  eval: e=0.0384  p=[0.372 0.354 0.887 0.575 0.452 0.796 0.001 0.000 0.465 1.000]
  eval: e=0.0383  p=[0.372 0.354 0.887 0.575 0.451 0.797 0.001 0.000 0.465 1.000]
   856         1294        0.0382716         contract inside
  eval: e=0.0383  p=[0.372 0.354 0.887 0.575 0.452 0.797 0.001 0.000 0.466 1.000]
   857         1295        0.0382716         reflect
  eval: e=0.0383  p=[0.372 0.354 0.887 0.575 0.452 0.797 0.001 0.000 0.466 0.999]
   858         1296        0.0382716         reflect
  eval: e=0.0383  p=[0.371 0.354 0.887 0.575 0.452 0.797 0.001 0.000 0.466 1.000]
   859         1297        0.0382716         reflect
  eval: e=0.0383  p=[0.372 0.354 0.887 0.575 0.452 0.796 0.001 0.000 0.465 1.000]
  eval: e=0.0392  p=[0.372 0.354 0.887 0.575 0.452 0.796 0.001 0.000 0.465 1.000]
   860         1299        0.0382692         reflect
  eval: e=0.0383  p=[0.372 0.354 0.887 0.575 0.452 0.796 0.001 0.000 0.466 1.000]
  eval: e=0.0383  p=[0.371 0.354 0.887 0.574 0.453 0.796 0.001 0.000 0.466 1.000]
   861         1301        0.0382673         reflect
  eval: e=0.0383  p=[0.372 0.354 0.887 0.575 0.452 0.797 0.001 0.000 0.466 1.000]
  eval: e=0.0383  p=[0.371 0.354 0.887 0.574 0.453 0.797 0.000 0.000 0.466 0.999]
   862         1303         0.038258         expand
  eval: e=0.0383  p=[0.372 0.354 0.887 0.575 0.452 0.797 0.000 0.000 0.466 0.999]
   863         1304         0.038258         reflect
  eval: e=0.0383  p=[0.371 0.354 0.887 0.574 0.453 0.796 0.001 0.000 0.466 1.000]
   864         1305         0.038258         reflect
  eval: e=0.0383  p=[0.371 0.354 0.887 0.574 0.452 0.797 0.000 0.000 0.466 0.999]
   865         1306         0.038258         reflect
  eval: e=0.0383  p=[0.372 0.354 0.887 0.575 0.452 0.797 0.000 0.000 0.466 0.999]
   866         1307         0.038258         reflect
  eval: e=0.0383  p=[0.371 0.354 0.887 0.574 0.453 0.797 0.000 0.000 0.466 1.000]
   867         1308         0.038258         reflect
  eval: e=0.0383  p=[0.371 0.354 0.887 0.574 0.453 0.796 0.000 0.000 0.466 1.000]
  eval: e=0.0382  p=[0.371 0.354 0.887 0.574 0.453 0.796 0.000 0.000 0.466 1.000]
   868         1310        0.0382485         expand
  eval: e=0.0383  p=[0.371 0.354 0.887 0.574 0.453 0.796 0.000 0.000 0.466 1.000]
   869         1311        0.0382485         reflect
  eval: e=0.0383  p=[0.371 0.354 0.887 0.574 0.453 0.796 0.000 0.000 0.466 1.000]
  eval: e=0.0383  p=[0.372 0.354 0.887 0.575 0.452 0.797 0.001 0.000 0.466 1.000]
   870         1313        0.0382485         contract inside
  eval: e=0.0383  p=[0.371 0.354 0.887 0.574 0.453 0.797 0.000 0.000 0.467 0.999]
   871         1314        0.0382485         reflect
  eval: e=0.0383  p=[0.371 0.354 0.887 0.574 0.453 0.797 0.000 0.000 0.467 0.999]
  eval: e=0.0383  p=[0.371 0.354 0.887 0.574 0.452 0.797 0.001 0.000 0.466 1.000]
   872         1316        0.0382485         contract inside
  eval: e=0.0382  p=[0.371 0.354 0.887 0.574 0.452 0.797 0.000 0.000 0.466 0.999]
   873         1317        0.0382485         reflect
  eval: e=0.0383  p=[0.371 0.354 0.887 0.574 0.453 0.797 0.000 0.000 0.467 0.999]
  eval: e=0.0383  p=[0.371 0.354 0.887 0.574 0.453 0.797 0.001 0.000 0.466 1.000]
   874         1319        0.0382485         contract inside
  eval: e=0.0382  p=[0.371 0.354 0.887 0.574 0.453 0.797 0.000 0.000 0.467 0.999]
   875         1320        0.0382485         reflect
  eval: e=0.0382  p=[0.371 0.354 0.887 0.574 0.453 0.796 0.000 0.000 0.467 1.000]
   876         1321        0.0382485         reflect
  eval: e=0.0383  p=[0.371 0.354 0.887 0.574 0.453 0.797 0.000 0.000 0.467 0.999]
  eval: e=0.0383  p=[0.371 0.354 0.887 0.574 0.453 0.797 0.000 0.000 0.466 1.000]
   877         1323        0.0382485         contract inside
  eval: e=0.0383  p=[0.371 0.354 0.887 0.574 0.454 0.796 0.000 0.000 0.467 1.000]
   878         1324        0.0382485         reflect
  eval: e=0.0383  p=[0.371 0.354 0.887 0.574 0.453 0.797 0.000 0.000 0.467 0.999]
  eval: e=0.0383  p=[0.371 0.354 0.887 0.574 0.453 0.797 0.000 0.000 0.466 1.000]
   879         1326        0.0382485         contract inside
  eval: e=0.0382  p=[0.371 0.354 0.887 0.574 0.454 0.796 0.000 0.000 0.467 1.000]
   880         1327        0.0382485         reflect
  eval: e=0.0382  p=[0.371 0.354 0.887 0.574 0.454 0.796 0.000 0.000 0.467 1.000]
  eval: e=0.0383  p=[0.371 0.354 0.887 0.574 0.454 0.796 0.000 0.000 0.467 1.000]
   881         1329        0.0382478         reflect
  eval: e=0.0384  p=[0.371 0.354 0.887 0.574 0.454 0.796 0.000 0.000 0.467 1.000]
  eval: e=0.0383  p=[0.371 0.354 0.887 0.574 0.453 0.797 0.000 0.000 0.466 1.000]
   882         1331        0.0382478         contract inside
  eval: e=0.0382  p=[0.372 0.354 0.887 0.575 0.452 0.797 0.000 0.000 0.466 1.000]
   883         1332        0.0382478         reflect
  eval: e=0.0383  p=[0.371 0.354 0.887 0.574 0.453 0.796 0.000 0.000 0.467 1.000]
  eval: e=0.0383  p=[0.371 0.354 0.887 0.574 0.453 0.797 0.000 0.000 0.466 1.000]
   884         1334        0.0382478         contract inside
  eval: e=0.0382  p=[0.371 0.354 0.887 0.574 0.453 0.796 0.000 0.000 0.466 1.000]
  eval: e=0.0394  p=[0.372 0.354 0.887 0.575 0.452 0.796 0.000 0.000 0.466 1.000]
   885         1336        0.0382459         reflect
  eval: e=0.0382  p=[0.371 0.354 0.887 0.574 0.453 0.796 0.000 0.000 0.466 1.000]
  eval: e=0.0383  p=[0.371 0.354 0.887 0.574 0.453 0.796 0.000 0.000 0.466 1.000]
   886         1338        0.0382443         reflect
  eval: e=0.0382  p=[0.371 0.354 0.887 0.574 0.453 0.796 0.000 0.000 0.466 1.000]
  eval: e=0.0383  p=[0.371 0.354 0.887 0.574 0.453 0.796 0.000 0.000 0.466 1.000]
   887         1340        0.0382435         reflect
  eval: e=0.0383  p=[0.371 0.354 0.887 0.574 0.453 0.797 0.000 0.000 0.467 1.000]
  eval: e=0.0382  p=[0.371 0.354 0.887 0.574 0.453 0.796 0.000 0.000 0.466 1.000]
   888         1342        0.0382435         contract inside
  eval: e=0.0382  p=[0.371 0.354 0.887 0.574 0.454 0.796 0.000 0.000 0.467 1.000]
   889         1343        0.0382435         reflect
  eval: e=0.0382  p=[0.371 0.354 0.887 0.574 0.453 0.796 0.000 0.000 0.467 1.000]
   890         1344        0.0382435         reflect
  eval: e=0.0383  p=[0.371 0.354 0.887 0.574 0.454 0.796 0.000 0.000 0.467 1.000]
  eval: e=0.0382  p=[0.371 0.354 0.887 0.574 0.453 0.797 0.000 0.000 0.466 1.000]
   891         1346        0.0382435         contract inside
  eval: e=0.0382  p=[0.372 0.354 0.887 0.574 0.452 0.797 0.000 0.000 0.466 1.000]
   892         1347        0.0382435         reflect
  eval: e=0.0382  p=[0.371 0.354 0.887 0.574 0.453 0.796 0.000 0.000 0.466 1.000]
   893         1348        0.0382435         reflect
  eval: e=0.0382  p=[0.372 0.354 0.887 0.575 0.452 0.797 0.000 0.000 0.466 1.000]
   894         1349        0.0382435         reflect
  eval: e=0.0384  p=[0.371 0.354 0.887 0.574 0.453 0.796 0.000 0.000 0.466 1.000]
  eval: e=0.0382  p=[0.371 0.354 0.887 0.574 0.453 0.797 0.000 0.000 0.466 0.999]
   895         1351        0.0382435         contract inside
  eval: e=0.0382  p=[0.371 0.354 0.887 0.574 0.453 0.797 0.000 0.000 0.466 0.999]
  eval: e=0.0383  p=[0.371 0.354 0.887 0.574 0.452 0.797 0.000 0.000 0.467 0.999]
   896         1353        0.0382421         reflect
  eval: e=0.0382  p=[0.372 0.354 0.887 0.575 0.452 0.797 0.000 0.000 0.466 1.000]
   897         1354        0.0382421         reflect
  eval: e=0.0382  p=[0.371 0.354 0.887 0.574 0.453 0.796 0.000 0.000 0.466 1.000]
   898         1355        0.0382421         reflect
  eval: e=0.0382  p=[0.371 0.354 0.887 0.574 0.453 0.796 0.000 0.000 0.466 1.000]
  eval: e=0.0383  p=[0.372 0.354 0.887 0.574 0.453 0.796 0.000 0.000 0.466 1.000]
   899         1357        0.0382406         reflect
  eval: e=0.0382  p=[0.371 0.354 0.887 0.574 0.454 0.796 0.000 0.000 0.467 1.000]
   900         1358        0.0382406         reflect
  eval: e=0.0382  p=[0.371 0.354 0.887 0.574 0.453 0.796 0.000 0.000 0.466 1.000]
   901         1359        0.0382406         reflect
  eval: e=0.0382  p=[0.372 0.354 0.887 0.575 0.452 0.796 0.000 0.000 0.466 1.000]
   902         1360        0.0382406         reflect
  eval: e=0.0383  p=[0.371 0.354 0.887 0.574 0.454 0.796 0.000 0.000 0.467 1.000]
  eval: e=0.0382  p=[0.371 0.354 0.887 0.574 0.453 0.796 0.000 0.000 0.466 1.000]
   903         1362        0.0382406         contract inside
  eval: e=0.0384  p=[0.371 0.354 0.887 0.574 0.453 0.797 0.000 0.000 0.467 0.999]
  eval: e=0.0382  p=[0.371 0.354 0.887 0.574 0.453 0.796 0.000 0.000 0.466 1.000]
   904         1364        0.0382406         contract inside
  eval: e=0.0383  p=[0.371 0.354 0.887 0.574 0.454 0.796 0.000 0.000 0.467 1.000]
  eval: e=0.0382  p=[0.372 0.354 0.887 0.574 0.452 0.796 0.000 0.000 0.466 1.000]
   905         1366        0.0382406         contract inside
  eval: e=0.0382  p=[0.372 0.354 0.887 0.574 0.452 0.796 0.000 0.000 0.466 1.000]
   906         1367        0.0382406         reflect
  eval: e=0.0382  p=[0.371 0.354 0.887 0.574 0.453 0.796 0.000 0.000 0.466 1.000]
  eval: e=0.0382  p=[0.371 0.354 0.887 0.574 0.453 0.796 0.000 0.000 0.466 1.000]
   907         1369        0.0382406         contract inside
  eval: e=0.0382  p=[0.372 0.354 0.887 0.574 0.452 0.796 0.000 0.000 0.466 1.000]
   908         1370        0.0382406         reflect
  eval: e=0.0382  p=[0.371 0.354 0.887 0.574 0.453 0.796 0.000 0.000 0.466 1.000]
   909         1371        0.0382406         reflect
  eval: e=0.0382  p=[0.371 0.354 0.887 0.574 0.453 0.796 0.000 0.000 0.466 1.000]
  eval: e=0.0382  p=[0.372 0.354 0.887 0.574 0.453 0.796 0.000 0.000 0.466 1.000]
   910         1373          0.03824         reflect
  eval: e=0.0382  p=[0.371 0.354 0.887 0.574 0.453 0.796 0.000 0.000 0.466 1.000]
  eval: e=0.0382  p=[0.371 0.354 0.887 0.574 0.453 0.796 0.000 0.000 0.466 1.000]
   911         1375          0.03824         contract inside
  eval: e=0.0382  p=[0.372 0.354 0.887 0.574 0.452 0.796 0.000 0.000 0.466 1.000]
   912         1376          0.03824         reflect
  eval: e=0.0382  p=[0.371 0.354 0.887 0.574 0.453 0.796 0.000 0.000 0.466 1.000]
   913         1377          0.03824         reflect
  eval: e=0.0383  p=[0.371 0.354 0.887 0.574 0.453 0.796 0.000 0.000 0.467 1.000]
  eval: e=0.0382  p=[0.372 0.354 0.887 0.574 0.453 0.796 0.000 0.000 0.466 1.000]
   914         1379          0.03824         contract inside
  eval: e=0.0382  p=[0.372 0.354 0.887 0.575 0.452 0.796 0.000 0.000 0.466 1.000]
   915         1380          0.03824         reflect
  eval: e=0.0382  p=[0.372 0.354 0.887 0.574 0.453 0.796 0.000 0.000 0.466 1.000]
   916         1381          0.03824         reflect
  eval: e=0.0386  p=[0.372 0.354 0.887 0.574 0.453 0.796 0.000 0.000 0.466 1.000]
  eval: e=0.0382  p=[0.371 0.354 0.887 0.574 0.453 0.796 0.000 0.000 0.466 1.000]
   917         1383          0.03824         contract inside
  eval: e=0.0382  p=[0.371 0.354 0.887 0.574 0.453 0.796 0.000 0.000 0.466 1.000]
  eval: e=0.0382  p=[0.372 0.354 0.887 0.574 0.453 0.796 0.000 0.000 0.466 1.000]
   918         1385          0.03824         contract inside
  eval: e=0.0382  p=[0.372 0.354 0.887 0.575 0.452 0.796 0.000 0.000 0.466 1.000]
  eval: e=0.0382  p=[0.371 0.354 0.887 0.574 0.453 0.796 0.000 0.000 0.466 1.000]
   919         1387          0.03824         contract inside
  eval: e=0.0382  p=[0.371 0.354 0.887 0.574 0.453 0.796 0.000 0.000 0.466 1.000]
  eval: e=0.0382  p=[0.371 0.354 0.887 0.574 0.453 0.796 0.000 0.000 0.466 1.000]
   920         1389          0.03824         contract inside
  eval: e=0.0382  p=[0.371 0.354 0.887 0.574 0.453 0.796 0.000 0.000 0.466 1.000]
  eval: e=0.0382  p=[0.371 0.354 0.887 0.574 0.453 0.796 0.000 0.000 0.466 1.000]
   921         1391          0.03824         reflect
  eval: e=0.0382  p=[0.372 0.354 0.887 0.575 0.452 0.797 0.000 0.000 0.466 1.000]
   922         1392          0.03824         reflect
  eval: e=0.0382  p=[0.372 0.354 0.887 0.574 0.452 0.796 0.000 0.000 0.466 1.000]
  eval: e=0.0383  p=[0.372 0.354 0.887 0.574 0.452 0.796 0.000 0.000 0.466 1.000]
   923         1394        0.0382396         reflect
  eval: e=0.0382  p=[0.371 0.354 0.887 0.574 0.453 0.796 0.000 0.000 0.466 1.000]
  eval: e=0.0382  p=[0.372 0.354 0.887 0.574 0.452 0.796 0.000 0.000 0.466 1.000]
   924         1396        0.0382396         contract inside
  eval: e=0.0382  p=[0.372 0.354 0.887 0.575 0.452 0.796 0.000 0.000 0.466 1.000]
   925         1397        0.0382396         reflect
  eval: e=0.0382  p=[0.372 0.354 0.887 0.574 0.452 0.796 0.000 0.000 0.466 1.000]
   926         1398        0.0382396         reflect
  eval: e=0.0382  p=[0.372 0.354 0.887 0.574 0.453 0.796 0.000 0.000 0.466 1.000]
   927         1399        0.0382396         reflect
  eval: e=0.0382  p=[0.372 0.354 0.887 0.575 0.452 0.796 0.000 0.000 0.466 1.000]
  eval: e=0.0382  p=[0.372 0.354 0.887 0.575 0.452 0.796 0.000 0.000 0.466 1.000]
   928         1401        0.0382394         reflect
  eval: e=0.0382  p=[0.371 0.354 0.887 0.574 0.453 0.796 0.000 0.000 0.466 1.000]
  eval: e=0.0382  p=[0.372 0.354 0.887 0.575 0.452 0.796 0.000 0.000 0.466 1.000]
   929         1403        0.0382394         contract inside
  eval: e=0.0382  p=[0.371 0.354 0.887 0.574 0.453 0.796 0.000 0.000 0.466 1.000]
  eval: e=0.0385  p=[0.371 0.354 0.887 0.574 0.453 0.796 0.000 0.000 0.466 1.000]
   930         1405        0.0382394         reflect
  eval: e=0.0383  p=[0.371 0.354 0.887 0.574 0.453 0.796 0.000 0.000 0.466 1.000]
  eval: e=0.0382  p=[0.372 0.354 0.887 0.574 0.452 0.796 0.000 0.000 0.466 1.000]
   931         1407        0.0382394         contract inside
  eval: e=0.0382  p=[0.372 0.354 0.887 0.574 0.453 0.796 0.000 0.000 0.466 1.000]
   932         1408        0.0382394         reflect
  eval: e=0.0382  p=[0.371 0.354 0.887 0.574 0.453 0.796 0.000 0.000 0.466 1.000]
   933         1409        0.0382394         reflect
  eval: e=0.0382  p=[0.372 0.354 0.887 0.575 0.452 0.796 0.000 0.000 0.466 1.000]
  eval: e=0.0382  p=[0.372 0.354 0.887 0.575 0.452 0.796 0.000 0.000 0.466 1.000]
   934         1411        0.0382389         expand
  eval: e=0.0382  p=[0.372 0.354 0.887 0.575 0.452 0.796 0.000 0.000 0.466 1.000]
  eval: e=0.0382  p=[0.372 0.354 0.887 0.574 0.453 0.796 0.000 0.000 0.466 1.000]
   935         1413        0.0382389         contract inside
  eval: e=0.0382  p=[0.372 0.354 0.887 0.574 0.453 0.796 0.000 0.000 0.466 1.000]
  eval: e=0.0382  p=[0.372 0.354 0.887 0.574 0.452 0.796 0.000 0.000 0.466 1.000]
   936         1415        0.0382389         contract inside
  eval: e=0.0382  p=[0.372 0.354 0.887 0.574 0.453 0.796 0.000 0.000 0.466 1.000]
   937         1416        0.0382389         reflect
  eval: e=0.0382  p=[0.372 0.354 0.887 0.575 0.452 0.796 0.000 0.000 0.466 1.000]
   938         1417        0.0382389         reflect
  eval: e=0.0382  p=[0.372 0.354 0.887 0.575 0.452 0.796 0.000 0.000 0.466 1.000]
   939         1418        0.0382389         reflect
  eval: e=0.0382  p=[0.372 0.354 0.887 0.574 0.452 0.796 0.000 0.000 0.466 1.000]
   940         1419        0.0382389         reflect
  eval: e=0.0382  p=[0.372 0.354 0.887 0.574 0.452 0.796 0.000 0.000 0.466 1.000]
  eval: e=0.0382  p=[0.372 0.354 0.887 0.575 0.452 0.796 0.000 0.000 0.466 1.000]
   941         1421        0.0382384         reflect
  eval: e=0.0382  p=[0.372 0.354 0.887 0.575 0.452 0.796 0.000 0.000 0.466 1.000]
  eval: e=0.0382  p=[0.372 0.354 0.887 0.574 0.452 0.796 0.000 0.000 0.466 1.000]
   942         1423        0.0382384         contract inside
  eval: e=0.0383  p=[0.372 0.354 0.887 0.575 0.452 0.796 0.000 0.000 0.466 1.000]
  eval: e=0.0382  p=[0.372 0.354 0.887 0.574 0.452 0.796 0.000 0.000 0.466 1.000]
   943         1425        0.0382384         contract inside
  eval: e=0.0382  p=[0.372 0.354 0.887 0.575 0.452 0.796 0.000 0.000 0.466 1.000]
   944         1426        0.0382384         reflect
  eval: e=0.0383  p=[0.372 0.354 0.887 0.574 0.453 0.796 0.000 0.000 0.466 1.000]
  eval: e=0.0382  p=[0.372 0.354 0.887 0.575 0.452 0.796 0.000 0.000 0.466 1.000]
   945         1428        0.0382384         contract inside
  eval: e=0.0382  p=[0.372 0.354 0.887 0.575 0.452 0.796 0.000 0.000 0.466 1.000]
  eval: e=0.0382  p=[0.372 0.354 0.887 0.574 0.453 0.796 0.000 0.000 0.466 1.000]
   946         1430        0.0382384         contract inside
  eval: e=0.0382  p=[0.372 0.354 0.887 0.575 0.452 0.796 0.000 0.000 0.466 1.000]
   947         1431        0.0382384         reflect
  eval: e=0.0382  p=[0.372 0.354 0.887 0.575 0.452 0.796 0.000 0.000 0.466 1.000]
   948         1432        0.0382384         reflect
  eval: e=0.0382  p=[0.372 0.354 0.887 0.574 0.452 0.796 0.000 0.000 0.466 1.000]
  eval: e=0.0382  p=[0.372 0.354 0.887 0.575 0.452 0.796 0.000 0.000 0.466 1.000]
   949         1434        0.0382384         contract inside
  eval: e=0.0382  p=[0.372 0.354 0.887 0.574 0.452 0.796 0.000 0.000 0.466 1.000]
  eval: e=0.0382  p=[0.372 0.354 0.887 0.575 0.452 0.796 0.000 0.000 0.466 1.000]
   950         1436        0.0382384         contract inside
  eval: e=0.0382  p=[0.372 0.354 0.887 0.575 0.452 0.796 0.000 0.000 0.466 1.000]
   951         1437        0.0382384         reflect
  eval: e=0.0382  p=[0.372 0.354 0.887 0.575 0.452 0.796 0.000 0.000 0.466 1.000]
  eval: e=0.0382  p=[0.372 0.354 0.887 0.574 0.452 0.796 0.000 0.000 0.466 1.000]
   952         1439        0.0382384         contract inside
  eval: e=0.0382  p=[0.372 0.354 0.887 0.575 0.452 0.796 0.000 0.000 0.466 1.000]
  eval: e=0.0382  p=[0.372 0.354 0.887 0.575 0.452 0.796 0.000 0.000 0.466 1.000]
   953         1441        0.0382384         contract inside
  eval: e=0.0382  p=[0.372 0.354 0.887 0.575 0.452 0.796 0.000 0.000 0.466 1.000]
  eval: e=0.0382  p=[0.372 0.354 0.887 0.575 0.452 0.796 0.000 0.000 0.466 1.000]
   954         1443        0.0382384         contract inside
  eval: e=0.0382  p=[0.372 0.354 0.887 0.575 0.452 0.796 0.000 0.000 0.466 1.000]
   955         1444        0.0382384         reflect
  eval: e=0.0382  p=[0.372 0.354 0.887 0.575 0.452 0.796 0.000 0.000 0.466 1.000]
   956         1445        0.0382384         reflect
  eval: e=0.0382  p=[0.372 0.354 0.887 0.575 0.452 0.796 0.000 0.000 0.466 1.000]
  eval: e=0.0382  p=[0.372 0.354 0.887 0.575 0.452 0.796 0.000 0.000 0.466 1.000]
   957         1447        0.0382384         contract inside
  eval: e=0.0382  p=[0.372 0.354 0.887 0.575 0.452 0.796 0.000 0.000 0.466 1.000]
  eval: e=0.0382  p=[0.372 0.354 0.887 0.574 0.452 0.796 0.000 0.000 0.466 1.000]
  eval: e=0.0382  p=[0.372 0.354 0.887 0.575 0.452 0.796 0.000 0.000 0.466 1.000]
  eval: e=0.0382  p=[0.372 0.354 0.887 0.575 0.452 0.796 0.000 0.000 0.466 1.000]
  eval: e=0.0382  p=[0.372 0.354 0.887 0.575 0.452 0.796 0.000 0.000 0.466 1.000]
  eval: e=0.0382  p=[0.372 0.354 0.887 0.575 0.452 0.796 0.000 0.000 0.466 1.000]
  eval: e=0.0382  p=[0.372 0.354 0.887 0.575 0.452 0.796 0.000 0.000 0.466 1.000]
  eval: e=0.0382  p=[0.372 0.354 0.887 0.575 0.452 0.796 0.000 0.000 0.466 1.000]
  eval: e=0.0382  p=[0.372 0.354 0.887 0.575 0.452 0.796 0.000 0.000 0.466 1.000]
  eval: e=0.0382  p=[0.372 0.354 0.887 0.575 0.452 0.796 0.000 0.000 0.466 1.000]
  eval: e=0.0382  p=[0.372 0.354 0.887 0.575 0.452 0.796 0.000 0.000 0.466 1.000]
  eval: e=0.0382  p=[0.372 0.354 0.887 0.574 0.452 0.796 0.000 0.000 0.466 1.000]
   958         1459        0.0382384         shrink
  eval: e=0.0382  p=[0.372 0.354 0.887 0.575 0.452 0.796 0.000 0.000 0.466 1.000]
   959         1460        0.0382384         reflect
  eval: e=0.0382  p=[0.372 0.354 0.887 0.575 0.452 0.796 0.000 0.000 0.466 1.000]
   960         1461        0.0382384         reflect
  eval: e=0.0382  p=[0.372 0.354 0.887 0.575 0.452 0.796 0.000 0.000 0.466 1.000]
   961         1462        0.0382384         reflect
  eval: e=0.0382  p=[0.372 0.354 0.887 0.575 0.452 0.796 0.000 0.000 0.466 1.000]
   962         1463        0.0382384         reflect
  eval: e=0.0382  p=[0.372 0.354 0.887 0.574 0.452 0.796 0.000 0.000 0.466 1.000]
  eval: e=0.0382  p=[0.372 0.354 0.887 0.575 0.452 0.796 0.000 0.000 0.466 1.000]
  eval: e=0.0382  p=[0.372 0.354 0.887 0.575 0.452 0.796 0.000 0.000 0.466 1.000]
  eval: e=0.0382  p=[0.372 0.354 0.887 0.575 0.452 0.796 0.000 0.000 0.466 1.000]
  eval: e=0.0382  p=[0.372 0.354 0.887 0.575 0.452 0.796 0.000 0.000 0.466 1.000]
  eval: e=0.0382  p=[0.372 0.354 0.887 0.575 0.452 0.796 0.000 0.000 0.466 1.000]
  eval: e=0.0382  p=[0.372 0.354 0.887 0.575 0.452 0.796 0.000 0.000 0.466 1.000]
  eval: e=0.0382  p=[0.372 0.354 0.887 0.575 0.452 0.796 0.000 0.000 0.466 1.000]
  eval: e=0.0382  p=[0.372 0.354 0.887 0.575 0.452 0.796 0.000 0.000 0.466 1.000]
  eval: e=0.0382  p=[0.372 0.354 0.887 0.574 0.452 0.796 0.000 0.000 0.466 1.000]
  eval: e=0.0382  p=[0.372 0.354 0.887 0.574 0.452 0.796 0.000 0.000 0.466 1.000]
  eval: e=0.0382  p=[0.372 0.354 0.887 0.575 0.452 0.796 0.000 0.000 0.466 1.000]
   963         1475        0.0382384         shrink
 
Optimization terminated:
 the current x satisfies the termination criteria using OPTIONS.TolX of 1.000000e-04 
 and F(X) satisfies the convergence criteria using OPTIONS.TolFun of 1.000000e-06 

=== Fit complete: error=0.038238  AIC=-3142.7 ===
=== restart 6 (B) done: e=0.038238 ===
  eval: e=0.1815  p=[0.102 0.324 0.230 0.324 0.331 0.130 0.177 0.744 0.707 0.520]
 
 Iteration   Func-count         f(x)         Procedure
     0            1         0.181534         
  eval: e=0.1815  p=[0.107 0.324 0.230 0.324 0.331 0.130 0.177 0.744 0.707 0.520]
  eval: e=0.1807  p=[0.102 0.340 0.230 0.324 0.331 0.130 0.177 0.744 0.707 0.520]
  eval: e=0.1813  p=[0.102 0.324 0.241 0.324 0.331 0.130 0.177 0.744 0.707 0.520]
  eval: e=0.1820  p=[0.102 0.324 0.230 0.340 0.331 0.130 0.177 0.744 0.707 0.520]
  eval: e=0.1812  p=[0.102 0.324 0.230 0.324 0.347 0.130 0.177 0.744 0.707 0.520]
  eval: e=0.1816  p=[0.102 0.324 0.230 0.324 0.331 0.136 0.177 0.744 0.707 0.520]
  eval: e=0.1815  p=[0.102 0.324 0.230 0.324 0.331 0.130 0.186 0.744 0.707 0.520]
  eval: e=0.1833  p=[0.102 0.324 0.230 0.324 0.331 0.130 0.177 0.781 0.707 0.520]
  eval: e=0.1815  p=[0.102 0.324 0.230 0.324 0.331 0.130 0.177 0.744 0.742 0.520]
  eval: e=0.1815  p=[0.102 0.324 0.230 0.324 0.331 0.130 0.177 0.744 0.707 0.546]
     1           11         0.180735         initial simplex
  eval: e=0.1791  p=[0.103 0.327 0.232 0.327 0.334 0.131 0.179 0.707 0.714 0.526]
  eval: e=0.1762  p=[0.104 0.329 0.233 0.329 0.335 0.132 0.179 0.670 0.717 0.528]
     2           13         0.176233         expand
  eval: e=0.1798  p=[0.104 0.328 0.233 0.309 0.335 0.131 0.179 0.729 0.716 0.527]
     3           14         0.176233         reflect
  eval: e=0.1800  p=[0.104 0.329 0.233 0.322 0.336 0.124 0.180 0.726 0.718 0.529]
     4           15         0.176233         reflect
  eval: e=0.1797  p=[0.104 0.330 0.234 0.322 0.337 0.129 0.170 0.723 0.720 0.530]
     5           16         0.176233         reflect
  eval: e=0.1793  p=[0.105 0.331 0.235 0.321 0.338 0.129 0.177 0.718 0.723 0.532]
     6           17         0.176233         reflect
  eval: e=0.1787  p=[0.105 0.333 0.236 0.321 0.339 0.129 0.177 0.713 0.726 0.503]
     7           18         0.176233         reflect
  eval: e=0.1781  p=[0.106 0.334 0.237 0.320 0.341 0.129 0.177 0.707 0.687 0.526]
     8           19         0.176233         reflect
  eval: e=0.1773  p=[0.100 0.336 0.239 0.319 0.343 0.129 0.177 0.700 0.719 0.527]
     9           20         0.176233         reflect
  eval: e=0.1766  p=[0.105 0.339 0.227 0.318 0.346 0.129 0.177 0.691 0.721 0.528]
    10           21         0.176233         reflect
  eval: e=0.1755  p=[0.105 0.342 0.237 0.317 0.329 0.128 0.177 0.680 0.724 0.530]
  eval: e=0.1714  p=[0.107 0.351 0.241 0.313 0.320 0.128 0.177 0.648 0.732 0.534]
    11           23         0.171367         expand
  eval: e=0.1744  p=[0.106 0.328 0.240 0.314 0.344 0.128 0.177 0.661 0.729 0.533]
    12           24         0.171367         reflect
  eval: e=0.1741  p=[0.105 0.339 0.238 0.315 0.340 0.135 0.174 0.666 0.720 0.525]
    13           25         0.171367         reflect
  eval: e=0.1729  p=[0.106 0.342 0.239 0.329 0.342 0.128 0.173 0.650 0.723 0.526]
    14           26         0.171367         reflect
  eval: e=0.1715  p=[0.105 0.342 0.239 0.318 0.341 0.130 0.184 0.642 0.719 0.522]
    15           27         0.171367         reflect
  eval: e=0.1702  p=[0.105 0.343 0.239 0.318 0.341 0.130 0.178 0.631 0.716 0.519]
  eval: e=0.1638  p=[0.105 0.350 0.241 0.317 0.342 0.130 0.178 0.587 0.713 0.512]
    16           29         0.163762         expand
  eval: e=0.1676  p=[0.105 0.345 0.239 0.318 0.340 0.130 0.178 0.611 0.710 0.549]
    17           30         0.163762         reflect
  eval: e=0.1661  p=[0.104 0.346 0.238 0.318 0.337 0.130 0.178 0.598 0.754 0.531]
    18           31         0.163762         reflect
  eval: e=0.1645  p=[0.110 0.346 0.236 0.319 0.334 0.131 0.178 0.585 0.729 0.531]
    19           32         0.163762         reflect
  eval: e=0.1626  p=[0.107 0.345 0.250 0.320 0.329 0.132 0.178 0.573 0.728 0.530]
  eval: e=0.1527  p=[0.108 0.347 0.262 0.321 0.321 0.133 0.179 0.514 0.732 0.531]
    20           34         0.152747         expand
  eval: e=0.1575  p=[0.108 0.359 0.249 0.308 0.337 0.129 0.176 0.563 0.735 0.531]
    21           35         0.152747         reflect
  eval: e=0.1566  p=[0.106 0.365 0.244 0.321 0.327 0.133 0.178 0.552 0.725 0.526]
    22           36         0.152747         reflect
  eval: e=0.1528  p=[0.108 0.360 0.248 0.321 0.328 0.126 0.182 0.524 0.734 0.534]
    23           37         0.152747         reflect
  eval: e=0.1497  p=[0.108 0.360 0.248 0.306 0.323 0.132 0.184 0.515 0.734 0.534]
  eval: e=0.1348  p=[0.109 0.370 0.253 0.294 0.314 0.134 0.189 0.447 0.740 0.538]
    24           39         0.134802         expand
  eval: e=0.1439  p=[0.109 0.365 0.251 0.312 0.319 0.131 0.175 0.484 0.741 0.541]
    25           40         0.134802         reflect
  eval: e=0.1388  p=[0.108 0.360 0.251 0.317 0.339 0.134 0.181 0.445 0.730 0.530]
    26           41         0.134802         reflect
  eval: e=0.1368  p=[0.110 0.368 0.256 0.312 0.320 0.132 0.181 0.449 0.756 0.512]
    27           42         0.134802         reflect
  eval: e=0.1326  p=[0.112 0.372 0.260 0.310 0.319 0.132 0.181 0.432 0.714 0.526]
  eval: e=0.1200  p=[0.116 0.385 0.272 0.306 0.310 0.133 0.183 0.349 0.694 0.523]
    28           44          0.11997         expand
  eval: e=0.1253  p=[0.107 0.380 0.269 0.306 0.317 0.132 0.182 0.398 0.731 0.524]
    29           45          0.11997         reflect
  eval: e=0.1217  p=[0.112 0.382 0.270 0.307 0.305 0.133 0.183 0.358 0.751 0.546]
    30           46          0.11997         reflect
  eval: e=0.1225  p=[0.110 0.378 0.266 0.316 0.303 0.135 0.186 0.341 0.732 0.530]
    31           47          0.11997         reflect
  eval: e=0.1201  p=[0.113 0.374 0.275 0.301 0.308 0.132 0.186 0.310 0.744 0.536]
    32           48          0.11997         reflect
  eval: e=0.1194  p=[0.112 0.382 0.277 0.297 0.303 0.140 0.183 0.295 0.736 0.529]
  eval: e=0.1254  p=[0.115 0.393 0.291 0.284 0.291 0.147 0.184 0.180 0.736 0.527]
    33           50         0.119424         reflect
  eval: e=0.1190  p=[0.114 0.401 0.266 0.292 0.307 0.134 0.187 0.261 0.739 0.531]
  eval: e=0.1305  p=[0.117 0.428 0.269 0.277 0.300 0.135 0.191 0.135 0.742 0.531]
    34           52         0.119046         reflect
  eval: e=0.1199  p=[0.114 0.391 0.280 0.297 0.306 0.137 0.193 0.247 0.729 0.519]
    35           53         0.119046         reflect
  eval: e=0.1235  p=[0.116 0.402 0.286 0.289 0.279 0.135 0.190 0.246 0.740 0.528]
    36           54         0.119046         reflect
  eval: e=0.1246  p=[0.114 0.401 0.287 0.289 0.290 0.137 0.192 0.201 0.710 0.549]
    37           55         0.119046         reflect
  eval: e=0.1271  p=[0.117 0.405 0.297 0.306 0.292 0.135 0.184 0.154 0.721 0.525]
  eval: e=0.1218  p=[0.115 0.397 0.286 0.303 0.297 0.135 0.185 0.227 0.726 0.528]
    38           57         0.119046         contract outside
  eval: e=0.1265  p=[0.120 0.398 0.284 0.293 0.285 0.138 0.192 0.169 0.729 0.539]
  eval: e=0.1198  p=[0.110 0.385 0.273 0.303 0.309 0.134 0.184 0.341 0.730 0.528]
    39           59         0.119046         contract inside
  eval: e=0.1269  p=[0.112 0.374 0.263 0.313 0.315 0.133 0.180 0.393 0.753 0.511]
  eval: e=0.1210  p=[0.114 0.394 0.281 0.295 0.297 0.136 0.189 0.249 0.721 0.540]
    40           61         0.119046         contract inside
  eval: e=0.1227  p=[0.110 0.371 0.263 0.315 0.330 0.135 0.182 0.350 0.720 0.535]
  eval: e=0.1197  p=[0.112 0.379 0.269 0.308 0.317 0.135 0.184 0.324 0.725 0.533]
    41           63         0.119046         contract outside
  eval: e=0.1197  p=[0.116 0.396 0.284 0.286 0.308 0.135 0.185 0.251 0.727 0.532]
    42           64         0.119046         reflect
  eval: e=0.1222  p=[0.112 0.377 0.263 0.295 0.317 0.134 0.186 0.370 0.733 0.535]
  eval: e=0.1198  p=[0.114 0.392 0.280 0.301 0.302 0.135 0.185 0.263 0.728 0.530]
    43           66         0.119046         contract inside
  eval: e=0.1209  p=[0.115 0.393 0.281 0.290 0.309 0.137 0.189 0.220 0.703 0.514]
    44           67         0.119046         reflect
  eval: e=0.1186  p=[0.113 0.381 0.270 0.301 0.319 0.134 0.183 0.323 0.730 0.516]
  eval: e=0.1215  p=[0.113 0.375 0.265 0.304 0.331 0.133 0.180 0.359 0.734 0.504]
    45           69         0.118611         reflect
  eval: e=0.1232  p=[0.112 0.380 0.268 0.308 0.309 0.133 0.182 0.372 0.753 0.541]
  eval: e=0.1192  p=[0.114 0.390 0.278 0.295 0.309 0.136 0.187 0.258 0.716 0.521]
    46           71         0.118611         contract inside
  eval: e=0.1182  p=[0.114 0.403 0.275 0.296 0.310 0.138 0.185 0.272 0.707 0.516]
  eval: e=0.1193  p=[0.115 0.417 0.274 0.293 0.311 0.142 0.184 0.253 0.689 0.507]
    47           73         0.118213         reflect
  eval: e=0.1210  p=[0.111 0.395 0.279 0.290 0.309 0.139 0.189 0.217 0.760 0.528]
  eval: e=0.1185  p=[0.115 0.387 0.273 0.302 0.309 0.134 0.184 0.316 0.710 0.524]
    48           75         0.118213         contract inside
  eval: e=0.1184  p=[0.113 0.389 0.269 0.299 0.312 0.134 0.176 0.334 0.721 0.533]
    49           76         0.118213         reflect
  eval: e=0.1180  p=[0.113 0.387 0.267 0.294 0.319 0.136 0.182 0.332 0.720 0.523]
  eval: e=0.1197  p=[0.112 0.384 0.260 0.291 0.327 0.136 0.181 0.367 0.717 0.519]
    50           78         0.117974         reflect
  eval: e=0.1186  p=[0.117 0.394 0.273 0.291 0.314 0.138 0.183 0.252 0.716 0.523]
    51           79         0.117974         reflect
  eval: e=0.1207  p=[0.111 0.383 0.260 0.309 0.316 0.138 0.182 0.343 0.717 0.517]
  eval: e=0.1184  p=[0.115 0.393 0.278 0.292 0.310 0.135 0.184 0.274 0.724 0.529]
    52           81         0.117974         contract inside
  eval: e=0.1195  p=[0.117 0.402 0.276 0.283 0.306 0.137 0.183 0.260 0.718 0.516]
  eval: e=0.1184  p=[0.115 0.396 0.274 0.290 0.308 0.137 0.183 0.276 0.720 0.520]
    53           83         0.117974         contract outside
  eval: e=0.1165  p=[0.116 0.402 0.268 0.294 0.321 0.131 0.184 0.285 0.705 0.518]
  eval: e=0.1154  p=[0.118 0.412 0.263 0.292 0.329 0.127 0.184 0.280 0.689 0.513]
    54           85         0.115355         expand
  eval: e=0.1164  p=[0.116 0.399 0.264 0.295 0.319 0.134 0.179 0.326 0.719 0.525]
    55           86         0.115355         reflect
  eval: e=0.1174  p=[0.116 0.387 0.275 0.299 0.323 0.135 0.178 0.336 0.693 0.513]
    56           87         0.115355         reflect
  eval: e=0.1187  p=[0.113 0.392 0.269 0.301 0.318 0.131 0.181 0.361 0.711 0.519]
  eval: e=0.1176  p=[0.116 0.394 0.272 0.293 0.315 0.136 0.182 0.280 0.714 0.522]
    57           89         0.115355         contract inside
  eval: e=0.1175  p=[0.117 0.408 0.272 0.289 0.312 0.135 0.181 0.282 0.694 0.528]
    58           90         0.115355         reflect
  eval: e=0.1162  p=[0.116 0.406 0.268 0.286 0.322 0.135 0.179 0.282 0.710 0.520]
    59           91         0.115355         reflect
  eval: e=0.1179  p=[0.118 0.408 0.272 0.286 0.321 0.135 0.187 0.254 0.698 0.509]
    60           92         0.115355         reflect
  eval: e=0.1149  p=[0.117 0.407 0.262 0.292 0.326 0.134 0.180 0.310 0.689 0.509]
  eval: e=0.1134  p=[0.118 0.415 0.255 0.292 0.333 0.134 0.178 0.328 0.671 0.500]
    61           94         0.113395         expand
  eval: e=0.1142  p=[0.117 0.407 0.262 0.295 0.332 0.133 0.180 0.319 0.683 0.514]
    62           95         0.113395         reflect
  eval: e=0.1142  p=[0.118 0.402 0.259 0.288 0.335 0.130 0.177 0.332 0.691 0.517]
    63           96         0.113395         reflect
  eval: e=0.1159  p=[0.121 0.421 0.266 0.289 0.330 0.131 0.179 0.272 0.672 0.509]
    64           97         0.113395         reflect
  eval: e=0.1160  p=[0.117 0.402 0.259 0.297 0.329 0.130 0.172 0.353 0.690 0.523]
    65           98         0.113395         reflect
  eval: e=0.1125  p=[0.119 0.418 0.257 0.291 0.338 0.129 0.175 0.342 0.668 0.510]
  eval: e=0.1106  p=[0.120 0.430 0.249 0.290 0.349 0.125 0.171 0.374 0.645 0.504]
    66          100         0.110565         expand
  eval: e=0.1137  p=[0.118 0.408 0.252 0.296 0.349 0.128 0.175 0.358 0.679 0.499]
    67          101         0.110565         reflect
  eval: e=0.1118  p=[0.120 0.434 0.244 0.285 0.342 0.126 0.177 0.309 0.677 0.511]
    68          102         0.110565         reflect
  eval: e=0.1106  p=[0.121 0.429 0.252 0.287 0.351 0.126 0.176 0.316 0.642 0.497]
    69          103         0.110565         reflect
  eval: e=0.1111  p=[0.122 0.426 0.244 0.296 0.354 0.122 0.175 0.366 0.638 0.497]
    70          104         0.110565         reflect
  eval: e=0.1114  p=[0.122 0.435 0.250 0.285 0.352 0.126 0.182 0.297 0.648 0.489]
    71          105         0.110565         reflect
  eval: e=0.1135  p=[0.118 0.419 0.240 0.293 0.356 0.124 0.176 0.384 0.660 0.499]
    72          106         0.110565         reflect
  eval: e=0.1118  p=[0.121 0.428 0.238 0.290 0.362 0.128 0.169 0.396 0.637 0.493]
    73          107         0.110565         reflect
  eval: e=0.1080  p=[0.121 0.444 0.238 0.293 0.361 0.124 0.175 0.358 0.624 0.484]
  eval: e=0.1050  p=[0.122 0.465 0.228 0.296 0.374 0.122 0.173 0.371 0.591 0.468]
    74          109         0.105042         expand
  eval: e=0.1064  p=[0.123 0.450 0.229 0.287 0.372 0.119 0.171 0.381 0.614 0.478]
    75          110         0.105042         reflect
  eval: e=0.1072  p=[0.123 0.458 0.234 0.285 0.361 0.123 0.175 0.347 0.606 0.488]
    76          111         0.105042         reflect
  eval: e=0.1103  p=[0.125 0.455 0.244 0.286 0.354 0.126 0.173 0.313 0.613 0.486]
    77          112         0.105042         reflect
  eval: e=0.1036  p=[0.126 0.467 0.228 0.285 0.381 0.114 0.170 0.366 0.592 0.483]
  eval: e=0.0989  p=[0.130 0.493 0.214 0.281 0.405 0.104 0.167 0.384 0.552 0.474]
    78          114         0.098908         expand
  eval: e=0.1051  p=[0.126 0.461 0.232 0.291 0.385 0.118 0.169 0.400 0.560 0.464]
    79          115         0.098908         reflect
  eval: e=0.1091  p=[0.126 0.472 0.236 0.287 0.370 0.114 0.177 0.313 0.584 0.476]
    80          116         0.098908         reflect
  eval: e=0.1045  p=[0.126 0.473 0.222 0.292 0.383 0.114 0.163 0.416 0.561 0.477]
    81          117         0.098908         reflect
  eval: e=0.1034  p=[0.127 0.491 0.224 0.280 0.387 0.116 0.168 0.357 0.556 0.465]
    82          118         0.098908         reflect
  eval: e=0.0996  p=[0.128 0.501 0.211 0.288 0.397 0.111 0.166 0.415 0.535 0.459]
    83          119         0.098908         reflect
  eval: e=0.1003  p=[0.131 0.514 0.206 0.285 0.408 0.109 0.169 0.365 0.510 0.443]
    84          120         0.098908         reflect
  eval: e=0.1003  p=[0.128 0.500 0.203 0.288 0.414 0.104 0.166 0.437 0.521 0.452]
    85          121         0.098908         reflect
  eval: e=0.1056  p=[0.127 0.489 0.204 0.287 0.407 0.114 0.160 0.461 0.537 0.457]
    86          122         0.098908         reflect
  eval: e=0.1000  p=[0.131 0.510 0.201 0.291 0.426 0.104 0.160 0.451 0.502 0.440]
    87          123         0.098908         reflect
  eval: e=0.0964  p=[0.132 0.529 0.200 0.289 0.425 0.104 0.162 0.430 0.471 0.442]
  eval: e=0.0968  p=[0.136 0.569 0.185 0.290 0.451 0.096 0.157 0.455 0.399 0.423]
    88          125        0.0964027         reflect
  eval: e=0.1041  p=[0.129 0.498 0.224 0.289 0.394 0.108 0.172 0.344 0.535 0.459]
    89          126        0.0964027         reflect
  eval: e=0.0969  p=[0.131 0.535 0.194 0.285 0.418 0.101 0.164 0.394 0.507 0.452]
    90          127        0.0964027         reflect
  eval: e=0.0937  p=[0.136 0.544 0.192 0.278 0.437 0.093 0.158 0.428 0.459 0.445]
  eval: e=0.0921  p=[0.144 0.583 0.174 0.269 0.469 0.079 0.151 0.456 0.393 0.434]
    91          129        0.0921218         expand
  eval: e=0.0965  p=[0.136 0.558 0.188 0.277 0.445 0.093 0.166 0.391 0.455 0.426]
    92          130        0.0921218         reflect
  eval: e=0.0952  p=[0.134 0.545 0.179 0.278 0.445 0.097 0.155 0.472 0.465 0.438]
    93          131        0.0921218         reflect
  eval: e=0.0968  p=[0.138 0.562 0.170 0.286 0.463 0.085 0.157 0.483 0.425 0.427]
    94          132        0.0921218         reflect
  eval: e=0.0945  p=[0.139 0.566 0.184 0.277 0.446 0.093 0.157 0.412 0.442 0.435]
    95          133        0.0921218         reflect
  eval: e=0.0944  p=[0.138 0.562 0.177 0.279 0.460 0.085 0.152 0.492 0.439 0.442]
    96          134        0.0921218         reflect
  eval: e=0.0951  p=[0.139 0.577 0.178 0.271 0.449 0.087 0.159 0.415 0.435 0.446]
    97          135        0.0921218         reflect
  eval: e=0.0908  p=[0.144 0.601 0.161 0.270 0.488 0.075 0.152 0.451 0.382 0.424]
  eval: e=0.0942  p=[0.151 0.651 0.136 0.262 0.534 0.057 0.145 0.468 0.306 0.407]
    98          137        0.0908155         reflect
  eval: e=0.0986  p=[0.145 0.630 0.147 0.274 0.496 0.075 0.148 0.495 0.331 0.399]
  eval: e=0.0931  p=[0.141 0.596 0.164 0.276 0.474 0.083 0.153 0.467 0.386 0.418]
    99          139        0.0908155         contract outside
  eval: e=0.0983  p=[0.146 0.601 0.160 0.269 0.495 0.075 0.149 0.500 0.352 0.414]
  eval: e=0.0935  p=[0.135 0.551 0.186 0.281 0.437 0.094 0.160 0.421 0.468 0.443]
   100          141        0.0908155         contract inside
  eval: e=0.0988  p=[0.138 0.571 0.188 0.267 0.444 0.093 0.156 0.399 0.442 0.443]
  eval: e=0.0931  p=[0.138 0.565 0.174 0.281 0.458 0.087 0.157 0.462 0.429 0.431]
   101          143        0.0908155         contract inside
  eval: e=0.0962  p=[0.140 0.577 0.167 0.277 0.465 0.084 0.145 0.505 0.408 0.444]
   102          144        0.0908155         reflect
  eval: e=0.0889  p=[0.146 0.616 0.149 0.263 0.493 0.069 0.146 0.480 0.379 0.429]
  eval: e=0.0887  p=[0.154 0.659 0.123 0.250 0.527 0.052 0.139 0.505 0.333 0.423]
   103          146        0.0887461         expand
  eval: e=0.0948  p=[0.141 0.584 0.173 0.269 0.466 0.083 0.161 0.406 0.427 0.423]
   104          147        0.0887461         reflect
  eval: e=0.0955  p=[0.148 0.624 0.160 0.267 0.489 0.066 0.153 0.425 0.362 0.426]
  eval: e=0.0917  p=[0.138 0.565 0.174 0.275 0.456 0.090 0.154 0.461 0.439 0.435]
   105          149        0.0887461         contract inside
  eval: e=0.0943  p=[0.143 0.589 0.161 0.274 0.488 0.077 0.148 0.491 0.393 0.415]
   106          150        0.0887461         reflect
  eval: e=0.0988  p=[0.142 0.583 0.163 0.278 0.475 0.080 0.143 0.517 0.394 0.437]
  eval: e=0.0913  p=[0.141 0.584 0.170 0.271 0.468 0.082 0.157 0.434 0.419 0.426]
   107          152        0.0887461         contract inside
  eval: e=0.0960  p=[0.144 0.605 0.149 0.268 0.499 0.068 0.147 0.516 0.374 0.424]
  eval: e=0.0916  p=[0.140 0.576 0.175 0.275 0.459 0.087 0.154 0.438 0.425 0.432]
   108          154        0.0887461         contract inside
  eval: e=0.0938  p=[0.146 0.611 0.155 0.266 0.485 0.076 0.153 0.425 0.374 0.414]
   109          155        0.0887461         reflect
  eval: e=0.0960  p=[0.141 0.589 0.171 0.268 0.457 0.084 0.158 0.413 0.417 0.441]
  eval: e=0.0915  p=[0.142 0.589 0.163 0.273 0.480 0.079 0.150 0.472 0.399 0.422]
   110          157        0.0887461         contract inside
  eval: e=0.0937  p=[0.138 0.562 0.178 0.278 0.458 0.086 0.152 0.488 0.440 0.444]
  eval: e=0.0914  p=[0.140 0.575 0.172 0.275 0.465 0.083 0.152 0.473 0.424 0.436]
   111          159        0.0887461         contract outside
  eval: e=0.0950  p=[0.150 0.627 0.144 0.262 0.512 0.065 0.144 0.503 0.338 0.413]
  eval: e=0.0914  p=[0.138 0.570 0.176 0.276 0.456 0.087 0.156 0.441 0.435 0.435]
   112          161        0.0887461         contract inside
  eval: e=0.0888  p=[0.143 0.577 0.169 0.267 0.472 0.077 0.152 0.451 0.430 0.442]
   113          162        0.0887461         reflect
  eval: e=0.0895  p=[0.146 0.611 0.157 0.259 0.489 0.071 0.147 0.454 0.386 0.431]
   114          163        0.0887461         reflect
  eval: e=0.0875  p=[0.141 0.598 0.154 0.269 0.484 0.078 0.152 0.459 0.422 0.428]
  eval: e=0.0856  p=[0.140 0.605 0.144 0.270 0.491 0.077 0.152 0.461 0.436 0.424]
   115          165        0.0855841         expand
  eval: e=0.0889  p=[0.148 0.625 0.148 0.262 0.503 0.064 0.148 0.455 0.374 0.424]
   116          166        0.0855841         reflect
  eval: e=0.0871  p=[0.147 0.623 0.141 0.260 0.509 0.063 0.146 0.482 0.379 0.426]
   117          167        0.0855841         reflect
  eval: e=0.0884  p=[0.146 0.617 0.149 0.259 0.494 0.068 0.150 0.450 0.401 0.437]
   118          168        0.0855841         reflect
  eval: e=0.0864  p=[0.151 0.645 0.132 0.252 0.525 0.055 0.143 0.482 0.357 0.424]
   119          169        0.0855841         reflect
  eval: e=0.0890  p=[0.152 0.655 0.127 0.249 0.528 0.054 0.145 0.452 0.356 0.420]
   120          170        0.0855841         reflect
  eval: e=0.0850  p=[0.153 0.660 0.120 0.249 0.537 0.049 0.138 0.495 0.348 0.429]
  eval: e=0.0845  p=[0.160 0.698 0.095 0.237 0.572 0.033 0.129 0.525 0.313 0.430]
   121          172        0.0845475         expand
  eval: e=0.0827  p=[0.154 0.662 0.116 0.243 0.534 0.048 0.138 0.493 0.371 0.432]
  eval: e=0.0798  p=[0.159 0.692 0.094 0.229 0.557 0.034 0.132 0.514 0.365 0.435]
   122          174        0.0797671         expand
  eval: e=0.0820  p=[0.154 0.668 0.108 0.248 0.546 0.045 0.140 0.501 0.363 0.426]
   123          175        0.0797671         reflect
  eval: e=0.0850  p=[0.148 0.627 0.134 0.258 0.511 0.060 0.141 0.513 0.395 0.438]
   124          176        0.0797671         reflect
  eval: e=0.0807  p=[0.152 0.658 0.110 0.244 0.538 0.048 0.137 0.521 0.380 0.437]
   125          177        0.0797671         reflect
  eval: e=0.0829  p=[0.159 0.721 0.077 0.235 0.582 0.029 0.130 0.540 0.314 0.418]
   126          178        0.0797671         reflect
  eval: e=0.0795  p=[0.149 0.652 0.113 0.249 0.538 0.051 0.141 0.492 0.408 0.436]
  eval: e=0.0785  p=[0.147 0.649 0.108 0.248 0.543 0.050 0.143 0.486 0.445 0.443]
   127          180         0.078482         expand
  eval: e=0.0806  p=[0.158 0.700 0.079 0.237 0.581 0.031 0.129 0.555 0.348 0.423]
   128          181         0.078482         reflect
  eval: e=0.0754  p=[0.159 0.709 0.075 0.232 0.580 0.030 0.129 0.538 0.365 0.434]
  eval: e=0.0712  p=[0.164 0.752 0.042 0.218 0.616 0.013 0.120 0.566 0.358 0.438]
   129          183        0.0711624         expand
  eval: e=0.0728  p=[0.157 0.709 0.067 0.233 0.582 0.029 0.128 0.554 0.386 0.439]
   130          184        0.0711624         reflect
  eval: e=0.1730  p=[0.171 0.770 0.038 0.208 0.634 0.000 0.113 0.594 0.297 0.441]
  eval: e=0.0812  p=[0.148 0.646 0.118 0.254 0.527 0.057 0.143 0.494 0.401 0.429]
   131          186        0.0711624         contract inside
  eval: e=0.0748  p=[0.164 0.752 0.046 0.219 0.618 0.014 0.125 0.538 0.340 0.426]
   132          187        0.0711624         reflect
  eval: e=0.0743  p=[0.153 0.692 0.075 0.235 0.566 0.038 0.137 0.529 0.427 0.433]
   133          188        0.0711624         reflect
  eval: e=0.0752  p=[0.152 0.662 0.092 0.238 0.552 0.042 0.136 0.512 0.448 0.447]
   134          189        0.0711624         reflect
  eval: e=0.0719  p=[0.157 0.714 0.059 0.223 0.590 0.027 0.126 0.553 0.417 0.444]
   135          190        0.0711624         reflect
  eval: e=0.0703  p=[0.164 0.750 0.036 0.211 0.622 0.008 0.120 0.571 0.382 0.444]
  eval: e=3.0314  p=[0.173 0.802 0.000 0.189 0.669 0.000 0.108 0.610 0.372 0.452]
   136          192        0.0702542         reflect
  eval: e=0.0774  p=[0.163 0.757 0.030 0.214 0.628 0.009 0.122 0.554 0.404 0.438]
   137          193        0.0702542         reflect
  eval: e=0.0943  p=[0.158 0.725 0.050 0.216 0.594 0.022 0.128 0.521 0.446 0.454]
  eval: e=0.0744  p=[0.158 0.707 0.072 0.232 0.584 0.029 0.129 0.546 0.373 0.431]
   138          195        0.0702542         contract inside
  eval: e=0.0689  p=[0.157 0.737 0.031 0.225 0.623 0.018 0.125 0.568 0.431 0.441]
  eval: e=0.0704  p=[0.156 0.759 0.000 0.223 0.657 0.010 0.122 0.595 0.463 0.444]
   139          197        0.0689433         reflect
  eval: e=0.3162  p=[0.170 0.797 0.001 0.201 0.653 0.000 0.111 0.613 0.348 0.433]
  eval: e=0.0751  p=[0.153 0.686 0.082 0.237 0.570 0.037 0.135 0.517 0.421 0.440]
   140          199        0.0689433         contract inside
  eval: e=0.0765  p=[0.153 0.675 0.090 0.240 0.557 0.042 0.134 0.537 0.393 0.439]
  eval: e=0.0734  p=[0.155 0.696 0.075 0.233 0.575 0.034 0.131 0.541 0.396 0.439]
   141          201        0.0689433         contract outside
  eval: e=0.0711  p=[0.165 0.776 0.025 0.215 0.637 0.007 0.118 0.585 0.338 0.428]
   142          202        0.0689433         reflect
  eval: e=0.0698  p=[0.166 0.771 0.024 0.212 0.632 0.007 0.117 0.593 0.349 0.432]
   143          203        0.0689433         reflect
  eval: e=0.0691  p=[0.155 0.709 0.055 0.229 0.587 0.028 0.125 0.583 0.431 0.448]
   144          204        0.0689433         reflect
  eval: e=0.0700  p=[0.161 0.754 0.025 0.215 0.622 0.013 0.121 0.582 0.410 0.446]
   145          205        0.0689433         reflect
  eval: e=0.0843  p=[0.168 0.782 0.013 0.207 0.651 0.000 0.110 0.610 0.352 0.447]
  eval: e=0.0719  p=[0.157 0.714 0.059 0.228 0.587 0.028 0.130 0.549 0.408 0.436]
   146          207        0.0689433         contract inside
  eval: e=0.0682  p=[0.165 0.782 0.009 0.208 0.645 0.002 0.115 0.600 0.386 0.441]
  eval: e=7.6542  p=[0.170 0.825 0.000 0.196 0.680 0.000 0.107 0.629 0.382 0.442]
   147          209        0.0681701         reflect
  eval: e=0.0706  p=[0.165 0.783 0.006 0.204 0.650 0.001 0.116 0.596 0.396 0.440]
   148          210        0.0681701         reflect
  eval: e=0.1848  p=[0.168 0.791 0.003 0.204 0.658 0.000 0.111 0.610 0.371 0.444]
  eval: e=0.0703  p=[0.159 0.734 0.045 0.222 0.605 0.020 0.125 0.565 0.399 0.438]
   149          212        0.0681701         contract inside
  eval: e=0.2089  p=[0.167 0.795 0.001 0.209 0.658 0.000 0.115 0.609 0.358 0.435]
  eval: e=0.0703  p=[0.160 0.735 0.044 0.219 0.607 0.019 0.123 0.567 0.403 0.442]
   150          214        0.0681701         contract inside
  eval: e=0.0676  p=[0.159 0.754 0.019 0.214 0.630 0.011 0.121 0.596 0.427 0.442]
  eval: e=0.0667  p=[0.157 0.755 0.007 0.212 0.636 0.010 0.121 0.611 0.461 0.444]
   151          216        0.0666568         expand
  eval: e=0.0689  p=[0.157 0.725 0.032 0.217 0.609 0.018 0.123 0.582 0.472 0.456]
   152          217        0.0666568         reflect
  eval: e=0.0696  p=[0.155 0.707 0.056 0.230 0.587 0.027 0.127 0.569 0.429 0.446]
   153          218        0.0666568         reflect
  eval: e=0.0671  p=[0.160 0.751 0.019 0.213 0.629 0.010 0.118 0.601 0.431 0.450]
   154          219        0.0666568         reflect
  eval: e=0.0664  p=[0.160 0.754 0.015 0.215 0.632 0.009 0.120 0.605 0.434 0.448]
  eval: e=0.0650  p=[0.160 0.763 0.000 0.213 0.644 0.003 0.118 0.624 0.449 0.451]
   155          221        0.0650269         expand
  eval: e=0.0656  p=[0.154 0.741 0.015 0.224 0.622 0.019 0.122 0.611 0.468 0.446]
   156          222        0.0650269         reflect
  eval: e=0.0658  p=[0.156 0.734 0.024 0.222 0.621 0.016 0.122 0.606 0.452 0.445]
   157          223        0.0650269         reflect
  eval: e=0.0656  p=[0.149 0.710 0.026 0.226 0.609 0.024 0.127 0.598 0.533 0.461]
   158          224        0.0650269         reflect
  eval: e=1.4664  p=[0.159 0.774 0.000 0.208 0.658 0.002 0.116 0.628 0.474 0.450]
  eval: e=0.0677  p=[0.156 0.724 0.039 0.224 0.605 0.021 0.125 0.584 0.440 0.447]
   159          226        0.0650269         contract inside
  eval: e=2.2461  p=[0.159 0.775 0.000 0.208 0.661 0.001 0.118 0.614 0.474 0.448]
  eval: e=0.0672  p=[0.156 0.726 0.038 0.224 0.606 0.021 0.124 0.591 0.442 0.448]
   160          228        0.0650269         contract inside
  eval: e=0.0643  p=[0.157 0.746 0.011 0.212 0.622 0.011 0.118 0.634 0.476 0.457]
  eval: e=0.0630  p=[0.158 0.750 0.001 0.205 0.621 0.007 0.114 0.666 0.499 0.464]
   161          230        0.0630395         expand
  eval: e=0.0648  p=[0.157 0.762 0.003 0.218 0.638 0.008 0.118 0.636 0.441 0.444]
   162          231        0.0630395         reflect
  eval: e=0.0692  p=[0.148 0.701 0.025 0.228 0.602 0.026 0.127 0.626 0.537 0.459]
  eval: e=0.0669  p=[0.161 0.762 0.013 0.213 0.634 0.008 0.118 0.606 0.424 0.445]
   163          233        0.0630395         contract inside
  eval: e=0.9598  p=[0.158 0.767 0.000 0.210 0.647 0.004 0.116 0.647 0.480 0.453]
  eval: e=0.0664  p=[0.156 0.735 0.027 0.221 0.616 0.017 0.122 0.599 0.450 0.448]
   164          235        0.0630395         contract inside
  eval: e=1.2011  p=[0.157 0.767 0.000 0.210 0.648 0.003 0.117 0.641 0.480 0.452]
  eval: e=0.0662  p=[0.157 0.736 0.026 0.220 0.616 0.016 0.122 0.603 0.451 0.449]
   165          237        0.0630395         contract inside
  eval: e=0.0648  p=[0.153 0.738 0.010 0.221 0.622 0.016 0.122 0.632 0.494 0.450]
   166          238        0.0630395         reflect
  eval: e=0.0658  p=[0.151 0.723 0.014 0.223 0.615 0.019 0.124 0.631 0.516 0.455]
   167          239        0.0630395         reflect
  eval: e=0.0665  p=[0.154 0.724 0.022 0.227 0.609 0.019 0.121 0.630 0.489 0.459]
  eval: e=0.0653  p=[0.154 0.731 0.018 0.223 0.616 0.017 0.121 0.626 0.482 0.455]
   168          241        0.0630395         contract outside
  eval: e=0.0641  p=[0.153 0.743 0.001 0.218 0.629 0.012 0.120 0.648 0.507 0.456]
   169          242        0.0630395         reflect
  eval: e=0.1570  p=[0.153 0.743 0.000 0.219 0.631 0.012 0.120 0.652 0.517 0.456]
  eval: e=0.0653  p=[0.156 0.738 0.018 0.220 0.620 0.015 0.121 0.616 0.468 0.451]
   170          244        0.0630395         contract inside
  eval: e=0.0654  p=[0.160 0.759 0.009 0.215 0.633 0.008 0.117 0.621 0.443 0.449]
   171          245        0.0630395         reflect
  eval: e=0.2088  p=[0.155 0.753 0.000 0.215 0.630 0.010 0.118 0.650 0.505 0.461]
  eval: e=0.0651  p=[0.156 0.739 0.017 0.220 0.623 0.014 0.121 0.617 0.465 0.449]
   172          247        0.0630395         contract inside
  eval: e=0.6123  p=[0.163 0.783 0.000 0.209 0.645 0.000 0.112 0.661 0.410 0.442]
  eval: e=0.0650  p=[0.153 0.728 0.018 0.222 0.618 0.018 0.123 0.614 0.502 0.456]
   173          249        0.0630395         contract inside
  eval: e=0.0635  p=[0.158 0.749 0.004 0.211 0.632 0.005 0.117 0.649 0.482 0.459]
   174          250        0.0630395         reflect
  eval: e=0.0654  p=[0.152 0.729 0.009 0.219 0.619 0.015 0.122 0.644 0.515 0.457]
  eval: e=0.0647  p=[0.158 0.752 0.009 0.216 0.630 0.010 0.118 0.627 0.461 0.451]
   175          252        0.0630395         contract inside
  eval: e=0.1140  p=[0.158 0.761 0.000 0.210 0.640 0.005 0.117 0.640 0.471 0.451]
  eval: e=0.0647  p=[0.155 0.739 0.013 0.220 0.622 0.014 0.120 0.629 0.480 0.454]
   176          254        0.0630395         contract inside
  eval: e=0.1775  p=[0.157 0.755 0.000 0.213 0.636 0.006 0.117 0.653 0.488 0.456]
  eval: e=0.0647  p=[0.156 0.742 0.013 0.218 0.624 0.013 0.120 0.625 0.473 0.452]
   177          256        0.0630395         contract inside
  eval: e=0.1479  p=[0.156 0.755 0.000 0.212 0.633 0.007 0.117 0.653 0.493 0.459]
  eval: e=0.0647  p=[0.156 0.743 0.012 0.218 0.626 0.012 0.120 0.626 0.472 0.451]
   178          258        0.0630395         contract inside
  eval: e=0.0664  p=[0.151 0.726 0.017 0.221 0.608 0.020 0.120 0.646 0.513 0.457]
  eval: e=0.0644  p=[0.158 0.754 0.004 0.215 0.635 0.007 0.119 0.630 0.465 0.452]
   179          260        0.0630395         contract inside
  eval: e=0.1962  p=[0.160 0.766 0.000 0.210 0.638 0.003 0.115 0.660 0.452 0.450]
  eval: e=0.0645  p=[0.154 0.738 0.012 0.219 0.623 0.014 0.121 0.625 0.490 0.455]
   180          262        0.0630395         contract inside
  eval: e=0.0639  p=[0.154 0.728 0.012 0.215 0.614 0.014 0.120 0.635 0.524 0.465]
   181          263        0.0630395         reflect
  eval: e=0.0637  p=[0.159 0.749 0.007 0.209 0.629 0.006 0.115 0.640 0.476 0.462]
   182          264        0.0630395         reflect
  eval: e=0.0632  p=[0.157 0.747 0.002 0.211 0.628 0.007 0.117 0.650 0.498 0.462]
   183          265        0.0630395         reflect
  eval: e=0.0653  p=[0.158 0.752 0.000 0.208 0.632 0.005 0.116 0.650 0.495 0.461]
  eval: e=0.0642  p=[0.156 0.742 0.010 0.217 0.624 0.012 0.119 0.634 0.484 0.456]
   184          267        0.0630395         contract inside
  eval: e=0.0636  p=[0.155 0.737 0.004 0.212 0.622 0.010 0.118 0.654 0.519 0.465]
   185          268        0.0630395         reflect
  eval: e=0.0704  p=[0.157 0.745 0.000 0.208 0.626 0.006 0.116 0.660 0.517 0.468]
  eval: e=0.0641  p=[0.156 0.743 0.009 0.216 0.626 0.011 0.119 0.635 0.483 0.455]
   186          270        0.0630395         contract inside
  eval: e=0.0926  p=[0.158 0.751 0.000 0.207 0.629 0.004 0.114 0.663 0.498 0.464]
  eval: e=0.0641  p=[0.155 0.741 0.009 0.216 0.625 0.012 0.119 0.635 0.492 0.457]
   187          272        0.0630395         contract inside
  eval: e=0.0643  p=[0.155 0.732 0.007 0.211 0.615 0.011 0.117 0.659 0.528 0.468]
  eval: e=0.0637  p=[0.155 0.737 0.007 0.212 0.620 0.010 0.117 0.652 0.512 0.464]
   188          274        0.0630395         contract outside
  eval: e=0.0630  p=[0.156 0.743 0.001 0.208 0.625 0.007 0.116 0.658 0.515 0.466]
  eval: e=0.1704  p=[0.157 0.743 0.000 0.204 0.625 0.005 0.114 0.670 0.531 0.471]
   189          276        0.0630063         reflect
  eval: e=0.0630  p=[0.156 0.742 0.000 0.208 0.623 0.007 0.116 0.663 0.522 0.469]
   190          277        0.0630063         reflect
  eval: e=0.0629  p=[0.159 0.741 0.008 0.203 0.618 0.005 0.114 0.653 0.501 0.471]
  eval: e=0.0628  p=[0.162 0.741 0.012 0.195 0.613 0.001 0.111 0.655 0.497 0.479]
   191          279        0.0628075         expand
  eval: e=0.0624  p=[0.159 0.744 0.001 0.201 0.621 0.003 0.113 0.670 0.517 0.474]
  eval: e=0.1522  p=[0.161 0.745 0.000 0.194 0.619 0.000 0.109 0.687 0.530 0.482]
   192          281        0.0624183         reflect
  eval: e=0.2953  p=[0.161 0.760 0.000 0.200 0.633 0.000 0.110 0.676 0.484 0.467]
  eval: e=0.0634  p=[0.156 0.736 0.008 0.211 0.619 0.010 0.118 0.645 0.514 0.466]
   193          283        0.0624183         contract inside
  eval: e=0.0626  p=[0.160 0.750 0.001 0.202 0.627 0.002 0.113 0.658 0.496 0.469]
   194          284        0.0624183         reflect
  eval: e=0.0633  p=[0.156 0.738 0.000 0.203 0.617 0.006 0.115 0.674 0.536 0.472]
   195          285        0.0624183         reflect
  eval: e=0.0625  p=[0.161 0.751 0.002 0.199 0.623 0.001 0.112 0.664 0.497 0.471]
   196          286        0.0624183         reflect
  eval: e=0.0624  p=[0.159 0.739 0.002 0.198 0.612 0.005 0.112 0.672 0.536 0.480]
  eval: e=0.0626  p=[0.159 0.734 0.001 0.192 0.602 0.006 0.110 0.684 0.563 0.490]
   197          288        0.0623522         reflect
  eval: e=0.1805  p=[0.161 0.753 0.000 0.195 0.623 0.000 0.110 0.681 0.509 0.475]
  eval: e=0.0630  p=[0.157 0.740 0.005 0.207 0.620 0.007 0.116 0.654 0.513 0.468]
   198          290        0.0623522         contract inside
  eval: e=0.0633  p=[0.161 0.751 0.005 0.204 0.625 0.004 0.113 0.649 0.482 0.468]
  eval: e=0.0628  p=[0.157 0.741 0.002 0.203 0.619 0.005 0.114 0.667 0.522 0.471]
   199          292        0.0623522         contract inside
  eval: e=0.0621  p=[0.160 0.741 0.004 0.194 0.613 0.002 0.111 0.676 0.525 0.480]
  eval: e=0.0661  p=[0.162 0.739 0.004 0.186 0.605 0.000 0.108 0.688 0.538 0.489]
   200          294        0.0620698         reflect
  eval: e=0.0624  p=[0.162 0.746 0.006 0.195 0.615 0.001 0.111 0.666 0.502 0.476]
   201          295        0.0620698         reflect
  eval: e=0.0620  p=[0.161 0.737 0.007 0.196 0.616 0.000 0.112 0.662 0.525 0.482]
  eval: e=0.1588  p=[0.163 0.730 0.009 0.191 0.614 0.000 0.111 0.659 0.537 0.491]
   202          297        0.0619834         reflect
  eval: e=0.0904  p=[0.162 0.746 0.002 0.191 0.617 0.000 0.109 0.675 0.514 0.481]
  eval: e=0.0627  p=[0.158 0.742 0.004 0.203 0.619 0.005 0.114 0.660 0.513 0.471]
   203          299        0.0619834         contract inside
  eval: e=0.0933  p=[0.163 0.743 0.007 0.189 0.611 0.000 0.109 0.672 0.511 0.484]
  eval: e=0.0626  p=[0.158 0.743 0.003 0.203 0.621 0.005 0.114 0.662 0.514 0.471]
   204          301        0.0619834         contract inside
  eval: e=0.4054  p=[0.156 0.746 0.000 0.204 0.624 0.005 0.114 0.676 0.532 0.470]
  eval: e=0.0624  p=[0.161 0.742 0.008 0.197 0.616 0.002 0.112 0.661 0.506 0.476]
   205          303        0.0619834         contract inside
  eval: e=0.0623  p=[0.162 0.745 0.006 0.195 0.617 0.000 0.110 0.662 0.504 0.479]
   206          304        0.0619834         reflect
  eval: e=0.0664  p=[0.162 0.746 0.003 0.193 0.617 0.000 0.110 0.671 0.511 0.480]
  eval: e=0.0624  p=[0.159 0.743 0.004 0.201 0.619 0.004 0.113 0.662 0.512 0.473]
   207          306        0.0619834         contract inside
  eval: e=0.0621  p=[0.160 0.736 0.007 0.194 0.608 0.003 0.111 0.673 0.531 0.483]
   208          307        0.0619834         reflect
  eval: e=0.0642  p=[0.163 0.742 0.007 0.190 0.611 0.000 0.109 0.672 0.517 0.484]
  eval: e=0.0624  p=[0.159 0.743 0.004 0.200 0.619 0.004 0.113 0.664 0.515 0.474]
   209          309        0.0619834         contract inside
  eval: e=0.0622  p=[0.160 0.732 0.007 0.195 0.608 0.003 0.112 0.669 0.538 0.485]
   210          310        0.0619834         reflect
  eval: e=0.0619  p=[0.161 0.738 0.006 0.192 0.610 0.001 0.110 0.672 0.527 0.484]
  eval: e=0.0620  p=[0.162 0.736 0.007 0.188 0.606 0.000 0.109 0.678 0.534 0.489]
   211          312        0.0618585         reflect
  eval: e=0.0621  p=[0.160 0.738 0.002 0.195 0.612 0.003 0.111 0.677 0.538 0.483]
   212          313        0.0618585         reflect
  eval: e=0.0619  p=[0.162 0.736 0.009 0.189 0.605 0.001 0.110 0.669 0.531 0.487]
   213          314        0.0618585         reflect
  eval: e=0.0617  p=[0.162 0.735 0.007 0.188 0.605 0.001 0.109 0.675 0.536 0.490]
  eval: e=0.0691  p=[0.163 0.732 0.009 0.182 0.598 0.000 0.107 0.681 0.547 0.497]
   214          316        0.0616671         reflect
  eval: e=0.1179  p=[0.163 0.738 0.010 0.189 0.610 0.000 0.109 0.668 0.515 0.486]
  eval: e=0.0621  p=[0.160 0.739 0.004 0.196 0.611 0.004 0.111 0.671 0.531 0.481]
   215          318        0.0616671         contract inside
  eval: e=0.0622  p=[0.160 0.729 0.006 0.192 0.606 0.002 0.110 0.676 0.555 0.491]
   216          319        0.0616671         reflect
  eval: e=0.0631  p=[0.159 0.727 0.006 0.192 0.602 0.004 0.111 0.682 0.564 0.491]
  eval: e=0.0620  p=[0.161 0.741 0.006 0.194 0.613 0.001 0.110 0.667 0.519 0.482]
   217          321        0.0616671         contract inside
  eval: e=0.0617  p=[0.162 0.742 0.004 0.191 0.612 0.000 0.109 0.674 0.526 0.484]
   218          322        0.0616671         reflect
  eval: e=0.0623  p=[0.162 0.747 0.005 0.194 0.615 0.001 0.110 0.667 0.502 0.476]
  eval: e=0.0619  p=[0.160 0.734 0.006 0.192 0.608 0.002 0.110 0.674 0.542 0.487]
   219          324        0.0616671         contract inside
  eval: e=0.0617  p=[0.161 0.740 0.004 0.192 0.613 0.000 0.110 0.670 0.528 0.485]
   220          325        0.0616671         reflect
  eval: e=0.0776  p=[0.162 0.738 0.007 0.189 0.610 0.000 0.109 0.672 0.528 0.487]
  eval: e=0.0620  p=[0.160 0.739 0.005 0.194 0.611 0.002 0.111 0.671 0.530 0.483]
   221          327        0.0616671         contract inside
  eval: e=0.0617  p=[0.162 0.735 0.007 0.190 0.609 0.000 0.110 0.667 0.536 0.489]
   222          328        0.0616671         reflect
  eval: e=0.0697  p=[0.163 0.737 0.010 0.189 0.609 0.000 0.109 0.664 0.522 0.488]
  eval: e=0.0619  p=[0.161 0.738 0.004 0.193 0.611 0.002 0.110 0.673 0.534 0.484]
   223          330        0.0616671         contract inside
  eval: e=0.0617  p=[0.162 0.739 0.005 0.188 0.603 0.002 0.108 0.681 0.537 0.489]
   224          331        0.0616671         reflect
  eval: e=0.0617  p=[0.161 0.734 0.006 0.188 0.604 0.001 0.109 0.678 0.547 0.491]
   225          332        0.0616671         reflect
  eval: e=0.0618  p=[0.162 0.736 0.007 0.187 0.605 0.000 0.108 0.676 0.538 0.491]
   226          333        0.0616671         reflect
  eval: e=0.0622  p=[0.163 0.741 0.006 0.188 0.607 0.000 0.108 0.674 0.526 0.487]
  eval: e=0.0618  p=[0.161 0.736 0.006 0.191 0.608 0.001 0.110 0.674 0.538 0.487]
   227          335        0.0616671         contract inside
  eval: e=0.0619  p=[0.163 0.736 0.008 0.186 0.604 0.000 0.108 0.674 0.535 0.491]
  eval: e=0.0618  p=[0.161 0.738 0.005 0.192 0.609 0.001 0.110 0.674 0.534 0.486]
   228          337        0.0616671         contract inside
  eval: e=0.0616  p=[0.161 0.739 0.003 0.190 0.611 0.000 0.109 0.680 0.539 0.488]
  eval: e=0.0656  p=[0.161 0.740 0.000 0.191 0.613 0.000 0.109 0.685 0.543 0.488]
   229          339        0.0615908         reflect
  eval: e=0.0614  p=[0.162 0.736 0.005 0.187 0.606 0.000 0.108 0.677 0.545 0.492]
  eval: e=0.0613  p=[0.162 0.735 0.004 0.185 0.603 0.000 0.108 0.680 0.553 0.495]
   230          341        0.0612669         expand
  eval: e=0.0617  p=[0.161 0.739 0.003 0.192 0.610 0.002 0.110 0.675 0.536 0.485]
   231          342        0.0612669         reflect
  eval: e=0.0615  p=[0.162 0.739 0.004 0.188 0.608 0.000 0.108 0.677 0.536 0.489]
   232          343        0.0612669         reflect
  eval: e=0.0614  p=[0.162 0.738 0.005 0.187 0.606 0.000 0.108 0.678 0.541 0.491]
   233          344        0.0612669         reflect
  eval: e=0.0665  p=[0.163 0.737 0.006 0.186 0.605 0.000 0.108 0.677 0.539 0.493]
  eval: e=0.0616  p=[0.161 0.738 0.004 0.190 0.609 0.001 0.109 0.675 0.537 0.487]
   234          346        0.0612669         contract inside
  eval: e=0.0632  p=[0.162 0.742 0.004 0.190 0.612 0.000 0.109 0.673 0.527 0.487]
  eval: e=0.0616  p=[0.162 0.736 0.005 0.189 0.606 0.001 0.109 0.677 0.542 0.490]
   235          348        0.0612669         contract inside
  eval: e=0.0615  p=[0.162 0.733 0.006 0.186 0.603 0.001 0.108 0.678 0.551 0.495]
   236          349        0.0612669         reflect
  eval: e=0.0741  p=[0.162 0.735 0.005 0.190 0.611 0.000 0.110 0.670 0.543 0.491]
  eval: e=0.0616  p=[0.162 0.738 0.005 0.188 0.605 0.001 0.108 0.678 0.538 0.489]
   237          351        0.0612669         contract inside
  eval: e=0.0615  p=[0.162 0.733 0.006 0.185 0.600 0.001 0.107 0.683 0.554 0.496]
   238          352        0.0612669         reflect
  eval: e=0.0616  p=[0.162 0.738 0.002 0.185 0.602 0.001 0.107 0.689 0.550 0.493]
   239          353        0.0612669         reflect
  eval: e=0.0613  p=[0.162 0.738 0.001 0.187 0.606 0.001 0.108 0.684 0.552 0.493]
   240          354        0.0612669         reflect
  eval: e=0.0613  p=[0.163 0.735 0.004 0.184 0.601 0.000 0.107 0.685 0.554 0.496]
   241          355        0.0612669         reflect
  eval: e=0.0615  p=[0.162 0.735 0.006 0.189 0.607 0.000 0.109 0.670 0.542 0.492]
   242          356        0.0612669         reflect
  eval: e=0.0613  p=[0.163 0.736 0.004 0.185 0.604 0.000 0.107 0.681 0.551 0.495]
  eval: e=0.0637  p=[0.163 0.736 0.003 0.183 0.603 0.000 0.106 0.683 0.555 0.498]
   243          358        0.0612659         reflect
  eval: e=0.0651  p=[0.163 0.734 0.004 0.185 0.604 0.000 0.107 0.681 0.556 0.497]
  eval: e=0.0615  p=[0.162 0.737 0.005 0.187 0.605 0.001 0.108 0.679 0.543 0.491]
   244          360        0.0612659         contract inside
  eval: e=0.0612  p=[0.163 0.733 0.006 0.182 0.598 0.000 0.107 0.679 0.557 0.499]
  eval: e=0.0612  p=[0.164 0.730 0.008 0.178 0.592 0.001 0.105 0.679 0.566 0.504]
   245          362        0.0611697         expand
  eval: e=0.0621  p=[0.162 0.738 0.003 0.186 0.607 0.000 0.108 0.676 0.544 0.492]
  eval: e=0.0614  p=[0.162 0.734 0.005 0.185 0.602 0.001 0.107 0.681 0.551 0.495]
   246          364        0.0611697         contract inside
  eval: e=0.0626  p=[0.163 0.739 0.004 0.184 0.604 0.000 0.107 0.681 0.547 0.494]
  eval: e=0.0614  p=[0.162 0.734 0.005 0.186 0.603 0.001 0.108 0.679 0.550 0.494]
   247          366        0.0611697         contract inside
  eval: e=0.0616  p=[0.163 0.734 0.005 0.183 0.601 0.000 0.107 0.680 0.557 0.498]
  eval: e=0.0614  p=[0.162 0.736 0.005 0.186 0.604 0.000 0.108 0.679 0.546 0.493]
   248          368        0.0611697         contract inside
  eval: e=0.0613  p=[0.163 0.737 0.003 0.181 0.598 0.000 0.106 0.690 0.558 0.498]
   249          369        0.0611697         reflect
  eval: e=0.0613  p=[0.163 0.731 0.005 0.180 0.596 0.001 0.106 0.686 0.568 0.502]
   250          370        0.0611697         reflect
  eval: e=0.0613  p=[0.163 0.732 0.004 0.180 0.595 0.001 0.106 0.687 0.569 0.502]
   251          371        0.0611697         reflect
  eval: e=0.0611  p=[0.163 0.735 0.003 0.181 0.599 0.000 0.106 0.685 0.562 0.500]
  eval: e=0.0610  p=[0.163 0.735 0.002 0.179 0.598 0.000 0.106 0.687 0.568 0.502]
   252          373         0.061009         expand
  eval: e=0.0611  p=[0.163 0.735 0.003 0.179 0.596 0.000 0.105 0.689 0.567 0.502]
   253          374         0.061009         reflect
  eval: e=0.0611  p=[0.163 0.733 0.003 0.177 0.594 0.000 0.105 0.690 0.575 0.505]
   254          375         0.061009         reflect
  eval: e=0.0611  p=[0.163 0.733 0.004 0.179 0.595 0.001 0.105 0.686 0.571 0.503]
   255          376         0.061009         reflect
  eval: e=0.0611  p=[0.164 0.730 0.007 0.174 0.588 0.000 0.104 0.687 0.577 0.509]
   256          377         0.061009         reflect
  eval: e=0.0610  p=[0.164 0.729 0.006 0.178 0.594 0.000 0.106 0.680 0.575 0.506]
   257          378         0.061009         reflect
  eval: e=0.0626  p=[0.164 0.734 0.005 0.179 0.596 0.000 0.106 0.682 0.565 0.503]
  eval: e=0.0612  p=[0.163 0.732 0.005 0.180 0.596 0.001 0.106 0.686 0.568 0.502]
   258          380         0.061009         contract inside
  eval: e=0.0611  p=[0.164 0.734 0.004 0.178 0.596 0.000 0.105 0.683 0.566 0.503]
   259          381         0.061009         reflect
  eval: e=0.0610  p=[0.164 0.731 0.005 0.173 0.587 0.000 0.103 0.690 0.583 0.511]
  eval: e=0.0610  p=[0.165 0.728 0.005 0.167 0.579 0.001 0.101 0.696 0.598 0.519]
   260          383        0.0609756         reflect
  eval: e=0.0610  p=[0.165 0.728 0.006 0.170 0.583 0.001 0.103 0.690 0.593 0.515]
   261          384        0.0609756         reflect
  eval: e=0.0609  p=[0.164 0.731 0.005 0.173 0.589 0.000 0.104 0.687 0.580 0.510]
  eval: e=0.0616  p=[0.165 0.731 0.005 0.170 0.586 0.000 0.103 0.687 0.586 0.513]
   262          386        0.0608759         reflect
  eval: e=0.0617  p=[0.164 0.733 0.001 0.175 0.593 0.000 0.104 0.695 0.585 0.509]
  eval: e=0.0611  p=[0.164 0.731 0.006 0.177 0.592 0.000 0.105 0.683 0.571 0.505]
   263          388        0.0608759         contract inside
  eval: e=0.0610  p=[0.164 0.731 0.006 0.175 0.590 0.000 0.105 0.682 0.575 0.508]
   264          389        0.0608759         reflect
  eval: e=0.0611  p=[0.164 0.729 0.006 0.173 0.587 0.001 0.104 0.689 0.586 0.511]
  eval: e=0.0610  p=[0.164 0.733 0.005 0.177 0.594 0.000 0.105 0.685 0.571 0.505]
   265          391        0.0608759         contract inside
  eval: e=0.0609  p=[0.165 0.728 0.007 0.172 0.586 0.000 0.104 0.683 0.586 0.513]
   266          392        0.0608759         reflect
  eval: e=0.0609  p=[0.164 0.733 0.004 0.176 0.593 0.001 0.105 0.683 0.577 0.507]
   267          393        0.0608759         reflect
  eval: e=0.0608  p=[0.164 0.731 0.003 0.174 0.590 0.000 0.104 0.688 0.585 0.510]
  eval: e=0.0608  p=[0.164 0.731 0.002 0.172 0.589 0.000 0.103 0.690 0.592 0.513]
   268          395         0.060756         expand
  eval: e=0.0609  p=[0.165 0.729 0.006 0.170 0.585 0.000 0.103 0.686 0.589 0.515]
   269          396         0.060756         reflect
  eval: e=0.0613  p=[0.164 0.734 0.004 0.179 0.598 0.000 0.106 0.680 0.567 0.503]
  eval: e=0.0609  p=[0.164 0.730 0.005 0.172 0.587 0.000 0.104 0.688 0.586 0.512]
   270          398         0.060756         contract inside
  eval: e=0.0608  p=[0.165 0.733 0.003 0.170 0.586 0.000 0.103 0.692 0.587 0.513]
   271          399         0.060756         reflect
  eval: e=0.0609  p=[0.166 0.727 0.007 0.167 0.579 0.000 0.102 0.686 0.598 0.519]
   272          400         0.060756         reflect
  eval: e=0.0608  p=[0.165 0.730 0.005 0.172 0.588 0.000 0.104 0.682 0.585 0.512]
   273          401         0.060756         reflect
  eval: e=0.0608  p=[0.165 0.730 0.004 0.170 0.585 0.000 0.103 0.690 0.595 0.515]
   274          402         0.060756         reflect
  eval: e=0.0608  p=[0.166 0.727 0.005 0.166 0.580 0.000 0.102 0.688 0.604 0.521]
   275          403         0.060756         reflect
  eval: e=0.0608  p=[0.164 0.731 0.004 0.172 0.587 0.001 0.104 0.688 0.589 0.512]
   276          404         0.060756         reflect
  eval: e=0.0607  p=[0.165 0.730 0.004 0.170 0.586 0.000 0.103 0.686 0.592 0.515]
  eval: e=0.0607  p=[0.165 0.731 0.003 0.168 0.585 0.000 0.103 0.685 0.595 0.517]
   277          406        0.0606531         expand
  eval: e=0.0606  p=[0.165 0.733 0.001 0.169 0.587 0.000 0.103 0.691 0.595 0.515]
  eval: e=0.0846  p=[0.165 0.736 0.000 0.168 0.587 0.000 0.102 0.696 0.599 0.515]
   278          408        0.0606123         reflect
  eval: e=0.0608  p=[0.166 0.728 0.004 0.163 0.578 0.000 0.101 0.692 0.607 0.522]
   279          409        0.0606123         reflect
  eval: e=0.0606  p=[0.166 0.729 0.003 0.165 0.580 0.000 0.101 0.690 0.609 0.522]
   280          410        0.0606123         reflect
  eval: e=0.0610  p=[0.164 0.734 0.000 0.170 0.589 0.000 0.103 0.692 0.594 0.513]
  eval: e=0.0608  p=[0.165 0.728 0.005 0.168 0.582 0.000 0.102 0.687 0.597 0.518]
   281          412        0.0606123         contract inside
  eval: e=0.0607  p=[0.166 0.730 0.002 0.164 0.579 0.000 0.101 0.697 0.609 0.522]
   282          413        0.0606123         reflect
  eval: e=0.0610  p=[0.166 0.729 0.003 0.163 0.579 0.000 0.101 0.693 0.609 0.523]
  eval: e=0.0608  p=[0.165 0.730 0.004 0.170 0.585 0.000 0.103 0.689 0.594 0.515]
   283          415        0.0606123         contract inside
  eval: e=0.0607  p=[0.164 0.732 0.002 0.173 0.590 0.001 0.104 0.687 0.589 0.511]
   284          416        0.0606123         reflect
  eval: e=0.0606  p=[0.165 0.728 0.003 0.167 0.583 0.000 0.102 0.687 0.609 0.521]
   285          417        0.0606123         reflect
  eval: e=0.0606  p=[0.165 0.732 0.000 0.169 0.586 0.000 0.102 0.691 0.602 0.517]
  eval: e=0.1119  p=[0.164 0.733 0.000 0.169 0.589 0.000 0.103 0.694 0.604 0.516]
   286          419        0.0605963         reflect
  eval: e=0.0606  p=[0.165 0.731 0.001 0.167 0.584 0.001 0.102 0.689 0.605 0.519]
  eval: e=0.0605  p=[0.165 0.731 0.000 0.166 0.583 0.001 0.102 0.689 0.609 0.521]
   287          421        0.0604863         expand
  eval: e=0.0707  p=[0.164 0.734 0.000 0.170 0.589 0.000 0.103 0.691 0.597 0.514]
  eval: e=0.0607  p=[0.165 0.729 0.004 0.167 0.582 0.000 0.102 0.689 0.602 0.519]
   288          423        0.0604863         contract inside
  eval: e=0.0606  p=[0.166 0.730 0.002 0.163 0.579 0.001 0.101 0.689 0.610 0.523]
   289          424        0.0604863         reflect
  eval: e=0.0605  p=[0.166 0.730 0.001 0.165 0.582 0.000 0.101 0.690 0.612 0.522]
  eval: e=0.0659  p=[0.166 0.730 0.000 0.162 0.580 0.000 0.100 0.691 0.621 0.526]
   290          426        0.0604797         reflect
  eval: e=0.0607  p=[0.165 0.731 0.002 0.170 0.588 0.000 0.103 0.681 0.598 0.516]
   291          427        0.0604797         reflect
  eval: e=0.0605  p=[0.166 0.728 0.002 0.161 0.577 0.000 0.100 0.689 0.619 0.527]
   292          428        0.0604797         reflect
  eval: e=0.0605  p=[0.166 0.732 0.000 0.165 0.583 0.000 0.102 0.688 0.610 0.521]
  eval: e=0.0843  p=[0.166 0.733 0.000 0.165 0.584 0.000 0.101 0.687 0.613 0.522]
   293          430        0.0604544         reflect
  eval: e=0.0606  p=[0.166 0.730 0.001 0.162 0.577 0.000 0.100 0.697 0.617 0.525]
   294          431        0.0604544         reflect
  eval: e=0.0650  p=[0.166 0.730 0.000 0.162 0.578 0.001 0.100 0.696 0.623 0.526]
  eval: e=0.0606  p=[0.165 0.731 0.002 0.167 0.583 0.000 0.102 0.687 0.602 0.519]
   295          433        0.0604544         contract inside
  eval: e=0.0610  p=[0.165 0.732 0.000 0.166 0.584 0.000 0.102 0.690 0.608 0.520]
  eval: e=0.0606  p=[0.166 0.730 0.002 0.165 0.581 0.000 0.101 0.690 0.609 0.521]
   296          435        0.0604544         contract inside
  eval: e=0.0615  p=[0.166 0.734 0.000 0.163 0.581 0.000 0.101 0.694 0.608 0.521]
  eval: e=0.0606  p=[0.165 0.729 0.002 0.166 0.582 0.000 0.102 0.689 0.609 0.521]
   297          437        0.0604544         contract inside
  eval: e=0.0605  p=[0.166 0.727 0.001 0.160 0.576 0.001 0.100 0.689 0.625 0.529]
   298          438        0.0604544         reflect
  eval: e=0.0606  p=[0.165 0.730 0.002 0.168 0.585 0.001 0.103 0.682 0.605 0.519]
  eval: e=0.0605  p=[0.166 0.730 0.001 0.163 0.579 0.000 0.101 0.693 0.614 0.524]
   299          440        0.0604544         contract inside
  eval: e=0.0606  p=[0.167 0.728 0.003 0.159 0.575 0.001 0.100 0.687 0.622 0.529]
   300          441        0.0604544         reflect
  eval: e=0.0605  p=[0.166 0.730 0.001 0.162 0.579 0.001 0.101 0.688 0.618 0.526]
   301          442        0.0604544         reflect
  eval: e=0.0605  p=[0.167 0.730 0.001 0.160 0.577 0.001 0.100 0.689 0.620 0.527]
   302          443        0.0604544         reflect
  eval: e=0.0604  p=[0.167 0.729 0.000 0.158 0.575 0.001 0.099 0.691 0.630 0.531]
  eval: e=0.0736  p=[0.167 0.728 0.000 0.154 0.570 0.001 0.098 0.693 0.643 0.536]
   303          445        0.0604234         reflect
  eval: e=0.0617  p=[0.166 0.729 0.000 0.160 0.578 0.000 0.100 0.689 0.625 0.528]
  eval: e=0.0605  p=[0.166 0.730 0.002 0.163 0.579 0.001 0.101 0.689 0.614 0.524]
   304          447        0.0604234         contract inside
  eval: e=0.0674  p=[0.165 0.732 0.000 0.165 0.583 0.000 0.101 0.692 0.612 0.521]
  eval: e=0.0605  p=[0.166 0.729 0.002 0.161 0.577 0.001 0.100 0.688 0.620 0.527]
   305          449        0.0604234         contract inside
  eval: e=0.0605  p=[0.166 0.729 0.001 0.161 0.578 0.001 0.101 0.685 0.622 0.527]
   306          450        0.0604234         reflect
  eval: e=0.0604  p=[0.166 0.730 0.000 0.161 0.579 0.000 0.100 0.688 0.623 0.527]
  eval: e=0.0658  p=[0.166 0.730 0.000 0.160 0.579 0.000 0.100 0.687 0.627 0.529]
   307          452        0.0604136         reflect
  eval: e=0.0605  p=[0.166 0.730 0.001 0.163 0.579 0.000 0.101 0.693 0.615 0.524]
   308          453        0.0604136         reflect
  eval: e=0.0616  p=[0.166 0.731 0.000 0.163 0.581 0.000 0.101 0.691 0.616 0.524]
  eval: e=0.0605  p=[0.166 0.729 0.001 0.161 0.578 0.001 0.100 0.689 0.619 0.526]
   309          455        0.0604136         contract inside
  eval: e=0.0605  p=[0.166 0.730 0.001 0.161 0.578 0.001 0.101 0.685 0.621 0.527]
  eval: e=0.0605  p=[0.166 0.730 0.001 0.162 0.579 0.000 0.101 0.691 0.617 0.525]
   310          457        0.0604136         contract inside
  eval: e=0.0659  p=[0.166 0.731 0.000 0.163 0.581 0.001 0.101 0.689 0.617 0.524]
  eval: e=0.0605  p=[0.166 0.729 0.001 0.161 0.578 0.000 0.101 0.689 0.619 0.526]
   311          459        0.0604136         contract inside
  eval: e=0.0605  p=[0.166 0.733 0.000 0.164 0.582 0.000 0.101 0.690 0.610 0.522]
   312          460        0.0604136         reflect
  eval: e=0.0604  p=[0.167 0.729 0.001 0.159 0.576 0.000 0.100 0.690 0.626 0.530]
   313          461        0.0604136         reflect
  eval: e=0.0605  p=[0.167 0.730 0.001 0.159 0.576 0.001 0.100 0.688 0.626 0.530]
   314          462        0.0604136         reflect
  eval: e=0.0607  p=[0.166 0.731 0.000 0.161 0.579 0.000 0.100 0.690 0.620 0.526]
  eval: e=0.0605  p=[0.166 0.730 0.001 0.161 0.578 0.000 0.100 0.689 0.619 0.526]
   315          464        0.0604136         contract inside
  eval: e=0.0616  p=[0.166 0.731 0.000 0.161 0.579 0.001 0.100 0.689 0.621 0.527]
  eval: e=0.0605  p=[0.166 0.730 0.001 0.161 0.578 0.000 0.100 0.689 0.619 0.526]
   316          466        0.0604136         contract inside
  eval: e=0.0605  p=[0.167 0.727 0.001 0.158 0.574 0.001 0.099 0.689 0.631 0.532]
  eval: e=0.0604  p=[0.166 0.731 0.000 0.163 0.580 0.000 0.101 0.690 0.615 0.524]
   317          468        0.0604136         contract inside
  eval: e=0.0605  p=[0.167 0.730 0.000 0.160 0.577 0.001 0.100 0.687 0.624 0.529]
  eval: e=0.0604  p=[0.167 0.730 0.000 0.160 0.578 0.001 0.100 0.688 0.622 0.528]
   318          470        0.0604136         contract outside
  eval: e=0.0604  p=[0.167 0.730 0.000 0.160 0.577 0.000 0.100 0.690 0.624 0.528]
  eval: e=0.0618  p=[0.167 0.730 0.000 0.158 0.576 0.000 0.100 0.691 0.627 0.530]
   319          472        0.0604107         reflect
  eval: e=0.0604  p=[0.166 0.730 0.000 0.163 0.580 0.000 0.101 0.690 0.616 0.524]
   320          473        0.0604107         reflect
  eval: e=0.0606  p=[0.166 0.730 0.000 0.161 0.578 0.000 0.100 0.689 0.621 0.527]
  eval: e=0.0604  p=[0.166 0.730 0.001 0.161 0.578 0.000 0.100 0.689 0.620 0.526]
   321          475        0.0604107         contract inside
  eval: e=0.0604  p=[0.166 0.730 0.000 0.162 0.580 0.000 0.101 0.689 0.621 0.526]
  eval: e=0.0618  p=[0.166 0.730 0.000 0.163 0.581 0.000 0.101 0.689 0.622 0.526]
   322          477        0.0604051         reflect
  eval: e=0.0604  p=[0.167 0.728 0.001 0.156 0.572 0.001 0.099 0.691 0.633 0.533]
   323          478        0.0604051         reflect
  eval: e=0.0611  p=[0.167 0.730 0.000 0.159 0.577 0.001 0.100 0.690 0.627 0.529]
  eval: e=0.0604  p=[0.166 0.730 0.001 0.161 0.578 0.000 0.100 0.689 0.621 0.527]
   324          480        0.0604051         contract inside
  eval: e=0.0604  p=[0.166 0.729 0.000 0.160 0.577 0.000 0.100 0.691 0.623 0.528]
   325          481        0.0604051         reflect
  eval: e=0.0604  p=[0.167 0.729 0.000 0.159 0.577 0.000 0.100 0.691 0.627 0.529]
   326          482        0.0604051         reflect
  eval: e=0.0604  p=[0.167 0.729 0.000 0.157 0.573 0.000 0.099 0.690 0.633 0.533]
   327          483        0.0604051         reflect
  eval: e=0.0607  p=[0.167 0.729 0.000 0.158 0.575 0.000 0.099 0.691 0.630 0.531]
  eval: e=0.0604  p=[0.166 0.730 0.000 0.160 0.577 0.000 0.100 0.690 0.623 0.528]
   328          485        0.0604051         contract inside
  eval: e=0.0604  p=[0.167 0.727 0.000 0.156 0.572 0.000 0.099 0.691 0.637 0.534]
   329          486        0.0604051         reflect
  eval: e=0.0606  p=[0.166 0.730 0.000 0.162 0.580 0.000 0.101 0.689 0.620 0.526]
  eval: e=0.0604  p=[0.167 0.729 0.000 0.158 0.574 0.000 0.099 0.691 0.630 0.531]
   330          488        0.0604051         contract inside
  eval: e=0.0628  p=[0.166 0.729 0.000 0.160 0.577 0.001 0.100 0.690 0.629 0.529]
  eval: e=0.0604  p=[0.167 0.729 0.000 0.159 0.576 0.000 0.100 0.690 0.626 0.530]
   331          490        0.0604051         contract inside
  eval: e=0.0604  p=[0.167 0.729 0.000 0.160 0.578 0.000 0.100 0.689 0.624 0.528]
  eval: e=0.0610  p=[0.166 0.729 0.001 0.161 0.579 0.000 0.101 0.688 0.621 0.527]
   332          492        0.0603977         reflect
  eval: e=0.0604  p=[0.167 0.729 0.000 0.158 0.575 0.000 0.100 0.688 0.630 0.531]
  eval: e=0.0604  p=[0.166 0.729 0.000 0.160 0.577 0.000 0.100 0.690 0.625 0.529]
   333          494        0.0603977         contract inside
  eval: e=0.0604  p=[0.167 0.729 0.000 0.158 0.575 0.000 0.100 0.690 0.631 0.531]
  eval: e=0.0610  p=[0.167 0.728 0.000 0.157 0.574 0.000 0.099 0.690 0.635 0.533]
   334          496        0.0603946         reflect
  eval: e=0.0604  p=[0.166 0.730 0.000 0.161 0.578 0.000 0.100 0.689 0.624 0.528]
  eval: e=0.0604  p=[0.167 0.729 0.000 0.158 0.575 0.000 0.100 0.690 0.629 0.530]
   335          498        0.0603946         contract inside
  eval: e=0.0609  p=[0.167 0.729 0.000 0.159 0.577 0.000 0.100 0.690 0.628 0.530]
  eval: e=0.0604  p=[0.167 0.729 0.000 0.159 0.576 0.000 0.100 0.690 0.627 0.530]
   336          500        0.0603946         contract inside
  eval: e=0.0604  p=[0.166 0.731 0.000 0.163 0.581 0.000 0.101 0.689 0.615 0.524]
  eval: e=0.0604  p=[0.167 0.728 0.000 0.158 0.575 0.000 0.099 0.690 0.632 0.532]
   337          502        0.0603946         contract inside
  eval: e=0.0604  p=[0.166 0.730 0.000 0.162 0.580 0.000 0.101 0.689 0.619 0.526]
   338          503        0.0603946         reflect
  eval: e=0.0604  p=[0.167 0.729 0.000 0.158 0.575 0.000 0.099 0.692 0.629 0.530]
   339          504        0.0603946         reflect
  eval: e=0.0604  p=[0.167 0.728 0.000 0.160 0.577 0.000 0.100 0.690 0.629 0.530]
   340          505        0.0603946         reflect
  eval: e=0.0604  p=[0.167 0.729 0.000 0.159 0.577 0.000 0.100 0.689 0.628 0.530]
  eval: e=0.0604  p=[0.167 0.729 0.000 0.159 0.577 0.000 0.100 0.689 0.630 0.531]
   341          507        0.0603794         expand
  eval: e=0.0604  p=[0.166 0.729 0.000 0.161 0.578 0.000 0.100 0.690 0.625 0.528]
   342          508        0.0603794         reflect
  eval: e=0.0604  p=[0.167 0.728 0.000 0.156 0.573 0.000 0.099 0.690 0.635 0.533]
   343          509        0.0603794         reflect
  eval: e=0.0604  p=[0.167 0.728 0.000 0.159 0.577 0.000 0.100 0.690 0.630 0.530]
  eval: e=0.0604  p=[0.167 0.729 0.000 0.159 0.576 0.000 0.100 0.690 0.628 0.530]
   344          511        0.0603794         contract inside
  eval: e=0.0604  p=[0.167 0.728 0.000 0.159 0.576 0.000 0.100 0.689 0.630 0.531]
   345          512        0.0603794         reflect
  eval: e=0.0604  p=[0.166 0.729 0.000 0.161 0.578 0.000 0.100 0.689 0.624 0.528]
   346          513        0.0603794         reflect
  eval: e=0.0604  p=[0.167 0.728 0.000 0.156 0.573 0.000 0.099 0.690 0.636 0.534]
   347          514        0.0603794         reflect
  eval: e=0.0604  p=[0.167 0.729 0.000 0.158 0.575 0.000 0.100 0.689 0.630 0.531]
   348          515        0.0603794         reflect
  eval: e=0.0604  p=[0.167 0.728 0.000 0.158 0.576 0.000 0.100 0.690 0.631 0.531]
   349          516        0.0603794         reflect
  eval: e=0.0604  p=[0.167 0.728 0.000 0.159 0.577 0.000 0.100 0.688 0.630 0.531]
   350          517        0.0603794         reflect
  eval: e=0.0605  p=[0.167 0.728 0.000 0.157 0.574 0.000 0.099 0.690 0.636 0.534]
  eval: e=0.0604  p=[0.167 0.729 0.000 0.159 0.577 0.000 0.100 0.689 0.627 0.530]
   351          519        0.0603794         contract inside
  eval: e=0.0604  p=[0.166 0.729 0.000 0.161 0.579 0.000 0.100 0.688 0.623 0.528]
  eval: e=0.0604  p=[0.167 0.728 0.000 0.157 0.575 0.000 0.099 0.690 0.632 0.532]
   352          521        0.0603794         contract inside
  eval: e=0.0608  p=[0.167 0.728 0.000 0.159 0.577 0.000 0.100 0.689 0.628 0.530]
  eval: e=0.0604  p=[0.167 0.729 0.000 0.158 0.576 0.000 0.100 0.690 0.630 0.531]
   353          523        0.0603794         contract inside
  eval: e=0.0604  p=[0.167 0.728 0.000 0.160 0.577 0.000 0.100 0.689 0.629 0.530]
   354          524        0.0603794         reflect
  eval: e=0.0604  p=[0.167 0.729 0.000 0.159 0.577 0.000 0.100 0.690 0.629 0.530]
  eval: e=0.0604  p=[0.167 0.728 0.000 0.159 0.576 0.000 0.100 0.689 0.630 0.531]
   355          526        0.0603794         contract inside
  eval: e=0.0604  p=[0.167 0.728 0.000 0.158 0.576 0.000 0.100 0.689 0.633 0.532]
  eval: e=0.0605  p=[0.167 0.727 0.000 0.158 0.575 0.000 0.099 0.690 0.635 0.533]
   356          528        0.0603716         reflect
  eval: e=0.0604  p=[0.167 0.728 0.000 0.159 0.577 0.000 0.100 0.689 0.629 0.530]
  eval: e=0.0604  p=[0.167 0.728 0.000 0.158 0.576 0.000 0.100 0.689 0.631 0.531]
   357          530        0.0603716         contract inside
  eval: e=0.0604  p=[0.166 0.728 0.000 0.160 0.578 0.000 0.100 0.689 0.627 0.529]
   358          531        0.0603716         reflect
  eval: e=0.0604  p=[0.167 0.728 0.000 0.159 0.577 0.000 0.100 0.689 0.629 0.530]
  eval: e=0.0605  p=[0.167 0.729 0.000 0.159 0.577 0.000 0.100 0.689 0.629 0.530]
   359          533        0.0603703         reflect
  eval: e=0.0605  p=[0.167 0.728 0.000 0.160 0.578 0.000 0.100 0.689 0.629 0.530]
  eval: e=0.0604  p=[0.167 0.728 0.000 0.159 0.576 0.000 0.100 0.689 0.630 0.531]
   360          535        0.0603703         contract inside
  eval: e=0.0607  p=[0.166 0.729 0.000 0.163 0.581 0.000 0.101 0.688 0.622 0.526]
  eval: e=0.0604  p=[0.167 0.728 0.000 0.158 0.575 0.000 0.099 0.690 0.632 0.532]
   361          537        0.0603703         contract inside
  eval: e=0.0604  p=[0.166 0.728 0.000 0.160 0.577 0.000 0.100 0.691 0.628 0.529]
  eval: e=0.0604  p=[0.167 0.728 0.000 0.159 0.577 0.000 0.100 0.688 0.630 0.531]
   362          539        0.0603703         contract inside
  eval: e=0.0604  p=[0.167 0.728 0.000 0.157 0.575 0.000 0.099 0.689 0.634 0.533]
  eval: e=0.0604  p=[0.167 0.729 0.000 0.160 0.577 0.000 0.100 0.689 0.627 0.529]
   363          541        0.0603703         contract inside
  eval: e=0.0604  p=[0.167 0.728 0.000 0.158 0.575 0.000 0.099 0.690 0.632 0.532]
   364          542        0.0603703         reflect
  eval: e=0.0604  p=[0.167 0.729 0.000 0.158 0.576 0.000 0.100 0.689 0.630 0.531]
  eval: e=0.0604  p=[0.167 0.728 0.000 0.159 0.577 0.000 0.100 0.689 0.630 0.530]
   365          544        0.0603703         contract inside
  eval: e=0.0604  p=[0.167 0.729 0.000 0.160 0.578 0.000 0.100 0.689 0.627 0.529]
  eval: e=0.0604  p=[0.167 0.728 0.000 0.159 0.577 0.000 0.100 0.689 0.628 0.530]
   366          546        0.0603703         contract outside
  eval: e=0.0604  p=[0.167 0.727 0.000 0.157 0.574 0.000 0.099 0.689 0.635 0.533]
   367          547        0.0603703         reflect
  eval: e=0.0604  p=[0.167 0.728 0.000 0.159 0.576 0.000 0.100 0.689 0.631 0.531]
  eval: e=0.0604  p=[0.167 0.728 0.000 0.159 0.576 0.000 0.100 0.689 0.632 0.531]
   368          549        0.0603698         reflect
  eval: e=0.0604  p=[0.167 0.728 0.000 0.158 0.576 0.000 0.100 0.690 0.631 0.531]
  eval: e=0.0604  p=[0.167 0.728 0.000 0.159 0.576 0.000 0.100 0.689 0.630 0.531]
   369          551        0.0603698         contract inside
  eval: e=0.0604  p=[0.167 0.728 0.000 0.157 0.575 0.000 0.099 0.689 0.635 0.533]
   370          552        0.0603698         reflect
  eval: e=0.0604  p=[0.167 0.728 0.000 0.159 0.577 0.000 0.100 0.688 0.630 0.530]
  eval: e=0.0604  p=[0.167 0.728 0.000 0.158 0.576 0.000 0.100 0.689 0.632 0.532]
   371          554        0.0603698         contract inside
  eval: e=0.0604  p=[0.167 0.728 0.000 0.158 0.575 0.000 0.099 0.689 0.633 0.532]
   372          555        0.0603698         reflect
  eval: e=0.0604  p=[0.167 0.729 0.000 0.160 0.578 0.000 0.100 0.689 0.627 0.529]
  eval: e=0.0604  p=[0.167 0.728 0.000 0.158 0.575 0.000 0.100 0.689 0.633 0.532]
   373          557        0.0603698         contract inside
  eval: e=0.0604  p=[0.167 0.728 0.000 0.158 0.575 0.000 0.099 0.690 0.633 0.532]
   374          558        0.0603698         reflect
  eval: e=0.0604  p=[0.167 0.728 0.000 0.158 0.575 0.000 0.099 0.689 0.633 0.532]
   375          559        0.0603698         reflect
  eval: e=0.0604  p=[0.167 0.728 0.000 0.158 0.576 0.000 0.100 0.689 0.632 0.532]
  eval: e=0.0604  p=[0.167 0.728 0.000 0.158 0.576 0.000 0.100 0.689 0.632 0.532]
   376          561        0.0603698         contract inside
  eval: e=0.0604  p=[0.167 0.728 0.000 0.158 0.576 0.000 0.100 0.689 0.633 0.532]
   377          562        0.0603698         reflect
  eval: e=0.0604  p=[0.167 0.728 0.000 0.159 0.576 0.000 0.100 0.689 0.631 0.531]
  eval: e=0.0604  p=[0.167 0.728 0.000 0.158 0.576 0.000 0.100 0.689 0.633 0.532]
   378          564        0.0603698         contract inside
  eval: e=0.0604  p=[0.167 0.727 0.000 0.157 0.574 0.000 0.099 0.690 0.637 0.534]
  eval: e=0.0604  p=[0.167 0.727 0.000 0.155 0.572 0.000 0.099 0.690 0.641 0.536]
   379          566        0.0603698         reflect
  eval: e=0.0604  p=[0.167 0.728 0.000 0.158 0.576 0.000 0.100 0.690 0.633 0.532]
   380          567        0.0603698         reflect
  eval: e=0.0604  p=[0.167 0.728 0.000 0.158 0.575 0.000 0.099 0.689 0.634 0.532]
  eval: e=0.0604  p=[0.167 0.727 0.000 0.157 0.575 0.000 0.099 0.689 0.635 0.533]
   381          569         0.060369         reflect
  eval: e=0.0604  p=[0.167 0.728 0.000 0.159 0.576 0.000 0.100 0.690 0.631 0.531]
  eval: e=0.0604  p=[0.167 0.728 0.000 0.158 0.575 0.000 0.099 0.689 0.634 0.532]
   382          571         0.060369         contract inside
  eval: e=0.0604  p=[0.167 0.728 0.000 0.158 0.576 0.000 0.100 0.689 0.633 0.532]
  eval: e=0.0604  p=[0.167 0.728 0.000 0.158 0.575 0.000 0.100 0.689 0.633 0.532]
   383          573        0.0603682         contract inside
  eval: e=0.0604  p=[0.167 0.728 0.000 0.158 0.575 0.000 0.099 0.689 0.633 0.532]
  eval: e=0.0604  p=[0.167 0.728 0.000 0.158 0.576 0.000 0.100 0.690 0.633 0.532]
   384          575        0.0603682         contract inside
  eval: e=0.0604  p=[0.167 0.728 0.000 0.158 0.575 0.000 0.100 0.690 0.633 0.532]
  eval: e=0.0604  p=[0.167 0.728 0.000 0.158 0.575 0.000 0.100 0.690 0.634 0.532]
   385          577        0.0603657         reflect
  eval: e=0.0604  p=[0.167 0.728 0.000 0.158 0.575 0.000 0.099 0.689 0.634 0.532]
  eval: e=0.0604  p=[0.167 0.727 0.000 0.157 0.575 0.000 0.099 0.689 0.634 0.533]
   386          579        0.0603645         reflect
  eval: e=0.0604  p=[0.167 0.728 0.000 0.158 0.576 0.000 0.100 0.689 0.633 0.532]
   387          580        0.0603645         reflect
  eval: e=0.0604  p=[0.167 0.728 0.000 0.158 0.576 0.000 0.100 0.689 0.632 0.532]
  eval: e=0.0604  p=[0.167 0.728 0.000 0.158 0.575 0.000 0.100 0.689 0.633 0.532]
   388          582        0.0603645         contract inside
  eval: e=0.0604  p=[0.167 0.728 0.000 0.158 0.576 0.000 0.100 0.690 0.633 0.532]
   389          583        0.0603645         reflect
  eval: e=0.0604  p=[0.167 0.727 0.000 0.156 0.574 0.000 0.099 0.689 0.638 0.534]
  eval: e=0.0604  p=[0.167 0.728 0.000 0.158 0.576 0.000 0.100 0.689 0.631 0.531]
   390          585        0.0603645         contract inside
  eval: e=0.0604  p=[0.167 0.728 0.000 0.158 0.575 0.000 0.099 0.689 0.634 0.532]
   391          586        0.0603645         reflect
  eval: e=0.0604  p=[0.167 0.727 0.000 0.157 0.574 0.000 0.099 0.690 0.636 0.533]
  eval: e=0.0604  p=[0.167 0.728 0.000 0.158 0.576 0.000 0.100 0.689 0.632 0.532]
   392          588        0.0603645         contract inside
  eval: e=0.0604  p=[0.167 0.728 0.000 0.159 0.577 0.000 0.100 0.689 0.629 0.530]
  eval: e=0.0604  p=[0.167 0.728 0.000 0.157 0.575 0.000 0.099 0.689 0.635 0.533]
   393          590        0.0603645         contract inside
  eval: e=0.0604  p=[0.167 0.728 0.000 0.158 0.576 0.000 0.100 0.689 0.632 0.532]
  eval: e=0.0604  p=[0.167 0.728 0.000 0.158 0.576 0.000 0.100 0.689 0.633 0.532]
   394          592        0.0603645         contract outside
  eval: e=0.0604  p=[0.167 0.728 0.000 0.158 0.576 0.000 0.100 0.689 0.633 0.532]
   395          593        0.0603645         reflect
  eval: e=0.0604  p=[0.167 0.728 0.000 0.158 0.576 0.000 0.100 0.689 0.633 0.532]
  eval: e=0.0604  p=[0.167 0.728 0.000 0.158 0.576 0.000 0.100 0.689 0.633 0.532]
   396          595        0.0603645         contract inside
  eval: e=0.0604  p=[0.167 0.728 0.000 0.158 0.576 0.000 0.100 0.689 0.633 0.532]
   397          596        0.0603645         reflect
  eval: e=0.0604  p=[0.167 0.728 0.000 0.158 0.575 0.000 0.099 0.689 0.634 0.533]
   398          597        0.0603645         reflect
  eval: e=0.0604  p=[0.167 0.728 0.000 0.159 0.576 0.000 0.100 0.689 0.631 0.531]
  eval: e=0.0604  p=[0.167 0.728 0.000 0.158 0.575 0.000 0.099 0.689 0.634 0.533]
   399          599        0.0603645         contract inside
  eval: e=0.0604  p=[0.167 0.727 0.000 0.157 0.575 0.000 0.099 0.689 0.635 0.533]
  eval: e=0.0604  p=[0.167 0.728 0.000 0.158 0.576 0.000 0.100 0.689 0.632 0.532]
   400          601        0.0603645         contract inside
  eval: e=0.0604  p=[0.167 0.728 0.000 0.158 0.576 0.000 0.100 0.689 0.633 0.532]
   401          602        0.0603645         reflect
  eval: e=0.0604  p=[0.167 0.728 0.000 0.158 0.576 0.000 0.100 0.689 0.634 0.532]
  eval: e=0.0604  p=[0.167 0.728 0.000 0.158 0.576 0.000 0.100 0.689 0.633 0.532]
   402          604        0.0603645         contract inside
  eval: e=0.0604  p=[0.167 0.728 0.000 0.158 0.576 0.000 0.100 0.689 0.633 0.532]
  eval: e=0.0604  p=[0.167 0.728 0.000 0.158 0.576 0.000 0.100 0.689 0.633 0.532]
   403          606        0.0603645         contract inside
  eval: e=0.0604  p=[0.167 0.728 0.000 0.158 0.576 0.000 0.100 0.689 0.632 0.532]
  eval: e=0.0604  p=[0.167 0.728 0.000 0.158 0.575 0.000 0.100 0.689 0.633 0.532]
   404          608        0.0603642         contract inside
  eval: e=0.0604  p=[0.167 0.728 0.000 0.158 0.575 0.000 0.099 0.689 0.634 0.532]
  eval: e=0.0604  p=[0.167 0.728 0.000 0.158 0.576 0.000 0.100 0.689 0.633 0.532]
   405          610        0.0603642         contract inside
  eval: e=0.0604  p=[0.167 0.728 0.000 0.158 0.576 0.000 0.100 0.689 0.632 0.532]
   406          611        0.0603642         reflect
  eval: e=0.0604  p=[0.167 0.728 0.000 0.158 0.576 0.000 0.100 0.689 0.633 0.532]
   407          612        0.0603642         reflect
  eval: e=0.0604  p=[0.167 0.728 0.000 0.158 0.576 0.000 0.100 0.689 0.634 0.532]
  eval: e=0.0604  p=[0.167 0.728 0.000 0.158 0.576 0.000 0.100 0.689 0.633 0.532]
   408          614        0.0603642         contract outside
  eval: e=0.0604  p=[0.167 0.728 0.000 0.158 0.576 0.000 0.100 0.689 0.633 0.532]
   409          615        0.0603642         reflect
  eval: e=0.0604  p=[0.167 0.728 0.000 0.158 0.576 0.000 0.100 0.689 0.633 0.532]
  eval: e=0.0604  p=[0.167 0.728 0.000 0.158 0.576 0.000 0.100 0.689 0.633 0.532]
   410          617        0.0603638         reflect
  eval: e=0.0604  p=[0.167 0.728 0.000 0.158 0.576 0.000 0.100 0.689 0.633 0.532]
  eval: e=0.0604  p=[0.167 0.728 0.000 0.158 0.576 0.000 0.100 0.689 0.633 0.532]
   411          619        0.0603638         contract inside
  eval: e=0.0604  p=[0.167 0.728 0.000 0.158 0.576 0.000 0.100 0.689 0.633 0.532]
  eval: e=0.0604  p=[0.167 0.728 0.000 0.158 0.576 0.000 0.100 0.689 0.633 0.532]
   412          621        0.0603638         contract inside
  eval: e=0.0604  p=[0.167 0.728 0.000 0.158 0.576 0.000 0.100 0.689 0.633 0.532]
   413          622        0.0603638         reflect
  eval: e=0.0604  p=[0.167 0.728 0.000 0.158 0.576 0.000 0.100 0.689 0.633 0.532]
   414          623        0.0603638         reflect
  eval: e=0.0604  p=[0.167 0.728 0.000 0.158 0.575 0.000 0.099 0.690 0.633 0.532]
   415          624        0.0603638         reflect
  eval: e=0.0604  p=[0.167 0.727 0.000 0.157 0.575 0.000 0.099 0.689 0.635 0.533]
   416          625        0.0603638         reflect
  eval: e=0.0604  p=[0.167 0.728 0.000 0.158 0.575 0.000 0.099 0.690 0.633 0.532]
  eval: e=0.0604  p=[0.167 0.728 0.000 0.158 0.576 0.000 0.100 0.689 0.633 0.532]
   417          627        0.0603638         contract inside
  eval: e=0.0604  p=[0.167 0.728 0.000 0.158 0.575 0.000 0.099 0.689 0.634 0.532]
  eval: e=0.0604  p=[0.167 0.728 0.000 0.158 0.575 0.000 0.100 0.689 0.634 0.532]
   418          629        0.0603637         contract outside
  eval: e=0.0604  p=[0.167 0.728 0.000 0.158 0.575 0.000 0.099 0.689 0.634 0.532]
  eval: e=0.0604  p=[0.167 0.728 0.000 0.158 0.575 0.000 0.099 0.689 0.634 0.533]
   419          631        0.0603627         expand
  eval: e=0.0604  p=[0.167 0.728 0.000 0.158 0.575 0.000 0.099 0.689 0.634 0.532]
   420          632        0.0603627         reflect
  eval: e=0.0604  p=[0.167 0.728 0.000 0.158 0.576 0.000 0.100 0.689 0.634 0.532]
  eval: e=0.0604  p=[0.167 0.728 0.000 0.158 0.575 0.000 0.099 0.689 0.634 0.532]
   421          634        0.0603627         contract inside
  eval: e=0.0604  p=[0.167 0.728 0.000 0.157 0.575 0.000 0.099 0.689 0.634 0.533]
   422          635        0.0603627         reflect
  eval: e=0.0604  p=[0.167 0.727 0.000 0.158 0.575 0.000 0.099 0.689 0.634 0.533]
   423          636        0.0603627         reflect
  eval: e=0.0604  p=[0.167 0.728 0.000 0.158 0.576 0.000 0.100 0.689 0.633 0.532]
   424          637        0.0603627         reflect
  eval: e=0.0604  p=[0.167 0.728 0.000 0.158 0.575 0.000 0.099 0.690 0.634 0.533]
   425          638        0.0603627         reflect
  eval: e=0.0604  p=[0.167 0.728 0.000 0.158 0.575 0.000 0.099 0.690 0.634 0.533]
  eval: e=0.0604  p=[0.167 0.728 0.000 0.157 0.575 0.000 0.099 0.690 0.634 0.533]
   426          640        0.0603622         expand
  eval: e=0.0604  p=[0.167 0.727 0.000 0.158 0.575 0.000 0.099 0.689 0.634 0.533]
   427          641        0.0603622         reflect
  eval: e=0.0604  p=[0.167 0.728 0.000 0.158 0.575 0.000 0.099 0.689 0.634 0.533]
   428          642        0.0603622         reflect
  eval: e=0.0604  p=[0.167 0.727 0.000 0.157 0.575 0.000 0.099 0.689 0.635 0.533]
  eval: e=0.0604  p=[0.167 0.727 0.000 0.157 0.575 0.000 0.099 0.690 0.635 0.533]
   429          644        0.0603614         expand
  eval: e=0.0604  p=[0.167 0.727 0.000 0.157 0.575 0.000 0.099 0.689 0.634 0.533]
  eval: e=0.0604  p=[0.167 0.727 0.000 0.157 0.575 0.000 0.099 0.689 0.635 0.533]
   430          646        0.0603603         expand
  eval: e=0.0604  p=[0.167 0.727 0.000 0.157 0.575 0.000 0.099 0.689 0.634 0.533]
   431          647        0.0603603         reflect
  eval: e=0.0604  p=[0.167 0.727 0.000 0.157 0.575 0.000 0.099 0.689 0.635 0.533]
   432          648        0.0603603         reflect
  eval: e=0.0604  p=[0.167 0.727 0.000 0.157 0.575 0.000 0.099 0.689 0.634 0.533]
  eval: e=0.0604  p=[0.167 0.727 0.000 0.158 0.575 0.000 0.099 0.689 0.634 0.533]
   433          650        0.0603597         expand
  eval: e=0.0604  p=[0.167 0.727 0.000 0.157 0.574 0.000 0.099 0.689 0.636 0.534]
   434          651        0.0603597         reflect
  eval: e=0.0604  p=[0.167 0.727 0.000 0.157 0.575 0.000 0.099 0.689 0.635 0.533]
   435          652        0.0603597         reflect
  eval: e=0.0604  p=[0.167 0.727 0.000 0.157 0.575 0.000 0.099 0.689 0.635 0.534]
  eval: e=0.0604  p=[0.167 0.727 0.000 0.156 0.574 0.000 0.099 0.689 0.636 0.534]
   436          654        0.0603588         expand
  eval: e=0.0604  p=[0.167 0.727 0.000 0.157 0.574 0.000 0.099 0.689 0.636 0.534]
   437          655        0.0603588         reflect
  eval: e=0.0604  p=[0.167 0.727 0.000 0.157 0.574 0.000 0.099 0.690 0.636 0.534]
  eval: e=0.0604  p=[0.167 0.727 0.000 0.156 0.573 0.000 0.099 0.690 0.637 0.535]
   438          657        0.0603576         expand
  eval: e=0.0604  p=[0.167 0.727 0.000 0.156 0.574 0.000 0.099 0.689 0.636 0.534]
   439          658        0.0603576         reflect
  eval: e=0.0604  p=[0.167 0.727 0.000 0.156 0.574 0.000 0.099 0.690 0.637 0.534]
  eval: e=0.0604  p=[0.167 0.727 0.000 0.156 0.573 0.000 0.099 0.690 0.638 0.535]
   440          660         0.060356         expand
  eval: e=0.0604  p=[0.167 0.727 0.000 0.156 0.574 0.000 0.099 0.689 0.636 0.534]
   441          661         0.060356         reflect
  eval: e=0.0604  p=[0.167 0.727 0.000 0.156 0.574 0.000 0.099 0.690 0.637 0.535]
   442          662         0.060356         reflect
  eval: e=0.0604  p=[0.167 0.727 0.000 0.156 0.574 0.000 0.099 0.690 0.637 0.535]
  eval: e=0.0604  p=[0.167 0.727 0.000 0.155 0.573 0.000 0.099 0.690 0.638 0.535]
   443          664        0.0603553         reflect
  eval: e=0.0604  p=[0.167 0.727 0.000 0.156 0.574 0.000 0.099 0.690 0.636 0.535]
  eval: e=0.0604  p=[0.167 0.727 0.000 0.156 0.573 0.000 0.099 0.690 0.637 0.535]
   444          666        0.0603509         expand
  eval: e=0.0604  p=[0.167 0.727 0.000 0.155 0.573 0.000 0.099 0.690 0.638 0.535]
   445          667        0.0603509         reflect
  eval: e=0.0604  p=[0.168 0.727 0.000 0.155 0.572 0.000 0.099 0.690 0.639 0.536]
   446          668        0.0603509         reflect
  eval: e=0.0604  p=[0.167 0.727 0.000 0.155 0.573 0.000 0.099 0.690 0.639 0.536]
   447          669        0.0603509         reflect
  eval: e=0.0604  p=[0.167 0.727 0.000 0.155 0.573 0.000 0.099 0.690 0.639 0.536]
   448          670        0.0603509         reflect
  eval: e=0.0604  p=[0.168 0.727 0.000 0.155 0.572 0.000 0.099 0.690 0.639 0.536]
  eval: e=0.0603  p=[0.168 0.726 0.000 0.154 0.571 0.000 0.098 0.691 0.640 0.537]
   449          672        0.0603482         expand
  eval: e=0.0604  p=[0.168 0.727 0.000 0.155 0.573 0.000 0.099 0.689 0.639 0.536]
   450          673        0.0603482         reflect
  eval: e=0.0604  p=[0.168 0.726 0.000 0.154 0.571 0.000 0.098 0.690 0.640 0.537]
   451          674        0.0603482         reflect
  eval: e=0.0603  p=[0.168 0.726 0.000 0.154 0.572 0.000 0.098 0.690 0.640 0.537]
   452          675        0.0603482         reflect
  eval: e=0.0603  p=[0.168 0.726 0.000 0.154 0.572 0.000 0.098 0.690 0.640 0.537]
  eval: e=0.0603  p=[0.168 0.726 0.000 0.153 0.571 0.000 0.098 0.690 0.641 0.538]
   453          677        0.0603446         expand
  eval: e=0.0603  p=[0.168 0.727 0.000 0.155 0.573 0.000 0.099 0.690 0.638 0.536]
   454          678        0.0603446         reflect
  eval: e=0.0603  p=[0.168 0.726 0.000 0.153 0.571 0.000 0.098 0.690 0.641 0.538]
   455          679        0.0603446         reflect
  eval: e=0.0603  p=[0.168 0.726 0.000 0.153 0.571 0.000 0.098 0.691 0.641 0.538]
   456          680        0.0603446         reflect
  eval: e=0.0603  p=[0.168 0.726 0.000 0.154 0.571 0.000 0.098 0.691 0.640 0.537]
   457          681        0.0603446         reflect
  eval: e=0.0603  p=[0.168 0.726 0.000 0.153 0.571 0.000 0.098 0.691 0.641 0.538]
  eval: e=0.0603  p=[0.168 0.726 0.000 0.152 0.570 0.000 0.098 0.692 0.642 0.539]
   458          683        0.0603416         expand
  eval: e=0.0603  p=[0.168 0.726 0.000 0.152 0.570 0.000 0.098 0.691 0.641 0.539]
  eval: e=0.0603  p=[0.168 0.726 0.000 0.151 0.569 0.000 0.098 0.692 0.642 0.540]
   459          685        0.0603375         expand
  eval: e=0.0603  p=[0.168 0.726 0.000 0.151 0.568 0.000 0.097 0.692 0.644 0.540]
   460          686        0.0603375         reflect
  eval: e=0.0603  p=[0.168 0.726 0.000 0.152 0.570 0.000 0.098 0.691 0.642 0.539]
  eval: e=0.0603  p=[0.168 0.725 0.000 0.151 0.569 0.000 0.097 0.692 0.642 0.540]
   461          688        0.0603325         expand
  eval: e=0.0603  p=[0.168 0.726 0.000 0.151 0.569 0.000 0.098 0.692 0.643 0.540]
   462          689        0.0603325         reflect
  eval: e=0.0603  p=[0.168 0.725 0.000 0.151 0.569 0.000 0.097 0.691 0.643 0.540]
   463          690        0.0603325         reflect
  eval: e=0.0603  p=[0.168 0.725 0.000 0.151 0.569 0.000 0.097 0.691 0.643 0.541]
   464          691        0.0603325         reflect
  eval: e=0.0603  p=[0.169 0.725 0.000 0.149 0.567 0.000 0.097 0.693 0.646 0.543]
   465          692        0.0603325         reflect
  eval: e=0.0603  p=[0.169 0.725 0.000 0.150 0.567 0.000 0.097 0.692 0.645 0.542]
   466          693        0.0603325         reflect
  eval: e=0.0603  p=[0.169 0.725 0.000 0.149 0.567 0.000 0.097 0.693 0.645 0.542]
   467          694        0.0603325         reflect
  eval: e=0.0603  p=[0.169 0.725 0.000 0.148 0.566 0.000 0.096 0.694 0.646 0.543]
   468          695        0.0603325         reflect
  eval: e=0.0603  p=[0.168 0.725 0.000 0.150 0.568 0.000 0.097 0.692 0.643 0.541]
  eval: e=0.0603  p=[0.169 0.725 0.000 0.149 0.567 0.000 0.097 0.693 0.643 0.542]
   469          697        0.0603189         expand
  eval: e=0.0603  p=[0.168 0.726 0.000 0.152 0.570 0.000 0.098 0.692 0.641 0.539]
   470          698        0.0603189         reflect
  eval: e=0.0603  p=[0.169 0.725 0.000 0.149 0.567 0.000 0.097 0.692 0.645 0.543]
   471          699        0.0603189         reflect
  eval: e=0.0603  p=[0.169 0.725 0.000 0.149 0.567 0.000 0.097 0.692 0.645 0.543]
   472          700        0.0603189         reflect
  eval: e=0.0603  p=[0.169 0.724 0.000 0.149 0.566 0.000 0.097 0.693 0.646 0.543]
   473          701        0.0603189         reflect
  eval: e=0.0603  p=[0.168 0.725 0.000 0.152 0.570 0.000 0.098 0.691 0.641 0.540]
   474          702        0.0603189         reflect
  eval: e=0.0603  p=[0.168 0.725 0.000 0.151 0.569 0.000 0.097 0.692 0.642 0.541]
   475          703        0.0603189         reflect
  eval: e=0.0603  p=[0.169 0.725 0.000 0.149 0.567 0.000 0.097 0.693 0.644 0.542]
  eval: e=0.0603  p=[0.169 0.725 0.000 0.148 0.566 0.000 0.096 0.693 0.644 0.543]
   476          705        0.0603109         expand
  eval: e=0.0603  p=[0.168 0.725 0.000 0.151 0.569 0.000 0.097 0.691 0.641 0.540]
   477          706        0.0603109         reflect
  eval: e=0.0603  p=[0.169 0.725 0.000 0.149 0.567 0.000 0.097 0.693 0.643 0.542]
  eval: e=0.0603  p=[0.169 0.724 0.000 0.148 0.567 0.000 0.096 0.694 0.642 0.543]
   478          708        0.0603008         expand
  eval: e=0.0603  p=[0.169 0.725 0.000 0.148 0.567 0.000 0.096 0.693 0.644 0.543]
   479          709        0.0603008         reflect
  eval: e=0.0603  p=[0.169 0.724 0.000 0.147 0.565 0.000 0.096 0.693 0.646 0.545]
   480          710        0.0603008         reflect
  eval: e=0.0603  p=[0.169 0.724 0.000 0.146 0.564 0.000 0.096 0.695 0.646 0.546]
   481          711        0.0603008         reflect
  eval: e=0.0603  p=[0.169 0.724 0.000 0.148 0.567 0.000 0.097 0.693 0.643 0.543]
   482          712        0.0603008         reflect
  eval: e=0.0603  p=[0.169 0.725 0.000 0.149 0.567 0.000 0.097 0.693 0.642 0.543]
  eval: e=0.0603  p=[0.169 0.725 0.000 0.148 0.567 0.000 0.097 0.693 0.640 0.542]
   483          714        0.0602905         expand
  eval: e=0.0603  p=[0.169 0.724 0.000 0.148 0.567 0.000 0.096 0.693 0.641 0.543]
  eval: e=0.0603  p=[0.169 0.724 0.000 0.148 0.567 0.000 0.096 0.694 0.639 0.544]
   484          716        0.0602748         expand
  eval: e=0.0603  p=[0.169 0.724 0.000 0.146 0.564 0.000 0.096 0.694 0.643 0.546]
   485          717        0.0602748         reflect
  eval: e=0.0603  p=[0.169 0.724 0.000 0.146 0.565 0.000 0.096 0.694 0.642 0.545]
   486          718        0.0602748         reflect
  eval: e=0.0603  p=[0.170 0.723 0.000 0.144 0.562 0.000 0.095 0.696 0.645 0.548]
   487          719        0.0602748         reflect
  eval: e=0.0603  p=[0.169 0.724 0.000 0.148 0.567 0.000 0.096 0.693 0.639 0.543]
  eval: e=0.0603  p=[0.169 0.725 0.000 0.150 0.569 0.000 0.097 0.692 0.636 0.541]
   488          721        0.0602596         expand
  eval: e=0.0603  p=[0.169 0.724 0.000 0.147 0.566 0.000 0.096 0.694 0.640 0.545]
   489          722        0.0602596         reflect
  eval: e=0.0603  p=[0.169 0.724 0.000 0.148 0.567 0.000 0.096 0.694 0.637 0.543]
   490          723        0.0602596         reflect
  eval: e=0.0603  p=[0.169 0.724 0.000 0.146 0.566 0.000 0.096 0.695 0.638 0.545]
   491          724        0.0602596         reflect
  eval: e=0.0602  p=[0.170 0.724 0.000 0.146 0.565 0.000 0.096 0.695 0.638 0.545]
  eval: e=0.0602  p=[0.170 0.724 0.000 0.145 0.564 0.000 0.095 0.695 0.636 0.546]
   492          726        0.0602161         expand
  eval: e=0.0602  p=[0.170 0.724 0.000 0.145 0.565 0.000 0.095 0.695 0.637 0.546]
   493          727        0.0602161         reflect
  eval: e=0.0602  p=[0.170 0.723 0.000 0.144 0.564 0.000 0.095 0.696 0.639 0.547]
   494          728        0.0602161         reflect
  eval: e=0.0602  p=[0.169 0.724 0.000 0.149 0.569 0.000 0.097 0.693 0.633 0.542]
   495          729        0.0602161         reflect
  eval: e=0.0602  p=[0.169 0.724 0.000 0.148 0.568 0.000 0.096 0.694 0.632 0.543]
   496          730        0.0602161         reflect
  eval: e=0.0602  p=[0.169 0.724 0.000 0.148 0.568 0.000 0.096 0.694 0.631 0.543]
  eval: e=0.0602  p=[0.169 0.724 0.000 0.148 0.569 0.000 0.096 0.694 0.625 0.542]
   497          732        0.0601785         expand
  eval: e=0.0602  p=[0.170 0.724 0.000 0.146 0.567 0.000 0.096 0.694 0.631 0.545]
   498          733        0.0601785         reflect
  eval: e=0.0602  p=[0.169 0.724 0.000 0.147 0.568 0.000 0.096 0.695 0.629 0.543]
   499          734        0.0601785         reflect
  eval: e=0.0602  p=[0.170 0.723 0.000 0.146 0.567 0.000 0.095 0.694 0.630 0.545]
   500          735        0.0601785         reflect
  eval: e=0.0602  p=[0.169 0.724 0.000 0.147 0.568 0.000 0.096 0.693 0.628 0.543]
  eval: e=0.0601  p=[0.170 0.724 0.000 0.148 0.569 0.000 0.096 0.693 0.623 0.543]
   501          737        0.0601318         expand
  eval: e=0.0602  p=[0.170 0.723 0.000 0.144 0.565 0.000 0.095 0.696 0.627 0.547]
   502          738        0.0601318         reflect
  eval: e=0.0602  p=[0.169 0.725 0.000 0.149 0.570 0.000 0.096 0.693 0.621 0.541]
   503          739        0.0601318         reflect
  eval: e=0.0601  p=[0.170 0.723 0.000 0.144 0.566 0.000 0.095 0.696 0.625 0.546]
   504          740        0.0601318         reflect
  eval: e=0.0601  p=[0.170 0.724 0.000 0.148 0.569 0.000 0.096 0.694 0.619 0.542]
  eval: e=0.0601  p=[0.170 0.724 0.000 0.149 0.572 0.000 0.096 0.694 0.610 0.541]
   505          742        0.0600802         expand
  eval: e=0.0601  p=[0.170 0.723 0.000 0.146 0.567 0.000 0.095 0.695 0.619 0.545]
   506          743        0.0600802         reflect
  eval: e=0.0601  p=[0.169 0.724 0.000 0.149 0.571 0.000 0.096 0.694 0.612 0.541]
   507          744        0.0600802         reflect
  eval: e=0.0601  p=[0.170 0.724 0.000 0.148 0.570 0.000 0.096 0.694 0.613 0.542]
  eval: e=0.0600  p=[0.170 0.724 0.001 0.148 0.572 0.000 0.096 0.694 0.604 0.541]
   508          746        0.0600339         expand
  eval: e=0.0600  p=[0.170 0.723 0.000 0.147 0.570 0.000 0.095 0.694 0.610 0.543]
   509          747        0.0600339         reflect
  eval: e=0.0600  p=[0.170 0.724 0.000 0.148 0.572 0.000 0.096 0.694 0.605 0.541]
   510          748        0.0600339         reflect
  eval: e=0.0600  p=[0.170 0.723 0.000 0.146 0.570 0.000 0.095 0.694 0.606 0.544]
  eval: e=0.0599  p=[0.171 0.723 0.001 0.145 0.570 0.000 0.094 0.694 0.597 0.544]
   511          750        0.0599227         expand
  eval: e=0.0600  p=[0.171 0.722 0.001 0.144 0.569 0.000 0.094 0.696 0.605 0.545]
   512          751        0.0599227         reflect
  eval: e=0.0600  p=[0.170 0.724 0.001 0.150 0.575 0.000 0.096 0.692 0.596 0.539]
   513          752        0.0599227         reflect
  eval: e=0.0600  p=[0.170 0.724 0.001 0.151 0.576 0.000 0.096 0.692 0.591 0.538]
   514          753        0.0599227         reflect
  eval: e=0.0599  p=[0.170 0.723 0.001 0.147 0.573 0.000 0.095 0.695 0.587 0.541]
   515          754        0.0599227         reflect
  eval: e=0.0600  p=[0.170 0.723 0.001 0.150 0.576 0.000 0.096 0.693 0.585 0.538]
   516          755        0.0599227         reflect
  eval: e=0.0599  p=[0.171 0.723 0.001 0.147 0.574 0.000 0.095 0.694 0.586 0.541]
  eval: e=0.0598  p=[0.171 0.722 0.001 0.146 0.575 0.000 0.094 0.695 0.573 0.541]
   517          757        0.0598376         expand
  eval: e=0.0599  p=[0.171 0.723 0.001 0.146 0.574 0.000 0.094 0.694 0.581 0.542]
   518          758        0.0598376         reflect
  eval: e=0.0599  p=[0.171 0.723 0.001 0.149 0.576 0.000 0.095 0.694 0.574 0.539]
   519          759        0.0598376         reflect
  eval: e=0.0598  p=[0.171 0.722 0.001 0.147 0.575 0.000 0.094 0.694 0.573 0.541]
   520          760        0.0598376         reflect
  eval: e=0.0598  p=[0.171 0.722 0.001 0.147 0.576 0.000 0.094 0.694 0.568 0.541]
  eval: e=0.0598  p=[0.172 0.721 0.001 0.146 0.578 0.000 0.094 0.694 0.551 0.541]
   521          762         0.059758         expand
  eval: e=0.0599  p=[0.171 0.723 0.001 0.151 0.581 0.000 0.095 0.692 0.556 0.536]
   522          763         0.059758         reflect
  eval: e=0.0598  p=[0.172 0.722 0.001 0.146 0.576 0.000 0.094 0.695 0.558 0.541]
   523          764         0.059758         reflect
  eval: e=0.0598  p=[0.172 0.721 0.001 0.144 0.575 0.000 0.093 0.696 0.556 0.543]
  eval: e=0.0597  p=[0.173 0.720 0.001 0.141 0.575 0.000 0.091 0.698 0.538 0.545]
   524          766        0.0596959         expand
  eval: e=0.0597  p=[0.173 0.721 0.001 0.142 0.574 0.000 0.092 0.696 0.553 0.544]
   525          767        0.0596959         reflect
  eval: e=0.0597  p=[0.172 0.721 0.001 0.144 0.578 0.000 0.093 0.694 0.543 0.542]
  eval: e=0.0596  p=[0.174 0.720 0.001 0.143 0.580 0.000 0.092 0.693 0.521 0.543]
   526          769        0.0596453         expand
  eval: e=0.0599  p=[0.173 0.721 0.001 0.147 0.583 0.000 0.093 0.695 0.519 0.538]
   527          770        0.0596453         reflect
  eval: e=0.0597  p=[0.173 0.720 0.001 0.142 0.578 0.000 0.092 0.695 0.530 0.543]
   528          771        0.0596453         reflect
  eval: e=0.0598  p=[0.171 0.722 0.001 0.144 0.571 0.000 0.094 0.695 0.588 0.545]
   529          772        0.0596453         reflect
  eval: e=0.0597  p=[0.173 0.720 0.001 0.143 0.579 0.000 0.092 0.695 0.528 0.543]
   530          773        0.0596453         reflect
  eval: e=0.0596  p=[0.174 0.719 0.001 0.137 0.571 0.000 0.090 0.698 0.546 0.550]
  eval: e=0.0595  p=[0.176 0.717 0.001 0.130 0.566 0.000 0.088 0.702 0.542 0.557]
   531          775         0.059538         expand
  eval: e=0.0596  p=[0.175 0.719 0.001 0.137 0.575 0.000 0.090 0.697 0.523 0.548]
   532          776         0.059538         reflect
  eval: e=0.0600  p=[0.175 0.719 0.002 0.140 0.580 0.000 0.090 0.697 0.495 0.544]
  eval: e=0.0597  p=[0.172 0.721 0.001 0.143 0.573 0.000 0.093 0.695 0.565 0.545]
   533          778         0.059538         contract inside
  eval: e=0.0596  p=[0.175 0.718 0.002 0.136 0.576 0.000 0.089 0.697 0.509 0.549]
   534          779         0.059538         reflect
  eval: e=0.0595  p=[0.175 0.718 0.001 0.135 0.575 0.000 0.089 0.697 0.514 0.550]
   535          780         0.059538         reflect
  eval: e=0.0595  p=[0.176 0.718 0.001 0.133 0.572 0.000 0.088 0.699 0.514 0.553]
  eval: e=0.0595  p=[0.178 0.716 0.002 0.126 0.569 0.000 0.086 0.702 0.496 0.558]
   536          782        0.0595045         expand
  eval: e=0.0598  p=[0.177 0.717 0.002 0.133 0.576 0.000 0.088 0.699 0.486 0.551]
  eval: e=0.0596  p=[0.173 0.720 0.001 0.140 0.574 0.000 0.092 0.696 0.545 0.547]
   537          784        0.0595045         contract inside
  eval: e=0.0596  p=[0.177 0.717 0.002 0.132 0.575 0.000 0.088 0.698 0.496 0.552]
   538          785        0.0595045         reflect
  eval: e=0.0595  p=[0.177 0.717 0.001 0.129 0.570 0.000 0.087 0.700 0.515 0.556]
  eval: e=0.0594  p=[0.178 0.715 0.002 0.123 0.565 0.000 0.085 0.702 0.509 0.563]
   539          787        0.0593808         expand
  eval: e=0.0594  p=[0.177 0.716 0.002 0.128 0.572 0.000 0.087 0.698 0.499 0.557]
   540          788        0.0593808         reflect
  eval: e=0.0594  p=[0.178 0.715 0.002 0.124 0.567 0.000 0.085 0.702 0.501 0.561]
   541          789        0.0593808         reflect
  eval: e=0.0594  p=[0.179 0.714 0.002 0.120 0.563 0.000 0.084 0.705 0.505 0.565]
   542          790        0.0593808         reflect
  eval: e=0.0596  p=[0.180 0.713 0.002 0.118 0.567 0.000 0.083 0.704 0.474 0.566]
  eval: e=0.0595  p=[0.179 0.715 0.002 0.124 0.568 0.000 0.085 0.702 0.492 0.561]
   543          792        0.0593808         contract outside
  eval: e=0.0594  p=[0.179 0.714 0.002 0.119 0.563 0.000 0.084 0.704 0.506 0.566]
  eval: e=0.0593  p=[0.181 0.712 0.002 0.111 0.556 0.000 0.081 0.707 0.504 0.575]
   544          794        0.0593012         expand
  eval: e=0.0594  p=[0.179 0.714 0.002 0.119 0.560 0.000 0.084 0.705 0.521 0.567]
   545          795        0.0593012         reflect
  eval: e=0.0593  p=[0.182 0.711 0.002 0.110 0.557 0.000 0.080 0.707 0.494 0.575]
   546          796        0.0593012         reflect
  eval: e=0.0593  p=[0.182 0.711 0.002 0.108 0.554 0.000 0.080 0.709 0.498 0.578]
   547          797        0.0593012         reflect
  eval: e=0.0595  p=[0.183 0.711 0.002 0.108 0.561 0.000 0.079 0.707 0.462 0.575]
  eval: e=0.0594  p=[0.178 0.715 0.001 0.125 0.565 0.000 0.086 0.703 0.522 0.562]
   548          799        0.0593012         contract inside
  eval: e=0.0593  p=[0.181 0.711 0.002 0.112 0.556 0.000 0.081 0.706 0.513 0.574]
   549          800        0.0593012         reflect
  eval: e=0.0593  p=[0.180 0.712 0.002 0.112 0.555 0.000 0.082 0.707 0.522 0.574]
   550          801        0.0593012         reflect
  eval: e=0.0594  p=[0.182 0.710 0.002 0.104 0.548 0.000 0.079 0.713 0.519 0.582]
   551          802        0.0593012         reflect
  eval: e=0.0593  p=[0.181 0.711 0.002 0.110 0.554 0.000 0.081 0.707 0.515 0.577]
  eval: e=0.0593  p=[0.182 0.710 0.002 0.105 0.550 0.000 0.079 0.708 0.520 0.582]
   552          804        0.0592698         expand
  eval: e=0.0593  p=[0.184 0.709 0.002 0.101 0.549 0.000 0.077 0.711 0.499 0.585]
   553          805        0.0592698         reflect
  eval: e=0.0594  p=[0.184 0.709 0.002 0.097 0.543 0.000 0.077 0.713 0.519 0.590]
   554          806        0.0592698         reflect
  eval: e=0.0592  p=[0.180 0.712 0.002 0.115 0.561 0.000 0.082 0.703 0.501 0.571]
  eval: e=0.0593  p=[0.180 0.713 0.002 0.121 0.567 0.000 0.084 0.698 0.492 0.565]
   555          808         0.059247         reflect
  eval: e=0.0593  p=[0.185 0.708 0.002 0.096 0.543 0.000 0.076 0.713 0.509 0.591]
   556          809         0.059247         reflect
  eval: e=0.0594  p=[0.179 0.714 0.002 0.121 0.566 0.000 0.084 0.702 0.497 0.565]
   557          810         0.059247         reflect
  eval: e=0.0593  p=[0.184 0.708 0.002 0.099 0.549 0.000 0.077 0.710 0.491 0.587]
   558          811         0.059247         reflect
  eval: e=0.0594  p=[0.185 0.707 0.002 0.093 0.541 0.000 0.075 0.714 0.513 0.594]
  eval: e=0.0593  p=[0.181 0.712 0.002 0.114 0.559 0.000 0.082 0.705 0.501 0.572]
   559          813         0.059247         contract inside
  eval: e=0.0592  p=[0.182 0.710 0.002 0.107 0.553 0.000 0.080 0.706 0.512 0.580]
  eval: e=0.0592  p=[0.182 0.710 0.002 0.107 0.552 0.000 0.080 0.705 0.519 0.581]
   560          815        0.0592217         expand
  eval: e=0.0593  p=[0.182 0.710 0.002 0.104 0.549 0.000 0.079 0.708 0.522 0.583]
   561          816        0.0592217         reflect
  eval: e=0.0592  p=[0.184 0.708 0.002 0.101 0.550 0.000 0.077 0.708 0.494 0.586]
  eval: e=0.0592  p=[0.186 0.706 0.002 0.095 0.548 0.000 0.075 0.709 0.480 0.591]
   562          818        0.0591904         expand
  eval: e=0.0592  p=[0.180 0.713 0.002 0.117 0.563 0.000 0.083 0.701 0.501 0.569]
   563          819        0.0591904         reflect
  eval: e=0.0592  p=[0.184 0.709 0.002 0.101 0.551 0.000 0.077 0.707 0.495 0.585]
  eval: e=0.0592  p=[0.186 0.708 0.002 0.096 0.548 0.000 0.076 0.707 0.485 0.590]
   564          821        0.0591569         expand
  eval: e=0.0592  p=[0.184 0.708 0.002 0.100 0.550 0.000 0.077 0.706 0.499 0.588]
  eval: e=0.0591  p=[0.186 0.706 0.002 0.094 0.546 0.000 0.075 0.705 0.497 0.594]
   565          823        0.0591478         expand
  eval: e=0.0592  p=[0.186 0.706 0.002 0.093 0.544 0.000 0.075 0.708 0.502 0.595]
   566          824        0.0591478         reflect
  eval: e=0.0592  p=[0.183 0.709 0.001 0.104 0.553 0.000 0.079 0.702 0.505 0.584]
   567          825        0.0591478         reflect
  eval: e=0.0591  p=[0.185 0.708 0.002 0.100 0.553 0.000 0.077 0.703 0.480 0.587]
  eval: e=0.0591  p=[0.186 0.706 0.002 0.098 0.555 0.000 0.076 0.701 0.461 0.589]
   568          827        0.0591159         reflect
  eval: e=0.0591  p=[0.185 0.707 0.002 0.100 0.555 0.000 0.077 0.703 0.470 0.586]
   569          828        0.0591159         reflect
  eval: e=0.0592  p=[0.183 0.709 0.001 0.105 0.555 0.000 0.079 0.699 0.498 0.582]
   570          829        0.0591159         reflect
  eval: e=0.0592  p=[0.188 0.704 0.002 0.087 0.542 0.000 0.073 0.706 0.487 0.601]
   571          830        0.0591159         reflect
  eval: e=0.0593  p=[0.190 0.702 0.002 0.079 0.537 0.000 0.070 0.708 0.483 0.609]
  eval: e=0.0592  p=[0.183 0.710 0.002 0.108 0.556 0.000 0.080 0.703 0.497 0.579]
   572          832        0.0591159         contract inside
  eval: e=0.0591  p=[0.188 0.704 0.002 0.089 0.548 0.000 0.073 0.704 0.461 0.597]
   573          833        0.0591159         reflect
  eval: e=0.0591  p=[0.185 0.708 0.002 0.103 0.557 0.000 0.078 0.700 0.470 0.584]
  eval: e=0.0592  p=[0.184 0.709 0.002 0.108 0.564 0.000 0.079 0.696 0.454 0.578]
   574          835        0.0591084         reflect
  eval: e=0.0592  p=[0.182 0.711 0.002 0.112 0.562 0.000 0.081 0.701 0.482 0.574]
  eval: e=0.0591  p=[0.186 0.706 0.002 0.093 0.547 0.000 0.075 0.705 0.485 0.594]
   575          837        0.0591084         contract inside
  eval: e=0.0592  p=[0.184 0.709 0.001 0.104 0.556 0.000 0.078 0.698 0.490 0.584]
   576          838        0.0591084         reflect
  eval: e=0.0592  p=[0.187 0.705 0.002 0.093 0.549 0.000 0.074 0.707 0.470 0.594]
   577          839        0.0591084         reflect
  eval: e=0.0592  p=[0.187 0.706 0.002 0.092 0.547 0.000 0.074 0.710 0.475 0.594]
  eval: e=0.0591  p=[0.185 0.708 0.002 0.101 0.553 0.000 0.077 0.701 0.486 0.587]
   578          841        0.0591084         contract inside
  eval: e=0.0592  p=[0.183 0.709 0.002 0.105 0.555 0.000 0.079 0.700 0.497 0.583]
  eval: e=0.0591  p=[0.184 0.708 0.002 0.102 0.553 0.000 0.078 0.702 0.490 0.586]
   579          843        0.0591084         contract outside
  eval: e=0.0591  p=[0.184 0.707 0.002 0.103 0.556 0.000 0.078 0.699 0.483 0.586]
  eval: e=0.0591  p=[0.184 0.706 0.002 0.106 0.560 0.000 0.079 0.694 0.482 0.583]
   580          845        0.0590558         expand
  eval: e=0.0591  p=[0.188 0.704 0.002 0.091 0.549 0.000 0.074 0.701 0.469 0.597]
   581          846        0.0590558         reflect
  eval: e=0.0591  p=[0.188 0.704 0.002 0.092 0.552 0.000 0.074 0.702 0.453 0.595]
   582          847        0.0590558         reflect
  eval: e=0.0592  p=[0.186 0.707 0.002 0.101 0.559 0.000 0.077 0.698 0.453 0.585]
  eval: e=0.0591  p=[0.186 0.706 0.002 0.096 0.550 0.000 0.076 0.703 0.486 0.592]
   583          849        0.0590558         contract inside
  eval: e=0.0591  p=[0.183 0.708 0.002 0.108 0.558 0.000 0.080 0.698 0.493 0.581]
   584          850        0.0590558         reflect
  eval: e=0.0592  p=[0.182 0.710 0.001 0.108 0.555 0.000 0.080 0.700 0.509 0.580]
  eval: e=0.0591  p=[0.186 0.705 0.002 0.096 0.553 0.000 0.075 0.701 0.467 0.591]
   585          852        0.0590558         contract inside
  eval: e=0.0591  p=[0.184 0.708 0.002 0.107 0.561 0.000 0.079 0.697 0.473 0.580]
   586          853        0.0590558         reflect
  eval: e=0.0591  p=[0.185 0.707 0.002 0.102 0.555 0.000 0.078 0.697 0.489 0.587]
  eval: e=0.0591  p=[0.185 0.707 0.002 0.101 0.555 0.000 0.077 0.699 0.485 0.587]
   587          855        0.0590558         contract outside
  eval: e=0.0591  p=[0.186 0.705 0.002 0.100 0.556 0.000 0.077 0.698 0.468 0.588]
   588          856        0.0590558         reflect
  eval: e=0.0591  p=[0.182 0.710 0.002 0.113 0.562 0.000 0.081 0.698 0.489 0.575]
  eval: e=0.0591  p=[0.186 0.705 0.002 0.096 0.552 0.000 0.076 0.700 0.474 0.592]
   589          858        0.0590558         contract inside
  eval: e=0.0591  p=[0.185 0.706 0.002 0.103 0.558 0.000 0.078 0.695 0.476 0.586]
   590          859        0.0590558         reflect
  eval: e=0.0590  p=[0.185 0.705 0.002 0.102 0.559 0.000 0.077 0.696 0.469 0.586]
  eval: e=0.0590  p=[0.185 0.704 0.002 0.103 0.561 0.000 0.077 0.694 0.461 0.586]
   591          861        0.0590456         expand
  eval: e=0.0591  p=[0.184 0.707 0.002 0.109 0.565 0.000 0.079 0.692 0.464 0.580]
   592          862        0.0590456         reflect
  eval: e=0.0591  p=[0.185 0.704 0.002 0.103 0.558 0.000 0.078 0.694 0.479 0.587]
   593          863        0.0590456         reflect
  eval: e=0.0591  p=[0.187 0.703 0.002 0.098 0.558 0.000 0.075 0.694 0.453 0.591]
   594          864        0.0590456         reflect
  eval: e=0.0591  p=[0.185 0.704 0.002 0.103 0.562 0.000 0.077 0.693 0.455 0.586]
   595          865        0.0590456         reflect
  eval: e=0.0590  p=[0.184 0.705 0.002 0.110 0.566 0.000 0.080 0.689 0.470 0.581]
  eval: e=0.0591  p=[0.182 0.705 0.002 0.117 0.572 0.000 0.082 0.683 0.471 0.576]
   596          867          0.05904         reflect
  eval: e=0.0590  p=[0.186 0.702 0.002 0.099 0.558 0.000 0.076 0.692 0.463 0.592]
  eval: e=0.0590  p=[0.188 0.699 0.002 0.095 0.557 0.001 0.075 0.690 0.458 0.598]
   597          869        0.0590262         reflect
  eval: e=0.0590  p=[0.184 0.704 0.002 0.110 0.568 0.000 0.080 0.687 0.460 0.581]
   598          870        0.0590262         reflect
  eval: e=0.0590  p=[0.186 0.702 0.002 0.098 0.557 0.000 0.076 0.694 0.469 0.593]
  eval: e=0.0590  p=[0.187 0.700 0.002 0.093 0.552 0.000 0.074 0.695 0.472 0.599]
   599          872        0.0590158         reflect
  eval: e=0.0590  p=[0.185 0.702 0.002 0.103 0.563 0.000 0.077 0.691 0.455 0.587]
   600          873        0.0590158         reflect
  eval: e=0.0590  p=[0.183 0.705 0.002 0.110 0.564 0.000 0.080 0.691 0.480 0.581]
   601          874        0.0590158         reflect
  eval: e=0.0590  p=[0.184 0.704 0.002 0.106 0.560 0.000 0.079 0.692 0.483 0.586]
   602          875        0.0590158         reflect
  eval: e=0.0590  p=[0.184 0.702 0.002 0.110 0.567 0.000 0.080 0.685 0.472 0.583]
  eval: e=0.0590  p=[0.183 0.701 0.002 0.115 0.572 0.001 0.082 0.679 0.474 0.581]
   603          877        0.0589989         reflect
  eval: e=0.0590  p=[0.185 0.701 0.002 0.104 0.564 0.000 0.078 0.687 0.456 0.588]
  eval: e=0.0590  p=[0.186 0.698 0.002 0.103 0.567 0.001 0.077 0.684 0.443 0.591]
   604          879        0.0589899         reflect
  eval: e=0.0590  p=[0.185 0.702 0.002 0.107 0.567 0.000 0.079 0.687 0.455 0.584]
   605          880        0.0589899         reflect
  eval: e=0.0590  p=[0.184 0.702 0.002 0.108 0.566 0.000 0.079 0.685 0.472 0.585]
   606          881        0.0589899         reflect
  eval: e=0.0590  p=[0.186 0.700 0.002 0.101 0.561 0.000 0.077 0.689 0.463 0.591]
  eval: e=0.0589  p=[0.187 0.698 0.002 0.097 0.559 0.001 0.075 0.689 0.460 0.597]
   607          883        0.0589425         expand
  eval: e=0.0590  p=[0.186 0.700 0.002 0.098 0.557 0.000 0.076 0.692 0.473 0.595]
   608          884        0.0589425         reflect
  eval: e=0.0590  p=[0.186 0.699 0.002 0.101 0.564 0.001 0.077 0.687 0.449 0.591]
   609          885        0.0589425         reflect
  eval: e=0.0590  p=[0.185 0.700 0.002 0.103 0.562 0.001 0.078 0.687 0.474 0.590]
   610          886        0.0589425         reflect
  eval: e=0.0589  p=[0.184 0.700 0.002 0.109 0.567 0.000 0.079 0.685 0.469 0.586]
  eval: e=0.0589  p=[0.183 0.699 0.002 0.113 0.571 0.001 0.081 0.681 0.472 0.583]
   611          888         0.058926         expand
  eval: e=0.0589  p=[0.187 0.696 0.002 0.098 0.563 0.001 0.076 0.684 0.451 0.596]
   612          889         0.058926         reflect
  eval: e=0.0589  p=[0.184 0.698 0.002 0.110 0.571 0.001 0.080 0.679 0.458 0.586]
   613          890         0.058926         reflect
  eval: e=0.0590  p=[0.186 0.697 0.002 0.101 0.561 0.001 0.077 0.685 0.472 0.594]
   614          891         0.058926         reflect
  eval: e=0.0589  p=[0.187 0.696 0.002 0.099 0.562 0.001 0.076 0.686 0.455 0.596]
  eval: e=0.0589  p=[0.188 0.693 0.002 0.095 0.560 0.001 0.074 0.687 0.447 0.601]
   615          893        0.0589166         reflect
  eval: e=0.0589  p=[0.188 0.694 0.002 0.096 0.560 0.001 0.075 0.686 0.452 0.600]
  eval: e=0.0589  p=[0.190 0.691 0.002 0.088 0.557 0.001 0.072 0.687 0.441 0.608]
   616          895        0.0589115         reflect
  eval: e=0.0590  p=[0.187 0.695 0.002 0.100 0.565 0.001 0.076 0.684 0.445 0.595]
   617          896        0.0589115         reflect
  eval: e=0.0589  p=[0.186 0.696 0.002 0.102 0.563 0.001 0.077 0.684 0.470 0.595]
  eval: e=0.0589  p=[0.186 0.694 0.002 0.103 0.562 0.001 0.078 0.682 0.481 0.596]
   618          898         0.058888         expand
  eval: e=0.0589  p=[0.187 0.693 0.002 0.099 0.562 0.001 0.076 0.683 0.468 0.599]
  eval: e=0.0588  p=[0.187 0.689 0.002 0.097 0.560 0.001 0.075 0.680 0.474 0.605]
   619          900        0.0588161         expand
  eval: e=0.0588  p=[0.186 0.691 0.002 0.105 0.570 0.001 0.078 0.676 0.451 0.595]
   620          901        0.0588161         reflect
  eval: e=0.0589  p=[0.187 0.693 0.002 0.102 0.567 0.001 0.077 0.681 0.447 0.595]
   621          902        0.0588161         reflect
  eval: e=0.0589  p=[0.186 0.694 0.002 0.104 0.564 0.001 0.078 0.681 0.475 0.595]
   622          903        0.0588161         reflect
  eval: e=0.0588  p=[0.185 0.693 0.002 0.107 0.567 0.001 0.079 0.680 0.474 0.593]
   623          904        0.0588161         reflect
  eval: e=0.0588  p=[0.185 0.691 0.002 0.110 0.572 0.001 0.080 0.673 0.468 0.592]
  eval: e=0.0588  p=[0.184 0.688 0.003 0.116 0.579 0.001 0.082 0.665 0.472 0.590]
   624          906        0.0587659         expand
  eval: e=0.0588  p=[0.187 0.689 0.002 0.098 0.561 0.001 0.076 0.681 0.473 0.603]
   625          907        0.0587659         reflect
  eval: e=0.0588  p=[0.189 0.685 0.003 0.092 0.560 0.001 0.073 0.678 0.459 0.611]
   626          908        0.0587659         reflect
  eval: e=0.0587  p=[0.186 0.686 0.003 0.105 0.568 0.001 0.078 0.672 0.476 0.601]
  eval: e=0.0587  p=[0.186 0.681 0.003 0.107 0.571 0.001 0.079 0.664 0.487 0.603]
   627          910        0.0586984         expand
  eval: e=0.0587  p=[0.184 0.685 0.003 0.111 0.572 0.001 0.080 0.668 0.487 0.597]
   628          911        0.0586984         reflect
  eval: e=0.0588  p=[0.185 0.685 0.002 0.105 0.566 0.001 0.079 0.670 0.499 0.603]
   629          912        0.0586984         reflect
  eval: e=0.0587  p=[0.186 0.682 0.003 0.106 0.572 0.001 0.078 0.667 0.469 0.603]
  eval: e=0.0586  p=[0.187 0.676 0.003 0.107 0.577 0.001 0.078 0.659 0.463 0.606]
   630          914        0.0586077         expand
  eval: e=0.0586  p=[0.186 0.678 0.003 0.105 0.572 0.001 0.078 0.664 0.473 0.606]
   631          915        0.0586077         reflect
  eval: e=0.0587  p=[0.186 0.678 0.003 0.104 0.567 0.001 0.078 0.666 0.501 0.609]
   632          916        0.0586077         reflect
  eval: e=0.0587  p=[0.187 0.683 0.003 0.104 0.571 0.001 0.077 0.671 0.453 0.602]
   633          917        0.0586077         reflect
  eval: e=0.0586  p=[0.188 0.673 0.003 0.102 0.571 0.001 0.077 0.659 0.474 0.614]
  eval: e=0.0586  p=[0.189 0.663 0.003 0.099 0.574 0.001 0.076 0.649 0.473 0.624]
   634          919        0.0585546         expand
  eval: e=0.0586  p=[0.185 0.672 0.003 0.112 0.581 0.001 0.080 0.653 0.475 0.606]
   635          920        0.0585546         reflect
  eval: e=0.0587  p=[0.183 0.673 0.003 0.121 0.586 0.001 0.083 0.649 0.493 0.598]
   636          921        0.0585546         reflect
  eval: e=0.0586  p=[0.184 0.667 0.003 0.119 0.589 0.001 0.083 0.641 0.482 0.605]
   637          922        0.0585546         reflect
  eval: e=0.0586  p=[0.188 0.664 0.004 0.102 0.573 0.001 0.077 0.651 0.485 0.622]
   638          923        0.0585546         reflect
  eval: e=0.0587  p=[0.185 0.664 0.003 0.114 0.581 0.001 0.082 0.641 0.510 0.613]
   639          924        0.0585546         reflect
  eval: e=0.0585  p=[0.187 0.658 0.004 0.108 0.582 0.001 0.079 0.640 0.481 0.621]
  eval: e=0.0586  p=[0.189 0.645 0.004 0.106 0.587 0.001 0.078 0.626 0.479 0.633]
   640          926        0.0585343         reflect
  eval: e=0.0586  p=[0.186 0.661 0.004 0.114 0.590 0.001 0.081 0.636 0.463 0.612]
   641          927        0.0585343         reflect
  eval: e=0.0586  p=[0.187 0.654 0.004 0.113 0.589 0.001 0.080 0.632 0.473 0.619]
   642          928        0.0585343         reflect
  eval: e=0.0587  p=[0.188 0.669 0.004 0.106 0.581 0.001 0.077 0.653 0.442 0.611]
  eval: e=0.0586  p=[0.186 0.665 0.003 0.112 0.581 0.001 0.081 0.644 0.493 0.612]
   643          930        0.0585343         contract inside
  eval: e=0.0585  p=[0.190 0.659 0.004 0.097 0.576 0.001 0.075 0.644 0.460 0.628]
  eval: e=0.0586  p=[0.194 0.651 0.004 0.086 0.571 0.001 0.071 0.642 0.443 0.644]
   644          932        0.0585037         reflect
  eval: e=0.0586  p=[0.187 0.650 0.004 0.111 0.590 0.001 0.080 0.626 0.477 0.625]
   645          933        0.0585037         reflect
  eval: e=0.0585  p=[0.190 0.658 0.004 0.096 0.574 0.001 0.075 0.646 0.467 0.630]
   646          934        0.0585037         reflect
  eval: e=0.0586  p=[0.189 0.645 0.004 0.106 0.585 0.001 0.078 0.626 0.487 0.634]
   647          935        0.0585037         reflect
  eval: e=0.0585  p=[0.190 0.652 0.004 0.100 0.581 0.001 0.075 0.636 0.455 0.632]
  eval: e=0.0586  p=[0.193 0.645 0.005 0.093 0.582 0.001 0.073 0.632 0.436 0.641]
   648          937        0.0584972         reflect
  eval: e=0.0585  p=[0.191 0.640 0.005 0.097 0.582 0.002 0.075 0.625 0.470 0.644]
   649          938        0.0584972         reflect
  eval: e=0.0586  p=[0.191 0.656 0.004 0.093 0.572 0.001 0.074 0.644 0.471 0.635]
   650          939        0.0584972         reflect
  eval: e=0.0585  p=[0.190 0.667 0.003 0.098 0.574 0.001 0.075 0.654 0.454 0.621]
   651          940        0.0584972         reflect
  eval: e=0.0586  p=[0.193 0.652 0.004 0.086 0.566 0.001 0.071 0.647 0.475 0.644]
  eval: e=0.0585  p=[0.188 0.659 0.004 0.107 0.584 0.001 0.078 0.639 0.466 0.620]
   652          942        0.0584972         contract inside
  eval: e=0.0585  p=[0.191 0.648 0.004 0.100 0.585 0.001 0.075 0.629 0.450 0.634]
  eval: e=0.0585  p=[0.192 0.641 0.004 0.099 0.590 0.002 0.075 0.618 0.432 0.641]
   653          944         0.058485         reflect
  eval: e=0.0586  p=[0.188 0.655 0.004 0.109 0.588 0.001 0.079 0.634 0.460 0.621]
   654          945         0.058485         reflect
  eval: e=0.0586  p=[0.190 0.646 0.004 0.105 0.589 0.001 0.077 0.626 0.454 0.631]
  eval: e=0.0585  p=[0.189 0.659 0.004 0.101 0.578 0.001 0.076 0.643 0.469 0.626]
   655          947         0.058485         contract inside
  eval: e=0.0585  p=[0.192 0.661 0.004 0.091 0.571 0.001 0.073 0.652 0.449 0.631]
   656          948         0.058485         reflect
  eval: e=0.0586  p=[0.192 0.657 0.004 0.089 0.569 0.001 0.072 0.648 0.464 0.637]
  eval: e=0.0585  p=[0.189 0.656 0.004 0.104 0.583 0.001 0.077 0.637 0.461 0.625]
   657          950         0.058485         contract inside
  eval: e=0.0586  p=[0.188 0.675 0.003 0.103 0.575 0.001 0.077 0.660 0.453 0.610]
  eval: e=0.0585  p=[0.191 0.649 0.004 0.099 0.580 0.001 0.075 0.633 0.465 0.635]
   658          952         0.058485         contract inside
  eval: e=0.0585  p=[0.190 0.645 0.004 0.103 0.585 0.001 0.077 0.626 0.471 0.636]
   659          953         0.058485         reflect
  eval: e=0.0586  p=[0.188 0.647 0.004 0.112 0.591 0.001 0.080 0.623 0.480 0.627]
  eval: e=0.0585  p=[0.191 0.658 0.004 0.096 0.576 0.001 0.074 0.645 0.457 0.630]
   660          955         0.058485         contract inside
  eval: e=0.0585  p=[0.192 0.650 0.004 0.093 0.579 0.001 0.073 0.636 0.443 0.638]
   661          956         0.058485         reflect
  eval: e=0.0585  p=[0.190 0.664 0.004 0.096 0.574 0.001 0.074 0.652 0.448 0.624]
  eval: e=0.0585  p=[0.190 0.650 0.004 0.101 0.582 0.001 0.076 0.633 0.465 0.633]
   662          958         0.058485         contract inside
  eval: e=0.0585  p=[0.193 0.649 0.004 0.090 0.575 0.001 0.072 0.638 0.452 0.642]
   663          959         0.058485         reflect
  eval: e=0.0585  p=[0.191 0.648 0.004 0.100 0.585 0.001 0.075 0.629 0.448 0.634]
   664          960         0.058485         reflect
  eval: e=0.0585  p=[0.192 0.644 0.004 0.095 0.583 0.001 0.074 0.629 0.442 0.641]
  eval: e=0.0585  p=[0.190 0.655 0.004 0.099 0.579 0.001 0.076 0.639 0.462 0.629]
   665          962         0.058485         contract inside
  eval: e=0.0585  p=[0.188 0.656 0.004 0.108 0.586 0.001 0.078 0.635 0.461 0.622]
  eval: e=0.0585  p=[0.192 0.650 0.004 0.095 0.578 0.001 0.074 0.637 0.454 0.637]
   666          964         0.058485         contract inside
  eval: e=0.0585  p=[0.191 0.645 0.004 0.100 0.586 0.001 0.075 0.627 0.452 0.637]
  eval: e=0.0585  p=[0.190 0.655 0.004 0.098 0.578 0.001 0.075 0.640 0.458 0.631]
   667          966         0.058485         contract inside
  eval: e=0.0585  p=[0.188 0.654 0.004 0.105 0.583 0.001 0.078 0.636 0.472 0.626]
  eval: e=0.0585  p=[0.191 0.651 0.004 0.096 0.580 0.001 0.074 0.636 0.450 0.635]
   668          968         0.058485         contract inside
  eval: e=0.0585  p=[0.192 0.648 0.004 0.092 0.578 0.001 0.073 0.634 0.452 0.641]
  eval: e=0.0585  p=[0.192 0.650 0.004 0.095 0.579 0.001 0.074 0.635 0.454 0.637]
   669          970         0.058485         contract outside
  eval: e=0.0585  p=[0.191 0.644 0.004 0.100 0.586 0.002 0.076 0.625 0.456 0.638]
  eval: e=0.0585  p=[0.191 0.647 0.004 0.099 0.583 0.001 0.075 0.630 0.456 0.636]
   670          972         0.058485         contract outside
  eval: e=0.0585  p=[0.191 0.649 0.004 0.097 0.580 0.001 0.075 0.632 0.458 0.637]
  eval: e=0.0585  p=[0.191 0.651 0.004 0.099 0.581 0.001 0.075 0.635 0.456 0.633]
   671          974         0.058485         contract inside
  eval: e=0.0585  p=[0.191 0.652 0.004 0.098 0.582 0.001 0.075 0.635 0.445 0.633]
   672          975         0.058485         reflect
  eval: e=0.0585  p=[0.191 0.654 0.004 0.096 0.576 0.001 0.074 0.641 0.461 0.633]
  eval: e=0.0585  p=[0.191 0.653 0.004 0.097 0.578 0.001 0.075 0.638 0.458 0.633]
   673          977         0.058485         contract outside
  eval: e=0.0585  p=[0.192 0.653 0.004 0.094 0.578 0.001 0.073 0.638 0.444 0.635]
  eval: e=0.0585  p=[0.190 0.651 0.004 0.099 0.581 0.001 0.075 0.634 0.460 0.633]
   674          979         0.058485         contract inside
  eval: e=0.0585  p=[0.191 0.650 0.004 0.098 0.579 0.001 0.075 0.635 0.466 0.635]
  eval: e=0.0585  p=[0.191 0.652 0.004 0.098 0.581 0.001 0.075 0.635 0.450 0.633]
   675          981         0.058485         contract inside
  eval: e=0.0585  p=[0.192 0.646 0.004 0.096 0.582 0.001 0.074 0.630 0.447 0.639]
  eval: e=0.0585  p=[0.190 0.653 0.004 0.099 0.580 0.001 0.075 0.637 0.458 0.632]
   676          983         0.058485         contract inside
  eval: e=0.0585  p=[0.190 0.652 0.004 0.101 0.584 0.001 0.076 0.633 0.456 0.631]
  eval: e=0.0585  p=[0.189 0.652 0.004 0.105 0.586 0.001 0.077 0.631 0.457 0.627]
   677          985        0.0584842         reflect
  eval: e=0.0585  p=[0.191 0.646 0.004 0.099 0.584 0.001 0.075 0.629 0.452 0.637]
   678          986        0.0584842         reflect
  eval: e=0.0585  p=[0.190 0.649 0.004 0.101 0.583 0.001 0.076 0.631 0.460 0.633]
   679          987        0.0584842         reflect
  eval: e=0.0585  p=[0.190 0.655 0.004 0.099 0.579 0.001 0.075 0.639 0.460 0.630]
   680          988        0.0584842         reflect
  eval: e=0.0585  p=[0.190 0.652 0.004 0.103 0.584 0.001 0.077 0.633 0.458 0.629]
   681          989        0.0584842         reflect
  eval: e=0.0585  p=[0.191 0.647 0.004 0.100 0.585 0.001 0.076 0.628 0.453 0.635]
  eval: e=0.0585  p=[0.190 0.653 0.004 0.099 0.581 0.001 0.075 0.636 0.458 0.631]
   682          991        0.0584839         contract inside
  eval: e=0.0585  p=[0.192 0.649 0.004 0.095 0.579 0.001 0.074 0.634 0.454 0.637]
  eval: e=0.0585  p=[0.190 0.652 0.004 0.101 0.583 0.001 0.076 0.634 0.457 0.631]
   683          993        0.0584838         contract inside
  eval: e=0.0585  p=[0.190 0.655 0.004 0.100 0.580 0.001 0.076 0.639 0.457 0.629]
   684          994        0.0584838         reflect
  eval: e=0.0585  p=[0.190 0.652 0.004 0.100 0.582 0.001 0.076 0.634 0.457 0.631]
   685          995        0.0584838         reflect
  eval: e=0.0585  p=[0.190 0.651 0.004 0.103 0.585 0.001 0.076 0.630 0.454 0.630]
  eval: e=0.0585  p=[0.191 0.652 0.004 0.098 0.580 0.001 0.075 0.636 0.457 0.633]
   686          997         0.058483         contract inside
  eval: e=0.0585  p=[0.190 0.653 0.004 0.100 0.582 0.001 0.076 0.635 0.452 0.630]
   687          998         0.058483         reflect
  eval: e=0.0585  p=[0.190 0.652 0.004 0.102 0.583 0.001 0.076 0.634 0.462 0.630]
  eval: e=0.0585  p=[0.191 0.652 0.004 0.099 0.581 0.001 0.075 0.635 0.453 0.632]
   688         1000        0.0584827         contract inside
  eval: e=0.0585  p=[0.190 0.651 0.004 0.101 0.584 0.001 0.076 0.631 0.453 0.631]
   689         1001        0.0584827         reflect
  eval: e=0.0585  p=[0.190 0.656 0.004 0.101 0.580 0.001 0.076 0.640 0.463 0.628]
  eval: e=0.0585  p=[0.191 0.650 0.004 0.100 0.583 0.001 0.076 0.632 0.453 0.633]
   690         1003        0.0584821         contract inside
  eval: e=0.0585  p=[0.191 0.648 0.004 0.101 0.585 0.001 0.076 0.629 0.455 0.634]
  eval: e=0.0585  p=[0.190 0.650 0.004 0.100 0.584 0.001 0.076 0.631 0.455 0.633]
   691         1005        0.0584821         contract outside
  eval: e=0.0585  p=[0.190 0.650 0.004 0.100 0.583 0.001 0.076 0.633 0.454 0.632]
  eval: e=0.0585  p=[0.190 0.652 0.004 0.100 0.582 0.001 0.076 0.634 0.456 0.632]
   692         1007        0.0584821         contract inside
  eval: e=0.0585  p=[0.191 0.654 0.004 0.099 0.581 0.001 0.075 0.636 0.451 0.630]
  eval: e=0.0585  p=[0.190 0.650 0.004 0.101 0.583 0.001 0.076 0.632 0.457 0.632]
   693         1009        0.0584821         contract inside
  eval: e=0.0585  p=[0.191 0.651 0.004 0.099 0.581 0.001 0.075 0.634 0.455 0.633]
  eval: e=0.0585  p=[0.191 0.651 0.004 0.097 0.580 0.001 0.075 0.635 0.454 0.634]
   694         1011        0.0584813         reflect
  eval: e=0.0585  p=[0.191 0.650 0.004 0.101 0.584 0.001 0.076 0.630 0.452 0.633]
   695         1012        0.0584813         reflect
  eval: e=0.0585  p=[0.191 0.651 0.004 0.099 0.582 0.001 0.075 0.632 0.452 0.634]
   696         1013        0.0584813         reflect
  eval: e=0.0585  p=[0.191 0.649 0.004 0.099 0.583 0.001 0.075 0.631 0.456 0.635]
   697         1014        0.0584813         reflect
  eval: e=0.0585  p=[0.190 0.649 0.004 0.101 0.586 0.001 0.076 0.628 0.451 0.633]
  eval: e=0.0585  p=[0.191 0.651 0.004 0.099 0.582 0.001 0.075 0.634 0.456 0.633]
   698         1016        0.0584813         contract inside
  eval: e=0.0585  p=[0.190 0.653 0.004 0.100 0.583 0.001 0.076 0.634 0.452 0.630]
  eval: e=0.0585  p=[0.191 0.650 0.004 0.100 0.583 0.001 0.075 0.632 0.455 0.634]
   699         1018        0.0584813         contract inside
  eval: e=0.0585  p=[0.191 0.651 0.004 0.098 0.581 0.001 0.075 0.634 0.456 0.634]
  eval: e=0.0585  p=[0.190 0.651 0.004 0.100 0.584 0.001 0.076 0.632 0.454 0.632]
   700         1020        0.0584813         contract inside
  eval: e=0.0585  p=[0.190 0.649 0.004 0.101 0.584 0.001 0.076 0.630 0.456 0.633]
   701         1021        0.0584813         reflect
  eval: e=0.0585  p=[0.190 0.650 0.004 0.101 0.584 0.001 0.076 0.632 0.458 0.632]
  eval: e=0.0585  p=[0.191 0.651 0.004 0.099 0.583 0.001 0.075 0.632 0.453 0.633]
   702         1023        0.0584813         contract inside
  eval: e=0.0585  p=[0.191 0.651 0.004 0.099 0.582 0.001 0.075 0.633 0.454 0.632]
  eval: e=0.0585  p=[0.191 0.652 0.004 0.099 0.581 0.001 0.075 0.635 0.454 0.632]
   703         1025        0.0584806         reflect
  eval: e=0.0585  p=[0.191 0.649 0.004 0.100 0.583 0.001 0.075 0.631 0.453 0.634]
   704         1026        0.0584806         reflect
  eval: e=0.0585  p=[0.191 0.650 0.004 0.099 0.583 0.001 0.075 0.632 0.451 0.634]
  eval: e=0.0585  p=[0.190 0.650 0.004 0.100 0.583 0.001 0.076 0.632 0.456 0.633]
   705         1028        0.0584806         contract inside
  eval: e=0.0585  p=[0.191 0.651 0.004 0.100 0.582 0.001 0.075 0.632 0.456 0.633]
  eval: e=0.0585  p=[0.191 0.651 0.004 0.099 0.582 0.001 0.075 0.633 0.457 0.633]
   706         1030        0.0584804         reflect
  eval: e=0.0585  p=[0.191 0.651 0.004 0.099 0.581 0.001 0.075 0.634 0.457 0.633]
  eval: e=0.0585  p=[0.191 0.650 0.004 0.100 0.583 0.001 0.076 0.631 0.453 0.633]
   707         1032        0.0584804         contract inside
  eval: e=0.0585  p=[0.191 0.651 0.004 0.100 0.583 0.001 0.076 0.633 0.454 0.632]
  eval: e=0.0585  p=[0.190 0.652 0.004 0.100 0.583 0.001 0.076 0.633 0.453 0.631]
   708         1034        0.0584804         reflect
  eval: e=0.0585  p=[0.191 0.652 0.004 0.098 0.581 0.001 0.075 0.635 0.453 0.633]
  eval: e=0.0585  p=[0.191 0.650 0.004 0.100 0.583 0.001 0.076 0.631 0.455 0.633]
   709         1036        0.0584804         contract inside
  eval: e=0.0585  p=[0.191 0.651 0.004 0.099 0.582 0.001 0.075 0.633 0.455 0.634]
   710         1037        0.0584804         reflect
  eval: e=0.0585  p=[0.191 0.650 0.004 0.100 0.584 0.001 0.076 0.631 0.453 0.633]
   711         1038        0.0584804         reflect
  eval: e=0.0585  p=[0.190 0.649 0.004 0.101 0.584 0.001 0.076 0.630 0.454 0.633]
   712         1039        0.0584804         reflect
  eval: e=0.0585  p=[0.190 0.652 0.004 0.100 0.582 0.001 0.076 0.633 0.456 0.632]
  eval: e=0.0585  p=[0.191 0.650 0.004 0.100 0.583 0.001 0.075 0.631 0.454 0.633]
   713         1041        0.0584804         contract inside
  eval: e=0.0585  p=[0.191 0.650 0.004 0.099 0.583 0.001 0.075 0.632 0.452 0.633]
   714         1042        0.0584804         reflect
  eval: e=0.0585  p=[0.191 0.650 0.004 0.100 0.583 0.001 0.076 0.631 0.455 0.633]
  eval: e=0.0585  p=[0.190 0.650 0.004 0.101 0.584 0.001 0.076 0.631 0.455 0.633]
   715         1044        0.0584792         expand
  eval: e=0.0585  p=[0.191 0.651 0.004 0.099 0.581 0.001 0.075 0.634 0.455 0.633]
   716         1045        0.0584792         reflect
  eval: e=0.0585  p=[0.191 0.651 0.004 0.099 0.582 0.001 0.075 0.633 0.455 0.633]
   717         1046        0.0584792         reflect
  eval: e=0.0585  p=[0.191 0.651 0.004 0.099 0.582 0.001 0.075 0.633 0.454 0.633]
   718         1047        0.0584792         reflect
  eval: e=0.0585  p=[0.190 0.651 0.004 0.100 0.584 0.001 0.076 0.632 0.453 0.632]
   719         1048        0.0584792         reflect
  eval: e=0.0585  p=[0.191 0.651 0.004 0.099 0.582 0.001 0.075 0.633 0.455 0.632]
   720         1049        0.0584792         reflect
  eval: e=0.0585  p=[0.191 0.650 0.004 0.100 0.583 0.001 0.076 0.631 0.454 0.633]
  eval: e=0.0585  p=[0.191 0.649 0.004 0.100 0.584 0.001 0.076 0.630 0.454 0.634]
   721         1051        0.0584785         expand
  eval: e=0.0585  p=[0.191 0.650 0.004 0.101 0.584 0.001 0.076 0.630 0.454 0.633]
   722         1052        0.0584785         reflect
  eval: e=0.0585  p=[0.190 0.651 0.004 0.100 0.583 0.001 0.076 0.632 0.456 0.632]
   723         1053        0.0584785         reflect
  eval: e=0.0585  p=[0.191 0.650 0.004 0.100 0.584 0.001 0.076 0.631 0.453 0.633]
   724         1054        0.0584785         reflect
  eval: e=0.0585  p=[0.190 0.651 0.004 0.100 0.582 0.001 0.076 0.633 0.456 0.632]
  eval: e=0.0585  p=[0.190 0.652 0.004 0.100 0.582 0.001 0.076 0.634 0.457 0.632]
   725         1056        0.0584773         expand
  eval: e=0.0585  p=[0.191 0.650 0.004 0.100 0.583 0.001 0.076 0.631 0.455 0.633]
  eval: e=0.0585  p=[0.191 0.649 0.004 0.100 0.584 0.001 0.076 0.630 0.456 0.634]
   726         1058        0.0584764         expand
  eval: e=0.0585  p=[0.190 0.650 0.004 0.101 0.584 0.001 0.076 0.630 0.454 0.632]
   727         1059        0.0584764         reflect
  eval: e=0.0585  p=[0.190 0.649 0.004 0.101 0.585 0.001 0.076 0.629 0.454 0.633]
   728         1060        0.0584764         reflect
  eval: e=0.0585  p=[0.191 0.649 0.004 0.100 0.583 0.001 0.076 0.631 0.456 0.634]
   729         1061        0.0584764         reflect
  eval: e=0.0585  p=[0.190 0.649 0.004 0.102 0.585 0.001 0.076 0.628 0.456 0.633]
   730         1062        0.0584764         reflect
  eval: e=0.0585  p=[0.190 0.650 0.004 0.100 0.583 0.001 0.076 0.631 0.457 0.633]
  eval: e=0.0585  p=[0.190 0.650 0.004 0.100 0.583 0.001 0.076 0.632 0.459 0.633]
   731         1064        0.0584749         expand
  eval: e=0.0585  p=[0.191 0.650 0.004 0.100 0.584 0.001 0.076 0.631 0.456 0.633]
   732         1065        0.0584749         reflect
  eval: e=0.0585  p=[0.191 0.649 0.004 0.100 0.584 0.001 0.076 0.629 0.455 0.634]
  eval: e=0.0585  p=[0.191 0.648 0.004 0.101 0.585 0.001 0.076 0.628 0.454 0.634]
   733         1067        0.0584729         expand
  eval: e=0.0585  p=[0.190 0.649 0.004 0.101 0.584 0.001 0.076 0.630 0.459 0.634]
   734         1068        0.0584729         reflect
  eval: e=0.0585  p=[0.190 0.650 0.004 0.101 0.584 0.001 0.076 0.631 0.458 0.633]
   735         1069        0.0584729         reflect
  eval: e=0.0585  p=[0.191 0.650 0.004 0.099 0.582 0.001 0.075 0.633 0.456 0.634]
   736         1070        0.0584729         reflect
  eval: e=0.0585  p=[0.190 0.651 0.004 0.100 0.582 0.001 0.076 0.633 0.459 0.633]
   737         1071        0.0584729         reflect
  eval: e=0.0585  p=[0.191 0.650 0.004 0.099 0.582 0.001 0.075 0.632 0.460 0.634]
   738         1072        0.0584729         reflect
  eval: e=0.0585  p=[0.191 0.647 0.004 0.100 0.585 0.001 0.076 0.628 0.458 0.635]
   739         1073        0.0584729         reflect
  eval: e=0.0585  p=[0.190 0.649 0.004 0.100 0.583 0.001 0.076 0.631 0.459 0.634]
  eval: e=0.0585  p=[0.190 0.649 0.004 0.100 0.583 0.001 0.076 0.631 0.460 0.634]
   740         1075        0.0584688         expand
  eval: e=0.0585  p=[0.190 0.650 0.004 0.100 0.583 0.001 0.076 0.631 0.459 0.633]
   741         1076        0.0584688         reflect
  eval: e=0.0585  p=[0.191 0.650 0.004 0.099 0.583 0.001 0.075 0.632 0.457 0.634]
   742         1077        0.0584688         reflect
  eval: e=0.0585  p=[0.190 0.649 0.004 0.100 0.583 0.001 0.076 0.631 0.460 0.634]
   743         1078        0.0584688         reflect
  eval: e=0.0585  p=[0.191 0.649 0.004 0.100 0.584 0.001 0.076 0.630 0.458 0.634]
  eval: e=0.0585  p=[0.191 0.648 0.004 0.100 0.584 0.001 0.076 0.628 0.457 0.635]
   744         1080        0.0584664         expand
  eval: e=0.0585  p=[0.190 0.648 0.004 0.101 0.585 0.001 0.076 0.628 0.460 0.634]
   745         1081        0.0584664         reflect
  eval: e=0.0585  p=[0.190 0.648 0.004 0.101 0.585 0.001 0.076 0.628 0.457 0.634]
   746         1082        0.0584664         reflect
  eval: e=0.0585  p=[0.190 0.647 0.004 0.101 0.586 0.001 0.076 0.627 0.457 0.635]
   747         1083        0.0584664         reflect
  eval: e=0.0585  p=[0.191 0.647 0.004 0.100 0.584 0.001 0.076 0.628 0.458 0.636]
  eval: e=0.0585  p=[0.191 0.646 0.004 0.099 0.584 0.001 0.075 0.626 0.458 0.638]
   748         1085        0.0584652         expand
  eval: e=0.0585  p=[0.190 0.649 0.004 0.100 0.584 0.001 0.076 0.630 0.458 0.634]
  eval: e=0.0585  p=[0.190 0.651 0.004 0.100 0.583 0.001 0.076 0.632 0.458 0.633]
   749         1087        0.0584588         expand
  eval: e=0.0585  p=[0.190 0.649 0.004 0.100 0.583 0.001 0.076 0.631 0.462 0.634]
   750         1088        0.0584588         reflect
  eval: e=0.0585  p=[0.190 0.647 0.004 0.101 0.585 0.001 0.076 0.627 0.461 0.635]
   751         1089        0.0584588         reflect
  eval: e=0.0585  p=[0.191 0.647 0.004 0.101 0.586 0.001 0.076 0.627 0.458 0.635]
   752         1090        0.0584588         reflect
  eval: e=0.0585  p=[0.191 0.646 0.004 0.101 0.586 0.001 0.076 0.625 0.458 0.636]
   753         1091        0.0584588         reflect
  eval: e=0.0585  p=[0.191 0.648 0.004 0.099 0.584 0.001 0.076 0.628 0.457 0.636]
  eval: e=0.0585  p=[0.191 0.648 0.004 0.099 0.584 0.001 0.075 0.628 0.456 0.636]
   754         1093        0.0584541         expand
  eval: e=0.0585  p=[0.191 0.646 0.004 0.100 0.586 0.001 0.076 0.625 0.457 0.636]
   755         1094        0.0584541         reflect
  eval: e=0.0585  p=[0.191 0.648 0.004 0.099 0.583 0.001 0.075 0.629 0.459 0.636]
   756         1095        0.0584541         reflect
  eval: e=0.0585  p=[0.191 0.647 0.004 0.099 0.584 0.001 0.075 0.628 0.460 0.637]
   757         1096        0.0584541         reflect
  eval: e=0.0585  p=[0.191 0.647 0.004 0.100 0.584 0.001 0.076 0.627 0.460 0.636]
  eval: e=0.0584  p=[0.191 0.647 0.004 0.099 0.585 0.001 0.076 0.626 0.462 0.637]
   758         1098        0.0584472         expand
  eval: e=0.0584  p=[0.190 0.649 0.004 0.101 0.584 0.001 0.076 0.629 0.461 0.634]
   759         1099        0.0584472         reflect
  eval: e=0.0585  p=[0.191 0.649 0.004 0.098 0.583 0.001 0.075 0.629 0.457 0.636]
   760         1100        0.0584472         reflect
  eval: e=0.0585  p=[0.191 0.647 0.004 0.099 0.586 0.001 0.076 0.625 0.455 0.637]
   761         1101        0.0584472         reflect
  eval: e=0.0584  p=[0.191 0.648 0.004 0.098 0.583 0.001 0.075 0.629 0.459 0.637]
   762         1102        0.0584472         reflect
  eval: e=0.0584  p=[0.191 0.649 0.004 0.098 0.582 0.001 0.075 0.631 0.458 0.636]
   763         1103        0.0584472         reflect
  eval: e=0.0584  p=[0.191 0.648 0.004 0.099 0.585 0.001 0.076 0.627 0.458 0.636]
  eval: e=0.0584  p=[0.191 0.647 0.004 0.099 0.585 0.001 0.076 0.627 0.457 0.636]
   764         1105        0.0584357         expand
  eval: e=0.0584  p=[0.191 0.645 0.004 0.098 0.586 0.001 0.075 0.624 0.458 0.639]
   765         1106        0.0584357         reflect
  eval: e=0.0584  p=[0.191 0.648 0.004 0.100 0.585 0.001 0.076 0.627 0.456 0.635]
   766         1107        0.0584357         reflect
  eval: e=0.0584  p=[0.191 0.649 0.003 0.098 0.583 0.001 0.075 0.630 0.459 0.636]
   767         1108        0.0584357         reflect
  eval: e=0.0584  p=[0.191 0.648 0.003 0.099 0.585 0.001 0.076 0.627 0.461 0.636]
   768         1109        0.0584357         reflect
  eval: e=0.0584  p=[0.191 0.647 0.003 0.100 0.586 0.001 0.076 0.626 0.460 0.637]
  eval: e=0.0584  p=[0.191 0.645 0.003 0.100 0.587 0.001 0.076 0.624 0.461 0.637]
   769         1111        0.0584267         expand
  eval: e=0.0584  p=[0.191 0.649 0.003 0.099 0.583 0.001 0.076 0.630 0.463 0.636]
   770         1112        0.0584267         reflect
  eval: e=0.0584  p=[0.191 0.646 0.003 0.097 0.584 0.001 0.075 0.626 0.458 0.639]
   771         1113        0.0584267         reflect
  eval: e=0.0584  p=[0.191 0.647 0.003 0.099 0.586 0.001 0.076 0.625 0.460 0.637]
  eval: e=0.0584  p=[0.191 0.646 0.003 0.100 0.587 0.001 0.076 0.624 0.460 0.637]
   772         1115        0.0584153         expand
  eval: e=0.0584  p=[0.191 0.644 0.003 0.100 0.587 0.001 0.076 0.622 0.461 0.638]
   773         1116        0.0584153         reflect
  eval: e=0.0584  p=[0.191 0.647 0.003 0.099 0.586 0.001 0.076 0.625 0.457 0.637]
   774         1117        0.0584153         reflect
  eval: e=0.0584  p=[0.190 0.649 0.003 0.100 0.585 0.001 0.076 0.628 0.460 0.634]
  eval: e=0.0584  p=[0.190 0.651 0.003 0.101 0.585 0.001 0.076 0.631 0.462 0.632]
   775         1119        0.0584001         expand
  eval: e=0.0584  p=[0.191 0.645 0.003 0.101 0.588 0.001 0.076 0.623 0.460 0.637]
   776         1120        0.0584001         reflect
  eval: e=0.0584  p=[0.191 0.646 0.003 0.099 0.586 0.001 0.076 0.624 0.464 0.638]
   777         1121        0.0584001         reflect
  eval: e=0.0584  p=[0.191 0.645 0.003 0.100 0.587 0.001 0.076 0.624 0.460 0.638]
   778         1122        0.0584001         reflect
  eval: e=0.0584  p=[0.191 0.646 0.003 0.100 0.587 0.001 0.076 0.624 0.464 0.638]
   779         1123        0.0584001         reflect
  eval: e=0.0584  p=[0.190 0.647 0.003 0.102 0.588 0.001 0.077 0.624 0.464 0.634]
  eval: e=0.0584  p=[0.189 0.647 0.003 0.105 0.590 0.001 0.078 0.624 0.467 0.632]
   780         1125        0.0583917         expand
  eval: e=0.0584  p=[0.190 0.644 0.003 0.102 0.591 0.001 0.077 0.619 0.459 0.637]
  eval: e=0.0584  p=[0.190 0.642 0.003 0.104 0.594 0.001 0.078 0.614 0.457 0.637]
   781         1127        0.0583737         expand
  eval: e=0.0584  p=[0.190 0.646 0.003 0.102 0.589 0.001 0.077 0.623 0.461 0.635]
   782         1128        0.0583737         reflect
  eval: e=0.0584  p=[0.190 0.648 0.003 0.102 0.588 0.001 0.077 0.625 0.462 0.634]
  eval: e=0.0583  p=[0.190 0.650 0.002 0.103 0.588 0.001 0.077 0.626 0.462 0.632]
   783         1130        0.0583476         expand
  eval: e=0.0584  p=[0.190 0.646 0.003 0.104 0.590 0.001 0.078 0.622 0.467 0.634]
   784         1131        0.0583476         reflect
  eval: e=0.0584  p=[0.190 0.647 0.003 0.103 0.590 0.001 0.077 0.623 0.465 0.634]
   785         1132        0.0583476         reflect
  eval: e=0.0583  p=[0.190 0.648 0.002 0.103 0.589 0.001 0.078 0.624 0.466 0.633]
  eval: e=0.0583  p=[0.189 0.649 0.002 0.104 0.590 0.000 0.078 0.625 0.469 0.631]
   786         1134        0.0583178         expand
  eval: e=0.0583  p=[0.189 0.648 0.002 0.106 0.592 0.001 0.078 0.623 0.463 0.631]
   787         1135        0.0583178         reflect
  eval: e=0.0583  p=[0.189 0.649 0.002 0.106 0.592 0.001 0.079 0.623 0.467 0.630]
   788         1136        0.0583178         reflect
  eval: e=0.0583  p=[0.189 0.650 0.002 0.108 0.593 0.001 0.079 0.623 0.464 0.628]
   789         1137        0.0583178         reflect
  eval: e=0.0583  p=[0.189 0.644 0.002 0.108 0.597 0.000 0.079 0.615 0.467 0.632]
   790         1138        0.0583178         reflect
  eval: e=0.0583  p=[0.190 0.647 0.002 0.105 0.593 0.000 0.078 0.620 0.462 0.633]
  eval: e=0.0583  p=[0.190 0.646 0.001 0.104 0.595 0.000 0.078 0.618 0.459 0.633]
   791         1140         0.058265         expand
  eval: e=0.0583  p=[0.188 0.648 0.002 0.109 0.596 0.000 0.080 0.619 0.467 0.629]
   792         1141         0.058265         reflect
  eval: e=0.0583  p=[0.188 0.654 0.002 0.107 0.590 0.000 0.079 0.630 0.473 0.625]
   793         1142         0.058265         reflect
  eval: e=0.0583  p=[0.188 0.651 0.001 0.108 0.595 0.000 0.079 0.623 0.464 0.627]
   794         1143         0.058265         reflect
  eval: e=0.0583  p=[0.188 0.651 0.001 0.109 0.596 0.000 0.080 0.622 0.466 0.626]
   795         1144         0.058265         reflect
  eval: e=0.0583  p=[0.188 0.648 0.001 0.111 0.599 0.000 0.081 0.618 0.470 0.626]
   796         1145         0.058265         reflect
  eval: e=0.0582  p=[0.188 0.650 0.001 0.110 0.597 0.000 0.080 0.620 0.471 0.627]
  eval: e=0.0591  p=[0.187 0.650 0.000 0.112 0.599 0.000 0.081 0.619 0.475 0.625]
   797         1147        0.0582484         reflect
  eval: e=0.0582  p=[0.189 0.648 0.001 0.108 0.596 0.000 0.080 0.619 0.470 0.630]
  eval: e=0.0591  p=[0.188 0.648 0.000 0.107 0.597 0.000 0.080 0.617 0.473 0.631]
   798         1149        0.0582431         reflect
  eval: e=0.0583  p=[0.188 0.649 0.001 0.109 0.598 0.000 0.080 0.619 0.468 0.628]
   799         1150        0.0582431         reflect
  eval: e=0.0584  p=[0.188 0.655 0.001 0.108 0.593 0.000 0.080 0.628 0.468 0.624]
  eval: e=0.0583  p=[0.189 0.647 0.002 0.108 0.596 0.000 0.079 0.618 0.467 0.630]
   800         1152        0.0582431         contract inside
  eval: e=0.0585  p=[0.188 0.649 0.000 0.112 0.602 0.000 0.081 0.616 0.466 0.625]
  eval: e=0.0583  p=[0.189 0.649 0.002 0.106 0.593 0.000 0.079 0.623 0.468 0.629]
   801         1154        0.0582431         contract inside
  eval: e=0.0582  p=[0.188 0.651 0.001 0.108 0.595 0.000 0.080 0.623 0.469 0.627]
   802         1155        0.0582431         reflect
  eval: e=0.0582  p=[0.189 0.644 0.001 0.109 0.601 0.000 0.080 0.611 0.462 0.632]
  eval: e=0.0585  p=[0.189 0.640 0.000 0.110 0.607 0.000 0.080 0.601 0.456 0.635]
   803         1157        0.0582362         reflect
  eval: e=0.0584  p=[0.188 0.651 0.000 0.108 0.597 0.000 0.080 0.621 0.466 0.627]
  eval: e=0.0583  p=[0.189 0.648 0.001 0.108 0.596 0.000 0.080 0.619 0.467 0.629]
   804         1159        0.0582362         contract inside
  eval: e=0.0585  p=[0.188 0.648 0.000 0.110 0.601 0.000 0.081 0.615 0.465 0.628]
  eval: e=0.0583  p=[0.189 0.649 0.001 0.107 0.595 0.000 0.079 0.621 0.467 0.629]
   805         1161        0.0582362         contract inside
  eval: e=0.0583  p=[0.189 0.648 0.001 0.107 0.595 0.000 0.079 0.620 0.465 0.630]
  eval: e=0.0582  p=[0.188 0.649 0.001 0.109 0.597 0.000 0.080 0.619 0.467 0.628]
   806         1163        0.0582343         contract inside
  eval: e=0.0582  p=[0.188 0.650 0.001 0.108 0.597 0.000 0.080 0.620 0.466 0.628]
   807         1164        0.0582343         reflect
  eval: e=0.0583  p=[0.188 0.646 0.001 0.109 0.599 0.000 0.080 0.615 0.469 0.630]
   808         1165        0.0582343         reflect
  eval: e=0.0582  p=[0.189 0.648 0.001 0.105 0.595 0.000 0.079 0.620 0.464 0.632]
   809         1166        0.0582343         reflect
  eval: e=0.0584  p=[0.189 0.648 0.000 0.108 0.599 0.000 0.080 0.616 0.465 0.630]
  eval: e=0.0583  p=[0.189 0.649 0.001 0.108 0.596 0.000 0.079 0.620 0.467 0.629]
   810         1168        0.0582343         contract inside
  eval: e=0.0584  p=[0.189 0.645 0.000 0.106 0.598 0.000 0.079 0.615 0.466 0.633]
  eval: e=0.0582  p=[0.188 0.649 0.001 0.108 0.596 0.000 0.080 0.620 0.466 0.628]
   811         1170        0.0582343         contract inside
  eval: e=0.0587  p=[0.187 0.650 0.000 0.112 0.599 0.000 0.081 0.619 0.475 0.625]
  eval: e=0.0582  p=[0.189 0.647 0.001 0.106 0.596 0.000 0.079 0.618 0.463 0.631]
   812         1172        0.0582343         contract inside
  eval: e=0.0583  p=[0.189 0.651 0.001 0.107 0.594 0.000 0.079 0.623 0.464 0.628]
  eval: e=0.0582  p=[0.189 0.650 0.001 0.107 0.595 0.000 0.079 0.621 0.465 0.628]
   813         1174        0.0582343         contract outside
  eval: e=0.0583  p=[0.189 0.649 0.001 0.108 0.597 0.000 0.080 0.618 0.466 0.629]
  eval: e=0.0582  p=[0.189 0.649 0.001 0.108 0.596 0.000 0.080 0.619 0.467 0.629]
   814         1176        0.0582343         contract inside
  eval: e=0.0583  p=[0.189 0.648 0.001 0.107 0.597 0.000 0.079 0.618 0.466 0.631]
  eval: e=0.0582  p=[0.188 0.649 0.001 0.108 0.596 0.000 0.080 0.620 0.466 0.628]
   815         1178        0.0582343         contract inside
  eval: e=0.0583  p=[0.188 0.650 0.001 0.110 0.597 0.000 0.080 0.620 0.470 0.627]
  eval: e=0.0582  p=[0.189 0.648 0.001 0.107 0.596 0.000 0.079 0.619 0.465 0.630]
   816         1180        0.0582343         contract inside
  eval: e=0.0582  p=[0.189 0.647 0.001 0.106 0.596 0.000 0.079 0.618 0.462 0.632]
  eval: e=0.0582  p=[0.190 0.646 0.001 0.104 0.596 0.000 0.078 0.616 0.457 0.634]
   817         1182        0.0582312         reflect
  eval: e=0.0582  p=[0.189 0.646 0.001 0.107 0.598 0.000 0.079 0.614 0.462 0.632]
  eval: e=0.0582  p=[0.189 0.647 0.001 0.107 0.598 0.000 0.079 0.616 0.464 0.631]
   818         1184        0.0582312         contract outside
  eval: e=0.0582  p=[0.189 0.646 0.001 0.108 0.598 0.000 0.080 0.615 0.465 0.631]
   819         1185        0.0582312         reflect
  eval: e=0.0583  p=[0.189 0.647 0.001 0.107 0.598 0.000 0.079 0.616 0.464 0.631]
  eval: e=0.0582  p=[0.189 0.648 0.001 0.108 0.597 0.000 0.080 0.618 0.466 0.630]
   820         1187        0.0582312         contract inside
  eval: e=0.0582  p=[0.188 0.647 0.001 0.111 0.600 0.000 0.081 0.615 0.467 0.628]
  eval: e=0.0582  p=[0.189 0.648 0.001 0.106 0.596 0.000 0.079 0.619 0.465 0.631]
   821         1189        0.0582312         contract inside
  eval: e=0.0582  p=[0.189 0.646 0.001 0.107 0.598 0.000 0.079 0.615 0.464 0.632]
   822         1190        0.0582312         reflect
  eval: e=0.0582  p=[0.189 0.646 0.001 0.107 0.599 0.000 0.079 0.615 0.459 0.631]
  eval: e=0.0582  p=[0.189 0.645 0.001 0.107 0.601 0.000 0.079 0.612 0.453 0.632]
   823         1192        0.0582229         expand
  eval: e=0.0582  p=[0.190 0.644 0.001 0.106 0.599 0.000 0.079 0.613 0.460 0.634]
   824         1193        0.0582229         reflect
  eval: e=0.0582  p=[0.189 0.645 0.001 0.108 0.600 0.000 0.080 0.613 0.460 0.632]
  eval: e=0.0582  p=[0.189 0.647 0.001 0.107 0.597 0.000 0.079 0.617 0.464 0.631]
   825         1195        0.0582229         contract inside
  eval: e=0.0582  p=[0.189 0.647 0.001 0.108 0.598 0.000 0.079 0.616 0.461 0.630]
   826         1196        0.0582229         reflect
  eval: e=0.0582  p=[0.189 0.646 0.001 0.107 0.599 0.000 0.079 0.615 0.461 0.631]
   827         1197        0.0582229         reflect
  eval: e=0.0582  p=[0.189 0.645 0.001 0.107 0.600 0.000 0.079 0.612 0.458 0.633]
   828         1198        0.0582229         reflect
  eval: e=0.0583  p=[0.189 0.645 0.000 0.107 0.599 0.000 0.079 0.614 0.462 0.632]
  eval: e=0.0582  p=[0.189 0.647 0.001 0.107 0.598 0.000 0.079 0.616 0.462 0.631]
   829         1200        0.0582229         contract inside
  eval: e=0.0582  p=[0.189 0.646 0.001 0.107 0.599 0.000 0.079 0.615 0.457 0.631]
   830         1201        0.0582229         reflect
  eval: e=0.0582  p=[0.189 0.645 0.001 0.107 0.600 0.000 0.079 0.613 0.457 0.632]
  eval: e=0.0582  p=[0.190 0.644 0.001 0.107 0.601 0.000 0.079 0.611 0.454 0.633]
   831         1203        0.0582226         reflect
  eval: e=0.0582  p=[0.189 0.649 0.001 0.108 0.598 0.000 0.080 0.617 0.461 0.629]
  eval: e=0.0582  p=[0.189 0.645 0.001 0.107 0.599 0.000 0.079 0.614 0.460 0.633]
   832         1205        0.0582226         contract inside
  eval: e=0.0582  p=[0.189 0.649 0.001 0.105 0.595 0.000 0.079 0.620 0.459 0.631]
   833         1206        0.0582226         reflect
  eval: e=0.0582  p=[0.189 0.645 0.001 0.108 0.601 0.000 0.079 0.612 0.455 0.632]
   834         1207        0.0582226         reflect
  eval: e=0.0582  p=[0.190 0.644 0.001 0.105 0.600 0.000 0.078 0.611 0.450 0.635]
   835         1208        0.0582226         reflect
  eval: e=0.0582  p=[0.190 0.645 0.001 0.106 0.600 0.000 0.079 0.613 0.453 0.633]
  eval: e=0.0582  p=[0.190 0.644 0.000 0.105 0.600 0.000 0.078 0.611 0.448 0.635]
   836         1210        0.0582185         reflect
  eval: e=0.0582  p=[0.190 0.645 0.000 0.106 0.600 0.000 0.079 0.613 0.456 0.633]
   837         1211        0.0582185         reflect
  eval: e=0.0582  p=[0.190 0.646 0.001 0.106 0.599 0.000 0.079 0.614 0.452 0.632]
  eval: e=0.0582  p=[0.190 0.646 0.000 0.105 0.600 0.000 0.079 0.614 0.448 0.632]
   838         1213        0.0582181         reflect
  eval: e=0.0582  p=[0.190 0.643 0.001 0.107 0.602 0.000 0.079 0.609 0.449 0.633]
  eval: e=0.0582  p=[0.190 0.642 0.000 0.108 0.605 0.000 0.079 0.605 0.443 0.634]
   839         1215        0.0582155         reflect
  eval: e=0.0582  p=[0.189 0.647 0.001 0.108 0.599 0.000 0.080 0.616 0.461 0.629]
   840         1216        0.0582155         reflect
  eval: e=0.0582  p=[0.189 0.642 0.000 0.109 0.605 0.000 0.080 0.606 0.453 0.633]
  eval: e=0.0582  p=[0.189 0.647 0.001 0.106 0.598 0.000 0.079 0.616 0.457 0.632]
   841         1218        0.0582155         contract inside
  eval: e=0.0582  p=[0.189 0.646 0.001 0.108 0.600 0.000 0.079 0.614 0.455 0.631]
   842         1219        0.0582155         reflect
  eval: e=0.0582  p=[0.190 0.645 0.001 0.107 0.601 0.000 0.079 0.611 0.449 0.633]
   843         1220        0.0582155         reflect
  eval: e=0.0582  p=[0.190 0.644 0.001 0.106 0.600 0.000 0.079 0.612 0.454 0.634]
   844         1221        0.0582155         reflect
  eval: e=0.0582  p=[0.190 0.646 0.001 0.107 0.600 0.000 0.079 0.613 0.450 0.632]
  eval: e=0.0582  p=[0.190 0.646 0.001 0.106 0.600 0.000 0.079 0.614 0.446 0.631]
   845         1223        0.0582152         reflect
  eval: e=0.0582  p=[0.190 0.646 0.000 0.106 0.599 0.000 0.079 0.614 0.452 0.633]
  eval: e=0.0582  p=[0.189 0.645 0.001 0.107 0.600 0.000 0.079 0.613 0.454 0.632]
   846         1225        0.0582152         contract inside
  eval: e=0.0582  p=[0.190 0.645 0.001 0.106 0.599 0.000 0.079 0.614 0.454 0.633]
  eval: e=0.0582  p=[0.190 0.645 0.001 0.106 0.599 0.000 0.079 0.614 0.455 0.633]
   847         1227        0.0582129         reflect
  eval: e=0.0582  p=[0.190 0.646 0.001 0.106 0.600 0.000 0.079 0.614 0.449 0.632]
  eval: e=0.0582  p=[0.190 0.646 0.001 0.105 0.600 0.000 0.078 0.614 0.445 0.632]
   848         1229        0.0582095         expand
  eval: e=0.0582  p=[0.191 0.643 0.001 0.104 0.601 0.000 0.078 0.610 0.442 0.636]
  eval: e=0.0582  p=[0.189 0.646 0.001 0.107 0.600 0.000 0.079 0.615 0.456 0.631]
   849         1231        0.0582095         contract inside
  eval: e=0.0582  p=[0.190 0.643 0.000 0.107 0.603 0.000 0.079 0.609 0.446 0.634]
   850         1232        0.0582095         reflect
  eval: e=0.0582  p=[0.190 0.646 0.001 0.107 0.601 0.000 0.079 0.613 0.448 0.631]
   851         1233        0.0582095         reflect
  eval: e=0.0582  p=[0.190 0.645 0.001 0.106 0.601 0.000 0.079 0.612 0.447 0.633]
   852         1234        0.0582095         reflect
  eval: e=0.0582  p=[0.190 0.646 0.001 0.106 0.600 0.000 0.079 0.614 0.451 0.632]
   853         1235        0.0582095         reflect
  eval: e=0.0582  p=[0.190 0.646 0.001 0.107 0.601 0.000 0.079 0.613 0.447 0.631]
  eval: e=0.0582  p=[0.189 0.646 0.001 0.108 0.602 0.000 0.079 0.613 0.444 0.630]
   854         1237        0.0582087         reflect
  eval: e=0.0582  p=[0.190 0.645 0.001 0.107 0.602 0.000 0.079 0.611 0.446 0.632]
   855         1238        0.0582087         reflect
  eval: e=0.0582  p=[0.190 0.645 0.000 0.106 0.601 0.000 0.079 0.612 0.450 0.633]
  eval: e=0.0582  p=[0.190 0.645 0.001 0.106 0.601 0.000 0.079 0.612 0.450 0.633]
   856         1240        0.0582087         contract outside
  eval: e=0.0582  p=[0.190 0.647 0.001 0.106 0.599 0.000 0.079 0.616 0.449 0.631]
  eval: e=0.0582  p=[0.190 0.649 0.001 0.105 0.597 0.000 0.078 0.620 0.450 0.630]
   857         1242        0.0582043         expand
  eval: e=0.0582  p=[0.190 0.645 0.000 0.106 0.600 0.000 0.079 0.613 0.449 0.633]
   858         1243        0.0582043         reflect
  eval: e=0.0582  p=[0.190 0.645 0.000 0.105 0.601 0.000 0.078 0.612 0.441 0.634]
   859         1244        0.0582043         reflect
  eval: e=0.0582  p=[0.190 0.648 0.001 0.105 0.598 0.000 0.078 0.618 0.450 0.631]
  eval: e=0.0582  p=[0.190 0.650 0.001 0.104 0.595 0.000 0.078 0.622 0.451 0.630]
   860         1246        0.0581974         expand
  eval: e=0.0582  p=[0.190 0.647 0.001 0.105 0.600 0.000 0.078 0.615 0.441 0.631]
   861         1247        0.0581974         reflect
  eval: e=0.0582  p=[0.190 0.647 0.001 0.105 0.600 0.000 0.078 0.615 0.442 0.632]
   862         1248        0.0581974         reflect
  eval: e=0.0582  p=[0.190 0.647 0.001 0.105 0.599 0.000 0.078 0.616 0.443 0.631]
   863         1249        0.0581974         reflect
  eval: e=0.0582  p=[0.190 0.648 0.001 0.105 0.599 0.000 0.078 0.618 0.445 0.630]
   864         1250        0.0581974         reflect
  eval: e=0.0582  p=[0.190 0.646 0.001 0.106 0.600 0.000 0.079 0.614 0.448 0.632]
   865         1251        0.0581974         reflect
  eval: e=0.0582  p=[0.190 0.649 0.001 0.104 0.597 0.000 0.078 0.620 0.445 0.631]
   866         1252        0.0581974         reflect
  eval: e=0.0582  p=[0.190 0.649 0.001 0.104 0.597 0.000 0.078 0.620 0.441 0.630]
   867         1253        0.0581974         reflect
  eval: e=0.0582  p=[0.190 0.649 0.001 0.105 0.598 0.000 0.078 0.620 0.445 0.630]
   868         1254        0.0581974         reflect
  eval: e=0.0582  p=[0.190 0.650 0.001 0.103 0.596 0.000 0.078 0.622 0.443 0.631]
   869         1255        0.0581974         reflect
  eval: e=0.0582  p=[0.189 0.652 0.001 0.105 0.595 0.000 0.078 0.625 0.450 0.628]
   870         1256        0.0581974         reflect
  eval: e=0.0582  p=[0.190 0.651 0.001 0.104 0.594 0.000 0.078 0.624 0.451 0.629]
  eval: e=0.0582  p=[0.189 0.653 0.001 0.103 0.592 0.000 0.078 0.629 0.456 0.628]
   871         1258         0.058196         reflect
  eval: e=0.0582  p=[0.190 0.649 0.001 0.104 0.596 0.000 0.078 0.620 0.448 0.631]
   872         1259         0.058196         reflect
  eval: e=0.0582  p=[0.190 0.653 0.001 0.103 0.593 0.000 0.078 0.627 0.445 0.628]
  eval: e=0.0582  p=[0.190 0.648 0.001 0.105 0.598 0.000 0.078 0.617 0.447 0.631]
   873         1261         0.058196         contract inside
  eval: e=0.0582  p=[0.190 0.652 0.001 0.103 0.593 0.000 0.078 0.627 0.452 0.629]
   874         1262         0.058196         reflect
  eval: e=0.0582  p=[0.190 0.651 0.001 0.103 0.595 0.000 0.078 0.624 0.445 0.630]
  eval: e=0.0582  p=[0.190 0.652 0.001 0.103 0.594 0.000 0.077 0.626 0.443 0.629]
   875         1264         0.058195         reflect
  eval: e=0.0582  p=[0.190 0.651 0.001 0.104 0.595 0.000 0.078 0.624 0.449 0.629]
   876         1265         0.058195         reflect
  eval: e=0.0582  p=[0.189 0.651 0.001 0.104 0.594 0.000 0.078 0.625 0.455 0.629]
   877         1266         0.058195         reflect
  eval: e=0.0582  p=[0.190 0.653 0.001 0.103 0.591 0.000 0.078 0.629 0.454 0.629]
   878         1267         0.058195         reflect
  eval: e=0.0582  p=[0.189 0.653 0.001 0.104 0.593 0.000 0.078 0.627 0.452 0.628]
  eval: e=0.0582  p=[0.190 0.652 0.001 0.104 0.594 0.000 0.078 0.626 0.451 0.629]
   879         1269         0.058195         contract outside
  eval: e=0.0582  p=[0.190 0.649 0.001 0.105 0.598 0.000 0.078 0.619 0.445 0.630]
   880         1270         0.058195         reflect
  eval: e=0.0582  p=[0.189 0.654 0.001 0.103 0.591 0.000 0.078 0.630 0.451 0.627]
   881         1271         0.058195         reflect
  eval: e=0.0582  p=[0.190 0.654 0.001 0.102 0.590 0.000 0.077 0.631 0.455 0.628]
  eval: e=0.0582  p=[0.190 0.650 0.001 0.105 0.596 0.000 0.078 0.622 0.448 0.630]
   882         1273         0.058195         contract inside
  eval: e=0.0582  p=[0.190 0.650 0.001 0.104 0.596 0.000 0.078 0.622 0.447 0.630]
   883         1274         0.058195         reflect
  eval: e=0.0582  p=[0.190 0.650 0.001 0.103 0.595 0.000 0.078 0.623 0.449 0.631]
  eval: e=0.0582  p=[0.190 0.649 0.001 0.102 0.595 0.000 0.077 0.622 0.448 0.632]
   884         1276        0.0581887         expand
  eval: e=0.0582  p=[0.190 0.647 0.001 0.105 0.599 0.000 0.078 0.616 0.446 0.632]
   885         1277        0.0581887         reflect
  eval: e=0.0582  p=[0.189 0.650 0.001 0.105 0.595 0.000 0.078 0.623 0.456 0.629]
   886         1278        0.0581887         reflect
  eval: e=0.0582  p=[0.190 0.649 0.001 0.104 0.596 0.000 0.078 0.621 0.450 0.631]
   887         1279        0.0581887         reflect
  eval: e=0.0582  p=[0.190 0.650 0.001 0.103 0.596 0.000 0.078 0.621 0.443 0.631]
  eval: e=0.0582  p=[0.190 0.650 0.001 0.105 0.595 0.000 0.078 0.623 0.452 0.630]
   888         1281        0.0581887         contract inside
  eval: e=0.0582  p=[0.190 0.650 0.001 0.104 0.595 0.000 0.078 0.622 0.447 0.630]
   889         1282        0.0581887         reflect
  eval: e=0.0582  p=[0.190 0.651 0.001 0.104 0.595 0.000 0.078 0.624 0.448 0.629]
   890         1283        0.0581887         reflect
  eval: e=0.0582  p=[0.189 0.654 0.001 0.103 0.591 0.000 0.078 0.630 0.452 0.627]
  eval: e=0.0582  p=[0.190 0.649 0.001 0.104 0.597 0.000 0.078 0.620 0.448 0.631]
   891         1285        0.0581887         contract inside
  eval: e=0.0582  p=[0.190 0.649 0.001 0.104 0.597 0.000 0.078 0.621 0.442 0.630]
  eval: e=0.0582  p=[0.190 0.651 0.001 0.104 0.594 0.000 0.078 0.624 0.452 0.630]
   892         1287        0.0581887         contract inside
  eval: e=0.0582  p=[0.190 0.651 0.001 0.103 0.594 0.000 0.078 0.624 0.451 0.630]
   893         1288        0.0581887         reflect
  eval: e=0.0582  p=[0.190 0.648 0.001 0.104 0.596 0.000 0.078 0.620 0.447 0.631]
   894         1289        0.0581887         reflect
  eval: e=0.0582  p=[0.190 0.649 0.001 0.104 0.596 0.000 0.078 0.620 0.450 0.632]
   895         1290        0.0581887         reflect
  eval: e=0.0582  p=[0.190 0.648 0.001 0.103 0.596 0.000 0.078 0.620 0.447 0.632]
   896         1291        0.0581887         reflect
  eval: e=0.0582  p=[0.190 0.651 0.001 0.104 0.595 0.000 0.078 0.623 0.447 0.629]
  eval: e=0.0582  p=[0.190 0.649 0.001 0.104 0.596 0.000 0.078 0.621 0.449 0.631]
   897         1293        0.0581887         contract inside
  eval: e=0.0582  p=[0.190 0.649 0.001 0.103 0.595 0.000 0.078 0.622 0.450 0.632]
  eval: e=0.0582  p=[0.190 0.649 0.001 0.102 0.594 0.000 0.077 0.622 0.451 0.633]
   898         1295        0.0581871         expand
  eval: e=0.0582  p=[0.190 0.648 0.001 0.104 0.596 0.000 0.078 0.620 0.453 0.633]
   899         1296        0.0581871         reflect
  eval: e=0.0582  p=[0.190 0.650 0.001 0.103 0.594 0.000 0.078 0.623 0.452 0.631]
   900         1297        0.0581871         reflect
  eval: e=0.0582  p=[0.190 0.648 0.001 0.102 0.595 0.000 0.077 0.621 0.447 0.633]
   901         1298        0.0581871         reflect
  eval: e=0.0582  p=[0.190 0.648 0.001 0.103 0.596 0.000 0.078 0.620 0.446 0.632]
   902         1299        0.0581871         reflect
  eval: e=0.0582  p=[0.190 0.649 0.001 0.102 0.594 0.000 0.077 0.623 0.451 0.632]
  eval: e=0.0582  p=[0.190 0.650 0.001 0.101 0.592 0.000 0.077 0.625 0.452 0.633]
   903         1301        0.0581862         expand
  eval: e=0.0582  p=[0.190 0.647 0.001 0.102 0.596 0.000 0.078 0.619 0.447 0.634]
   904         1302        0.0581862         reflect
  eval: e=0.0582  p=[0.191 0.647 0.001 0.101 0.596 0.000 0.077 0.619 0.446 0.635]
  eval: e=0.0582  p=[0.191 0.645 0.000 0.100 0.596 0.000 0.077 0.616 0.443 0.638]
   905         1304        0.0581858         reflect
  eval: e=0.0582  p=[0.190 0.649 0.001 0.102 0.594 0.000 0.077 0.623 0.451 0.633]
   906         1305        0.0581858         reflect
  eval: e=0.0582  p=[0.191 0.649 0.001 0.101 0.594 0.000 0.077 0.623 0.444 0.633]
   907         1306        0.0581858         reflect
  eval: e=0.0582  p=[0.191 0.648 0.001 0.101 0.594 0.000 0.077 0.622 0.447 0.635]
  eval: e=0.0582  p=[0.191 0.647 0.001 0.099 0.593 0.000 0.076 0.622 0.446 0.636]
   908         1308        0.0581803         expand
  eval: e=0.0582  p=[0.191 0.649 0.001 0.100 0.592 0.000 0.077 0.624 0.449 0.635]
   909         1309        0.0581803         reflect
  eval: e=0.0582  p=[0.191 0.647 0.001 0.099 0.592 0.000 0.076 0.621 0.449 0.637]
  eval: e=0.0582  p=[0.190 0.649 0.001 0.102 0.595 0.000 0.078 0.622 0.448 0.632]
   910         1311        0.0581803         contract inside
  eval: e=0.0582  p=[0.191 0.648 0.001 0.100 0.593 0.000 0.077 0.622 0.448 0.635]
   911         1312        0.0581803         reflect
  eval: e=0.0582  p=[0.191 0.648 0.001 0.100 0.593 0.000 0.077 0.623 0.449 0.635]
   912         1313        0.0581803         reflect
  eval: e=0.0582  p=[0.191 0.650 0.001 0.099 0.591 0.000 0.076 0.626 0.450 0.634]
   913         1314        0.0581803         reflect
  eval: e=0.0582  p=[0.191 0.649 0.001 0.099 0.592 0.000 0.076 0.623 0.446 0.635]
  eval: e=0.0582  p=[0.191 0.648 0.001 0.098 0.592 0.000 0.076 0.624 0.443 0.636]
   914         1316        0.0581762         expand
  eval: e=0.0582  p=[0.191 0.648 0.001 0.099 0.592 0.000 0.076 0.623 0.444 0.636]
   915         1317        0.0581762         reflect
  eval: e=0.0582  p=[0.191 0.647 0.001 0.099 0.594 0.000 0.076 0.621 0.441 0.636]
   916         1318        0.0581762         reflect
  eval: e=0.0582  p=[0.191 0.647 0.001 0.098 0.592 0.000 0.076 0.622 0.449 0.637]
   917         1319        0.0581762         reflect
  eval: e=0.0582  p=[0.191 0.650 0.001 0.098 0.590 0.000 0.076 0.627 0.447 0.635]
  eval: e=0.0582  p=[0.191 0.651 0.001 0.096 0.587 0.000 0.075 0.632 0.448 0.636]
   918         1321        0.0581756         expand
  eval: e=0.0582  p=[0.192 0.648 0.001 0.095 0.589 0.000 0.075 0.626 0.446 0.639]
   919         1322        0.0581756         reflect
  eval: e=0.0582  p=[0.192 0.648 0.001 0.097 0.591 0.000 0.076 0.625 0.443 0.637]
  eval: e=0.0582  p=[0.192 0.648 0.001 0.095 0.590 0.000 0.075 0.625 0.440 0.639]
   920         1324        0.0581752         expand
  eval: e=0.0582  p=[0.192 0.648 0.000 0.096 0.590 0.000 0.075 0.625 0.442 0.638]
  eval: e=0.0582  p=[0.192 0.648 0.000 0.094 0.589 0.000 0.074 0.626 0.438 0.640]
   921         1326        0.0581746         reflect
  eval: e=0.0582  p=[0.192 0.647 0.001 0.096 0.591 0.000 0.075 0.623 0.440 0.639]
   922         1327        0.0581746         reflect
  eval: e=0.0582  p=[0.192 0.648 0.001 0.096 0.590 0.000 0.075 0.625 0.445 0.639]
  eval: e=0.0582  p=[0.192 0.647 0.000 0.094 0.589 0.000 0.075 0.626 0.445 0.640]
   923         1329        0.0581698         expand
  eval: e=0.0582  p=[0.191 0.648 0.001 0.099 0.593 0.000 0.076 0.623 0.443 0.635]
   924         1330        0.0581698         reflect
  eval: e=0.0582  p=[0.192 0.648 0.001 0.094 0.589 0.000 0.075 0.626 0.439 0.640]
   925         1331        0.0581698         reflect
  eval: e=0.0582  p=[0.192 0.648 0.000 0.094 0.589 0.000 0.075 0.627 0.440 0.639]
  eval: e=0.0582  p=[0.193 0.649 0.000 0.092 0.587 0.000 0.074 0.630 0.438 0.640]
   926         1333        0.0581693         expand
  eval: e=0.0582  p=[0.192 0.649 0.001 0.093 0.586 0.000 0.074 0.630 0.444 0.640]
   927         1334        0.0581693         reflect
  eval: e=0.0582  p=[0.193 0.650 0.000 0.092 0.587 0.000 0.074 0.630 0.435 0.639]
  eval: e=0.0582  p=[0.192 0.649 0.001 0.094 0.588 0.000 0.074 0.628 0.439 0.639]
   928         1336        0.0581693         contract outside
  eval: e=0.0582  p=[0.192 0.651 0.001 0.094 0.587 0.000 0.075 0.631 0.444 0.637]
   929         1337        0.0581693         reflect
  eval: e=0.0582  p=[0.193 0.649 0.000 0.091 0.585 0.000 0.074 0.631 0.441 0.641]
   930         1338        0.0581693         reflect
  eval: e=0.0582  p=[0.193 0.646 0.000 0.093 0.590 0.000 0.074 0.624 0.435 0.642]
   931         1339        0.0581693         reflect
  eval: e=0.0582  p=[0.192 0.649 0.000 0.093 0.586 0.000 0.074 0.630 0.442 0.640]
   932         1340        0.0581693         reflect
  eval: e=0.0582  p=[0.193 0.649 0.000 0.092 0.586 0.000 0.074 0.631 0.440 0.641]
  eval: e=0.0582  p=[0.193 0.649 0.000 0.089 0.584 0.000 0.073 0.633 0.439 0.642]
   933         1342        0.0581646         expand
  eval: e=0.0582  p=[0.192 0.649 0.000 0.092 0.586 0.000 0.074 0.631 0.443 0.640]
  eval: e=0.0582  p=[0.192 0.650 0.000 0.092 0.584 0.000 0.074 0.633 0.445 0.640]
   934         1344         0.058164         reflect
  eval: e=0.0582  p=[0.194 0.650 0.000 0.086 0.580 0.000 0.072 0.636 0.439 0.645]
  eval: e=0.0582  p=[0.192 0.648 0.001 0.096 0.590 0.000 0.075 0.626 0.442 0.638]
   935         1346         0.058164         contract inside
  eval: e=0.0582  p=[0.192 0.648 0.000 0.092 0.586 0.000 0.074 0.630 0.444 0.641]
  eval: e=0.0582  p=[0.193 0.648 0.000 0.091 0.585 0.000 0.074 0.631 0.447 0.642]
   936         1348        0.0581638         reflect
  eval: e=0.0582  p=[0.192 0.648 0.000 0.093 0.588 0.000 0.074 0.628 0.439 0.640]
  eval: e=0.0582  p=[0.193 0.648 0.000 0.093 0.589 0.000 0.074 0.627 0.436 0.641]
   937         1350        0.0581622         reflect
  eval: e=0.0582  p=[0.192 0.648 0.000 0.093 0.588 0.000 0.074 0.628 0.440 0.640]
   938         1351        0.0581622         reflect
  eval: e=0.0582  p=[0.192 0.652 0.001 0.092 0.583 0.000 0.074 0.635 0.448 0.638]
   939         1352        0.0581622         reflect
  eval: e=0.0582  p=[0.192 0.649 0.000 0.094 0.588 0.000 0.075 0.628 0.443 0.639]
   940         1353        0.0581622         reflect
  eval: e=0.0582  p=[0.192 0.651 0.000 0.091 0.584 0.000 0.074 0.634 0.439 0.639]
   941         1354        0.0581622         reflect
  eval: e=0.0582  p=[0.193 0.648 0.000 0.091 0.586 0.000 0.073 0.630 0.439 0.642]
  eval: e=0.0582  p=[0.193 0.646 0.000 0.089 0.586 0.000 0.073 0.629 0.436 0.644]
   942         1356        0.0581539         expand
  eval: e=0.0582  p=[0.192 0.649 0.000 0.093 0.586 0.000 0.074 0.631 0.445 0.640]
  eval: e=0.0581  p=[0.192 0.649 0.000 0.093 0.585 0.000 0.074 0.631 0.449 0.640]
   943         1358        0.0581487         expand
  eval: e=0.0582  p=[0.193 0.646 0.000 0.092 0.589 0.000 0.074 0.625 0.435 0.643]
   944         1359        0.0581487         reflect
  eval: e=0.0582  p=[0.193 0.648 0.000 0.088 0.583 0.000 0.072 0.633 0.440 0.644]
   945         1360        0.0581487         reflect
  eval: e=0.0582  p=[0.192 0.647 0.000 0.094 0.589 0.000 0.075 0.626 0.442 0.640]
   946         1361        0.0581487         reflect
  eval: e=0.0581  p=[0.193 0.647 0.000 0.091 0.587 0.000 0.074 0.628 0.438 0.642]
   947         1362        0.0581487         reflect
  eval: e=0.0582  p=[0.193 0.648 0.000 0.091 0.585 0.000 0.073 0.631 0.441 0.642]
   948         1363        0.0581487         reflect
  eval: e=0.0581  p=[0.193 0.648 0.000 0.092 0.587 0.000 0.074 0.629 0.436 0.642]
  eval: e=0.0581  p=[0.193 0.647 0.000 0.091 0.588 0.000 0.073 0.628 0.432 0.642]
   949         1365        0.0581456         expand
  eval: e=0.0581  p=[0.193 0.644 0.000 0.092 0.589 0.000 0.074 0.623 0.440 0.644]
  eval: e=0.0581  p=[0.193 0.641 0.000 0.093 0.592 0.000 0.074 0.618 0.440 0.647]
   950         1367        0.0581442         expand
  eval: e=0.0581  p=[0.194 0.645 0.000 0.089 0.586 0.000 0.073 0.627 0.435 0.646]
  eval: e=0.0581  p=[0.194 0.643 0.000 0.086 0.586 0.000 0.072 0.626 0.431 0.650]
   951         1369        0.0581402         expand
  eval: e=0.0581  p=[0.194 0.644 0.000 0.089 0.586 0.000 0.073 0.627 0.438 0.646]
  eval: e=0.0581  p=[0.194 0.643 0.000 0.087 0.585 0.000 0.072 0.627 0.438 0.649]
   952         1371        0.0581207         expand
  eval: e=0.0581  p=[0.193 0.643 0.000 0.090 0.589 0.000 0.073 0.624 0.436 0.646]
   953         1372        0.0581207         reflect
  eval: e=0.0581  p=[0.194 0.643 0.000 0.086 0.585 0.000 0.072 0.628 0.433 0.649]
   954         1373        0.0581207         reflect
  eval: e=0.0581  p=[0.194 0.644 0.000 0.087 0.584 0.000 0.072 0.630 0.440 0.648]
   955         1374        0.0581207         reflect
  eval: e=0.0581  p=[0.194 0.641 0.000 0.091 0.591 0.000 0.073 0.620 0.435 0.648]
   956         1375        0.0581207         reflect
  eval: e=0.0581  p=[0.194 0.642 0.000 0.090 0.589 0.000 0.073 0.623 0.438 0.648]
  eval: e=0.0581  p=[0.194 0.639 0.000 0.090 0.590 0.000 0.073 0.620 0.440 0.649]
   957         1377        0.0580988         expand
  eval: e=0.0581  p=[0.194 0.640 0.000 0.087 0.588 0.000 0.072 0.623 0.437 0.651]
   958         1378        0.0580988         reflect
  eval: e=0.0582  p=[0.196 0.636 0.000 0.085 0.590 0.000 0.071 0.617 0.423 0.656]
  eval: e=0.0581  p=[0.193 0.646 0.000 0.091 0.586 0.000 0.074 0.628 0.443 0.644]
   959         1380        0.0580988         contract inside
  eval: e=0.0581  p=[0.195 0.637 0.000 0.086 0.587 0.000 0.072 0.621 0.442 0.655]
   960         1381        0.0580988         reflect
  eval: e=0.0581  p=[0.195 0.643 0.000 0.084 0.582 0.000 0.071 0.631 0.434 0.651]
   961         1382        0.0580988         reflect
  eval: e=0.0581  p=[0.195 0.641 0.000 0.085 0.584 0.000 0.071 0.627 0.439 0.653]
   962         1383        0.0580988         reflect
  eval: e=0.0581  p=[0.194 0.640 0.000 0.089 0.588 0.000 0.073 0.623 0.443 0.650]
   963         1384        0.0580988         reflect
  eval: e=0.0581  p=[0.193 0.640 0.000 0.089 0.587 0.000 0.073 0.624 0.447 0.650]
  eval: e=0.0581  p=[0.193 0.639 0.000 0.091 0.588 0.000 0.074 0.622 0.455 0.650]
   964         1386        0.0580978         expand
  eval: e=0.0581  p=[0.195 0.636 0.000 0.084 0.587 0.000 0.071 0.621 0.438 0.657]
   965         1387        0.0580978         reflect
  eval: e=0.0581  p=[0.193 0.637 0.000 0.092 0.592 0.000 0.074 0.616 0.447 0.651]
   966         1388        0.0580978         reflect
  eval: e=0.0581  p=[0.193 0.642 0.000 0.090 0.588 0.000 0.073 0.625 0.440 0.647]
   967         1389        0.0580978         reflect
  eval: e=0.0581  p=[0.194 0.635 0.000 0.090 0.592 0.000 0.073 0.615 0.442 0.653]
  eval: e=0.0582  p=[0.194 0.630 0.000 0.092 0.596 0.000 0.074 0.608 0.443 0.656]
   968         1391        0.0580891         reflect
  eval: e=0.0581  p=[0.194 0.637 0.000 0.086 0.586 0.000 0.072 0.623 0.448 0.654]
   969         1392        0.0580891         reflect
  eval: e=0.0581  p=[0.195 0.641 0.000 0.084 0.583 0.000 0.071 0.630 0.437 0.652]
   970         1393        0.0580891         reflect
  eval: e=0.0581  p=[0.194 0.635 0.000 0.089 0.589 0.000 0.073 0.619 0.446 0.654]
  eval: e=0.0582  p=[0.194 0.632 0.000 0.090 0.592 0.000 0.073 0.615 0.450 0.656]
   971         1395        0.0580854         reflect
  eval: e=0.0581  p=[0.194 0.637 0.000 0.089 0.588 0.000 0.073 0.622 0.449 0.653]
  eval: e=0.0581  p=[0.193 0.636 0.000 0.089 0.588 0.000 0.073 0.622 0.455 0.653]
   972         1397        0.0580811         reflect
  eval: e=0.0581  p=[0.194 0.640 0.000 0.090 0.590 0.000 0.073 0.621 0.437 0.649]
   973         1398        0.0580811         reflect
  eval: e=0.0581  p=[0.193 0.637 0.000 0.093 0.592 0.000 0.074 0.617 0.446 0.650]
   974         1399        0.0580811         reflect
  eval: e=0.0581  p=[0.193 0.635 0.000 0.095 0.595 0.000 0.075 0.611 0.450 0.650]
  eval: e=0.0581  p=[0.194 0.640 0.000 0.087 0.586 0.000 0.072 0.625 0.440 0.652]
   975         1401        0.0580811         contract inside
  eval: e=0.0581  p=[0.194 0.636 0.000 0.088 0.588 0.000 0.073 0.620 0.450 0.654]
  eval: e=0.0581  p=[0.194 0.639 0.000 0.090 0.589 0.000 0.073 0.621 0.440 0.650]
   976         1403        0.0580811         contract inside
  eval: e=0.0581  p=[0.194 0.636 0.000 0.090 0.590 0.000 0.073 0.618 0.444 0.653]
  eval: e=0.0581  p=[0.194 0.634 0.000 0.090 0.592 0.000 0.073 0.616 0.445 0.654]
   977         1405         0.058079         reflect
  eval: e=0.0581  p=[0.192 0.640 0.000 0.095 0.592 0.000 0.075 0.620 0.451 0.645]
   978         1406         0.058079         reflect
  eval: e=0.0581  p=[0.193 0.637 0.000 0.090 0.589 0.000 0.073 0.621 0.451 0.652]
  eval: e=0.0581  p=[0.193 0.635 0.000 0.090 0.589 0.000 0.073 0.621 0.456 0.653]
   979         1408        0.0580785         reflect
  eval: e=0.0581  p=[0.194 0.633 0.000 0.090 0.591 0.000 0.073 0.615 0.453 0.656]
   980         1409        0.0580785         reflect
  eval: e=0.0581  p=[0.194 0.635 0.000 0.090 0.592 0.000 0.073 0.617 0.438 0.654]
  eval: e=0.0581  p=[0.193 0.638 0.000 0.091 0.589 0.000 0.074 0.621 0.450 0.651]
   981         1411        0.0580785         contract inside
  eval: e=0.0581  p=[0.193 0.642 0.000 0.090 0.588 0.000 0.073 0.625 0.439 0.647]
  eval: e=0.0581  p=[0.194 0.635 0.000 0.090 0.590 0.000 0.073 0.618 0.449 0.653]
   982         1413        0.0580785         contract inside
  eval: e=0.0581  p=[0.193 0.635 0.000 0.091 0.591 0.000 0.074 0.618 0.453 0.653]
   983         1414        0.0580785         reflect
  eval: e=0.0582  p=[0.195 0.633 0.000 0.085 0.587 0.000 0.071 0.619 0.443 0.660]
  eval: e=0.0581  p=[0.193 0.638 0.000 0.093 0.591 0.000 0.074 0.620 0.449 0.649]
   984         1416        0.0580785         contract inside
  eval: e=0.0581  p=[0.193 0.633 0.000 0.094 0.594 0.000 0.075 0.613 0.456 0.652]
  eval: e=0.0581  p=[0.194 0.638 0.000 0.089 0.588 0.000 0.073 0.622 0.444 0.652]
   985         1418        0.0580785         contract inside
  eval: e=0.0581  p=[0.193 0.638 0.000 0.090 0.587 0.000 0.073 0.624 0.454 0.651]
   986         1419        0.0580785         reflect
  eval: e=0.0581  p=[0.194 0.635 0.000 0.090 0.590 0.000 0.073 0.619 0.447 0.653]
   987         1420        0.0580785         reflect
  eval: e=0.0581  p=[0.194 0.638 0.000 0.089 0.589 0.000 0.073 0.622 0.442 0.651]
   988         1421        0.0580785         reflect
  eval: e=0.0581  p=[0.193 0.639 0.000 0.090 0.589 0.000 0.073 0.622 0.448 0.650]
  eval: e=0.0581  p=[0.194 0.636 0.000 0.090 0.590 0.000 0.073 0.620 0.447 0.652]
   989         1423        0.0580758         contract inside
  eval: e=0.0581  p=[0.193 0.639 0.000 0.092 0.590 0.000 0.074 0.622 0.450 0.649]
   990         1424        0.0580758         reflect
  eval: e=0.0581  p=[0.193 0.640 0.000 0.091 0.588 0.000 0.073 0.624 0.446 0.649]
   991         1425        0.0580758         reflect
  eval: e=0.0581  p=[0.194 0.637 0.000 0.091 0.592 0.000 0.073 0.617 0.439 0.651]
  eval: e=0.0581  p=[0.193 0.638 0.000 0.090 0.588 0.000 0.073 0.622 0.451 0.651]
   992         1427        0.0580758         contract inside
  eval: e=0.0581  p=[0.194 0.639 0.000 0.088 0.586 0.000 0.072 0.626 0.448 0.652]
   993         1428        0.0580758         reflect
  eval: e=0.0581  p=[0.193 0.637 0.000 0.091 0.589 0.000 0.074 0.621 0.453 0.651]
   994         1429        0.0580758         reflect
  eval: e=0.0581  p=[0.194 0.637 0.000 0.087 0.586 0.000 0.072 0.624 0.447 0.654]
   995         1430        0.0580758         reflect
  eval: e=0.0581  p=[0.193 0.637 0.000 0.091 0.589 0.000 0.074 0.622 0.453 0.651]
   996         1431        0.0580758         reflect
  eval: e=0.0581  p=[0.194 0.636 0.000 0.088 0.587 0.000 0.072 0.622 0.448 0.654]
  eval: e=0.0581  p=[0.193 0.638 0.000 0.091 0.589 0.000 0.073 0.622 0.449 0.650]
   997         1433        0.0580758         contract inside
  eval: e=0.0581  p=[0.193 0.638 0.000 0.091 0.589 0.000 0.074 0.622 0.449 0.650]
   998         1434        0.0580758         reflect
  eval: e=0.0581  p=[0.194 0.638 0.000 0.089 0.588 0.000 0.073 0.623 0.444 0.652]
   999         1435        0.0580758         reflect
  eval: e=0.0581  p=[0.194 0.638 0.000 0.089 0.588 0.000 0.073 0.622 0.442 0.652]
  eval: e=0.0581  p=[0.193 0.637 0.000 0.090 0.589 0.000 0.073 0.622 0.450 0.651]
  1000         1437        0.0580758         contract inside
  eval: e=0.0581  p=[0.193 0.636 0.000 0.092 0.592 0.000 0.074 0.618 0.448 0.651]
  1001         1438        0.0580758         reflect
  eval: e=0.0581  p=[0.194 0.637 0.000 0.090 0.590 0.000 0.073 0.620 0.445 0.652]
  eval: e=0.0581  p=[0.194 0.636 0.000 0.090 0.590 0.000 0.073 0.619 0.442 0.653]
  1002         1440        0.0580755         reflect
  eval: e=0.0581  p=[0.194 0.639 0.000 0.088 0.586 0.000 0.072 0.625 0.447 0.652]
  1003         1441        0.0580755         reflect
  eval: e=0.0581  p=[0.193 0.639 0.000 0.089 0.586 0.000 0.073 0.626 0.451 0.650]
  eval: e=0.0581  p=[0.194 0.637 0.000 0.090 0.589 0.000 0.073 0.620 0.446 0.652]
  1004         1443        0.0580755         contract inside
  eval: e=0.0581  p=[0.194 0.637 0.000 0.088 0.588 0.000 0.073 0.622 0.445 0.653]
  eval: e=0.0581  p=[0.194 0.636 0.000 0.087 0.588 0.000 0.072 0.622 0.443 0.654]
  1005         1445         0.058075         reflect
  eval: e=0.0581  p=[0.194 0.637 0.000 0.087 0.587 0.000 0.072 0.622 0.444 0.654]
  1006         1446         0.058075         reflect
  eval: e=0.0581  p=[0.194 0.638 0.000 0.088 0.587 0.000 0.072 0.624 0.442 0.652]
  1007         1447         0.058075         reflect
  eval: e=0.0581  p=[0.194 0.637 0.000 0.089 0.588 0.000 0.073 0.622 0.448 0.653]
  1008         1448         0.058075         reflect
  eval: e=0.0581  p=[0.194 0.636 0.000 0.090 0.591 0.000 0.073 0.619 0.445 0.652]
  1009         1449         0.058075         reflect
  eval: e=0.0581  p=[0.193 0.637 0.000 0.091 0.590 0.000 0.074 0.621 0.448 0.651]
  1010         1450         0.058075         reflect
  eval: e=0.0581  p=[0.193 0.637 0.000 0.092 0.592 0.000 0.074 0.619 0.445 0.650]
  1011         1451         0.058075         reflect
  eval: e=0.0581  p=[0.193 0.636 0.000 0.093 0.592 0.000 0.074 0.618 0.451 0.651]
  eval: e=0.0581  p=[0.194 0.638 0.000 0.089 0.588 0.000 0.073 0.622 0.444 0.652]
  1012         1453         0.058075         contract inside
  eval: e=0.0581  p=[0.194 0.634 0.000 0.089 0.591 0.000 0.073 0.618 0.447 0.655]
  eval: e=0.0581  p=[0.193 0.638 0.000 0.090 0.589 0.000 0.073 0.622 0.446 0.650]
  1013         1455         0.058075         contract inside
  eval: e=0.0581  p=[0.194 0.637 0.000 0.090 0.590 0.000 0.073 0.619 0.441 0.652]
  1014         1456         0.058075         reflect
  eval: e=0.0581  p=[0.193 0.637 0.000 0.090 0.590 0.000 0.073 0.621 0.445 0.651]
  eval: e=0.0581  p=[0.193 0.638 0.000 0.090 0.590 0.000 0.073 0.621 0.444 0.651]
  1015         1458        0.0580734         reflect
  eval: e=0.0581  p=[0.193 0.637 0.000 0.091 0.591 0.000 0.074 0.619 0.442 0.651]
  eval: e=0.0581  p=[0.194 0.637 0.000 0.089 0.589 0.000 0.073 0.621 0.446 0.652]
  1016         1460        0.0580734         contract inside
  eval: e=0.0581  p=[0.194 0.637 0.000 0.087 0.587 0.000 0.072 0.623 0.446 0.654]
  eval: e=0.0581  p=[0.193 0.637 0.000 0.091 0.591 0.000 0.074 0.620 0.445 0.651]
  1017         1462        0.0580734         contract inside
  eval: e=0.0581  p=[0.194 0.637 0.000 0.089 0.589 0.000 0.073 0.620 0.442 0.653]
  eval: e=0.0581  p=[0.193 0.637 0.000 0.090 0.590 0.000 0.073 0.621 0.446 0.651]
  1018         1464        0.0580734         contract inside
  eval: e=0.0581  p=[0.194 0.638 0.000 0.089 0.588 0.000 0.073 0.623 0.445 0.651]
  1019         1465        0.0580734         reflect
  eval: e=0.0581  p=[0.193 0.638 0.000 0.090 0.588 0.000 0.073 0.623 0.450 0.651]
  eval: e=0.0581  p=[0.194 0.637 0.000 0.090 0.590 0.000 0.073 0.620 0.443 0.652]
  1020         1467        0.0580734         contract inside
  eval: e=0.0581  p=[0.194 0.638 0.000 0.089 0.589 0.000 0.073 0.623 0.443 0.651]
  1021         1468        0.0580734         reflect
  eval: e=0.0581  p=[0.193 0.638 0.000 0.090 0.588 0.000 0.073 0.623 0.445 0.651]
  1022         1469        0.0580734         reflect
  eval: e=0.0581  p=[0.193 0.638 0.000 0.091 0.590 0.000 0.073 0.621 0.446 0.651]
  1023         1470        0.0580734         reflect
  eval: e=0.0581  p=[0.194 0.637 0.000 0.089 0.589 0.000 0.073 0.621 0.444 0.652]
  eval: e=0.0581  p=[0.193 0.638 0.000 0.090 0.589 0.000 0.073 0.622 0.446 0.651]
  1024         1472        0.0580734         contract inside
  eval: e=0.0581  p=[0.193 0.638 0.000 0.092 0.590 0.000 0.074 0.621 0.445 0.649]
  eval: e=0.0581  p=[0.194 0.637 0.000 0.089 0.589 0.000 0.073 0.622 0.445 0.652]
  1025         1474        0.0580734         contract inside
  eval: e=0.0581  p=[0.193 0.637 0.000 0.091 0.590 0.000 0.073 0.620 0.445 0.651]
  1026         1475        0.0580734         reflect
  eval: e=0.0581  p=[0.194 0.638 0.000 0.089 0.588 0.000 0.073 0.623 0.445 0.652]
  eval: e=0.0581  p=[0.194 0.638 0.000 0.088 0.587 0.000 0.072 0.625 0.446 0.652]
  1027         1477        0.0580733         reflect
  eval: e=0.0581  p=[0.194 0.638 0.000 0.089 0.589 0.000 0.073 0.623 0.444 0.651]
  1028         1478        0.0580733         reflect
  eval: e=0.0581  p=[0.193 0.637 0.000 0.090 0.590 0.000 0.073 0.620 0.447 0.652]
  eval: e=0.0581  p=[0.194 0.638 0.000 0.090 0.589 0.000 0.073 0.622 0.444 0.651]
  1029         1480        0.0580733         contract inside
  eval: e=0.0581  p=[0.193 0.638 0.000 0.090 0.588 0.000 0.073 0.623 0.447 0.651]
  1030         1481        0.0580733         reflect
  eval: e=0.0581  p=[0.194 0.637 0.000 0.089 0.589 0.000 0.073 0.622 0.445 0.652]
  eval: e=0.0581  p=[0.193 0.638 0.000 0.090 0.589 0.000 0.073 0.622 0.445 0.651]
  1031         1483        0.0580733         contract inside
  eval: e=0.0581  p=[0.193 0.637 0.000 0.090 0.589 0.000 0.073 0.621 0.447 0.651]
  eval: e=0.0581  p=[0.193 0.637 0.000 0.090 0.589 0.000 0.073 0.622 0.446 0.651]
  1032         1485        0.0580733         contract outside
  eval: e=0.0581  p=[0.194 0.637 0.000 0.090 0.590 0.000 0.073 0.620 0.446 0.652]
  eval: e=0.0581  p=[0.193 0.638 0.000 0.090 0.589 0.000 0.073 0.622 0.445 0.651]
  1033         1487        0.0580733         contract inside
  eval: e=0.0581  p=[0.194 0.637 0.000 0.090 0.590 0.000 0.073 0.620 0.444 0.652]
  eval: e=0.0581  p=[0.193 0.638 0.000 0.090 0.589 0.000 0.073 0.622 0.446 0.651]
  1034         1489        0.0580733         contract inside
  eval: e=0.0581  p=[0.193 0.638 0.000 0.090 0.589 0.000 0.073 0.622 0.444 0.650]
  eval: e=0.0581  p=[0.193 0.639 0.000 0.091 0.590 0.000 0.073 0.623 0.444 0.650]
  1035         1491        0.0580732         reflect
  eval: e=0.0581  p=[0.194 0.639 0.000 0.089 0.588 0.000 0.073 0.624 0.446 0.651]
  eval: e=0.0581  p=[0.193 0.637 0.000 0.090 0.590 0.000 0.073 0.621 0.445 0.651]
  1036         1493        0.0580729         contract inside
  eval: e=0.0581  p=[0.193 0.638 0.000 0.091 0.590 0.000 0.073 0.622 0.446 0.650]
  1037         1494        0.0580729         reflect
  eval: e=0.0581  p=[0.193 0.638 0.000 0.090 0.589 0.000 0.073 0.622 0.445 0.651]
  1038         1495        0.0580729         reflect
  eval: e=0.0581  p=[0.194 0.638 0.000 0.089 0.588 0.000 0.073 0.623 0.444 0.651]
  1039         1496        0.0580729         reflect
  eval: e=0.0581  p=[0.193 0.638 0.000 0.090 0.589 0.000 0.073 0.622 0.447 0.651]
  eval: e=0.0581  p=[0.194 0.638 0.000 0.090 0.589 0.000 0.073 0.622 0.445 0.651]
  1040         1498        0.0580729         contract inside
  eval: e=0.0581  p=[0.193 0.637 0.000 0.090 0.589 0.000 0.073 0.622 0.445 0.651]
  1041         1499        0.0580729         reflect
  eval: e=0.0581  p=[0.194 0.638 0.000 0.090 0.589 0.000 0.073 0.622 0.444 0.651]
  eval: e=0.0581  p=[0.193 0.638 0.000 0.090 0.589 0.000 0.073 0.622 0.446 0.651]
  1042         1501        0.0580729         contract inside
  eval: e=0.0581  p=[0.193 0.638 0.000 0.090 0.588 0.000 0.073 0.623 0.446 0.651]
  1043         1502        0.0580729         reflect
  eval: e=0.0581  p=[0.193 0.638 0.000 0.090 0.589 0.000 0.073 0.622 0.444 0.651]
  eval: e=0.0581  p=[0.194 0.638 0.000 0.090 0.590 0.000 0.073 0.622 0.443 0.651]
  1044         1504        0.0580728         reflect
  eval: e=0.0581  p=[0.193 0.638 0.000 0.091 0.590 0.000 0.074 0.621 0.445 0.650]
  eval: e=0.0581  p=[0.194 0.638 0.000 0.089 0.589 0.000 0.073 0.623 0.445 0.651]
  1045         1506        0.0580727         contract inside
  eval: e=0.0581  p=[0.194 0.637 0.000 0.090 0.589 0.000 0.073 0.622 0.446 0.652]
  1046         1507        0.0580727         reflect
  eval: e=0.0581  p=[0.193 0.637 0.000 0.090 0.590 0.000 0.073 0.621 0.445 0.651]
  eval: e=0.0581  p=[0.193 0.638 0.000 0.090 0.589 0.000 0.073 0.623 0.445 0.651]
  1047         1509        0.0580727         contract inside
  eval: e=0.0581  p=[0.193 0.638 0.000 0.090 0.589 0.000 0.073 0.622 0.446 0.651]
  eval: e=0.0581  p=[0.193 0.638 0.000 0.090 0.589 0.000 0.073 0.622 0.445 0.651]
  1048         1511        0.0580727         contract inside
  eval: e=0.0581  p=[0.193 0.638 0.000 0.090 0.589 0.000 0.073 0.622 0.445 0.651]
  eval: e=0.0581  p=[0.193 0.638 0.000 0.090 0.589 0.000 0.073 0.622 0.445 0.651]
  1049         1513        0.0580727         contract outside
  eval: e=0.0581  p=[0.194 0.637 0.000 0.089 0.589 0.000 0.073 0.622 0.445 0.652]
  eval: e=0.0581  p=[0.193 0.638 0.000 0.090 0.589 0.000 0.073 0.622 0.445 0.651]
  1050         1515        0.0580727         contract inside
  eval: e=0.0581  p=[0.194 0.638 0.000 0.090 0.589 0.000 0.073 0.622 0.444 0.651]
  1051         1516        0.0580727         reflect
  eval: e=0.0581  p=[0.193 0.638 0.000 0.090 0.589 0.000 0.073 0.622 0.444 0.651]
  eval: e=0.0581  p=[0.194 0.638 0.000 0.090 0.589 0.000 0.073 0.622 0.445 0.651]
  1052         1518        0.0580726         contract inside
  eval: e=0.0581  p=[0.194 0.638 0.000 0.089 0.589 0.000 0.073 0.622 0.445 0.651]
  eval: e=0.0581  p=[0.194 0.638 0.000 0.090 0.589 0.000 0.073 0.622 0.445 0.651]
  1053         1520        0.0580726         contract outside
  eval: e=0.0581  p=[0.193 0.638 0.000 0.090 0.590 0.000 0.073 0.621 0.446 0.651]
  eval: e=0.0581  p=[0.194 0.638 0.000 0.090 0.589 0.000 0.073 0.622 0.445 0.651]
  1054         1522        0.0580726         contract inside
  eval: e=0.0581  p=[0.194 0.638 0.000 0.089 0.588 0.000 0.073 0.624 0.445 0.651]
  eval: e=0.0581  p=[0.193 0.638 0.000 0.090 0.589 0.000 0.073 0.622 0.445 0.651]
  1055         1524        0.0580726         contract inside
  eval: e=0.0581  p=[0.193 0.638 0.000 0.090 0.589 0.000 0.073 0.622 0.445 0.651]
  1056         1525        0.0580726         reflect
  eval: e=0.0581  p=[0.193 0.638 0.000 0.090 0.589 0.000 0.073 0.622 0.445 0.651]
  1057         1526        0.0580726         reflect
  eval: e=0.0581  p=[0.193 0.638 0.000 0.090 0.589 0.000 0.073 0.622 0.445 0.651]
  1058         1527        0.0580726         reflect
  eval: e=0.0581  p=[0.194 0.638 0.000 0.090 0.589 0.000 0.073 0.622 0.445 0.651]
  eval: e=0.0581  p=[0.193 0.638 0.000 0.090 0.589 0.000 0.073 0.622 0.445 0.651]
  1059         1529        0.0580726         contract inside
  eval: e=0.0581  p=[0.193 0.638 0.000 0.090 0.589 0.000 0.073 0.622 0.446 0.651]
  eval: e=0.0581  p=[0.193 0.638 0.000 0.090 0.589 0.000 0.073 0.622 0.445 0.651]
  1060         1531        0.0580726         contract inside
  eval: e=0.0581  p=[0.193 0.638 0.000 0.090 0.589 0.000 0.073 0.622 0.445 0.651]
  1061         1532        0.0580726         reflect
  eval: e=0.0581  p=[0.193 0.638 0.000 0.090 0.589 0.000 0.073 0.622 0.445 0.651]
  eval: e=0.0581  p=[0.193 0.638 0.000 0.091 0.590 0.000 0.073 0.621 0.445 0.650]
  1062         1534        0.0580724         reflect
  eval: e=0.0581  p=[0.193 0.638 0.000 0.090 0.589 0.000 0.073 0.622 0.445 0.651]
  1063         1535        0.0580724         reflect
  eval: e=0.0581  p=[0.193 0.638 0.000 0.090 0.589 0.000 0.073 0.622 0.446 0.651]
  1064         1536        0.0580724         reflect
  eval: e=0.0581  p=[0.193 0.638 0.000 0.090 0.589 0.000 0.073 0.622 0.445 0.651]
  eval: e=0.0581  p=[0.193 0.638 0.000 0.090 0.589 0.000 0.073 0.622 0.445 0.651]
  1065         1538        0.0580724         contract inside
  eval: e=0.0581  p=[0.194 0.638 0.000 0.090 0.589 0.000 0.073 0.622 0.444 0.651]
  eval: e=0.0581  p=[0.193 0.638 0.000 0.090 0.589 0.000 0.073 0.622 0.445 0.651]
  1066         1540        0.0580724         contract inside
  eval: e=0.0581  p=[0.193 0.638 0.000 0.090 0.589 0.000 0.073 0.622 0.445 0.651]
  1067         1541        0.0580724         reflect
  eval: e=0.0581  p=[0.194 0.638 0.000 0.090 0.589 0.000 0.073 0.622 0.445 0.651]
  eval: e=0.0581  p=[0.193 0.638 0.000 0.090 0.589 0.000 0.073 0.622 0.445 0.651]
  1068         1543        0.0580724         contract inside
  eval: e=0.0581  p=[0.193 0.638 0.000 0.090 0.590 0.000 0.073 0.622 0.445 0.651]
  1069         1544        0.0580724         reflect
  eval: e=0.0581  p=[0.193 0.638 0.000 0.090 0.589 0.000 0.073 0.622 0.445 0.651]
  eval: e=0.0581  p=[0.193 0.638 0.000 0.090 0.589 0.000 0.073 0.622 0.445 0.651]
  1070         1546        0.0580724         contract outside
  eval: e=0.0581  p=[0.193 0.638 0.000 0.090 0.589 0.000 0.073 0.622 0.446 0.651]
  1071         1547        0.0580724         reflect
  eval: e=0.0581  p=[0.193 0.638 0.000 0.090 0.589 0.000 0.073 0.622 0.445 0.651]
  1072         1548        0.0580724         reflect
  eval: e=0.0581  p=[0.193 0.638 0.000 0.090 0.590 0.000 0.073 0.622 0.445 0.650]
  1073         1549        0.0580724         reflect
  eval: e=0.0581  p=[0.193 0.638 0.000 0.090 0.589 0.000 0.073 0.622 0.446 0.651]
  1074         1550        0.0580724         reflect
  eval: e=0.0581  p=[0.193 0.638 0.000 0.090 0.590 0.000 0.073 0.622 0.445 0.651]
  1075         1551        0.0580724         reflect
  eval: e=0.0581  p=[0.193 0.638 0.000 0.090 0.589 0.000 0.073 0.622 0.445 0.651]
  1076         1552        0.0580724         reflect
  eval: e=0.0581  p=[0.193 0.638 0.000 0.090 0.589 0.000 0.073 0.622 0.445 0.651]
  eval: e=0.0581  p=[0.193 0.638 0.000 0.090 0.589 0.000 0.073 0.622 0.445 0.651]
  1077         1554        0.0580724         contract inside
  eval: e=0.0581  p=[0.193 0.638 0.000 0.090 0.589 0.000 0.073 0.622 0.445 0.651]
  1078         1555        0.0580724         reflect
  eval: e=0.0581  p=[0.193 0.638 0.000 0.090 0.589 0.000 0.073 0.622 0.445 0.651]
  1079         1556        0.0580724         reflect
  eval: e=0.0581  p=[0.193 0.638 0.000 0.090 0.590 0.000 0.073 0.622 0.445 0.650]
  eval: e=0.0581  p=[0.193 0.638 0.000 0.091 0.590 0.000 0.073 0.622 0.445 0.650]
  1080         1558        0.0580723         reflect
  eval: e=0.0581  p=[0.193 0.638 0.000 0.090 0.589 0.000 0.073 0.622 0.446 0.651]
  eval: e=0.0581  p=[0.193 0.638 0.000 0.090 0.589 0.000 0.073 0.622 0.445 0.651]
  1081         1560        0.0580723         contract outside
  eval: e=0.0581  p=[0.193 0.638 0.000 0.090 0.589 0.000 0.073 0.622 0.446 0.651]
  1082         1561        0.0580723         reflect
  eval: e=0.0581  p=[0.193 0.638 0.000 0.090 0.589 0.000 0.073 0.622 0.445 0.651]
  1083         1562        0.0580723         reflect
  eval: e=0.0581  p=[0.193 0.638 0.000 0.090 0.589 0.000 0.073 0.622 0.445 0.651]
  eval: e=0.0581  p=[0.193 0.638 0.000 0.090 0.589 0.000 0.073 0.622 0.445 0.651]
  1084         1564        0.0580723         contract inside
  eval: e=0.0581  p=[0.193 0.638 0.000 0.090 0.590 0.000 0.073 0.622 0.445 0.650]
  eval: e=0.0581  p=[0.193 0.638 0.000 0.090 0.589 0.000 0.073 0.622 0.445 0.651]
  1085         1566        0.0580723         contract inside
  eval: e=0.0581  p=[0.193 0.638 0.000 0.090 0.589 0.000 0.073 0.622 0.445 0.651]
  eval: e=0.0581  p=[0.193 0.638 0.000 0.090 0.589 0.000 0.073 0.622 0.445 0.651]
  1086         1568        0.0580723         expand
  eval: e=0.0581  p=[0.193 0.638 0.000 0.090 0.589 0.000 0.073 0.622 0.445 0.651]
  1087         1569        0.0580723         reflect
  eval: e=0.0581  p=[0.193 0.638 0.000 0.090 0.589 0.000 0.073 0.622 0.445 0.651]
  1088         1570        0.0580723         reflect
  eval: e=0.0581  p=[0.193 0.638 0.000 0.090 0.589 0.000 0.073 0.622 0.445 0.651]
  1089         1571        0.0580723         reflect
  eval: e=0.0581  p=[0.193 0.638 0.000 0.090 0.590 0.000 0.073 0.621 0.445 0.651]
  1090         1572        0.0580723         reflect
  eval: e=0.0581  p=[0.193 0.638 0.000 0.090 0.589 0.000 0.073 0.622 0.445 0.651]
  1091         1573        0.0580723         reflect
  eval: e=0.0581  p=[0.193 0.638 0.000 0.090 0.589 0.000 0.073 0.622 0.445 0.651]
  1092         1574        0.0580723         reflect
  eval: e=0.0581  p=[0.193 0.638 0.000 0.090 0.589 0.000 0.073 0.622 0.445 0.651]
  1093         1575        0.0580723         reflect
  eval: e=0.0581  p=[0.193 0.638 0.000 0.090 0.589 0.000 0.073 0.622 0.445 0.651]
  eval: e=0.0581  p=[0.193 0.638 0.000 0.090 0.589 0.000 0.073 0.623 0.445 0.651]
  1094         1577        0.0580721         expand
  eval: e=0.0581  p=[0.193 0.638 0.000 0.090 0.589 0.000 0.073 0.622 0.445 0.651]
  1095         1578        0.0580721         reflect
  eval: e=0.0581  p=[0.193 0.638 0.000 0.090 0.589 0.000 0.073 0.622 0.445 0.650]
  1096         1579        0.0580721         reflect
  eval: e=0.0581  p=[0.193 0.638 0.000 0.090 0.589 0.000 0.073 0.622 0.445 0.651]
  eval: e=0.0581  p=[0.193 0.638 0.000 0.090 0.589 0.000 0.073 0.622 0.445 0.651]
  1097         1581        0.0580721         contract outside
  eval: e=0.0581  p=[0.193 0.638 0.000 0.090 0.589 0.000 0.073 0.622 0.445 0.650]
  1098         1582        0.0580721         reflect
  eval: e=0.0581  p=[0.193 0.638 0.000 0.090 0.589 0.000 0.073 0.622 0.444 0.650]
  1099         1583        0.0580721         reflect
  eval: e=0.0581  p=[0.193 0.638 0.000 0.090 0.589 0.000 0.073 0.623 0.444 0.651]
  1100         1584        0.0580721         reflect
  eval: e=0.0581  p=[0.193 0.638 0.000 0.090 0.589 0.000 0.073 0.622 0.445 0.651]
  1101         1585        0.0580721         reflect
  eval: e=0.0581  p=[0.193 0.638 0.000 0.090 0.589 0.000 0.073 0.622 0.445 0.650]
  1102         1586        0.0580721         reflect
  eval: e=0.0581  p=[0.193 0.638 0.000 0.090 0.589 0.000 0.073 0.622 0.445 0.650]
  1103         1587        0.0580721         reflect
  eval: e=0.0581  p=[0.193 0.638 0.000 0.090 0.589 0.000 0.073 0.623 0.444 0.651]
  1104         1588        0.0580721         reflect
  eval: e=0.0581  p=[0.193 0.638 0.000 0.090 0.589 0.000 0.073 0.623 0.444 0.650]
  1105         1589        0.0580721         reflect
  eval: e=0.0581  p=[0.193 0.638 0.000 0.090 0.589 0.000 0.073 0.622 0.445 0.650]
  eval: e=0.0581  p=[0.193 0.638 0.000 0.091 0.590 0.000 0.073 0.622 0.445 0.650]
  1106         1591        0.0580721         reflect
  eval: e=0.0581  p=[0.193 0.638 0.000 0.090 0.589 0.000 0.073 0.623 0.444 0.650]
  eval: e=0.0581  p=[0.193 0.639 0.000 0.090 0.589 0.000 0.073 0.623 0.444 0.650]
  1107         1593        0.0580721         reflect
  eval: e=0.0581  p=[0.193 0.638 0.000 0.090 0.589 0.000 0.073 0.622 0.445 0.650]
  eval: e=0.0581  p=[0.193 0.638 0.000 0.091 0.590 0.000 0.073 0.622 0.445 0.650]
  1108         1595        0.0580718         expand
  eval: e=0.0581  p=[0.193 0.639 0.000 0.090 0.589 0.000 0.073 0.623 0.444 0.650]
  1109         1596        0.0580718         reflect
  eval: e=0.0581  p=[0.193 0.638 0.000 0.090 0.589 0.000 0.073 0.622 0.445 0.650]
  1110         1597        0.0580718         reflect
  eval: e=0.0581  p=[0.193 0.638 0.000 0.090 0.589 0.000 0.073 0.622 0.444 0.651]
  1111         1598        0.0580718         reflect
  eval: e=0.0581  p=[0.193 0.638 0.000 0.090 0.589 0.000 0.073 0.623 0.445 0.650]
  1112         1599        0.0580718         reflect
  eval: e=0.0581  p=[0.193 0.638 0.000 0.090 0.589 0.000 0.073 0.623 0.444 0.650]
  1113         1600        0.0580718         reflect
  eval: e=0.0581  p=[0.193 0.638 0.000 0.090 0.589 0.000 0.073 0.622 0.445 0.650]
  1114         1601        0.0580718         reflect
  eval: e=0.0581  p=[0.193 0.639 0.000 0.090 0.589 0.000 0.073 0.623 0.444 0.650]
  1115         1602        0.0580718         reflect
  eval: e=0.0581  p=[0.193 0.638 0.000 0.090 0.589 0.000 0.073 0.622 0.444 0.650]
  eval: e=0.0581  p=[0.193 0.639 0.000 0.091 0.589 0.000 0.073 0.622 0.444 0.650]
  1116         1604        0.0580716         expand
  eval: e=0.0581  p=[0.193 0.639 0.000 0.090 0.589 0.000 0.073 0.623 0.444 0.650]
  1117         1605        0.0580716         reflect
  eval: e=0.0581  p=[0.193 0.639 0.000 0.090 0.589 0.000 0.073 0.623 0.444 0.650]
  1118         1606        0.0580716         reflect
  eval: e=0.0581  p=[0.193 0.639 0.000 0.090 0.589 0.000 0.073 0.623 0.444 0.650]
  eval: e=0.0581  p=[0.193 0.639 0.000 0.091 0.589 0.000 0.073 0.622 0.445 0.650]
  1119         1608        0.0580715         expand
  eval: e=0.0581  p=[0.193 0.638 0.000 0.090 0.589 0.000 0.073 0.622 0.445 0.650]
  1120         1609        0.0580715         reflect
  eval: e=0.0581  p=[0.193 0.639 0.000 0.090 0.589 0.000 0.073 0.623 0.444 0.650]
  1121         1610        0.0580715         reflect
  eval: e=0.0581  p=[0.193 0.639 0.000 0.091 0.589 0.000 0.073 0.623 0.445 0.650]
  eval: e=0.0581  p=[0.193 0.639 0.000 0.091 0.589 0.000 0.073 0.623 0.445 0.649]
  1122         1612        0.0580715         reflect
  eval: e=0.0581  p=[0.193 0.639 0.000 0.091 0.590 0.000 0.073 0.622 0.444 0.650]
  1123         1613        0.0580715         reflect
  eval: e=0.0581  p=[0.193 0.639 0.000 0.091 0.589 0.000 0.073 0.623 0.444 0.649]
  1124         1614        0.0580715         reflect
  eval: e=0.0581  p=[0.193 0.639 0.000 0.091 0.590 0.000 0.073 0.622 0.445 0.649]
  1125         1615        0.0580715         reflect
  eval: e=0.0581  p=[0.193 0.639 0.000 0.091 0.590 0.000 0.073 0.622 0.444 0.649]
  eval: e=0.0581  p=[0.193 0.639 0.000 0.091 0.590 0.000 0.074 0.622 0.444 0.649]
  1126         1617        0.0580714         expand
  eval: e=0.0581  p=[0.193 0.639 0.000 0.091 0.590 0.000 0.074 0.622 0.445 0.649]
  1127         1618        0.0580714         reflect
  eval: e=0.0581  p=[0.193 0.639 0.000 0.091 0.590 0.000 0.073 0.623 0.444 0.649]
  eval: e=0.0581  p=[0.193 0.639 0.000 0.091 0.590 0.000 0.073 0.623 0.444 0.649]
  1128         1620         0.058071         expand
  eval: e=0.0581  p=[0.193 0.639 0.000 0.091 0.590 0.000 0.074 0.622 0.445 0.649]
  1129         1621         0.058071         reflect
  eval: e=0.0581  p=[0.193 0.639 0.000 0.091 0.590 0.000 0.074 0.622 0.445 0.649]
  1130         1622         0.058071         reflect
  eval: e=0.0581  p=[0.193 0.639 0.000 0.091 0.590 0.000 0.074 0.622 0.444 0.649]
  1131         1623         0.058071         reflect
  eval: e=0.0581  p=[0.193 0.639 0.000 0.092 0.590 0.000 0.074 0.622 0.445 0.649]
  1132         1624         0.058071         reflect
  eval: e=0.0581  p=[0.193 0.639 0.000 0.091 0.590 0.000 0.074 0.622 0.445 0.649]
  1133         1625         0.058071         reflect
  eval: e=0.0581  p=[0.193 0.639 0.000 0.092 0.590 0.000 0.074 0.622 0.445 0.648]
  1134         1626         0.058071         reflect
  eval: e=0.0581  p=[0.193 0.639 0.000 0.092 0.590 0.000 0.074 0.622 0.445 0.649]
  1135         1627         0.058071         reflect
  eval: e=0.0581  p=[0.193 0.639 0.000 0.092 0.591 0.000 0.074 0.622 0.445 0.648]
  1136         1628         0.058071         reflect
  eval: e=0.0581  p=[0.193 0.639 0.000 0.091 0.590 0.000 0.074 0.623 0.445 0.649]
  eval: e=0.0581  p=[0.193 0.640 0.000 0.091 0.590 0.000 0.074 0.623 0.444 0.648]
  1137         1630        0.0580707         expand
  eval: e=0.0581  p=[0.193 0.640 0.000 0.092 0.590 0.000 0.074 0.623 0.444 0.648]
  1138         1631        0.0580707         reflect
  eval: e=0.0581  p=[0.193 0.639 0.000 0.092 0.590 0.000 0.074 0.623 0.445 0.648]
  eval: e=0.0581  p=[0.193 0.640 0.000 0.092 0.590 0.000 0.074 0.623 0.445 0.648]
  1139         1633        0.0580704         expand
  eval: e=0.0581  p=[0.193 0.639 0.000 0.092 0.590 0.000 0.074 0.622 0.445 0.648]
  1140         1634        0.0580704         reflect
  eval: e=0.0581  p=[0.193 0.639 0.000 0.091 0.589 0.000 0.073 0.623 0.445 0.649]
  1141         1635        0.0580704         reflect
  eval: e=0.0581  p=[0.193 0.639 0.000 0.091 0.590 0.000 0.074 0.623 0.445 0.649]
  1142         1636        0.0580704         reflect
  eval: e=0.0581  p=[0.193 0.640 0.000 0.092 0.590 0.000 0.074 0.623 0.444 0.648]
  1143         1637        0.0580704         reflect
  eval: e=0.0581  p=[0.193 0.640 0.000 0.091 0.589 0.000 0.074 0.624 0.444 0.648]
  1144         1638        0.0580704         reflect
  eval: e=0.0581  p=[0.193 0.640 0.000 0.091 0.589 0.000 0.074 0.624 0.444 0.648]
  eval: e=0.0581  p=[0.193 0.640 0.000 0.091 0.589 0.000 0.073 0.624 0.444 0.648]
  1145         1640        0.0580702         expand
  eval: e=0.0581  p=[0.193 0.640 0.000 0.091 0.589 0.000 0.074 0.624 0.444 0.648]
  1146         1641        0.0580702         reflect
  eval: e=0.0581  p=[0.193 0.640 0.000 0.092 0.590 0.000 0.074 0.624 0.445 0.647]
  eval: e=0.0581  p=[0.193 0.641 0.000 0.092 0.589 0.000 0.074 0.624 0.445 0.647]
  1147         1643        0.0580701         expand
  eval: e=0.0581  p=[0.193 0.640 0.000 0.091 0.589 0.000 0.074 0.624 0.445 0.648]
  eval: e=0.0581  p=[0.193 0.641 0.000 0.091 0.588 0.000 0.073 0.625 0.445 0.648]
  1148         1645          0.05807         reflect
  eval: e=0.0581  p=[0.193 0.641 0.000 0.092 0.590 0.000 0.074 0.623 0.445 0.647]
  1149         1646          0.05807         reflect
  eval: e=0.0581  p=[0.193 0.641 0.000 0.092 0.589 0.000 0.074 0.624 0.445 0.647]
  eval: e=0.0581  p=[0.193 0.641 0.000 0.092 0.589 0.000 0.074 0.624 0.445 0.647]
  1150         1648        0.0580698         expand
  eval: e=0.0581  p=[0.193 0.640 0.000 0.091 0.589 0.000 0.074 0.624 0.445 0.648]
  1151         1649        0.0580698         reflect
  eval: e=0.0581  p=[0.193 0.641 0.000 0.091 0.589 0.000 0.074 0.625 0.445 0.647]
  1152         1650        0.0580698         reflect
  eval: e=0.0581  p=[0.193 0.641 0.000 0.092 0.589 0.000 0.074 0.625 0.445 0.647]
  1153         1651        0.0580698         reflect
  eval: e=0.0581  p=[0.193 0.641 0.000 0.092 0.589 0.000 0.074 0.624 0.445 0.647]
  eval: e=0.0581  p=[0.193 0.642 0.000 0.092 0.589 0.000 0.074 0.625 0.446 0.646]
  1154         1653        0.0580698         reflect
  eval: e=0.0581  p=[0.193 0.642 0.000 0.091 0.588 0.000 0.074 0.626 0.445 0.647]
  1155         1654        0.0580698         reflect
  eval: e=0.0581  p=[0.193 0.641 0.000 0.091 0.588 0.000 0.073 0.625 0.445 0.647]
  1156         1655        0.0580698         reflect
  eval: e=0.0581  p=[0.193 0.642 0.000 0.091 0.588 0.000 0.074 0.625 0.446 0.647]
  eval: e=0.0581  p=[0.193 0.642 0.000 0.092 0.588 0.000 0.074 0.626 0.446 0.646]
  1157         1657        0.0580697         reflect
  eval: e=0.0581  p=[0.193 0.641 0.000 0.092 0.589 0.000 0.074 0.624 0.445 0.647]
  eval: e=0.0581  p=[0.193 0.641 0.000 0.092 0.589 0.000 0.074 0.624 0.446 0.647]
  1158         1659        0.0580694         expand
  eval: e=0.0581  p=[0.193 0.640 0.000 0.092 0.590 0.000 0.074 0.623 0.446 0.648]
  1159         1660        0.0580694         reflect
  eval: e=0.0581  p=[0.193 0.641 0.000 0.092 0.589 0.000 0.074 0.624 0.446 0.646]
  1160         1661        0.0580694         reflect
  eval: e=0.0581  p=[0.193 0.641 0.000 0.091 0.589 0.000 0.074 0.625 0.445 0.648]
  1161         1662        0.0580694         reflect
  eval: e=0.0581  p=[0.193 0.640 0.000 0.091 0.589 0.000 0.074 0.624 0.446 0.648]
  eval: e=0.0581  p=[0.193 0.640 0.000 0.091 0.589 0.000 0.074 0.623 0.446 0.648]
  1162         1664        0.0580694         reflect
  eval: e=0.0581  p=[0.193 0.641 0.000 0.092 0.589 0.000 0.074 0.625 0.446 0.646]
  eval: e=0.0581  p=[0.193 0.642 0.000 0.093 0.589 0.000 0.074 0.625 0.447 0.645]
  1163         1666        0.0580692         expand
  eval: e=0.0581  p=[0.193 0.642 0.000 0.092 0.589 0.000 0.074 0.625 0.446 0.646]
  1164         1667        0.0580692         reflect
  eval: e=0.0581  p=[0.193 0.642 0.000 0.092 0.588 0.000 0.074 0.626 0.446 0.646]
  eval: e=0.0581  p=[0.193 0.641 0.000 0.092 0.589 0.000 0.074 0.624 0.446 0.647]
  1165         1669        0.0580692         contract inside
  eval: e=0.0581  p=[0.193 0.641 0.000 0.092 0.589 0.000 0.074 0.625 0.447 0.647]
  eval: e=0.0581  p=[0.193 0.642 0.000 0.092 0.588 0.000 0.074 0.626 0.447 0.647]
  1166         1671         0.058069         expand
  eval: e=0.0581  p=[0.193 0.641 0.000 0.093 0.590 0.000 0.074 0.624 0.447 0.646]
  1167         1672         0.058069         reflect
  eval: e=0.0581  p=[0.193 0.641 0.000 0.092 0.589 0.000 0.074 0.625 0.447 0.647]
  eval: e=0.0581  p=[0.193 0.641 0.000 0.092 0.589 0.000 0.074 0.625 0.448 0.647]
  1168         1674        0.0580686         expand
  eval: e=0.0581  p=[0.193 0.642 0.000 0.093 0.589 0.000 0.074 0.625 0.448 0.646]
  1169         1675        0.0580686         reflect
  eval: e=0.0581  p=[0.193 0.641 0.000 0.093 0.590 0.000 0.074 0.624 0.448 0.647]
  1170         1676        0.0580686         reflect
  eval: e=0.0581  p=[0.193 0.641 0.000 0.092 0.589 0.000 0.074 0.624 0.447 0.647]
  1171         1677        0.0580686         reflect
  eval: e=0.0581  p=[0.193 0.642 0.000 0.092 0.589 0.000 0.074 0.625 0.448 0.646]
  1172         1678        0.0580686         reflect
  eval: e=0.0581  p=[0.192 0.642 0.000 0.093 0.589 0.000 0.074 0.625 0.449 0.646]
  1173         1679        0.0580686         reflect
  eval: e=0.0581  p=[0.192 0.643 0.000 0.093 0.589 0.000 0.074 0.626 0.449 0.645]
  1174         1680        0.0580686         reflect
  eval: e=0.0581  p=[0.192 0.641 0.000 0.093 0.589 0.000 0.074 0.625 0.449 0.646]
  1175         1681        0.0580686         reflect
  eval: e=0.0581  p=[0.193 0.642 0.000 0.092 0.588 0.000 0.074 0.626 0.449 0.646]
  eval: e=0.0581  p=[0.193 0.642 0.000 0.092 0.588 0.000 0.074 0.627 0.450 0.646]
  1176         1683        0.0580685         reflect
  eval: e=0.0581  p=[0.193 0.641 0.000 0.092 0.589 0.000 0.074 0.625 0.450 0.647]
  1177         1684        0.0580685         reflect
  eval: e=0.0581  p=[0.193 0.640 0.000 0.091 0.589 0.000 0.074 0.624 0.448 0.648]
  1178         1685        0.0580685         reflect
  eval: e=0.0581  p=[0.193 0.641 0.000 0.091 0.588 0.000 0.074 0.625 0.449 0.648]
  1179         1686        0.0580685         reflect
  eval: e=0.0581  p=[0.192 0.642 0.000 0.093 0.589 0.000 0.074 0.626 0.449 0.645]
  1180         1687        0.0580685         reflect
  eval: e=0.0581  p=[0.193 0.642 0.000 0.092 0.588 0.000 0.074 0.627 0.449 0.646]
  1181         1688        0.0580685         reflect
  eval: e=0.0581  p=[0.192 0.641 0.000 0.093 0.589 0.000 0.074 0.625 0.450 0.646]
  eval: e=0.0581  p=[0.193 0.641 0.000 0.092 0.589 0.000 0.074 0.625 0.449 0.646]
  1182         1690        0.0580685         contract outside
  eval: e=0.0581  p=[0.193 0.642 0.000 0.092 0.589 0.000 0.074 0.626 0.448 0.646]
  1183         1691        0.0580685         reflect
  eval: e=0.0581  p=[0.193 0.641 0.000 0.091 0.588 0.000 0.074 0.625 0.448 0.648]
  1184         1692        0.0580685         reflect
  eval: e=0.0581  p=[0.192 0.642 0.000 0.092 0.588 0.000 0.074 0.626 0.450 0.646]
  1185         1693        0.0580685         reflect
  eval: e=0.0581  p=[0.193 0.641 0.000 0.092 0.589 0.000 0.074 0.625 0.450 0.647]
  eval: e=0.0581  p=[0.193 0.642 0.000 0.092 0.589 0.000 0.074 0.626 0.449 0.646]
  1186         1695        0.0580685         contract inside
  eval: e=0.0581  p=[0.192 0.643 0.000 0.093 0.589 0.000 0.074 0.626 0.450 0.645]
  eval: e=0.0581  p=[0.193 0.641 0.000 0.092 0.588 0.000 0.074 0.625 0.449 0.647]
  1187         1697        0.0580685         contract inside
  eval: e=0.0581  p=[0.193 0.641 0.000 0.093 0.590 0.000 0.074 0.624 0.448 0.646]
  eval: e=0.0581  p=[0.193 0.642 0.000 0.092 0.588 0.000 0.074 0.626 0.449 0.646]
  1188         1699        0.0580685         contract inside
  eval: e=0.0581  p=[0.193 0.642 0.000 0.092 0.588 0.000 0.074 0.626 0.448 0.647]
  eval: e=0.0581  p=[0.193 0.641 0.000 0.092 0.589 0.000 0.074 0.625 0.449 0.646]
  1189         1701        0.0580685         contract inside
  eval: e=0.0581  p=[0.193 0.642 0.000 0.092 0.588 0.000 0.074 0.626 0.448 0.647]
  1190         1702        0.0580685         reflect
  eval: e=0.0581  p=[0.193 0.641 0.000 0.092 0.588 0.000 0.074 0.626 0.449 0.647]
  eval: e=0.0581  p=[0.193 0.642 0.000 0.092 0.589 0.000 0.074 0.625 0.449 0.646]
  1191         1704        0.0580685         contract inside
  eval: e=0.0581  p=[0.193 0.641 0.000 0.092 0.589 0.000 0.074 0.625 0.447 0.647]
  eval: e=0.0581  p=[0.193 0.642 0.000 0.092 0.588 0.000 0.074 0.626 0.449 0.646]
  1192         1706        0.0580685         contract inside
  eval: e=0.0581  p=[0.192 0.642 0.000 0.093 0.589 0.000 0.074 0.626 0.448 0.645]
  eval: e=0.0581  p=[0.193 0.641 0.000 0.092 0.588 0.000 0.074 0.625 0.449 0.647]
  1193         1708        0.0580685         contract inside
  eval: e=0.0581  p=[0.193 0.641 0.000 0.091 0.588 0.000 0.074 0.626 0.449 0.647]
  eval: e=0.0581  p=[0.193 0.642 0.000 0.092 0.589 0.000 0.074 0.625 0.449 0.646]
  1194         1710        0.0580685         contract inside
  eval: e=0.0581  p=[0.192 0.642 0.000 0.092 0.588 0.000 0.074 0.626 0.450 0.646]
  eval: e=0.0581  p=[0.193 0.641 0.000 0.092 0.589 0.000 0.074 0.625 0.448 0.647]
  1195         1712        0.0580685         contract inside
  eval: e=0.0581  p=[0.193 0.641 0.000 0.092 0.589 0.000 0.074 0.625 0.449 0.646]
  eval: e=0.0581  p=[0.193 0.642 0.000 0.092 0.588 0.000 0.074 0.626 0.449 0.646]
  1196         1714        0.0580685         contract inside
  eval: e=0.0581  p=[0.193 0.642 0.000 0.092 0.588 0.000 0.074 0.626 0.448 0.647]
  eval: e=0.0581  p=[0.193 0.642 0.000 0.092 0.589 0.000 0.074 0.625 0.449 0.646]
  1197         1716        0.0580685         contract inside
  eval: e=0.0581  p=[0.193 0.641 0.000 0.092 0.588 0.000 0.074 0.626 0.449 0.647]
  1198         1717        0.0580685         reflect
  eval: e=0.0581  p=[0.193 0.641 0.000 0.092 0.589 0.000 0.074 0.625 0.448 0.647]
  eval: e=0.0581  p=[0.193 0.642 0.000 0.092 0.588 0.000 0.074 0.626 0.449 0.646]
  1199         1719        0.0580685         contract inside
  eval: e=0.0581  p=[0.193 0.642 0.000 0.092 0.589 0.000 0.074 0.625 0.449 0.646]
  eval: e=0.0581  p=[0.193 0.641 0.000 0.092 0.588 0.000 0.074 0.626 0.449 0.647]
  1200         1721        0.0580685         contract inside
  eval: e=0.0581  p=[0.193 0.642 0.000 0.092 0.589 0.000 0.074 0.626 0.449 0.646]
  eval: e=0.0581  p=[0.193 0.641 0.000 0.092 0.588 0.000 0.074 0.625 0.449 0.647]
  1201         1723        0.0580685         contract inside
  eval: e=0.0581  p=[0.193 0.642 0.000 0.092 0.588 0.000 0.074 0.626 0.449 0.647]
  eval: e=0.0581  p=[0.193 0.642 0.000 0.092 0.589 0.000 0.074 0.625 0.449 0.646]
  1202         1725        0.0580685         contract inside
  eval: e=0.0581  p=[0.193 0.641 0.000 0.092 0.588 0.000 0.074 0.626 0.449 0.647]
  eval: e=0.0581  p=[0.193 0.642 0.000 0.092 0.589 0.000 0.074 0.625 0.449 0.646]
  1203         1727        0.0580685         contract inside
  eval: e=0.0581  p=[0.193 0.641 0.000 0.092 0.588 0.000 0.074 0.625 0.449 0.647]
  eval: e=0.0581  p=[0.193 0.642 0.000 0.092 0.588 0.000 0.074 0.626 0.449 0.646]
  eval: e=0.0581  p=[0.193 0.641 0.000 0.092 0.588 0.000 0.074 0.625 0.449 0.646]
  eval: e=0.0581  p=[0.193 0.641 0.000 0.092 0.589 0.000 0.074 0.625 0.449 0.646]
  eval: e=0.0581  p=[0.193 0.641 0.000 0.092 0.589 0.000 0.074 0.625 0.449 0.647]
  eval: e=0.0581  p=[0.193 0.641 0.000 0.092 0.588 0.000 0.074 0.625 0.449 0.647]
  eval: e=0.0581  p=[0.193 0.641 0.000 0.092 0.588 0.000 0.074 0.625 0.449 0.647]
  eval: e=0.0581  p=[0.193 0.642 0.000 0.092 0.588 0.000 0.074 0.626 0.449 0.646]
  eval: e=0.0581  p=[0.193 0.642 0.000 0.092 0.588 0.000 0.074 0.625 0.449 0.646]
  eval: e=0.0581  p=[0.193 0.641 0.000 0.092 0.589 0.000 0.074 0.625 0.448 0.647]
  eval: e=0.0581  p=[0.193 0.641 0.000 0.092 0.588 0.000 0.074 0.625 0.448 0.647]
  eval: e=0.0581  p=[0.193 0.642 0.000 0.092 0.589 0.000 0.074 0.625 0.448 0.646]
  1204         1739        0.0580684         shrink
  eval: e=0.0581  p=[0.193 0.642 0.000 0.092 0.588 0.000 0.074 0.626 0.449 0.646]
  1205         1740        0.0580684         reflect
  eval: e=0.0581  p=[0.193 0.641 0.000 0.092 0.588 0.000 0.074 0.625 0.449 0.646]
  1206         1741        0.0580684         reflect
  eval: e=0.0581  p=[0.193 0.641 0.000 0.092 0.589 0.000 0.074 0.625 0.448 0.647]
  1207         1742        0.0580684         reflect
  eval: e=0.0581  p=[0.193 0.641 0.000 0.092 0.589 0.000 0.074 0.625 0.448 0.647]
  eval: e=0.0581  p=[0.193 0.642 0.000 0.092 0.588 0.000 0.074 0.625 0.449 0.646]
  eval: e=0.0581  p=[0.193 0.641 0.000 0.092 0.589 0.000 0.074 0.625 0.449 0.646]
  eval: e=0.0581  p=[0.193 0.642 0.000 0.092 0.588 0.000 0.074 0.625 0.449 0.646]
  eval: e=0.0581  p=[0.193 0.641 0.000 0.092 0.589 0.000 0.074 0.625 0.448 0.647]
  eval: e=0.0581  p=[0.193 0.642 0.000 0.092 0.589 0.000 0.074 0.625 0.449 0.646]
  eval: e=0.0581  p=[0.193 0.642 0.000 0.092 0.588 0.000 0.074 0.625 0.449 0.646]
  eval: e=0.0581  p=[0.193 0.641 0.000 0.092 0.588 0.000 0.074 0.625 0.449 0.647]
  eval: e=0.0581  p=[0.193 0.641 0.000 0.092 0.588 0.000 0.074 0.625 0.449 0.647]
  eval: e=0.0581  p=[0.193 0.641 0.000 0.092 0.589 0.000 0.074 0.625 0.448 0.647]
  eval: e=0.0581  p=[0.193 0.641 0.000 0.092 0.589 0.000 0.074 0.625 0.448 0.646]
  eval: e=0.0581  p=[0.193 0.642 0.000 0.092 0.588 0.000 0.074 0.625 0.449 0.646]
  1208         1754        0.0580684         shrink
  eval: e=0.0581  p=[0.193 0.642 0.000 0.092 0.588 0.000 0.074 0.625 0.449 0.646]
  1209         1755        0.0580684         reflect
  eval: e=0.0581  p=[0.193 0.642 0.000 0.092 0.588 0.000 0.074 0.625 0.449 0.646]
  1210         1756        0.0580684         reflect
  eval: e=0.0581  p=[0.193 0.641 0.000 0.092 0.589 0.000 0.074 0.625 0.448 0.647]
  1211         1757        0.0580684         reflect
  eval: e=0.0581  p=[0.193 0.642 0.000 0.092 0.589 0.000 0.074 0.625 0.448 0.646]
  1212         1758        0.0580684         reflect
  eval: e=0.0581  p=[0.193 0.641 0.000 0.092 0.589 0.000 0.074 0.625 0.448 0.646]
  eval: e=0.0581  p=[0.193 0.642 0.000 0.092 0.588 0.000 0.074 0.625 0.449 0.646]
  1213         1760        0.0580684         contract inside
  eval: e=0.0581  p=[0.193 0.642 0.000 0.092 0.588 0.000 0.074 0.625 0.449 0.646]
  eval: e=0.0581  p=[0.193 0.641 0.000 0.092 0.589 0.000 0.074 0.625 0.448 0.646]
  eval: e=0.0581  p=[0.193 0.642 0.000 0.092 0.589 0.000 0.074 0.625 0.449 0.646]
  eval: e=0.0581  p=[0.193 0.642 0.000 0.092 0.589 0.000 0.074 0.625 0.448 0.646]
  eval: e=0.0581  p=[0.193 0.642 0.000 0.092 0.589 0.000 0.074 0.625 0.448 0.646]
  eval: e=0.0581  p=[0.193 0.642 0.000 0.092 0.589 0.000 0.074 0.625 0.448 0.646]
  eval: e=0.0581  p=[0.193 0.642 0.000 0.092 0.588 0.000 0.074 0.625 0.448 0.646]
  eval: e=0.0581  p=[0.193 0.642 0.000 0.092 0.588 0.000 0.074 0.625 0.448 0.646]
  eval: e=0.0581  p=[0.193 0.641 0.000 0.092 0.589 0.000 0.074 0.625 0.448 0.646]
  eval: e=0.0581  p=[0.193 0.642 0.000 0.092 0.589 0.000 0.074 0.625 0.448 0.646]
  eval: e=0.0581  p=[0.193 0.641 0.000 0.092 0.589 0.000 0.074 0.625 0.448 0.646]
  eval: e=0.0581  p=[0.193 0.642 0.000 0.092 0.589 0.000 0.074 0.625 0.448 0.646]
  1214         1772        0.0580684         shrink
  eval: e=0.0581  p=[0.193 0.642 0.000 0.092 0.589 0.000 0.074 0.625 0.449 0.646]
  1215         1773        0.0580684         reflect
  eval: e=0.0581  p=[0.193 0.642 0.000 0.092 0.589 0.000 0.074 0.625 0.448 0.646]
  eval: e=0.0581  p=[0.193 0.642 0.000 0.092 0.589 0.000 0.074 0.625 0.448 0.646]
  1216         1775        0.0580684         contract inside
 
Optimization terminated:
 the current x satisfies the termination criteria using OPTIONS.TolX of 1.000000e-04 
 and F(X) satisfies the convergence criteria using OPTIONS.TolFun of 1.000000e-06 

=== Fit complete: error=0.058068  AIC=-2737.9 ===
=== restart 7 (B) done: e=0.058068 ===
  eval: e=1.2473  p=[0.830 0.522 0.513 0.138 0.518 0.226 0.772 0.117 0.624 0.435]
 
 Iteration   Func-count         f(x)         Procedure
     0            1          1.24732         
  eval: e=1.2483  p=[0.871 0.522 0.513 0.138 0.518 0.226 0.772 0.117 0.624 0.435]
  eval: e=1.4760  p=[0.830 0.548 0.513 0.138 0.518 0.226 0.772 0.117 0.624 0.435]
  eval: e=1.3145  p=[0.830 0.522 0.538 0.138 0.518 0.226 0.772 0.117 0.624 0.435]
  eval: e=1.2264  p=[0.830 0.522 0.513 0.145 0.518 0.226 0.772 0.117 0.624 0.435]
  eval: e=1.3294  p=[0.830 0.522 0.513 0.138 0.544 0.226 0.772 0.117 0.624 0.435]
  eval: e=1.2477  p=[0.830 0.522 0.513 0.138 0.518 0.238 0.772 0.117 0.624 0.435]
  eval: e=1.2958  p=[0.830 0.522 0.513 0.138 0.518 0.226 0.811 0.117 0.624 0.435]
  eval: e=1.2442  p=[0.830 0.522 0.513 0.138 0.518 0.226 0.772 0.122 0.624 0.435]
  eval: e=1.2596  p=[0.830 0.522 0.513 0.138 0.518 0.226 0.772 0.117 0.655 0.435]
  eval: e=1.2544  p=[0.830 0.522 0.513 0.138 0.518 0.226 0.772 0.117 0.624 0.457]
     1           11          1.22637         initial simplex
  eval: e=1.0785  p=[0.838 0.496 0.518 0.139 0.523 0.229 0.780 0.118 0.630 0.439]
  eval: e=0.9108  p=[0.842 0.470 0.521 0.140 0.526 0.230 0.784 0.118 0.633 0.441]
     2           13         0.910808         expand
  eval: e=1.1174  p=[0.840 0.512 0.519 0.140 0.494 0.229 0.782 0.118 0.632 0.440]
     3           14         0.910808         reflect
  eval: e=1.0943  p=[0.842 0.510 0.490 0.140 0.515 0.230 0.784 0.118 0.634 0.442]
     4           15         0.910808         reflect
  eval: e=1.0749  p=[0.845 0.507 0.511 0.140 0.514 0.231 0.740 0.119 0.635 0.443]
     5           16         0.910808         reflect
  eval: e=1.0683  p=[0.848 0.504 0.511 0.141 0.513 0.231 0.772 0.119 0.600 0.445]
     6           17         0.910808         reflect
  eval: e=1.0415  p=[0.852 0.501 0.510 0.142 0.512 0.232 0.772 0.120 0.627 0.420]
     7           18         0.910808         reflect
  eval: e=1.0094  p=[0.807 0.496 0.510 0.142 0.511 0.234 0.772 0.120 0.628 0.439]
     8           19         0.910808         reflect
  eval: e=0.9674  p=[0.844 0.491 0.509 0.143 0.510 0.222 0.773 0.121 0.628 0.440]
     9           20         0.910808         reflect
  eval: e=0.9176  p=[0.846 0.485 0.509 0.144 0.508 0.232 0.773 0.122 0.629 0.441]
    10           21         0.910808         reflect
  eval: e=0.8639  p=[0.850 0.477 0.508 0.146 0.506 0.233 0.773 0.116 0.630 0.443]
  eval: e=0.7127  p=[0.860 0.455 0.505 0.149 0.500 0.236 0.773 0.113 0.633 0.446]
    11           23         0.712685         expand
  eval: e=0.7853  p=[0.856 0.464 0.506 0.140 0.503 0.235 0.773 0.121 0.632 0.445]
    12           24         0.712685         reflect
  eval: e=0.7882  p=[0.848 0.465 0.497 0.145 0.529 0.233 0.761 0.120 0.624 0.440]
    13           25         0.712685         reflect
  eval: e=0.7668  p=[0.847 0.458 0.528 0.145 0.511 0.233 0.755 0.120 0.621 0.439]
    14           26         0.712685         reflect
  eval: e=0.7420  p=[0.845 0.450 0.510 0.146 0.510 0.233 0.802 0.120 0.616 0.437]
    15           27         0.712685         reflect
  eval: e=0.6815  p=[0.841 0.443 0.510 0.146 0.511 0.233 0.775 0.120 0.654 0.433]
  eval: e=0.5355  p=[0.837 0.412 0.510 0.149 0.509 0.233 0.777 0.121 0.680 0.428]
    16           29         0.535482         expand
  eval: e=0.6122  p=[0.834 0.429 0.511 0.147 0.511 0.232 0.776 0.120 0.638 0.459]
    17           30         0.535482         reflect
  eval: e=0.5703  p=[0.885 0.419 0.511 0.147 0.512 0.230 0.777 0.119 0.639 0.444]
    18           31         0.535482         reflect
  eval: e=0.5343  p=[0.856 0.410 0.512 0.147 0.514 0.244 0.777 0.118 0.641 0.444]
  eval: e=0.3892  p=[0.863 0.370 0.514 0.149 0.516 0.255 0.780 0.116 0.647 0.446]
    19           33         0.389217         expand
  eval: e=0.4746  p=[0.857 0.393 0.514 0.147 0.517 0.238 0.779 0.116 0.644 0.444]
    20           34         0.389217         reflect
  eval: e=0.4199  p=[0.864 0.393 0.501 0.153 0.498 0.242 0.767 0.119 0.642 0.444]
    21           35         0.389217         reflect
  eval: e=0.4403  p=[0.861 0.384 0.525 0.150 0.489 0.241 0.790 0.117 0.654 0.446]
    22           36         0.389217         reflect
  eval: e=0.3835  p=[0.855 0.369 0.519 0.157 0.512 0.240 0.782 0.115 0.651 0.441]
  eval: e=0.2673  p=[0.855 0.321 0.526 0.166 0.517 0.242 0.786 0.112 0.660 0.439]
    23           38         0.267291         expand
  eval: e=0.3294  p=[0.865 0.348 0.497 0.156 0.506 0.243 0.806 0.114 0.670 0.448]
    24           39         0.267291         reflect
  eval: e=0.2724  p=[0.872 0.334 0.512 0.157 0.505 0.246 0.761 0.113 0.686 0.452]
    25           40         0.267291         reflect
  eval: e=0.2425  p=[0.859 0.306 0.519 0.155 0.516 0.244 0.786 0.120 0.679 0.443]
  eval: e=0.1584  p=[0.859 0.231 0.525 0.157 0.524 0.248 0.793 0.124 0.702 0.442]
    26           42         0.158423         expand
  eval: e=0.2157  p=[0.889 0.293 0.516 0.159 0.507 0.252 0.787 0.114 0.687 0.427]
    27           43         0.158423         reflect
  eval: e=0.1949  p=[0.839 0.276 0.517 0.161 0.505 0.258 0.788 0.114 0.695 0.439]
    28           44         0.158423         reflect
  eval: e=0.1733  p=[0.888 0.257 0.519 0.162 0.507 0.260 0.791 0.111 0.657 0.458]
    29           45         0.158423         reflect
  eval: e=0.1642  p=[0.874 0.248 0.517 0.167 0.497 0.259 0.791 0.115 0.696 0.444]
    30           46         0.158423         reflect
  eval: e=0.1423  p=[0.872 0.230 0.504 0.168 0.528 0.261 0.780 0.114 0.694 0.442]
  eval: e=0.1169  p=[0.877 0.153 0.494 0.176 0.547 0.271 0.774 0.112 0.714 0.440]
    31           48         0.116898         expand
  eval: e=0.1328  p=[0.872 0.173 0.527 0.169 0.528 0.265 0.805 0.110 0.721 0.443]
    32           49         0.116898         reflect
  eval: e=0.1257  p=[0.875 0.157 0.517 0.177 0.513 0.254 0.797 0.112 0.731 0.441]
    33           50         0.116898         reflect
  eval: e=0.1195  p=[0.875 0.141 0.537 0.175 0.525 0.268 0.768 0.114 0.720 0.437]
    34           51         0.116898         reflect
  eval: e=0.1248  p=[0.869 0.116 0.526 0.177 0.529 0.270 0.815 0.115 0.710 0.430]
    35           52         0.116898         reflect
  eval: e=0.1246  p=[0.889 0.088 0.513 0.171 0.520 0.279 0.796 0.117 0.747 0.441]
    36           53         0.116898         reflect
  eval: e=0.1256  p=[0.854 0.076 0.522 0.179 0.532 0.274 0.796 0.115 0.732 0.456]
    37           54         0.116898         reflect
  eval: e=0.1285  p=[0.907 0.052 0.522 0.181 0.539 0.271 0.797 0.115 0.731 0.447]
    38           55         0.116898         reflect
  eval: e=0.1323  p=[0.862 0.030 0.521 0.184 0.543 0.272 0.796 0.118 0.784 0.427]
    39           56         0.116898         reflect
  eval: e=0.3375  p=[0.874 0.000 0.524 0.182 0.562 0.275 0.796 0.115 0.762 0.436]
  eval: e=0.1305  p=[0.874 0.185 0.518 0.171 0.514 0.263 0.792 0.115 0.713 0.442]
    40           58         0.116898         contract inside
  eval: e=0.1376  p=[0.892 0.003 0.514 0.195 0.534 0.289 0.794 0.104 0.759 0.439]
  eval: e=0.1275  p=[0.884 0.060 0.517 0.185 0.532 0.279 0.794 0.109 0.744 0.440]
    41           60         0.116898         contract outside
  eval: e=0.1319  p=[0.881 0.038 0.510 0.186 0.530 0.275 0.780 0.118 0.744 0.437]
    42           61         0.116898         reflect
  eval: e=0.1262  p=[0.895 0.183 0.515 0.172 0.513 0.269 0.786 0.110 0.673 0.456]
    43           62         0.116898         reflect
  eval: e=0.1440  p=[0.878 0.204 0.526 0.167 0.522 0.264 0.803 0.109 0.699 0.449]
  eval: e=0.1246  p=[0.880 0.080 0.514 0.181 0.528 0.272 0.786 0.116 0.732 0.440]
    44           64         0.116898         contract inside
  eval: e=0.1311  p=[0.887 0.036 0.517 0.184 0.542 0.278 0.789 0.112 0.734 0.443]
  eval: e=0.1229  p=[0.877 0.148 0.518 0.174 0.521 0.267 0.792 0.114 0.718 0.443]
    45           66         0.116898         contract inside
  eval: e=0.1278  p=[0.848 0.189 0.512 0.173 0.513 0.269 0.784 0.112 0.713 0.437]
  eval: e=0.1223  p=[0.863 0.154 0.515 0.175 0.519 0.270 0.787 0.113 0.718 0.440]
    46           68         0.116898         contract outside
  eval: e=0.1328  p=[0.867 0.199 0.517 0.166 0.517 0.260 0.786 0.118 0.695 0.445]
  eval: e=0.1233  p=[0.880 0.095 0.517 0.181 0.528 0.274 0.792 0.111 0.732 0.441]
    47           70         0.116898         contract inside
  eval: e=0.1278  p=[0.853 0.059 0.520 0.181 0.540 0.270 0.794 0.118 0.777 0.426]
  eval: e=0.1221  p=[0.884 0.152 0.516 0.174 0.519 0.269 0.788 0.112 0.699 0.448]
    48           72         0.116898         contract inside
  eval: e=0.1226  p=[0.874 0.083 0.518 0.176 0.541 0.289 0.782 0.116 0.714 0.442]
    49           73         0.116898         reflect
  eval: e=0.1209  p=[0.900 0.166 0.512 0.173 0.524 0.271 0.780 0.113 0.709 0.425]
    50           74         0.116898         reflect
  eval: e=0.1165  p=[0.891 0.136 0.504 0.174 0.525 0.276 0.754 0.113 0.730 0.449]
  eval: e=0.1131  p=[0.902 0.146 0.493 0.172 0.523 0.279 0.723 0.111 0.740 0.459]
    51           76         0.113063         expand
  eval: e=0.1166  p=[0.874 0.176 0.513 0.181 0.535 0.267 0.759 0.110 0.693 0.442]
    52           77         0.113063         reflect
  eval: e=0.1251  p=[0.881 0.203 0.512 0.170 0.528 0.273 0.763 0.110 0.699 0.443]
  eval: e=0.1208  p=[0.881 0.111 0.514 0.178 0.528 0.272 0.780 0.114 0.724 0.441]
    53           79         0.113063         contract inside
  eval: e=0.1190  p=[0.882 0.191 0.509 0.170 0.528 0.271 0.755 0.114 0.698 0.442]
    54           80         0.113063         reflect
  eval: e=0.1134  p=[0.885 0.147 0.506 0.176 0.537 0.279 0.748 0.112 0.708 0.441]
    55           81         0.113063         reflect
  eval: e=0.1282  p=[0.890 0.224 0.504 0.174 0.516 0.255 0.750 0.109 0.711 0.441]
  eval: e=0.1189  p=[0.878 0.119 0.514 0.175 0.535 0.280 0.774 0.114 0.713 0.442]
    56           83         0.113063         contract inside
  eval: e=0.1127  p=[0.905 0.146 0.507 0.176 0.541 0.276 0.743 0.113 0.706 0.444]
  eval: e=0.1108  p=[0.925 0.142 0.503 0.176 0.552 0.279 0.720 0.113 0.700 0.446]
    57           85         0.110762         expand
  eval: e=0.1110  p=[0.891 0.147 0.503 0.176 0.547 0.278 0.728 0.114 0.724 0.435]
    58           86         0.110762         reflect
  eval: e=0.1143  p=[0.874 0.128 0.505 0.179 0.548 0.278 0.726 0.112 0.717 0.460]
    59           87         0.110762         reflect
  eval: e=0.1072  p=[0.892 0.188 0.502 0.173 0.547 0.278 0.715 0.111 0.701 0.448]
  eval: e=0.1030  p=[0.898 0.226 0.495 0.170 0.557 0.280 0.682 0.110 0.690 0.451]
    60           89         0.102974         expand
  eval: e=0.1046  p=[0.903 0.174 0.470 0.176 0.557 0.285 0.710 0.111 0.700 0.454]
    61           90         0.102974         reflect
  eval: e=0.1161  p=[0.900 0.121 0.491 0.181 0.559 0.285 0.714 0.109 0.722 0.452]
    62           91         0.102974         reflect
  eval: e=0.1009  p=[0.908 0.194 0.480 0.177 0.558 0.276 0.683 0.109 0.708 0.454]
  eval: e=0.0917  p=[0.922 0.231 0.463 0.178 0.569 0.274 0.637 0.106 0.706 0.460]
    63           93        0.0917136         expand
  eval: e=0.1038  p=[0.918 0.175 0.495 0.177 0.550 0.286 0.655 0.109 0.706 0.460]
    64           94        0.0917136         reflect
  eval: e=0.1109  p=[0.930 0.152 0.472 0.172 0.564 0.293 0.650 0.111 0.730 0.461]
    65           95        0.0917136         reflect
  eval: e=0.1035  p=[0.910 0.213 0.491 0.169 0.541 0.278 0.682 0.112 0.702 0.454]
    66           96        0.0917136         reflect
  eval: e=0.0969  p=[0.943 0.222 0.473 0.170 0.552 0.285 0.661 0.109 0.704 0.444]
    67           97        0.0917136         reflect
  eval: e=0.0928  p=[0.943 0.219 0.466 0.171 0.565 0.285 0.622 0.110 0.712 0.464]
    68           98        0.0917136         reflect
  eval: e=0.0872  p=[0.935 0.234 0.473 0.175 0.588 0.285 0.626 0.110 0.675 0.447]
  eval: e=0.0730  p=[0.951 0.278 0.463 0.176 0.621 0.288 0.578 0.109 0.642 0.441]
    69          100        0.0730082         expand
  eval: e=0.0833  p=[0.957 0.260 0.456 0.170 0.578 0.288 0.591 0.106 0.674 0.472]
    70          101        0.0730082         reflect
  eval: e=0.1083  p=[0.924 0.276 0.483 0.175 0.564 0.273 0.658 0.108 0.657 0.448]
    71          102        0.0730082         reflect
  eval: e=0.0947  p=[0.928 0.313 0.448 0.171 0.579 0.285 0.575 0.105 0.679 0.464]
    72          103        0.0730082         reflect
  eval: e=0.1015  p=[0.931 0.186 0.461 0.170 0.570 0.294 0.621 0.110 0.725 0.465]
    73          104        0.0730082         reflect
  eval: e=0.0862  p=[0.958 0.290 0.472 0.169 0.579 0.284 0.550 0.106 0.688 0.461]
    74          105        0.0730082         reflect
  eval: e=0.0910  p=[0.951 0.313 0.442 0.166 0.592 0.282 0.585 0.108 0.679 0.455]
    75          106        0.0730082         reflect
  eval: e=0.0702  p=[0.967 0.294 0.437 0.173 0.611 0.291 0.538 0.103 0.677 0.462]
  eval: e=0.0559  p=[0.995 0.335 0.411 0.175 0.646 0.298 0.467 0.099 0.665 0.466]
    76          108        0.0559041         expand
  eval: e=0.0665  p=[0.998 0.303 0.415 0.173 0.614 0.292 0.495 0.104 0.685 0.467]
    77          109        0.0559041         reflect
  eval: e=0.1188  p=[0.979 0.367 0.441 0.174 0.609 0.278 0.531 0.103 0.641 0.454]
  eval: e=0.0881  p=[0.943 0.231 0.456 0.171 0.580 0.290 0.598 0.108 0.704 0.462]
    78          111        0.0559041         contract inside
  eval: e=0.0605  p=[0.967 0.332 0.426 0.175 0.633 0.289 0.479 0.103 0.663 0.478]
    79          112        0.0559041         reflect
  eval: e=0.0847  p=[0.989 0.245 0.446 0.175 0.616 0.289 0.546 0.107 0.685 0.461]
    80          113        0.0559041         reflect
  eval: e=0.0592  p=[0.983 0.345 0.424 0.175 0.641 0.290 0.483 0.101 0.646 0.461]
    81          114        0.0559041         reflect
  eval: e=2.5544  p=[1.000 0.355 0.419 0.167 0.651 0.304 0.438 0.104 0.640 0.465]
  eval: e=0.0811  p=[0.946 0.262 0.452 0.175 0.589 0.281 0.587 0.106 0.690 0.461]
    82          116        0.0559041         contract inside
  eval: e=0.0810  p=[0.986 0.263 0.441 0.181 0.627 0.296 0.490 0.102 0.670 0.471]
    83          117        0.0559041         reflect
  eval: e=0.1542  p=[1.000 0.351 0.425 0.178 0.649 0.289 0.455 0.100 0.637 0.466]
  eval: e=0.0789  p=[0.958 0.261 0.448 0.173 0.597 0.290 0.562 0.106 0.688 0.463]
    84          119        0.0559041         contract inside
  eval: e=0.0783  p=[0.988 0.286 0.405 0.181 0.653 0.297 0.505 0.102 0.653 0.467]
    85          120        0.0559041         reflect
  eval: e=0.0650  p=[0.957 0.339 0.422 0.176 0.623 0.293 0.502 0.101 0.650 0.468]
    86          121        0.0559041         reflect
  eval: e=0.0553  p=[0.988 0.341 0.406 0.181 0.671 0.295 0.439 0.100 0.656 0.456]
  eval: e=0.2165  p=[1.000 0.382 0.381 0.187 0.717 0.298 0.362 0.097 0.648 0.449]
    87          123        0.0553042         reflect
  eval: e=0.8039  p=[1.000 0.354 0.400 0.178 0.675 0.304 0.413 0.100 0.634 0.466]
  eval: e=0.0720  p=[0.961 0.285 0.439 0.176 0.611 0.287 0.544 0.104 0.676 0.463]
    88          125        0.0553042         contract inside
  eval: e=0.0701  p=[0.963 0.358 0.410 0.172 0.635 0.288 0.520 0.104 0.655 0.455]
    89          126        0.0553042         reflect
  eval: e=0.0472  p=[0.993 0.379 0.396 0.179 0.672 0.293 0.440 0.099 0.631 0.461]
  eval: e=1.0359  p=[1.000 0.438 0.370 0.182 0.710 0.295 0.379 0.096 0.602 0.461]
    90          128        0.0472345         reflect
  eval: e=0.1071  p=[0.963 0.373 0.438 0.171 0.620 0.286 0.484 0.103 0.661 0.456]
  eval: e=0.0650  p=[0.982 0.308 0.413 0.178 0.645 0.294 0.500 0.102 0.655 0.464]
    91          130        0.0472345         contract inside
  eval: e=0.4101  p=[1.000 0.387 0.370 0.176 0.657 0.295 0.396 0.095 0.675 0.487]
  eval: e=0.0653  p=[0.965 0.305 0.440 0.176 0.630 0.290 0.532 0.105 0.650 0.452]
    92          132        0.0472345         contract inside
  eval: e=0.0474  p=[0.997 0.384 0.393 0.176 0.671 0.297 0.428 0.100 0.636 0.463]
    93          133        0.0472345         reflect
  eval: e=0.0982  p=[1.000 0.316 0.419 0.181 0.654 0.298 0.433 0.099 0.652 0.472]
  eval: e=0.0595  p=[0.973 0.348 0.413 0.174 0.640 0.291 0.498 0.103 0.654 0.459]
    94          135        0.0472345         contract inside
  eval: e=0.0488  p=[0.962 0.380 0.413 0.180 0.680 0.294 0.459 0.099 0.616 0.459]
    95          136        0.0472345         reflect
  eval: e=0.0462  p=[0.994 0.393 0.384 0.178 0.674 0.297 0.407 0.096 0.644 0.475]
  eval: e=0.8049  p=[1.000 0.437 0.356 0.179 0.696 0.300 0.344 0.091 0.642 0.486]
    96          138        0.0461667         reflect
  eval: e=0.0756  p=[0.980 0.407 0.405 0.176 0.665 0.293 0.420 0.098 0.637 0.465]
  eval: e=0.0566  p=[0.981 0.333 0.411 0.178 0.650 0.294 0.480 0.101 0.651 0.465]
    97          140        0.0461667         contract inside
  eval: e=0.8917  p=[1.000 0.374 0.393 0.178 0.692 0.294 0.414 0.099 0.643 0.461]
  eval: e=0.0575  p=[0.970 0.348 0.415 0.177 0.640 0.293 0.480 0.100 0.648 0.466]
    98          142        0.0461667         contract inside
  eval: e=0.0463  p=[1.000 0.385 0.387 0.180 0.684 0.300 0.437 0.097 0.626 0.448]
    99          143        0.0461667         reflect
  eval: e=0.0453  p=[1.000 0.377 0.396 0.182 0.686 0.300 0.405 0.096 0.630 0.465]
  eval: e=1.9086  p=[1.000 0.392 0.387 0.186 0.709 0.304 0.359 0.092 0.617 0.467]
   100          145        0.0453231         reflect
  eval: e=0.0447  p=[0.994 0.386 0.378 0.182 0.694 0.302 0.405 0.096 0.635 0.464]
  eval: e=0.0486  p=[0.999 0.407 0.356 0.186 0.721 0.308 0.366 0.093 0.629 0.466]
   101          147        0.0447382         reflect
  eval: e=1.1713  p=[1.000 0.391 0.380 0.182 0.705 0.301 0.393 0.096 0.630 0.458]
  eval: e=0.0516  p=[0.980 0.359 0.406 0.178 0.657 0.295 0.458 0.099 0.644 0.464]
   102          149        0.0447382         contract inside
  eval: e=0.0421  p=[0.999 0.411 0.383 0.181 0.697 0.300 0.389 0.095 0.626 0.460]
  eval: e=0.7198  p=[1.000 0.450 0.370 0.182 0.721 0.303 0.343 0.092 0.614 0.457]
   103          151        0.0421018         reflect
  eval: e=0.0407  p=[0.986 0.425 0.378 0.184 0.712 0.296 0.387 0.096 0.604 0.458]
  eval: e=0.0424  p=[0.982 0.470 0.362 0.188 0.745 0.295 0.346 0.095 0.573 0.454]
   104          153        0.0406767         reflect
  eval: e=0.0577  p=[0.993 0.435 0.377 0.179 0.695 0.300 0.404 0.094 0.602 0.467]
  eval: e=0.0481  p=[0.990 0.365 0.399 0.181 0.677 0.296 0.430 0.099 0.643 0.459]
   105          155        0.0406767         contract inside
  eval: e=0.1058  p=[1.000 0.418 0.375 0.183 0.713 0.300 0.379 0.095 0.614 0.458]
  eval: e=0.0474  p=[0.986 0.374 0.399 0.179 0.671 0.296 0.438 0.098 0.636 0.463]
   106          157        0.0406767         contract inside
  eval: e=6.6932  p=[1.000 0.395 0.366 0.180 0.687 0.302 0.374 0.096 0.646 0.464]
  eval: e=0.0459  p=[0.978 0.384 0.401 0.180 0.682 0.296 0.438 0.098 0.624 0.460]
   107          159        0.0406767         contract inside
  eval: e=0.0451  p=[0.996 0.415 0.380 0.180 0.692 0.299 0.405 0.095 0.615 0.464]
   108          160        0.0406767         reflect
  eval: e=0.0417  p=[0.989 0.402 0.383 0.185 0.702 0.298 0.402 0.094 0.619 0.460]
   109          161        0.0406767         reflect
  eval: e=0.0401  p=[1.000 0.418 0.375 0.183 0.709 0.300 0.384 0.094 0.614 0.460]
  eval: e=0.5058  p=[1.000 0.440 0.363 0.185 0.727 0.302 0.357 0.092 0.603 0.459]
   110          163         0.040071         reflect
  eval: e=0.0397  p=[0.995 0.420 0.373 0.184 0.714 0.304 0.372 0.092 0.617 0.462]
  eval: e=0.0405  p=[0.996 0.440 0.362 0.186 0.735 0.309 0.338 0.089 0.610 0.462]
   111          165        0.0396674         reflect
  eval: e=0.0405  p=[0.986 0.421 0.379 0.184 0.708 0.299 0.361 0.094 0.619 0.478]
   112          166        0.0396674         reflect
  eval: e=0.0421  p=[0.990 0.419 0.382 0.187 0.725 0.302 0.383 0.094 0.596 0.451]
   113          167        0.0396674         reflect
  eval: e=0.8324  p=[1.000 0.435 0.360 0.186 0.726 0.305 0.341 0.092 0.611 0.464]
  eval: e=0.0428  p=[0.986 0.397 0.391 0.182 0.693 0.298 0.414 0.096 0.620 0.461]
   114          169        0.0396674         contract inside
  eval: e=0.0415  p=[0.984 0.446 0.365 0.184 0.723 0.300 0.375 0.094 0.603 0.459]
   115          170        0.0396674         reflect
  eval: e=0.0427  p=[0.986 0.414 0.377 0.188 0.724 0.301 0.370 0.094 0.615 0.458]
   116          171        0.0396674         reflect
  eval: e=0.0444  p=[0.986 0.448 0.379 0.186 0.727 0.298 0.362 0.093 0.592 0.457]
  eval: e=0.0408  p=[0.988 0.433 0.379 0.185 0.719 0.299 0.373 0.093 0.603 0.459]
   117          173        0.0396674         contract outside
  eval: e=0.0396  p=[0.995 0.445 0.364 0.187 0.734 0.302 0.346 0.092 0.602 0.460]
  eval: e=0.0444  p=[0.999 0.469 0.350 0.190 0.754 0.304 0.312 0.090 0.593 0.459]
   118          175        0.0395867         reflect
  eval: e=0.0465  p=[0.997 0.434 0.375 0.181 0.705 0.300 0.385 0.094 0.605 0.463]
  eval: e=0.0404  p=[0.988 0.419 0.377 0.186 0.719 0.300 0.373 0.094 0.613 0.459]
   119          177        0.0395867         contract inside
  eval: e=0.0411  p=[0.981 0.438 0.368 0.189 0.736 0.300 0.362 0.093 0.592 0.461]
   120          178        0.0395867         reflect
  eval: e=0.0421  p=[0.988 0.434 0.366 0.183 0.710 0.297 0.364 0.093 0.621 0.472]
  eval: e=0.0402  p=[0.989 0.430 0.370 0.184 0.714 0.299 0.369 0.093 0.615 0.467]
   121          180        0.0395867         contract outside
  eval: e=0.0412  p=[0.990 0.457 0.362 0.185 0.735 0.301 0.338 0.093 0.598 0.464]
   122          181        0.0395867         reflect
  eval: e=0.0405  p=[0.995 0.415 0.380 0.186 0.717 0.300 0.358 0.093 0.612 0.467]
   123          182        0.0395867         reflect
  eval: e=0.0426  p=[0.991 0.396 0.386 0.185 0.701 0.298 0.399 0.094 0.620 0.462]
  eval: e=0.0397  p=[0.990 0.442 0.368 0.185 0.727 0.301 0.353 0.093 0.603 0.464]
   124          184        0.0395867         contract inside
  eval: e=0.0659  p=[1.000 0.415 0.381 0.181 0.698 0.300 0.373 0.095 0.628 0.465]
  eval: e=0.0397  p=[0.986 0.432 0.371 0.187 0.726 0.300 0.365 0.093 0.601 0.462]
   125          186        0.0395867         contract inside
  eval: e=0.0399  p=[0.994 0.421 0.368 0.185 0.717 0.301 0.361 0.094 0.617 0.468]
   126          187        0.0395867         reflect
  eval: e=0.0397  p=[0.997 0.428 0.367 0.186 0.725 0.305 0.342 0.090 0.619 0.472]
   127          188        0.0395867         reflect
  eval: e=0.0421  p=[1.000 0.433 0.364 0.187 0.732 0.304 0.363 0.092 0.604 0.450]
  eval: e=0.0396  p=[0.989 0.424 0.375 0.185 0.714 0.300 0.362 0.093 0.615 0.471]
   128          190        0.0395867         contract inside
  eval: e=0.0394  p=[0.989 0.440 0.362 0.185 0.723 0.303 0.367 0.092 0.612 0.462]
  eval: e=0.0408  p=[0.986 0.453 0.353 0.184 0.726 0.304 0.371 0.092 0.612 0.460]
   129          192        0.0393864         reflect
  eval: e=0.0396  p=[0.996 0.441 0.362 0.184 0.722 0.302 0.351 0.092 0.611 0.470]
   130          193        0.0393864         reflect
  eval: e=0.0401  p=[0.998 0.432 0.367 0.186 0.728 0.305 0.352 0.092 0.607 0.463]
  eval: e=0.0394  p=[0.995 0.431 0.368 0.185 0.725 0.303 0.356 0.092 0.609 0.464]
   131          195        0.0393864         contract outside
  eval: e=0.0396  p=[0.985 0.447 0.361 0.188 0.737 0.304 0.330 0.091 0.607 0.470]
   132          196        0.0393864         reflect
  eval: e=0.0401  p=[0.990 0.449 0.366 0.186 0.732 0.304 0.348 0.091 0.602 0.463]
  eval: e=0.0393  p=[0.993 0.428 0.368 0.185 0.721 0.302 0.358 0.093 0.614 0.467]
   133          198        0.0393405         contract inside
  eval: e=0.0403  p=[0.986 0.442 0.367 0.185 0.723 0.299 0.370 0.095 0.599 0.459]
  eval: e=0.0393  p=[0.994 0.432 0.367 0.186 0.725 0.304 0.349 0.091 0.614 0.468]
   134          200        0.0392531         contract inside
  eval: e=0.0396  p=[0.993 0.427 0.366 0.186 0.721 0.304 0.358 0.091 0.617 0.468]
   135          201        0.0392531         reflect
  eval: e=0.0394  p=[0.989 0.449 0.359 0.188 0.735 0.301 0.336 0.092 0.604 0.471]
   136          202        0.0392531         reflect
  eval: e=0.0387  p=[0.998 0.440 0.359 0.185 0.725 0.305 0.337 0.091 0.620 0.472]
  eval: e=0.1703  p=[1.000 0.444 0.353 0.184 0.724 0.307 0.324 0.090 0.629 0.477]
   137          204        0.0387494         reflect
  eval: e=0.0401  p=[0.996 0.452 0.352 0.187 0.739 0.306 0.336 0.090 0.607 0.464]
  eval: e=0.0392  p=[0.991 0.431 0.369 0.185 0.720 0.301 0.355 0.092 0.613 0.469]
   138          206        0.0387494         contract inside
  eval: e=0.0400  p=[0.991 0.450 0.362 0.186 0.732 0.301 0.339 0.093 0.604 0.467]
  eval: e=0.0392  p=[0.993 0.433 0.365 0.186 0.724 0.303 0.353 0.091 0.614 0.468]
   139          208        0.0387494         contract inside
  eval: e=0.0389  p=[0.990 0.430 0.364 0.184 0.718 0.304 0.353 0.092 0.621 0.477]
   140          209        0.0387494         reflect
  eval: e=0.0400  p=[0.987 0.431 0.366 0.187 0.729 0.304 0.348 0.092 0.615 0.468]
  eval: e=0.0391  p=[0.994 0.439 0.363 0.185 0.723 0.303 0.350 0.092 0.612 0.469]
   141          211        0.0387494         contract inside
  eval: e=0.0395  p=[1.000 0.424 0.368 0.183 0.711 0.301 0.372 0.093 0.619 0.467]
  eval: e=0.0391  p=[0.996 0.429 0.366 0.184 0.717 0.302 0.362 0.092 0.616 0.468]
   142          213        0.0387494         contract outside
  eval: e=0.0396  p=[0.998 0.417 0.371 0.182 0.709 0.305 0.372 0.092 0.625 0.466]
  eval: e=0.0391  p=[0.991 0.441 0.362 0.186 0.729 0.302 0.345 0.092 0.609 0.470]
   143          215        0.0387494         contract inside
  eval: e=0.0391  p=[0.990 0.437 0.361 0.185 0.720 0.302 0.350 0.092 0.619 0.474]
   144          216        0.0387494         reflect
  eval: e=0.0391  p=[0.997 0.428 0.367 0.186 0.721 0.303 0.335 0.091 0.619 0.478]
   145          217        0.0387494         reflect
  eval: e=0.0390  p=[0.994 0.440 0.361 0.185 0.724 0.304 0.341 0.090 0.618 0.476]
   146          218        0.0387494         reflect
  eval: e=0.0392  p=[0.993 0.438 0.361 0.184 0.720 0.302 0.347 0.092 0.618 0.476]
   147          219        0.0387494         reflect
  eval: e=0.0386  p=[0.996 0.440 0.357 0.185 0.724 0.305 0.340 0.090 0.620 0.476]
  eval: e=0.0384  p=[0.999 0.444 0.350 0.185 0.725 0.306 0.332 0.089 0.623 0.480]
   148          221        0.0384215         expand
  eval: e=0.0391  p=[0.996 0.434 0.363 0.186 0.726 0.304 0.344 0.091 0.616 0.471]
   149          222        0.0384215         reflect
  eval: e=0.0390  p=[0.996 0.440 0.359 0.184 0.722 0.304 0.337 0.091 0.621 0.479]
   150          223        0.0384215         reflect
  eval: e=0.0398  p=[0.992 0.447 0.355 0.184 0.724 0.304 0.355 0.091 0.616 0.469]
  eval: e=0.0388  p=[0.996 0.433 0.364 0.185 0.722 0.303 0.340 0.091 0.618 0.476]
   151          225        0.0384215         contract inside
  eval: e=0.0388  p=[0.992 0.446 0.355 0.186 0.729 0.305 0.324 0.089 0.619 0.481]
   152          226        0.0384215         reflect
  eval: e=0.0388  p=[0.999 0.440 0.359 0.185 0.728 0.306 0.331 0.090 0.616 0.476]
   153          227        0.0384215         reflect
  eval: e=0.0384  p=[1.000 0.436 0.358 0.184 0.720 0.307 0.333 0.089 0.628 0.481]
   154          228        0.0384215         reflect
  eval: e=0.0383  p=[0.998 0.438 0.356 0.185 0.724 0.307 0.324 0.089 0.628 0.484]
  eval: e=0.0381  p=[1.000 0.438 0.352 0.185 0.724 0.309 0.311 0.088 0.637 0.491]
   155          230        0.0381386         expand
  eval: e=0.0387  p=[0.997 0.443 0.353 0.184 0.722 0.306 0.323 0.090 0.628 0.487]
   156          231        0.0381386         reflect
  eval: e=0.0383  p=[0.999 0.438 0.353 0.184 0.723 0.307 0.324 0.090 0.628 0.484]
   157          232        0.0381386         reflect
  eval: e=0.0385  p=[0.998 0.438 0.355 0.185 0.726 0.308 0.325 0.089 0.627 0.482]
   158          233        0.0381386         reflect
  eval: e=0.3217  p=[1.000 0.450 0.348 0.185 0.731 0.309 0.303 0.088 0.628 0.485]
  eval: e=0.0386  p=[0.994 0.435 0.360 0.184 0.721 0.305 0.340 0.091 0.623 0.479]
   159          235        0.0381386         contract inside
  eval: e=0.0382  p=[0.999 0.447 0.347 0.184 0.727 0.310 0.316 0.088 0.632 0.487]
   160          236        0.0381386         reflect
  eval: e=0.0381  p=[0.996 0.441 0.350 0.184 0.720 0.308 0.322 0.089 0.637 0.489]
  eval: e=0.0380  p=[0.995 0.441 0.345 0.183 0.716 0.309 0.318 0.088 0.647 0.495]
   161          238        0.0379512         expand
  eval: e=0.1222  p=[1.000 0.434 0.351 0.183 0.716 0.309 0.328 0.089 0.639 0.487]
  eval: e=0.0385  p=[0.995 0.443 0.354 0.185 0.726 0.306 0.325 0.089 0.624 0.482]
   162          240        0.0379512         contract inside
  eval: e=0.0377  p=[0.997 0.441 0.346 0.184 0.721 0.310 0.312 0.087 0.639 0.498]
  eval: e=0.0372  p=[0.997 0.441 0.340 0.183 0.719 0.312 0.299 0.086 0.649 0.511]
   163          242        0.0372016         expand
  eval: e=0.0383  p=[0.998 0.437 0.350 0.184 0.724 0.310 0.321 0.088 0.636 0.487]
   164          243        0.0372016         reflect
  eval: e=0.0783  p=[1.000 0.446 0.341 0.184 0.725 0.312 0.300 0.086 0.644 0.497]
  eval: e=0.0383  p=[0.996 0.438 0.355 0.184 0.722 0.307 0.330 0.089 0.628 0.483]
   165          245        0.0372016         contract inside
  eval: e=0.0380  p=[0.998 0.443 0.346 0.183 0.720 0.308 0.317 0.088 0.640 0.495]
   166          246        0.0372016         reflect
  eval: e=0.0437  p=[1.000 0.437 0.345 0.183 0.718 0.311 0.315 0.087 0.645 0.497]
  eval: e=0.0382  p=[0.996 0.442 0.352 0.184 0.724 0.307 0.322 0.089 0.630 0.486]
   167          248        0.0372016         contract inside
  eval: e=0.0377  p=[0.996 0.446 0.340 0.184 0.725 0.310 0.305 0.087 0.642 0.499]
   168          249        0.0372016         reflect
  eval: e=0.0374  p=[0.996 0.438 0.345 0.183 0.720 0.311 0.301 0.087 0.650 0.504]
   169          250        0.0372016         reflect
  eval: e=0.0373  p=[0.999 0.444 0.339 0.183 0.722 0.312 0.296 0.086 0.650 0.504]
   170          251        0.0372016         reflect
  eval: e=0.0380  p=[0.997 0.447 0.342 0.183 0.720 0.309 0.301 0.087 0.645 0.504]
   171          252        0.0372016         reflect
  eval: e=0.0373  p=[0.995 0.447 0.336 0.183 0.720 0.313 0.294 0.085 0.656 0.511]
   172          253        0.0372016         reflect
  eval: e=0.0369  p=[0.998 0.445 0.334 0.182 0.719 0.313 0.289 0.085 0.660 0.514]
  eval: e=0.0363  p=[0.998 0.446 0.326 0.182 0.716 0.316 0.272 0.083 0.676 0.528]
   173          255        0.0363205         expand
  eval: e=0.0368  p=[0.995 0.439 0.335 0.182 0.714 0.312 0.287 0.085 0.667 0.521]
   174          256        0.0363205         reflect
  eval: e=0.0369  p=[0.993 0.448 0.327 0.181 0.714 0.314 0.287 0.085 0.668 0.523]
   175          257        0.0363205         reflect
  eval: e=0.0365  p=[0.995 0.444 0.329 0.182 0.718 0.315 0.275 0.083 0.671 0.525]
   176          258        0.0363205         reflect
  eval: e=0.0368  p=[0.995 0.440 0.330 0.182 0.717 0.316 0.286 0.083 0.670 0.521]
   177          259        0.0363205         reflect
  eval: e=0.0366  p=[0.997 0.445 0.325 0.183 0.721 0.317 0.263 0.082 0.672 0.534]
   178          260        0.0363205         reflect
  eval: e=0.0361  p=[0.996 0.441 0.326 0.181 0.711 0.318 0.267 0.082 0.684 0.538]
  eval: e=0.0358  p=[0.997 0.438 0.319 0.179 0.704 0.322 0.247 0.079 0.704 0.558]
   179          262        0.0357509         expand
  eval: e=0.0358  p=[0.996 0.449 0.316 0.181 0.714 0.318 0.260 0.081 0.686 0.543]
   180          263        0.0357509         reflect
  eval: e=0.0358  p=[0.993 0.443 0.318 0.180 0.709 0.319 0.258 0.080 0.694 0.551]
   181          264        0.0357509         reflect
  eval: e=0.0360  p=[0.996 0.440 0.317 0.180 0.709 0.320 0.253 0.081 0.695 0.552]
   182          265        0.0357509         reflect
  eval: e=0.0354  p=[0.994 0.446 0.308 0.180 0.708 0.322 0.239 0.079 0.711 0.561]
  eval: e=0.0350  p=[0.993 0.448 0.293 0.178 0.703 0.327 0.209 0.075 0.742 0.585]
   183          267        0.0350071         expand
  eval: e=0.0366  p=[0.997 0.438 0.314 0.181 0.711 0.323 0.235 0.078 0.708 0.561]
   184          268        0.0350071         reflect
  eval: e=0.0355  p=[0.996 0.448 0.302 0.179 0.710 0.326 0.225 0.077 0.717 0.570]
   185          269        0.0350071         reflect
  eval: e=0.0351  p=[0.996 0.448 0.301 0.179 0.706 0.325 0.214 0.076 0.723 0.581]
   186          270        0.0350071         reflect
  eval: e=0.0361  p=[0.994 0.451 0.314 0.180 0.711 0.318 0.260 0.081 0.688 0.545]
   187          271        0.0350071         reflect
  eval: e=0.0351  p=[0.994 0.446 0.302 0.177 0.699 0.324 0.232 0.078 0.727 0.574]
   188          272        0.0350071         reflect
  eval: e=0.0349  p=[0.996 0.447 0.292 0.176 0.699 0.328 0.211 0.075 0.740 0.592]
  eval: e=0.0348  p=[0.997 0.448 0.274 0.173 0.689 0.334 0.179 0.070 0.775 0.626]
   189          274        0.0347826         expand
  eval: e=0.0350  p=[0.992 0.446 0.285 0.176 0.695 0.330 0.195 0.073 0.755 0.609]
   190          275        0.0347826         reflect
  eval: e=0.0364  p=[0.996 0.439 0.291 0.177 0.696 0.331 0.195 0.073 0.755 0.605]
  eval: e=0.0354  p=[0.994 0.448 0.308 0.179 0.708 0.321 0.244 0.079 0.705 0.560]
   191          277        0.0347826         contract inside
  eval: e=0.0345  p=[0.994 0.453 0.287 0.176 0.698 0.330 0.199 0.073 0.750 0.599]
  eval: e=0.0340  p=[0.993 0.459 0.272 0.174 0.693 0.335 0.172 0.070 0.778 0.622]
   192          279        0.0339818         expand
  eval: e=0.0350  p=[0.993 0.446 0.279 0.174 0.689 0.334 0.175 0.071 0.778 0.624]
   193          280        0.0339818         reflect
  eval: e=0.0345  p=[0.996 0.452 0.270 0.173 0.690 0.337 0.161 0.069 0.787 0.631]
   194          281        0.0339818         reflect
  eval: e=0.0342  p=[0.992 0.460 0.259 0.174 0.692 0.337 0.154 0.068 0.793 0.639]
   195          282        0.0339818         reflect
  eval: e=0.0342  p=[0.992 0.453 0.267 0.172 0.682 0.335 0.162 0.069 0.796 0.640]
   196          283        0.0339818         reflect
  eval: e=0.0351  p=[0.993 0.453 0.252 0.171 0.680 0.342 0.127 0.065 0.826 0.666]
  eval: e=0.0347  p=[0.993 0.452 0.266 0.173 0.687 0.337 0.156 0.068 0.795 0.640]
   197          285        0.0339818         contract outside
  eval: e=0.0350  p=[0.993 0.457 0.251 0.172 0.686 0.342 0.123 0.065 0.818 0.665]
   198          286        0.0339818         reflect
  eval: e=0.0347  p=[0.991 0.456 0.242 0.169 0.675 0.345 0.124 0.063 0.840 0.675]
   199          287        0.0339818         reflect
  eval: e=0.0340  p=[0.995 0.460 0.249 0.171 0.682 0.342 0.128 0.065 0.826 0.661]
  eval: e=0.0336  p=[0.996 0.467 0.231 0.168 0.676 0.348 0.094 0.061 0.861 0.687]
   200          289        0.0335548         expand
  eval: e=0.0342  p=[0.995 0.461 0.229 0.166 0.669 0.350 0.091 0.060 0.862 0.704]
   201          290        0.0335548         reflect
  eval: e=0.0336  p=[0.995 0.467 0.233 0.169 0.678 0.345 0.108 0.062 0.843 0.682]
   202          291        0.0335548         reflect
  eval: e=0.0338  p=[0.994 0.459 0.257 0.171 0.680 0.338 0.157 0.068 0.809 0.643]
   203          292        0.0335548         reflect
  eval: e=0.0333  p=[0.991 0.469 0.231 0.168 0.675 0.347 0.097 0.061 0.858 0.687]
  eval: e=0.0328  p=[0.988 0.479 0.210 0.166 0.669 0.354 0.056 0.057 0.900 0.718]
   204          294        0.0328071         expand
  eval: e=0.0336  p=[0.996 0.466 0.257 0.172 0.689 0.339 0.139 0.067 0.805 0.646]
   205          295        0.0328071         reflect
  eval: e=0.0330  p=[0.994 0.473 0.231 0.168 0.677 0.347 0.102 0.062 0.851 0.683]
   206          296        0.0328071         reflect
  eval: e=0.0329  p=[0.991 0.477 0.219 0.167 0.671 0.349 0.086 0.060 0.872 0.702]
   207          297        0.0328071         reflect
  eval: e=0.0328  p=[0.995 0.481 0.213 0.167 0.676 0.353 0.070 0.057 0.879 0.705]
  eval: e=0.0323  p=[0.997 0.496 0.186 0.164 0.673 0.363 0.023 0.051 0.920 0.738]
   208          299         0.032327         expand
  eval: e=0.0335  p=[0.993 0.479 0.242 0.172 0.690 0.341 0.128 0.065 0.825 0.648]
   209          300         0.032327         reflect
  eval: e=0.0328  p=[0.995 0.485 0.209 0.164 0.667 0.354 0.059 0.056 0.900 0.715]
   210          301         0.032327         reflect
  eval: e=0.0324  p=[0.995 0.490 0.183 0.162 0.661 0.361 0.018 0.052 0.939 0.750]
   211          302         0.032327         reflect
  eval: e=0.0322  p=[0.994 0.497 0.183 0.164 0.670 0.362 0.006 0.051 0.935 0.750]
  eval: e=49.1075  p=[0.993 0.517 0.145 0.160 0.666 0.374 0.000 0.043 0.997 0.803]
   212          304        0.0321616         reflect
  eval: e=0.0325  p=[0.993 0.495 0.197 0.164 0.671 0.358 0.034 0.054 0.918 0.725]
   213          305        0.0321616         reflect
  eval: e=0.0327  p=[0.991 0.500 0.192 0.165 0.672 0.357 0.036 0.054 0.912 0.728]
   214          306        0.0321616         reflect
  eval: e=8.3800  p=[0.990 0.509 0.153 0.159 0.656 0.370 0.000 0.045 0.990 0.785]
  eval: e=0.0330  p=[0.995 0.476 0.231 0.169 0.680 0.347 0.097 0.062 0.851 0.681]
   215          308        0.0321616         contract inside
  eval: e=5.8746  p=[0.994 0.495 0.166 0.159 0.652 0.369 0.000 0.046 0.975 0.790]
  eval: e=0.0329  p=[0.993 0.483 0.223 0.169 0.681 0.348 0.090 0.061 0.862 0.683]
   216          310        0.0321616         contract inside
  eval: e=0.0559  p=[0.992 0.503 0.176 0.163 0.667 0.364 0.000 0.050 0.950 0.755]
  eval: e=0.0327  p=[0.994 0.481 0.217 0.167 0.674 0.351 0.076 0.059 0.876 0.701]
   217          312        0.0321616         contract inside
  eval: e=0.0320  p=[0.991 0.500 0.173 0.162 0.662 0.365 0.000 0.049 0.956 0.761]
  eval: e=23.8276  p=[0.990 0.512 0.144 0.158 0.652 0.374 0.000 0.043 1.000 0.801]
   218          314        0.0319946         reflect
  eval: e=0.4655  p=[0.995 0.504 0.175 0.163 0.669 0.366 0.000 0.049 0.951 0.752]
  eval: e=0.0326  p=[0.992 0.484 0.208 0.166 0.671 0.353 0.063 0.057 0.892 0.714]
   219          316        0.0319946         contract inside
  eval: e=2.3918  p=[0.993 0.498 0.169 0.160 0.657 0.368 0.000 0.047 0.967 0.777]
  eval: e=0.0326  p=[0.993 0.487 0.209 0.166 0.675 0.353 0.063 0.057 0.888 0.707]
   220          318        0.0319946         contract inside
  eval: e=0.0322  p=[0.999 0.504 0.181 0.163 0.670 0.361 0.020 0.052 0.927 0.740]
   221          319        0.0319946         reflect
  eval: e=0.0321  p=[0.992 0.502 0.177 0.164 0.672 0.362 0.009 0.051 0.933 0.748]
   222          320        0.0319946         reflect
  eval: e=4.8272  p=[0.994 0.510 0.161 0.161 0.665 0.368 0.000 0.047 0.968 0.772]
  eval: e=0.0325  p=[0.994 0.488 0.203 0.165 0.672 0.355 0.052 0.056 0.899 0.719]
   223          322        0.0319946         contract inside
  eval: e=0.0327  p=[0.997 0.488 0.188 0.163 0.668 0.361 0.021 0.052 0.930 0.742]
  eval: e=0.0323  p=[0.992 0.497 0.191 0.164 0.671 0.358 0.033 0.054 0.916 0.732]
   224          324        0.0319946         contract inside
  eval: e=1.3409  p=[0.996 0.507 0.168 0.162 0.669 0.367 0.000 0.049 0.954 0.760]
  eval: e=0.0324  p=[0.993 0.490 0.198 0.165 0.670 0.356 0.044 0.055 0.908 0.726]
   225          326        0.0319946         contract inside
  eval: e=2.4760  p=[0.995 0.505 0.165 0.161 0.664 0.367 0.000 0.048 0.962 0.771]
  eval: e=0.0324  p=[0.993 0.491 0.198 0.165 0.672 0.357 0.044 0.055 0.907 0.723]
   226          328        0.0319946         contract inside
  eval: e=0.0323  p=[0.995 0.497 0.177 0.163 0.668 0.362 0.016 0.051 0.930 0.752]
   227          329        0.0319946         reflect
  eval: e=0.8894  p=[0.995 0.505 0.166 0.162 0.666 0.366 0.000 0.048 0.955 0.765]
  eval: e=0.0323  p=[0.994 0.492 0.194 0.164 0.671 0.358 0.037 0.054 0.913 0.730]
   228          331        0.0319946         contract inside
  eval: e=0.1455  p=[0.996 0.504 0.170 0.162 0.668 0.365 0.000 0.049 0.948 0.759]
  eval: e=0.0323  p=[0.994 0.493 0.191 0.164 0.670 0.359 0.032 0.053 0.918 0.734]
   229          333        0.0319946         contract inside
  eval: e=0.0323  p=[0.993 0.503 0.187 0.165 0.679 0.360 0.026 0.052 0.912 0.732]
   230          334        0.0319946         reflect
  eval: e=0.1418  p=[0.995 0.505 0.170 0.163 0.669 0.366 0.000 0.049 0.945 0.761]
  eval: e=0.0322  p=[0.994 0.495 0.191 0.164 0.671 0.359 0.032 0.053 0.916 0.732]
   231          336        0.0319946         contract inside
  eval: e=0.0323  p=[0.991 0.500 0.183 0.164 0.667 0.359 0.019 0.053 0.931 0.744]
   232          337        0.0319946         reflect
  eval: e=0.0321  p=[0.995 0.499 0.177 0.163 0.669 0.363 0.007 0.050 0.938 0.753]
   233          338        0.0319946         reflect
  eval: e=0.0325  p=[0.992 0.501 0.190 0.164 0.672 0.360 0.021 0.053 0.926 0.733]
  eval: e=0.0321  p=[0.994 0.498 0.181 0.164 0.669 0.361 0.017 0.051 0.929 0.747]
   234          340        0.0319946         contract inside
  eval: e=0.0324  p=[0.997 0.496 0.183 0.164 0.673 0.363 0.018 0.051 0.924 0.741]
  eval: e=0.0321  p=[0.992 0.499 0.183 0.164 0.669 0.360 0.019 0.052 0.929 0.744]
   235          342        0.0319946         contract inside
  eval: e=0.1219  p=[0.994 0.506 0.171 0.163 0.670 0.365 0.000 0.049 0.945 0.758]
  eval: e=0.0322  p=[0.994 0.496 0.188 0.164 0.670 0.360 0.027 0.053 0.921 0.737]
   236          344        0.0319946         contract inside
  eval: e=0.0323  p=[0.994 0.493 0.177 0.162 0.660 0.362 0.008 0.051 0.948 0.758]
  eval: e=0.0321  p=[0.994 0.501 0.185 0.164 0.674 0.361 0.021 0.052 0.921 0.738]
   237          346        0.0319946         contract inside
  eval: e=0.0405  p=[0.994 0.505 0.172 0.163 0.670 0.364 0.000 0.050 0.943 0.756]
  eval: e=0.0322  p=[0.994 0.496 0.187 0.164 0.670 0.360 0.024 0.053 0.924 0.740]
   238          348        0.0319946         contract inside
  eval: e=0.0326  p=[0.988 0.493 0.183 0.164 0.669 0.361 0.012 0.052 0.933 0.750]
  eval: e=0.0321  p=[0.996 0.501 0.182 0.163 0.670 0.361 0.018 0.052 0.929 0.743]
   239          350        0.0319946         contract inside
  eval: e=0.0875  p=[0.993 0.503 0.172 0.163 0.668 0.364 0.000 0.049 0.946 0.760]
  eval: e=0.0322  p=[0.994 0.497 0.186 0.164 0.670 0.360 0.023 0.052 0.924 0.739]
   240          352        0.0319946         contract inside
  eval: e=0.0320  p=[0.993 0.502 0.174 0.163 0.669 0.364 0.002 0.050 0.942 0.755]
  eval: e=1.0411  p=[0.993 0.506 0.167 0.162 0.668 0.365 0.000 0.049 0.953 0.764]
   241          354        0.0319863         reflect
  eval: e=0.0320  p=[0.993 0.503 0.173 0.163 0.669 0.364 0.000 0.050 0.943 0.756]
  eval: e=1.3497  p=[0.993 0.507 0.167 0.163 0.669 0.366 0.000 0.048 0.952 0.764]
   242          356        0.0319734         reflect
  eval: e=0.0320  p=[0.993 0.503 0.176 0.163 0.669 0.362 0.018 0.051 0.934 0.747]
   243          357        0.0319734         reflect
  eval: e=0.0420  p=[0.993 0.505 0.170 0.163 0.668 0.364 0.000 0.049 0.947 0.759]
  eval: e=0.0321  p=[0.994 0.499 0.182 0.164 0.670 0.361 0.017 0.052 0.930 0.744]
   244          359        0.0319734         contract inside
  eval: e=0.0320  p=[0.995 0.502 0.172 0.163 0.670 0.365 0.003 0.049 0.942 0.755]
   245          360        0.0319734         reflect
  eval: e=0.0320  p=[0.993 0.505 0.174 0.163 0.669 0.364 0.002 0.050 0.944 0.753]
  eval: e=0.3749  p=[0.992 0.509 0.170 0.163 0.670 0.366 0.000 0.049 0.952 0.756]
   246          362        0.0319531         reflect
  eval: e=0.3874  p=[0.994 0.503 0.167 0.162 0.664 0.366 0.000 0.049 0.957 0.765]
  eval: e=0.0321  p=[0.994 0.501 0.180 0.164 0.671 0.362 0.015 0.051 0.930 0.745]
   247          364        0.0319531         contract inside
  eval: e=0.0320  p=[0.992 0.504 0.176 0.163 0.669 0.363 0.010 0.051 0.939 0.748]
   248          365        0.0319531         reflect
  eval: e=0.0321  p=[0.995 0.503 0.176 0.162 0.665 0.364 0.008 0.050 0.945 0.754]
   249          366        0.0319531         reflect
  eval: e=0.1219  p=[0.991 0.504 0.169 0.162 0.667 0.365 0.000 0.049 0.952 0.761]
  eval: e=0.0320  p=[0.995 0.502 0.179 0.163 0.669 0.362 0.013 0.051 0.935 0.747]
   250          368        0.0319531         contract inside
  eval: e=0.1143  p=[0.993 0.506 0.168 0.162 0.667 0.366 0.000 0.049 0.952 0.760]
  eval: e=0.0320  p=[0.994 0.501 0.179 0.163 0.669 0.362 0.012 0.051 0.935 0.748]
   251          370        0.0319531         contract inside
  eval: e=0.0353  p=[0.993 0.504 0.170 0.162 0.665 0.365 0.000 0.049 0.953 0.760]
  eval: e=0.0320  p=[0.994 0.502 0.178 0.163 0.670 0.363 0.011 0.051 0.936 0.749]
   252          372        0.0319531         contract inside
  eval: e=0.0321  p=[0.992 0.502 0.175 0.164 0.672 0.363 0.006 0.051 0.936 0.750]
  eval: e=0.0320  p=[0.994 0.503 0.176 0.162 0.667 0.364 0.008 0.050 0.943 0.753]
   253          374        0.0319531         contract inside
  eval: e=0.0322  p=[0.992 0.503 0.179 0.163 0.667 0.362 0.012 0.051 0.940 0.748]
  eval: e=0.0320  p=[0.994 0.502 0.174 0.163 0.669 0.364 0.006 0.050 0.941 0.753]
   254          376        0.0319531         contract inside
  eval: e=0.0320  p=[0.995 0.500 0.175 0.163 0.667 0.364 0.004 0.050 0.943 0.756]
   255          377        0.0319531         reflect
  eval: e=0.0319  p=[0.994 0.504 0.171 0.162 0.667 0.365 0.001 0.049 0.948 0.758]
  eval: e=0.3187  p=[0.994 0.505 0.168 0.162 0.666 0.366 0.000 0.049 0.954 0.763]
   256          379        0.0319236         reflect
  eval: e=0.1045  p=[0.992 0.503 0.170 0.162 0.666 0.365 0.000 0.049 0.951 0.761]
  eval: e=0.0320  p=[0.994 0.502 0.177 0.163 0.668 0.363 0.009 0.050 0.939 0.751]
   257          381        0.0319236         contract inside
  eval: e=0.0320  p=[0.992 0.505 0.174 0.163 0.668 0.364 0.007 0.050 0.942 0.751]
   258          382        0.0319236         reflect
  eval: e=0.0326  p=[0.993 0.504 0.170 0.162 0.666 0.365 0.000 0.049 0.951 0.759]
  eval: e=0.0320  p=[0.993 0.503 0.176 0.163 0.669 0.363 0.008 0.050 0.939 0.751]
   259          384        0.0319236         contract inside
  eval: e=0.8937  p=[0.993 0.503 0.173 0.162 0.667 0.365 0.000 0.049 0.953 0.762]
  eval: e=0.0320  p=[0.993 0.503 0.175 0.163 0.668 0.363 0.011 0.050 0.939 0.751]
   260          386        0.0319236         contract inside
  eval: e=0.0320  p=[0.995 0.500 0.174 0.163 0.667 0.364 0.002 0.050 0.945 0.758]
  eval: e=0.0320  p=[0.993 0.504 0.174 0.163 0.668 0.364 0.006 0.050 0.943 0.753]
   261          388        0.0319236         contract inside
  eval: e=0.0332  p=[0.992 0.504 0.171 0.162 0.667 0.365 0.000 0.049 0.949 0.758]
  eval: e=0.0320  p=[0.994 0.503 0.175 0.163 0.668 0.363 0.007 0.050 0.941 0.753]
   262          390        0.0319236         contract inside
  eval: e=0.0320  p=[0.992 0.503 0.172 0.163 0.669 0.364 0.001 0.050 0.945 0.756]
   263          391        0.0319236         reflect
  eval: e=0.0320  p=[0.995 0.506 0.175 0.164 0.675 0.363 0.008 0.051 0.929 0.747]
  eval: e=0.0320  p=[0.992 0.502 0.173 0.162 0.665 0.364 0.002 0.050 0.949 0.758]
   264          393        0.0319236         contract inside
  eval: e=0.0356  p=[0.993 0.504 0.171 0.163 0.668 0.365 0.000 0.050 0.948 0.758]
  eval: e=0.0320  p=[0.993 0.503 0.175 0.163 0.668 0.364 0.006 0.050 0.942 0.753]
   265          395        0.0319236         contract inside
  eval: e=0.0319  p=[0.993 0.504 0.173 0.162 0.667 0.364 0.006 0.050 0.945 0.753]
   266          396        0.0319236         reflect
  eval: e=0.1872  p=[0.993 0.504 0.172 0.163 0.668 0.365 0.000 0.049 0.949 0.758]
  eval: e=0.0320  p=[0.993 0.503 0.174 0.163 0.668 0.364 0.007 0.050 0.942 0.753]
   267          398        0.0319236         contract inside
  eval: e=0.0320  p=[0.992 0.504 0.173 0.163 0.667 0.364 0.002 0.050 0.947 0.755]
   268          399        0.0319236         reflect
  eval: e=0.0323  p=[0.992 0.505 0.171 0.163 0.668 0.365 0.000 0.050 0.948 0.757]
  eval: e=0.0320  p=[0.993 0.503 0.174 0.163 0.668 0.364 0.005 0.050 0.943 0.754]
   269          401        0.0319236         contract inside
  eval: e=0.0319  p=[0.992 0.504 0.172 0.162 0.667 0.364 0.000 0.050 0.948 0.757]
   270          402        0.0319236         reflect
  eval: e=0.0320  p=[0.992 0.504 0.173 0.162 0.666 0.364 0.006 0.050 0.948 0.754]
  eval: e=0.0320  p=[0.993 0.503 0.173 0.163 0.668 0.364 0.002 0.050 0.944 0.756]
   271          404        0.0319236         contract inside
  eval: e=0.0320  p=[0.993 0.504 0.174 0.162 0.666 0.364 0.006 0.050 0.946 0.754]
  eval: e=0.0320  p=[0.993 0.503 0.173 0.163 0.668 0.364 0.002 0.050 0.945 0.755]
   272          406        0.0319236         contract inside
  eval: e=0.0320  p=[0.993 0.503 0.172 0.162 0.667 0.364 0.000 0.050 0.948 0.758]
  eval: e=0.0320  p=[0.993 0.504 0.174 0.163 0.668 0.364 0.004 0.050 0.944 0.754]
   273          408        0.0319236         contract inside
  eval: e=0.0320  p=[0.994 0.503 0.173 0.163 0.668 0.364 0.004 0.050 0.943 0.754]
   274          409        0.0319236         reflect
  eval: e=0.0576  p=[0.993 0.504 0.172 0.162 0.667 0.365 0.000 0.049 0.949 0.758]
  eval: e=0.0320  p=[0.993 0.503 0.174 0.163 0.668 0.364 0.005 0.050 0.943 0.754]
   275          411        0.0319236         contract inside
  eval: e=0.0319  p=[0.994 0.506 0.173 0.163 0.671 0.364 0.004 0.050 0.941 0.752]
   276          412        0.0319236         reflect
  eval: e=0.0319  p=[0.993 0.505 0.172 0.163 0.669 0.365 0.001 0.050 0.946 0.756]
  eval: e=0.0389  p=[0.993 0.506 0.170 0.163 0.669 0.365 0.000 0.049 0.948 0.756]
   277          414        0.0319228         reflect
  eval: e=0.0320  p=[0.992 0.505 0.172 0.163 0.668 0.364 0.001 0.050 0.947 0.755]
   278          415        0.0319228         reflect
  eval: e=0.0319  p=[0.993 0.505 0.172 0.163 0.669 0.365 0.000 0.050 0.946 0.756]
   279          416        0.0319228         reflect
  eval: e=0.0475  p=[0.993 0.506 0.171 0.163 0.669 0.365 0.000 0.050 0.947 0.756]
  eval: e=0.0319  p=[0.993 0.504 0.173 0.163 0.668 0.364 0.003 0.050 0.944 0.754]
   280          418        0.0319228         contract inside
  eval: e=0.0319  p=[0.993 0.506 0.172 0.162 0.668 0.365 0.002 0.050 0.947 0.754]
   281          419        0.0319228         reflect
  eval: e=0.0319  p=[0.994 0.504 0.172 0.163 0.669 0.365 0.003 0.050 0.944 0.755]
   282          420        0.0319228         reflect
  eval: e=0.0319  p=[0.993 0.504 0.171 0.162 0.667 0.365 0.003 0.049 0.946 0.757]
   283          421        0.0319228         reflect
  eval: e=0.0319  p=[0.994 0.505 0.171 0.162 0.668 0.365 0.003 0.049 0.946 0.755]
  eval: e=0.0319  p=[0.994 0.506 0.170 0.162 0.668 0.365 0.003 0.049 0.947 0.755]
   284          423        0.0319117         expand
  eval: e=0.0549  p=[0.994 0.506 0.170 0.163 0.669 0.365 0.000 0.049 0.947 0.757]
  eval: e=0.0319  p=[0.993 0.504 0.172 0.162 0.668 0.364 0.004 0.050 0.945 0.754]
   285          425        0.0319117         contract inside
  eval: e=0.0319  p=[0.993 0.504 0.171 0.162 0.665 0.365 0.000 0.049 0.952 0.759]
   286          426        0.0319117         reflect
  eval: e=0.0319  p=[0.993 0.505 0.170 0.162 0.667 0.365 0.000 0.049 0.950 0.758]
  eval: e=0.0490  p=[0.994 0.506 0.168 0.162 0.667 0.366 0.000 0.049 0.952 0.759]
   287          428         0.031895         reflect
  eval: e=0.0323  p=[0.993 0.506 0.170 0.162 0.666 0.365 0.000 0.049 0.951 0.758]
  eval: e=0.0319  p=[0.994 0.504 0.172 0.162 0.668 0.365 0.002 0.049 0.946 0.755]
   288          430         0.031895         contract inside
  eval: e=0.0465  p=[0.993 0.505 0.170 0.162 0.667 0.365 0.000 0.049 0.950 0.759]
  eval: e=0.0319  p=[0.993 0.505 0.172 0.162 0.668 0.365 0.003 0.050 0.946 0.755]
   289          432         0.031895         contract inside
  eval: e=0.0319  p=[0.994 0.505 0.170 0.162 0.668 0.365 0.003 0.049 0.947 0.756]
   290          433         0.031895         reflect
  eval: e=0.0319  p=[0.994 0.504 0.171 0.162 0.667 0.365 0.001 0.049 0.948 0.759]
   291          434         0.031895         reflect
  eval: e=0.0319  p=[0.994 0.505 0.171 0.162 0.668 0.365 0.000 0.049 0.949 0.756]
   292          435         0.031895         reflect
  eval: e=0.0319  p=[0.994 0.505 0.170 0.162 0.667 0.365 0.000 0.049 0.950 0.758]
   293          436         0.031895         reflect
  eval: e=0.0367  p=[0.994 0.505 0.170 0.162 0.667 0.365 0.000 0.049 0.950 0.758]
  eval: e=0.0319  p=[0.993 0.505 0.171 0.162 0.668 0.365 0.002 0.049 0.947 0.756]
   294          438         0.031895         contract inside
  eval: e=0.0319  p=[0.994 0.505 0.170 0.162 0.666 0.366 0.002 0.049 0.951 0.758]
   295          439         0.031895         reflect
  eval: e=0.0319  p=[0.994 0.506 0.170 0.162 0.667 0.366 0.002 0.049 0.949 0.756]
  eval: e=0.0319  p=[0.994 0.507 0.169 0.162 0.668 0.366 0.003 0.049 0.950 0.755]
   296          441        0.0318809         expand
  eval: e=0.0319  p=[0.995 0.505 0.169 0.162 0.666 0.366 0.002 0.049 0.952 0.758]
   297          442        0.0318809         reflect
  eval: e=0.0319  p=[0.994 0.507 0.170 0.162 0.667 0.366 0.002 0.049 0.950 0.755]
  eval: e=0.0319  p=[0.994 0.506 0.170 0.162 0.667 0.366 0.002 0.049 0.950 0.756]
   298          444        0.0318809         contract outside
  eval: e=0.0319  p=[0.995 0.508 0.170 0.162 0.669 0.366 0.003 0.049 0.946 0.754]
   299          445        0.0318809         reflect
  eval: e=0.0319  p=[0.995 0.507 0.169 0.162 0.667 0.366 0.002 0.049 0.951 0.756]
  eval: e=0.0319  p=[0.995 0.508 0.167 0.161 0.667 0.367 0.002 0.048 0.952 0.757]
   300          447        0.0318668         expand
  eval: e=0.0319  p=[0.994 0.505 0.169 0.162 0.666 0.366 0.000 0.049 0.952 0.758]
   301          448        0.0318668         reflect
  eval: e=0.0319  p=[0.995 0.506 0.168 0.162 0.666 0.366 0.003 0.049 0.951 0.757]
  eval: e=0.0318  p=[0.995 0.507 0.166 0.161 0.665 0.367 0.005 0.048 0.952 0.758]
   302          450        0.0318397         expand
  eval: e=0.0319  p=[0.995 0.506 0.168 0.162 0.667 0.366 0.002 0.049 0.950 0.758]
   303          451        0.0318397         reflect
  eval: e=0.0319  p=[0.995 0.507 0.167 0.161 0.666 0.367 0.001 0.048 0.954 0.758]
   304          452        0.0318397         reflect
  eval: e=0.0318  p=[0.995 0.507 0.167 0.161 0.666 0.367 0.004 0.048 0.952 0.757]
   305          453        0.0318397         reflect
  eval: e=0.0319  p=[0.994 0.505 0.167 0.161 0.663 0.367 0.001 0.048 0.957 0.761]
   306          454        0.0318397         reflect
  eval: e=0.0318  p=[0.995 0.508 0.166 0.161 0.666 0.367 0.002 0.048 0.953 0.757]
  eval: e=0.0318  p=[0.995 0.510 0.164 0.161 0.667 0.368 0.002 0.048 0.955 0.757]
   307          456        0.0318052         expand
  eval: e=0.0318  p=[0.996 0.508 0.164 0.161 0.665 0.368 0.004 0.048 0.955 0.758]
   308          457        0.0318052         reflect
  eval: e=0.0318  p=[0.995 0.509 0.164 0.161 0.666 0.368 0.003 0.048 0.954 0.757]
   309          458        0.0318052         reflect
  eval: e=0.0318  p=[0.996 0.508 0.164 0.161 0.664 0.368 0.002 0.047 0.957 0.761]
  eval: e=0.0318  p=[0.997 0.508 0.161 0.160 0.662 0.369 0.001 0.047 0.961 0.764]
   310          460        0.0317695         expand
  eval: e=0.0318  p=[0.997 0.510 0.162 0.160 0.665 0.369 0.005 0.047 0.956 0.758]
   311          461        0.0317695         reflect
  eval: e=0.0318  p=[0.995 0.507 0.163 0.161 0.664 0.368 0.003 0.048 0.957 0.761]
   312          462        0.0317695         reflect
  eval: e=0.0318  p=[0.996 0.510 0.161 0.160 0.663 0.369 0.004 0.047 0.960 0.760]
   313          463        0.0317695         reflect
  eval: e=0.0318  p=[0.997 0.509 0.161 0.160 0.664 0.369 0.005 0.047 0.958 0.760]
  eval: e=0.0317  p=[0.998 0.510 0.158 0.160 0.663 0.371 0.007 0.046 0.960 0.760]
   314          465        0.0317113         expand
  eval: e=0.0318  p=[0.998 0.512 0.159 0.160 0.666 0.370 0.006 0.047 0.956 0.757]
   315          466        0.0317113         reflect
  eval: e=0.0317  p=[0.997 0.511 0.158 0.160 0.663 0.370 0.004 0.046 0.962 0.761]
   316          467        0.0317113         reflect
  eval: e=0.0317  p=[0.998 0.512 0.157 0.160 0.664 0.371 0.003 0.046 0.963 0.761]
   317          468        0.0317113         reflect
  eval: e=0.0317  p=[0.997 0.511 0.157 0.160 0.664 0.371 0.004 0.046 0.961 0.761]
  eval: e=0.0317  p=[0.998 0.513 0.153 0.159 0.663 0.372 0.004 0.046 0.964 0.763]
   318          470        0.0316511         expand
  eval: e=0.0317  p=[0.999 0.512 0.155 0.159 0.661 0.372 0.005 0.046 0.965 0.763]
   319          471        0.0316511         reflect
  eval: e=0.0317  p=[0.999 0.511 0.154 0.159 0.660 0.372 0.007 0.045 0.966 0.765]
   320          472        0.0316511         reflect
  eval: e=0.0317  p=[0.998 0.512 0.153 0.159 0.661 0.372 0.004 0.045 0.966 0.765]
   321          473        0.0316511         reflect
  eval: e=0.0321  p=[1.000 0.515 0.151 0.158 0.662 0.373 0.006 0.045 0.967 0.763]
  eval: e=0.0317  p=[0.997 0.509 0.160 0.160 0.663 0.370 0.004 0.047 0.960 0.761]
   322          475        0.0316511         contract inside
  eval: e=0.0316  p=[1.000 0.512 0.153 0.159 0.662 0.372 0.006 0.045 0.964 0.764]
  eval: e=0.0578  p=[1.000 0.513 0.148 0.158 0.661 0.374 0.007 0.044 0.966 0.766]
   323          477        0.0316387         reflect
  eval: e=0.0316  p=[0.999 0.515 0.151 0.159 0.663 0.373 0.009 0.045 0.964 0.760]
  eval: e=0.0316  p=[1.000 0.518 0.146 0.158 0.663 0.375 0.013 0.045 0.966 0.758]
   324          479        0.0315641         expand
  eval: e=0.0316  p=[0.999 0.512 0.150 0.158 0.659 0.374 0.005 0.045 0.971 0.768]
   325          480        0.0315641         reflect
  eval: e=0.0336  p=[1.000 0.515 0.147 0.158 0.661 0.375 0.008 0.044 0.970 0.764]
  eval: e=0.0317  p=[0.998 0.511 0.157 0.160 0.663 0.371 0.005 0.046 0.962 0.762]
   326          482        0.0315641         contract inside
  eval: e=0.0316  p=[1.000 0.513 0.149 0.158 0.661 0.374 0.008 0.045 0.968 0.764]
   327          483        0.0315641         reflect
  eval: e=0.0316  p=[1.000 0.513 0.148 0.158 0.659 0.374 0.009 0.045 0.967 0.766]
   328          484        0.0315641         reflect
  eval: e=0.0326  p=[1.000 0.515 0.146 0.158 0.659 0.375 0.006 0.044 0.972 0.767]
  eval: e=0.0317  p=[0.998 0.511 0.155 0.159 0.662 0.372 0.007 0.046 0.963 0.762]
   329          486        0.0315641         contract inside
  eval: e=0.0349  p=[1.000 0.515 0.146 0.158 0.660 0.375 0.009 0.044 0.970 0.766]
  eval: e=0.0317  p=[0.998 0.512 0.154 0.159 0.662 0.372 0.006 0.046 0.964 0.763]
   330          488        0.0315641         contract inside
  eval: e=0.0316  p=[0.999 0.514 0.148 0.158 0.661 0.374 0.008 0.045 0.967 0.764]
   331          489        0.0315641         reflect
  eval: e=0.0316  p=[0.999 0.515 0.148 0.159 0.663 0.374 0.007 0.045 0.967 0.763]
   332          490        0.0315641         reflect
  eval: e=0.0316  p=[1.000 0.515 0.146 0.158 0.660 0.375 0.007 0.044 0.970 0.766]
  eval: e=0.0360  p=[1.000 0.517 0.141 0.157 0.660 0.377 0.007 0.044 0.974 0.767]
   333          492        0.0315543         reflect
  eval: e=0.0320  p=[1.000 0.515 0.145 0.158 0.660 0.375 0.008 0.044 0.970 0.765]
  eval: e=0.0316  p=[0.999 0.513 0.152 0.159 0.661 0.373 0.006 0.045 0.966 0.763]
   334          494        0.0315543         contract inside
  eval: e=0.0324  p=[1.000 0.516 0.145 0.158 0.661 0.375 0.011 0.044 0.968 0.763]
  eval: e=0.0316  p=[0.999 0.513 0.151 0.159 0.661 0.373 0.006 0.045 0.967 0.764]
   335          496        0.0315543         contract inside
  eval: e=0.0372  p=[1.000 0.515 0.145 0.158 0.659 0.376 0.011 0.044 0.970 0.765]
  eval: e=0.0316  p=[0.999 0.513 0.151 0.159 0.662 0.373 0.006 0.045 0.966 0.764]
   336          498        0.0315543         contract inside
  eval: e=0.0316  p=[0.999 0.515 0.145 0.158 0.660 0.375 0.010 0.044 0.971 0.764]
  eval: e=0.0315  p=[0.998 0.517 0.141 0.157 0.659 0.377 0.012 0.044 0.975 0.764]
   337          500         0.031513         expand
  eval: e=0.0315  p=[1.000 0.516 0.144 0.158 0.660 0.376 0.010 0.044 0.971 0.764]
   338          501         0.031513         reflect
  eval: e=0.0316  p=[1.000 0.517 0.145 0.158 0.663 0.375 0.012 0.045 0.966 0.760]
   339          502         0.031513         reflect
  eval: e=0.0317  p=[1.000 0.518 0.142 0.158 0.661 0.376 0.013 0.044 0.970 0.762]
  eval: e=0.0316  p=[0.999 0.514 0.149 0.158 0.661 0.374 0.008 0.045 0.968 0.764]
   340          504         0.031513         contract inside
  eval: e=0.0326  p=[1.000 0.517 0.142 0.157 0.660 0.377 0.013 0.044 0.971 0.763]
  eval: e=0.0316  p=[0.999 0.514 0.149 0.158 0.661 0.374 0.008 0.045 0.967 0.763]
   341          506         0.031513         contract inside
  eval: e=0.0315  p=[0.999 0.517 0.144 0.158 0.662 0.375 0.011 0.045 0.969 0.762]
   342          507         0.031513         reflect
  eval: e=0.0315  p=[0.999 0.519 0.144 0.158 0.663 0.376 0.010 0.044 0.970 0.760]
   343          508         0.031513         reflect
  eval: e=0.0315  p=[0.999 0.518 0.142 0.158 0.662 0.377 0.012 0.044 0.970 0.761]
  eval: e=0.0315  p=[1.000 0.521 0.138 0.157 0.662 0.378 0.014 0.044 0.971 0.760]
   344          510        0.0314551         expand
  eval: e=0.0315  p=[1.000 0.519 0.140 0.158 0.662 0.377 0.014 0.044 0.971 0.760]
   345          511        0.0314551         reflect
  eval: e=0.0315  p=[1.000 0.521 0.139 0.158 0.662 0.378 0.014 0.044 0.972 0.759]
   346          512        0.0314551         reflect
  eval: e=0.0315  p=[1.000 0.521 0.137 0.157 0.661 0.378 0.016 0.043 0.973 0.760]
   347          513        0.0314551         reflect
  eval: e=0.0315  p=[0.999 0.519 0.138 0.157 0.660 0.378 0.011 0.044 0.975 0.765]
   348          514        0.0314551         reflect
  eval: e=0.0315  p=[0.999 0.519 0.137 0.157 0.659 0.378 0.011 0.043 0.978 0.764]
  eval: e=0.0314  p=[0.998 0.520 0.134 0.156 0.657 0.380 0.011 0.043 0.984 0.766]
   349          516         0.031423         expand
  eval: e=0.0314  p=[0.998 0.523 0.134 0.157 0.661 0.380 0.017 0.043 0.976 0.758]
  eval: e=0.0314  p=[0.998 0.527 0.128 0.156 0.661 0.382 0.022 0.043 0.979 0.755]
   350          518        0.0313539         expand
  eval: e=0.0314  p=[0.998 0.525 0.133 0.157 0.662 0.380 0.017 0.043 0.976 0.757]
   351          519        0.0313539         reflect
  eval: e=0.0314  p=[0.999 0.525 0.131 0.156 0.660 0.381 0.017 0.043 0.980 0.759]
   352          520        0.0313539         reflect
  eval: e=0.0314  p=[0.999 0.524 0.128 0.156 0.658 0.381 0.020 0.042 0.981 0.761]
  eval: e=0.0313  p=[0.999 0.527 0.120 0.155 0.656 0.384 0.025 0.041 0.987 0.762]
   353          522        0.0312892         expand
  eval: e=0.0313  p=[0.999 0.528 0.126 0.156 0.662 0.382 0.020 0.042 0.979 0.757]
   354          523        0.0312892         reflect
  eval: e=0.0313  p=[0.998 0.527 0.125 0.156 0.659 0.383 0.020 0.042 0.984 0.759]
   355          524        0.0312892         reflect
  eval: e=0.0313  p=[0.998 0.527 0.123 0.155 0.658 0.384 0.021 0.042 0.986 0.761]
   356          525        0.0312892         reflect
  eval: e=0.0313  p=[0.998 0.531 0.121 0.155 0.660 0.385 0.026 0.042 0.985 0.754]
   357          526        0.0312892         reflect
  eval: e=0.0312  p=[0.997 0.530 0.118 0.155 0.658 0.385 0.023 0.041 0.989 0.758]
  eval: e=0.0312  p=[0.996 0.534 0.109 0.154 0.657 0.389 0.026 0.040 0.997 0.757]
   358          528        0.0311686         expand
  eval: e=0.0312  p=[0.997 0.534 0.112 0.154 0.656 0.388 0.026 0.040 0.997 0.758]
   359          529        0.0311686         reflect
  eval: e=0.0312  p=[0.998 0.536 0.112 0.155 0.661 0.388 0.033 0.041 0.986 0.750]
   360          530        0.0311686         reflect
  eval: e=0.0312  p=[0.998 0.535 0.109 0.153 0.656 0.389 0.030 0.040 0.996 0.757]
  eval: e=0.3499  p=[0.997 0.540 0.097 0.152 0.653 0.394 0.037 0.038 1.000 0.757]
   361          532        0.0311591         reflect
  eval: e=0.0311  p=[0.997 0.536 0.106 0.154 0.657 0.389 0.033 0.040 0.995 0.755]
  eval: e=0.0736  p=[0.995 0.542 0.094 0.152 0.655 0.394 0.041 0.039 1.000 0.753]
   362          534        0.0311441         reflect
  eval: e=0.0312  p=[0.998 0.536 0.104 0.153 0.655 0.390 0.030 0.039 1.000 0.759]
   363          535        0.0311441         reflect
  eval: e=0.1570  p=[0.996 0.537 0.102 0.152 0.653 0.391 0.034 0.039 1.000 0.757]
  eval: e=0.0313  p=[0.998 0.530 0.120 0.155 0.660 0.385 0.024 0.041 0.985 0.757]
   364          537        0.0311441         contract inside
  eval: e=0.0311  p=[0.997 0.538 0.102 0.153 0.656 0.391 0.035 0.039 0.999 0.755]
  eval: e=0.3632  p=[0.996 0.544 0.091 0.152 0.654 0.395 0.042 0.038 1.000 0.752]
   365          539        0.0311081         reflect
  eval: e=0.0374  p=[0.996 0.536 0.102 0.153 0.655 0.391 0.031 0.039 1.000 0.760]
  eval: e=0.0312  p=[0.998 0.532 0.116 0.155 0.658 0.386 0.027 0.041 0.989 0.756]
   366          541        0.0311081         contract inside
  eval: e=0.0311  p=[0.997 0.541 0.099 0.153 0.657 0.392 0.037 0.039 1.000 0.752]
  eval: e=0.4314  p=[0.996 0.548 0.087 0.151 0.657 0.397 0.045 0.038 1.000 0.748]
   367          543        0.0310834         reflect
  eval: e=0.0487  p=[0.996 0.544 0.098 0.153 0.659 0.393 0.035 0.039 1.000 0.749]
  eval: e=0.0312  p=[0.998 0.531 0.115 0.154 0.657 0.386 0.027 0.041 0.991 0.759]
   368          545        0.0310834         contract inside
  eval: e=0.2302  p=[0.996 0.541 0.097 0.152 0.654 0.393 0.037 0.039 1.000 0.754]
  eval: e=0.0312  p=[0.998 0.533 0.114 0.154 0.658 0.387 0.027 0.041 0.990 0.756]
   369          547        0.0310834         contract inside
  eval: e=0.0437  p=[0.996 0.539 0.100 0.153 0.656 0.392 0.034 0.039 1.000 0.756]
  eval: e=0.0312  p=[0.998 0.534 0.112 0.154 0.658 0.388 0.029 0.041 0.992 0.756]
   370          549        0.0310834         contract inside
  eval: e=0.0311  p=[0.996 0.540 0.101 0.153 0.658 0.392 0.034 0.039 0.999 0.752]
   371          550        0.0310834         reflect
  eval: e=0.0710  p=[0.996 0.540 0.099 0.153 0.656 0.392 0.035 0.039 1.000 0.754]
  eval: e=0.0312  p=[0.997 0.535 0.110 0.154 0.658 0.388 0.029 0.040 0.993 0.756]
   372          552        0.0310834         contract inside
  eval: e=0.5285  p=[0.996 0.536 0.101 0.152 0.652 0.392 0.029 0.039 1.000 0.761]
  eval: e=0.0312  p=[0.997 0.536 0.109 0.154 0.659 0.389 0.032 0.040 0.992 0.753]
   373          554        0.0310834         contract inside
  eval: e=0.0509  p=[0.996 0.539 0.100 0.153 0.656 0.392 0.034 0.039 1.000 0.755]
  eval: e=0.0312  p=[0.997 0.535 0.109 0.154 0.657 0.389 0.030 0.040 0.994 0.756]
   374          556        0.0310834         contract inside
  eval: e=0.0311  p=[0.997 0.540 0.100 0.153 0.658 0.392 0.037 0.039 0.996 0.753]
   375          557        0.0310834         reflect
  eval: e=0.0333  p=[0.997 0.540 0.100 0.153 0.656 0.392 0.035 0.039 1.000 0.754]
  eval: e=0.0312  p=[0.997 0.536 0.108 0.154 0.657 0.389 0.031 0.040 0.995 0.755]
   376          559        0.0310834         contract inside
  eval: e=0.0311  p=[0.996 0.538 0.106 0.154 0.660 0.390 0.035 0.040 0.992 0.750]
   377          560        0.0310834         reflect
  eval: e=0.0311  p=[0.998 0.541 0.101 0.153 0.658 0.392 0.041 0.039 0.995 0.750]
   378          561        0.0310834         reflect
  eval: e=0.0355  p=[0.997 0.540 0.099 0.153 0.656 0.392 0.036 0.039 1.000 0.754]
  eval: e=0.0311  p=[0.997 0.537 0.107 0.154 0.658 0.390 0.033 0.040 0.994 0.753]
   379          563        0.0310834         contract inside
  eval: e=0.0311  p=[0.997 0.541 0.099 0.153 0.658 0.393 0.039 0.039 0.998 0.751]
  eval: e=0.0310  p=[0.997 0.544 0.093 0.152 0.658 0.394 0.043 0.039 1.000 0.748]
   380          565        0.0310434         expand
  eval: e=0.0311  p=[0.996 0.544 0.096 0.153 0.659 0.393 0.041 0.039 0.997 0.748]
   381          566        0.0310434         reflect
  eval: e=0.0311  p=[0.997 0.544 0.095 0.153 0.658 0.394 0.043 0.039 0.998 0.748]
   382          567        0.0310434         reflect
  eval: e=0.0708  p=[0.998 0.543 0.094 0.152 0.656 0.394 0.040 0.038 1.000 0.753]
  eval: e=0.0311  p=[0.997 0.539 0.103 0.153 0.659 0.391 0.036 0.040 0.995 0.751]
   383          569        0.0310434         contract inside
  eval: e=0.0376  p=[0.997 0.544 0.093 0.152 0.657 0.394 0.043 0.039 1.000 0.749]
  eval: e=0.0311  p=[0.997 0.539 0.103 0.153 0.658 0.391 0.036 0.040 0.996 0.752]
   384          571        0.0310434         contract inside
  eval: e=0.0310  p=[0.997 0.546 0.093 0.152 0.659 0.395 0.043 0.039 1.000 0.747]
   385          572        0.0310434         reflect
  eval: e=0.0403  p=[0.998 0.544 0.094 0.152 0.657 0.394 0.042 0.039 1.000 0.751]
  eval: e=0.0311  p=[0.997 0.541 0.101 0.153 0.658 0.392 0.038 0.040 0.996 0.751]
   386          574        0.0310434         contract inside
  eval: e=0.0325  p=[0.997 0.545 0.093 0.152 0.658 0.395 0.043 0.039 1.000 0.749]
  eval: e=0.0311  p=[0.997 0.540 0.101 0.153 0.658 0.392 0.037 0.039 0.997 0.751]
   387          576        0.0310434         contract inside
  eval: e=0.0625  p=[0.995 0.543 0.096 0.153 0.658 0.394 0.037 0.039 1.000 0.751]
  eval: e=0.0311  p=[0.998 0.541 0.100 0.153 0.658 0.392 0.040 0.039 0.996 0.750]
   388          578        0.0310434         contract inside
  eval: e=0.0311  p=[0.997 0.546 0.094 0.153 0.660 0.394 0.044 0.039 0.997 0.745]
   389          579        0.0310434         reflect
  eval: e=0.0310  p=[0.998 0.545 0.093 0.152 0.659 0.394 0.047 0.039 0.996 0.746]
   390          580        0.0310434         reflect
  eval: e=0.0310  p=[0.997 0.546 0.092 0.152 0.658 0.395 0.045 0.039 0.999 0.747]
  eval: e=0.0334  p=[0.998 0.548 0.088 0.152 0.658 0.396 0.049 0.038 1.000 0.746]
   391          582        0.0310373         reflect
  eval: e=0.0310  p=[0.997 0.547 0.090 0.152 0.659 0.395 0.047 0.039 0.999 0.746]
  eval: e=0.0324  p=[0.997 0.550 0.085 0.152 0.659 0.397 0.051 0.038 1.000 0.743]
   392          584        0.0310299         reflect
  eval: e=0.0311  p=[0.996 0.547 0.090 0.152 0.659 0.396 0.046 0.039 1.000 0.746]
  eval: e=0.0311  p=[0.997 0.543 0.097 0.153 0.658 0.393 0.041 0.039 0.997 0.749]
   393          586        0.0310299         contract inside
  eval: e=0.0327  p=[0.997 0.549 0.088 0.152 0.659 0.396 0.050 0.038 1.000 0.743]
  eval: e=0.0311  p=[0.997 0.542 0.097 0.153 0.658 0.393 0.040 0.039 0.997 0.750]
   394          588        0.0310299         contract inside
  eval: e=0.0310  p=[0.997 0.549 0.089 0.152 0.660 0.396 0.050 0.039 0.997 0.743]
   395          589        0.0310299         reflect
  eval: e=0.0310  p=[0.998 0.547 0.091 0.152 0.658 0.396 0.047 0.038 0.999 0.746]
  eval: e=0.0318  p=[0.999 0.548 0.088 0.152 0.658 0.397 0.050 0.038 1.000 0.746]
   396          591        0.0310251         reflect
  eval: e=0.0310  p=[0.997 0.548 0.088 0.152 0.659 0.396 0.049 0.038 0.999 0.744]
  eval: e=0.0311  p=[0.997 0.551 0.084 0.152 0.660 0.398 0.053 0.038 1.000 0.742]
   397          593        0.0310205         reflect
  eval: e=0.0310  p=[0.997 0.550 0.086 0.152 0.659 0.397 0.052 0.038 1.000 0.742]
  eval: e=0.0356  p=[0.997 0.554 0.081 0.151 0.660 0.399 0.058 0.038 1.000 0.738]
   398          595        0.0310165         reflect
  eval: e=0.0310  p=[0.998 0.547 0.089 0.152 0.657 0.396 0.049 0.038 1.000 0.746]
  eval: e=0.0494  p=[0.998 0.547 0.086 0.151 0.656 0.397 0.052 0.038 1.000 0.747]
   399          597        0.0310117         reflect
  eval: e=0.0310  p=[0.998 0.550 0.086 0.152 0.659 0.397 0.052 0.038 0.999 0.743]
  eval: e=0.0310  p=[0.999 0.552 0.082 0.151 0.660 0.399 0.056 0.037 1.000 0.741]
   400          599        0.0309835         expand
  eval: e=0.0828  p=[0.997 0.550 0.086 0.152 0.659 0.398 0.049 0.038 1.000 0.744]
  eval: e=0.0310  p=[0.998 0.546 0.091 0.152 0.659 0.395 0.048 0.039 0.998 0.746]
   401          601        0.0309835         contract inside
  eval: e=0.0310  p=[0.998 0.550 0.085 0.152 0.659 0.397 0.054 0.038 0.998 0.743]
   402          602        0.0309835         reflect
  eval: e=0.0310  p=[0.998 0.552 0.083 0.152 0.660 0.398 0.056 0.038 0.998 0.741]
   403          603        0.0309835         reflect
  eval: e=0.0310  p=[0.998 0.552 0.083 0.151 0.660 0.398 0.057 0.038 0.998 0.740]
   404          604        0.0309835         reflect
  eval: e=0.0478  p=[0.998 0.550 0.085 0.151 0.658 0.398 0.052 0.038 1.000 0.744]
  eval: e=0.0310  p=[0.998 0.549 0.088 0.152 0.660 0.396 0.051 0.038 0.998 0.743]
   405          606        0.0309835         contract inside
  eval: e=0.0312  p=[0.998 0.552 0.082 0.151 0.660 0.399 0.056 0.038 1.000 0.741]
  eval: e=0.0310  p=[0.998 0.548 0.089 0.152 0.659 0.396 0.050 0.038 0.998 0.745]
   406          608        0.0309835         contract inside
  eval: e=0.0310  p=[0.998 0.552 0.082 0.151 0.660 0.398 0.057 0.038 0.998 0.741]
   407          609        0.0309835         reflect
  eval: e=0.0310  p=[0.998 0.553 0.081 0.151 0.660 0.399 0.059 0.038 0.998 0.739]
   408          610        0.0309835         reflect
  eval: e=0.0310  p=[0.998 0.552 0.082 0.151 0.659 0.399 0.057 0.038 1.000 0.741]
  eval: e=0.0414  p=[0.998 0.554 0.079 0.151 0.659 0.400 0.060 0.037 1.000 0.740]
   409          612        0.0309811         reflect
  eval: e=0.0310  p=[0.998 0.554 0.079 0.151 0.660 0.400 0.059 0.037 1.000 0.739]
  eval: e=0.0322  p=[0.998 0.557 0.075 0.151 0.660 0.401 0.064 0.037 1.000 0.737]
   410          614        0.0309776         reflect
  eval: e=0.0310  p=[0.999 0.554 0.078 0.151 0.660 0.400 0.062 0.037 0.999 0.738]
  eval: e=0.0309  p=[1.000 0.558 0.073 0.150 0.660 0.402 0.069 0.037 0.999 0.736]
   411          616        0.0309477         expand
  eval: e=0.0310  p=[0.999 0.554 0.077 0.151 0.660 0.400 0.063 0.037 0.998 0.739]
   412          617        0.0309477         reflect
  eval: e=0.0310  p=[0.999 0.559 0.073 0.151 0.662 0.402 0.068 0.037 0.998 0.734]
   413          618        0.0309477         reflect
  eval: e=0.0310  p=[0.999 0.558 0.074 0.151 0.661 0.402 0.066 0.037 0.999 0.735]
   414          619        0.0309477         reflect
  eval: e=0.0310  p=[0.999 0.557 0.074 0.151 0.660 0.402 0.066 0.037 1.000 0.736]
   415          620        0.0309477         reflect
  eval: e=0.0309  p=[1.000 0.558 0.072 0.150 0.660 0.402 0.067 0.037 1.000 0.736]
   416          621        0.0309477         reflect
  eval: e=0.0316  p=[1.000 0.557 0.073 0.150 0.660 0.402 0.067 0.036 1.000 0.737]
  eval: e=0.0310  p=[0.998 0.554 0.079 0.151 0.660 0.400 0.061 0.037 0.999 0.738]
   417          623        0.0309477         contract inside
  eval: e=0.0309  p=[0.999 0.559 0.070 0.150 0.661 0.403 0.069 0.037 1.000 0.735]
  eval: e=0.0329  p=[1.000 0.563 0.065 0.150 0.661 0.405 0.075 0.036 1.000 0.732]
   418          625        0.0309477         reflect
  eval: e=0.0309  p=[0.999 0.560 0.069 0.150 0.661 0.403 0.073 0.037 0.998 0.733]
  eval: e=0.0309  p=[1.000 0.564 0.063 0.150 0.661 0.405 0.082 0.036 0.998 0.728]
   419          627        0.0309354         expand
  eval: e=0.0312  p=[1.000 0.563 0.065 0.150 0.662 0.405 0.077 0.036 0.998 0.730]
  eval: e=0.0310  p=[0.999 0.555 0.078 0.151 0.660 0.400 0.062 0.037 0.999 0.738]
   420          629        0.0309354         contract inside
  eval: e=0.0310  p=[1.000 0.561 0.068 0.150 0.661 0.404 0.073 0.036 0.999 0.733]
  eval: e=0.0310  p=[0.999 0.556 0.076 0.151 0.660 0.401 0.064 0.037 0.999 0.737]
   421          631        0.0309354         contract inside
  eval: e=0.0357  p=[0.999 0.556 0.074 0.150 0.659 0.401 0.066 0.037 1.000 0.738]
  eval: e=0.0310  p=[0.999 0.558 0.073 0.151 0.661 0.402 0.067 0.037 0.998 0.735]
   422          633        0.0309354         contract inside
  eval: e=0.0325  p=[1.000 0.561 0.067 0.150 0.661 0.404 0.076 0.036 0.998 0.732]
  eval: e=0.0310  p=[0.999 0.556 0.076 0.151 0.660 0.401 0.063 0.037 0.999 0.737]
   423          635        0.0309354         contract inside
  eval: e=0.0309  p=[1.000 0.561 0.068 0.150 0.661 0.403 0.073 0.036 0.999 0.732]
   424          636        0.0309354         reflect
  eval: e=0.0309  p=[1.000 0.560 0.068 0.150 0.661 0.404 0.073 0.036 0.999 0.733]
   425          637        0.0309354         reflect
  eval: e=0.0309  p=[1.000 0.559 0.070 0.150 0.660 0.403 0.071 0.036 1.000 0.735]
  eval: e=0.0323  p=[1.000 0.559 0.068 0.150 0.659 0.404 0.073 0.036 1.000 0.735]
   426          639        0.0309347         reflect
  eval: e=0.0309  p=[1.000 0.559 0.069 0.150 0.660 0.403 0.073 0.036 0.999 0.735]
  eval: e=0.0309  p=[1.000 0.560 0.066 0.150 0.659 0.403 0.077 0.036 0.998 0.734]
   427          641          0.03092         expand
  eval: e=0.0334  p=[1.000 0.562 0.064 0.150 0.660 0.405 0.079 0.036 0.999 0.732]
  eval: e=0.0310  p=[0.999 0.557 0.073 0.151 0.660 0.402 0.067 0.037 0.999 0.736]
   428          643          0.03092         contract inside
  eval: e=0.0309  p=[1.000 0.564 0.062 0.149 0.661 0.406 0.080 0.036 1.000 0.729]
   429          644          0.03092         reflect
  eval: e=0.0319  p=[1.000 0.563 0.063 0.150 0.661 0.405 0.080 0.036 0.998 0.730]
  eval: e=0.0309  p=[0.999 0.558 0.071 0.150 0.660 0.402 0.070 0.037 0.999 0.735]
   430          646          0.03092         contract inside
  eval: e=0.0315  p=[1.000 0.563 0.064 0.150 0.661 0.405 0.079 0.036 0.999 0.731]
  eval: e=0.0309  p=[0.999 0.559 0.071 0.150 0.660 0.402 0.070 0.037 0.999 0.735]
   431          648          0.03092         contract inside
  eval: e=0.0309  p=[1.000 0.562 0.064 0.150 0.660 0.405 0.080 0.036 0.998 0.730]
   432          649          0.03092         reflect
  eval: e=0.0309  p=[1.000 0.564 0.062 0.150 0.661 0.405 0.080 0.036 0.999 0.730]
   433          650          0.03092         reflect
  eval: e=0.0309  p=[1.000 0.563 0.063 0.149 0.660 0.405 0.082 0.036 0.998 0.730]
   434          651          0.03092         reflect
  eval: e=0.0309  p=[1.000 0.562 0.064 0.150 0.660 0.405 0.080 0.036 0.999 0.731]
  eval: e=0.0309  p=[0.999 0.563 0.062 0.149 0.659 0.405 0.083 0.036 0.999 0.731]
   435          653        0.0309056         expand
  eval: e=0.0310  p=[1.000 0.565 0.059 0.149 0.660 0.406 0.086 0.036 0.998 0.728]
  eval: e=0.0309  p=[1.000 0.560 0.068 0.150 0.660 0.403 0.074 0.036 0.999 0.733]
   436          655        0.0309056         contract inside
  eval: e=0.0309  p=[1.000 0.565 0.059 0.149 0.660 0.406 0.086 0.036 0.999 0.728]
   437          656        0.0309056         reflect
  eval: e=0.0309  p=[0.999 0.564 0.060 0.149 0.660 0.406 0.086 0.036 0.999 0.729]
   438          657        0.0309056         reflect
  eval: e=0.0309  p=[1.000 0.566 0.058 0.149 0.660 0.407 0.088 0.036 0.998 0.727]
   439          658        0.0309056         reflect
  eval: e=0.0309  p=[1.000 0.562 0.062 0.149 0.659 0.405 0.081 0.036 1.000 0.732]
  eval: e=0.0417  p=[1.000 0.561 0.062 0.149 0.658 0.405 0.081 0.036 1.000 0.734]
   440          660        0.0309041         reflect
  eval: e=0.0309  p=[1.000 0.568 0.054 0.149 0.660 0.408 0.093 0.035 0.998 0.725]
  eval: e=0.0309  p=[1.000 0.572 0.046 0.148 0.661 0.410 0.104 0.035 0.997 0.720]
   441          662        0.0308887         expand
  eval: e=0.0309  p=[1.000 0.564 0.058 0.149 0.659 0.406 0.089 0.036 0.998 0.728]
   442          663        0.0308887         reflect
  eval: e=0.0309  p=[1.000 0.564 0.057 0.149 0.659 0.406 0.091 0.036 0.997 0.729]
   443          664        0.0308887         reflect
  eval: e=0.0309  p=[1.000 0.566 0.054 0.149 0.659 0.407 0.094 0.035 0.998 0.727]
   444          665        0.0308887         reflect
  eval: e=0.0309  p=[0.999 0.564 0.058 0.149 0.659 0.406 0.089 0.036 0.998 0.730]
   445          666        0.0308887         reflect
  eval: e=0.0309  p=[0.999 0.566 0.054 0.148 0.658 0.407 0.094 0.035 0.999 0.728]
  eval: e=0.0309  p=[0.999 0.567 0.049 0.148 0.657 0.408 0.100 0.035 0.999 0.727]
   446          668        0.0308805         expand
  eval: e=0.0309  p=[1.000 0.571 0.047 0.148 0.659 0.410 0.104 0.035 0.999 0.722]
  eval: e=0.0309  p=[1.000 0.576 0.037 0.147 0.659 0.413 0.117 0.034 0.999 0.716]
   447          670        0.0308621         expand
  eval: e=0.0309  p=[1.000 0.569 0.049 0.148 0.658 0.409 0.101 0.035 0.998 0.725]
   448          671        0.0308621         reflect
  eval: e=0.0309  p=[0.999 0.568 0.049 0.148 0.657 0.409 0.102 0.035 0.999 0.726]
   449          672        0.0308621         reflect
  eval: e=0.0309  p=[1.000 0.572 0.042 0.147 0.658 0.411 0.111 0.034 0.997 0.721]
   450          673        0.0308621         reflect
  eval: e=0.0309  p=[0.999 0.574 0.037 0.147 0.658 0.412 0.119 0.034 0.996 0.718]
   451          674        0.0308621         reflect
  eval: e=0.0309  p=[1.000 0.575 0.038 0.147 0.658 0.412 0.114 0.034 0.999 0.719]
  eval: e=0.0308  p=[0.999 0.580 0.029 0.146 0.658 0.415 0.126 0.033 1.000 0.713]
   452          676        0.0308417         expand
  eval: e=0.0309  p=[1.000 0.578 0.031 0.146 0.658 0.414 0.124 0.034 0.998 0.715]
   453          677        0.0308417         reflect
  eval: e=0.0309  p=[0.999 0.580 0.026 0.146 0.658 0.416 0.130 0.033 0.998 0.713]
   454          678        0.0308417         reflect
  eval: e=0.0309  p=[0.999 0.581 0.025 0.146 0.658 0.416 0.133 0.033 0.998 0.712]
   455          679        0.0308417         reflect
  eval: e=0.0309  p=[0.999 0.577 0.029 0.146 0.655 0.415 0.128 0.034 0.999 0.717]
   456          680        0.0308417         reflect
  eval: e=0.0309  p=[1.000 0.584 0.022 0.145 0.659 0.418 0.139 0.033 0.998 0.708]
   457          681        0.0308417         reflect
  eval: e=0.0309  p=[1.000 0.586 0.017 0.145 0.659 0.419 0.144 0.033 0.998 0.706]
   458          682        0.0308417         reflect
  eval: e=0.0308  p=[1.000 0.575 0.037 0.147 0.658 0.413 0.118 0.034 0.998 0.717]
   459          683        0.0308417         reflect
  eval: e=0.0309  p=[0.999 0.588 0.013 0.145 0.658 0.420 0.151 0.032 0.998 0.703]
   460          684        0.0308417         reflect
  eval: e=0.0308  p=[0.999 0.588 0.013 0.145 0.658 0.420 0.149 0.032 0.999 0.703]
   461          685        0.0308417         reflect
  eval: e=0.0309  p=[1.000 0.585 0.023 0.146 0.661 0.418 0.136 0.033 0.997 0.705]
   462          686        0.0308417         reflect
  eval: e=0.0308  p=[1.000 0.590 0.012 0.144 0.659 0.421 0.149 0.032 1.000 0.702]
   463          687        0.0308417         reflect
  eval: e=0.0308  p=[1.000 0.591 0.008 0.144 0.658 0.422 0.156 0.032 0.998 0.701]
   464          688        0.0308417         reflect
  eval: e=0.0309  p=[0.999 0.583 0.018 0.145 0.655 0.418 0.142 0.033 1.000 0.711]
  eval: e=0.0308  p=[1.000 0.585 0.022 0.146 0.660 0.418 0.137 0.033 0.998 0.707]
   465          690        0.0308417         contract inside
  eval: e=0.0308  p=[1.000 0.588 0.016 0.145 0.659 0.420 0.145 0.032 0.999 0.703]
  eval: e=0.0314  p=[1.000 0.591 0.011 0.144 0.660 0.422 0.151 0.032 0.999 0.699]
   466          692        0.0308382         reflect
  eval: e=0.0308  p=[1.000 0.593 0.006 0.144 0.659 0.423 0.159 0.032 0.999 0.698]
   467          693        0.0308382         reflect
  eval: e=0.0308  p=[1.000 0.586 0.019 0.145 0.659 0.419 0.142 0.033 0.999 0.705]
  eval: e=0.0308  p=[0.999 0.586 0.020 0.145 0.659 0.419 0.141 0.033 1.000 0.705]
   468          695        0.0308306         expand
  eval: e=0.0308  p=[0.999 0.589 0.013 0.145 0.659 0.421 0.147 0.032 1.000 0.703]
  eval: e=0.0420  p=[0.999 0.592 0.009 0.144 0.659 0.422 0.152 0.032 1.000 0.700]
   469          697        0.0308296         reflect
  eval: e=0.0308  p=[1.000 0.585 0.023 0.145 0.659 0.418 0.135 0.033 1.000 0.707]
   470          698        0.0308296         reflect
  eval: e=0.2950  p=[0.999 0.600 0.000 0.143 0.659 0.427 0.171 0.031 1.000 0.692]
  eval: e=0.0308  p=[1.000 0.581 0.027 0.146 0.658 0.416 0.131 0.033 0.999 0.710]
   471          700        0.0308296         contract inside
  eval: e=0.0354  p=[1.000 0.590 0.011 0.144 0.658 0.421 0.151 0.032 1.000 0.703]
  eval: e=0.0308  p=[1.000 0.586 0.019 0.145 0.659 0.419 0.141 0.033 0.998 0.706]
   472          702        0.0308296         contract inside
  eval: e=0.0354  p=[1.000 0.582 0.028 0.146 0.659 0.417 0.128 0.033 1.000 0.709]
  eval: e=0.0308  p=[1.000 0.589 0.013 0.145 0.658 0.421 0.149 0.032 0.999 0.703]
   473          704        0.0308296         contract inside
  eval: e=0.0308  p=[0.999 0.583 0.024 0.146 0.658 0.417 0.136 0.033 0.998 0.709]
   474          705        0.0308296         reflect
  eval: e=0.0308  p=[1.000 0.584 0.024 0.146 0.659 0.417 0.133 0.033 0.999 0.708]
  eval: e=0.0308  p=[0.999 0.587 0.016 0.145 0.658 0.420 0.145 0.033 0.999 0.705]
   475          707        0.0308296         contract inside
  eval: e=0.0308  p=[1.000 0.594 0.006 0.144 0.659 0.423 0.160 0.032 0.998 0.696]
   476          708        0.0308296         reflect
  eval: e=0.0308  p=[1.000 0.589 0.013 0.144 0.658 0.421 0.149 0.032 0.999 0.702]
  eval: e=0.0308  p=[1.000 0.591 0.010 0.144 0.658 0.422 0.154 0.032 1.000 0.701]
   477          710        0.0308263         expand
  eval: e=0.0308  p=[1.000 0.582 0.027 0.146 0.658 0.416 0.130 0.033 1.000 0.710]
   478          711        0.0308263         reflect
  eval: e=0.0308  p=[0.999 0.593 0.007 0.144 0.659 0.423 0.157 0.032 1.000 0.698]
   479          712        0.0308263         reflect
  eval: e=0.0308  p=[1.000 0.587 0.020 0.145 0.659 0.419 0.141 0.033 1.000 0.704]
   480          713        0.0308263         reflect
  eval: e=0.0309  p=[0.999 0.587 0.017 0.145 0.658 0.419 0.144 0.033 1.000 0.704]
  eval: e=0.0308  p=[1.000 0.588 0.016 0.145 0.659 0.420 0.145 0.032 0.999 0.704]
   481          715        0.0308263         contract inside
  eval: e=0.0308  p=[1.000 0.588 0.017 0.145 0.659 0.420 0.144 0.032 1.000 0.703]
   482          716        0.0308263         reflect
  eval: e=0.0390  p=[0.999 0.581 0.029 0.146 0.658 0.416 0.126 0.033 1.000 0.712]
  eval: e=0.0308  p=[1.000 0.590 0.012 0.144 0.659 0.421 0.151 0.032 0.999 0.700]
   483          718        0.0308263         contract inside
  eval: e=0.0308  p=[0.999 0.591 0.011 0.144 0.658 0.421 0.154 0.032 0.999 0.700]
   484          719        0.0308263         reflect
  eval: e=0.0395  p=[1.000 0.594 0.007 0.144 0.659 0.423 0.157 0.032 1.000 0.697]
  eval: e=0.0308  p=[0.999 0.586 0.020 0.145 0.658 0.419 0.141 0.033 0.999 0.706]
   485          721        0.0308263         contract inside
  eval: e=0.0308  p=[0.999 0.589 0.015 0.145 0.658 0.420 0.148 0.032 1.000 0.702]
   486          722        0.0308263         reflect
  eval: e=0.0308  p=[0.999 0.590 0.011 0.144 0.658 0.421 0.153 0.032 0.999 0.701]
   487          723        0.0308263         reflect
  eval: e=0.0315  p=[0.999 0.597 0.000 0.143 0.658 0.425 0.168 0.031 0.999 0.693]
  eval: e=0.0308  p=[1.000 0.586 0.020 0.145 0.658 0.418 0.140 0.033 1.000 0.706]
   488          725        0.0308263         contract inside
  eval: e=0.0308  p=[0.999 0.590 0.011 0.144 0.658 0.421 0.153 0.032 0.999 0.702]
  eval: e=0.0308  p=[1.000 0.589 0.016 0.145 0.659 0.420 0.147 0.032 1.000 0.703]
   489          727        0.0308263         contract inside
  eval: e=0.0310  p=[0.999 0.587 0.016 0.145 0.658 0.420 0.145 0.032 1.000 0.705]
  eval: e=0.0308  p=[1.000 0.590 0.013 0.144 0.659 0.421 0.150 0.032 0.999 0.701]
   490          729        0.0308263         contract inside
  eval: e=0.0314  p=[1.000 0.593 0.008 0.144 0.658 0.423 0.157 0.032 1.000 0.698]
  eval: e=0.0308  p=[0.999 0.588 0.017 0.145 0.658 0.420 0.145 0.033 0.999 0.704]
   491          731        0.0308263         contract inside
  eval: e=0.0308  p=[0.999 0.593 0.007 0.144 0.658 0.423 0.158 0.032 0.999 0.699]
   492          732        0.0308263         reflect
  eval: e=0.0308  p=[0.999 0.585 0.020 0.145 0.658 0.419 0.142 0.033 0.999 0.706]
   493          733        0.0308263         reflect
  eval: e=0.0308  p=[1.000 0.589 0.014 0.144 0.658 0.420 0.150 0.032 0.999 0.702]
   494          734        0.0308263         reflect
  eval: e=0.0308  p=[0.999 0.588 0.015 0.144 0.657 0.420 0.148 0.032 1.000 0.703]
  eval: e=0.0308  p=[0.999 0.587 0.016 0.144 0.657 0.420 0.147 0.032 1.000 0.704]
   495          736        0.0308248         expand
  eval: e=0.0308  p=[1.000 0.587 0.019 0.145 0.658 0.419 0.142 0.033 1.000 0.705]
   496          737        0.0308248         reflect
  eval: e=0.0308  p=[1.000 0.586 0.020 0.145 0.658 0.419 0.142 0.033 1.000 0.705]
  eval: e=0.0308  p=[1.000 0.589 0.013 0.144 0.658 0.421 0.150 0.032 0.999 0.702]
   497          739        0.0308248         contract inside
  eval: e=0.0308  p=[0.999 0.592 0.009 0.144 0.657 0.422 0.157 0.032 0.999 0.699]
   498          740        0.0308248         reflect
  eval: e=0.0308  p=[0.999 0.589 0.012 0.144 0.657 0.421 0.152 0.032 0.999 0.703]
   499          741        0.0308248         reflect
  eval: e=0.0308  p=[0.999 0.590 0.011 0.144 0.657 0.421 0.155 0.032 1.000 0.701]
   500          742        0.0308248         reflect
  eval: e=0.0316  p=[0.999 0.590 0.012 0.144 0.658 0.421 0.150 0.032 1.000 0.703]
  eval: e=0.0308  p=[1.000 0.589 0.014 0.144 0.658 0.421 0.150 0.032 0.999 0.702]
   501          744        0.0308248         contract inside
  eval: e=0.0308  p=[0.999 0.585 0.021 0.145 0.657 0.418 0.141 0.033 1.000 0.706]
   502          745        0.0308248         reflect
  eval: e=0.0308  p=[1.000 0.588 0.014 0.144 0.657 0.420 0.151 0.032 0.999 0.704]
   503          746        0.0308248         reflect
  eval: e=0.0308  p=[1.000 0.585 0.021 0.145 0.657 0.418 0.140 0.033 1.000 0.707]
   504          747        0.0308248         reflect
  eval: e=0.0308  p=[0.999 0.590 0.010 0.144 0.657 0.422 0.155 0.032 1.000 0.701]
   505          748        0.0308248         reflect
  eval: e=0.0308  p=[0.999 0.587 0.016 0.144 0.657 0.420 0.147 0.032 1.000 0.705]
   506          749        0.0308248         reflect
  eval: e=0.0311  p=[0.999 0.587 0.016 0.144 0.657 0.420 0.146 0.032 1.000 0.705]
  eval: e=0.0308  p=[0.999 0.588 0.014 0.144 0.657 0.420 0.149 0.032 0.999 0.703]
   507          751        0.0308248         contract inside
  eval: e=0.0308  p=[1.000 0.592 0.008 0.144 0.657 0.422 0.157 0.032 1.000 0.700]
   508          752        0.0308248         reflect
  eval: e=0.0308  p=[1.000 0.586 0.018 0.145 0.657 0.419 0.144 0.033 0.999 0.706]
   509          753        0.0308248         reflect
  eval: e=0.0308  p=[0.999 0.585 0.019 0.145 0.657 0.418 0.143 0.033 0.999 0.707]
  eval: e=0.0308  p=[0.999 0.582 0.024 0.145 0.656 0.417 0.138 0.033 0.999 0.710]
   510          755        0.0308244         reflect
  eval: e=0.0308  p=[0.999 0.583 0.024 0.145 0.657 0.417 0.137 0.033 1.000 0.709]
  eval: e=0.0308  p=[1.000 0.589 0.012 0.144 0.657 0.421 0.152 0.032 1.000 0.702]
   511          757        0.0308244         contract inside
  eval: e=0.0308  p=[1.000 0.586 0.019 0.145 0.657 0.419 0.142 0.033 1.000 0.706]
  eval: e=0.0309  p=[1.000 0.584 0.023 0.145 0.657 0.418 0.137 0.033 1.000 0.708]
   512          759        0.0308239         reflect
  eval: e=0.0308  p=[1.000 0.587 0.016 0.145 0.658 0.420 0.146 0.032 0.999 0.705]
  eval: e=0.0308  p=[1.000 0.587 0.016 0.144 0.657 0.420 0.147 0.032 1.000 0.705]
   513          761        0.0308239         contract inside
  eval: e=0.0311  p=[0.999 0.586 0.019 0.145 0.658 0.419 0.142 0.033 1.000 0.706]
  eval: e=0.0308  p=[1.000 0.588 0.015 0.144 0.657 0.420 0.148 0.032 0.999 0.704]
   514          763        0.0308239         contract inside
  eval: e=0.0308  p=[1.000 0.586 0.019 0.145 0.657 0.419 0.143 0.033 1.000 0.707]
  eval: e=0.0308  p=[1.000 0.584 0.021 0.145 0.657 0.418 0.139 0.033 1.000 0.709]
   515          765        0.0308228         reflect
  eval: e=0.0308  p=[1.000 0.583 0.025 0.145 0.657 0.417 0.135 0.033 0.999 0.710]
  eval: e=0.0308  p=[1.000 0.589 0.014 0.144 0.657 0.420 0.150 0.032 1.000 0.703]
   516          767        0.0308228         contract inside
  eval: e=0.0308  p=[1.000 0.589 0.012 0.144 0.657 0.421 0.152 0.032 1.000 0.703]
   517          768        0.0308228         reflect
  eval: e=0.0308  p=[1.000 0.588 0.015 0.144 0.657 0.420 0.149 0.032 1.000 0.704]
   518          769        0.0308228         reflect
  eval: e=0.0308  p=[0.999 0.588 0.013 0.144 0.656 0.420 0.153 0.032 1.000 0.704]
  eval: e=0.0308  p=[1.000 0.587 0.017 0.145 0.658 0.419 0.145 0.032 1.000 0.705]
   519          771        0.0308228         contract inside
  eval: e=0.0308  p=[1.000 0.586 0.017 0.145 0.657 0.419 0.145 0.033 0.999 0.706]
  eval: e=0.0308  p=[1.000 0.588 0.015 0.144 0.657 0.420 0.148 0.032 1.000 0.704]
   520          773        0.0308228         contract inside
  eval: e=0.0308  p=[1.000 0.587 0.016 0.144 0.657 0.420 0.147 0.032 1.000 0.705]
  eval: e=0.0309  p=[1.000 0.587 0.016 0.144 0.657 0.420 0.146 0.032 1.000 0.705]
   521          775        0.0308227         reflect
  eval: e=0.0308  p=[1.000 0.585 0.021 0.145 0.657 0.418 0.141 0.033 1.000 0.707]
   522          776        0.0308227         reflect
  eval: e=0.0309  p=[1.000 0.586 0.019 0.145 0.657 0.419 0.143 0.033 1.000 0.706]
  eval: e=0.0308  p=[1.000 0.587 0.016 0.144 0.657 0.420 0.147 0.032 1.000 0.705]
   523          778        0.0308227         contract inside
  eval: e=0.0312  p=[1.000 0.589 0.014 0.144 0.657 0.421 0.149 0.032 1.000 0.703]
  eval: e=0.0308  p=[1.000 0.586 0.018 0.145 0.657 0.419 0.145 0.033 1.000 0.706]
   524          780        0.0308227         contract inside
  eval: e=0.0308  p=[1.000 0.587 0.017 0.145 0.657 0.419 0.145 0.033 1.000 0.706]
  eval: e=0.0308  p=[1.000 0.587 0.018 0.145 0.657 0.419 0.144 0.033 1.000 0.706]
   525          782         0.030822         expand
  eval: e=0.0308  p=[1.000 0.584 0.022 0.145 0.657 0.418 0.138 0.033 1.000 0.708]
  eval: e=0.0308  p=[1.000 0.585 0.020 0.145 0.657 0.418 0.142 0.033 1.000 0.707]
   526          784         0.030822         contract outside
  eval: e=0.0308  p=[1.000 0.584 0.022 0.145 0.657 0.418 0.139 0.033 1.000 0.708]
   527          785         0.030822         reflect
  eval: e=0.0308  p=[1.000 0.588 0.015 0.144 0.657 0.420 0.147 0.032 1.000 0.704]
   528          786         0.030822         reflect
  eval: e=0.0308  p=[1.000 0.585 0.021 0.145 0.657 0.418 0.140 0.033 1.000 0.708]
   529          787         0.030822         reflect
  eval: e=0.0308  p=[1.000 0.585 0.019 0.145 0.657 0.418 0.142 0.033 1.000 0.707]
   530          788         0.030822         reflect
  eval: e=0.0308  p=[1.000 0.586 0.017 0.145 0.657 0.419 0.145 0.033 0.999 0.706]
   531          789         0.030822         reflect
  eval: e=0.0308  p=[1.000 0.585 0.021 0.145 0.657 0.418 0.139 0.033 1.000 0.708]
   532          790         0.030822         reflect
  eval: e=0.0308  p=[1.000 0.585 0.019 0.145 0.657 0.418 0.141 0.033 1.000 0.708]
   533          791         0.030822         reflect
  eval: e=0.0308  p=[1.000 0.587 0.017 0.145 0.657 0.419 0.146 0.032 1.000 0.706]
   534          792         0.030822         reflect
  eval: e=0.0308  p=[1.000 0.587 0.017 0.145 0.657 0.419 0.144 0.032 1.000 0.706]
  eval: e=0.0308  p=[1.000 0.587 0.016 0.145 0.657 0.419 0.146 0.032 1.000 0.706]
   535          794        0.0308212         expand
  eval: e=0.0308  p=[1.000 0.588 0.013 0.144 0.657 0.420 0.149 0.032 1.000 0.704]
   536          795        0.0308212         reflect
  eval: e=0.0308  p=[1.000 0.585 0.020 0.145 0.657 0.418 0.141 0.033 1.000 0.708]
  eval: e=0.0308  p=[1.000 0.583 0.022 0.145 0.657 0.417 0.138 0.033 1.000 0.710]
   537          797         0.030821         expand
  eval: e=0.0309  p=[1.000 0.587 0.017 0.145 0.657 0.419 0.144 0.032 0.999 0.707]
  eval: e=0.0308  p=[1.000 0.586 0.018 0.145 0.657 0.419 0.143 0.033 1.000 0.707]
   538          799         0.030821         contract inside
  eval: e=0.0308  p=[1.000 0.583 0.023 0.145 0.657 0.417 0.137 0.033 1.000 0.710]
  eval: e=0.0308  p=[1.000 0.587 0.016 0.145 0.657 0.419 0.146 0.032 1.000 0.706]
   539          801         0.030821         contract inside
  eval: e=0.0308  p=[1.000 0.586 0.019 0.145 0.657 0.419 0.141 0.033 1.000 0.707]
  eval: e=0.0311  p=[1.000 0.585 0.020 0.145 0.657 0.418 0.140 0.033 1.000 0.708]
   540          803        0.0308209         reflect
  eval: e=0.0308  p=[1.000 0.584 0.021 0.145 0.657 0.418 0.138 0.033 1.000 0.709]
   541          804        0.0308209         reflect
  eval: e=0.0308  p=[1.000 0.586 0.018 0.145 0.657 0.419 0.142 0.033 1.000 0.707]
  eval: e=0.0308  p=[1.000 0.587 0.017 0.145 0.658 0.419 0.142 0.032 1.000 0.707]
   542          806        0.0308203         reflect
  eval: e=0.0308  p=[1.000 0.586 0.017 0.145 0.657 0.419 0.144 0.033 1.000 0.707]
   543          807        0.0308203         reflect
  eval: e=0.0308  p=[1.000 0.586 0.018 0.145 0.657 0.418 0.142 0.033 1.000 0.708]
  eval: e=0.0308  p=[1.000 0.586 0.018 0.145 0.657 0.419 0.143 0.033 1.000 0.707]
   544          809        0.0308203         contract inside
  eval: e=0.0308  p=[1.000 0.587 0.015 0.144 0.657 0.419 0.146 0.032 1.000 0.706]
   545          810        0.0308203         reflect
  eval: e=0.0308  p=[1.000 0.585 0.019 0.145 0.657 0.418 0.140 0.033 1.000 0.709]
  eval: e=0.0308  p=[1.000 0.586 0.017 0.145 0.657 0.419 0.144 0.033 1.000 0.706]
   546          812        0.0308203         contract inside
  eval: e=0.0308  p=[1.000 0.585 0.020 0.145 0.657 0.418 0.139 0.033 1.000 0.709]
  eval: e=0.0308  p=[1.000 0.583 0.023 0.145 0.657 0.417 0.136 0.033 1.000 0.711]
   547          814        0.0308201         reflect
  eval: e=0.0308  p=[1.000 0.585 0.019 0.145 0.657 0.418 0.141 0.033 1.000 0.709]
  eval: e=0.0309  p=[1.000 0.584 0.020 0.145 0.656 0.418 0.140 0.033 1.000 0.710]
   548          816        0.0308199         reflect
  eval: e=0.0308  p=[1.000 0.585 0.019 0.145 0.657 0.418 0.141 0.033 1.000 0.708]
  eval: e=0.0308  p=[1.000 0.586 0.018 0.145 0.657 0.419 0.142 0.033 1.000 0.707]
   549          818        0.0308199         contract inside
  eval: e=0.0308  p=[1.000 0.585 0.020 0.145 0.657 0.418 0.140 0.033 1.000 0.709]
  eval: e=0.0308  p=[1.000 0.586 0.018 0.145 0.657 0.419 0.143 0.033 1.000 0.707]
   550          820        0.0308199         contract inside
  eval: e=0.0308  p=[1.000 0.584 0.022 0.145 0.657 0.417 0.137 0.033 1.000 0.710]
  eval: e=0.0308  p=[1.000 0.586 0.017 0.145 0.657 0.419 0.144 0.033 1.000 0.707]
   551          822        0.0308199         contract inside
  eval: e=0.0308  p=[1.000 0.587 0.016 0.144 0.657 0.419 0.146 0.032 1.000 0.706]
   552          823        0.0308199         reflect
  eval: e=0.0308  p=[1.000 0.586 0.018 0.145 0.657 0.419 0.143 0.033 1.000 0.708]
  eval: e=0.0309  p=[1.000 0.586 0.018 0.145 0.657 0.419 0.143 0.033 1.000 0.708]
   553          825        0.0308196         reflect
  eval: e=0.0310  p=[1.000 0.585 0.019 0.145 0.657 0.418 0.141 0.033 1.000 0.708]
  eval: e=0.0308  p=[1.000 0.586 0.018 0.145 0.657 0.419 0.143 0.033 1.000 0.707]
   554          827        0.0308196         contract inside
  eval: e=0.0308  p=[1.000 0.588 0.014 0.144 0.657 0.420 0.148 0.032 1.000 0.705]
   555          828        0.0308196         reflect
  eval: e=0.0308  p=[1.000 0.587 0.016 0.144 0.657 0.419 0.146 0.032 1.000 0.707]
   556          829        0.0308196         reflect
  eval: e=0.0308  p=[1.000 0.587 0.016 0.145 0.657 0.419 0.145 0.032 1.000 0.707]
  eval: e=0.0308  p=[1.000 0.587 0.016 0.144 0.657 0.419 0.145 0.032 1.000 0.707]
   557          831        0.0308192         reflect
  eval: e=0.0308  p=[1.000 0.586 0.017 0.145 0.657 0.419 0.144 0.032 1.000 0.707]
   558          832        0.0308192         reflect
  eval: e=0.0308  p=[1.000 0.584 0.021 0.145 0.656 0.418 0.139 0.033 1.000 0.710]
   559          833        0.0308192         reflect
  eval: e=0.0308  p=[1.000 0.586 0.017 0.145 0.657 0.419 0.143 0.033 1.000 0.708]
  eval: e=0.0308  p=[1.000 0.586 0.018 0.145 0.657 0.419 0.143 0.033 1.000 0.707]
   560          835        0.0308192         contract inside
  eval: e=0.0308  p=[1.000 0.584 0.020 0.145 0.657 0.418 0.139 0.033 1.000 0.709]
  eval: e=0.0308  p=[1.000 0.587 0.017 0.145 0.657 0.419 0.145 0.032 1.000 0.707]
   561          837        0.0308192         contract inside
  eval: e=0.0308  p=[1.000 0.585 0.020 0.145 0.657 0.418 0.139 0.033 1.000 0.710]
   562          838        0.0308192         reflect
  eval: e=0.0308  p=[1.000 0.585 0.019 0.145 0.656 0.418 0.142 0.033 1.000 0.709]
  eval: e=0.0308  p=[1.000 0.585 0.018 0.145 0.656 0.418 0.142 0.033 1.000 0.708]
   563          840        0.0308192         contract outside
  eval: e=0.0308  p=[1.000 0.584 0.020 0.145 0.657 0.418 0.140 0.033 1.000 0.710]
  eval: e=0.0308  p=[1.000 0.583 0.022 0.145 0.656 0.417 0.137 0.033 1.000 0.711]
   564          842        0.0308192         reflect
  eval: e=0.0309  p=[1.000 0.584 0.022 0.145 0.657 0.417 0.137 0.033 1.000 0.710]
  eval: e=0.0308  p=[1.000 0.586 0.017 0.145 0.657 0.419 0.144 0.033 1.000 0.708]
   565          844        0.0308192         contract inside
  eval: e=0.0308  p=[1.000 0.586 0.017 0.145 0.656 0.419 0.144 0.032 1.000 0.708]
   566          845        0.0308192         reflect
  eval: e=0.0308  p=[1.000 0.585 0.019 0.145 0.656 0.418 0.141 0.033 1.000 0.709]
  eval: e=0.0308  p=[1.000 0.586 0.018 0.145 0.657 0.419 0.143 0.033 1.000 0.708]
   567          847        0.0308192         contract inside
  eval: e=0.0308  p=[1.000 0.587 0.015 0.144 0.657 0.419 0.146 0.032 1.000 0.706]
   568          848        0.0308192         reflect
  eval: e=0.0308  p=[1.000 0.587 0.016 0.145 0.657 0.419 0.145 0.032 1.000 0.707]
  eval: e=0.0308  p=[1.000 0.588 0.015 0.144 0.657 0.420 0.147 0.032 1.000 0.706]
   569          850        0.0308191         reflect
  eval: e=0.0308  p=[1.000 0.587 0.017 0.145 0.657 0.419 0.144 0.032 1.000 0.707]
   570          851        0.0308191         reflect
  eval: e=0.0308  p=[1.000 0.586 0.018 0.145 0.657 0.419 0.142 0.033 1.000 0.708]
  eval: e=0.0308  p=[1.000 0.586 0.017 0.145 0.657 0.419 0.144 0.033 1.000 0.708]
   571          853        0.0308191         contract inside
  eval: e=0.0308  p=[1.000 0.587 0.017 0.145 0.657 0.419 0.144 0.032 1.000 0.707]
  eval: e=0.0308  p=[1.000 0.587 0.016 0.145 0.657 0.419 0.145 0.032 1.000 0.707]
   572          855        0.0308183         expand
  eval: e=0.0308  p=[1.000 0.586 0.017 0.145 0.657 0.419 0.143 0.033 1.000 0.708]
   573          856        0.0308183         reflect
  eval: e=0.0308  p=[1.000 0.587 0.016 0.145 0.657 0.419 0.144 0.032 1.000 0.707]
   574          857        0.0308183         reflect
  eval: e=0.0308  p=[1.000 0.587 0.017 0.145 0.657 0.419 0.143 0.033 1.000 0.707]
   575          858        0.0308183         reflect
  eval: e=0.0308  p=[1.000 0.585 0.019 0.145 0.657 0.418 0.140 0.033 1.000 0.709]
   576          859        0.0308183         reflect
  eval: e=0.0308  p=[1.000 0.588 0.014 0.144 0.657 0.420 0.147 0.032 1.000 0.706]
   577          860        0.0308183         reflect
  eval: e=0.0308  p=[1.000 0.586 0.017 0.145 0.657 0.419 0.143 0.033 1.000 0.708]
  eval: e=0.0308  p=[1.000 0.586 0.017 0.145 0.657 0.419 0.143 0.033 1.000 0.708]
   578          862        0.0308183         reflect
  eval: e=0.0308  p=[1.000 0.586 0.017 0.145 0.657 0.419 0.143 0.033 1.000 0.708]
  eval: e=0.0308  p=[1.000 0.586 0.018 0.145 0.657 0.418 0.142 0.033 1.000 0.708]
   579          864        0.0308179         expand
  eval: e=0.0308  p=[1.000 0.586 0.018 0.145 0.657 0.418 0.142 0.033 1.000 0.708]
  eval: e=0.0308  p=[1.000 0.586 0.019 0.145 0.657 0.418 0.140 0.033 1.000 0.709]
   580          866        0.0308173         expand
  eval: e=0.0308  p=[1.000 0.588 0.014 0.144 0.657 0.420 0.147 0.032 1.000 0.706]
   581          867        0.0308173         reflect
  eval: e=0.0308  p=[1.000 0.586 0.017 0.145 0.657 0.419 0.142 0.033 1.000 0.708]
  eval: e=0.0308  p=[1.000 0.587 0.016 0.145 0.657 0.419 0.144 0.032 1.000 0.707]
   582          869        0.0308173         contract inside
  eval: e=0.0308  p=[1.000 0.585 0.019 0.145 0.657 0.418 0.139 0.033 1.000 0.710]
   583          870        0.0308173         reflect
  eval: e=0.0308  p=[1.000 0.586 0.017 0.145 0.657 0.419 0.143 0.033 1.000 0.708]
   584          871        0.0308173         reflect
  eval: e=0.0308  p=[1.000 0.586 0.017 0.145 0.657 0.419 0.143 0.033 1.000 0.708]
   585          872        0.0308173         reflect
  eval: e=0.0308  p=[1.000 0.586 0.018 0.145 0.657 0.418 0.141 0.033 1.000 0.709]
  eval: e=0.0308  p=[1.000 0.585 0.019 0.145 0.657 0.418 0.140 0.033 1.000 0.710]
   586          874        0.0308171         reflect
  eval: e=0.0308  p=[1.000 0.587 0.015 0.144 0.657 0.419 0.145 0.032 1.000 0.707]
  eval: e=0.0308  p=[1.000 0.589 0.013 0.144 0.657 0.420 0.147 0.032 1.000 0.706]
   587          876        0.0308166         expand
  eval: e=0.0308  p=[1.000 0.586 0.017 0.145 0.657 0.418 0.142 0.033 1.000 0.709]
  eval: e=0.0308  p=[1.000 0.587 0.016 0.145 0.657 0.419 0.144 0.033 1.000 0.708]
   588          878        0.0308166         contract inside
  eval: e=0.0308  p=[1.000 0.586 0.018 0.145 0.657 0.418 0.141 0.033 1.000 0.709]
   589          879        0.0308166         reflect
  eval: e=0.0308  p=[1.000 0.586 0.017 0.145 0.657 0.418 0.143 0.033 1.000 0.709]
  eval: e=0.0309  p=[1.000 0.586 0.017 0.145 0.656 0.418 0.142 0.033 1.000 0.709]
   590          881        0.0308165         reflect
  eval: e=0.0308  p=[1.000 0.586 0.017 0.145 0.657 0.418 0.142 0.033 1.000 0.709]
  eval: e=0.0308  p=[1.000 0.586 0.018 0.145 0.657 0.418 0.141 0.033 1.000 0.709]
   591          883        0.0308155         expand
  eval: e=0.0308  p=[1.000 0.588 0.014 0.144 0.657 0.419 0.146 0.032 1.000 0.707]
   592          884        0.0308155         reflect
  eval: e=0.0308  p=[1.000 0.584 0.020 0.145 0.656 0.417 0.139 0.033 1.000 0.711]
   593          885        0.0308155         reflect
  eval: e=0.0308  p=[1.000 0.587 0.016 0.145 0.657 0.419 0.142 0.033 1.000 0.709]
  eval: e=0.0308  p=[1.000 0.587 0.016 0.145 0.657 0.419 0.142 0.033 1.000 0.709]
   594          887        0.0308143         expand
  eval: e=0.0308  p=[1.000 0.587 0.017 0.145 0.657 0.418 0.142 0.033 1.000 0.709]
   595          888        0.0308143         reflect
  eval: e=0.0309  p=[1.000 0.587 0.017 0.145 0.657 0.418 0.142 0.033 1.000 0.709]
  eval: e=0.0308  p=[1.000 0.586 0.017 0.145 0.657 0.418 0.142 0.033 1.000 0.708]
   596          890        0.0308143         contract inside
  eval: e=0.0308  p=[1.000 0.588 0.015 0.144 0.657 0.419 0.144 0.032 1.000 0.708]
   597          891        0.0308143         reflect
  eval: e=0.0308  p=[1.000 0.588 0.015 0.144 0.657 0.419 0.144 0.032 1.000 0.708]
   598          892        0.0308143         reflect
  eval: e=0.0308  p=[1.000 0.585 0.019 0.145 0.657 0.418 0.139 0.033 1.000 0.711]
   599          893        0.0308143         reflect
  eval: e=0.0308  p=[1.000 0.587 0.015 0.145 0.657 0.419 0.143 0.033 1.000 0.709]
  eval: e=0.0308  p=[1.000 0.588 0.014 0.144 0.657 0.419 0.144 0.032 1.000 0.709]
   600          895        0.0308142         reflect
  eval: e=0.0308  p=[1.000 0.587 0.016 0.145 0.657 0.418 0.143 0.033 1.000 0.709]
  eval: e=0.0308  p=[1.000 0.587 0.015 0.145 0.657 0.418 0.143 0.033 1.000 0.709]
   601          897        0.0308136         reflect
  eval: e=0.0308  p=[1.000 0.584 0.020 0.145 0.657 0.417 0.137 0.033 1.000 0.712]
   602          898        0.0308136         reflect
  eval: e=0.0308  p=[1.000 0.586 0.017 0.145 0.657 0.418 0.140 0.033 1.000 0.710]
  eval: e=0.0308  p=[1.000 0.586 0.017 0.145 0.657 0.418 0.139 0.033 1.000 0.711]
   603          900         0.030811         expand
  eval: e=0.0308  p=[1.000 0.589 0.013 0.145 0.657 0.419 0.144 0.032 1.000 0.708]
   604          901         0.030811         reflect
  eval: e=0.0308  p=[1.000 0.588 0.014 0.145 0.657 0.419 0.143 0.033 1.000 0.709]
   605          902         0.030811         reflect
  eval: e=0.0309  p=[1.000 0.589 0.013 0.144 0.657 0.419 0.145 0.032 1.000 0.708]
  eval: e=0.0308  p=[1.000 0.586 0.017 0.145 0.657 0.418 0.141 0.033 1.000 0.710]
   606          904         0.030811         contract inside
  eval: e=0.0308  p=[1.000 0.586 0.017 0.145 0.657 0.418 0.139 0.033 1.000 0.711]
  eval: e=0.0308  p=[1.000 0.587 0.015 0.145 0.657 0.419 0.143 0.033 1.000 0.709]
   607          906         0.030811         contract inside
  eval: e=0.0308  p=[1.000 0.587 0.015 0.145 0.657 0.418 0.142 0.033 1.000 0.710]
   608          907         0.030811         reflect
  eval: e=0.0308  p=[1.000 0.586 0.017 0.145 0.657 0.418 0.139 0.033 1.000 0.711]
   609          908         0.030811         reflect
  eval: e=0.0308  p=[1.000 0.586 0.016 0.145 0.657 0.418 0.140 0.033 1.000 0.711]
   610          909         0.030811         reflect
  eval: e=0.0308  p=[1.000 0.588 0.015 0.145 0.657 0.418 0.142 0.033 1.000 0.710]
  eval: e=0.0308  p=[1.000 0.588 0.013 0.145 0.657 0.419 0.143 0.033 1.000 0.710]
   611          911         0.030811         reflect
  eval: e=0.0308  p=[1.000 0.587 0.016 0.145 0.657 0.418 0.139 0.033 1.000 0.711]
  eval: e=0.0308  p=[1.000 0.586 0.017 0.145 0.657 0.417 0.137 0.033 1.000 0.713]
   612          913        0.0308088         expand
  eval: e=0.0308  p=[1.000 0.590 0.011 0.144 0.657 0.419 0.146 0.032 1.000 0.708]
   613          914        0.0308088         reflect
  eval: e=0.0308  p=[1.000 0.587 0.015 0.145 0.657 0.418 0.140 0.033 1.000 0.711]
  eval: e=0.0308  p=[1.000 0.588 0.015 0.145 0.657 0.418 0.138 0.033 1.000 0.712]
   614          916        0.0308062         expand
  eval: e=0.0308  p=[1.000 0.588 0.014 0.145 0.657 0.418 0.140 0.033 1.000 0.712]
   615          917        0.0308062         reflect
  eval: e=0.0308  p=[1.000 0.586 0.017 0.145 0.657 0.417 0.137 0.033 1.000 0.713]
   616          918        0.0308062         reflect
  eval: e=0.0308  p=[1.000 0.588 0.013 0.145 0.657 0.418 0.142 0.033 1.000 0.711]
   617          919        0.0308062         reflect
  eval: e=0.0308  p=[1.000 0.587 0.016 0.145 0.657 0.417 0.138 0.033 1.000 0.713]
   618          920        0.0308062         reflect
  eval: e=0.0308  p=[1.000 0.587 0.015 0.145 0.657 0.417 0.138 0.033 1.000 0.713]
  eval: e=0.0308  p=[1.000 0.587 0.015 0.145 0.657 0.417 0.136 0.033 1.000 0.714]
   619          922         0.030803         expand
  eval: e=0.0308  p=[1.000 0.588 0.014 0.145 0.658 0.418 0.138 0.033 1.000 0.713]
   620          923         0.030803         reflect
  eval: e=0.0308  p=[1.000 0.589 0.013 0.145 0.657 0.418 0.139 0.033 1.000 0.713]
   621          924         0.030803         reflect
  eval: e=0.0308  p=[1.000 0.588 0.014 0.145 0.658 0.417 0.136 0.033 1.000 0.715]
   622          925         0.030803         reflect
  eval: e=0.0308  p=[1.000 0.585 0.019 0.145 0.657 0.415 0.130 0.033 1.000 0.717]
  eval: e=0.0308  p=[1.000 0.583 0.022 0.146 0.657 0.413 0.123 0.034 1.000 0.722]
   623          927        0.0308001         expand
  eval: e=0.0308  p=[1.000 0.588 0.013 0.145 0.657 0.417 0.136 0.033 1.000 0.715]
   624          928        0.0308001         reflect
  eval: e=0.0308  p=[1.000 0.589 0.013 0.145 0.658 0.417 0.136 0.033 1.000 0.714]
  eval: e=0.0308  p=[1.000 0.590 0.011 0.145 0.658 0.417 0.136 0.033 1.000 0.715]
   625          930        0.0307962         expand
  eval: e=0.0308  p=[1.000 0.587 0.015 0.145 0.657 0.416 0.133 0.033 1.000 0.717]
   626          931        0.0307962         reflect
  eval: e=0.0308  p=[1.000 0.586 0.016 0.146 0.658 0.415 0.129 0.033 1.000 0.719]
   627          932        0.0307962         reflect
  eval: e=0.0308  p=[1.000 0.588 0.014 0.145 0.658 0.416 0.131 0.033 1.000 0.718]
   628          933        0.0307962         reflect
  eval: e=0.0308  p=[1.000 0.587 0.015 0.145 0.658 0.415 0.129 0.033 1.000 0.719]
  eval: e=0.0308  p=[1.000 0.587 0.015 0.146 0.658 0.414 0.125 0.034 1.000 0.723]
   629          935        0.0307894         expand
  eval: e=0.0308  p=[1.000 0.586 0.016 0.146 0.658 0.415 0.126 0.034 1.000 0.721]
   630          936        0.0307894         reflect
  eval: e=0.0308  p=[1.000 0.585 0.018 0.146 0.658 0.414 0.123 0.034 1.000 0.723]
   631          937        0.0307894         reflect
  eval: e=0.0308  p=[1.000 0.586 0.017 0.146 0.658 0.414 0.124 0.034 1.000 0.723]
  eval: e=0.0308  p=[1.000 0.585 0.018 0.146 0.658 0.412 0.117 0.034 1.000 0.727]
   632          939        0.0307824         expand
  eval: e=0.0308  p=[1.000 0.586 0.017 0.146 0.658 0.413 0.120 0.034 1.000 0.725]
   633          940        0.0307824         reflect
  eval: e=0.0308  p=[1.000 0.585 0.019 0.146 0.659 0.412 0.116 0.034 1.000 0.727]
   634          941        0.0307824         reflect
  eval: e=0.0308  p=[1.000 0.591 0.009 0.145 0.659 0.415 0.129 0.033 1.000 0.721]
   635          942        0.0307824         reflect
  eval: e=0.0308  p=[1.000 0.588 0.014 0.146 0.658 0.414 0.123 0.034 1.000 0.725]
  eval: e=0.0308  p=[0.999 0.588 0.013 0.146 0.659 0.413 0.119 0.034 1.000 0.728]
   636          944        0.0307719         expand
  eval: e=0.0308  p=[1.000 0.587 0.015 0.146 0.659 0.412 0.116 0.034 1.000 0.729]
   637          945        0.0307719         reflect
  eval: e=0.0308  p=[1.000 0.586 0.016 0.146 0.659 0.412 0.114 0.034 1.000 0.730]
   638          946        0.0307719         reflect
  eval: e=0.0308  p=[1.000 0.584 0.020 0.147 0.659 0.409 0.105 0.035 1.000 0.736]
   639          947        0.0307719         reflect
  eval: e=0.0308  p=[1.000 0.587 0.016 0.147 0.659 0.411 0.110 0.034 1.000 0.733]
   640          948        0.0307719         reflect
  eval: e=0.0308  p=[0.999 0.588 0.014 0.147 0.659 0.411 0.112 0.034 1.000 0.733]
  eval: e=0.0308  p=[0.999 0.589 0.012 0.147 0.660 0.410 0.106 0.035 1.000 0.737]
   641          950         0.030754         expand
  eval: e=0.0308  p=[0.999 0.586 0.016 0.147 0.660 0.410 0.106 0.035 1.000 0.736]
   642          951         0.030754         reflect
  eval: e=0.0308  p=[0.999 0.588 0.014 0.147 0.660 0.410 0.108 0.035 1.000 0.735]
   643          952         0.030754         reflect
  eval: e=0.0308  p=[0.999 0.589 0.011 0.147 0.660 0.411 0.110 0.034 1.000 0.735]
   644          953         0.030754         reflect
  eval: e=0.0308  p=[0.999 0.583 0.021 0.148 0.659 0.406 0.094 0.035 1.000 0.744]
   645          954         0.030754         reflect
  eval: e=0.0308  p=[0.999 0.588 0.013 0.147 0.660 0.408 0.100 0.035 1.000 0.741]
  eval: e=0.0307  p=[0.999 0.590 0.010 0.148 0.662 0.406 0.092 0.036 1.000 0.749]
   646          956        0.0307381         expand
  eval: e=0.0307  p=[0.999 0.587 0.015 0.147 0.660 0.407 0.097 0.035 1.000 0.744]
   647          957        0.0307381         reflect
  eval: e=0.0307  p=[0.999 0.591 0.009 0.147 0.661 0.410 0.106 0.035 1.000 0.738]
   648          958        0.0307381         reflect
  eval: e=0.0307  p=[0.999 0.589 0.011 0.147 0.661 0.407 0.095 0.035 1.000 0.746]
  eval: e=0.0307  p=[0.999 0.591 0.009 0.148 0.662 0.405 0.086 0.036 1.000 0.753]
   649          960        0.0307213         expand
  eval: e=0.0307  p=[0.999 0.590 0.010 0.148 0.661 0.407 0.094 0.035 1.000 0.747]
   650          961        0.0307213         reflect
  eval: e=0.0307  p=[0.999 0.588 0.013 0.148 0.662 0.404 0.080 0.036 1.000 0.756]
   651          962        0.0307213         reflect
  eval: e=0.0307  p=[0.999 0.590 0.009 0.148 0.662 0.405 0.089 0.036 1.000 0.752]
   652          963        0.0307213         reflect
  eval: e=0.0307  p=[0.999 0.590 0.009 0.148 0.662 0.404 0.083 0.036 1.000 0.756]
  eval: e=0.0307  p=[0.999 0.591 0.007 0.149 0.663 0.401 0.071 0.037 1.000 0.766]
   653          965         0.030701         expand
  eval: e=0.0335  p=[0.999 0.596 0.000 0.148 0.663 0.407 0.093 0.036 1.000 0.751]
  eval: e=0.0307  p=[0.999 0.586 0.016 0.148 0.660 0.406 0.093 0.035 1.000 0.746]
   654          967         0.030701         contract inside
  eval: e=0.0307  p=[0.999 0.589 0.010 0.149 0.663 0.402 0.073 0.037 1.000 0.763]
   655          968         0.030701         reflect
  eval: e=0.0307  p=[0.999 0.590 0.010 0.149 0.663 0.401 0.070 0.037 1.000 0.765]
   656          969         0.030701         reflect
  eval: e=0.0307  p=[0.999 0.593 0.005 0.149 0.664 0.402 0.074 0.037 1.000 0.763]
   657          970         0.030701         reflect
  eval: e=0.0307  p=[0.999 0.594 0.002 0.149 0.664 0.402 0.074 0.037 1.000 0.765]
  eval: e=0.2175  p=[0.998 0.598 0.000 0.149 0.666 0.400 0.064 0.037 1.000 0.774]
   658          972        0.0306946         reflect
  eval: e=0.0307  p=[0.998 0.590 0.008 0.150 0.664 0.397 0.054 0.038 1.000 0.778]
   659          973        0.0306946         reflect
  eval: e=0.0308  p=[0.998 0.592 0.006 0.149 0.664 0.399 0.061 0.037 1.000 0.773]
  eval: e=0.0307  p=[0.999 0.590 0.009 0.148 0.662 0.404 0.084 0.036 1.000 0.755]
   660          975        0.0306946         contract inside
  eval: e=0.0307  p=[0.999 0.593 0.003 0.149 0.663 0.402 0.073 0.037 1.000 0.765]
  eval: e=0.0578  p=[0.998 0.596 0.000 0.149 0.664 0.400 0.070 0.037 1.000 0.770]
   661          977        0.0306916         reflect
  eval: e=0.0307  p=[0.998 0.593 0.004 0.150 0.665 0.397 0.055 0.038 1.000 0.778]
  eval: e=0.0307  p=[0.998 0.594 0.001 0.151 0.667 0.393 0.036 0.039 1.000 0.793]
   662          979        0.0306692         expand
  eval: e=0.0307  p=[0.998 0.593 0.004 0.150 0.665 0.397 0.056 0.038 1.000 0.778]
   663          980        0.0306692         reflect
  eval: e=0.0307  p=[0.998 0.593 0.003 0.151 0.666 0.395 0.045 0.038 1.000 0.786]
   664          981        0.0306692         reflect
  eval: e=0.0307  p=[0.998 0.594 0.002 0.151 0.666 0.393 0.039 0.039 1.000 0.791]
  eval: e=0.0485  p=[0.998 0.595 0.000 0.152 0.668 0.387 0.016 0.040 1.000 0.810]
   665          983        0.0306608         reflect
  eval: e=0.0485  p=[0.998 0.596 0.000 0.150 0.666 0.395 0.045 0.038 1.000 0.788]
  eval: e=0.0307  p=[0.999 0.591 0.008 0.149 0.664 0.400 0.066 0.037 1.000 0.769]
   666          985        0.0306608         contract inside
  eval: e=0.0368  p=[0.998 0.596 0.000 0.150 0.666 0.395 0.047 0.038 1.000 0.786]
  eval: e=0.0307  p=[0.999 0.591 0.007 0.149 0.664 0.399 0.065 0.037 1.000 0.770]
   667          987        0.0306608         contract inside
  eval: e=0.0307  p=[0.998 0.593 0.004 0.151 0.665 0.394 0.042 0.039 1.000 0.789]
   668          988        0.0306608         reflect
  eval: e=0.0307  p=[0.998 0.594 0.001 0.150 0.666 0.395 0.045 0.038 1.000 0.788]
   669          989        0.0306608         reflect
  eval: e=0.0307  p=[0.998 0.595 0.001 0.151 0.667 0.392 0.035 0.039 1.000 0.795]
  eval: e=0.0964  p=[0.998 0.597 0.000 0.152 0.669 0.388 0.017 0.040 1.000 0.809]
   670          991        0.0306552         reflect
  eval: e=0.0429  p=[0.998 0.596 0.000 0.151 0.667 0.392 0.035 0.039 1.000 0.795]
  eval: e=0.0307  p=[0.998 0.592 0.005 0.150 0.664 0.398 0.057 0.038 1.000 0.777]
   671          993        0.0306552         contract inside
  eval: e=0.1228  p=[0.998 0.597 0.000 0.150 0.667 0.395 0.046 0.038 1.000 0.788]
  eval: e=0.0307  p=[0.998 0.592 0.005 0.150 0.665 0.396 0.052 0.038 1.000 0.780]
   672          995        0.0306552         contract inside
  eval: e=0.0307  p=[0.998 0.593 0.003 0.152 0.667 0.389 0.022 0.040 1.000 0.804]
  eval: e=0.1566  p=[0.997 0.592 0.004 0.153 0.668 0.382 0.000 0.041 1.000 0.824]
   673          997        0.0306532         reflect
  eval: e=0.0307  p=[0.998 0.593 0.003 0.153 0.668 0.387 0.012 0.040 1.000 0.811]
  eval: e=3.4020  p=[0.997 0.593 0.002 0.154 0.671 0.379 0.000 0.042 1.000 0.833]
   674          999        0.0306528         reflect
  eval: e=0.0306  p=[0.998 0.594 0.000 0.152 0.668 0.388 0.019 0.040 1.000 0.806]
  eval: e=0.0623  p=[0.997 0.596 0.000 0.153 0.670 0.384 0.001 0.041 1.000 0.821]
   675         1001        0.0306455         reflect
  eval: e=0.0406  p=[0.998 0.595 0.000 0.152 0.668 0.388 0.018 0.040 1.000 0.808]
  eval: e=0.0307  p=[0.998 0.593 0.004 0.151 0.666 0.394 0.044 0.038 1.000 0.787]
   676         1003        0.0306455         contract inside
  eval: e=0.0306  p=[0.998 0.594 0.001 0.153 0.668 0.387 0.012 0.040 1.000 0.812]
   677         1004        0.0306455         reflect
  eval: e=0.0306  p=[0.998 0.595 0.000 0.152 0.668 0.388 0.018 0.040 1.000 0.808]
  eval: e=0.0665  p=[0.997 0.596 0.000 0.153 0.669 0.385 0.005 0.041 1.000 0.818]
   678         1006         0.030644         reflect
  eval: e=0.0312  p=[0.998 0.595 0.000 0.153 0.668 0.386 0.011 0.040 0.999 0.813]
  eval: e=0.0307  p=[0.998 0.594 0.002 0.151 0.666 0.393 0.036 0.039 1.000 0.793]
   679         1008         0.030644         contract inside
  eval: e=0.0306  p=[0.998 0.594 0.002 0.152 0.667 0.388 0.020 0.040 1.000 0.806]
  eval: e=0.0306  p=[0.998 0.593 0.002 0.152 0.667 0.386 0.012 0.040 1.000 0.812]
   680         1010        0.0306288         expand
  eval: e=0.0347  p=[0.998 0.595 0.000 0.153 0.669 0.386 0.008 0.040 1.000 0.815]
  eval: e=0.0307  p=[0.998 0.593 0.003 0.151 0.666 0.392 0.033 0.039 1.000 0.796]
   681         1012        0.0306288         contract inside
  eval: e=0.0306  p=[0.998 0.593 0.003 0.153 0.669 0.384 0.003 0.041 1.000 0.818]
   682         1013        0.0306288         reflect
  eval: e=0.0306  p=[0.998 0.594 0.001 0.153 0.669 0.385 0.005 0.041 1.000 0.818]
   683         1014        0.0306288         reflect
  eval: e=0.2531  p=[0.997 0.594 0.001 0.154 0.669 0.382 0.000 0.041 1.000 0.825]
  eval: e=0.0307  p=[0.998 0.594 0.002 0.152 0.667 0.391 0.028 0.039 1.000 0.800]
   684         1016        0.0306288         contract inside
  eval: e=0.0306  p=[0.997 0.594 0.001 0.153 0.669 0.384 0.000 0.041 1.000 0.821]
   685         1017        0.0306288         reflect
  eval: e=0.7108  p=[0.997 0.593 0.003 0.154 0.669 0.381 0.000 0.041 1.000 0.827]
  eval: e=0.0306  p=[0.998 0.594 0.001 0.152 0.668 0.390 0.024 0.040 1.000 0.803]
   686         1019        0.0306288         contract inside
  eval: e=0.0361  p=[0.998 0.595 0.000 0.153 0.669 0.385 0.005 0.041 1.000 0.818]
  eval: e=0.0306  p=[0.998 0.593 0.002 0.152 0.668 0.388 0.018 0.040 1.000 0.807]
   687         1021        0.0306288         contract inside
  eval: e=0.0307  p=[0.998 0.595 0.000 0.152 0.668 0.387 0.016 0.040 1.000 0.810]
  eval: e=0.0306  p=[0.998 0.594 0.002 0.152 0.668 0.387 0.013 0.040 1.000 0.811]
   688         1023        0.0306288         contract inside
  eval: e=0.1376  p=[0.997 0.594 0.001 0.153 0.669 0.383 0.000 0.041 1.000 0.824]
  eval: e=0.0306  p=[0.998 0.594 0.002 0.152 0.668 0.389 0.020 0.040 1.000 0.806]
   689         1025        0.0306288         contract inside
  eval: e=0.0306  p=[0.998 0.594 0.002 0.152 0.668 0.387 0.015 0.040 1.000 0.810]
   690         1026        0.0306288         reflect
  eval: e=0.0306  p=[0.998 0.593 0.002 0.153 0.669 0.384 0.001 0.041 1.000 0.820]
   691         1027        0.0306288         reflect
  eval: e=0.0306  p=[0.998 0.594 0.001 0.153 0.669 0.384 0.004 0.041 1.000 0.818]
   692         1028        0.0306288         reflect
  eval: e=0.0306  p=[0.998 0.594 0.001 0.153 0.668 0.385 0.006 0.041 1.000 0.817]
   693         1029        0.0306288         reflect
  eval: e=0.1646  p=[0.997 0.594 0.001 0.153 0.669 0.383 0.000 0.041 1.000 0.824]
  eval: e=0.0306  p=[0.998 0.594 0.001 0.152 0.668 0.387 0.014 0.040 1.000 0.810]
   694         1031        0.0306288         contract inside
  eval: e=0.1776  p=[0.997 0.593 0.002 0.153 0.669 0.382 0.000 0.041 1.000 0.824]
  eval: e=0.0306  p=[0.998 0.594 0.001 0.152 0.668 0.387 0.014 0.040 1.000 0.811]
   695         1033        0.0306288         contract inside
  eval: e=0.0322  p=[0.998 0.595 0.000 0.152 0.668 0.387 0.014 0.040 1.000 0.811]
  eval: e=0.0306  p=[0.998 0.594 0.002 0.153 0.669 0.385 0.006 0.041 1.000 0.816]
   696         1035        0.0306288         contract inside
  eval: e=0.0831  p=[0.997 0.593 0.003 0.153 0.669 0.383 0.000 0.041 1.000 0.823]
  eval: e=0.0306  p=[0.998 0.594 0.001 0.152 0.668 0.387 0.013 0.040 1.000 0.812]
   697         1037        0.0306288         contract inside
  eval: e=0.0306  p=[0.997 0.594 0.001 0.153 0.669 0.384 0.001 0.041 1.000 0.821]
   698         1038        0.0306288         reflect
  eval: e=0.0441  p=[0.997 0.594 0.002 0.153 0.669 0.383 0.000 0.041 1.000 0.822]
  eval: e=0.0306  p=[0.998 0.594 0.001 0.153 0.668 0.386 0.010 0.040 1.000 0.814]
   699         1040        0.0306288         contract inside
  eval: e=0.0306  p=[0.998 0.594 0.000 0.153 0.668 0.385 0.007 0.041 1.000 0.816]
  eval: e=0.0311  p=[0.998 0.595 0.000 0.153 0.668 0.385 0.008 0.041 1.000 0.816]
   700         1042        0.0306275         reflect
  eval: e=0.0334  p=[0.997 0.594 0.002 0.153 0.669 0.383 0.000 0.041 1.000 0.822]
  eval: e=0.0306  p=[0.998 0.594 0.001 0.153 0.668 0.386 0.009 0.040 1.000 0.814]
   701         1044        0.0306275         contract inside
  eval: e=0.0306  p=[0.998 0.594 0.001 0.153 0.668 0.385 0.008 0.041 1.000 0.815]
   702         1045        0.0306275         reflect
  eval: e=0.0306  p=[0.997 0.594 0.001 0.153 0.669 0.384 0.003 0.041 1.000 0.819]
  eval: e=0.0389  p=[0.997 0.594 0.001 0.153 0.669 0.383 0.000 0.041 1.000 0.822]
   703         1047         0.030626         reflect
  eval: e=0.0306  p=[0.998 0.593 0.002 0.152 0.667 0.386 0.013 0.040 1.000 0.812]
   704         1048         0.030626         reflect
  eval: e=0.0306  p=[0.997 0.593 0.002 0.153 0.668 0.384 0.005 0.041 1.000 0.818]
  eval: e=0.0306  p=[0.997 0.593 0.002 0.153 0.668 0.384 0.002 0.041 1.000 0.820]
   705         1050         0.030618         expand
  eval: e=0.1393  p=[0.997 0.594 0.001 0.153 0.669 0.383 0.000 0.041 1.000 0.824]
  eval: e=0.0306  p=[0.998 0.594 0.002 0.153 0.668 0.386 0.010 0.040 1.000 0.813]
   706         1052         0.030618         contract inside
  eval: e=0.0306  p=[0.998 0.594 0.001 0.152 0.668 0.386 0.013 0.040 1.000 0.812]
   707         1053         0.030618         reflect
  eval: e=0.0306  p=[0.998 0.593 0.002 0.152 0.667 0.386 0.012 0.040 1.000 0.813]
   708         1054         0.030618         reflect
  eval: e=0.0306  p=[0.997 0.594 0.001 0.153 0.668 0.385 0.005 0.041 1.000 0.818]
   709         1055         0.030618         reflect
  eval: e=0.0306  p=[0.998 0.594 0.002 0.152 0.667 0.387 0.016 0.040 1.000 0.810]
   710         1056         0.030618         reflect
  eval: e=0.0306  p=[0.998 0.593 0.003 0.152 0.667 0.386 0.012 0.040 1.000 0.813]
   711         1057         0.030618         reflect
  eval: e=0.0306  p=[0.997 0.594 0.001 0.153 0.668 0.385 0.006 0.041 1.000 0.818]
  eval: e=0.0306  p=[0.997 0.595 0.000 0.153 0.668 0.384 0.002 0.041 1.000 0.821]
   712         1059        0.0306097         expand
  eval: e=0.0306  p=[0.998 0.593 0.002 0.153 0.667 0.385 0.009 0.041 1.000 0.816]
   713         1060        0.0306097         reflect
  eval: e=0.0306  p=[0.997 0.593 0.003 0.153 0.667 0.385 0.010 0.040 1.000 0.815]
  eval: e=0.0306  p=[0.998 0.594 0.001 0.153 0.668 0.385 0.008 0.041 1.000 0.816]
   714         1062        0.0306097         contract inside
  eval: e=0.0306  p=[0.997 0.594 0.001 0.153 0.668 0.384 0.003 0.041 1.000 0.820]
   715         1063        0.0306097         reflect
  eval: e=0.0306  p=[0.998 0.594 0.002 0.152 0.667 0.386 0.013 0.040 1.000 0.812]
  eval: e=0.0306  p=[0.997 0.594 0.002 0.152 0.667 0.386 0.011 0.040 1.000 0.814]
   716         1065        0.0306097         contract outside
  eval: e=0.0306  p=[0.997 0.593 0.002 0.153 0.667 0.385 0.009 0.041 1.000 0.816]
   717         1066        0.0306097         reflect
  eval: e=0.0306  p=[0.997 0.594 0.001 0.153 0.668 0.384 0.004 0.041 1.000 0.819]
  eval: e=0.0306  p=[0.997 0.595 0.000 0.153 0.668 0.383 0.001 0.041 1.000 0.822]
   718         1068        0.0306093         reflect
  eval: e=0.0607  p=[0.997 0.594 0.001 0.153 0.668 0.383 0.000 0.041 1.000 0.823]
  eval: e=0.0306  p=[0.998 0.594 0.002 0.152 0.667 0.386 0.011 0.040 1.000 0.814]
   719         1070        0.0306093         contract inside
  eval: e=0.0306  p=[0.997 0.593 0.002 0.153 0.668 0.383 0.001 0.041 1.000 0.821]
  eval: e=0.2580  p=[0.997 0.593 0.003 0.153 0.668 0.382 0.000 0.041 1.000 0.826]
   720         1072        0.0306087         reflect
  eval: e=0.0317  p=[0.997 0.594 0.000 0.153 0.668 0.383 0.000 0.041 1.000 0.823]
  eval: e=0.0306  p=[0.997 0.593 0.002 0.153 0.667 0.385 0.009 0.041 1.000 0.815]
   721         1074        0.0306087         contract inside
  eval: e=0.0307  p=[0.997 0.594 0.002 0.153 0.667 0.385 0.007 0.041 1.000 0.817]
  eval: e=0.0306  p=[0.997 0.594 0.001 0.153 0.668 0.385 0.006 0.041 1.000 0.818]
   722         1076        0.0306087         contract inside
  eval: e=0.0306  p=[0.997 0.594 0.001 0.153 0.668 0.384 0.003 0.041 1.000 0.820]
   723         1077        0.0306087         reflect
  eval: e=0.0306  p=[0.997 0.594 0.000 0.153 0.668 0.385 0.009 0.041 1.000 0.815]
   724         1078        0.0306087         reflect
  eval: e=0.0306  p=[0.997 0.594 0.001 0.153 0.668 0.383 0.000 0.041 1.000 0.822]
  eval: e=0.3400  p=[0.997 0.594 0.000 0.153 0.669 0.382 0.000 0.041 1.000 0.827]
   725         1080         0.030607         reflect
  eval: e=0.0306  p=[0.997 0.594 0.000 0.153 0.668 0.383 0.001 0.041 1.000 0.822]
  eval: e=0.1375  p=[0.997 0.595 0.000 0.153 0.669 0.382 0.000 0.041 1.000 0.825]
   726         1082        0.0306065         reflect
  eval: e=0.0306  p=[0.997 0.594 0.001 0.153 0.668 0.385 0.006 0.041 1.000 0.818]
   727         1083        0.0306065         reflect
  eval: e=0.0306  p=[0.997 0.594 0.000 0.153 0.668 0.384 0.004 0.041 1.000 0.820]
  eval: e=0.0307  p=[0.997 0.594 0.000 0.153 0.668 0.384 0.003 0.041 1.000 0.821]
   728         1085        0.0306058         reflect
  eval: e=0.1086  p=[0.997 0.594 0.000 0.153 0.669 0.382 0.000 0.041 1.000 0.825]
  eval: e=0.0306  p=[0.997 0.594 0.001 0.153 0.668 0.385 0.007 0.041 1.000 0.817]
   729         1087        0.0306058         contract inside
  eval: e=0.0440  p=[0.997 0.595 0.000 0.153 0.669 0.383 0.000 0.041 1.000 0.823]
  eval: e=0.0306  p=[0.997 0.594 0.001 0.153 0.668 0.385 0.006 0.041 1.000 0.818]
   730         1089        0.0306058         contract inside
  eval: e=0.0306  p=[0.997 0.594 0.001 0.153 0.668 0.384 0.001 0.041 1.000 0.821]
  eval: e=0.0306  p=[0.997 0.594 0.001 0.153 0.668 0.384 0.003 0.041 1.000 0.820]
   731         1091        0.0306058         contract outside
  eval: e=0.0306  p=[0.997 0.594 0.001 0.153 0.668 0.384 0.005 0.041 1.000 0.819]
  eval: e=0.0306  p=[0.997 0.594 0.000 0.153 0.668 0.384 0.006 0.041 1.000 0.819]
   732         1093        0.0306056         reflect
  eval: e=0.0316  p=[0.997 0.594 0.000 0.153 0.668 0.383 0.000 0.041 1.000 0.823]
  eval: e=0.0306  p=[0.997 0.594 0.001 0.153 0.668 0.384 0.005 0.041 1.000 0.818]
   733         1095        0.0306056         contract inside
  eval: e=0.0306  p=[0.997 0.594 0.000 0.153 0.668 0.383 0.001 0.041 1.000 0.822]
  eval: e=0.0859  p=[0.997 0.595 0.000 0.153 0.669 0.383 0.000 0.041 1.000 0.824]
   734         1097        0.0306046         reflect
  eval: e=0.0306  p=[0.997 0.594 0.001 0.153 0.668 0.384 0.004 0.041 1.000 0.820]
   735         1098        0.0306046         reflect
  eval: e=0.0306  p=[0.997 0.594 0.001 0.153 0.667 0.384 0.005 0.041 1.000 0.819]
   736         1099        0.0306046         reflect
  eval: e=0.0306  p=[0.997 0.594 0.000 0.153 0.668 0.383 0.001 0.041 1.000 0.822]
  eval: e=0.0369  p=[0.997 0.594 0.000 0.153 0.668 0.383 0.000 0.041 1.000 0.823]
   737         1101        0.0306027         reflect
  eval: e=0.0306  p=[0.997 0.594 0.001 0.153 0.668 0.384 0.002 0.041 1.000 0.821]
   738         1102        0.0306027         reflect
  eval: e=0.0306  p=[0.997 0.594 0.001 0.153 0.668 0.383 0.001 0.041 1.000 0.822]
  eval: e=0.0323  p=[0.997 0.594 0.001 0.153 0.668 0.383 0.000 0.041 1.000 0.823]
   739         1104        0.0306025         reflect
  eval: e=0.3234  p=[0.997 0.594 0.001 0.153 0.668 0.382 0.000 0.041 1.000 0.826]
  eval: e=0.0306  p=[0.997 0.594 0.000 0.153 0.668 0.385 0.006 0.041 1.000 0.818]
   740         1106        0.0306025         contract inside
  eval: e=0.0407  p=[0.997 0.595 0.000 0.153 0.668 0.384 0.004 0.041 1.000 0.820]
  eval: e=0.0306  p=[0.997 0.594 0.001 0.153 0.668 0.383 0.002 0.041 1.000 0.821]
   741         1108        0.0306025         contract inside
  eval: e=0.0306  p=[0.997 0.594 0.000 0.153 0.668 0.384 0.003 0.041 1.000 0.821]
  eval: e=0.0306  p=[0.997 0.594 0.001 0.153 0.668 0.384 0.003 0.041 1.000 0.821]
   742         1110        0.0306025         contract outside
  eval: e=0.0306  p=[0.997 0.594 0.000 0.153 0.668 0.384 0.005 0.041 1.000 0.819]
  eval: e=0.0306  p=[0.997 0.594 0.001 0.153 0.668 0.383 0.001 0.041 1.000 0.821]
   743         1112        0.0306025         contract inside
  eval: e=0.0452  p=[0.997 0.594 0.001 0.153 0.668 0.383 0.000 0.041 1.000 0.823]
  eval: e=0.0306  p=[0.997 0.594 0.001 0.153 0.668 0.384 0.004 0.041 1.000 0.819]
   744         1114        0.0306025         contract inside
  eval: e=0.0314  p=[0.997 0.595 0.000 0.153 0.668 0.384 0.003 0.041 1.000 0.820]
  eval: e=0.0306  p=[0.997 0.594 0.001 0.153 0.668 0.384 0.002 0.041 1.000 0.821]
   745         1116        0.0306025         contract inside
  eval: e=0.0307  p=[0.997 0.594 0.001 0.153 0.668 0.384 0.004 0.041 1.000 0.819]
  eval: e=0.0306  p=[0.997 0.594 0.000 0.153 0.668 0.384 0.002 0.041 1.000 0.821]
   746         1118        0.0306025         contract inside
  eval: e=0.0306  p=[0.997 0.594 0.001 0.153 0.668 0.384 0.004 0.041 1.000 0.820]
  eval: e=0.0306  p=[0.997 0.594 0.001 0.153 0.668 0.384 0.002 0.041 1.000 0.821]
   747         1120        0.0306025         contract inside
  eval: e=0.0306  p=[0.997 0.594 0.001 0.153 0.668 0.383 0.001 0.041 1.000 0.822]
   748         1121        0.0306025         reflect
  eval: e=0.0306  p=[0.997 0.594 0.001 0.153 0.668 0.383 0.000 0.041 1.000 0.822]
   749         1122        0.0306025         reflect
  eval: e=0.0306  p=[0.997 0.594 0.000 0.153 0.668 0.384 0.002 0.041 1.000 0.821]
   750         1123        0.0306025         reflect
  eval: e=0.0434  p=[0.997 0.594 0.001 0.153 0.668 0.383 0.000 0.041 1.000 0.823]
  eval: e=0.0306  p=[0.997 0.594 0.001 0.153 0.668 0.384 0.003 0.041 1.000 0.820]
   751         1125        0.0306025         contract inside
  eval: e=0.0306  p=[0.997 0.594 0.000 0.153 0.668 0.384 0.003 0.041 1.000 0.821]
   752         1126        0.0306025         reflect
  eval: e=0.0306  p=[0.997 0.594 0.001 0.153 0.668 0.384 0.002 0.041 1.000 0.821]
  eval: e=0.0306  p=[0.997 0.594 0.000 0.153 0.668 0.384 0.002 0.041 1.000 0.821]
   753         1128        0.0306025         contract inside
  eval: e=0.0306  p=[0.997 0.594 0.000 0.153 0.668 0.384 0.002 0.041 1.000 0.821]
   754         1129        0.0306025         reflect
  eval: e=0.0306  p=[0.997 0.594 0.001 0.153 0.668 0.383 0.001 0.041 1.000 0.822]
  eval: e=0.0306  p=[0.997 0.594 0.001 0.153 0.668 0.383 0.002 0.041 1.000 0.821]
   755         1131        0.0306025         contract outside
  eval: e=0.0501  p=[0.997 0.595 0.000 0.153 0.669 0.383 0.000 0.041 1.000 0.823]
  eval: e=0.0306  p=[0.997 0.594 0.001 0.153 0.668 0.384 0.003 0.041 1.000 0.820]
   756         1133        0.0306025         contract inside
  eval: e=0.0306  p=[0.997 0.594 0.000 0.153 0.668 0.383 0.000 0.041 1.000 0.823]
  eval: e=0.0502  p=[0.997 0.594 0.000 0.153 0.668 0.383 0.000 0.041 1.000 0.824]
   757         1135        0.0306018         reflect
  eval: e=0.0306  p=[0.997 0.594 0.001 0.153 0.668 0.384 0.003 0.041 1.000 0.821]
   758         1136        0.0306018         reflect
  eval: e=0.0306  p=[0.997 0.594 0.001 0.153 0.668 0.383 0.002 0.041 1.000 0.822]
  eval: e=0.0306  p=[0.997 0.594 0.001 0.153 0.668 0.383 0.002 0.041 1.000 0.821]
   759         1138        0.0306018         contract outside
  eval: e=0.0306  p=[0.997 0.594 0.001 0.153 0.668 0.383 0.002 0.041 1.000 0.821]
   760         1139        0.0306018         reflect
  eval: e=0.0306  p=[0.997 0.594 0.000 0.153 0.668 0.383 0.000 0.041 1.000 0.823]
  eval: e=0.0306  p=[0.997 0.594 0.001 0.153 0.668 0.384 0.002 0.041 1.000 0.821]
   761         1141        0.0306018         contract inside
  eval: e=0.0306  p=[0.997 0.594 0.001 0.153 0.668 0.383 0.001 0.041 1.000 0.822]
  eval: e=0.0321  p=[0.997 0.594 0.001 0.153 0.668 0.383 0.000 0.041 1.000 0.823]
   762         1143        0.0306009         reflect
  eval: e=0.0306  p=[0.997 0.594 0.001 0.153 0.668 0.383 0.001 0.041 1.000 0.822]
   763         1144        0.0306009         reflect
  eval: e=0.0306  p=[0.997 0.594 0.001 0.153 0.668 0.384 0.002 0.041 1.000 0.821]
   764         1145        0.0306009         reflect
  eval: e=0.0306  p=[0.997 0.594 0.000 0.153 0.668 0.383 0.001 0.041 1.000 0.822]
  eval: e=0.0324  p=[0.997 0.594 0.000 0.153 0.668 0.383 0.000 0.041 1.000 0.823]
   765         1147        0.0306007         reflect
  eval: e=0.0306  p=[0.997 0.594 0.001 0.153 0.668 0.383 0.001 0.041 1.000 0.822]
  eval: e=0.0306  p=[0.997 0.593 0.001 0.153 0.668 0.383 0.000 0.041 1.000 0.823]
   766         1149        0.0306007         reflect
  eval: e=0.0306  p=[0.997 0.594 0.001 0.153 0.668 0.383 0.001 0.041 1.000 0.822]
  eval: e=0.0306  p=[0.997 0.594 0.001 0.153 0.667 0.383 0.001 0.041 1.000 0.822]
   767         1151        0.0305995         expand
  eval: e=0.0306  p=[0.997 0.594 0.001 0.153 0.668 0.383 0.002 0.041 1.000 0.822]
   768         1152        0.0305995         reflect
  eval: e=0.0306  p=[0.997 0.594 0.001 0.153 0.668 0.383 0.002 0.041 1.000 0.822]
   769         1153        0.0305995         reflect
  eval: e=0.0306  p=[0.997 0.594 0.001 0.153 0.668 0.383 0.001 0.041 1.000 0.822]
  eval: e=0.0306  p=[0.997 0.594 0.001 0.153 0.668 0.383 0.001 0.041 1.000 0.823]
   770         1155        0.0305981         expand
  eval: e=0.0306  p=[0.997 0.594 0.001 0.153 0.668 0.383 0.001 0.041 1.000 0.823]
   771         1156        0.0305981         reflect
  eval: e=0.0350  p=[0.997 0.594 0.000 0.153 0.668 0.383 0.000 0.041 1.000 0.823]
  eval: e=0.0306  p=[0.997 0.594 0.001 0.153 0.668 0.383 0.002 0.041 1.000 0.822]
   772         1158        0.0305981         contract inside
  eval: e=0.0306  p=[0.997 0.594 0.001 0.153 0.667 0.383 0.002 0.041 1.000 0.822]
   773         1159        0.0305981         reflect
  eval: e=0.0307  p=[0.997 0.594 0.001 0.153 0.668 0.383 0.000 0.041 1.000 0.823]
  eval: e=0.0306  p=[0.997 0.594 0.001 0.153 0.668 0.383 0.002 0.041 1.000 0.822]
   774         1161        0.0305981         contract inside
  eval: e=0.0306  p=[0.997 0.594 0.001 0.153 0.668 0.383 0.000 0.041 1.000 0.823]
   775         1162        0.0305981         reflect
  eval: e=0.0306  p=[0.997 0.594 0.001 0.153 0.667 0.383 0.002 0.041 1.000 0.822]
   776         1163        0.0305981         reflect
  eval: e=0.0306  p=[0.997 0.593 0.001 0.153 0.667 0.383 0.002 0.041 1.000 0.822]
   777         1164        0.0305981         reflect
  eval: e=0.0306  p=[0.997 0.594 0.001 0.153 0.667 0.383 0.002 0.041 1.000 0.822]
  eval: e=0.0306  p=[0.997 0.594 0.001 0.153 0.667 0.383 0.003 0.041 1.000 0.821]
   778         1166        0.0305959         expand
  eval: e=0.0306  p=[0.997 0.593 0.001 0.153 0.667 0.383 0.001 0.041 1.000 0.823]
   779         1167        0.0305959         reflect
  eval: e=0.0306  p=[0.997 0.593 0.001 0.153 0.667 0.383 0.001 0.041 1.000 0.823]
   780         1168        0.0305959         reflect
  eval: e=0.0306  p=[0.997 0.593 0.001 0.153 0.667 0.383 0.001 0.041 1.000 0.823]
   781         1169        0.0305959         reflect
  eval: e=0.0306  p=[0.997 0.593 0.001 0.153 0.667 0.383 0.002 0.041 1.000 0.822]
   782         1170        0.0305959         reflect
  eval: e=0.0306  p=[0.997 0.594 0.001 0.153 0.667 0.383 0.002 0.041 1.000 0.822]
  eval: e=0.0306  p=[0.997 0.594 0.001 0.153 0.667 0.383 0.003 0.041 1.000 0.822]
   783         1172        0.0305934         expand
  eval: e=0.0306  p=[0.997 0.593 0.001 0.153 0.667 0.383 0.001 0.041 1.000 0.823]
   784         1173        0.0305934         reflect
  eval: e=0.0306  p=[0.997 0.593 0.001 0.153 0.667 0.383 0.003 0.041 1.000 0.822]
   785         1174        0.0305934         reflect
  eval: e=0.0306  p=[0.997 0.593 0.001 0.153 0.667 0.383 0.002 0.041 1.000 0.823]
   786         1175        0.0305934         reflect
  eval: e=0.0306  p=[0.997 0.593 0.001 0.153 0.667 0.383 0.002 0.041 1.000 0.823]
   787         1176        0.0305934         reflect
  eval: e=0.0306  p=[0.997 0.593 0.001 0.153 0.667 0.383 0.003 0.041 1.000 0.822]
  eval: e=0.0306  p=[0.997 0.593 0.002 0.153 0.666 0.383 0.005 0.041 1.000 0.822]
   788         1178        0.0305918         expand
  eval: e=0.0306  p=[0.997 0.593 0.001 0.153 0.667 0.383 0.003 0.041 1.000 0.822]
   789         1179        0.0305918         reflect
  eval: e=0.0306  p=[0.997 0.593 0.001 0.153 0.667 0.383 0.004 0.041 1.000 0.822]
   790         1180        0.0305918         reflect
  eval: e=0.0306  p=[0.997 0.593 0.001 0.153 0.667 0.383 0.004 0.041 1.000 0.821]
  eval: e=0.0306  p=[0.997 0.593 0.001 0.153 0.666 0.384 0.006 0.041 1.000 0.821]
   791         1182        0.0305889         expand
  eval: e=0.0306  p=[0.997 0.593 0.001 0.153 0.667 0.383 0.004 0.041 1.000 0.822]
   792         1183        0.0305889         reflect
  eval: e=0.0306  p=[0.997 0.593 0.001 0.153 0.666 0.383 0.003 0.041 1.000 0.823]
   793         1184        0.0305889         reflect
  eval: e=0.0306  p=[0.997 0.593 0.001 0.153 0.666 0.383 0.006 0.041 1.000 0.821]
   794         1185        0.0305889         reflect
  eval: e=0.0306  p=[0.997 0.593 0.001 0.153 0.666 0.383 0.004 0.041 1.000 0.822]
  eval: e=0.0306  p=[0.997 0.593 0.001 0.153 0.666 0.383 0.005 0.041 1.000 0.822]
   795         1187        0.0305853         expand
  eval: e=0.0306  p=[0.997 0.593 0.001 0.153 0.666 0.383 0.006 0.041 1.000 0.821]
   796         1188        0.0305853         reflect
  eval: e=0.0306  p=[0.997 0.593 0.001 0.153 0.666 0.384 0.007 0.041 1.000 0.821]
   797         1189        0.0305853         reflect
  eval: e=0.0306  p=[0.997 0.593 0.001 0.153 0.665 0.383 0.007 0.041 1.000 0.821]
   798         1190        0.0305853         reflect
  eval: e=0.0306  p=[0.997 0.593 0.001 0.153 0.665 0.383 0.007 0.041 1.000 0.821]
   799         1191        0.0305853         reflect
  eval: e=0.0306  p=[0.997 0.593 0.001 0.153 0.665 0.384 0.007 0.041 1.000 0.821]
   800         1192        0.0305853         reflect
  eval: e=0.0306  p=[0.997 0.593 0.000 0.153 0.666 0.384 0.007 0.041 1.000 0.821]
  eval: e=0.0307  p=[0.997 0.593 0.000 0.152 0.666 0.384 0.008 0.041 1.000 0.821]
   801         1194        0.0305837         reflect
  eval: e=0.0306  p=[0.997 0.593 0.001 0.152 0.665 0.384 0.008 0.041 1.000 0.820]
   802         1195        0.0305837         reflect
  eval: e=0.0306  p=[0.997 0.593 0.000 0.152 0.665 0.384 0.010 0.041 1.000 0.819]
   803         1196        0.0305837         reflect
  eval: e=0.0306  p=[0.997 0.593 0.001 0.152 0.665 0.384 0.008 0.041 1.000 0.821]
  eval: e=0.0306  p=[0.997 0.593 0.000 0.152 0.665 0.384 0.009 0.041 1.000 0.820]
   804         1198        0.0305804         expand
  eval: e=0.0306  p=[0.997 0.592 0.001 0.152 0.665 0.384 0.009 0.041 1.000 0.821]
   805         1199        0.0305804         reflect
  eval: e=0.0306  p=[0.997 0.593 0.000 0.152 0.665 0.383 0.008 0.041 1.000 0.821]
   806         1200        0.0305804         reflect
  eval: e=0.0306  p=[0.997 0.592 0.001 0.152 0.664 0.384 0.009 0.041 1.000 0.821]
   807         1201        0.0305804         reflect
  eval: e=0.0306  p=[0.997 0.593 0.000 0.152 0.665 0.384 0.009 0.041 1.000 0.821]
   808         1202        0.0305804         reflect
  eval: e=0.0306  p=[0.997 0.593 0.000 0.152 0.665 0.384 0.009 0.041 1.000 0.820]
  eval: e=0.0325  p=[0.997 0.593 0.000 0.152 0.665 0.384 0.010 0.041 1.000 0.820]
   809         1204        0.0305795         reflect
  eval: e=0.0306  p=[0.997 0.593 0.000 0.152 0.665 0.384 0.009 0.041 1.000 0.820]
  eval: e=0.0306  p=[0.997 0.593 0.001 0.152 0.665 0.384 0.008 0.041 1.000 0.821]
   810         1206        0.0305795         contract inside
  eval: e=0.0306  p=[0.997 0.592 0.001 0.152 0.664 0.384 0.012 0.041 1.000 0.819]
   811         1207        0.0305795         reflect
  eval: e=0.0307  p=[0.997 0.593 0.000 0.152 0.665 0.384 0.010 0.041 1.000 0.820]
  eval: e=0.0306  p=[0.997 0.593 0.001 0.152 0.665 0.384 0.009 0.041 1.000 0.820]
   812         1209        0.0305795         contract inside
  eval: e=0.0306  p=[0.997 0.593 0.001 0.152 0.665 0.383 0.008 0.041 1.000 0.822]
   813         1210        0.0305795         reflect
  eval: e=0.0306  p=[0.997 0.593 0.000 0.152 0.664 0.384 0.010 0.041 1.000 0.820]
   814         1211        0.0305795         reflect
  eval: e=0.0306  p=[0.997 0.592 0.000 0.152 0.663 0.384 0.012 0.041 1.000 0.820]
   815         1212        0.0305795         reflect
  eval: e=0.0306  p=[0.997 0.593 0.000 0.152 0.664 0.384 0.011 0.041 1.000 0.821]
  eval: e=0.0311  p=[0.997 0.593 0.000 0.152 0.663 0.384 0.012 0.041 1.000 0.821]
   816         1214        0.0305791         reflect
  eval: e=0.0310  p=[0.997 0.593 0.000 0.152 0.664 0.384 0.011 0.041 1.000 0.820]
  eval: e=0.0306  p=[0.997 0.593 0.001 0.152 0.664 0.384 0.009 0.041 1.000 0.821]
   817         1216        0.0305791         contract inside
  eval: e=0.0306  p=[0.997 0.593 0.000 0.153 0.665 0.383 0.007 0.041 1.000 0.822]
   818         1217        0.0305791         reflect
  eval: e=0.0306  p=[0.997 0.593 0.000 0.152 0.665 0.384 0.009 0.041 1.000 0.821]
   819         1218        0.0305791         reflect
  eval: e=0.0306  p=[0.997 0.593 0.000 0.153 0.666 0.383 0.006 0.041 1.000 0.822]
   820         1219        0.0305791         reflect
  eval: e=0.0306  p=[0.997 0.593 0.000 0.152 0.664 0.384 0.009 0.041 1.000 0.821]
  eval: e=0.0311  p=[0.997 0.593 0.000 0.152 0.664 0.384 0.010 0.041 1.000 0.821]
   821         1221        0.0305777         reflect
  eval: e=0.0315  p=[0.997 0.593 0.000 0.152 0.665 0.384 0.008 0.041 1.000 0.821]
  eval: e=0.0306  p=[0.997 0.593 0.000 0.152 0.665 0.384 0.009 0.041 1.000 0.821]
   822         1223        0.0305777         contract inside
  eval: e=0.0306  p=[0.997 0.592 0.000 0.152 0.663 0.384 0.012 0.041 1.000 0.820]
  eval: e=0.0306  p=[0.997 0.593 0.000 0.152 0.665 0.383 0.008 0.041 1.000 0.821]
   823         1225        0.0305777         contract inside
  eval: e=0.0306  p=[0.997 0.593 0.000 0.152 0.665 0.384 0.009 0.041 1.000 0.821]
  eval: e=0.0306  p=[0.997 0.593 0.000 0.152 0.665 0.384 0.009 0.041 1.000 0.821]
   824         1227        0.0305777         contract inside
  eval: e=0.0306  p=[0.997 0.593 0.000 0.152 0.665 0.384 0.009 0.041 1.000 0.821]
  eval: e=0.0306  p=[0.997 0.593 0.000 0.152 0.665 0.384 0.009 0.041 1.000 0.821]
   825         1229        0.0305777         contract inside
  eval: e=0.0306  p=[0.997 0.593 0.000 0.152 0.664 0.383 0.009 0.041 1.000 0.821]
   826         1230        0.0305777         reflect
  eval: e=0.0306  p=[0.997 0.593 0.000 0.152 0.665 0.383 0.008 0.041 1.000 0.822]
  eval: e=0.0306  p=[0.997 0.593 0.000 0.152 0.664 0.383 0.008 0.041 1.000 0.822]
   827         1232        0.0305762         expand
  eval: e=0.0314  p=[0.997 0.593 0.000 0.152 0.665 0.384 0.009 0.041 1.000 0.821]
  eval: e=0.0306  p=[0.997 0.593 0.000 0.152 0.665 0.383 0.008 0.041 1.000 0.821]
   828         1234        0.0305762         contract inside
  eval: e=0.0306  p=[0.997 0.593 0.000 0.152 0.665 0.383 0.009 0.041 1.000 0.822]
  eval: e=0.0306  p=[0.997 0.593 0.000 0.152 0.665 0.384 0.009 0.041 1.000 0.821]
   829         1236        0.0305762         contract inside
  eval: e=0.0306  p=[0.997 0.593 0.000 0.152 0.664 0.384 0.010 0.041 1.000 0.821]
   830         1237        0.0305762         reflect
  eval: e=0.0306  p=[0.997 0.593 0.000 0.152 0.665 0.383 0.008 0.041 1.000 0.822]
   831         1238        0.0305762         reflect
  eval: e=0.0306  p=[0.997 0.593 0.000 0.152 0.664 0.383 0.008 0.041 1.000 0.822]
   832         1239        0.0305762         reflect
  eval: e=0.0307  p=[0.997 0.593 0.000 0.152 0.664 0.383 0.009 0.041 1.000 0.822]
  eval: e=0.0306  p=[0.997 0.593 0.000 0.152 0.664 0.383 0.009 0.041 1.000 0.821]
   833         1241        0.0305762         contract inside
  eval: e=0.0306  p=[0.997 0.593 0.000 0.152 0.664 0.383 0.009 0.041 1.000 0.822]
   834         1242        0.0305762         reflect
  eval: e=0.0306  p=[0.997 0.593 0.000 0.152 0.664 0.384 0.011 0.041 1.000 0.821]
  eval: e=0.0306  p=[0.997 0.593 0.000 0.152 0.665 0.383 0.008 0.041 1.000 0.822]
   835         1244        0.0305762         contract inside
  eval: e=0.0306  p=[0.997 0.593 0.000 0.152 0.665 0.383 0.007 0.041 1.000 0.823]
   836         1245        0.0305762         reflect
  eval: e=0.0306  p=[0.997 0.593 0.000 0.152 0.664 0.383 0.008 0.041 1.000 0.823]
   837         1246        0.0305762         reflect
  eval: e=0.0306  p=[0.997 0.593 0.000 0.153 0.665 0.383 0.006 0.041 1.000 0.823]
   838         1247        0.0305762         reflect
  eval: e=0.0306  p=[0.997 0.593 0.000 0.152 0.665 0.383 0.007 0.041 1.000 0.823]
  eval: e=0.0306  p=[0.997 0.593 0.000 0.152 0.665 0.383 0.008 0.041 1.000 0.822]
   839         1249        0.0305762         contract inside
  eval: e=0.0306  p=[0.997 0.593 0.000 0.152 0.665 0.383 0.007 0.041 1.000 0.823]
  eval: e=0.0306  p=[0.997 0.593 0.000 0.153 0.665 0.383 0.006 0.041 1.000 0.824]
   840         1251        0.0305744         expand
  eval: e=0.0306  p=[0.997 0.593 0.000 0.152 0.664 0.383 0.007 0.041 1.000 0.823]
   841         1252        0.0305744         reflect
  eval: e=0.0306  p=[0.997 0.593 0.000 0.152 0.665 0.383 0.007 0.041 1.000 0.823]
  eval: e=0.0306  p=[0.997 0.593 0.000 0.152 0.665 0.383 0.008 0.041 1.000 0.822]
   842         1254        0.0305744         contract inside
  eval: e=0.0306  p=[0.997 0.593 0.000 0.153 0.665 0.382 0.005 0.041 1.000 0.824]
   843         1255        0.0305744         reflect
  eval: e=0.0306  p=[0.997 0.593 0.000 0.153 0.665 0.383 0.006 0.041 1.000 0.823]
  eval: e=0.0306  p=[0.997 0.593 0.000 0.152 0.664 0.383 0.008 0.041 1.000 0.823]
   844         1257        0.0305744         contract inside
  eval: e=0.0306  p=[0.997 0.593 0.000 0.152 0.664 0.383 0.007 0.041 1.000 0.823]
   845         1258        0.0305744         reflect
  eval: e=0.0306  p=[0.997 0.593 0.000 0.152 0.665 0.383 0.006 0.041 1.000 0.824]
  eval: e=0.0306  p=[0.997 0.593 0.000 0.153 0.665 0.382 0.005 0.041 1.000 0.825]
   846         1260        0.0305743         reflect
  eval: e=0.0306  p=[0.997 0.593 0.000 0.153 0.665 0.383 0.005 0.041 1.000 0.824]
   847         1261        0.0305743         reflect
  eval: e=0.0306  p=[0.997 0.593 0.000 0.152 0.664 0.383 0.007 0.041 1.000 0.824]
   848         1262        0.0305743         reflect
  eval: e=0.0306  p=[0.997 0.593 0.000 0.153 0.665 0.383 0.005 0.041 1.000 0.824]
  eval: e=0.0306  p=[0.997 0.593 0.000 0.153 0.665 0.382 0.004 0.041 1.000 0.825]
   849         1264        0.0305736         reflect
  eval: e=0.0306  p=[0.997 0.593 0.000 0.152 0.664 0.383 0.006 0.041 1.000 0.824]
  eval: e=0.0306  p=[0.997 0.592 0.000 0.152 0.664 0.382 0.006 0.041 1.000 0.825]
   850         1266        0.0305736         reflect
  eval: e=0.0306  p=[0.997 0.593 0.000 0.153 0.665 0.382 0.005 0.041 1.000 0.825]
  eval: e=0.0306  p=[0.997 0.593 0.000 0.153 0.665 0.382 0.003 0.041 1.000 0.826]
   851         1268        0.0305732         reflect
  eval: e=0.0306  p=[0.997 0.593 0.000 0.153 0.665 0.382 0.004 0.041 1.000 0.825]
  eval: e=0.0306  p=[0.997 0.593 0.000 0.153 0.665 0.382 0.002 0.041 1.000 0.827]
   852         1270        0.0305703         expand
  eval: e=0.0306  p=[0.997 0.593 0.000 0.153 0.665 0.382 0.003 0.041 1.000 0.826]
   853         1271        0.0305703         reflect
  eval: e=0.0306  p=[0.997 0.593 0.000 0.153 0.665 0.382 0.003 0.041 1.000 0.825]
   854         1272        0.0305703         reflect
  eval: e=0.0306  p=[0.997 0.593 0.000 0.153 0.665 0.382 0.004 0.041 1.000 0.825]
  eval: e=0.0306  p=[0.997 0.593 0.000 0.153 0.665 0.382 0.005 0.041 1.000 0.824]
   855         1274        0.0305703         contract inside
  eval: e=0.0306  p=[0.997 0.593 0.000 0.153 0.665 0.382 0.003 0.041 1.000 0.826]
   856         1275        0.0305703         reflect
  eval: e=0.0306  p=[0.997 0.593 0.000 0.153 0.665 0.382 0.004 0.041 1.000 0.826]
   857         1276        0.0305703         reflect
  eval: e=0.0306  p=[0.997 0.593 0.000 0.153 0.665 0.382 0.003 0.041 1.000 0.827]
   858         1277        0.0305703         reflect
  eval: e=0.0306  p=[0.997 0.593 0.000 0.153 0.665 0.382 0.002 0.041 1.000 0.827]
   859         1278        0.0305703         reflect
  eval: e=0.0306  p=[0.997 0.593 0.000 0.153 0.665 0.382 0.002 0.041 1.000 0.827]
  eval: e=0.0306  p=[0.997 0.593 0.000 0.153 0.665 0.381 0.001 0.041 1.000 0.828]
   860         1280          0.03057         reflect
  eval: e=0.0306  p=[0.997 0.593 0.000 0.153 0.665 0.381 0.001 0.041 1.000 0.828]
  eval: e=0.0421  p=[0.997 0.593 0.000 0.153 0.665 0.381 0.000 0.041 1.000 0.829]
   861         1282        0.0305695         reflect
  eval: e=0.0378  p=[0.997 0.593 0.000 0.153 0.665 0.381 0.000 0.041 1.000 0.828]
  eval: e=0.0306  p=[0.997 0.593 0.000 0.153 0.664 0.382 0.004 0.041 1.000 0.825]
   862         1284        0.0305695         contract inside
  eval: e=0.0306  p=[0.997 0.593 0.000 0.153 0.665 0.382 0.002 0.041 1.000 0.827]
   863         1285        0.0305695         reflect
  eval: e=0.0306  p=[0.997 0.593 0.000 0.153 0.665 0.381 0.000 0.041 1.000 0.828]
  eval: e=0.0669  p=[0.997 0.593 0.000 0.153 0.665 0.381 0.000 0.042 1.000 0.830]
   864         1287        0.0305693         reflect
  eval: e=0.0306  p=[0.997 0.592 0.000 0.153 0.664 0.381 0.002 0.041 1.000 0.828]
  eval: e=0.0306  p=[0.997 0.592 0.000 0.153 0.664 0.381 0.001 0.041 1.000 0.829]
   865         1289        0.0305684         expand
  eval: e=0.0306  p=[0.997 0.593 0.000 0.153 0.665 0.381 0.001 0.041 1.000 0.828]
  eval: e=0.0349  p=[0.997 0.593 0.000 0.153 0.665 0.381 0.000 0.041 1.000 0.829]
   866         1291         0.030568         reflect
  eval: e=0.0484  p=[0.997 0.593 0.000 0.153 0.665 0.381 0.000 0.041 1.000 0.829]
  eval: e=0.0306  p=[0.997 0.593 0.000 0.153 0.665 0.382 0.003 0.041 1.000 0.826]
   867         1293         0.030568         contract inside
  eval: e=0.0306  p=[0.997 0.592 0.000 0.153 0.664 0.381 0.001 0.041 1.000 0.829]
   868         1294         0.030568         reflect
  eval: e=0.0315  p=[0.997 0.593 0.000 0.153 0.665 0.381 0.000 0.041 1.000 0.829]
  eval: e=0.0306  p=[0.997 0.593 0.000 0.153 0.665 0.382 0.002 0.041 1.000 0.827]
   869         1296         0.030568         contract inside
  eval: e=0.0306  p=[0.997 0.592 0.000 0.153 0.664 0.381 0.001 0.041 1.000 0.828]
   870         1297         0.030568         reflect
  eval: e=0.0307  p=[0.997 0.593 0.000 0.153 0.665 0.381 0.000 0.041 1.000 0.829]
  eval: e=0.0306  p=[0.997 0.593 0.000 0.153 0.665 0.382 0.002 0.041 1.000 0.827]
   871         1299         0.030568         contract inside
  eval: e=0.0306  p=[0.997 0.592 0.000 0.153 0.664 0.381 0.001 0.041 1.000 0.829]
   872         1300         0.030568         reflect
  eval: e=0.0306  p=[0.997 0.592 0.000 0.153 0.664 0.381 0.000 0.041 1.000 0.829]
  eval: e=0.0363  p=[0.997 0.592 0.000 0.153 0.664 0.381 0.000 0.042 1.000 0.830]
   873         1302        0.0305676         reflect
  eval: e=0.0310  p=[0.997 0.592 0.000 0.153 0.664 0.381 0.000 0.041 1.000 0.829]
  eval: e=0.0306  p=[0.997 0.593 0.000 0.153 0.665 0.381 0.002 0.041 1.000 0.828]
   874         1304        0.0305676         contract inside
  eval: e=0.0310  p=[0.997 0.592 0.000 0.153 0.664 0.381 0.000 0.042 1.000 0.830]
  eval: e=0.0306  p=[0.997 0.593 0.000 0.153 0.665 0.381 0.001 0.041 1.000 0.827]
   875         1306        0.0305676         contract inside
  eval: e=0.0309  p=[0.997 0.592 0.000 0.153 0.664 0.381 0.000 0.041 1.000 0.829]
  eval: e=0.0306  p=[0.997 0.593 0.000 0.153 0.665 0.381 0.001 0.041 1.000 0.828]
   876         1308        0.0305676         contract inside
  eval: e=0.0306  p=[0.997 0.592 0.000 0.153 0.664 0.381 0.001 0.041 1.000 0.829]
   877         1309        0.0305676         reflect
  eval: e=0.0306  p=[0.997 0.592 0.000 0.153 0.664 0.381 0.000 0.041 1.000 0.829]
  eval: e=0.0345  p=[0.997 0.592 0.000 0.153 0.664 0.381 0.000 0.042 1.000 0.830]
   878         1311        0.0305674         reflect
  eval: e=0.0306  p=[0.997 0.592 0.000 0.153 0.664 0.381 0.001 0.041 1.000 0.829]
   879         1312        0.0305674         reflect
  eval: e=0.0306  p=[0.997 0.592 0.000 0.153 0.664 0.381 0.000 0.041 1.000 0.830]
  eval: e=0.0319  p=[0.997 0.592 0.000 0.153 0.664 0.380 0.000 0.042 1.000 0.831]
   880         1314        0.0305672         reflect
  eval: e=0.0307  p=[0.997 0.592 0.000 0.153 0.664 0.380 0.000 0.042 1.000 0.830]
  eval: e=0.0306  p=[0.997 0.592 0.000 0.153 0.664 0.381 0.001 0.041 1.000 0.828]
   881         1316        0.0305672         contract inside
  eval: e=0.0306  p=[0.997 0.593 0.000 0.153 0.665 0.381 0.001 0.041 1.000 0.829]
  eval: e=0.0306  p=[0.997 0.592 0.000 0.153 0.664 0.381 0.001 0.041 1.000 0.829]
   882         1318        0.0305672         contract inside
  eval: e=0.0306  p=[0.997 0.592 0.000 0.153 0.664 0.381 0.000 0.041 1.000 0.830]
   883         1319        0.0305672         reflect
  eval: e=0.0307  p=[0.997 0.592 0.000 0.153 0.664 0.381 0.000 0.041 1.000 0.830]
  eval: e=0.0306  p=[0.997 0.592 0.000 0.153 0.664 0.381 0.001 0.041 1.000 0.829]
   884         1321        0.0305672         contract inside
  eval: e=0.0306  p=[0.997 0.592 0.000 0.153 0.664 0.381 0.000 0.041 1.000 0.829]
   885         1322        0.0305672         reflect
  eval: e=0.0324  p=[0.997 0.593 0.000 0.153 0.665 0.381 0.000 0.041 1.000 0.829]
  eval: e=0.0306  p=[0.997 0.592 0.000 0.153 0.664 0.381 0.001 0.041 1.000 0.829]
   886         1324        0.0305672         contract inside
  eval: e=0.0306  p=[0.997 0.592 0.000 0.153 0.664 0.381 0.000 0.041 1.000 0.829]
  eval: e=0.0306  p=[0.997 0.592 0.000 0.153 0.664 0.381 0.000 0.041 1.000 0.830]
   887         1326        0.0305672         reflect
  eval: e=0.0306  p=[0.997 0.592 0.000 0.153 0.664 0.380 0.000 0.042 1.000 0.830]
  eval: e=0.0306  p=[0.997 0.592 0.000 0.153 0.664 0.381 0.001 0.041 1.000 0.829]
   888         1328        0.0305672         contract inside
  eval: e=0.0306  p=[0.997 0.592 0.000 0.153 0.664 0.381 0.000 0.041 1.000 0.829]
  eval: e=0.0308  p=[0.997 0.592 0.000 0.153 0.664 0.381 0.000 0.041 1.000 0.830]
   889         1330        0.0305669         reflect
  eval: e=0.0307  p=[0.997 0.592 0.000 0.153 0.664 0.381 0.000 0.042 1.000 0.830]
  eval: e=0.0306  p=[0.997 0.592 0.000 0.153 0.664 0.381 0.001 0.041 1.000 0.829]
   890         1332        0.0305669         contract inside
  eval: e=0.0306  p=[0.997 0.592 0.000 0.153 0.664 0.381 0.000 0.041 1.000 0.830]
  eval: e=0.0321  p=[0.997 0.592 0.000 0.153 0.664 0.381 0.000 0.042 1.000 0.830]
   891         1334        0.0305667         reflect
  eval: e=0.0317  p=[0.997 0.592 0.000 0.153 0.664 0.381 0.000 0.041 1.000 0.830]
  eval: e=0.0306  p=[0.997 0.592 0.000 0.153 0.664 0.381 0.001 0.041 1.000 0.829]
   892         1336        0.0305667         contract inside
  eval: e=0.0306  p=[0.997 0.592 0.000 0.153 0.664 0.381 0.000 0.041 1.000 0.830]
  eval: e=0.0306  p=[0.997 0.592 0.000 0.153 0.664 0.381 0.000 0.041 1.000 0.829]
   893         1338        0.0305667         contract inside
  eval: e=0.0306  p=[0.997 0.592 0.000 0.153 0.664 0.381 0.000 0.042 1.000 0.830]
   894         1339        0.0305667         reflect
  eval: e=0.0306  p=[0.997 0.592 0.000 0.153 0.664 0.381 0.000 0.042 1.000 0.830]
   895         1340        0.0305667         reflect
  eval: e=0.0308  p=[0.997 0.592 0.000 0.153 0.664 0.381 0.000 0.042 1.000 0.830]
  eval: e=0.0306  p=[0.997 0.592 0.000 0.153 0.664 0.381 0.000 0.041 1.000 0.829]
   896         1342        0.0305667         contract inside
  eval: e=0.0306  p=[0.997 0.592 0.000 0.153 0.664 0.381 0.000 0.042 1.000 0.830]
  eval: e=0.0306  p=[0.997 0.592 0.000 0.153 0.664 0.381 0.000 0.041 1.000 0.829]
   897         1344        0.0305667         contract inside
  eval: e=0.0306  p=[0.997 0.592 0.000 0.153 0.664 0.381 0.000 0.041 1.000 0.830]
   898         1345        0.0305667         reflect
  eval: e=0.0306  p=[0.997 0.592 0.000 0.153 0.664 0.381 0.000 0.041 1.000 0.830]
   899         1346        0.0305667         reflect
  eval: e=0.0306  p=[0.997 0.592 0.000 0.153 0.664 0.381 0.000 0.042 1.000 0.830]
  eval: e=0.0307  p=[0.997 0.592 0.000 0.153 0.664 0.381 0.000 0.042 1.000 0.830]
   900         1348        0.0305666         reflect
  eval: e=0.0306  p=[0.997 0.592 0.000 0.153 0.664 0.381 0.000 0.042 1.000 0.830]
  eval: e=0.0306  p=[0.997 0.592 0.000 0.153 0.664 0.380 0.000 0.042 1.000 0.830]
   901         1350        0.0305666         reflect
  eval: e=0.0306  p=[0.997 0.592 0.000 0.153 0.664 0.381 0.000 0.041 1.000 0.829]
   902         1351        0.0305666         reflect
  eval: e=0.0306  p=[0.997 0.592 0.000 0.153 0.664 0.381 0.000 0.042 1.000 0.830]
  eval: e=0.0306  p=[0.997 0.592 0.000 0.153 0.664 0.381 0.000 0.041 1.000 0.830]
   903         1353        0.0305666         contract inside
  eval: e=0.0306  p=[0.997 0.592 0.000 0.153 0.664 0.381 0.000 0.041 1.000 0.830]
  eval: e=0.0306  p=[0.997 0.592 0.000 0.153 0.664 0.381 0.000 0.041 1.000 0.830]
   904         1355        0.0305666         contract inside
  eval: e=0.0310  p=[0.997 0.592 0.000 0.153 0.664 0.381 0.000 0.042 1.000 0.830]
  eval: e=0.0306  p=[0.997 0.592 0.000 0.153 0.664 0.381 0.000 0.041 1.000 0.830]
   905         1357        0.0305666         contract inside
  eval: e=0.0306  p=[0.997 0.592 0.000 0.153 0.664 0.381 0.000 0.042 1.000 0.830]
  eval: e=0.0306  p=[0.997 0.592 0.000 0.153 0.664 0.381 0.000 0.042 1.000 0.830]
   906         1359        0.0305666         reflect
  eval: e=0.0309  p=[0.997 0.592 0.000 0.153 0.664 0.381 0.000 0.041 1.000 0.830]
  eval: e=0.0306  p=[0.997 0.592 0.000 0.153 0.664 0.381 0.000 0.041 1.000 0.830]
   907         1361        0.0305666         contract inside
  eval: e=0.0306  p=[0.997 0.592 0.000 0.153 0.664 0.381 0.000 0.041 1.000 0.829]
  eval: e=0.0306  p=[0.997 0.592 0.000 0.153 0.664 0.381 0.000 0.042 1.000 0.830]
   908         1363        0.0305666         contract inside
  eval: e=0.0306  p=[0.997 0.592 0.000 0.153 0.664 0.381 0.000 0.042 1.000 0.830]
  eval: e=0.0306  p=[0.997 0.592 0.000 0.153 0.664 0.381 0.000 0.041 1.000 0.830]
   909         1365        0.0305666         contract inside
  eval: e=0.0306  p=[0.997 0.592 0.000 0.153 0.664 0.381 0.000 0.041 1.000 0.830]
  eval: e=0.0306  p=[0.997 0.592 0.000 0.153 0.664 0.381 0.000 0.041 1.000 0.830]
   910         1367        0.0305666         contract inside
  eval: e=0.0306  p=[0.997 0.592 0.000 0.153 0.664 0.381 0.000 0.041 1.000 0.830]
   911         1368        0.0305666         reflect
  eval: e=0.0306  p=[0.997 0.592 0.000 0.153 0.664 0.381 0.000 0.041 1.000 0.830]
  eval: e=0.0306  p=[0.997 0.592 0.000 0.153 0.664 0.381 0.000 0.041 1.000 0.830]
   912         1370        0.0305666         contract inside
  eval: e=0.0306  p=[0.997 0.592 0.000 0.153 0.664 0.381 0.000 0.042 1.000 0.830]
   913         1371        0.0305666         reflect
  eval: e=0.0306  p=[0.997 0.592 0.000 0.153 0.664 0.381 0.000 0.041 1.000 0.830]
  eval: e=0.0307  p=[0.997 0.592 0.000 0.153 0.664 0.381 0.000 0.042 1.000 0.830]
   914         1373        0.0305665         reflect
  eval: e=0.0306  p=[0.997 0.592 0.000 0.153 0.664 0.381 0.000 0.041 1.000 0.830]
   915         1374        0.0305665         reflect
  eval: e=0.0306  p=[0.997 0.592 0.000 0.153 0.664 0.381 0.000 0.042 1.000 0.830]
  eval: e=0.0306  p=[0.997 0.592 0.000 0.153 0.664 0.381 0.000 0.041 1.000 0.830]
   916         1376        0.0305665         contract inside
  eval: e=0.0306  p=[0.997 0.592 0.000 0.153 0.664 0.381 0.000 0.042 1.000 0.830]
   917         1377        0.0305665         reflect
  eval: e=0.0307  p=[0.997 0.592 0.000 0.153 0.664 0.381 0.000 0.042 1.000 0.830]
  eval: e=0.0306  p=[0.997 0.592 0.000 0.153 0.664 0.381 0.000 0.041 1.000 0.830]
   918         1379        0.0305665         contract inside
  eval: e=0.0306  p=[0.997 0.592 0.000 0.153 0.664 0.381 0.000 0.042 1.000 0.830]
  eval: e=0.0306  p=[0.997 0.592 0.000 0.153 0.664 0.381 0.000 0.041 1.000 0.830]
   919         1381        0.0305665         contract inside
  eval: e=0.0306  p=[0.997 0.592 0.000 0.153 0.664 0.381 0.000 0.041 1.000 0.830]
   920         1382        0.0305665         reflect
  eval: e=0.0306  p=[0.997 0.592 0.000 0.153 0.664 0.381 0.000 0.041 1.000 0.830]
  eval: e=0.0306  p=[0.997 0.592 0.000 0.153 0.664 0.381 0.000 0.041 1.000 0.830]
   921         1384        0.0305665         contract inside
  eval: e=0.0306  p=[0.997 0.592 0.000 0.153 0.664 0.381 0.000 0.041 1.000 0.830]
   922         1385        0.0305665         reflect
  eval: e=0.0306  p=[0.997 0.592 0.000 0.153 0.664 0.381 0.000 0.042 1.000 0.830]
  eval: e=0.0306  p=[0.997 0.592 0.000 0.153 0.664 0.381 0.000 0.042 1.000 0.830]
   923         1387        0.0305665         contract outside
  eval: e=0.0306  p=[0.997 0.592 0.000 0.153 0.664 0.381 0.000 0.042 1.000 0.830]
   924         1388        0.0305665         reflect
  eval: e=0.0306  p=[0.997 0.592 0.000 0.153 0.664 0.381 0.000 0.041 1.000 0.830]
   925         1389        0.0305665         reflect
  eval: e=0.0306  p=[0.997 0.592 0.000 0.153 0.664 0.381 0.000 0.041 1.000 0.829]
  eval: e=0.0306  p=[0.997 0.592 0.000 0.153 0.664 0.381 0.000 0.042 1.000 0.830]
   926         1391        0.0305665         contract inside
  eval: e=0.0306  p=[0.997 0.592 0.000 0.153 0.664 0.381 0.000 0.041 1.000 0.830]
   927         1392        0.0305665         reflect
  eval: e=0.0306  p=[0.997 0.592 0.000 0.153 0.664 0.381 0.000 0.042 1.000 0.830]
  eval: e=0.0306  p=[0.997 0.592 0.000 0.153 0.664 0.381 0.000 0.041 1.000 0.830]
  eval: e=0.0306  p=[0.997 0.592 0.000 0.153 0.664 0.381 0.000 0.041 1.000 0.830]
  eval: e=0.0306  p=[0.997 0.592 0.000 0.153 0.664 0.381 0.000 0.042 1.000 0.830]
  eval: e=0.0306  p=[0.997 0.592 0.000 0.153 0.664 0.381 0.000 0.042 1.000 0.830]
  eval: e=0.0306  p=[0.997 0.592 0.000 0.153 0.664 0.381 0.000 0.042 1.000 0.830]
  eval: e=0.0306  p=[0.997 0.592 0.000 0.153 0.664 0.381 0.000 0.041 1.000 0.830]
  eval: e=0.0306  p=[0.997 0.592 0.000 0.153 0.664 0.381 0.000 0.041 1.000 0.830]
  eval: e=0.0306  p=[0.997 0.592 0.000 0.153 0.664 0.381 0.000 0.041 1.000 0.830]
  eval: e=0.0306  p=[0.997 0.592 0.000 0.153 0.664 0.381 0.000 0.042 1.000 0.830]
  eval: e=0.0306  p=[0.997 0.592 0.000 0.153 0.664 0.381 0.000 0.041 1.000 0.830]
  eval: e=0.0306  p=[0.997 0.592 0.000 0.153 0.664 0.381 0.000 0.041 1.000 0.830]
   928         1404        0.0305665         shrink
  eval: e=0.0306  p=[0.997 0.592 0.000 0.153 0.664 0.381 0.000 0.041 1.000 0.830]
  eval: e=0.0306  p=[0.997 0.592 0.000 0.153 0.664 0.381 0.000 0.042 1.000 0.830]
   929         1406        0.0305665         contract inside
  eval: e=0.0306  p=[0.997 0.592 0.000 0.153 0.664 0.381 0.000 0.042 1.000 0.830]
  eval: e=0.0306  p=[0.997 0.592 0.000 0.153 0.664 0.381 0.000 0.041 1.000 0.830]
   930         1408        0.0305665         contract inside
  eval: e=0.0306  p=[0.997 0.592 0.000 0.153 0.664 0.381 0.000 0.042 1.000 0.830]
   931         1409        0.0305665         reflect
  eval: e=0.0306  p=[0.997 0.592 0.000 0.153 0.664 0.381 0.000 0.042 1.000 0.830]
  eval: e=0.0306  p=[0.997 0.592 0.000 0.153 0.664 0.381 0.000 0.041 1.000 0.830]
  eval: e=0.0306  p=[0.997 0.592 0.000 0.153 0.664 0.381 0.000 0.041 1.000 0.830]
  eval: e=0.0306  p=[0.997 0.592 0.000 0.153 0.664 0.381 0.000 0.041 1.000 0.830]
  eval: e=0.0306  p=[0.997 0.592 0.000 0.153 0.664 0.381 0.000 0.041 1.000 0.830]
  eval: e=0.0306  p=[0.997 0.592 0.000 0.153 0.664 0.381 0.000 0.041 1.000 0.830]
  eval: e=0.0306  p=[0.997 0.592 0.000 0.153 0.664 0.381 0.000 0.042 1.000 0.830]
  eval: e=0.0306  p=[0.997 0.592 0.000 0.153 0.664 0.381 0.000 0.041 1.000 0.830]
  eval: e=0.0306  p=[0.997 0.592 0.000 0.153 0.664 0.381 0.000 0.042 1.000 0.830]
  eval: e=0.0306  p=[0.997 0.592 0.000 0.153 0.664 0.381 0.000 0.042 1.000 0.830]
  eval: e=0.0306  p=[0.997 0.592 0.000 0.153 0.664 0.381 0.000 0.042 1.000 0.830]
  eval: e=0.0306  p=[0.997 0.592 0.000 0.153 0.664 0.381 0.000 0.041 1.000 0.830]
   932         1421        0.0305665         shrink
 
Optimization terminated:
 the current x satisfies the termination criteria using OPTIONS.TolX of 1.000000e-04 
 and F(X) satisfies the convergence criteria using OPTIONS.TolFun of 1.000000e-06 

=== Fit complete: error=0.030567  AIC=-3359.7 ===
=== restart 8 (B) done: e=0.030567 ===
  eval: e=0.1002  p=[0.591 0.439 0.583 0.666 0.542 0.091 0.117 0.373 0.848 0.073]
 
 Iteration   Func-count         f(x)         Procedure
     0            1         0.100249         
  eval: e=0.1006  p=[0.621 0.439 0.583 0.666 0.542 0.091 0.117 0.373 0.848 0.073]
  eval: e=0.0880  p=[0.591 0.461 0.583 0.666 0.542 0.091 0.117 0.373 0.848 0.073]
  eval: e=0.0929  p=[0.591 0.439 0.612 0.666 0.542 0.091 0.117 0.373 0.848 0.073]
  eval: e=0.1090  p=[0.591 0.439 0.583 0.699 0.542 0.091 0.117 0.373 0.848 0.073]
  eval: e=0.1058  p=[0.591 0.439 0.583 0.666 0.569 0.091 0.117 0.373 0.848 0.073]
  eval: e=0.1004  p=[0.591 0.439 0.583 0.666 0.542 0.095 0.117 0.373 0.848 0.073]
  eval: e=0.1002  p=[0.591 0.439 0.583 0.666 0.542 0.091 0.123 0.373 0.848 0.073]
  eval: e=0.1040  p=[0.591 0.439 0.583 0.666 0.542 0.091 0.117 0.391 0.848 0.073]
  eval: e=0.0995  p=[0.591 0.439 0.583 0.666 0.542 0.091 0.117 0.373 0.891 0.073]
  eval: e=0.1001  p=[0.591 0.439 0.583 0.666 0.542 0.091 0.117 0.373 0.848 0.077]
     1           11        0.0880406         initial simplex
  eval: e=0.0887  p=[0.597 0.443 0.589 0.633 0.547 0.092 0.118 0.376 0.857 0.074]
     2           12        0.0880406         reflect
  eval: e=0.0904  p=[0.598 0.444 0.590 0.659 0.516 0.092 0.119 0.377 0.859 0.074]
     3           13        0.0880406         reflect
  eval: e=0.0883  p=[0.600 0.445 0.592 0.658 0.538 0.092 0.119 0.356 0.861 0.074]
     4           14        0.0880406         reflect
  eval: e=0.0891  p=[0.566 0.446 0.593 0.656 0.537 0.092 0.119 0.371 0.863 0.074]
     5           15        0.0880406         reflect
  eval: e=0.0870  p=[0.590 0.448 0.595 0.654 0.536 0.087 0.120 0.371 0.866 0.074]
  eval: e=0.0805  p=[0.590 0.452 0.601 0.649 0.533 0.083 0.121 0.369 0.875 0.075]
     6           17        0.0804579         expand
  eval: e=0.0832  p=[0.590 0.451 0.599 0.651 0.534 0.090 0.120 0.370 0.871 0.075]
     7           18        0.0804579         reflect
  eval: e=0.0799  p=[0.590 0.453 0.602 0.648 0.533 0.090 0.114 0.369 0.876 0.075]
  eval: e=0.0710  p=[0.589 0.460 0.611 0.639 0.528 0.090 0.109 0.368 0.890 0.076]
     8           20        0.0709753         expand
  eval: e=0.0745  p=[0.589 0.457 0.608 0.642 0.530 0.090 0.118 0.368 0.884 0.072]
     9           21        0.0709753         reflect
  eval: e=0.0709  p=[0.589 0.461 0.613 0.638 0.528 0.090 0.118 0.367 0.840 0.075]
  eval: e=0.0632  p=[0.588 0.472 0.627 0.624 0.520 0.089 0.119 0.365 0.815 0.076]
    10           23         0.063226         expand
  eval: e=0.0700  p=[0.589 0.468 0.586 0.629 0.523 0.089 0.119 0.366 0.876 0.076]
    11           24         0.063226         reflect
  eval: e=0.0674  p=[0.580 0.467 0.608 0.630 0.551 0.088 0.117 0.359 0.869 0.075]
    12           25         0.063226         reflect
  eval: e=0.0655  p=[0.615 0.469 0.608 0.628 0.532 0.086 0.116 0.363 0.866 0.075]
    13           26         0.063226         reflect
  eval: e=0.0645  p=[0.587 0.477 0.616 0.651 0.519 0.086 0.117 0.355 0.874 0.076]
    14           27         0.063226         reflect
  eval: e=0.0610  p=[0.582 0.482 0.618 0.624 0.525 0.084 0.116 0.376 0.873 0.076]
  eval: e=0.0647  p=[0.573 0.500 0.631 0.607 0.518 0.081 0.115 0.386 0.880 0.077]
    15           29         0.061041         reflect
  eval: e=0.0635  p=[0.589 0.470 0.633 0.607 0.517 0.085 0.117 0.359 0.890 0.077]
    16           30         0.061041         reflect
  eval: e=0.0625  p=[0.590 0.484 0.624 0.614 0.521 0.084 0.114 0.360 0.871 0.076]
    17           31         0.061041         reflect
  eval: e=0.0647  p=[0.590 0.489 0.627 0.609 0.520 0.091 0.112 0.358 0.867 0.076]
    18           32         0.061041         reflect
  eval: e=0.0648  p=[0.590 0.490 0.624 0.608 0.522 0.085 0.113 0.357 0.854 0.080]
    19           33         0.061041         reflect
  eval: e=0.0664  p=[0.591 0.493 0.623 0.606 0.522 0.084 0.123 0.356 0.842 0.076]
    20           34         0.061041         reflect
  eval: e=0.0716  p=[0.592 0.491 0.655 0.611 0.527 0.083 0.114 0.356 0.849 0.077]
  eval: e=0.0640  p=[0.589 0.473 0.604 0.625 0.524 0.088 0.118 0.363 0.869 0.076]
    21           36         0.061041         contract inside
  eval: e=0.0750  p=[0.602 0.493 0.633 0.609 0.494 0.085 0.116 0.363 0.855 0.077]
  eval: e=0.0624  p=[0.585 0.473 0.614 0.625 0.537 0.087 0.117 0.360 0.866 0.076]
    22           38         0.061041         contract inside
  eval: e=0.0684  p=[0.591 0.463 0.616 0.637 0.525 0.089 0.109 0.367 0.888 0.077]
  eval: e=0.0622  p=[0.591 0.486 0.621 0.614 0.523 0.085 0.119 0.359 0.853 0.076]
    23           40         0.061041         contract inside
  eval: e=0.0690  p=[0.561 0.490 0.634 0.612 0.513 0.086 0.116 0.359 0.861 0.078]
  eval: e=0.0624  p=[0.601 0.474 0.614 0.624 0.528 0.086 0.116 0.362 0.865 0.076]
    24           42         0.061041         contract inside
  eval: e=0.0669  p=[0.588 0.466 0.616 0.635 0.525 0.088 0.120 0.366 0.875 0.072]
  eval: e=0.0620  p=[0.590 0.484 0.622 0.615 0.522 0.086 0.115 0.360 0.859 0.078]
    25           44         0.061041         contract inside
  eval: e=0.0672  p=[0.589 0.466 0.612 0.635 0.527 0.081 0.122 0.365 0.860 0.077]
  eval: e=0.0619  p=[0.589 0.483 0.623 0.616 0.522 0.089 0.114 0.360 0.865 0.076]
    26           46         0.061041         contract inside
  eval: e=0.0613  p=[0.592 0.479 0.625 0.587 0.529 0.086 0.116 0.370 0.851 0.077]
    27           47         0.061041         reflect
  eval: e=0.0647  p=[0.590 0.484 0.641 0.605 0.525 0.084 0.115 0.363 0.853 0.077]
  eval: e=0.0620  p=[0.590 0.476 0.613 0.620 0.524 0.087 0.117 0.363 0.865 0.076]
    28           49         0.061041         contract inside
  eval: e=0.0600  p=[0.591 0.489 0.607 0.625 0.533 0.088 0.115 0.368 0.827 0.075]
  eval: e=0.0601  p=[0.592 0.498 0.594 0.633 0.541 0.090 0.114 0.372 0.795 0.074]
    29           51        0.0599644         reflect
  eval: e=0.0596  p=[0.592 0.490 0.609 0.609 0.532 0.083 0.113 0.363 0.904 0.076]
  eval: e=0.0596  p=[0.594 0.499 0.600 0.601 0.538 0.081 0.110 0.361 0.949 0.076]
    30           53        0.0595864         expand
  eval: e=0.0604  p=[0.591 0.481 0.607 0.616 0.535 0.088 0.118 0.368 0.863 0.076]
    31           54        0.0595864         reflect
  eval: e=0.0631  p=[0.597 0.493 0.616 0.603 0.519 0.085 0.115 0.369 0.868 0.077]
  eval: e=0.0608  p=[0.588 0.478 0.615 0.619 0.532 0.087 0.116 0.362 0.867 0.076]
    32           56        0.0595864         contract inside
  eval: e=0.0614  p=[0.578 0.493 0.616 0.603 0.529 0.086 0.115 0.367 0.870 0.077]
    33           57        0.0595864         reflect
  eval: e=0.0594  p=[0.586 0.483 0.608 0.611 0.535 0.087 0.111 0.372 0.885 0.076]
  eval: e=0.0600  p=[0.584 0.482 0.601 0.610 0.541 0.088 0.107 0.379 0.900 0.077]
    34           59        0.0594002         reflect
  eval: e=0.0594  p=[0.587 0.494 0.615 0.604 0.536 0.085 0.112 0.370 0.877 0.077]
    35           60        0.0594002         reflect
  eval: e=0.0580  p=[0.586 0.488 0.604 0.606 0.540 0.087 0.114 0.375 0.886 0.074]
  eval: e=0.0573  p=[0.584 0.490 0.596 0.602 0.549 0.087 0.114 0.383 0.899 0.072]
    36           62        0.0572986         expand
  eval: e=0.0572  p=[0.585 0.491 0.598 0.603 0.546 0.083 0.114 0.379 0.887 0.076]
  eval: e=0.0567  p=[0.583 0.494 0.585 0.596 0.558 0.081 0.114 0.389 0.897 0.076]
    37           64        0.0566831         expand
  eval: e=0.0611  p=[0.598 0.481 0.599 0.614 0.545 0.085 0.114 0.376 0.888 0.075]
    38           65        0.0566831         reflect
  eval: e=0.0614  p=[0.585 0.495 0.585 0.636 0.549 0.084 0.112 0.375 0.913 0.074]
  eval: e=0.0592  p=[0.590 0.483 0.615 0.599 0.534 0.086 0.115 0.371 0.867 0.076]
    39           67        0.0566831         contract inside
  eval: e=0.0608  p=[0.578 0.494 0.614 0.606 0.530 0.086 0.115 0.367 0.873 0.077]
    40           68        0.0566831         reflect
  eval: e=0.0561  p=[0.592 0.496 0.594 0.592 0.551 0.086 0.112 0.367 0.887 0.076]
  eval: e=0.0548  p=[0.597 0.503 0.582 0.576 0.565 0.087 0.110 0.362 0.894 0.076]
    41           70        0.0547831         expand
  eval: e=0.0555  p=[0.588 0.504 0.591 0.588 0.551 0.085 0.111 0.380 0.900 0.076]
    42           71        0.0547831         reflect
  eval: e=0.0572  p=[0.600 0.490 0.587 0.598 0.557 0.085 0.111 0.377 0.899 0.075]
    43           72        0.0547831         reflect
  eval: e=0.0550  p=[0.589 0.505 0.590 0.584 0.557 0.082 0.107 0.379 0.915 0.074]
    44           73        0.0547831         reflect
  eval: e=0.0542  p=[0.589 0.501 0.587 0.567 0.563 0.081 0.108 0.381 0.970 0.076]
  eval: e=16.9646  p=[0.588 0.507 0.577 0.538 0.578 0.077 0.104 0.388 1.000 0.076]
    45           75        0.0542116         reflect
  eval: e=0.0563  p=[0.585 0.490 0.591 0.584 0.562 0.089 0.113 0.391 0.852 0.075]
    46           76        0.0542116         reflect
  eval: e=0.0555  p=[0.591 0.494 0.572 0.577 0.570 0.085 0.111 0.387 0.919 0.074]
    47           77        0.0542116         reflect
  eval: e=0.0513  p=[0.593 0.508 0.572 0.563 0.578 0.082 0.112 0.388 0.918 0.073]
  eval: e=0.0486  p=[0.596 0.520 0.554 0.538 0.599 0.080 0.112 0.396 0.934 0.072]
    48           79        0.0486495         expand
  eval: e=0.0504  p=[0.590 0.515 0.552 0.563 0.592 0.083 0.107 0.394 0.949 0.073]
    49           80        0.0486495         reflect
  eval: e=0.0506  p=[0.598 0.513 0.563 0.553 0.586 0.080 0.107 0.384 0.926 0.076]
    50           81        0.0486495         reflect
  eval: e=0.0518  p=[0.581 0.518 0.566 0.547 0.584 0.081 0.109 0.391 0.933 0.075]
    51           82        0.0486495         reflect
  eval: e=0.0540  p=[0.598 0.518 0.564 0.539 0.587 0.086 0.104 0.380 0.941 0.073]
    52           83        0.0486495         reflect
  eval: e=0.2450  p=[0.598 0.528 0.553 0.543 0.588 0.077 0.104 0.376 1.000 0.074]
  eval: e=0.0531  p=[0.588 0.500 0.582 0.574 0.569 0.086 0.111 0.387 0.890 0.074]
    53           85        0.0486495         contract inside
  eval: e=0.0610  p=[0.591 0.525 0.575 0.548 0.580 0.082 0.107 0.379 0.932 0.075]
  eval: e=0.0525  p=[0.591 0.502 0.572 0.570 0.573 0.084 0.110 0.385 0.922 0.074]
    54           87        0.0486495         contract inside
  eval: e=0.0486  p=[0.595 0.515 0.551 0.534 0.604 0.082 0.106 0.388 0.955 0.073]
  eval: e=0.0467  p=[0.599 0.521 0.532 0.508 0.631 0.080 0.104 0.393 0.983 0.072]
    55           89        0.0467329         expand
  eval: e=0.0477  p=[0.597 0.517 0.540 0.523 0.613 0.083 0.109 0.392 0.953 0.074]
    56           90        0.0467329         reflect
  eval: e=0.0467  p=[0.588 0.522 0.540 0.520 0.615 0.078 0.106 0.415 0.985 0.072]
  eval: e=9.6268  p=[0.584 0.532 0.519 0.492 0.640 0.073 0.104 0.441 1.000 0.070]
    57           92        0.0467246         reflect
  eval: e=0.0470  p=[0.597 0.528 0.526 0.520 0.627 0.083 0.108 0.403 0.913 0.071]
    58           93        0.0467246         reflect
  eval: e=0.0520  p=[0.587 0.513 0.541 0.544 0.611 0.078 0.112 0.408 0.937 0.073]
    59           94        0.0467246         reflect
  eval: e=0.0457  p=[0.597 0.534 0.516 0.504 0.637 0.076 0.106 0.405 0.997 0.072]
  eval: e=25.8457  p=[0.601 0.551 0.482 0.469 0.672 0.071 0.104 0.413 1.000 0.071]
    60           96        0.0457186         reflect
  eval: e=0.0455  p=[0.595 0.538 0.514 0.494 0.646 0.077 0.106 0.410 0.980 0.072]
  eval: e=0.9011  p=[0.596 0.556 0.484 0.456 0.683 0.073 0.105 0.423 1.000 0.071]
    61           98        0.0454856         reflect
  eval: e=0.0528  p=[0.600 0.532 0.539 0.510 0.616 0.083 0.103 0.389 0.974 0.073]
  eval: e=0.0487  p=[0.590 0.518 0.541 0.536 0.612 0.079 0.110 0.403 0.946 0.073]
    62          100        0.0454856         contract inside
  eval: e=0.0492  p=[0.609 0.528 0.509 0.504 0.648 0.079 0.106 0.407 0.981 0.071]
    63          101        0.0454856         reflect
  eval: e=0.0473  p=[0.594 0.535 0.502 0.490 0.659 0.079 0.108 0.419 0.998 0.068]
    64          102        0.0454856         reflect
  eval: e=0.0453  p=[0.602 0.537 0.502 0.464 0.665 0.076 0.108 0.415 0.985 0.071]
  eval: e=0.1917  p=[0.608 0.548 0.477 0.415 0.702 0.073 0.108 0.425 1.000 0.069]
    65          104        0.0453395         reflect
  eval: e=0.0485  p=[0.582 0.527 0.544 0.515 0.613 0.080 0.109 0.402 0.954 0.073]
    66          105        0.0453395         reflect
  eval: e=0.0464  p=[0.599 0.538 0.513 0.480 0.649 0.080 0.105 0.407 0.991 0.070]
    67          106        0.0453395         reflect
  eval: e=2.0122  p=[0.594 0.540 0.492 0.465 0.672 0.078 0.102 0.416 1.000 0.071]
  eval: e=0.0470  p=[0.595 0.525 0.538 0.520 0.618 0.080 0.109 0.401 0.954 0.072]
    68          108        0.0453395         contract inside
  eval: e=0.0480  p=[0.610 0.533 0.501 0.489 0.659 0.079 0.105 0.409 0.994 0.070]
  eval: e=0.0464  p=[0.603 0.531 0.512 0.496 0.648 0.079 0.106 0.408 0.984 0.071]
    69          110        0.0453395         contract outside
  eval: e=0.0561  p=[0.597 0.545 0.498 0.476 0.666 0.074 0.104 0.423 1.000 0.068]
  eval: e=0.0466  p=[0.597 0.524 0.530 0.511 0.626 0.081 0.108 0.400 0.965 0.072]
    70          112        0.0453395         contract inside
  eval: e=0.0491  p=[0.600 0.525 0.542 0.514 0.614 0.079 0.106 0.392 0.950 0.075]
  eval: e=0.0461  p=[0.596 0.533 0.512 0.496 0.648 0.079 0.107 0.412 0.986 0.070]
    71          114        0.0453395         contract inside
  eval: e=0.0457  p=[0.599 0.536 0.501 0.478 0.661 0.078 0.104 0.412 1.000 0.071]
    72          115        0.0453395         reflect
  eval: e=33.4473  p=[0.598 0.534 0.508 0.470 0.658 0.073 0.104 0.413 1.000 0.071]
  eval: e=0.0462  p=[0.597 0.530 0.522 0.508 0.635 0.081 0.107 0.405 0.950 0.071]
    73          117        0.0453395         contract inside
  eval: e=0.0449  p=[0.595 0.544 0.501 0.482 0.655 0.077 0.108 0.425 0.982 0.070]
  eval: e=0.0446  p=[0.593 0.556 0.485 0.470 0.667 0.075 0.110 0.441 0.982 0.069]
    74          119        0.0446145         expand
  eval: e=0.0466  p=[0.607 0.549 0.481 0.460 0.682 0.079 0.108 0.408 0.978 0.070]
  eval: e=0.0457  p=[0.602 0.543 0.496 0.475 0.665 0.078 0.107 0.410 0.980 0.070]
    75          121        0.0446145         contract outside
  eval: e=0.0775  p=[0.600 0.551 0.484 0.461 0.678 0.075 0.105 0.425 1.000 0.069]
  eval: e=0.0458  p=[0.598 0.531 0.519 0.499 0.639 0.079 0.107 0.406 0.974 0.072]
    76          123        0.0446145         contract inside
  eval: e=0.0476  p=[0.597 0.536 0.502 0.497 0.653 0.076 0.108 0.418 0.973 0.072]
  eval: e=0.0455  p=[0.598 0.537 0.510 0.484 0.650 0.079 0.106 0.410 0.986 0.070]
    77          125        0.0446145         contract inside
  eval: e=0.0453  p=[0.592 0.544 0.504 0.478 0.655 0.077 0.108 0.418 0.980 0.071]
    78          126        0.0446145         reflect
  eval: e=4.3053  p=[0.597 0.548 0.490 0.461 0.672 0.074 0.107 0.423 1.000 0.070]
  eval: e=0.0456  p=[0.597 0.534 0.514 0.496 0.644 0.079 0.107 0.410 0.967 0.071]
    79          128        0.0446145         contract inside
  eval: e=0.0458  p=[0.599 0.546 0.500 0.473 0.659 0.076 0.107 0.415 0.981 0.072]
    80          129        0.0446145         reflect
  eval: e=0.0454  p=[0.597 0.550 0.490 0.464 0.671 0.075 0.107 0.423 0.993 0.070]
    81          130        0.0446145         reflect
  eval: e=0.0458  p=[0.595 0.536 0.506 0.489 0.654 0.078 0.107 0.416 0.990 0.069]
  eval: e=0.0454  p=[0.596 0.539 0.505 0.485 0.655 0.077 0.107 0.416 0.987 0.070]
    82          132        0.0446145         contract outside
  eval: e=0.0456  p=[0.598 0.549 0.489 0.454 0.679 0.078 0.108 0.428 0.971 0.069]
    83          133        0.0446145         reflect
  eval: e=0.0448  p=[0.591 0.542 0.507 0.479 0.654 0.076 0.107 0.427 0.986 0.071]
    84          134        0.0446145         reflect
  eval: e=0.0454  p=[0.593 0.549 0.503 0.475 0.656 0.076 0.111 0.427 0.964 0.070]
    85          135        0.0446145         reflect
  eval: e=0.0456  p=[0.594 0.554 0.488 0.454 0.675 0.074 0.109 0.433 0.996 0.070]
  eval: e=0.0452  p=[0.596 0.539 0.507 0.485 0.652 0.078 0.107 0.415 0.974 0.071]
    86          137        0.0446145         contract inside
  eval: e=0.0455  p=[0.593 0.537 0.517 0.502 0.636 0.075 0.108 0.412 0.993 0.072]
  eval: e=0.0452  p=[0.594 0.540 0.510 0.490 0.646 0.076 0.108 0.416 0.987 0.071]
    87          139        0.0446145         contract outside
  eval: e=0.0448  p=[0.591 0.549 0.495 0.473 0.663 0.074 0.110 0.432 0.978 0.071]
    88          140        0.0446145         reflect
  eval: e=0.0448  p=[0.595 0.551 0.488 0.459 0.670 0.075 0.110 0.435 0.983 0.069]
    89          141        0.0446145         reflect
  eval: e=0.0449  p=[0.592 0.539 0.511 0.487 0.646 0.077 0.111 0.425 0.968 0.070]
    90          142        0.0446145         reflect
  eval: e=0.0454  p=[0.596 0.538 0.500 0.479 0.659 0.076 0.106 0.421 0.999 0.071]
  eval: e=0.0450  p=[0.595 0.541 0.501 0.478 0.658 0.076 0.107 0.423 0.990 0.070]
    91          144        0.0446145         contract outside
  eval: e=0.0447  p=[0.592 0.549 0.497 0.468 0.660 0.074 0.110 0.434 0.976 0.071]
    92          145        0.0446145         reflect
  eval: e=0.0443  p=[0.584 0.553 0.499 0.489 0.649 0.075 0.110 0.439 0.976 0.070]
  eval: e=0.0438  p=[0.575 0.561 0.497 0.501 0.641 0.074 0.111 0.451 0.971 0.070]
    93          147        0.0437544         expand
  eval: e=0.0445  p=[0.591 0.549 0.496 0.480 0.656 0.074 0.110 0.442 0.979 0.070]
    94          148        0.0437544         reflect
  eval: e=0.0439  p=[0.585 0.556 0.490 0.471 0.660 0.072 0.111 0.450 0.985 0.070]
    95          149        0.0437544         reflect
  eval: e=0.0442  p=[0.586 0.558 0.483 0.463 0.669 0.074 0.112 0.456 0.972 0.069]
    96          150        0.0437544         reflect
  eval: e=0.0438  p=[0.583 0.561 0.489 0.472 0.659 0.073 0.113 0.456 0.966 0.069]
    97          151        0.0437544         reflect
  eval: e=0.0443  p=[0.585 0.567 0.474 0.460 0.674 0.071 0.110 0.459 0.988 0.069]
    98          152        0.0437544         reflect
  eval: e=0.0437  p=[0.580 0.559 0.495 0.489 0.650 0.072 0.111 0.454 0.973 0.071]
  eval: e=0.0435  p=[0.572 0.563 0.498 0.504 0.640 0.071 0.111 0.463 0.968 0.071]
    99          154        0.0434827         expand
  eval: e=0.0433  p=[0.579 0.563 0.489 0.481 0.653 0.073 0.112 0.464 0.977 0.069]
  eval: e=0.0427  p=[0.573 0.570 0.485 0.484 0.648 0.073 0.113 0.480 0.976 0.068]
   100          156        0.0426743         expand
  eval: e=0.0432  p=[0.576 0.576 0.472 0.476 0.662 0.071 0.116 0.480 0.966 0.069]
   101          157        0.0426743         reflect
  eval: e=0.0435  p=[0.572 0.574 0.477 0.488 0.655 0.071 0.113 0.482 0.975 0.068]
   102          158        0.0426743         reflect
  eval: e=0.0426  p=[0.567 0.571 0.487 0.490 0.646 0.070 0.114 0.482 0.967 0.069]
  eval: e=0.0420  p=[0.554 0.579 0.488 0.500 0.636 0.068 0.115 0.503 0.960 0.069]
   103          160         0.042028         expand
  eval: e=0.0422  p=[0.562 0.584 0.475 0.485 0.653 0.070 0.115 0.494 0.967 0.069]
   104          161         0.042028         reflect
  eval: e=0.0430  p=[0.563 0.569 0.497 0.509 0.631 0.072 0.116 0.484 0.954 0.069]
   105          162         0.042028         reflect
  eval: e=0.0423  p=[0.558 0.580 0.490 0.515 0.628 0.069 0.115 0.493 0.965 0.070]
   106          163         0.042028         reflect
  eval: e=0.0424  p=[0.552 0.587 0.484 0.516 0.630 0.070 0.116 0.507 0.948 0.069]
   107          164         0.042028         reflect
  eval: e=0.0431  p=[0.548 0.588 0.484 0.524 0.625 0.069 0.115 0.511 0.964 0.069]
   108          165         0.042028         reflect
  eval: e=0.0423  p=[0.551 0.594 0.473 0.499 0.641 0.067 0.118 0.529 0.958 0.068]
   109          166         0.042028         reflect
  eval: e=0.0417  p=[0.550 0.583 0.493 0.514 0.624 0.069 0.117 0.507 0.950 0.070]
  eval: e=0.0415  p=[0.539 0.588 0.501 0.527 0.608 0.067 0.118 0.519 0.938 0.071]
   110          168        0.0415011         expand
  eval: e=0.0413  p=[0.543 0.600 0.472 0.503 0.632 0.068 0.120 0.536 0.951 0.067]
  eval: e=0.0416  p=[0.528 0.619 0.458 0.503 0.628 0.067 0.124 0.573 0.943 0.065]
   111          170        0.0413465         reflect
  eval: e=0.0428  p=[0.533 0.592 0.498 0.536 0.605 0.068 0.117 0.531 0.950 0.069]
   112          171        0.0413465         reflect
  eval: e=0.0415  p=[0.557 0.581 0.489 0.491 0.637 0.069 0.118 0.504 0.950 0.069]
   113          172        0.0413465         reflect
  eval: e=0.0406  p=[0.541 0.602 0.474 0.502 0.633 0.066 0.117 0.535 0.959 0.069]
  eval: e=0.0398  p=[0.530 0.619 0.463 0.499 0.634 0.062 0.118 0.561 0.961 0.069]
   114          174        0.0397698         expand
  eval: e=0.0427  p=[0.571 0.585 0.466 0.467 0.664 0.069 0.117 0.494 0.965 0.068]
  eval: e=0.0418  p=[0.562 0.586 0.474 0.485 0.650 0.069 0.117 0.503 0.961 0.069]
   115          176        0.0397698         contract outside
  eval: e=0.0410  p=[0.528 0.610 0.476 0.520 0.622 0.063 0.121 0.550 0.936 0.070]
   116          177        0.0397698         reflect
  eval: e=0.0404  p=[0.544 0.597 0.476 0.489 0.638 0.064 0.119 0.531 0.961 0.069]
   117          178        0.0397698         reflect
  eval: e=0.0412  p=[0.544 0.591 0.487 0.504 0.627 0.067 0.117 0.510 0.952 0.070]
   118          179        0.0397698         reflect
  eval: e=0.0398  p=[0.535 0.607 0.470 0.485 0.639 0.064 0.121 0.550 0.942 0.068]
   119          180        0.0397698         reflect
  eval: e=0.0406  p=[0.526 0.608 0.484 0.516 0.612 0.063 0.122 0.560 0.936 0.069]
   120          181        0.0397698         reflect
  eval: e=0.0393  p=[0.527 0.618 0.470 0.503 0.623 0.064 0.123 0.562 0.937 0.069]
  eval: e=0.0383  p=[0.514 0.637 0.461 0.504 0.617 0.061 0.126 0.592 0.926 0.068]
   121          183        0.0383341         expand
  eval: e=0.0401  p=[0.510 0.621 0.482 0.523 0.603 0.061 0.123 0.579 0.930 0.069]
   122          184        0.0383341         reflect
  eval: e=0.0393  p=[0.528 0.626 0.451 0.480 0.644 0.062 0.123 0.576 0.951 0.066]
   123          185        0.0383341         reflect
  eval: e=0.0400  p=[0.503 0.642 0.456 0.513 0.616 0.058 0.124 0.605 0.940 0.068]
   124          186        0.0383341         reflect
  eval: e=0.0383  p=[0.510 0.631 0.470 0.503 0.618 0.057 0.123 0.587 0.936 0.070]
  eval: e=0.0374  p=[0.493 0.647 0.469 0.503 0.611 0.051 0.124 0.612 0.928 0.072]
   125          188        0.0374208         expand
  eval: e=0.0413  p=[0.498 0.651 0.450 0.503 0.620 0.055 0.127 0.633 0.930 0.068]
  eval: e=0.0399  p=[0.533 0.606 0.478 0.504 0.625 0.064 0.120 0.541 0.947 0.069]
   126          190        0.0374208         contract inside
  eval: e=0.0379  p=[0.515 0.632 0.462 0.484 0.626 0.060 0.123 0.592 0.949 0.068]
   127          191        0.0374208         reflect
  eval: e=0.0387  p=[0.516 0.639 0.449 0.481 0.639 0.059 0.122 0.588 0.951 0.068]
   128          192        0.0374208         reflect
  eval: e=0.0382  p=[0.491 0.658 0.452 0.506 0.613 0.056 0.126 0.628 0.924 0.068]
   129          193        0.0374208         reflect
  eval: e=0.0394  p=[0.521 0.642 0.440 0.469 0.649 0.058 0.122 0.590 0.954 0.068]
   130          194        0.0374208         reflect
  eval: e=0.0406  p=[0.532 0.620 0.463 0.470 0.643 0.062 0.121 0.561 0.947 0.069]
  eval: e=0.0388  p=[0.511 0.637 0.458 0.502 0.623 0.059 0.123 0.594 0.942 0.068]
   131          196        0.0374208         contract inside
  eval: e=0.0378  p=[0.498 0.662 0.437 0.479 0.634 0.054 0.126 0.636 0.939 0.068]
   132          197        0.0374208         reflect
  eval: e=0.0373  p=[0.488 0.673 0.438 0.496 0.619 0.052 0.126 0.644 0.943 0.068]
  eval: e=0.0377  p=[0.465 0.706 0.423 0.502 0.609 0.046 0.129 0.691 0.943 0.069]
   133          199        0.0372688         reflect
  eval: e=0.0367  p=[0.485 0.672 0.441 0.483 0.621 0.052 0.130 0.649 0.920 0.068]
  eval: e=0.0361  p=[0.462 0.699 0.430 0.475 0.615 0.047 0.137 0.692 0.899 0.068]
   134          201        0.0361357         expand
  eval: e=0.0390  p=[0.482 0.660 0.461 0.513 0.598 0.054 0.129 0.641 0.916 0.069]
   135          202        0.0361357         reflect
  eval: e=0.0375  p=[0.466 0.683 0.452 0.509 0.595 0.049 0.130 0.668 0.912 0.071]
   136          203        0.0361357         reflect
  eval: e=0.0384  p=[0.509 0.653 0.440 0.475 0.640 0.055 0.123 0.608 0.946 0.069]
   137          204        0.0361357         reflect
  eval: e=0.0364  p=[0.480 0.680 0.440 0.480 0.619 0.050 0.129 0.658 0.922 0.070]
   138          205        0.0361357         reflect
  eval: e=0.0380  p=[0.468 0.686 0.447 0.501 0.599 0.048 0.132 0.678 0.906 0.070]
   139          206        0.0361357         reflect
  eval: e=0.0396  p=[0.466 0.679 0.457 0.513 0.590 0.050 0.132 0.672 0.903 0.069]
  eval: e=0.0373  p=[0.498 0.659 0.445 0.484 0.627 0.054 0.126 0.624 0.935 0.069]
   140          208        0.0361357         contract inside
  eval: e=0.0364  p=[0.458 0.699 0.433 0.479 0.615 0.043 0.129 0.694 0.926 0.070]
   141          209        0.0361357         reflect
  eval: e=0.0362  p=[0.474 0.686 0.439 0.472 0.619 0.045 0.130 0.671 0.928 0.070]
   142          210        0.0361357         reflect
  eval: e=0.0382  p=[0.499 0.658 0.442 0.471 0.637 0.053 0.124 0.620 0.950 0.069]
  eval: e=0.0369  p=[0.476 0.679 0.446 0.494 0.608 0.049 0.130 0.664 0.917 0.070]
   143          212        0.0361357         contract inside
  eval: e=0.0373  p=[0.444 0.721 0.424 0.491 0.606 0.039 0.135 0.721 0.901 0.071]
   144          213        0.0361357         reflect
  eval: e=0.0361  p=[0.450 0.703 0.446 0.497 0.593 0.042 0.133 0.694 0.903 0.072]
   145          214        0.0361357         reflect
  eval: e=0.0370  p=[0.478 0.686 0.430 0.466 0.631 0.046 0.130 0.667 0.929 0.069]
   146          215        0.0361357         reflect
  eval: e=0.0363  p=[0.449 0.730 0.406 0.464 0.619 0.042 0.137 0.734 0.912 0.068]
   147          216        0.0361357         reflect
  eval: e=0.0372  p=[0.499 0.657 0.447 0.471 0.627 0.055 0.127 0.628 0.942 0.068]
   148          217        0.0361357         reflect
  eval: e=0.0362  p=[0.445 0.719 0.426 0.474 0.606 0.040 0.136 0.725 0.909 0.070]
   149          218        0.0361357         reflect
  eval: e=0.0356  p=[0.446 0.714 0.430 0.458 0.611 0.040 0.138 0.722 0.895 0.070]
  eval: e=0.0359  p=[0.424 0.735 0.426 0.439 0.607 0.033 0.144 0.760 0.870 0.071]
   150          220        0.0356387         reflect
  eval: e=0.0379  p=[0.424 0.742 0.419 0.481 0.601 0.034 0.139 0.757 0.886 0.072]
  eval: e=0.0363  p=[0.480 0.678 0.440 0.473 0.620 0.050 0.130 0.660 0.928 0.069]
   151          222        0.0356387         contract inside
  eval: e=0.0371  p=[0.445 0.711 0.437 0.488 0.594 0.044 0.136 0.716 0.899 0.070]
  eval: e=0.0363  p=[0.470 0.693 0.432 0.471 0.622 0.045 0.132 0.679 0.921 0.069]
   152          224        0.0356387         contract inside
  eval: e=0.0362  p=[0.447 0.721 0.419 0.455 0.619 0.039 0.136 0.722 0.911 0.070]
   153          225        0.0356387         reflect
  eval: e=0.0361  p=[0.436 0.728 0.419 0.464 0.609 0.037 0.138 0.741 0.905 0.070]
   154          226        0.0356387         reflect
  eval: e=0.0356  p=[0.454 0.716 0.424 0.461 0.612 0.042 0.140 0.714 0.897 0.069]
  eval: e=0.0358  p=[0.451 0.724 0.420 0.452 0.610 0.042 0.145 0.724 0.882 0.068]
   155          228        0.0356225         reflect
  eval: e=0.0364  p=[0.426 0.743 0.415 0.465 0.605 0.034 0.142 0.759 0.888 0.070]
  eval: e=0.0359  p=[0.467 0.695 0.433 0.471 0.616 0.046 0.133 0.685 0.918 0.069]
   156          230        0.0356225         contract inside
  eval: e=0.0360  p=[0.461 0.684 0.454 0.476 0.605 0.042 0.134 0.675 0.905 0.072]
   157          231        0.0356225         reflect
  eval: e=0.0357  p=[0.438 0.721 0.432 0.470 0.599 0.039 0.140 0.729 0.892 0.071]
   158          232        0.0356225         reflect
  eval: e=0.0363  p=[0.462 0.694 0.439 0.465 0.614 0.044 0.136 0.684 0.902 0.071]
  eval: e=0.0358  p=[0.449 0.713 0.429 0.472 0.608 0.041 0.136 0.715 0.907 0.070]
   159          234        0.0356225         contract inside
  eval: e=0.0362  p=[0.460 0.691 0.449 0.488 0.598 0.045 0.135 0.685 0.898 0.071]
   160          235        0.0356225         reflect
  eval: e=0.0364  p=[0.430 0.727 0.431 0.474 0.594 0.038 0.142 0.739 0.876 0.070]
  eval: e=0.0358  p=[0.463 0.696 0.437 0.473 0.613 0.044 0.133 0.688 0.915 0.070]
   161          237        0.0356225         contract inside
  eval: e=0.0361  p=[0.445 0.723 0.418 0.455 0.618 0.039 0.137 0.726 0.909 0.070]
   162          238        0.0356225         reflect
  eval: e=0.0362  p=[0.454 0.715 0.416 0.438 0.628 0.041 0.140 0.723 0.905 0.068]
  eval: e=0.0358  p=[0.451 0.706 0.439 0.482 0.602 0.042 0.135 0.701 0.904 0.071]
   163          240        0.0356225         contract inside
  eval: e=0.0357  p=[0.440 0.720 0.433 0.462 0.604 0.035 0.136 0.727 0.910 0.072]
   164          241        0.0356225         reflect
  eval: e=0.0358  p=[0.456 0.695 0.448 0.483 0.598 0.042 0.136 0.694 0.901 0.071]
   165          242        0.0356225         reflect
  eval: e=0.0360  p=[0.469 0.684 0.453 0.478 0.604 0.046 0.134 0.669 0.904 0.071]
  eval: e=0.0357  p=[0.461 0.695 0.444 0.474 0.606 0.044 0.135 0.687 0.904 0.071]
   166          244        0.0356225         contract outside
  eval: e=0.0358  p=[0.443 0.730 0.416 0.465 0.609 0.041 0.138 0.737 0.904 0.069]
   167          245        0.0356225         reflect
  eval: e=0.0357  p=[0.433 0.726 0.433 0.469 0.596 0.036 0.140 0.738 0.888 0.072]
   168          246        0.0356225         reflect
  eval: e=0.0357  p=[0.431 0.731 0.429 0.467 0.596 0.037 0.141 0.744 0.885 0.071]
   169          247        0.0356225         reflect
  eval: e=0.0358  p=[0.433 0.739 0.414 0.453 0.611 0.037 0.140 0.749 0.896 0.070]
  eval: e=0.0356  p=[0.450 0.706 0.440 0.475 0.601 0.041 0.137 0.707 0.900 0.071]
   170          249        0.0356185         contract inside
  eval: e=0.0358  p=[0.447 0.700 0.451 0.473 0.598 0.039 0.137 0.700 0.893 0.073]
   171          250        0.0356185         reflect
  eval: e=0.0355  p=[0.441 0.714 0.442 0.466 0.597 0.038 0.140 0.719 0.886 0.072]
  eval: e=0.0358  p=[0.437 0.715 0.448 0.463 0.592 0.036 0.142 0.721 0.876 0.073]
   172          252        0.0355446         reflect
  eval: e=0.0355  p=[0.437 0.723 0.434 0.453 0.602 0.036 0.142 0.736 0.886 0.071]
  eval: e=0.0357  p=[0.430 0.731 0.431 0.438 0.602 0.034 0.145 0.753 0.877 0.071]
   173          254        0.0354954         reflect
  eval: e=0.0355  p=[0.439 0.733 0.418 0.458 0.607 0.039 0.140 0.745 0.896 0.069]
   174          255        0.0354954         reflect
  eval: e=0.0358  p=[0.457 0.703 0.437 0.463 0.611 0.041 0.136 0.700 0.906 0.071]
  eval: e=0.0355  p=[0.437 0.724 0.431 0.466 0.600 0.038 0.140 0.733 0.890 0.071]
   175          257        0.0354954         contract inside
  eval: e=0.0358  p=[0.422 0.745 0.419 0.453 0.600 0.033 0.144 0.767 0.884 0.071]
  eval: e=0.0355  p=[0.451 0.707 0.438 0.469 0.604 0.041 0.137 0.707 0.899 0.071]
   176          259        0.0354954         contract inside
  eval: e=0.0357  p=[0.448 0.716 0.432 0.458 0.608 0.039 0.138 0.720 0.897 0.071]
   177          260        0.0354954         reflect
  eval: e=0.0359  p=[0.455 0.709 0.431 0.456 0.613 0.042 0.137 0.708 0.903 0.070]
  eval: e=0.0355  p=[0.439 0.722 0.433 0.466 0.600 0.038 0.140 0.730 0.891 0.071]
   178          262        0.0354954         contract inside
  eval: e=0.0354  p=[0.448 0.715 0.431 0.464 0.604 0.043 0.142 0.720 0.877 0.069]
  eval: e=0.0356  p=[0.452 0.712 0.430 0.465 0.604 0.046 0.146 0.717 0.861 0.068]
   179          264         0.035423         reflect
  eval: e=0.0357  p=[0.441 0.719 0.432 0.469 0.600 0.040 0.141 0.726 0.887 0.070]
  eval: e=0.0355  p=[0.446 0.717 0.432 0.461 0.606 0.039 0.139 0.722 0.894 0.071]
   180          266         0.035423         contract inside
  eval: e=0.0353  p=[0.443 0.721 0.434 0.470 0.595 0.039 0.142 0.725 0.889 0.071]
  eval: e=0.0352  p=[0.441 0.724 0.436 0.475 0.587 0.039 0.144 0.727 0.886 0.071]
   181          268        0.0352064         expand
  eval: e=0.0357  p=[0.433 0.722 0.442 0.469 0.590 0.036 0.140 0.736 0.884 0.073]
  eval: e=0.0355  p=[0.448 0.717 0.429 0.463 0.606 0.041 0.140 0.719 0.894 0.070]
   182          270        0.0352064         contract inside
  eval: e=0.0355  p=[0.435 0.733 0.425 0.453 0.602 0.037 0.144 0.744 0.880 0.071]
   183          271        0.0352064         reflect
  eval: e=0.0354  p=[0.444 0.729 0.419 0.459 0.606 0.040 0.142 0.738 0.892 0.069]
   184          272        0.0352064         reflect
  eval: e=0.0353  p=[0.448 0.720 0.428 0.458 0.605 0.041 0.142 0.724 0.889 0.070]
   185          273        0.0352064         reflect
  eval: e=0.0353  p=[0.434 0.740 0.419 0.453 0.601 0.038 0.146 0.754 0.878 0.070]
   186          274        0.0352064         reflect
  eval: e=0.0354  p=[0.445 0.715 0.440 0.463 0.598 0.039 0.144 0.718 0.878 0.071]
   187          275        0.0352064         reflect
  eval: e=0.0352  p=[0.447 0.725 0.426 0.455 0.603 0.041 0.145 0.730 0.879 0.069]
   188          276        0.0352064         reflect
  eval: e=0.0351  p=[0.440 0.731 0.425 0.459 0.597 0.040 0.147 0.740 0.874 0.069]
  eval: e=0.0351  p=[0.437 0.738 0.422 0.458 0.593 0.040 0.151 0.750 0.864 0.069]
   189          278        0.0350834         expand
  eval: e=0.0352  p=[0.449 0.728 0.421 0.468 0.599 0.044 0.146 0.729 0.877 0.068]
   190          279        0.0350834         reflect
  eval: e=0.0353  p=[0.453 0.717 0.429 0.471 0.599 0.044 0.144 0.718 0.883 0.069]
   191          280        0.0350834         reflect
  eval: e=0.0351  p=[0.441 0.733 0.425 0.462 0.593 0.041 0.149 0.742 0.867 0.069]
  eval: e=0.0351  p=[0.437 0.741 0.423 0.461 0.586 0.041 0.154 0.754 0.854 0.069]
   192          282        0.0350612         reflect
  eval: e=0.0350  p=[0.445 0.722 0.436 0.466 0.590 0.042 0.149 0.725 0.863 0.070]
  eval: e=0.0351  p=[0.446 0.719 0.444 0.469 0.582 0.042 0.152 0.718 0.849 0.071]
   193          284        0.0350221         reflect
  eval: e=0.0349  p=[0.440 0.738 0.425 0.462 0.590 0.039 0.150 0.743 0.876 0.070]
  eval: e=0.0348  p=[0.436 0.749 0.423 0.461 0.582 0.037 0.153 0.755 0.875 0.070]
   194          286        0.0347714         expand
  eval: e=0.0351  p=[0.441 0.745 0.413 0.462 0.593 0.042 0.150 0.752 0.875 0.068]
   195          287        0.0347714         reflect
  eval: e=0.0351  p=[0.436 0.744 0.422 0.467 0.583 0.041 0.154 0.752 0.860 0.069]
   196          288        0.0347714         reflect
  eval: e=0.0348  p=[0.451 0.726 0.432 0.476 0.584 0.044 0.151 0.722 0.868 0.069]
   197          289        0.0347714         reflect
  eval: e=0.0349  p=[0.432 0.750 0.422 0.459 0.583 0.038 0.154 0.759 0.860 0.070]
   198          290        0.0347714         reflect
  eval: e=0.0353  p=[0.435 0.747 0.425 0.476 0.574 0.040 0.155 0.753 0.860 0.069]
  eval: e=0.0350  p=[0.444 0.730 0.425 0.460 0.596 0.041 0.148 0.736 0.874 0.069]
   199          292        0.0347714         contract inside
  eval: e=0.0347  p=[0.441 0.749 0.412 0.452 0.592 0.043 0.157 0.757 0.851 0.067]
  eval: e=0.0345  p=[0.440 0.761 0.400 0.441 0.594 0.045 0.164 0.773 0.834 0.065]
   200          294        0.0345018         expand
  eval: e=0.0347  p=[0.432 0.751 0.423 0.455 0.579 0.038 0.159 0.764 0.851 0.069]
   201          295        0.0345018         reflect
  eval: e=0.0349  p=[0.443 0.737 0.422 0.452 0.594 0.041 0.152 0.744 0.866 0.069]
   202          296        0.0345018         reflect
  eval: e=0.0346  p=[0.444 0.742 0.422 0.461 0.585 0.041 0.155 0.745 0.863 0.069]
   203          297        0.0345018         reflect
  eval: e=0.0350  p=[0.441 0.735 0.433 0.456 0.583 0.040 0.156 0.740 0.850 0.070]
   204          298        0.0345018         reflect
  eval: e=0.0347  p=[0.441 0.747 0.422 0.456 0.581 0.040 0.159 0.750 0.853 0.068]
   205          299        0.0345018         reflect
  eval: e=0.0344  p=[0.435 0.764 0.409 0.449 0.582 0.040 0.161 0.773 0.855 0.067]
  eval: e=0.0342  p=[0.430 0.784 0.395 0.441 0.578 0.039 0.168 0.797 0.851 0.066]
   206          301        0.0341613         expand
  eval: e=0.0343  p=[0.434 0.766 0.413 0.451 0.573 0.040 0.167 0.774 0.839 0.067]
   207          302        0.0341613         reflect
  eval: e=0.0345  p=[0.436 0.767 0.402 0.454 0.584 0.041 0.160 0.776 0.862 0.066]
   208          303        0.0341613         reflect
  eval: e=0.0341  p=[0.446 0.756 0.409 0.450 0.584 0.043 0.163 0.761 0.852 0.066]
  eval: e=0.0339  p=[0.453 0.759 0.402 0.446 0.585 0.046 0.168 0.761 0.848 0.064]
   209          305        0.0338777         expand
  eval: e=0.0341  p=[0.436 0.774 0.405 0.456 0.570 0.041 0.169 0.780 0.843 0.066]
   210          306        0.0338777         reflect
  eval: e=0.0342  p=[0.425 0.795 0.390 0.428 0.578 0.037 0.173 0.813 0.836 0.065]
   211          307        0.0338777         reflect
  eval: e=0.0338  p=[0.439 0.780 0.392 0.437 0.579 0.045 0.175 0.791 0.821 0.063]
  eval: e=0.0336  p=[0.440 0.796 0.377 0.425 0.578 0.049 0.186 0.810 0.794 0.060]
   212          309        0.0336263         expand
  eval: e=0.0337  p=[0.444 0.787 0.383 0.437 0.582 0.045 0.175 0.791 0.834 0.063]
   213          310        0.0336263         reflect
  eval: e=0.0339  p=[0.436 0.799 0.376 0.432 0.580 0.044 0.178 0.814 0.828 0.062]
   214          311        0.0336263         reflect
  eval: e=0.0337  p=[0.431 0.815 0.366 0.421 0.576 0.044 0.186 0.833 0.811 0.060]
   215          312        0.0336263         reflect
  eval: e=0.0334  p=[0.433 0.808 0.382 0.437 0.563 0.041 0.181 0.817 0.836 0.063]
  eval: e=0.0333  p=[0.429 0.832 0.373 0.436 0.547 0.039 0.190 0.839 0.837 0.063]
   216          314        0.0332802         expand
  eval: e=0.0331  p=[0.436 0.814 0.374 0.420 0.566 0.044 0.192 0.826 0.802 0.061]
  eval: e=0.0326  p=[0.436 0.838 0.360 0.404 0.557 0.045 0.208 0.851 0.772 0.058]
   217          316        0.0325781         expand
  eval: e=0.0330  p=[0.438 0.830 0.352 0.414 0.574 0.046 0.193 0.844 0.812 0.058]
   218          317        0.0325781         reflect
  eval: e=0.0330  p=[0.449 0.808 0.368 0.434 0.567 0.051 0.191 0.811 0.810 0.058]
   219          318        0.0325781         reflect
  eval: e=0.0328  p=[0.448 0.824 0.357 0.420 0.565 0.051 0.201 0.830 0.787 0.056]
   220          319        0.0325781         reflect
  eval: e=0.0323  p=[0.445 0.844 0.338 0.398 0.572 0.051 0.207 0.857 0.783 0.054]
  eval: e=0.0314  p=[0.449 0.879 0.304 0.369 0.572 0.056 0.226 0.896 0.754 0.048]
   221          321        0.0314012         expand
  eval: e=0.0321  p=[0.447 0.835 0.353 0.409 0.560 0.050 0.207 0.840 0.784 0.056]
   222          322        0.0314012         reflect
  eval: e=0.0341  p=[0.430 0.889 0.317 0.388 0.550 0.050 0.225 0.908 0.751 0.052]
  eval: e=0.0332  p=[0.447 0.792 0.381 0.431 0.576 0.047 0.182 0.798 0.824 0.061]
   223          324        0.0314012         contract inside
  eval: e=0.0319  p=[0.455 0.829 0.356 0.415 0.559 0.052 0.205 0.829 0.790 0.056]
   224          325        0.0314012         reflect
  eval: e=0.0326  p=[0.444 0.865 0.333 0.394 0.549 0.052 0.223 0.878 0.758 0.052]
   225          326        0.0314012         reflect
  eval: e=0.0314  p=[0.448 0.870 0.331 0.400 0.547 0.049 0.220 0.874 0.791 0.053]
  eval: e=0.0306  p=[0.452 0.907 0.307 0.388 0.532 0.049 0.237 0.906 0.790 0.050]
   226          328        0.0306082         expand
  eval: e=0.0316  p=[0.464 0.850 0.321 0.380 0.576 0.061 0.225 0.857 0.739 0.048]
   227          329        0.0306082         reflect
  eval: e=0.0321  p=[0.450 0.901 0.302 0.374 0.546 0.056 0.241 0.910 0.735 0.047]
   228          330        0.0306082         reflect
  eval: e=0.0310  p=[0.447 0.903 0.301 0.359 0.551 0.053 0.242 0.917 0.734 0.048]
   229          331        0.0306082         reflect
  eval: e=0.0310  p=[0.460 0.896 0.307 0.368 0.540 0.059 0.250 0.899 0.717 0.046]
   230          332        0.0306082         reflect
  eval: e=0.0304  p=[0.453 0.917 0.292 0.352 0.543 0.055 0.252 0.927 0.728 0.045]
  eval: e=0.0307  p=[0.456 0.964 0.259 0.318 0.533 0.057 0.277 0.975 0.699 0.040]
   231          334        0.0303639         reflect
  eval: e=0.0306  p=[0.459 0.886 0.307 0.369 0.558 0.055 0.236 0.888 0.750 0.048]
   232          335        0.0303639         reflect
  eval: e=0.0296  p=[0.472 0.923 0.270 0.353 0.551 0.063 0.256 0.922 0.732 0.041]
  eval: e=0.0290  p=[0.490 0.965 0.225 0.327 0.548 0.072 0.280 0.958 0.712 0.032]
   233          337        0.0289856         expand
  eval: e=0.0309  p=[0.466 0.872 0.313 0.373 0.562 0.056 0.231 0.873 0.764 0.048]
   234          338        0.0289856         reflect
  eval: e=0.0294  p=[0.472 0.946 0.254 0.331 0.548 0.063 0.270 0.950 0.711 0.038]
   235          339        0.0289856         reflect
  eval: e=0.0305  p=[0.468 0.975 0.230 0.309 0.547 0.064 0.284 0.985 0.690 0.034]
   236          340        0.0289856         reflect
  eval: e=0.0304  p=[0.459 0.980 0.247 0.329 0.525 0.056 0.277 0.983 0.731 0.040]
   237          341        0.0289856         reflect
  eval: e=0.0295  p=[0.476 0.970 0.252 0.332 0.519 0.061 0.286 0.961 0.712 0.038]
   238          342        0.0289856         reflect
  eval: e=0.0282  p=[0.468 0.968 0.239 0.325 0.547 0.058 0.269 0.970 0.748 0.038]
  eval: e=0.5335  p=[0.472 1.000 0.205 0.304 0.551 0.058 0.279 1.000 0.763 0.034]
   239          344        0.0281513         reflect
  eval: e=0.0277  p=[0.485 0.974 0.232 0.328 0.535 0.065 0.282 0.963 0.733 0.035]
  eval: e=0.9669  p=[0.504 1.000 0.198 0.313 0.527 0.071 0.302 0.985 0.733 0.029]
   240          346        0.0276974         reflect
  eval: e=12.7988  p=[0.470 1.000 0.204 0.305 0.518 0.063 0.304 1.000 0.697 0.031]
  eval: e=0.0295  p=[0.467 0.911 0.286 0.356 0.551 0.058 0.249 0.911 0.747 0.044]
   241          348        0.0276974         contract inside
  eval: e=0.0290  p=[0.487 0.991 0.205 0.284 0.552 0.073 0.300 0.993 0.663 0.029]
   242          349        0.0276974         reflect
  eval: e=21.5828  p=[0.486 1.000 0.185 0.286 0.525 0.070 0.314 1.000 0.685 0.027]
  eval: e=0.0293  p=[0.466 0.923 0.277 0.348 0.550 0.059 0.255 0.924 0.734 0.043]
   243          351        0.0276974         contract inside
  eval: e=0.0287  p=[0.477 0.933 0.271 0.354 0.537 0.060 0.260 0.923 0.754 0.042]
   244          352        0.0276974         reflect
  eval: e=0.0289  p=[0.489 0.920 0.260 0.338 0.561 0.069 0.264 0.914 0.717 0.037]
   245          353        0.0276974         reflect
  eval: e=0.0269  p=[0.502 0.983 0.209 0.313 0.546 0.073 0.291 0.967 0.718 0.030]
  eval: e=2.6314  p=[0.526 1.000 0.167 0.294 0.548 0.082 0.310 0.987 0.713 0.022]
   246          355        0.0269381         reflect
  eval: e=0.2047  p=[0.495 1.000 0.199 0.300 0.537 0.073 0.302 0.994 0.693 0.028]
  eval: e=0.0287  p=[0.474 0.934 0.264 0.342 0.548 0.062 0.262 0.932 0.734 0.040]
   247          357        0.0269381         contract inside
  eval: e=0.0291  p=[0.486 0.937 0.235 0.326 0.576 0.070 0.261 0.938 0.733 0.035]
   248          358        0.0269381         reflect
  eval: e=0.0279  p=[0.493 0.960 0.230 0.326 0.552 0.069 0.275 0.946 0.738 0.034]
   249          359        0.0269381         reflect
  eval: e=0.0267  p=[0.504 0.990 0.197 0.305 0.550 0.076 0.294 0.976 0.716 0.028]
  eval: e=6.0194  p=[0.523 1.000 0.158 0.283 0.550 0.084 0.313 1.000 0.707 0.020]
   250          361        0.0267461         reflect
  eval: e=0.0282  p=[0.488 0.987 0.232 0.322 0.520 0.065 0.295 0.971 0.713 0.034]
   251          362        0.0267461         reflect
  eval: e=0.0287  p=[0.487 0.931 0.266 0.372 0.537 0.061 0.255 0.910 0.794 0.041]
   252          363        0.0267461         reflect
  eval: e=0.0288  p=[0.483 0.951 0.255 0.338 0.539 0.059 0.269 0.937 0.761 0.040]
   253          364        0.0267461         reflect
  eval: e=0.0858  p=[0.484 1.000 0.219 0.327 0.521 0.060 0.286 0.985 0.764 0.035]
  eval: e=0.0283  p=[0.487 0.941 0.250 0.335 0.551 0.067 0.269 0.932 0.729 0.037]
   254          366        0.0267461         contract inside
  eval: e=0.0289  p=[0.489 0.969 0.223 0.327 0.546 0.072 0.282 0.961 0.714 0.032]
  eval: e=0.0280  p=[0.485 0.956 0.247 0.335 0.540 0.062 0.272 0.943 0.749 0.038]
   255          368        0.0267461         contract inside
  eval: e=0.0267  p=[0.501 0.991 0.211 0.321 0.535 0.069 0.290 0.969 0.745 0.031]
  eval: e=3.6618  p=[0.515 1.000 0.184 0.311 0.529 0.073 0.304 0.987 0.750 0.027]
   256          370        0.0267045         reflect
  eval: e=0.3080  p=[0.491 1.000 0.197 0.281 0.546 0.072 0.305 1.000 0.675 0.028]
  eval: e=0.0281  p=[0.488 0.950 0.249 0.349 0.539 0.064 0.267 0.933 0.764 0.038]
   257          372        0.0267045         contract inside
  eval: e=0.4302  p=[0.503 1.000 0.188 0.298 0.546 0.074 0.301 0.991 0.717 0.027]
  eval: e=0.0280  p=[0.483 0.952 0.250 0.340 0.539 0.063 0.270 0.940 0.745 0.038]
   258          374        0.0267045         contract inside
  eval: e=0.0456  p=[0.492 1.000 0.210 0.318 0.530 0.066 0.291 0.984 0.745 0.032]
  eval: e=0.0278  p=[0.488 0.956 0.240 0.331 0.546 0.067 0.275 0.945 0.733 0.036]
   259          376        0.0267045         contract inside
  eval: e=0.0292  p=[0.492 0.949 0.229 0.333 0.566 0.068 0.262 0.939 0.764 0.035]
  eval: e=0.0275  p=[0.489 0.977 0.231 0.325 0.531 0.066 0.287 0.963 0.726 0.034]
   260          378        0.0267045         contract inside
  eval: e=0.0270  p=[0.516 0.970 0.220 0.330 0.536 0.077 0.291 0.938 0.726 0.030]
   261          379        0.0267045         reflect
  eval: e=0.0266  p=[0.501 0.992 0.204 0.301 0.543 0.074 0.298 0.977 0.702 0.029]
  eval: e=1.6867  p=[0.508 1.000 0.182 0.277 0.545 0.079 0.314 0.999 0.670 0.024]
   262          381        0.0266427         reflect
  eval: e=0.0263  p=[0.509 0.998 0.194 0.303 0.544 0.076 0.301 0.977 0.712 0.027]
  eval: e=4.5594  p=[0.522 1.000 0.165 0.285 0.546 0.082 0.316 0.996 0.696 0.021]
   263          383        0.0263423         reflect
  eval: e=0.0863  p=[0.513 1.000 0.187 0.302 0.543 0.080 0.305 0.981 0.700 0.025]
  eval: e=0.0274  p=[0.492 0.967 0.232 0.327 0.541 0.067 0.280 0.952 0.737 0.035]
   264          385        0.0263423         contract inside
  eval: e=0.0270  p=[0.505 1.000 0.204 0.310 0.530 0.073 0.302 0.979 0.712 0.028]
   265          386        0.0263423         reflect
  eval: e=1.6505  p=[0.512 1.000 0.187 0.302 0.532 0.076 0.308 0.988 0.712 0.026]
  eval: e=0.0273  p=[0.494 0.970 0.227 0.324 0.542 0.069 0.283 0.955 0.728 0.033]
   266          388        0.0263423         contract inside
  eval: e=0.0263  p=[0.518 0.994 0.193 0.304 0.545 0.079 0.302 0.968 0.711 0.026]
  eval: e=0.1363  p=[0.534 1.000 0.174 0.292 0.550 0.086 0.311 0.971 0.701 0.022]
   267          390        0.0263307         reflect
  eval: e=0.0265  p=[0.520 0.994 0.187 0.303 0.551 0.080 0.300 0.969 0.715 0.025]
   268          391        0.0263307         reflect
  eval: e=0.8072  p=[0.522 1.000 0.177 0.296 0.543 0.082 0.310 0.983 0.700 0.023]
  eval: e=0.0270  p=[0.499 0.978 0.218 0.319 0.542 0.071 0.288 0.960 0.728 0.032]
   269          393        0.0263307         contract inside
  eval: e=0.6310  p=[0.521 1.000 0.181 0.298 0.542 0.080 0.308 0.981 0.709 0.024]
  eval: e=0.0270  p=[0.501 0.979 0.215 0.317 0.542 0.072 0.289 0.962 0.723 0.031]
   270          395        0.0263307         contract inside
  eval: e=1.0786  p=[0.496 1.000 0.186 0.290 0.550 0.072 0.300 1.000 0.711 0.027]
  eval: e=0.0268  p=[0.511 0.980 0.212 0.320 0.539 0.075 0.293 0.954 0.722 0.029]
   271          397        0.0263307         contract inside
  eval: e=0.0276  p=[0.509 0.976 0.204 0.311 0.558 0.076 0.287 0.956 0.727 0.029]
  eval: e=0.0267  p=[0.506 0.994 0.204 0.310 0.537 0.074 0.298 0.974 0.716 0.029]
   272          399        0.0263307         contract inside
  eval: e=0.0401  p=[0.515 1.000 0.187 0.300 0.545 0.079 0.304 0.979 0.708 0.025]
  eval: e=0.0268  p=[0.503 0.984 0.210 0.314 0.542 0.073 0.292 0.965 0.723 0.030]
   273          401        0.0263307         contract inside
  eval: e=0.0272  p=[0.514 1.000 0.189 0.302 0.544 0.078 0.302 0.977 0.713 0.026]
  eval: e=0.0268  p=[0.504 0.985 0.209 0.313 0.543 0.073 0.293 0.966 0.721 0.030]
   274          403        0.0263307         contract inside
  eval: e=0.0262  p=[0.514 0.997 0.196 0.306 0.540 0.077 0.301 0.972 0.718 0.027]
  eval: e=0.1785  p=[0.519 1.000 0.189 0.302 0.536 0.079 0.306 0.975 0.718 0.025]
   275          405        0.0262218         reflect
  eval: e=0.1628  p=[0.505 1.000 0.189 0.297 0.547 0.075 0.300 0.988 0.714 0.027]
  eval: e=0.0266  p=[0.509 0.986 0.206 0.314 0.541 0.075 0.295 0.963 0.720 0.029]
   276          407        0.0262218         contract inside
  eval: e=0.0273  p=[0.514 1.000 0.190 0.302 0.543 0.078 0.303 0.977 0.712 0.026]
  eval: e=0.0266  p=[0.506 0.988 0.205 0.311 0.543 0.074 0.294 0.968 0.720 0.029]
   277          409        0.0262218         contract inside
  eval: e=0.0262  p=[0.513 1.000 0.191 0.302 0.543 0.077 0.302 0.977 0.715 0.026]
  eval: e=0.5907  p=[0.518 1.000 0.182 0.297 0.543 0.079 0.307 0.982 0.712 0.024]
   278          411        0.0262006         reflect
  eval: e=0.0262  p=[0.515 0.996 0.201 0.310 0.534 0.075 0.303 0.966 0.719 0.028]
   279          412        0.0262006         reflect
  eval: e=0.0263  p=[0.521 0.997 0.186 0.292 0.549 0.083 0.309 0.974 0.685 0.024]
   280          413        0.0262006         reflect
  eval: e=0.0264  p=[0.520 0.994 0.189 0.299 0.550 0.080 0.302 0.968 0.708 0.025]
   281          414        0.0262006         reflect
  eval: e=0.1875  p=[0.518 1.000 0.183 0.292 0.547 0.080 0.307 0.980 0.701 0.024]
  eval: e=0.0265  p=[0.512 0.990 0.200 0.308 0.543 0.076 0.298 0.967 0.715 0.028]
   282          416        0.0262006         contract inside
  eval: e=0.0264  p=[0.528 0.998 0.184 0.306 0.545 0.082 0.304 0.965 0.722 0.024]
   283          417        0.0262006         reflect
  eval: e=0.1614  p=[0.528 1.000 0.179 0.295 0.546 0.083 0.310 0.973 0.704 0.023]
  eval: e=0.0264  p=[0.512 0.992 0.199 0.307 0.543 0.076 0.298 0.969 0.716 0.027]
   284          419        0.0262006         contract inside
  eval: e=0.0262  p=[0.513 0.997 0.199 0.305 0.536 0.076 0.304 0.972 0.709 0.027]
  eval: e=0.0263  p=[0.509 0.999 0.205 0.306 0.528 0.074 0.306 0.973 0.706 0.028]
   285          421        0.0261846         reflect
  eval: e=0.0712  p=[0.521 1.000 0.186 0.298 0.543 0.080 0.307 0.974 0.708 0.024]
  eval: e=0.0264  p=[0.514 0.993 0.197 0.306 0.543 0.077 0.300 0.969 0.713 0.027]
   286          423        0.0261846         contract inside
  eval: e=0.0362  p=[0.522 1.000 0.187 0.299 0.542 0.080 0.307 0.973 0.706 0.024]
  eval: e=0.0263  p=[0.514 0.994 0.196 0.305 0.543 0.077 0.301 0.970 0.714 0.027]
   287          425        0.0261846         contract inside
  eval: e=0.0266  p=[0.502 0.994 0.204 0.300 0.540 0.074 0.301 0.978 0.699 0.029]
  eval: e=0.0263  p=[0.522 0.997 0.189 0.305 0.544 0.080 0.303 0.968 0.716 0.025]
   288          427        0.0261846         contract inside
  eval: e=0.0264  p=[0.511 0.998 0.200 0.309 0.534 0.075 0.303 0.974 0.715 0.027]
  eval: e=0.0263  p=[0.513 0.997 0.197 0.306 0.538 0.076 0.303 0.973 0.713 0.027]
   289          429        0.0261846         contract outside
  eval: e=0.0262  p=[0.517 1.000 0.191 0.302 0.540 0.078 0.305 0.974 0.709 0.026]
   290          430        0.0261846         reflect
  eval: e=0.0261  p=[0.522 0.996 0.194 0.304 0.539 0.080 0.306 0.965 0.709 0.026]
  eval: e=0.0261  p=[0.529 0.995 0.194 0.305 0.536 0.082 0.308 0.959 0.708 0.025]
   291          432        0.0260983         expand
  eval: e=0.0260  p=[0.521 1.000 0.192 0.302 0.538 0.079 0.307 0.971 0.707 0.025]
  eval: e=0.0973  p=[0.524 1.000 0.190 0.300 0.535 0.080 0.311 0.971 0.704 0.024]
   292          434        0.0260099         reflect
  eval: e=0.0499  p=[0.518 1.000 0.194 0.303 0.534 0.078 0.307 0.973 0.708 0.026]
  eval: e=0.0262  p=[0.518 0.996 0.193 0.304 0.542 0.079 0.303 0.969 0.711 0.026]
   293          436        0.0260099         contract inside
  eval: e=0.0263  p=[0.513 0.998 0.203 0.318 0.529 0.073 0.299 0.967 0.740 0.029]
  eval: e=0.0262  p=[0.515 0.998 0.199 0.311 0.534 0.075 0.301 0.968 0.726 0.027]
   294          438        0.0260099         contract outside
  eval: e=0.0262  p=[0.522 0.998 0.192 0.304 0.539 0.079 0.305 0.967 0.715 0.025]
   295          439        0.0260099         reflect
  eval: e=0.0261  p=[0.514 0.998 0.201 0.305 0.533 0.076 0.305 0.971 0.711 0.027]
   296          440        0.0260099         reflect
  eval: e=0.0261  p=[0.517 1.000 0.198 0.307 0.532 0.076 0.305 0.970 0.717 0.027]
   297          441        0.0260099         reflect
  eval: e=0.0260  p=[0.522 0.999 0.196 0.305 0.533 0.078 0.308 0.967 0.709 0.026]
  eval: e=0.0281  p=[0.525 1.000 0.196 0.304 0.530 0.079 0.311 0.965 0.704 0.026]
   298          443        0.0259806         reflect
  eval: e=0.0346  p=[0.521 1.000 0.190 0.299 0.539 0.080 0.307 0.973 0.706 0.025]
  eval: e=0.0261  p=[0.517 0.997 0.198 0.308 0.535 0.077 0.304 0.968 0.716 0.027]
   299          445        0.0259806         contract inside
  eval: e=0.0261  p=[0.520 0.996 0.200 0.309 0.532 0.077 0.305 0.964 0.717 0.027]
   300          446        0.0259806         reflect
  eval: e=0.0260  p=[0.522 0.998 0.193 0.299 0.537 0.080 0.309 0.969 0.698 0.025]
  eval: e=0.0259  p=[0.525 0.999 0.191 0.293 0.539 0.082 0.313 0.969 0.684 0.024]
   301          448        0.0259017         expand
  eval: e=0.0260  p=[0.526 0.996 0.201 0.306 0.527 0.079 0.311 0.959 0.704 0.026]
   302          449        0.0259017         reflect
  eval: e=0.0260  p=[0.530 0.998 0.193 0.304 0.533 0.081 0.310 0.961 0.708 0.025]
   303          450        0.0259017         reflect
  eval: e=0.0260  p=[0.522 0.998 0.200 0.305 0.528 0.078 0.310 0.965 0.701 0.026]
   304          451        0.0259017         reflect
  eval: e=0.0258  p=[0.528 0.999 0.195 0.301 0.531 0.081 0.312 0.963 0.698 0.025]
  eval: e=0.0256  p=[0.534 0.999 0.194 0.297 0.529 0.084 0.317 0.961 0.688 0.024]
   305          453        0.0256474         expand
  eval: e=0.0260  p=[0.528 1.000 0.192 0.297 0.534 0.082 0.314 0.967 0.690 0.024]
   306          454        0.0256474         reflect
  eval: e=0.0258  p=[0.537 0.999 0.189 0.299 0.533 0.085 0.316 0.959 0.692 0.023]
   307          455        0.0256474         reflect
  eval: e=0.0257  p=[0.538 0.996 0.191 0.296 0.534 0.086 0.317 0.957 0.682 0.023]
   308          456        0.0256474         reflect
  eval: e=0.0790  p=[0.527 1.000 0.194 0.296 0.530 0.081 0.317 0.968 0.685 0.024]
  eval: e=0.0260  p=[0.529 0.996 0.194 0.303 0.534 0.082 0.310 0.961 0.702 0.025]
   309          458        0.0256474         contract inside
  eval: e=0.0260  p=[0.529 0.996 0.197 0.305 0.532 0.081 0.310 0.959 0.705 0.025]
   310          459        0.0256474         reflect
  eval: e=0.0258  p=[0.537 0.996 0.197 0.301 0.527 0.084 0.317 0.953 0.688 0.024]
   311          460        0.0256474         reflect
  eval: e=0.0258  p=[0.530 0.997 0.197 0.298 0.530 0.082 0.316 0.961 0.683 0.024]
   312          461        0.0256474         reflect
  eval: e=0.0257  p=[0.531 0.999 0.193 0.295 0.531 0.083 0.317 0.963 0.682 0.024]
   313          462        0.0256474         reflect
  eval: e=0.0256  p=[0.540 0.996 0.194 0.294 0.530 0.087 0.321 0.954 0.673 0.023]
  eval: e=0.0255  p=[0.550 0.994 0.193 0.288 0.528 0.091 0.327 0.948 0.655 0.021]
   314          464        0.0254853         expand
  eval: e=0.0256  p=[0.537 0.998 0.195 0.293 0.527 0.085 0.322 0.957 0.670 0.023]
   315          465        0.0254853         reflect
  eval: e=0.0255  p=[0.547 0.996 0.188 0.289 0.533 0.090 0.325 0.952 0.664 0.021]
   316          466        0.0254853         reflect
  eval: e=0.0256  p=[0.547 0.998 0.185 0.284 0.535 0.091 0.327 0.957 0.654 0.020]
   317          467        0.0254853         reflect
  eval: e=0.0254  p=[0.552 0.996 0.193 0.295 0.523 0.090 0.327 0.945 0.668 0.021]
  eval: e=0.0254  p=[0.566 0.994 0.195 0.295 0.515 0.094 0.334 0.933 0.659 0.020]
   318          469        0.0254228         expand
  eval: e=0.0254  p=[0.555 0.997 0.187 0.289 0.528 0.092 0.328 0.947 0.664 0.020]
  eval: e=0.0253  p=[0.568 0.998 0.182 0.285 0.527 0.097 0.334 0.941 0.654 0.018]
   319          471        0.0252735         expand
  eval: e=0.0254  p=[0.554 0.995 0.193 0.286 0.524 0.092 0.331 0.946 0.647 0.020]
   320          472        0.0252735         reflect
  eval: e=0.0255  p=[0.557 0.998 0.184 0.281 0.529 0.095 0.333 0.950 0.643 0.019]
   321          473        0.0252735         reflect
  eval: e=0.0252  p=[0.560 0.997 0.190 0.283 0.521 0.095 0.336 0.945 0.641 0.019]
  eval: e=0.0252  p=[0.571 0.998 0.189 0.276 0.515 0.099 0.345 0.938 0.621 0.017]
   322          475        0.0252089         reflect
  eval: e=0.0250  p=[0.573 0.995 0.186 0.281 0.522 0.100 0.340 0.935 0.634 0.017]
  eval: e=0.0247  p=[0.594 0.992 0.183 0.273 0.517 0.108 0.352 0.921 0.609 0.014]
   323          477        0.0246981         expand
  eval: e=0.0252  p=[0.582 0.993 0.184 0.274 0.522 0.104 0.348 0.929 0.611 0.015]
   324          478        0.0246981         reflect
  eval: e=0.0251  p=[0.576 0.993 0.193 0.286 0.514 0.099 0.342 0.927 0.637 0.018]
   325          479        0.0246981         reflect
  eval: e=0.0247  p=[0.593 0.992 0.182 0.275 0.519 0.108 0.350 0.921 0.614 0.014]
   326          480        0.0246981         reflect
  eval: e=0.0248  p=[0.593 0.993 0.188 0.277 0.511 0.106 0.353 0.920 0.610 0.015]
   327          481        0.0246981         reflect
  eval: e=0.0246  p=[0.599 0.995 0.182 0.274 0.512 0.108 0.355 0.919 0.610 0.013]
  eval: e=0.0243  p=[0.623 0.996 0.176 0.268 0.504 0.117 0.369 0.904 0.588 0.010]
   328          483        0.0242724         expand
  eval: e=0.0250  p=[0.605 0.991 0.189 0.279 0.506 0.109 0.356 0.907 0.611 0.014]
   329          484        0.0242724         reflect
  eval: e=0.0250  p=[0.604 0.994 0.177 0.262 0.518 0.113 0.360 0.919 0.585 0.011]
   330          485        0.0242724         reflect
  eval: e=0.0242  p=[0.625 0.993 0.176 0.266 0.508 0.119 0.368 0.901 0.585 0.009]
  eval: e=0.0240  p=[0.661 0.991 0.167 0.257 0.501 0.132 0.387 0.878 0.555 0.004]
   331          487         0.024021         expand
  eval: e=0.0252  p=[0.631 0.989 0.183 0.261 0.500 0.121 0.377 0.893 0.558 0.009]
  eval: e=0.0246  p=[0.615 0.991 0.183 0.267 0.507 0.115 0.366 0.905 0.582 0.011]
   332          489         0.024021         contract outside
  eval: e=0.0242  p=[0.649 0.988 0.175 0.261 0.502 0.127 0.381 0.882 0.559 0.006]
   333          490         0.024021         reflect
  eval: e=0.0247  p=[0.640 0.991 0.178 0.267 0.498 0.123 0.376 0.887 0.579 0.008]
   334          491         0.024021         reflect
  eval: e=0.0245  p=[0.659 0.991 0.167 0.251 0.503 0.133 0.388 0.882 0.542 0.003]
   335          492         0.024021         reflect
  eval: e=0.0254  p=[0.643 0.990 0.180 0.273 0.495 0.122 0.375 0.882 0.585 0.008]
  eval: e=0.0245  p=[0.613 0.993 0.178 0.265 0.512 0.115 0.364 0.910 0.585 0.011]
   336          494         0.024021         contract inside
  eval: e=0.0248  p=[0.643 0.993 0.166 0.253 0.509 0.128 0.381 0.895 0.553 0.005]
  eval: e=0.0243  p=[0.634 0.992 0.172 0.259 0.508 0.123 0.375 0.898 0.568 0.007]
   337          496         0.024021         contract outside
  eval: e=0.0239  p=[0.664 0.991 0.164 0.252 0.504 0.134 0.389 0.877 0.547 0.003]
  eval: e=0.1174  p=[0.699 0.990 0.152 0.239 0.500 0.148 0.406 0.856 0.515 0.000]
   338          498         0.023888         reflect
  eval: e=0.0249  p=[0.677 0.991 0.167 0.249 0.492 0.138 0.399 0.867 0.529 0.001]
  eval: e=0.0244  p=[0.614 0.992 0.178 0.268 0.512 0.115 0.362 0.908 0.593 0.011]
   339          500         0.023888         contract inside
  eval: e=0.0251  p=[0.625 0.992 0.170 0.257 0.517 0.121 0.371 0.905 0.566 0.008]
  eval: e=0.0242  p=[0.637 0.992 0.176 0.264 0.502 0.122 0.374 0.892 0.576 0.008]
   340          502         0.023888         contract inside
  eval: e=0.0247  p=[0.680 0.991 0.164 0.249 0.494 0.139 0.399 0.866 0.529 0.001]
  eval: e=0.0244  p=[0.615 0.992 0.178 0.267 0.512 0.116 0.364 0.907 0.589 0.011]
   341          504         0.023888         contract inside
  eval: e=0.0238  p=[0.659 0.993 0.163 0.255 0.505 0.132 0.385 0.882 0.558 0.004]
  eval: e=0.0236  p=[0.681 0.993 0.153 0.249 0.505 0.140 0.394 0.870 0.546 0.000]
   342          506        0.0236422         expand
  eval: e=0.0245  p=[0.619 0.993 0.177 0.271 0.510 0.116 0.363 0.903 0.599 0.010]
  eval: e=0.0242  p=[0.629 0.992 0.174 0.266 0.508 0.120 0.370 0.898 0.585 0.009]
   343          508        0.0236422         contract outside
  eval: e=0.0242  p=[0.668 0.991 0.165 0.258 0.499 0.134 0.389 0.873 0.556 0.003]
   344          509        0.0236422         reflect
  eval: e=0.0242  p=[0.678 0.992 0.162 0.252 0.497 0.138 0.396 0.868 0.541 0.001]
   345          510        0.0236422         reflect
  eval: e=0.0276  p=[0.690 0.992 0.159 0.250 0.495 0.142 0.401 0.861 0.534 0.000]
  eval: e=0.0241  p=[0.634 0.992 0.173 0.263 0.507 0.122 0.373 0.896 0.576 0.008]
   346          512        0.0236422         contract inside
  eval: e=0.0248  p=[0.671 0.991 0.165 0.258 0.498 0.134 0.390 0.870 0.558 0.003]
  eval: e=0.0240  p=[0.643 0.992 0.170 0.259 0.506 0.126 0.378 0.891 0.565 0.006]
   347          514        0.0236422         contract inside
  eval: e=0.0249  p=[0.685 0.987 0.160 0.248 0.502 0.142 0.397 0.861 0.533 0.000]
  eval: e=0.0241  p=[0.639 0.994 0.172 0.263 0.504 0.123 0.376 0.893 0.574 0.007]
   348          516        0.0236422         contract inside
  eval: e=0.0237  p=[0.673 0.992 0.159 0.251 0.504 0.137 0.392 0.873 0.545 0.001]
   349          517        0.0236422         reflect
  eval: e=0.0240  p=[0.642 0.992 0.169 0.257 0.508 0.126 0.378 0.892 0.562 0.006]
   350          518        0.0236422         reflect
  eval: e=0.0242  p=[0.625 0.992 0.173 0.264 0.513 0.120 0.368 0.902 0.582 0.009]
   351          519        0.0236422         reflect
  eval: e=0.0240  p=[0.673 0.991 0.161 0.249 0.503 0.137 0.393 0.873 0.537 0.001]
   352          520        0.0236422         reflect
  eval: e=0.0236  p=[0.658 0.996 0.158 0.252 0.508 0.132 0.385 0.888 0.559 0.003]
  eval: e=0.0252  p=[0.663 1.000 0.150 0.248 0.511 0.135 0.387 0.891 0.558 0.001]
   353          522        0.0235712         reflect
  eval: e=0.0330  p=[0.689 0.993 0.156 0.247 0.497 0.142 0.401 0.864 0.531 0.000]
  eval: e=0.0239  p=[0.641 0.992 0.169 0.259 0.509 0.125 0.376 0.893 0.569 0.006]
   354          524        0.0235712         contract inside
  eval: e=0.0237  p=[0.675 0.991 0.156 0.247 0.507 0.139 0.393 0.873 0.538 0.000]
   355          525        0.0235712         reflect
  eval: e=0.0501  p=[0.688 0.992 0.152 0.243 0.504 0.144 0.400 0.866 0.529 0.000]
  eval: e=0.0239  p=[0.648 0.992 0.168 0.258 0.506 0.128 0.380 0.888 0.564 0.005]
   356          527        0.0235712         contract inside
  eval: e=0.0238  p=[0.681 0.992 0.156 0.250 0.502 0.140 0.395 0.868 0.542 0.000]
   357          528        0.0235712         reflect
  eval: e=0.0238  p=[0.652 0.994 0.163 0.258 0.508 0.129 0.380 0.887 0.569 0.005]
   358          529        0.0235712         reflect
  eval: e=0.0285  p=[0.684 0.993 0.152 0.247 0.505 0.141 0.396 0.868 0.541 0.000]
  eval: e=0.0239  p=[0.653 0.992 0.166 0.256 0.506 0.130 0.383 0.885 0.559 0.004]
   359          531        0.0235712         contract inside
  eval: e=0.0235  p=[0.664 0.994 0.156 0.250 0.511 0.135 0.386 0.883 0.553 0.002]
  eval: e=0.0233  p=[0.665 0.995 0.150 0.246 0.517 0.136 0.386 0.885 0.552 0.001]
   360          533        0.0233034         expand
  eval: e=0.0528  p=[0.689 0.993 0.150 0.244 0.504 0.144 0.399 0.867 0.535 0.000]
  eval: e=0.0238  p=[0.653 0.992 0.164 0.256 0.508 0.130 0.382 0.886 0.561 0.004]
   361          535        0.0233034         contract inside
  eval: e=0.0340  p=[0.684 0.993 0.150 0.245 0.507 0.142 0.396 0.871 0.539 0.000]
  eval: e=0.0238  p=[0.657 0.992 0.163 0.255 0.507 0.131 0.384 0.884 0.558 0.004]
   362          537        0.0233034         contract inside
  eval: e=0.0234  p=[0.666 0.995 0.154 0.252 0.511 0.135 0.386 0.883 0.559 0.002]
   363          538        0.0233034         reflect
  eval: e=0.0247  p=[0.679 0.994 0.150 0.247 0.510 0.140 0.393 0.874 0.546 0.000]
  eval: e=0.0237  p=[0.660 0.993 0.162 0.254 0.507 0.132 0.385 0.882 0.556 0.003]
   364          540        0.0233034         contract inside
  eval: e=0.0284  p=[0.682 0.993 0.152 0.244 0.507 0.141 0.396 0.872 0.534 0.000]
  eval: e=0.0237  p=[0.659 0.993 0.160 0.254 0.508 0.132 0.384 0.883 0.560 0.003]
   365          542        0.0233034         contract inside
  eval: e=0.0237  p=[0.648 0.994 0.160 0.253 0.514 0.129 0.379 0.893 0.564 0.005]
   366          543        0.0233034         reflect
  eval: e=0.0233  p=[0.676 0.995 0.151 0.247 0.509 0.139 0.392 0.877 0.547 0.000]
   367          544        0.0233034         reflect
  eval: e=0.0233  p=[0.676 0.995 0.149 0.246 0.511 0.139 0.391 0.878 0.547 0.000]
  eval: e=0.0639  p=[0.685 0.996 0.142 0.242 0.514 0.143 0.395 0.875 0.542 0.000]
   368          546        0.0232882         reflect
  eval: e=0.0233  p=[0.660 0.996 0.152 0.249 0.515 0.134 0.383 0.889 0.561 0.002]
   369          547        0.0232882         reflect
  eval: e=0.0236  p=[0.655 0.998 0.153 0.254 0.514 0.130 0.380 0.893 0.572 0.003]
   370          548        0.0232882         reflect
  eval: e=0.0232  p=[0.669 0.998 0.146 0.247 0.516 0.137 0.387 0.885 0.557 0.001]
  eval: e=0.0277  p=[0.674 1.000 0.139 0.243 0.520 0.139 0.388 0.887 0.558 0.000]
   371          550        0.0231697         reflect
  eval: e=0.0425  p=[0.685 0.996 0.145 0.246 0.509 0.142 0.395 0.873 0.548 0.000]
  eval: e=0.0235  p=[0.657 0.995 0.156 0.251 0.513 0.132 0.383 0.888 0.560 0.003]
   372          552        0.0231697         contract inside
  eval: e=0.0233  p=[0.673 0.998 0.144 0.244 0.516 0.139 0.389 0.884 0.552 0.000]
   373          553        0.0231697         reflect
  eval: e=0.0235  p=[0.650 0.999 0.150 0.249 0.521 0.131 0.379 0.899 0.567 0.003]
   374          554        0.0231697         reflect
  eval: e=0.0231  p=[0.671 0.996 0.143 0.245 0.520 0.138 0.386 0.885 0.556 0.000]
  eval: e=0.0387  p=[0.678 0.997 0.136 0.241 0.526 0.141 0.387 0.883 0.555 0.000]
   375          556        0.0230878         reflect
  eval: e=0.0330  p=[0.678 0.994 0.146 0.241 0.516 0.141 0.392 0.878 0.539 0.000]
  eval: e=0.0234  p=[0.661 0.997 0.152 0.251 0.514 0.133 0.383 0.889 0.564 0.002]
   376          558        0.0230878         contract inside
  eval: e=0.0302  p=[0.685 0.993 0.150 0.247 0.507 0.142 0.395 0.869 0.544 0.000]
  eval: e=0.0233  p=[0.659 0.997 0.150 0.248 0.518 0.133 0.383 0.892 0.561 0.002]
   377          560        0.0230878         contract inside
  eval: e=0.0318  p=[0.678 0.997 0.142 0.243 0.517 0.140 0.390 0.881 0.551 0.000]
  eval: e=0.0234  p=[0.663 0.996 0.153 0.249 0.514 0.134 0.385 0.886 0.558 0.002]
   378          562        0.0230878         contract inside
  eval: e=0.0231  p=[0.669 0.997 0.144 0.242 0.519 0.138 0.387 0.888 0.552 0.000]
   379          563        0.0230878         reflect
  eval: e=0.0262  p=[0.676 0.995 0.145 0.242 0.517 0.140 0.390 0.881 0.545 0.000]
  eval: e=0.0233  p=[0.664 0.997 0.150 0.248 0.515 0.135 0.385 0.887 0.559 0.002]
   380          565        0.0230878         contract inside
  eval: e=0.0244  p=[0.674 0.997 0.143 0.243 0.518 0.139 0.389 0.884 0.551 0.000]
  eval: e=0.0233  p=[0.665 0.996 0.150 0.248 0.515 0.135 0.386 0.886 0.556 0.001]
   381          567        0.0230878         contract inside
  eval: e=0.0265  p=[0.679 0.995 0.146 0.244 0.513 0.141 0.392 0.877 0.547 0.000]
  eval: e=0.0233  p=[0.664 0.997 0.149 0.247 0.517 0.135 0.385 0.888 0.558 0.001]
   382          569        0.0230878         contract inside
  eval: e=0.0297  p=[0.678 0.996 0.144 0.243 0.516 0.140 0.392 0.879 0.546 0.000]
  eval: e=0.0233  p=[0.665 0.996 0.150 0.247 0.515 0.135 0.385 0.887 0.557 0.001]
   383          571        0.0230878         contract inside
  eval: e=0.0232  p=[0.661 0.998 0.144 0.245 0.523 0.135 0.382 0.894 0.563 0.001]
   384          572        0.0230878         reflect
  eval: e=0.0231  p=[0.670 0.999 0.144 0.246 0.517 0.137 0.387 0.887 0.560 0.000]
   385          573        0.0230878         reflect
  eval: e=0.0233  p=[0.662 0.996 0.150 0.248 0.517 0.134 0.383 0.889 0.561 0.002]
  eval: e=0.0232  p=[0.664 0.997 0.149 0.247 0.517 0.135 0.384 0.887 0.559 0.001]
   386          575        0.0230878         contract outside
  eval: e=0.0233  p=[0.657 0.999 0.145 0.247 0.523 0.133 0.379 0.897 0.568 0.002]
  eval: e=0.0232  p=[0.671 0.996 0.148 0.246 0.514 0.138 0.388 0.883 0.552 0.000]
   387          577        0.0230878         contract inside
  eval: e=0.0231  p=[0.670 0.997 0.144 0.244 0.520 0.138 0.386 0.887 0.555 0.000]
  eval: e=0.0250  p=[0.672 0.998 0.141 0.241 0.522 0.139 0.387 0.887 0.553 0.000]
   388          579        0.0230843         reflect
  eval: e=0.0231  p=[0.669 0.998 0.142 0.244 0.521 0.138 0.386 0.888 0.558 0.000]
  eval: e=0.0253  p=[0.671 1.000 0.138 0.242 0.524 0.139 0.386 0.890 0.558 0.000]
   389          581        0.0230614         reflect
  eval: e=0.0232  p=[0.671 0.998 0.141 0.243 0.521 0.138 0.386 0.888 0.557 0.000]
   390          582        0.0230614         reflect
  eval: e=0.0247  p=[0.673 0.998 0.140 0.243 0.521 0.139 0.387 0.886 0.556 0.000]
  eval: e=0.0232  p=[0.666 0.997 0.147 0.246 0.518 0.136 0.385 0.888 0.557 0.001]
   391          584        0.0230614         contract inside
  eval: e=0.0251  p=[0.673 0.999 0.140 0.242 0.521 0.139 0.388 0.887 0.554 0.000]
  eval: e=0.0232  p=[0.667 0.997 0.146 0.246 0.518 0.136 0.385 0.887 0.558 0.001]
   392          586        0.0230614         contract inside
  eval: e=0.0272  p=[0.678 0.997 0.145 0.245 0.514 0.140 0.391 0.879 0.550 0.000]
  eval: e=0.0232  p=[0.665 0.998 0.144 0.245 0.521 0.136 0.384 0.890 0.559 0.001]
   393          588        0.0230614         contract inside
  eval: e=0.0231  p=[0.666 0.999 0.140 0.243 0.524 0.137 0.384 0.892 0.561 0.000]
   394          589        0.0230614         reflect
  eval: e=0.0233  p=[0.671 0.999 0.141 0.243 0.522 0.138 0.386 0.888 0.557 0.000]
  eval: e=0.0231  p=[0.667 0.998 0.145 0.245 0.519 0.137 0.386 0.888 0.557 0.001]
   395          591        0.0230614         contract inside
  eval: e=0.0233  p=[0.671 0.999 0.141 0.243 0.521 0.138 0.386 0.888 0.557 0.000]
  eval: e=0.0231  p=[0.668 0.997 0.145 0.245 0.519 0.137 0.386 0.887 0.557 0.001]
   396          593        0.0230614         contract inside
  eval: e=0.0231  p=[0.668 0.998 0.140 0.242 0.524 0.138 0.384 0.890 0.557 0.000]
   397          594        0.0230614         reflect
  eval: e=0.0241  p=[0.673 0.998 0.141 0.243 0.520 0.139 0.387 0.886 0.555 0.000]
  eval: e=0.0231  p=[0.667 0.998 0.144 0.245 0.520 0.137 0.385 0.889 0.558 0.001]
   398          596        0.0230614         contract inside
  eval: e=0.0232  p=[0.666 0.997 0.146 0.245 0.519 0.136 0.385 0.889 0.558 0.001]
  eval: e=0.0231  p=[0.667 0.998 0.144 0.245 0.520 0.137 0.385 0.888 0.557 0.001]
   399          598        0.0230614         contract outside
  eval: e=0.0231  p=[0.666 0.997 0.142 0.242 0.524 0.137 0.384 0.890 0.554 0.000]
  eval: e=0.0231  p=[0.669 0.998 0.144 0.245 0.519 0.137 0.386 0.888 0.558 0.000]
   400          600        0.0230614         contract inside
  eval: e=0.0230  p=[0.669 0.998 0.141 0.243 0.522 0.138 0.385 0.889 0.557 0.000]
  eval: e=0.0236  p=[0.670 0.999 0.139 0.241 0.524 0.139 0.385 0.889 0.557 0.000]
   401          602         0.023044         reflect
  eval: e=0.0230  p=[0.670 0.998 0.140 0.242 0.523 0.138 0.385 0.889 0.557 0.000]
  eval: e=0.0243  p=[0.670 0.999 0.138 0.241 0.525 0.139 0.385 0.890 0.556 0.000]
   402          604        0.0230409         reflect
  eval: e=0.0232  p=[0.670 0.998 0.140 0.242 0.523 0.138 0.386 0.888 0.556 0.000]
  eval: e=0.0231  p=[0.668 0.998 0.143 0.244 0.520 0.137 0.385 0.888 0.557 0.000]
   403          606        0.0230409         contract inside
  eval: e=0.0233  p=[0.671 0.998 0.141 0.242 0.522 0.139 0.386 0.888 0.555 0.000]
  eval: e=0.0231  p=[0.668 0.998 0.143 0.244 0.521 0.137 0.385 0.889 0.557 0.000]
   404          608        0.0230409         contract inside
  eval: e=0.0231  p=[0.669 0.999 0.140 0.245 0.523 0.138 0.384 0.889 0.563 0.000]
  eval: e=0.0231  p=[0.669 0.998 0.143 0.243 0.520 0.138 0.386 0.888 0.555 0.000]
   405          610        0.0230409         contract inside
  eval: e=0.0231  p=[0.669 0.998 0.140 0.242 0.524 0.138 0.385 0.889 0.556 0.000]
   406          611        0.0230409         reflect
  eval: e=0.0231  p=[0.672 0.996 0.144 0.243 0.520 0.139 0.387 0.885 0.552 0.000]
   407          612        0.0230409         reflect
  eval: e=0.0232  p=[0.671 0.997 0.141 0.242 0.523 0.139 0.386 0.887 0.555 0.000]
  eval: e=0.0231  p=[0.669 0.998 0.143 0.244 0.521 0.138 0.385 0.888 0.557 0.000]
   408          614        0.0230409         contract inside
  eval: e=0.0233  p=[0.671 0.997 0.141 0.242 0.522 0.139 0.386 0.887 0.554 0.000]
  eval: e=0.0231  p=[0.669 0.998 0.143 0.243 0.521 0.138 0.385 0.888 0.557 0.000]
   409          616        0.0230409         contract inside
  eval: e=0.0231  p=[0.667 0.999 0.141 0.241 0.523 0.138 0.385 0.892 0.555 0.000]
   410          617        0.0230409         reflect
  eval: e=0.0231  p=[0.666 1.000 0.140 0.242 0.524 0.137 0.383 0.893 0.561 0.000]
  eval: e=0.0231  p=[0.670 0.997 0.143 0.243 0.521 0.138 0.386 0.887 0.554 0.000]
   411          619        0.0230409         contract inside
  eval: e=0.0231  p=[0.668 0.999 0.139 0.241 0.525 0.138 0.384 0.891 0.557 0.000]
   412          620        0.0230409         reflect
  eval: e=0.0231  p=[0.669 0.999 0.139 0.242 0.525 0.138 0.384 0.890 0.558 0.000]
   413          621        0.0230409         reflect
  eval: e=0.0231  p=[0.669 0.999 0.139 0.241 0.525 0.138 0.385 0.891 0.557 0.000]
  eval: e=0.0231  p=[0.669 0.998 0.142 0.243 0.522 0.138 0.385 0.889 0.557 0.000]
   414          623        0.0230409         contract inside
  eval: e=0.0231  p=[0.669 0.999 0.139 0.241 0.525 0.138 0.385 0.891 0.556 0.000]
  eval: e=0.0231  p=[0.669 0.998 0.142 0.243 0.522 0.138 0.385 0.889 0.557 0.000]
   415          625        0.0230409         contract inside
  eval: e=0.0231  p=[0.671 0.997 0.141 0.244 0.523 0.138 0.385 0.887 0.558 0.000]
   416          626        0.0230409         reflect
  eval: e=0.0230  p=[0.670 0.998 0.142 0.243 0.521 0.138 0.386 0.887 0.556 0.000]
  eval: e=0.0231  p=[0.672 0.997 0.142 0.244 0.520 0.139 0.387 0.886 0.556 0.000]
   417          628        0.0230403         reflect
  eval: e=0.0231  p=[0.670 0.997 0.143 0.244 0.520 0.138 0.386 0.887 0.555 0.000]
   418          629        0.0230403         reflect
  eval: e=0.0231  p=[0.671 0.998 0.143 0.244 0.520 0.138 0.386 0.887 0.557 0.000]
   419          630        0.0230403         reflect
  eval: e=0.0231  p=[0.668 0.999 0.142 0.242 0.521 0.138 0.386 0.890 0.555 0.000]
   420          631        0.0230403         reflect
  eval: e=0.0230  p=[0.669 0.999 0.140 0.242 0.523 0.138 0.385 0.890 0.558 0.000]
   421          632        0.0230403         reflect
  eval: e=0.0230  p=[0.670 0.999 0.141 0.242 0.522 0.138 0.386 0.889 0.556 0.000]
  eval: e=0.0232  p=[0.671 0.999 0.140 0.242 0.522 0.138 0.386 0.889 0.556 0.000]
   422          634        0.0230385         reflect
  eval: e=0.0231  p=[0.670 0.999 0.141 0.242 0.522 0.138 0.386 0.889 0.556 0.000]
  eval: e=0.0231  p=[0.669 0.998 0.141 0.243 0.522 0.138 0.385 0.889 0.557 0.000]
   423          636        0.0230385         contract inside
  eval: e=0.0231  p=[0.668 0.998 0.140 0.241 0.525 0.138 0.385 0.891 0.556 0.000]
  eval: e=0.0230  p=[0.669 0.998 0.140 0.242 0.523 0.138 0.385 0.890 0.556 0.000]
   424          638        0.0230385         contract outside
  eval: e=0.0231  p=[0.669 0.998 0.140 0.241 0.524 0.138 0.385 0.890 0.555 0.000]
  eval: e=0.0230  p=[0.669 0.998 0.141 0.243 0.522 0.138 0.386 0.889 0.557 0.000]
   425          640        0.0230385         contract inside
  eval: e=0.0230  p=[0.668 1.000 0.139 0.242 0.524 0.138 0.384 0.892 0.559 0.000]
   426          641        0.0230385         reflect
  eval: e=0.0232  p=[0.670 0.998 0.139 0.243 0.525 0.138 0.384 0.889 0.559 0.000]
  eval: e=0.0230  p=[0.669 0.999 0.141 0.242 0.522 0.138 0.386 0.890 0.556 0.000]
   427          643        0.0230385         contract inside
  eval: e=0.0230  p=[0.670 0.998 0.142 0.243 0.520 0.138 0.386 0.888 0.556 0.000]
   428          644        0.0230385         reflect
  eval: e=0.0231  p=[0.670 0.999 0.140 0.242 0.523 0.138 0.385 0.890 0.557 0.000]
  eval: e=0.0230  p=[0.669 0.998 0.141 0.243 0.522 0.138 0.385 0.889 0.557 0.000]
   429          646        0.0230385         contract inside
  eval: e=0.0230  p=[0.669 0.999 0.140 0.242 0.523 0.138 0.385 0.890 0.557 0.000]
   430          647        0.0230385         reflect
  eval: e=0.0230  p=[0.670 0.999 0.141 0.243 0.521 0.138 0.386 0.889 0.558 0.000]
  eval: e=0.0231  p=[0.671 0.999 0.141 0.244 0.520 0.138 0.386 0.888 0.559 0.000]
   431          649        0.0230378         reflect
  eval: e=0.0230  p=[0.670 0.998 0.142 0.243 0.521 0.138 0.386 0.888 0.557 0.000]
  eval: e=0.0230  p=[0.669 0.999 0.140 0.242 0.523 0.138 0.385 0.889 0.557 0.000]
   432          651        0.0230329         contract inside
  eval: e=0.0230  p=[0.670 0.999 0.140 0.242 0.522 0.138 0.386 0.889 0.557 0.000]
   433          652        0.0230329         reflect
  eval: e=0.0232  p=[0.670 0.998 0.140 0.243 0.523 0.138 0.385 0.889 0.558 0.000]
  eval: e=0.0230  p=[0.669 0.999 0.141 0.242 0.522 0.138 0.386 0.889 0.557 0.000]
   434          654        0.0230329         contract inside
  eval: e=0.0230  p=[0.669 0.998 0.141 0.243 0.522 0.138 0.385 0.889 0.557 0.000]
  eval: e=0.0230  p=[0.669 0.998 0.141 0.243 0.522 0.138 0.385 0.889 0.557 0.000]
   435          656        0.0230329         contract outside
  eval: e=0.0230  p=[0.670 0.999 0.140 0.242 0.522 0.138 0.386 0.889 0.557 0.000]
  eval: e=0.0230  p=[0.669 0.998 0.141 0.243 0.522 0.138 0.385 0.889 0.557 0.000]
   436          658        0.0230329         contract inside
  eval: e=0.0230  p=[0.669 0.999 0.139 0.241 0.525 0.138 0.385 0.891 0.558 0.000]
   437          659        0.0230329         reflect
  eval: e=0.0230  p=[0.670 0.998 0.141 0.243 0.522 0.138 0.386 0.888 0.556 0.000]
   438          660        0.0230329         reflect
  eval: e=0.0230  p=[0.669 0.999 0.141 0.243 0.522 0.138 0.385 0.889 0.558 0.000]
   439          661        0.0230329         reflect
  eval: e=0.0230  p=[0.671 0.998 0.142 0.244 0.520 0.138 0.387 0.887 0.556 0.000]
  eval: e=0.0230  p=[0.669 0.999 0.140 0.242 0.523 0.138 0.385 0.890 0.557 0.000]
   440          663        0.0230329         contract inside
  eval: e=0.0230  p=[0.668 1.000 0.140 0.242 0.523 0.138 0.385 0.891 0.558 0.000]
   441          664        0.0230329         reflect
  eval: e=0.0230  p=[0.669 0.999 0.140 0.242 0.523 0.138 0.385 0.890 0.558 0.000]
  eval: e=0.0230  p=[0.669 1.000 0.140 0.242 0.523 0.138 0.385 0.890 0.558 0.000]
   442          666        0.0230216         expand
  eval: e=0.0230  p=[0.671 0.998 0.142 0.243 0.521 0.138 0.386 0.887 0.555 0.000]
   443          667        0.0230216         reflect
  eval: e=0.0230  p=[0.670 0.999 0.140 0.242 0.522 0.138 0.386 0.889 0.557 0.000]
   444          668        0.0230216         reflect
  eval: e=0.0230  p=[0.669 0.999 0.140 0.242 0.522 0.138 0.385 0.890 0.558 0.000]
   445          669        0.0230216         reflect
  eval: e=0.0230  p=[0.670 0.999 0.140 0.242 0.522 0.138 0.385 0.889 0.558 0.000]
   446          670        0.0230216         reflect
  eval: e=0.0230  p=[0.669 0.999 0.140 0.242 0.523 0.138 0.385 0.890 0.557 0.000]
   447          671        0.0230216         reflect
  eval: e=0.0231  p=[0.668 1.000 0.138 0.241 0.525 0.138 0.384 0.892 0.560 0.000]
  eval: e=0.0230  p=[0.670 0.998 0.141 0.243 0.522 0.138 0.386 0.888 0.556 0.000]
   448          673        0.0230216         contract inside
  eval: e=0.0230  p=[0.670 0.999 0.141 0.242 0.521 0.138 0.386 0.889 0.557 0.000]
   449          674        0.0230216         reflect
  eval: e=0.0230  p=[0.669 0.999 0.140 0.242 0.523 0.138 0.385 0.890 0.557 0.000]
   450          675        0.0230216         reflect
  eval: e=0.0230  p=[0.670 0.999 0.140 0.242 0.522 0.138 0.386 0.889 0.557 0.000]
  eval: e=0.0230  p=[0.669 0.999 0.140 0.242 0.522 0.138 0.385 0.890 0.558 0.000]
   451          677        0.0230216         contract inside
  eval: e=0.0230  p=[0.669 1.000 0.139 0.242 0.523 0.138 0.385 0.891 0.558 0.000]
   452          678        0.0230216         reflect
  eval: e=0.0230  p=[0.670 0.999 0.141 0.242 0.522 0.138 0.386 0.888 0.557 0.000]
   453          679        0.0230216         reflect
  eval: e=0.0230  p=[0.669 1.000 0.140 0.242 0.522 0.138 0.386 0.890 0.558 0.000]
  eval: e=0.0230  p=[0.669 1.000 0.140 0.242 0.522 0.138 0.386 0.890 0.559 0.000]
   454          681        0.0230162         reflect
  eval: e=0.0230  p=[0.669 1.000 0.139 0.242 0.523 0.138 0.385 0.891 0.559 0.000]
   455          682        0.0230162         reflect
  eval: e=0.0230  p=[0.669 1.000 0.140 0.242 0.523 0.138 0.386 0.890 0.558 0.000]
  eval: e=0.0230  p=[0.669 0.999 0.140 0.242 0.523 0.138 0.385 0.890 0.558 0.000]
   456          684        0.0230162         contract outside
  eval: e=0.0230  p=[0.669 1.000 0.140 0.241 0.523 0.138 0.385 0.891 0.557 0.000]
  eval: e=0.0230  p=[0.668 1.000 0.140 0.241 0.523 0.138 0.385 0.891 0.557 0.000]
   457          686        0.0230162         reflect
  eval: e=0.0230  p=[0.670 1.000 0.140 0.242 0.522 0.138 0.386 0.890 0.558 0.000]
  eval: e=0.0230  p=[0.669 0.999 0.140 0.242 0.523 0.138 0.385 0.890 0.557 0.000]
   458          688        0.0230162         contract inside
  eval: e=0.0230  p=[0.669 1.000 0.140 0.242 0.522 0.138 0.385 0.890 0.558 0.000]
   459          689        0.0230162         reflect
  eval: e=0.0256  p=[0.668 1.000 0.139 0.241 0.523 0.138 0.385 0.892 0.559 0.000]
  eval: e=0.0230  p=[0.670 0.999 0.140 0.242 0.522 0.138 0.386 0.889 0.557 0.000]
   460          691        0.0230162         contract inside
  eval: e=0.0230  p=[0.670 0.999 0.141 0.242 0.522 0.138 0.386 0.889 0.557 0.000]
   461          692        0.0230162         reflect
  eval: e=0.0230  p=[0.669 1.000 0.139 0.241 0.523 0.138 0.385 0.891 0.558 0.000]
   462          693        0.0230162         reflect
  eval: e=0.0230  p=[0.669 1.000 0.139 0.242 0.523 0.138 0.385 0.891 0.558 0.000]
  eval: e=0.0232  p=[0.669 1.000 0.139 0.241 0.524 0.138 0.385 0.892 0.559 0.000]
   463          695         0.023012         reflect
  eval: e=0.0230  p=[0.669 1.000 0.140 0.242 0.522 0.138 0.385 0.890 0.558 0.000]
   464          696         0.023012         reflect
  eval: e=0.0230  p=[0.669 1.000 0.140 0.242 0.522 0.138 0.386 0.890 0.557 0.000]
  eval: e=0.0230  p=[0.670 1.000 0.140 0.242 0.522 0.138 0.386 0.890 0.557 0.000]
   465          698        0.0230024         expand
  eval: e=0.0230  p=[0.669 1.000 0.140 0.242 0.522 0.138 0.385 0.890 0.558 0.000]
   466          699        0.0230024         reflect
  eval: e=0.0235  p=[0.669 1.000 0.139 0.241 0.523 0.138 0.385 0.891 0.559 0.000]
  eval: e=0.0230  p=[0.669 0.999 0.140 0.242 0.522 0.138 0.386 0.890 0.558 0.000]
   467          701        0.0230024         contract inside
  eval: e=0.0249  p=[0.668 1.000 0.139 0.241 0.524 0.138 0.385 0.892 0.559 0.000]
  eval: e=0.0230  p=[0.670 0.999 0.140 0.242 0.522 0.138 0.386 0.890 0.558 0.000]
   468          703        0.0230024         contract inside
  eval: e=0.0230  p=[0.669 1.000 0.140 0.241 0.523 0.138 0.385 0.891 0.557 0.000]
   469          704        0.0230024         reflect
  eval: e=0.0230  p=[0.670 0.999 0.141 0.242 0.522 0.138 0.386 0.889 0.557 0.000]
   470          705        0.0230024         reflect
  eval: e=0.0230  p=[0.670 0.999 0.141 0.242 0.521 0.138 0.386 0.889 0.557 0.000]
   471          706        0.0230024         reflect
  eval: e=0.0230  p=[0.669 1.000 0.140 0.242 0.522 0.138 0.386 0.890 0.557 0.000]
   472          707        0.0230024         reflect
  eval: e=0.0230  p=[0.670 0.999 0.140 0.242 0.522 0.138 0.386 0.889 0.558 0.000]
   473          708        0.0230024         reflect
  eval: e=0.0230  p=[0.669 1.000 0.140 0.242 0.522 0.138 0.386 0.890 0.558 0.000]
  eval: e=0.0230  p=[0.669 1.000 0.140 0.242 0.522 0.138 0.386 0.890 0.558 0.000]
   474          710        0.0229947         expand
  eval: e=0.0230  p=[0.669 1.000 0.140 0.241 0.522 0.138 0.386 0.891 0.558 0.000]
   475          711        0.0229947         reflect
  eval: e=0.0230  p=[0.669 0.999 0.140 0.242 0.522 0.138 0.386 0.890 0.557 0.000]
   476          712        0.0229947         reflect
  eval: e=0.0230  p=[0.670 0.999 0.141 0.242 0.521 0.138 0.386 0.889 0.556 0.000]
   477          713        0.0229947         reflect
  eval: e=0.0230  p=[0.669 1.000 0.140 0.241 0.523 0.138 0.386 0.890 0.557 0.000]
   478          714        0.0229947         reflect
  eval: e=0.0230  p=[0.670 0.999 0.140 0.242 0.522 0.138 0.386 0.889 0.556 0.000]
  eval: e=0.0230  p=[0.670 0.999 0.140 0.241 0.522 0.138 0.386 0.889 0.556 0.000]
   479          716        0.0229846         expand
  eval: e=0.0230  p=[0.669 1.000 0.140 0.241 0.522 0.138 0.386 0.890 0.556 0.000]
   480          717        0.0229846         reflect
  eval: e=0.0230  p=[0.669 1.000 0.140 0.241 0.523 0.138 0.386 0.891 0.557 0.000]
   481          718        0.0229846         reflect
  eval: e=0.0230  p=[0.670 1.000 0.141 0.241 0.521 0.138 0.386 0.890 0.556 0.000]
   482          719        0.0229846         reflect
  eval: e=0.0230  p=[0.670 1.000 0.140 0.241 0.521 0.138 0.386 0.890 0.556 0.000]
  eval: e=0.0230  p=[0.670 1.000 0.140 0.241 0.521 0.138 0.387 0.889 0.556 0.000]
   483          721        0.0229727         expand
  eval: e=0.0230  p=[0.670 1.000 0.140 0.241 0.522 0.138 0.386 0.890 0.556 0.000]
   484          722        0.0229727         reflect
  eval: e=0.0232  p=[0.669 1.000 0.139 0.241 0.523 0.138 0.386 0.891 0.557 0.000]
  eval: e=0.0230  p=[0.670 1.000 0.140 0.242 0.521 0.138 0.386 0.889 0.557 0.000]
   485          724        0.0229727         contract inside
  eval: e=0.0231  p=[0.670 1.000 0.140 0.241 0.522 0.138 0.386 0.890 0.557 0.000]
  eval: e=0.0230  p=[0.670 1.000 0.140 0.241 0.522 0.138 0.386 0.890 0.557 0.000]
   486          726        0.0229727         contract inside
  eval: e=0.0230  p=[0.670 1.000 0.141 0.241 0.521 0.138 0.386 0.889 0.555 0.000]
   487          727        0.0229727         reflect
  eval: e=0.0230  p=[0.670 1.000 0.140 0.242 0.521 0.138 0.386 0.889 0.557 0.000]
   488          728        0.0229727         reflect
  eval: e=0.0230  p=[0.670 1.000 0.141 0.241 0.520 0.138 0.387 0.889 0.556 0.000]
   489          729        0.0229727         reflect
  eval: e=0.0230  p=[0.671 0.999 0.141 0.241 0.521 0.138 0.387 0.889 0.555 0.000]
  eval: e=0.0230  p=[0.671 0.999 0.141 0.241 0.520 0.138 0.387 0.888 0.554 0.000]
   490          731        0.0229646         expand
  eval: e=0.0230  p=[0.670 1.000 0.140 0.241 0.521 0.138 0.387 0.889 0.555 0.000]
  eval: e=0.0229  p=[0.671 1.000 0.140 0.240 0.521 0.138 0.387 0.889 0.555 0.000]
   491          733        0.0229492         expand
  eval: e=0.0230  p=[0.671 1.000 0.141 0.241 0.521 0.138 0.387 0.889 0.555 0.000]
   492          734        0.0229492         reflect
  eval: e=0.0230  p=[0.671 0.999 0.142 0.241 0.520 0.138 0.387 0.888 0.554 0.000]
   493          735        0.0229492         reflect
  eval: e=0.0230  p=[0.671 1.000 0.141 0.241 0.521 0.138 0.387 0.888 0.554 0.000]
   494          736        0.0229492         reflect
  eval: e=0.0230  p=[0.671 1.000 0.141 0.241 0.520 0.138 0.387 0.889 0.555 0.000]
   495          737        0.0229492         reflect
  eval: e=0.0230  p=[0.671 1.000 0.141 0.240 0.520 0.138 0.387 0.889 0.553 0.000]
   496          738        0.0229492         reflect
  eval: e=0.0229  p=[0.671 1.000 0.141 0.241 0.520 0.138 0.387 0.888 0.554 0.000]
  eval: e=0.0229  p=[0.672 1.000 0.141 0.241 0.519 0.138 0.388 0.888 0.553 0.000]
   497          740        0.0229371         expand
  eval: e=0.0229  p=[0.672 1.000 0.142 0.241 0.519 0.138 0.388 0.887 0.553 0.000]
   498          741        0.0229371         reflect
  eval: e=0.0229  p=[0.672 1.000 0.141 0.240 0.520 0.138 0.388 0.888 0.553 0.000]
  eval: e=0.0229  p=[0.673 1.000 0.141 0.240 0.520 0.138 0.388 0.887 0.551 0.000]
   499          743        0.0229115         expand
  eval: e=0.0229  p=[0.673 0.999 0.142 0.240 0.519 0.138 0.388 0.887 0.551 0.000]
   500          744        0.0229115         reflect
  eval: e=0.0229  p=[0.672 1.000 0.141 0.240 0.520 0.138 0.388 0.888 0.553 0.000]
   501          745        0.0229115         reflect
  eval: e=0.0237  p=[0.672 1.000 0.141 0.240 0.520 0.138 0.388 0.888 0.553 0.000]
  eval: e=0.0230  p=[0.671 0.999 0.141 0.241 0.520 0.138 0.387 0.888 0.553 0.000]
   502          747        0.0229115         contract inside
  eval: e=0.0229  p=[0.672 1.000 0.141 0.240 0.519 0.138 0.388 0.887 0.551 0.000]
   503          748        0.0229115         reflect
  eval: e=0.0229  p=[0.672 1.000 0.142 0.240 0.519 0.138 0.388 0.887 0.551 0.000]
   504          749        0.0229115         reflect
  eval: e=0.0229  p=[0.673 1.000 0.141 0.240 0.519 0.138 0.388 0.887 0.552 0.000]
   505          750        0.0229115         reflect
  eval: e=0.0229  p=[0.673 0.999 0.142 0.240 0.519 0.138 0.389 0.887 0.550 0.000]
   506          751        0.0229115         reflect
  eval: e=0.0229  p=[0.673 1.000 0.141 0.239 0.519 0.138 0.389 0.887 0.551 0.000]
  eval: e=0.0232  p=[0.674 1.000 0.142 0.239 0.518 0.138 0.390 0.886 0.550 0.000]
   507          753        0.0229033         reflect
  eval: e=0.0229  p=[0.674 1.000 0.142 0.239 0.517 0.138 0.390 0.885 0.549 0.000]
   508          754        0.0229033         reflect
  eval: e=0.0229  p=[0.673 1.000 0.141 0.239 0.519 0.138 0.389 0.887 0.550 0.000]
  eval: e=0.0229  p=[0.674 1.000 0.141 0.238 0.520 0.138 0.389 0.887 0.549 0.000]
   509          756        0.0228629         expand
  eval: e=0.0229  p=[0.674 0.999 0.142 0.238 0.519 0.138 0.389 0.886 0.548 0.000]
   510          757        0.0228629         reflect
  eval: e=0.0229  p=[0.673 1.000 0.141 0.239 0.519 0.138 0.389 0.887 0.550 0.000]
   511          758        0.0228629         reflect
  eval: e=0.0229  p=[0.674 1.000 0.141 0.239 0.519 0.138 0.389 0.887 0.549 0.000]
   512          759        0.0228629         reflect
  eval: e=0.0229  p=[0.674 1.000 0.141 0.239 0.519 0.139 0.389 0.886 0.549 0.000]
   513          760        0.0228629         reflect
  eval: e=0.0229  p=[0.675 1.000 0.142 0.238 0.518 0.139 0.390 0.885 0.547 0.000]
   514          761        0.0228629         reflect
  eval: e=0.0229  p=[0.675 1.000 0.142 0.238 0.519 0.139 0.390 0.886 0.546 0.000]
   515          762        0.0228629         reflect
  eval: e=0.0229  p=[0.673 1.000 0.140 0.238 0.521 0.138 0.389 0.888 0.550 0.000]
   516          763        0.0228629         reflect
  eval: e=0.0229  p=[0.674 1.000 0.141 0.238 0.519 0.138 0.390 0.887 0.548 0.000]
   517          764        0.0228629         reflect
  eval: e=0.0229  p=[0.674 0.999 0.141 0.238 0.519 0.139 0.389 0.886 0.548 0.000]
   518          765        0.0228629         reflect
  eval: e=0.0228  p=[0.675 1.000 0.141 0.237 0.518 0.139 0.390 0.885 0.546 0.000]
  eval: e=0.0228  p=[0.677 1.000 0.141 0.236 0.518 0.139 0.391 0.885 0.543 0.000]
   519          767        0.0228396         expand
  eval: e=0.0229  p=[0.676 1.000 0.141 0.236 0.519 0.139 0.390 0.885 0.545 0.000]
   520          768        0.0228396         reflect
  eval: e=0.0229  p=[0.675 0.999 0.142 0.238 0.519 0.139 0.390 0.885 0.547 0.000]
  eval: e=0.0229  p=[0.674 1.000 0.141 0.238 0.519 0.139 0.390 0.886 0.548 0.000]
   521          770        0.0228396         contract inside
  eval: e=0.0229  p=[0.676 1.000 0.141 0.237 0.519 0.139 0.390 0.886 0.546 0.000]
  eval: e=0.0229  p=[0.674 1.000 0.141 0.238 0.519 0.139 0.389 0.886 0.548 0.000]
   522          772        0.0228396         contract inside
  eval: e=0.0229  p=[0.673 1.000 0.141 0.239 0.519 0.138 0.389 0.887 0.551 0.000]
  eval: e=0.0229  p=[0.675 1.000 0.141 0.237 0.519 0.139 0.390 0.886 0.546 0.000]
   523          774        0.0228396         contract inside
  eval: e=0.0229  p=[0.675 1.000 0.141 0.237 0.519 0.139 0.390 0.886 0.546 0.000]
   524          775        0.0228396         reflect
  eval: e=0.0229  p=[0.675 1.000 0.141 0.236 0.519 0.139 0.390 0.885 0.545 0.000]
   525          776        0.0228396         reflect
  eval: e=0.0228  p=[0.675 1.000 0.141 0.237 0.519 0.139 0.390 0.886 0.547 0.000]
  eval: e=0.0228  p=[0.675 1.000 0.140 0.237 0.520 0.139 0.390 0.886 0.548 0.000]
   526          778        0.0228195         expand
  eval: e=0.0229  p=[0.674 1.000 0.140 0.236 0.521 0.139 0.389 0.887 0.547 0.000]
   527          779        0.0228195         reflect
  eval: e=0.0233  p=[0.675 1.000 0.141 0.236 0.520 0.139 0.390 0.887 0.546 0.000]
  eval: e=0.0229  p=[0.674 1.000 0.141 0.238 0.519 0.139 0.390 0.886 0.547 0.000]
   528          781        0.0228195         contract inside
  eval: e=0.0228  p=[0.676 1.000 0.142 0.236 0.518 0.139 0.391 0.885 0.544 0.000]
   529          782        0.0228195         reflect
  eval: e=0.0229  p=[0.676 1.000 0.141 0.236 0.519 0.139 0.391 0.886 0.544 0.000]
  eval: e=0.0228  p=[0.675 1.000 0.141 0.236 0.519 0.139 0.390 0.886 0.545 0.000]
   530          784        0.0228195         contract outside
  eval: e=0.0229  p=[0.675 1.000 0.141 0.236 0.519 0.139 0.390 0.886 0.546 0.000]
   531          785        0.0228195         reflect
  eval: e=0.0228  p=[0.677 1.000 0.141 0.235 0.518 0.139 0.391 0.885 0.543 0.000]
   532          786        0.0228195         reflect
  eval: e=0.0230  p=[0.676 1.000 0.141 0.235 0.519 0.139 0.391 0.885 0.543 0.000]
  eval: e=0.0228  p=[0.675 1.000 0.141 0.237 0.519 0.139 0.390 0.886 0.546 0.000]
   533          788        0.0228195         contract inside
  eval: e=0.0229  p=[0.676 1.000 0.141 0.236 0.519 0.139 0.391 0.885 0.545 0.000]
  eval: e=0.0228  p=[0.676 1.000 0.141 0.236 0.519 0.139 0.390 0.885 0.545 0.000]
   534          790        0.0228195         contract outside
  eval: e=0.0228  p=[0.676 1.000 0.141 0.235 0.519 0.139 0.391 0.885 0.542 0.000]
   535          791        0.0228195         reflect
  eval: e=0.0228  p=[0.676 1.000 0.141 0.235 0.519 0.139 0.391 0.885 0.544 0.000]
   536          792        0.0228195         reflect
  eval: e=0.0228  p=[0.678 1.000 0.142 0.236 0.517 0.139 0.392 0.883 0.542 0.000]
   537          793        0.0228195         reflect
  eval: e=0.0229  p=[0.677 1.000 0.141 0.236 0.518 0.139 0.391 0.885 0.544 0.000]
  eval: e=0.0228  p=[0.676 1.000 0.141 0.236 0.519 0.139 0.391 0.885 0.544 0.000]
   538          795        0.0228195         contract inside
  eval: e=0.0228  p=[0.677 1.000 0.141 0.235 0.518 0.139 0.392 0.884 0.542 0.000]
  eval: e=0.0228  p=[0.679 1.000 0.141 0.234 0.517 0.139 0.393 0.883 0.540 0.000]
   539          797        0.0228121         expand
  eval: e=0.0228  p=[0.677 1.000 0.141 0.235 0.518 0.139 0.392 0.884 0.542 0.000]
  eval: e=0.0228  p=[0.678 1.000 0.141 0.234 0.517 0.139 0.392 0.883 0.540 0.000]
   540          799        0.0228009         expand
  eval: e=0.0230  p=[0.675 1.000 0.140 0.235 0.520 0.139 0.390 0.886 0.544 0.000]
  eval: e=0.0228  p=[0.677 1.000 0.142 0.236 0.518 0.139 0.392 0.884 0.543 0.000]
   541          801        0.0228009         contract inside
  eval: e=0.0228  p=[0.676 1.000 0.141 0.235 0.519 0.139 0.391 0.885 0.543 0.000]
  eval: e=0.0228  p=[0.676 1.000 0.141 0.235 0.520 0.139 0.391 0.885 0.544 0.000]
   542          803        0.0227818         expand
  eval: e=0.0228  p=[0.678 1.000 0.141 0.235 0.518 0.139 0.392 0.884 0.542 0.000]
   543          804        0.0227818         reflect
  eval: e=0.0228  p=[0.677 1.000 0.140 0.234 0.519 0.139 0.391 0.885 0.543 0.000]
   544          805        0.0227818         reflect
  eval: e=0.0228  p=[0.679 1.000 0.141 0.234 0.518 0.139 0.392 0.883 0.540 0.000]
  eval: e=0.0228  p=[0.680 1.000 0.141 0.233 0.518 0.139 0.393 0.882 0.538 0.000]
   545          807        0.0227672         expand
  eval: e=0.0228  p=[0.678 1.000 0.141 0.235 0.518 0.139 0.392 0.884 0.542 0.000]
   546          808        0.0227672         reflect
  eval: e=0.0228  p=[0.678 1.000 0.140 0.234 0.519 0.139 0.391 0.884 0.542 0.000]
  eval: e=0.0230  p=[0.678 1.000 0.139 0.233 0.520 0.139 0.391 0.885 0.541 0.000]
   547          810        0.0227544         reflect
  eval: e=0.0227  p=[0.678 1.000 0.140 0.234 0.519 0.139 0.392 0.884 0.541 0.000]
  eval: e=0.0229  p=[0.679 1.000 0.140 0.233 0.519 0.139 0.392 0.883 0.541 0.000]
   548          812        0.0227453         reflect
  eval: e=0.0227  p=[0.679 1.000 0.141 0.233 0.518 0.139 0.393 0.883 0.540 0.000]
  eval: e=0.0227  p=[0.681 1.000 0.141 0.232 0.517 0.139 0.393 0.882 0.538 0.000]
   549          814        0.0227184         expand
  eval: e=0.0228  p=[0.682 1.000 0.141 0.231 0.517 0.140 0.395 0.881 0.534 0.000]
   550          815        0.0227184         reflect
  eval: e=0.0227  p=[0.679 1.000 0.140 0.233 0.519 0.139 0.392 0.884 0.541 0.000]
  eval: e=0.0227  p=[0.679 1.000 0.140 0.233 0.520 0.139 0.391 0.884 0.542 0.000]
   551          817        0.0226843         expand
  eval: e=0.0227  p=[0.679 1.000 0.140 0.233 0.520 0.139 0.392 0.883 0.541 0.000]
   552          818        0.0226843         reflect
  eval: e=0.0227  p=[0.680 1.000 0.141 0.232 0.518 0.139 0.393 0.882 0.538 0.000]
   553          819        0.0226843         reflect
  eval: e=0.0227  p=[0.681 1.000 0.140 0.232 0.519 0.139 0.393 0.882 0.538 0.000]
  eval: e=0.0226  p=[0.682 1.000 0.140 0.230 0.519 0.140 0.394 0.881 0.536 0.000]
   554          821          0.02263         expand
  eval: e=0.0229  p=[0.683 1.000 0.140 0.230 0.517 0.140 0.395 0.880 0.535 0.000]
  eval: e=0.0227  p=[0.678 1.000 0.141 0.234 0.519 0.139 0.392 0.884 0.541 0.000]
   555          823          0.02263         contract inside
  eval: e=0.0227  p=[0.681 1.000 0.140 0.230 0.519 0.139 0.393 0.882 0.536 0.000]
   556          824          0.02263         reflect
  eval: e=0.0227  p=[0.679 1.000 0.140 0.232 0.520 0.139 0.392 0.883 0.540 0.000]
   557          825          0.02263         reflect
  eval: e=0.0227  p=[0.677 1.000 0.139 0.234 0.521 0.139 0.390 0.885 0.545 0.000]
   558          826          0.02263         reflect
  eval: e=0.0227  p=[0.681 1.000 0.140 0.231 0.519 0.139 0.393 0.881 0.538 0.000]
   559          827          0.02263         reflect
  eval: e=0.0226  p=[0.681 0.999 0.140 0.231 0.520 0.139 0.393 0.882 0.537 0.000]
   560          828          0.02263         reflect
  eval: e=0.0226  p=[0.682 1.000 0.139 0.230 0.520 0.139 0.393 0.881 0.537 0.000]
  eval: e=0.0226  p=[0.684 1.000 0.139 0.228 0.520 0.140 0.394 0.880 0.534 0.000]
   561          830         0.022568         expand
  eval: e=0.0226  p=[0.680 0.999 0.138 0.231 0.522 0.139 0.392 0.883 0.539 0.000]
   562          831         0.022568         reflect
  eval: e=0.0226  p=[0.681 1.000 0.138 0.230 0.522 0.139 0.392 0.883 0.540 0.000]
   563          832         0.022568         reflect
  eval: e=0.0226  p=[0.684 1.000 0.140 0.228 0.519 0.140 0.395 0.879 0.532 0.000]
   564          833         0.022568         reflect
  eval: e=0.0226  p=[0.684 1.000 0.139 0.228 0.520 0.140 0.394 0.880 0.534 0.000]
  eval: e=0.0225  p=[0.686 0.999 0.138 0.226 0.520 0.140 0.395 0.878 0.531 0.000]
   565          835        0.0225166         expand
  eval: e=0.0225  p=[0.686 0.999 0.139 0.226 0.520 0.140 0.395 0.878 0.531 0.000]
   566          836        0.0225166         reflect
  eval: e=0.0225  p=[0.686 0.999 0.139 0.226 0.520 0.140 0.395 0.878 0.531 0.000]
   567          837        0.0225166         reflect
  eval: e=0.0225  p=[0.685 0.999 0.138 0.227 0.521 0.140 0.394 0.879 0.534 0.000]
   568          838        0.0225166         reflect
  eval: e=0.0225  p=[0.686 0.999 0.138 0.225 0.522 0.140 0.394 0.879 0.531 0.000]
  eval: e=0.0224  p=[0.688 0.999 0.136 0.222 0.523 0.140 0.395 0.878 0.527 0.000]
   569          840        0.0223909         expand
  eval: e=0.0225  p=[0.688 0.999 0.137 0.224 0.522 0.140 0.395 0.878 0.529 0.000]
   570          841        0.0223909         reflect
  eval: e=0.0224  p=[0.688 0.999 0.137 0.224 0.523 0.140 0.395 0.878 0.530 0.000]
   571          842        0.0223909         reflect
  eval: e=0.0225  p=[0.691 0.999 0.138 0.222 0.520 0.140 0.397 0.875 0.524 0.000]
   572          843        0.0223909         reflect
  eval: e=0.0225  p=[0.688 0.999 0.136 0.223 0.523 0.140 0.394 0.878 0.530 0.000]
   573          844        0.0223909         reflect
  eval: e=0.0225  p=[0.693 0.999 0.137 0.219 0.520 0.141 0.398 0.873 0.521 0.000]
   574          845        0.0223909         reflect
  eval: e=0.0224  p=[0.692 0.999 0.136 0.220 0.523 0.141 0.397 0.875 0.523 0.000]
   575          846        0.0223909         reflect
  eval: e=0.0224  p=[0.692 0.999 0.137 0.220 0.522 0.141 0.397 0.875 0.522 0.000]
   576          847        0.0223909         reflect
  eval: e=0.0224  p=[0.693 0.999 0.135 0.219 0.523 0.141 0.397 0.874 0.523 0.000]
   577          848        0.0223909         reflect
  eval: e=0.0224  p=[0.693 0.999 0.135 0.217 0.524 0.141 0.397 0.874 0.521 0.000]
  eval: e=0.0223  p=[0.697 0.999 0.133 0.213 0.525 0.141 0.398 0.872 0.517 0.000]
   578          850        0.0223346         expand
  eval: e=0.0223  p=[0.695 0.999 0.134 0.216 0.524 0.141 0.398 0.873 0.519 0.000]
   579          851        0.0223346         reflect
  eval: e=0.0223  p=[0.689 0.999 0.135 0.221 0.525 0.140 0.394 0.878 0.528 0.000]
  eval: e=0.0223  p=[0.686 0.999 0.133 0.222 0.527 0.140 0.393 0.880 0.532 0.000]
   580          853        0.0223115         expand
  eval: e=0.0223  p=[0.691 0.999 0.133 0.219 0.527 0.140 0.395 0.877 0.526 0.000]
  eval: e=0.0222  p=[0.690 0.999 0.131 0.218 0.530 0.140 0.393 0.878 0.528 0.000]
   581          855        0.0222242         expand
  eval: e=0.0222  p=[0.694 0.999 0.133 0.215 0.527 0.141 0.396 0.874 0.521 0.000]
   582          856        0.0222242         reflect
  eval: e=0.0222  p=[0.695 0.999 0.133 0.214 0.526 0.141 0.397 0.874 0.518 0.000]
  eval: e=0.0221  p=[0.698 0.999 0.132 0.210 0.528 0.141 0.399 0.872 0.512 0.000]
   583          858        0.0221181         expand
  eval: e=0.0222  p=[0.698 0.999 0.132 0.211 0.528 0.141 0.398 0.872 0.515 0.000]
   584          859        0.0221181         reflect
  eval: e=0.0222  p=[0.695 0.999 0.131 0.214 0.530 0.141 0.395 0.875 0.522 0.000]
   585          860        0.0221181         reflect
  eval: e=0.0221  p=[0.694 0.999 0.131 0.213 0.530 0.141 0.396 0.875 0.520 0.000]
  eval: e=0.0220  p=[0.695 0.999 0.128 0.210 0.533 0.141 0.395 0.876 0.518 0.000]
   586          862        0.0219603         expand
  eval: e=0.0220  p=[0.696 0.999 0.128 0.210 0.533 0.141 0.396 0.875 0.519 0.000]
   587          863        0.0219603         reflect
  eval: e=0.0220  p=[0.701 0.999 0.127 0.205 0.534 0.142 0.397 0.872 0.513 0.000]
   588          864        0.0219603         reflect
  eval: e=0.0220  p=[0.695 0.999 0.127 0.210 0.535 0.141 0.394 0.876 0.520 0.000]
   589          865        0.0219603         reflect
  eval: e=0.0220  p=[0.693 0.999 0.127 0.212 0.536 0.141 0.393 0.878 0.523 0.000]
   590          866        0.0219603         reflect
  eval: e=0.0219  p=[0.705 0.998 0.126 0.201 0.535 0.142 0.399 0.869 0.506 0.000]
  eval: e=0.0219  p=[0.714 0.998 0.122 0.190 0.539 0.143 0.402 0.864 0.493 0.000]
   591          868         0.021924         reflect
  eval: e=0.0218  p=[0.699 0.999 0.125 0.205 0.537 0.141 0.396 0.874 0.514 0.000]
  eval: e=0.0216  p=[0.701 0.999 0.121 0.200 0.543 0.142 0.395 0.874 0.511 0.000]
   592          870        0.0216435         expand
  eval: e=0.0218  p=[0.705 0.999 0.125 0.199 0.537 0.142 0.399 0.870 0.504 0.000]
   593          871        0.0216435         reflect
  eval: e=0.0217  p=[0.703 0.999 0.124 0.200 0.538 0.142 0.398 0.872 0.506 0.000]
   594          872        0.0216435         reflect
  eval: e=0.0217  p=[0.701 0.999 0.122 0.200 0.542 0.142 0.395 0.875 0.511 0.000]
   595          873        0.0216435         reflect
  eval: e=0.0218  p=[0.700 0.999 0.119 0.200 0.546 0.142 0.393 0.876 0.515 0.000]
   596          874        0.0216435         reflect
  eval: e=0.0216  p=[0.703 0.998 0.121 0.197 0.543 0.142 0.396 0.873 0.507 0.000]
  eval: e=0.0214  p=[0.707 0.998 0.117 0.191 0.549 0.143 0.396 0.871 0.501 0.000]
   597          876        0.0213902         expand
  eval: e=0.0216  p=[0.700 0.998 0.121 0.199 0.544 0.142 0.394 0.876 0.510 0.000]
   598          877        0.0213902         reflect
  eval: e=0.0214  p=[0.707 0.998 0.119 0.192 0.546 0.143 0.397 0.871 0.500 0.000]
   599          878        0.0213902         reflect
  eval: e=0.0214  p=[0.712 0.998 0.117 0.187 0.547 0.143 0.399 0.868 0.493 0.000]
   600          879        0.0213902         reflect
  eval: e=0.0213  p=[0.713 0.998 0.114 0.184 0.552 0.143 0.398 0.869 0.493 0.000]
  eval: e=0.0211  p=[0.721 0.998 0.106 0.170 0.561 0.144 0.399 0.865 0.481 0.000]
   601          881        0.0210503         expand
  eval: e=0.0212  p=[0.707 0.998 0.112 0.187 0.555 0.143 0.395 0.874 0.501 0.000]
   602          882        0.0210503         reflect
  eval: e=0.0213  p=[0.707 0.998 0.111 0.186 0.557 0.143 0.393 0.874 0.502 0.000]
   603          883        0.0210503         reflect
  eval: e=0.0212  p=[0.713 0.998 0.115 0.183 0.551 0.144 0.399 0.869 0.489 0.000]
   604          884        0.0210503         reflect
  eval: e=0.0211  p=[0.713 0.998 0.108 0.179 0.561 0.143 0.395 0.871 0.493 0.000]
   605          885        0.0210503         reflect
  eval: e=0.0210  p=[0.717 0.997 0.108 0.175 0.560 0.144 0.398 0.868 0.485 0.000]
  eval: e=0.0207  p=[0.725 0.997 0.101 0.162 0.569 0.145 0.399 0.865 0.472 0.000]
   606          887        0.0207369         expand
  eval: e=0.0208  p=[0.721 0.997 0.104 0.167 0.565 0.145 0.399 0.867 0.478 0.000]
   607          888        0.0207369         reflect
  eval: e=0.0209  p=[0.727 0.997 0.101 0.162 0.568 0.145 0.400 0.864 0.472 0.000]
   608          889        0.0207369         reflect
  eval: e=0.0207  p=[0.724 0.997 0.100 0.162 0.571 0.145 0.398 0.867 0.476 0.000]
   609          890        0.0207369         reflect
  eval: e=0.0207  p=[0.721 0.996 0.098 0.163 0.575 0.145 0.395 0.869 0.479 0.000]
   610          891        0.0207369         reflect
  eval: e=0.0206  p=[0.729 0.997 0.094 0.153 0.578 0.146 0.398 0.866 0.467 0.000]
  eval: e=0.0204  p=[0.739 0.997 0.083 0.135 0.592 0.147 0.399 0.863 0.451 0.000]
   611          893        0.0203806         expand
  eval: e=0.0207  p=[0.735 0.997 0.095 0.148 0.576 0.147 0.402 0.860 0.456 0.000]
   612          894        0.0203806         reflect
  eval: e=0.0207  p=[0.741 0.996 0.090 0.139 0.583 0.147 0.403 0.858 0.448 0.000]
   613          895        0.0203806         reflect
  eval: e=0.0205  p=[0.741 0.996 0.083 0.135 0.593 0.147 0.399 0.861 0.452 0.000]
   614          896        0.0203806         reflect
  eval: e=0.0206  p=[0.746 0.996 0.084 0.129 0.590 0.148 0.404 0.856 0.439 0.000]
   615          897        0.0203806         reflect
  eval: e=0.0204  p=[0.743 0.995 0.081 0.130 0.595 0.148 0.400 0.861 0.444 0.000]
  eval: e=0.0205  p=[0.753 0.994 0.069 0.110 0.612 0.150 0.401 0.858 0.425 0.000]
   616          899        0.0203692         reflect
  eval: e=0.0204  p=[0.740 0.996 0.082 0.133 0.594 0.148 0.400 0.862 0.447 0.000]
  eval: e=0.0204  p=[0.747 0.995 0.073 0.118 0.608 0.149 0.399 0.861 0.435 0.000]
   617          901        0.0203548         reflect
  eval: e=0.0204  p=[0.750 0.995 0.075 0.120 0.602 0.149 0.401 0.858 0.435 0.000]
   618          902        0.0203548         reflect
  eval: e=0.0205  p=[0.753 0.995 0.075 0.116 0.603 0.149 0.403 0.856 0.429 0.000]
   619          903        0.0203548         reflect
  eval: e=0.0209  p=[0.762 0.995 0.071 0.106 0.605 0.150 0.407 0.851 0.416 0.000]
  eval: e=0.0205  p=[0.731 0.996 0.092 0.149 0.582 0.146 0.398 0.865 0.463 0.000]
   620          905        0.0203548         contract inside
  eval: e=0.0204  p=[0.759 0.995 0.067 0.105 0.613 0.150 0.403 0.855 0.421 0.000]
   621          906        0.0203548         reflect
  eval: e=0.0203  p=[0.753 0.995 0.068 0.111 0.614 0.149 0.400 0.858 0.430 0.000]
  eval: e=0.0204  p=[0.762 0.994 0.054 0.092 0.632 0.151 0.398 0.857 0.417 0.000]
   622          908        0.0203007         reflect
  eval: e=0.0203  p=[0.750 0.995 0.068 0.113 0.613 0.149 0.398 0.861 0.434 0.000]
   623          909        0.0203007         reflect
  eval: e=0.0204  p=[0.745 0.995 0.070 0.120 0.611 0.148 0.397 0.864 0.442 0.000]
   624          910        0.0203007         reflect
  eval: e=0.0204  p=[0.763 0.995 0.059 0.094 0.624 0.151 0.402 0.855 0.414 0.000]
   625          911        0.0203007         reflect
  eval: e=0.0207  p=[0.758 0.995 0.063 0.101 0.619 0.150 0.402 0.857 0.417 0.000]
  eval: e=0.0204  p=[0.745 0.996 0.078 0.126 0.600 0.148 0.400 0.860 0.444 0.000]
   626          913        0.0203007         contract inside
  eval: e=0.0203  p=[0.745 0.996 0.072 0.121 0.609 0.148 0.397 0.864 0.443 0.000]
   627          914        0.0203007         reflect
  eval: e=0.0205  p=[0.752 0.996 0.076 0.118 0.601 0.149 0.403 0.856 0.431 0.000]
  eval: e=0.0203  p=[0.747 0.995 0.072 0.119 0.608 0.148 0.398 0.862 0.439 0.000]
   628          916        0.0203007         contract inside
  eval: e=0.0205  p=[0.737 0.996 0.081 0.136 0.597 0.147 0.396 0.866 0.455 0.000]
  eval: e=0.0203  p=[0.753 0.995 0.070 0.112 0.609 0.149 0.401 0.858 0.430 0.000]
   629          918        0.0203007         contract inside
  eval: e=0.0205  p=[0.730 0.996 0.091 0.150 0.583 0.146 0.397 0.866 0.465 0.000]
  eval: e=0.0203  p=[0.755 0.995 0.067 0.108 0.614 0.149 0.401 0.858 0.427 0.000]
   630          920        0.0203007         contract inside
  eval: e=0.0203  p=[0.757 0.994 0.064 0.104 0.619 0.150 0.400 0.857 0.424 0.000]
  eval: e=0.0203  p=[0.766 0.993 0.054 0.089 0.633 0.151 0.400 0.854 0.410 0.000]
   631          922        0.0202924         reflect
  eval: e=0.0203  p=[0.748 0.995 0.069 0.116 0.613 0.149 0.397 0.862 0.437 0.000]
   632          923        0.0202924         reflect
  eval: e=0.0203  p=[0.756 0.995 0.060 0.102 0.624 0.150 0.398 0.860 0.427 0.000]
   633          924        0.0202924         reflect
  eval: e=0.0204  p=[0.756 0.995 0.061 0.102 0.624 0.150 0.398 0.860 0.424 0.000]
   634          925        0.0202924         reflect
  eval: e=0.0204  p=[0.763 0.994 0.052 0.089 0.635 0.151 0.398 0.858 0.416 0.000]
  eval: e=0.0203  p=[0.746 0.995 0.075 0.122 0.605 0.148 0.399 0.861 0.439 0.000]
   635          927        0.0202924         contract inside
  eval: e=0.0204  p=[0.746 0.996 0.076 0.124 0.602 0.148 0.399 0.860 0.442 0.000]
  eval: e=0.0203  p=[0.753 0.995 0.065 0.107 0.618 0.149 0.399 0.860 0.429 0.000]
   636          929        0.0202924         contract inside
  eval: e=0.0203  p=[0.753 0.995 0.068 0.111 0.613 0.149 0.399 0.859 0.431 0.000]
   637          930        0.0202924         reflect
  eval: e=0.0204  p=[0.759 0.994 0.064 0.102 0.619 0.150 0.401 0.855 0.419 0.000]
  eval: e=0.0203  p=[0.748 0.995 0.070 0.116 0.611 0.149 0.398 0.861 0.437 0.000]
   638          932        0.0202924         contract inside
  eval: e=0.0203  p=[0.758 0.995 0.063 0.103 0.620 0.150 0.400 0.857 0.423 0.000]
   639          933        0.0202924         reflect
  eval: e=0.0203  p=[0.749 0.995 0.075 0.120 0.604 0.149 0.401 0.858 0.434 0.000]
   640          934        0.0202924         reflect
  eval: e=0.0203  p=[0.751 0.994 0.066 0.111 0.617 0.149 0.398 0.861 0.433 0.000]
   641          935        0.0202924         reflect
  eval: e=0.0203  p=[0.756 0.995 0.060 0.102 0.625 0.150 0.397 0.860 0.428 0.000]
  eval: e=0.0203  p=[0.751 0.995 0.071 0.115 0.609 0.149 0.400 0.859 0.433 0.000]
   642          937        0.0202867         contract inside
  eval: e=0.0203  p=[0.749 0.994 0.069 0.115 0.614 0.149 0.397 0.861 0.436 0.000]
  eval: e=0.0203  p=[0.750 0.995 0.068 0.113 0.614 0.149 0.398 0.860 0.434 0.000]
   643          939        0.0202867         contract outside
  eval: e=0.0203  p=[0.756 0.994 0.066 0.107 0.615 0.150 0.401 0.857 0.425 0.000]
  eval: e=0.0203  p=[0.750 0.995 0.068 0.113 0.613 0.149 0.398 0.861 0.434 0.000]
   644          941        0.0202847         contract inside
  eval: e=0.0203  p=[0.751 0.995 0.067 0.112 0.615 0.149 0.398 0.861 0.432 0.000]
  eval: e=0.0203  p=[0.752 0.995 0.068 0.111 0.614 0.149 0.399 0.859 0.431 0.000]
   645          943        0.0202847         contract inside
  eval: e=0.0204  p=[0.745 0.995 0.073 0.122 0.607 0.148 0.398 0.862 0.442 0.000]
  eval: e=0.0203  p=[0.754 0.995 0.066 0.108 0.617 0.149 0.399 0.859 0.428 0.000]
   646          945        0.0202831         contract inside
  eval: e=0.0203  p=[0.749 0.995 0.072 0.118 0.608 0.149 0.399 0.859 0.436 0.000]
  eval: e=0.0203  p=[0.752 0.995 0.066 0.110 0.616 0.149 0.399 0.860 0.431 0.000]
   647          947        0.0202831         contract inside
  eval: e=0.0203  p=[0.749 0.995 0.069 0.114 0.613 0.149 0.398 0.861 0.435 0.000]
  eval: e=0.0203  p=[0.747 0.995 0.069 0.116 0.613 0.149 0.397 0.863 0.437 0.000]
   648          949        0.0202772         reflect
  eval: e=0.0203  p=[0.751 0.995 0.071 0.114 0.609 0.149 0.400 0.859 0.433 0.000]
   649          950        0.0202772         reflect
  eval: e=0.0203  p=[0.757 0.994 0.062 0.102 0.623 0.150 0.399 0.858 0.424 0.000]
   650          951        0.0202772         reflect
  eval: e=0.0203  p=[0.756 0.994 0.065 0.105 0.618 0.150 0.400 0.857 0.424 0.000]
   651          952        0.0202772         reflect
  eval: e=0.0203  p=[0.755 0.994 0.063 0.105 0.622 0.150 0.398 0.859 0.427 0.000]
   652          953        0.0202772         reflect
  eval: e=0.0203  p=[0.748 0.995 0.069 0.115 0.612 0.149 0.398 0.862 0.436 0.000]
   653          954        0.0202772         reflect
  eval: e=0.0203  p=[0.747 0.995 0.073 0.120 0.607 0.148 0.399 0.861 0.438 0.000]
  eval: e=0.0203  p=[0.754 0.994 0.064 0.107 0.619 0.149 0.399 0.859 0.428 0.000]
   654          956        0.0202772         contract inside
  eval: e=0.0203  p=[0.749 0.995 0.072 0.118 0.607 0.149 0.400 0.860 0.436 0.000]
   655          957        0.0202772         reflect
  eval: e=0.0203  p=[0.751 0.995 0.068 0.112 0.614 0.149 0.399 0.860 0.432 0.000]
  eval: e=0.0203  p=[0.750 0.995 0.068 0.112 0.614 0.149 0.398 0.861 0.433 0.000]
   656          959        0.0202713         reflect
  eval: e=0.0203  p=[0.753 0.995 0.068 0.110 0.614 0.149 0.400 0.859 0.429 0.000]
  eval: e=0.0203  p=[0.754 0.995 0.067 0.109 0.614 0.149 0.401 0.858 0.427 0.000]
   657          961        0.0202694         reflect
  eval: e=0.0203  p=[0.755 0.994 0.063 0.104 0.622 0.150 0.398 0.859 0.426 0.000]
   658          962        0.0202694         reflect
  eval: e=0.0203  p=[0.754 0.995 0.062 0.104 0.622 0.149 0.398 0.860 0.428 0.000]
  eval: e=0.0203  p=[0.751 0.995 0.069 0.113 0.612 0.149 0.399 0.859 0.431 0.000]
   659          964        0.0202694         contract inside
  eval: e=0.0203  p=[0.749 0.995 0.072 0.117 0.608 0.149 0.400 0.860 0.436 0.000]
   660          965        0.0202694         reflect
  eval: e=0.0203  p=[0.754 0.995 0.067 0.109 0.615 0.149 0.400 0.858 0.428 0.000]
   661          966        0.0202694         reflect
  eval: e=0.0203  p=[0.756 0.994 0.062 0.103 0.622 0.150 0.398 0.859 0.425 0.000]
   662          967        0.0202694         reflect
  eval: e=0.0203  p=[0.753 0.994 0.067 0.109 0.615 0.149 0.399 0.859 0.429 0.000]
  eval: e=0.0203  p=[0.753 0.994 0.067 0.109 0.615 0.149 0.400 0.858 0.427 0.000]
   663          969        0.0202653         reflect
  eval: e=0.0203  p=[0.758 0.994 0.064 0.102 0.620 0.150 0.400 0.857 0.421 0.000]
  eval: e=0.0203  p=[0.751 0.995 0.068 0.112 0.614 0.149 0.399 0.860 0.433 0.000]
   664          971        0.0202653         contract inside
  eval: e=0.0203  p=[0.751 0.994 0.068 0.111 0.615 0.149 0.399 0.860 0.431 0.000]
   665          972        0.0202653         reflect
  eval: e=0.0203  p=[0.748 0.995 0.069 0.115 0.613 0.149 0.398 0.862 0.436 0.000]
  eval: e=0.0203  p=[0.754 0.994 0.066 0.107 0.617 0.149 0.399 0.858 0.427 0.000]
   666          974        0.0202653         contract inside
  eval: e=0.0203  p=[0.750 0.995 0.070 0.114 0.612 0.149 0.399 0.860 0.432 0.000]
   667          975        0.0202653         reflect
  eval: e=0.0203  p=[0.748 0.995 0.074 0.119 0.606 0.148 0.400 0.860 0.436 0.000]
  eval: e=0.0203  p=[0.750 0.995 0.071 0.115 0.610 0.149 0.399 0.860 0.433 0.000]
   668          977        0.0202653         contract outside
  eval: e=0.0203  p=[0.754 0.995 0.067 0.108 0.614 0.149 0.400 0.858 0.426 0.000]
  eval: e=0.0203  p=[0.750 0.995 0.068 0.113 0.613 0.149 0.399 0.860 0.433 0.000]
   669          979        0.0202653         contract inside
  eval: e=0.0203  p=[0.752 0.995 0.067 0.110 0.615 0.149 0.399 0.860 0.430 0.000]
  eval: e=0.0203  p=[0.752 0.995 0.066 0.108 0.617 0.149 0.399 0.860 0.429 0.000]
   670          981        0.0202502         expand
  eval: e=0.0203  p=[0.753 0.994 0.068 0.110 0.614 0.149 0.400 0.859 0.428 0.000]
   671          982        0.0202502         reflect
  eval: e=0.0203  p=[0.753 0.994 0.068 0.109 0.614 0.149 0.400 0.858 0.427 0.000]
   672          983        0.0202502         reflect
  eval: e=0.0203  p=[0.750 0.995 0.069 0.113 0.613 0.149 0.399 0.860 0.432 0.000]
   673          984        0.0202502         reflect
  eval: e=0.0203  p=[0.751 0.994 0.068 0.112 0.614 0.149 0.399 0.860 0.431 0.000]
   674          985        0.0202502         reflect
  eval: e=0.0203  p=[0.749 0.995 0.071 0.115 0.611 0.149 0.399 0.861 0.434 0.000]
   675          986        0.0202502         reflect
  eval: e=0.0203  p=[0.751 0.995 0.069 0.112 0.612 0.149 0.400 0.859 0.431 0.000]
   676          987        0.0202502         reflect
  eval: e=0.0203  p=[0.752 0.994 0.069 0.111 0.613 0.149 0.400 0.859 0.428 0.000]
   677          988        0.0202502         reflect
  eval: e=0.0202  p=[0.753 0.994 0.066 0.107 0.617 0.149 0.399 0.859 0.426 0.000]
  eval: e=0.0202  p=[0.755 0.994 0.064 0.104 0.621 0.150 0.399 0.859 0.423 0.000]
   678          990        0.0202496         expand
  eval: e=0.0203  p=[0.754 0.994 0.066 0.107 0.617 0.149 0.399 0.859 0.426 0.000]
   679          991        0.0202496         reflect
  eval: e=0.0203  p=[0.751 0.994 0.068 0.111 0.614 0.149 0.399 0.860 0.429 0.000]
   680          992        0.0202496         reflect
  eval: e=0.0203  p=[0.751 0.994 0.068 0.111 0.615 0.149 0.399 0.860 0.430 0.000]
   681          993        0.0202496         reflect
  eval: e=0.0203  p=[0.750 0.994 0.068 0.112 0.615 0.149 0.398 0.861 0.431 0.000]
  eval: e=0.0203  p=[0.751 0.994 0.068 0.111 0.615 0.149 0.399 0.860 0.430 0.000]
   682          995        0.0202496         contract outside
  eval: e=0.0202  p=[0.753 0.994 0.067 0.108 0.617 0.149 0.399 0.859 0.426 0.000]
  eval: e=0.0202  p=[0.754 0.994 0.065 0.105 0.618 0.149 0.400 0.859 0.423 0.000]
   683          997        0.0202433         expand
  eval: e=0.0202  p=[0.753 0.994 0.066 0.107 0.616 0.149 0.400 0.859 0.426 0.000]
  eval: e=0.0202  p=[0.754 0.995 0.066 0.105 0.617 0.149 0.400 0.859 0.423 0.000]
   684          999        0.0202334         expand
  eval: e=0.0202  p=[0.756 0.994 0.063 0.102 0.621 0.150 0.400 0.858 0.421 0.000]
   685         1000        0.0202334         reflect
  eval: e=0.0202  p=[0.755 0.994 0.063 0.103 0.622 0.150 0.399 0.859 0.422 0.000]
   686         1001        0.0202334         reflect
  eval: e=0.0202  p=[0.754 0.994 0.063 0.102 0.622 0.150 0.398 0.860 0.423 0.000]
   687         1002        0.0202334         reflect
  eval: e=0.0202  p=[0.757 0.994 0.063 0.101 0.622 0.150 0.400 0.858 0.420 0.000]
   688         1003        0.0202334         reflect
  eval: e=0.0202  p=[0.758 0.994 0.061 0.099 0.623 0.150 0.400 0.858 0.418 0.000]
   689         1004        0.0202334         reflect
  eval: e=0.0202  p=[0.756 0.994 0.063 0.101 0.622 0.150 0.399 0.859 0.420 0.000]
   690         1005        0.0202334         reflect
  eval: e=0.0202  p=[0.759 0.993 0.059 0.095 0.627 0.150 0.399 0.858 0.415 0.000]
   691         1006        0.0202334         reflect
  eval: e=0.0203  p=[0.759 0.993 0.060 0.095 0.627 0.150 0.400 0.857 0.413 0.000]
  eval: e=0.0202  p=[0.754 0.994 0.065 0.105 0.619 0.149 0.399 0.859 0.425 0.000]
   692         1008        0.0202334         contract inside
  eval: e=0.0202  p=[0.757 0.994 0.062 0.100 0.622 0.150 0.400 0.859 0.419 0.000]
  eval: e=0.0202  p=[0.757 0.994 0.061 0.098 0.623 0.150 0.400 0.859 0.417 0.000]
   693         1010        0.0202266         expand
  eval: e=0.0203  p=[0.758 0.994 0.063 0.100 0.621 0.150 0.401 0.857 0.418 0.000]
  eval: e=0.0202  p=[0.755 0.994 0.063 0.102 0.622 0.150 0.399 0.859 0.422 0.000]
   694         1012        0.0202266         contract inside
  eval: e=0.0202  p=[0.757 0.994 0.062 0.100 0.621 0.150 0.400 0.858 0.419 0.000]
   695         1013        0.0202266         reflect
  eval: e=0.0202  p=[0.756 0.994 0.062 0.100 0.622 0.150 0.400 0.859 0.420 0.000]
   696         1014        0.0202266         reflect
  eval: e=0.0202  p=[0.753 0.995 0.067 0.108 0.615 0.149 0.400 0.860 0.426 0.000]
   697         1015        0.0202266         reflect
  eval: e=0.0202  p=[0.753 0.995 0.066 0.106 0.617 0.149 0.399 0.860 0.425 0.000]
   698         1016        0.0202266         reflect
  eval: e=0.0202  p=[0.752 0.994 0.066 0.106 0.618 0.149 0.399 0.860 0.425 0.000]
  eval: e=0.0202  p=[0.756 0.994 0.063 0.101 0.621 0.150 0.400 0.858 0.421 0.000]
   699         1018        0.0202266         contract inside
  eval: e=0.0202  p=[0.753 0.995 0.066 0.105 0.618 0.149 0.400 0.860 0.424 0.000]
   700         1019        0.0202266         reflect
  eval: e=0.0202  p=[0.755 0.995 0.063 0.101 0.621 0.150 0.400 0.860 0.421 0.000]
  eval: e=0.0202  p=[0.756 0.995 0.062 0.100 0.622 0.150 0.400 0.860 0.420 0.000]
   701         1021         0.020219         expand
  eval: e=0.0202  p=[0.756 0.995 0.063 0.100 0.621 0.150 0.400 0.859 0.419 0.000]
   702         1022         0.020219         reflect
  eval: e=0.0202  p=[0.755 0.995 0.065 0.103 0.618 0.149 0.401 0.860 0.422 0.000]
   703         1023         0.020219         reflect
  eval: e=0.0202  p=[0.754 0.996 0.066 0.104 0.617 0.149 0.400 0.860 0.424 0.000]
  eval: e=0.0202  p=[0.753 0.996 0.067 0.106 0.614 0.149 0.401 0.860 0.425 0.000]
   704         1025        0.0202187         reflect
  eval: e=0.0202  p=[0.753 0.995 0.065 0.105 0.617 0.149 0.400 0.861 0.424 0.000]
  eval: e=0.0202  p=[0.751 0.996 0.067 0.106 0.615 0.149 0.400 0.862 0.425 0.000]
   705         1027        0.0202118         expand
  eval: e=0.0202  p=[0.756 0.995 0.061 0.098 0.623 0.150 0.400 0.860 0.418 0.000]
  eval: e=0.0202  p=[0.758 0.995 0.058 0.093 0.627 0.150 0.400 0.860 0.414 0.000]
   706         1029        0.0202053         expand
  eval: e=0.0202  p=[0.756 0.995 0.062 0.098 0.622 0.150 0.400 0.861 0.418 0.000]
  eval: e=0.0202  p=[0.756 0.996 0.060 0.095 0.625 0.150 0.400 0.861 0.416 0.000]
   707         1031        0.0201946         expand
  eval: e=0.0202  p=[0.758 0.996 0.060 0.095 0.624 0.150 0.401 0.860 0.415 0.000]
   708         1032        0.0201946         reflect
  eval: e=0.0202  p=[0.755 0.996 0.063 0.100 0.620 0.149 0.401 0.861 0.419 0.000]
   709         1033        0.0201946         reflect
  eval: e=0.0202  p=[0.758 0.996 0.059 0.093 0.625 0.150 0.401 0.860 0.414 0.000]
   710         1034        0.0201946         reflect
  eval: e=0.0202  p=[0.754 0.997 0.063 0.100 0.619 0.149 0.401 0.862 0.420 0.000]
  eval: e=0.0202  p=[0.752 0.998 0.064 0.101 0.618 0.149 0.401 0.864 0.421 0.000]
   711         1036        0.0201914         reflect
  eval: e=0.0202  p=[0.755 0.997 0.061 0.097 0.621 0.149 0.401 0.862 0.418 0.000]
  eval: e=0.0202  p=[0.755 0.998 0.060 0.096 0.622 0.149 0.401 0.863 0.418 0.000]
   712         1038        0.0201596         expand
  eval: e=0.0202  p=[0.757 0.997 0.058 0.093 0.625 0.150 0.400 0.862 0.415 0.000]
   713         1039        0.0201596         reflect
  eval: e=0.0202  p=[0.756 0.997 0.061 0.095 0.622 0.149 0.401 0.862 0.416 0.000]
   714         1040        0.0201596         reflect
  eval: e=0.0202  p=[0.758 0.997 0.056 0.089 0.628 0.150 0.401 0.863 0.411 0.000]
   715         1041        0.0201596         reflect
  eval: e=0.0202  p=[0.761 0.997 0.053 0.083 0.632 0.150 0.401 0.861 0.406 0.000]
   716         1042        0.0201596         reflect
  eval: e=0.0202  p=[0.756 0.998 0.059 0.093 0.625 0.150 0.401 0.863 0.415 0.000]
   717         1043        0.0201596         reflect
  eval: e=0.0202  p=[0.755 0.998 0.060 0.095 0.622 0.149 0.401 0.864 0.417 0.000]
  eval: e=0.0201  p=[0.753 1.000 0.061 0.096 0.619 0.149 0.402 0.866 0.418 0.000]
   718         1045        0.0201398         expand
  eval: e=0.0202  p=[0.754 0.998 0.060 0.095 0.623 0.149 0.401 0.865 0.417 0.000]
   719         1046        0.0201398         reflect
  eval: e=0.0202  p=[0.757 0.999 0.055 0.087 0.628 0.150 0.401 0.865 0.411 0.000]
   720         1047        0.0201398         reflect
  eval: e=0.0202  p=[0.756 1.000 0.058 0.091 0.624 0.149 0.402 0.865 0.414 0.000]
   721         1048        0.0201398         reflect
  eval: e=0.0201  p=[0.754 0.999 0.061 0.097 0.620 0.149 0.401 0.864 0.419 0.000]
   722         1049        0.0201398         reflect
  eval: e=0.0201  p=[0.758 1.000 0.055 0.085 0.628 0.150 0.401 0.865 0.410 0.000]
  eval: e=0.0363  p=[0.760 1.000 0.050 0.078 0.633 0.150 0.402 0.867 0.405 0.000]
   723         1051        0.0201355         reflect
  eval: e=0.0201  p=[0.749 1.000 0.064 0.102 0.615 0.149 0.401 0.867 0.424 0.000]
   724         1052        0.0201355         reflect
  eval: e=0.0254  p=[0.753 1.000 0.060 0.094 0.620 0.149 0.402 0.867 0.417 0.000]
  eval: e=0.0202  p=[0.756 0.998 0.059 0.093 0.624 0.149 0.401 0.864 0.416 0.000]
   725         1054        0.0201355         contract inside
  eval: e=0.0234  p=[0.754 1.000 0.057 0.092 0.624 0.149 0.401 0.868 0.417 0.000]
  eval: e=0.0202  p=[0.755 0.998 0.060 0.094 0.622 0.149 0.401 0.863 0.416 0.000]
   726         1056        0.0201355         contract inside
  eval: e=0.0201  p=[0.756 0.999 0.059 0.092 0.623 0.149 0.402 0.864 0.415 0.000]
   727         1057        0.0201355         reflect
  eval: e=0.0206  p=[0.754 1.000 0.060 0.094 0.620 0.149 0.402 0.866 0.417 0.000]
  eval: e=0.0202  p=[0.755 0.998 0.059 0.093 0.624 0.149 0.401 0.864 0.416 0.000]
   728         1059        0.0201355         contract inside
  eval: e=0.0206  p=[0.754 1.000 0.060 0.093 0.621 0.149 0.402 0.866 0.417 0.000]
  eval: e=0.0202  p=[0.755 0.998 0.059 0.093 0.623 0.149 0.401 0.864 0.416 0.000]
   729         1061        0.0201355         contract inside
  eval: e=0.0203  p=[0.754 1.000 0.058 0.092 0.623 0.149 0.401 0.866 0.416 0.000]
  eval: e=0.0202  p=[0.755 0.999 0.060 0.094 0.622 0.149 0.401 0.864 0.416 0.000]
   730         1063        0.0201355         contract inside
  eval: e=0.0201  p=[0.752 0.999 0.064 0.101 0.616 0.149 0.402 0.865 0.422 0.000]
   731         1064        0.0201355         reflect
  eval: e=0.0233  p=[0.754 1.000 0.060 0.093 0.621 0.149 0.402 0.867 0.416 0.000]
  eval: e=0.0201  p=[0.755 0.999 0.060 0.095 0.622 0.149 0.401 0.864 0.418 0.000]
   732         1066        0.0201355         contract inside
  eval: e=0.0202  p=[0.753 1.000 0.061 0.096 0.619 0.149 0.402 0.866 0.419 0.000]
  eval: e=0.0201  p=[0.755 0.999 0.060 0.094 0.622 0.149 0.401 0.865 0.416 0.000]
   733         1068        0.0201355         contract inside
  eval: e=0.0202  p=[0.753 1.000 0.061 0.096 0.619 0.149 0.402 0.866 0.419 0.000]
  eval: e=0.0201  p=[0.755 0.999 0.060 0.094 0.622 0.149 0.401 0.865 0.417 0.000]
   734         1070        0.0201355         contract inside
  eval: e=0.0201  p=[0.753 1.000 0.061 0.095 0.620 0.149 0.401 0.866 0.419 0.000]
  eval: e=0.0262  p=[0.752 1.000 0.061 0.096 0.619 0.149 0.402 0.867 0.420 0.000]
   735         1072        0.0201353         reflect
  eval: e=0.0201  p=[0.752 0.999 0.063 0.100 0.618 0.149 0.401 0.865 0.422 0.000]
   736         1073        0.0201353         reflect
  eval: e=0.0207  p=[0.753 1.000 0.061 0.096 0.619 0.149 0.402 0.866 0.419 0.000]
  eval: e=0.0201  p=[0.754 0.999 0.060 0.095 0.621 0.149 0.401 0.865 0.418 0.000]
   737         1075        0.0201353         contract inside
  eval: e=0.0202  p=[0.759 0.999 0.056 0.088 0.626 0.150 0.402 0.863 0.411 0.000]
  eval: e=0.0201  p=[0.752 1.000 0.062 0.098 0.618 0.149 0.401 0.866 0.421 0.000]
   738         1077        0.0201353         contract inside
  eval: e=0.0201  p=[0.753 1.000 0.062 0.097 0.618 0.149 0.402 0.866 0.420 0.000]
  eval: e=0.0228  p=[0.752 1.000 0.063 0.098 0.616 0.149 0.402 0.866 0.421 0.000]
   739         1079        0.0201243         reflect
  eval: e=0.0202  p=[0.753 1.000 0.062 0.097 0.618 0.149 0.402 0.866 0.420 0.000]
  eval: e=0.0201  p=[0.754 0.999 0.060 0.095 0.621 0.149 0.401 0.865 0.418 0.000]
   740         1081        0.0201243         contract inside
  eval: e=0.0201  p=[0.753 1.000 0.061 0.096 0.619 0.149 0.402 0.866 0.419 0.000]
   741         1082        0.0201243         reflect
  eval: e=0.0218  p=[0.753 1.000 0.060 0.094 0.621 0.149 0.402 0.867 0.417 0.000]
  eval: e=0.0201  p=[0.754 0.999 0.061 0.096 0.620 0.149 0.401 0.865 0.419 0.000]
   742         1084        0.0201243         contract inside
  eval: e=0.0201  p=[0.754 0.999 0.060 0.095 0.621 0.149 0.401 0.864 0.419 0.000]
   743         1085        0.0201243         reflect
  eval: e=0.0201  p=[0.753 1.000 0.061 0.096 0.619 0.149 0.401 0.865 0.420 0.000]
  eval: e=0.0208  p=[0.753 1.000 0.062 0.097 0.618 0.149 0.402 0.866 0.421 0.000]
   744         1087        0.0201214         reflect
  eval: e=0.0201  p=[0.756 1.000 0.057 0.090 0.625 0.149 0.401 0.866 0.415 0.000]
   745         1088        0.0201214         reflect
  eval: e=0.0201  p=[0.757 1.000 0.057 0.090 0.624 0.149 0.402 0.864 0.414 0.000]
   746         1089        0.0201214         reflect
  eval: e=0.0210  p=[0.757 1.000 0.056 0.087 0.626 0.149 0.402 0.866 0.412 0.000]
  eval: e=0.0201  p=[0.754 0.999 0.061 0.096 0.620 0.149 0.401 0.865 0.419 0.000]
   747         1091        0.0201214         contract inside
  eval: e=0.0201  p=[0.756 0.999 0.058 0.091 0.625 0.149 0.401 0.864 0.415 0.000]
   748         1092        0.0201214         reflect
  eval: e=0.0201  p=[0.754 1.000 0.060 0.094 0.621 0.149 0.401 0.866 0.419 0.000]
  eval: e=0.0206  p=[0.753 1.000 0.060 0.095 0.620 0.149 0.401 0.867 0.420 0.000]
   749         1094        0.0201187         reflect
  eval: e=0.0201  p=[0.751 0.999 0.065 0.103 0.614 0.149 0.401 0.865 0.425 0.000]
  eval: e=0.0201  p=[0.753 1.000 0.062 0.099 0.618 0.149 0.401 0.865 0.422 0.000]
   750         1096        0.0201187         contract outside
  eval: e=0.0201  p=[0.755 1.000 0.059 0.093 0.622 0.149 0.401 0.866 0.417 0.000]
   751         1097        0.0201187         reflect
  eval: e=0.0201  p=[0.756 0.999 0.059 0.093 0.623 0.149 0.401 0.864 0.417 0.000]
   752         1098        0.0201187         reflect
  eval: e=0.0203  p=[0.752 1.000 0.062 0.098 0.618 0.149 0.401 0.866 0.421 0.000]
  eval: e=0.0201  p=[0.755 0.999 0.059 0.093 0.623 0.149 0.401 0.865 0.417 0.000]
   753         1100        0.0201187         contract inside
  eval: e=0.0208  p=[0.754 1.000 0.059 0.093 0.622 0.149 0.401 0.866 0.417 0.000]
  eval: e=0.0201  p=[0.754 0.999 0.060 0.095 0.621 0.149 0.401 0.865 0.418 0.000]
   754         1102        0.0201187         contract inside
  eval: e=0.0201  p=[0.756 1.000 0.058 0.091 0.623 0.149 0.401 0.865 0.416 0.000]
  eval: e=0.0211  p=[0.756 1.000 0.056 0.089 0.625 0.149 0.401 0.866 0.414 0.000]
   755         1104        0.0201159         reflect
  eval: e=0.0209  p=[0.754 1.000 0.060 0.095 0.620 0.149 0.402 0.866 0.418 0.000]
  eval: e=0.0201  p=[0.755 0.999 0.059 0.093 0.622 0.149 0.401 0.865 0.417 0.000]
   756         1106        0.0201159         contract inside
  eval: e=0.0203  p=[0.754 1.000 0.060 0.095 0.620 0.149 0.401 0.866 0.419 0.000]
  eval: e=0.0201  p=[0.755 1.000 0.059 0.093 0.622 0.149 0.401 0.865 0.417 0.000]
   757         1108        0.0201159         contract inside
  eval: e=0.0201  p=[0.757 1.000 0.056 0.088 0.626 0.149 0.401 0.866 0.413 0.000]
   758         1109        0.0201159         reflect
  eval: e=0.0201  p=[0.755 0.999 0.059 0.093 0.622 0.149 0.401 0.865 0.417 0.000]
  eval: e=0.0201  p=[0.755 1.000 0.059 0.093 0.622 0.149 0.401 0.865 0.417 0.000]
   759         1111        0.0201159         contract inside
  eval: e=0.0208  p=[0.755 1.000 0.058 0.090 0.624 0.149 0.401 0.866 0.415 0.000]
  eval: e=0.0201  p=[0.755 1.000 0.059 0.094 0.622 0.149 0.401 0.865 0.418 0.000]
   760         1113        0.0201159         contract inside
  eval: e=0.0201  p=[0.754 1.000 0.061 0.096 0.619 0.149 0.402 0.865 0.419 0.000]
   761         1114        0.0201159         reflect
  eval: e=0.0201  p=[0.752 1.000 0.061 0.097 0.619 0.149 0.401 0.866 0.421 0.000]
   762         1115        0.0201159         reflect
  eval: e=0.0203  p=[0.754 1.000 0.060 0.095 0.620 0.149 0.401 0.866 0.419 0.000]
  eval: e=0.0201  p=[0.755 1.000 0.059 0.094 0.622 0.149 0.401 0.865 0.418 0.000]
   763         1117        0.0201159         contract inside
  eval: e=0.0201  p=[0.756 1.000 0.057 0.090 0.625 0.149 0.401 0.865 0.416 0.000]
   764         1118        0.0201159         reflect
  eval: e=0.0206  p=[0.754 1.000 0.059 0.093 0.621 0.149 0.401 0.866 0.418 0.000]
  eval: e=0.0201  p=[0.755 1.000 0.059 0.093 0.622 0.149 0.401 0.865 0.417 0.000]
   765         1120        0.0201159         contract inside
  eval: e=0.0203  p=[0.754 1.000 0.059 0.093 0.622 0.149 0.401 0.866 0.417 0.000]
  eval: e=0.0201  p=[0.755 1.000 0.059 0.094 0.622 0.149 0.401 0.865 0.417 0.000]
   766         1122        0.0201159         contract inside
  eval: e=0.0201  p=[0.755 1.000 0.057 0.090 0.625 0.149 0.401 0.866 0.415 0.000]
  eval: e=0.0201  p=[0.754 1.000 0.060 0.095 0.621 0.149 0.401 0.865 0.418 0.000]
   767         1124        0.0201159         contract inside
  eval: e=0.0201  p=[0.755 1.000 0.059 0.093 0.622 0.149 0.401 0.866 0.417 0.000]
   768         1125        0.0201159         reflect
  eval: e=0.0201  p=[0.756 1.000 0.056 0.089 0.626 0.149 0.401 0.865 0.415 0.000]
   769         1126        0.0201159         reflect
  eval: e=0.0202  p=[0.755 1.000 0.058 0.091 0.623 0.149 0.401 0.866 0.416 0.000]
  eval: e=0.0201  p=[0.755 1.000 0.059 0.093 0.622 0.149 0.401 0.865 0.417 0.000]
   770         1128        0.0201159         contract inside
  eval: e=0.0202  p=[0.755 1.000 0.058 0.091 0.624 0.149 0.401 0.866 0.416 0.000]
  eval: e=0.0201  p=[0.755 1.000 0.059 0.093 0.622 0.149 0.401 0.865 0.417 0.000]
   771         1130        0.0201159         contract inside
  eval: e=0.0201  p=[0.753 1.000 0.062 0.098 0.619 0.149 0.401 0.865 0.422 0.000]
  eval: e=0.0201  p=[0.754 1.000 0.060 0.095 0.620 0.149 0.401 0.865 0.419 0.000]
   772         1132        0.0201159         contract outside
  eval: e=0.0201  p=[0.755 1.000 0.058 0.091 0.624 0.149 0.401 0.866 0.416 0.000]
   773         1133        0.0201159         reflect
  eval: e=0.0201  p=[0.757 1.000 0.056 0.088 0.627 0.149 0.401 0.865 0.413 0.000]
  eval: e=0.0201  p=[0.754 1.000 0.060 0.095 0.621 0.149 0.401 0.866 0.419 0.000]
   774         1135        0.0201159         contract inside
  eval: e=0.0201  p=[0.755 1.000 0.058 0.092 0.623 0.149 0.401 0.866 0.417 0.000]
  eval: e=0.0202  p=[0.755 1.000 0.058 0.092 0.624 0.149 0.401 0.866 0.417 0.000]
   775         1137        0.0201152         reflect
  eval: e=0.0201  p=[0.755 1.000 0.058 0.092 0.623 0.149 0.401 0.866 0.417 0.000]
  eval: e=0.0202  p=[0.755 1.000 0.058 0.091 0.624 0.149 0.401 0.866 0.417 0.000]
   776         1139        0.0201147         reflect
  eval: e=0.0203  p=[0.753 1.000 0.060 0.095 0.621 0.149 0.401 0.866 0.419 0.000]
  eval: e=0.0201  p=[0.755 1.000 0.058 0.092 0.624 0.149 0.401 0.865 0.416 0.000]
   777         1141        0.0201147         contract inside
  eval: e=0.0201  p=[0.756 1.000 0.057 0.090 0.625 0.149 0.401 0.865 0.415 0.000]
   778         1142        0.0201147         reflect
  eval: e=0.0201  p=[0.755 1.000 0.058 0.091 0.624 0.149 0.401 0.866 0.417 0.000]
  eval: e=0.0201  p=[0.755 1.000 0.057 0.091 0.625 0.149 0.401 0.866 0.417 0.000]
   779         1144        0.0201139         expand
  eval: e=0.0202  p=[0.756 1.000 0.056 0.088 0.627 0.149 0.401 0.866 0.414 0.000]
  eval: e=0.0201  p=[0.754 1.000 0.059 0.093 0.622 0.149 0.401 0.866 0.418 0.000]
   780         1146        0.0201139         contract inside
  eval: e=0.0201  p=[0.754 1.000 0.060 0.095 0.621 0.149 0.401 0.866 0.419 0.000]
  eval: e=0.0201  p=[0.756 1.000 0.057 0.091 0.624 0.149 0.401 0.866 0.416 0.000]
   781         1148        0.0201139         contract inside
  eval: e=0.0201  p=[0.755 1.000 0.059 0.093 0.622 0.149 0.401 0.865 0.417 0.000]
   782         1149        0.0201139         reflect
  eval: e=0.0201  p=[0.757 1.000 0.056 0.089 0.626 0.149 0.401 0.865 0.414 0.000]
   783         1150        0.0201139         reflect
  eval: e=0.0202  p=[0.755 1.000 0.058 0.091 0.624 0.149 0.401 0.866 0.417 0.000]
  eval: e=0.0201  p=[0.755 1.000 0.058 0.091 0.624 0.149 0.401 0.866 0.416 0.000]
   784         1152        0.0201139         contract inside
  eval: e=0.0201  p=[0.755 1.000 0.058 0.092 0.623 0.149 0.401 0.866 0.417 0.000]
  eval: e=0.0201  p=[0.755 1.000 0.058 0.091 0.624 0.149 0.401 0.866 0.416 0.000]
   785         1154        0.0201139         contract inside
  eval: e=0.0201  p=[0.756 1.000 0.056 0.089 0.625 0.149 0.401 0.866 0.415 0.000]
  eval: e=0.0201  p=[0.755 1.000 0.058 0.092 0.623 0.149 0.401 0.866 0.417 0.000]
   786         1156        0.0201139         contract inside
  eval: e=0.0201  p=[0.756 1.000 0.057 0.090 0.625 0.149 0.401 0.866 0.415 0.000]
   787         1157        0.0201139         reflect
  eval: e=0.0201  p=[0.756 1.000 0.057 0.091 0.624 0.149 0.401 0.866 0.416 0.000]
  eval: e=0.0201  p=[0.755 1.000 0.058 0.091 0.624 0.149 0.401 0.866 0.416 0.000]
   788         1159        0.0201139         contract inside
  eval: e=0.0201  p=[0.755 1.000 0.057 0.091 0.625 0.149 0.401 0.866 0.417 0.000]
   789         1160        0.0201139         reflect
  eval: e=0.0201  p=[0.755 1.000 0.059 0.093 0.623 0.149 0.401 0.866 0.417 0.000]
   790         1161        0.0201139         reflect
  eval: e=0.0201  p=[0.755 1.000 0.058 0.092 0.624 0.149 0.401 0.866 0.417 0.000]
  eval: e=0.0201  p=[0.755 1.000 0.058 0.092 0.624 0.149 0.401 0.866 0.417 0.000]
   791         1163        0.0201133         reflect
  eval: e=0.0201  p=[0.754 1.000 0.059 0.093 0.623 0.149 0.401 0.866 0.418 0.000]
   792         1164        0.0201133         reflect
  eval: e=0.0201  p=[0.755 1.000 0.057 0.091 0.625 0.149 0.401 0.866 0.416 0.000]
  eval: e=0.0201  p=[0.755 1.000 0.058 0.092 0.623 0.149 0.401 0.866 0.417 0.000]
   793         1166        0.0201133         contract inside
  eval: e=0.0201  p=[0.755 1.000 0.058 0.092 0.624 0.149 0.401 0.866 0.417 0.000]
  eval: e=0.0201  p=[0.755 1.000 0.058 0.091 0.624 0.149 0.401 0.866 0.417 0.000]
   794         1168        0.0201133         contract inside
  eval: e=0.0201  p=[0.755 1.000 0.057 0.091 0.624 0.149 0.401 0.866 0.416 0.000]
   795         1169        0.0201133         reflect
  eval: e=0.0201  p=[0.753 1.000 0.060 0.095 0.621 0.149 0.401 0.866 0.419 0.000]
   796         1170        0.0201133         reflect
  eval: e=0.0201  p=[0.754 1.000 0.059 0.093 0.622 0.149 0.401 0.866 0.418 0.000]
  eval: e=0.0201  p=[0.755 1.000 0.058 0.091 0.624 0.149 0.401 0.866 0.417 0.000]
   797         1172        0.0201133         contract inside
  eval: e=0.0201  p=[0.757 1.000 0.056 0.089 0.626 0.149 0.401 0.865 0.415 0.000]
  eval: e=0.0201  p=[0.754 1.000 0.059 0.093 0.622 0.149 0.401 0.866 0.418 0.000]
   798         1174        0.0201133         contract inside
  eval: e=0.0201  p=[0.755 1.000 0.058 0.092 0.624 0.149 0.401 0.866 0.417 0.000]
  eval: e=0.0201  p=[0.755 1.000 0.058 0.092 0.624 0.149 0.401 0.866 0.417 0.000]
   799         1176        0.0201129         reflect
  eval: e=0.0201  p=[0.755 1.000 0.058 0.092 0.624 0.149 0.401 0.866 0.417 0.000]
  eval: e=0.0201  p=[0.755 1.000 0.058 0.092 0.624 0.149 0.401 0.866 0.417 0.000]
   800         1178        0.0201125         expand
  eval: e=0.0201  p=[0.755 1.000 0.058 0.092 0.623 0.149 0.401 0.866 0.418 0.000]
  eval: e=0.0201  p=[0.754 1.000 0.059 0.093 0.623 0.149 0.401 0.866 0.419 0.000]
   801         1180        0.0201121         reflect
  eval: e=0.0201  p=[0.755 1.000 0.057 0.091 0.625 0.149 0.401 0.866 0.417 0.000]
   802         1181        0.0201121         reflect
  eval: e=0.0201  p=[0.755 1.000 0.057 0.091 0.625 0.149 0.401 0.866 0.417 0.000]
   803         1182        0.0201121         reflect
  eval: e=0.0201  p=[0.755 1.000 0.058 0.092 0.623 0.149 0.401 0.865 0.417 0.000]
   804         1183        0.0201121         reflect
  eval: e=0.0201  p=[0.755 1.000 0.058 0.092 0.623 0.149 0.401 0.866 0.418 0.000]
  eval: e=0.0201  p=[0.755 1.000 0.058 0.093 0.623 0.149 0.401 0.866 0.418 0.000]
   805         1185        0.0201119         reflect
  eval: e=0.0201  p=[0.756 1.000 0.057 0.090 0.625 0.149 0.401 0.866 0.416 0.000]
   806         1186        0.0201119         reflect
  eval: e=0.0201  p=[0.755 1.000 0.059 0.093 0.623 0.149 0.401 0.866 0.418 0.000]
   807         1187        0.0201119         reflect
  eval: e=0.0201  p=[0.755 1.000 0.057 0.091 0.624 0.149 0.401 0.866 0.417 0.000]
   808         1188        0.0201119         reflect
  eval: e=0.0201  p=[0.755 1.000 0.059 0.093 0.623 0.149 0.401 0.866 0.417 0.000]
   809         1189        0.0201119         reflect
  eval: e=0.0201  p=[0.756 1.000 0.057 0.091 0.624 0.149 0.401 0.866 0.417 0.000]
   810         1190        0.0201119         reflect
  eval: e=0.0201  p=[0.755 1.000 0.057 0.091 0.625 0.149 0.401 0.866 0.417 0.000]
  eval: e=0.0201  p=[0.755 1.000 0.058 0.092 0.623 0.149 0.401 0.866 0.417 0.000]
   811         1192        0.0201119         contract inside
  eval: e=0.0201  p=[0.755 1.000 0.058 0.093 0.623 0.149 0.401 0.866 0.418 0.000]
  eval: e=0.0201  p=[0.755 1.000 0.058 0.091 0.624 0.149 0.401 0.866 0.417 0.000]
   812         1194        0.0201119         contract inside
  eval: e=0.0201  p=[0.755 1.000 0.058 0.092 0.624 0.149 0.401 0.866 0.418 0.000]
  eval: e=0.0201  p=[0.755 1.000 0.058 0.092 0.624 0.149 0.401 0.866 0.418 0.000]
   813         1196        0.0201113         expand
  eval: e=0.0201  p=[0.755 1.000 0.058 0.092 0.624 0.149 0.401 0.866 0.417 0.000]
   814         1197        0.0201113         reflect
  eval: e=0.0201  p=[0.755 1.000 0.058 0.092 0.623 0.149 0.401 0.866 0.418 0.000]
  eval: e=0.0201  p=[0.755 1.000 0.058 0.093 0.623 0.149 0.401 0.866 0.418 0.000]
   815         1199        0.0201106         expand
  eval: e=0.0201  p=[0.754 1.000 0.059 0.094 0.622 0.149 0.401 0.866 0.419 0.000]
   816         1200        0.0201106         reflect
  eval: e=0.0201  p=[0.755 1.000 0.059 0.093 0.622 0.149 0.401 0.865 0.418 0.000]
  eval: e=0.0201  p=[0.755 1.000 0.058 0.092 0.624 0.149 0.401 0.866 0.418 0.000]
   817         1202        0.0201106         contract inside
  eval: e=0.0201  p=[0.755 1.000 0.057 0.091 0.624 0.149 0.401 0.866 0.418 0.000]
   818         1203        0.0201106         reflect
  eval: e=0.0201  p=[0.755 1.000 0.058 0.092 0.623 0.149 0.401 0.866 0.418 0.000]
  eval: e=0.0201  p=[0.755 1.000 0.058 0.092 0.624 0.149 0.401 0.866 0.418 0.000]
   819         1205        0.0201106         contract inside
  eval: e=0.0201  p=[0.754 1.000 0.059 0.094 0.622 0.149 0.401 0.866 0.419 0.000]
   820         1206        0.0201106         reflect
  eval: e=0.0201  p=[0.754 1.000 0.058 0.093 0.623 0.149 0.400 0.866 0.419 0.000]
   821         1207        0.0201106         reflect
  eval: e=0.0201  p=[0.754 1.000 0.059 0.093 0.623 0.149 0.401 0.866 0.419 0.000]
  eval: e=0.0201  p=[0.755 1.000 0.058 0.092 0.624 0.149 0.401 0.866 0.418 0.000]
   822         1209        0.0201106         contract inside
  eval: e=0.0201  p=[0.755 1.000 0.058 0.092 0.624 0.149 0.401 0.866 0.418 0.000]
   823         1210        0.0201106         reflect
  eval: e=0.0201  p=[0.754 1.000 0.058 0.093 0.623 0.149 0.401 0.866 0.419 0.000]
  eval: e=0.0201  p=[0.754 1.000 0.059 0.093 0.623 0.149 0.400 0.866 0.419 0.000]
   824         1212        0.0201104         reflect
  eval: e=0.0201  p=[0.754 1.000 0.058 0.093 0.623 0.149 0.400 0.866 0.419 0.000]
   825         1213        0.0201104         reflect
  eval: e=0.0201  p=[0.754 1.000 0.059 0.093 0.623 0.149 0.401 0.866 0.419 0.000]
   826         1214        0.0201104         reflect
  eval: e=0.0201  p=[0.754 1.000 0.059 0.093 0.623 0.149 0.400 0.866 0.419 0.000]
   827         1215        0.0201104         reflect
  eval: e=0.0201  p=[0.754 1.000 0.059 0.093 0.623 0.149 0.401 0.866 0.419 0.000]
  eval: e=0.0201  p=[0.754 1.000 0.059 0.093 0.622 0.149 0.401 0.866 0.419 0.000]
   828         1217          0.02011         expand
  eval: e=0.0201  p=[0.754 1.000 0.059 0.093 0.623 0.149 0.401 0.866 0.418 0.000]
   829         1218          0.02011         reflect
  eval: e=0.0201  p=[0.754 1.000 0.060 0.095 0.621 0.149 0.401 0.866 0.420 0.000]
   830         1219          0.02011         reflect
  eval: e=0.0201  p=[0.754 1.000 0.059 0.094 0.621 0.149 0.401 0.866 0.420 0.000]
   831         1220          0.02011         reflect
  eval: e=0.0201  p=[0.754 1.000 0.060 0.095 0.621 0.149 0.401 0.866 0.420 0.000]
  eval: e=0.0201  p=[0.754 1.000 0.058 0.093 0.623 0.149 0.401 0.866 0.419 0.000]
   832         1222          0.02011         contract inside
  eval: e=0.0201  p=[0.754 1.000 0.058 0.093 0.623 0.149 0.401 0.866 0.419 0.000]
  eval: e=0.0201  p=[0.754 1.000 0.058 0.093 0.623 0.149 0.400 0.866 0.419 0.000]
   833         1224        0.0201099         reflect
  eval: e=0.0201  p=[0.754 1.000 0.059 0.094 0.622 0.149 0.400 0.866 0.420 0.000]
   834         1225        0.0201099         reflect
  eval: e=0.0201  p=[0.754 1.000 0.059 0.093 0.623 0.149 0.401 0.866 0.419 0.000]
  eval: e=0.0201  p=[0.754 1.000 0.059 0.093 0.623 0.149 0.401 0.866 0.419 0.000]
   835         1227        0.0201099         contract outside
  eval: e=0.0201  p=[0.754 1.000 0.059 0.093 0.622 0.149 0.401 0.866 0.419 0.000]
   836         1228        0.0201099         reflect
  eval: e=0.0201  p=[0.754 1.000 0.059 0.094 0.622 0.149 0.401 0.866 0.420 0.000]
  eval: e=0.0201  p=[0.753 1.000 0.060 0.095 0.621 0.149 0.401 0.866 0.420 0.000]
   837         1230        0.0201096         reflect
  eval: e=0.0201  p=[0.753 1.000 0.059 0.095 0.622 0.149 0.401 0.866 0.420 0.000]
  eval: e=0.0201  p=[0.753 1.000 0.060 0.096 0.621 0.149 0.400 0.866 0.421 0.000]
   838         1232         0.020109         expand
  eval: e=0.0201  p=[0.754 1.000 0.059 0.094 0.622 0.149 0.401 0.866 0.419 0.000]
  eval: e=0.0201  p=[0.754 1.000 0.059 0.094 0.622 0.149 0.401 0.866 0.420 0.000]
   839         1234         0.020109         contract inside
  eval: e=0.0201  p=[0.754 1.000 0.059 0.094 0.622 0.149 0.401 0.866 0.420 0.000]
   840         1235         0.020109         reflect
  eval: e=0.0201  p=[0.754 1.000 0.058 0.093 0.623 0.149 0.400 0.866 0.419 0.000]
  eval: e=0.0201  p=[0.754 1.000 0.059 0.094 0.622 0.149 0.401 0.866 0.420 0.000]
   841         1237         0.020109         contract inside
  eval: e=0.0201  p=[0.754 1.000 0.059 0.094 0.621 0.149 0.401 0.866 0.420 0.000]
   842         1238         0.020109         reflect
  eval: e=0.0201  p=[0.753 1.000 0.060 0.095 0.621 0.149 0.401 0.866 0.421 0.000]
   843         1239         0.020109         reflect
  eval: e=0.0201  p=[0.753 1.000 0.060 0.095 0.621 0.149 0.401 0.866 0.420 0.000]
   844         1240         0.020109         reflect
  eval: e=0.0201  p=[0.754 1.000 0.060 0.094 0.621 0.149 0.401 0.866 0.420 0.000]
  eval: e=0.0201  p=[0.754 1.000 0.059 0.094 0.622 0.149 0.401 0.866 0.420 0.000]
   845         1242         0.020109         contract inside
  eval: e=0.0201  p=[0.753 1.000 0.060 0.095 0.621 0.149 0.401 0.866 0.420 0.000]
   846         1243         0.020109         reflect
  eval: e=0.0201  p=[0.754 1.000 0.059 0.094 0.622 0.149 0.401 0.866 0.420 0.000]
   847         1244         0.020109         reflect
  eval: e=0.0201  p=[0.753 1.000 0.060 0.095 0.621 0.149 0.401 0.866 0.420 0.000]
   848         1245         0.020109         reflect
  eval: e=0.0201  p=[0.753 1.000 0.060 0.096 0.621 0.149 0.400 0.866 0.422 0.000]
   849         1246         0.020109         reflect
  eval: e=0.0201  p=[0.753 1.000 0.061 0.097 0.620 0.149 0.401 0.866 0.422 0.000]
   850         1247         0.020109         reflect
  eval: e=0.0201  p=[0.753 1.000 0.060 0.096 0.620 0.149 0.401 0.866 0.421 0.000]
   851         1248         0.020109         reflect
  eval: e=0.0201  p=[0.753 1.000 0.060 0.095 0.621 0.149 0.400 0.866 0.421 0.000]
   852         1249         0.020109         reflect
  eval: e=0.0201  p=[0.754 1.000 0.059 0.094 0.622 0.149 0.401 0.866 0.420 0.000]
  eval: e=0.0201  p=[0.753 1.000 0.060 0.096 0.621 0.149 0.401 0.866 0.421 0.000]
   853         1251        0.0201087         contract inside
  eval: e=0.0201  p=[0.752 1.000 0.061 0.097 0.620 0.149 0.401 0.866 0.422 0.000]
   854         1252        0.0201087         reflect
  eval: e=0.0201  p=[0.753 1.000 0.060 0.096 0.621 0.149 0.400 0.866 0.421 0.000]
   855         1253        0.0201087         reflect
  eval: e=0.0201  p=[0.753 1.000 0.060 0.095 0.621 0.149 0.401 0.866 0.420 0.000]
   856         1254        0.0201087         reflect
  eval: e=0.0201  p=[0.752 1.000 0.061 0.096 0.620 0.149 0.400 0.866 0.422 0.000]
  eval: e=0.0201  p=[0.752 1.000 0.061 0.097 0.619 0.149 0.400 0.866 0.423 0.000]
   857         1256        0.0201084         reflect
  eval: e=0.0201  p=[0.752 1.000 0.061 0.097 0.620 0.149 0.400 0.866 0.422 0.000]
   858         1257        0.0201084         reflect
  eval: e=0.0201  p=[0.752 1.000 0.061 0.097 0.619 0.149 0.401 0.866 0.422 0.000]
   859         1258        0.0201084         reflect
  eval: e=0.0201  p=[0.752 1.000 0.061 0.097 0.620 0.149 0.401 0.866 0.422 0.000]
   860         1259        0.0201084         reflect
  eval: e=0.0201  p=[0.752 1.000 0.061 0.097 0.619 0.149 0.400 0.866 0.423 0.000]
   861         1260        0.0201084         reflect
  eval: e=0.0201  p=[0.753 1.000 0.060 0.096 0.620 0.149 0.401 0.866 0.421 0.000]
  eval: e=0.0201  p=[0.752 1.000 0.061 0.096 0.620 0.149 0.401 0.866 0.422 0.000]
   862         1262        0.0201084         contract inside
  eval: e=0.0201  p=[0.753 1.000 0.060 0.096 0.621 0.149 0.400 0.866 0.421 0.000]
   863         1263        0.0201084         reflect
  eval: e=0.0201  p=[0.752 1.000 0.061 0.097 0.619 0.149 0.401 0.866 0.422 0.000]
  eval: e=0.0201  p=[0.752 1.000 0.062 0.097 0.619 0.149 0.401 0.866 0.422 0.000]
   864         1265        0.0201083         reflect
  eval: e=0.0201  p=[0.753 1.000 0.060 0.095 0.621 0.149 0.401 0.866 0.421 0.000]
   865         1266        0.0201083         reflect
  eval: e=0.0201  p=[0.753 1.000 0.060 0.095 0.621 0.149 0.400 0.866 0.421 0.000]
  eval: e=0.0201  p=[0.753 1.000 0.060 0.096 0.621 0.149 0.400 0.866 0.421 0.000]
   866         1268        0.0201083         contract outside
  eval: e=0.0201  p=[0.752 1.000 0.061 0.097 0.620 0.149 0.400 0.866 0.423 0.000]
  eval: e=0.0201  p=[0.753 1.000 0.060 0.095 0.621 0.149 0.401 0.866 0.421 0.000]
   867         1270        0.0201083         contract inside
  eval: e=0.0201  p=[0.753 1.000 0.060 0.096 0.621 0.149 0.401 0.866 0.421 0.000]
  eval: e=0.0201  p=[0.753 1.000 0.060 0.095 0.621 0.149 0.401 0.866 0.421 0.000]
   868         1272         0.020108         reflect
  eval: e=0.0201  p=[0.753 1.000 0.061 0.096 0.620 0.149 0.401 0.866 0.422 0.000]
   869         1273         0.020108         reflect
  eval: e=0.0201  p=[0.753 1.000 0.060 0.096 0.621 0.149 0.401 0.866 0.421 0.000]
   870         1274         0.020108         reflect
  eval: e=0.0201  p=[0.752 1.000 0.061 0.096 0.620 0.149 0.400 0.866 0.422 0.000]
  eval: e=0.0201  p=[0.752 1.000 0.061 0.097 0.620 0.149 0.400 0.866 0.423 0.000]
   871         1276        0.0201077         expand
  eval: e=0.0201  p=[0.752 1.000 0.061 0.097 0.620 0.149 0.401 0.866 0.422 0.000]
   872         1277        0.0201077         reflect
  eval: e=0.0201  p=[0.752 1.000 0.061 0.097 0.620 0.149 0.400 0.866 0.423 0.000]
   873         1278        0.0201077         reflect
  eval: e=0.0201  p=[0.753 1.000 0.060 0.095 0.621 0.149 0.401 0.866 0.421 0.000]
   874         1279        0.0201077         reflect
  eval: e=0.0201  p=[0.752 1.000 0.060 0.096 0.621 0.149 0.400 0.866 0.421 0.000]
   875         1280        0.0201077         reflect
  eval: e=0.0201  p=[0.752 1.000 0.061 0.096 0.620 0.149 0.401 0.866 0.422 0.000]
  eval: e=0.0201  p=[0.752 1.000 0.061 0.097 0.619 0.149 0.401 0.866 0.422 0.000]
   876         1282        0.0201076         expand
  eval: e=0.0201  p=[0.753 1.000 0.060 0.096 0.620 0.149 0.401 0.866 0.421 0.000]
  eval: e=0.0201  p=[0.753 1.000 0.060 0.095 0.620 0.149 0.401 0.866 0.421 0.000]
   877         1284         0.020107         expand
  eval: e=0.0201  p=[0.752 1.000 0.061 0.097 0.619 0.149 0.400 0.866 0.423 0.000]
   878         1285         0.020107         reflect
  eval: e=0.0201  p=[0.753 1.000 0.060 0.096 0.621 0.149 0.400 0.866 0.421 0.000]
   879         1286         0.020107         reflect
  eval: e=0.0201  p=[0.752 1.000 0.061 0.097 0.620 0.149 0.401 0.866 0.422 0.000]
   880         1287         0.020107         reflect
  eval: e=0.0201  p=[0.752 1.000 0.061 0.097 0.619 0.149 0.400 0.866 0.422 0.000]
   881         1288         0.020107         reflect
  eval: e=0.0201  p=[0.752 1.000 0.061 0.097 0.619 0.149 0.400 0.866 0.422 0.000]
  eval: e=0.0201  p=[0.751 1.000 0.062 0.098 0.618 0.148 0.400 0.866 0.423 0.000]
   882         1290        0.0201064         expand
  eval: e=0.0201  p=[0.752 1.000 0.061 0.097 0.620 0.149 0.400 0.866 0.422 0.000]
   883         1291        0.0201064         reflect
  eval: e=0.0201  p=[0.752 1.000 0.061 0.096 0.620 0.149 0.401 0.866 0.421 0.000]
   884         1292        0.0201064         reflect
  eval: e=0.0201  p=[0.751 1.000 0.062 0.098 0.618 0.148 0.401 0.866 0.423 0.000]
   885         1293        0.0201064         reflect
  eval: e=0.0201  p=[0.752 1.000 0.061 0.097 0.619 0.149 0.401 0.866 0.422 0.000]
   886         1294        0.0201064         reflect
  eval: e=0.0201  p=[0.752 1.000 0.061 0.097 0.620 0.149 0.400 0.866 0.422 0.000]
  eval: e=0.0201  p=[0.752 1.000 0.061 0.097 0.620 0.149 0.400 0.866 0.422 0.000]
   887         1296        0.0201052         expand
  eval: e=0.0201  p=[0.752 1.000 0.061 0.097 0.620 0.149 0.400 0.866 0.422 0.000]
   888         1297        0.0201052         reflect
  eval: e=0.0201  p=[0.752 1.000 0.061 0.096 0.620 0.149 0.401 0.866 0.422 0.000]
   889         1298        0.0201052         reflect
  eval: e=0.0201  p=[0.752 1.000 0.062 0.098 0.618 0.149 0.401 0.866 0.423 0.000]
   890         1299        0.0201052         reflect
  eval: e=0.0201  p=[0.752 1.000 0.061 0.097 0.619 0.149 0.401 0.866 0.422 0.000]
  eval: e=0.0201  p=[0.752 1.000 0.061 0.096 0.619 0.149 0.401 0.866 0.421 0.000]
   891         1301        0.0201044         expand
  eval: e=0.0201  p=[0.751 1.000 0.062 0.098 0.618 0.148 0.400 0.866 0.424 0.000]
   892         1302        0.0201044         reflect
  eval: e=0.0201  p=[0.752 1.000 0.061 0.096 0.620 0.149 0.401 0.866 0.421 0.000]
   893         1303        0.0201044         reflect
  eval: e=0.0201  p=[0.751 1.000 0.062 0.097 0.619 0.148 0.400 0.866 0.423 0.000]
   894         1304        0.0201044         reflect
  eval: e=0.0201  p=[0.751 1.000 0.062 0.097 0.619 0.148 0.401 0.866 0.422 0.000]
  eval: e=0.0201  p=[0.751 1.000 0.062 0.098 0.618 0.148 0.401 0.866 0.422 0.000]
   895         1306        0.0201043         expand
  eval: e=0.0201  p=[0.751 1.000 0.062 0.098 0.618 0.148 0.400 0.866 0.423 0.000]
  eval: e=0.0201  p=[0.750 1.000 0.063 0.099 0.617 0.148 0.400 0.867 0.424 0.000]
   896         1308        0.0201024         expand
  eval: e=0.0201  p=[0.752 1.000 0.061 0.096 0.619 0.148 0.401 0.866 0.422 0.000]
   897         1309        0.0201024         reflect
  eval: e=0.0201  p=[0.751 1.000 0.061 0.096 0.620 0.148 0.400 0.867 0.422 0.000]
   898         1310        0.0201024         reflect
  eval: e=0.0201  p=[0.750 1.000 0.062 0.098 0.618 0.148 0.400 0.867 0.423 0.000]
   899         1311        0.0201024         reflect
  eval: e=0.0201  p=[0.751 1.000 0.062 0.098 0.618 0.148 0.400 0.866 0.423 0.000]
  eval: e=0.0201  p=[0.750 1.000 0.063 0.098 0.618 0.148 0.401 0.866 0.423 0.000]
   900         1313        0.0201009         expand
  eval: e=0.0201  p=[0.751 1.000 0.063 0.098 0.618 0.148 0.401 0.866 0.423 0.000]
   901         1314        0.0201009         reflect
  eval: e=0.0201  p=[0.750 1.000 0.064 0.099 0.617 0.148 0.400 0.867 0.424 0.000]
   902         1315        0.0201009         reflect
  eval: e=0.0201  p=[0.751 1.000 0.062 0.097 0.619 0.148 0.401 0.867 0.422 0.000]
   903         1316        0.0201009         reflect
  eval: e=0.0201  p=[0.750 1.000 0.063 0.098 0.618 0.148 0.401 0.867 0.423 0.000]
   904         1317        0.0201009         reflect
  eval: e=0.0201  p=[0.749 1.000 0.064 0.099 0.617 0.148 0.400 0.867 0.424 0.000]
  eval: e=0.0201  p=[0.748 1.000 0.065 0.101 0.616 0.148 0.400 0.867 0.425 0.000]
   905         1319        0.0200995         expand
  eval: e=0.0201  p=[0.750 1.000 0.063 0.099 0.618 0.148 0.400 0.867 0.424 0.000]
  eval: e=0.0201  p=[0.749 1.000 0.064 0.099 0.618 0.148 0.400 0.867 0.425 0.000]
   906         1321        0.0200966         expand
  eval: e=0.0201  p=[0.750 1.000 0.063 0.098 0.618 0.148 0.400 0.867 0.423 0.000]
   907         1322        0.0200966         reflect
  eval: e=0.0201  p=[0.748 1.000 0.065 0.100 0.615 0.148 0.400 0.867 0.425 0.000]
   908         1323        0.0200966         reflect
  eval: e=0.0201  p=[0.748 1.000 0.065 0.101 0.615 0.148 0.400 0.867 0.426 0.000]
   909         1324        0.0200966         reflect
  eval: e=0.0201  p=[0.749 1.000 0.064 0.099 0.617 0.148 0.400 0.867 0.423 0.000]
   910         1325        0.0200966         reflect
  eval: e=0.0201  p=[0.748 1.000 0.065 0.100 0.616 0.148 0.400 0.867 0.425 0.000]
   911         1326        0.0200966         reflect
  eval: e=0.0201  p=[0.748 1.000 0.064 0.099 0.617 0.148 0.400 0.867 0.424 0.000]
  eval: e=0.0201  p=[0.748 1.000 0.065 0.099 0.617 0.148 0.400 0.867 0.424 0.000]
   912         1328        0.0200947         expand
  eval: e=0.0201  p=[0.747 1.000 0.065 0.100 0.616 0.148 0.400 0.868 0.425 0.000]
   913         1329        0.0200947         reflect
  eval: e=0.0201  p=[0.746 1.000 0.067 0.102 0.614 0.148 0.400 0.868 0.427 0.000]
   914         1330        0.0200947         reflect
  eval: e=0.0201  p=[0.746 1.000 0.066 0.102 0.615 0.147 0.400 0.868 0.427 0.001]
  eval: e=0.0201  p=[0.744 1.000 0.068 0.104 0.613 0.147 0.399 0.869 0.429 0.001]
   915         1332         0.020094         expand
  eval: e=0.0201  p=[0.747 1.000 0.065 0.100 0.616 0.148 0.400 0.868 0.426 0.000]
  eval: e=0.0201  p=[0.746 1.000 0.065 0.100 0.617 0.147 0.399 0.869 0.426 0.001]
   916         1334        0.0200927         expand
  eval: e=0.0201  p=[0.747 1.000 0.065 0.100 0.616 0.148 0.400 0.868 0.425 0.001]
  eval: e=0.0201  p=[0.746 1.000 0.066 0.099 0.616 0.147 0.400 0.868 0.425 0.001]
   917         1336        0.0200852         expand
  eval: e=0.0201  p=[0.747 1.000 0.065 0.099 0.617 0.148 0.400 0.868 0.425 0.001]
   918         1337        0.0200852         reflect
  eval: e=0.0201  p=[0.744 1.000 0.067 0.102 0.615 0.147 0.399 0.869 0.427 0.001]
   919         1338        0.0200852         reflect
  eval: e=0.0201  p=[0.744 1.000 0.067 0.102 0.615 0.147 0.399 0.869 0.428 0.001]
   920         1339        0.0200852         reflect
  eval: e=0.0201  p=[0.744 1.000 0.067 0.101 0.615 0.147 0.399 0.869 0.427 0.001]
   921         1340        0.0200852         reflect
  eval: e=0.0201  p=[0.743 1.000 0.069 0.103 0.613 0.147 0.399 0.869 0.428 0.001]
   922         1341        0.0200852         reflect
  eval: e=0.0201  p=[0.743 1.000 0.068 0.102 0.614 0.147 0.399 0.869 0.428 0.001]
   923         1342        0.0200852         reflect
  eval: e=0.0201  p=[0.744 1.000 0.066 0.100 0.616 0.147 0.399 0.869 0.426 0.001]
   924         1343        0.0200852         reflect
  eval: e=0.0201  p=[0.741 1.000 0.069 0.104 0.614 0.146 0.398 0.870 0.430 0.001]
   925         1344        0.0200852         reflect
  eval: e=0.0201  p=[0.745 1.000 0.065 0.099 0.617 0.147 0.399 0.869 0.425 0.001]
  eval: e=0.0201  p=[0.745 1.000 0.064 0.096 0.620 0.147 0.399 0.869 0.424 0.001]
   926         1346        0.0200772         expand
  eval: e=0.0201  p=[0.742 1.000 0.068 0.102 0.614 0.147 0.399 0.869 0.428 0.001]
   927         1347        0.0200772         reflect
  eval: e=0.0201  p=[0.744 1.000 0.066 0.100 0.616 0.147 0.399 0.869 0.426 0.001]
  eval: e=0.0201  p=[0.744 1.000 0.066 0.098 0.617 0.147 0.399 0.869 0.426 0.001]
   928         1349        0.0200698         expand
  eval: e=0.0201  p=[0.744 1.000 0.066 0.099 0.617 0.147 0.399 0.869 0.425 0.001]
   929         1350        0.0200698         reflect
  eval: e=0.0201  p=[0.745 1.000 0.064 0.097 0.619 0.147 0.399 0.869 0.425 0.001]
   930         1351        0.0200698         reflect
  eval: e=0.0201  p=[0.741 1.000 0.068 0.101 0.615 0.146 0.398 0.870 0.428 0.001]
   931         1352        0.0200698         reflect
  eval: e=0.0201  p=[0.743 1.000 0.066 0.098 0.617 0.147 0.398 0.870 0.426 0.001]
   932         1353        0.0200698         reflect
  eval: e=0.0201  p=[0.747 1.000 0.064 0.095 0.619 0.147 0.399 0.868 0.422 0.001]
   933         1354        0.0200698         reflect
  eval: e=0.0201  p=[0.745 1.000 0.066 0.097 0.618 0.147 0.399 0.869 0.425 0.001]
  eval: e=0.0201  p=[0.745 1.000 0.065 0.096 0.618 0.147 0.399 0.869 0.424 0.001]
   934         1356        0.0200612         expand
  eval: e=0.0201  p=[0.746 1.000 0.064 0.094 0.620 0.147 0.399 0.869 0.422 0.001]
   935         1357        0.0200612         reflect
  eval: e=0.0201  p=[0.742 0.999 0.066 0.096 0.619 0.146 0.398 0.871 0.425 0.001]
  eval: e=0.0201  p=[0.740 0.999 0.066 0.094 0.621 0.146 0.397 0.872 0.425 0.001]
   936         1359        0.0200526         expand
  eval: e=0.0201  p=[0.745 1.000 0.062 0.092 0.623 0.147 0.398 0.870 0.422 0.001]
   937         1360        0.0200526         reflect
  eval: e=0.0201  p=[0.742 1.000 0.067 0.097 0.617 0.146 0.398 0.870 0.425 0.001]
   938         1361        0.0200526         reflect
  eval: e=0.0201  p=[0.742 0.999 0.067 0.096 0.618 0.146 0.398 0.870 0.424 0.001]
  eval: e=0.0200  p=[0.740 0.999 0.068 0.095 0.618 0.146 0.398 0.871 0.423 0.002]
   939         1363        0.0200401         expand
  eval: e=0.0200  p=[0.742 0.999 0.065 0.093 0.621 0.146 0.398 0.870 0.423 0.001]
   940         1364        0.0200401         reflect
  eval: e=0.0200  p=[0.739 0.999 0.068 0.097 0.618 0.146 0.397 0.871 0.427 0.001]
   941         1365        0.0200401         reflect
  eval: e=0.0200  p=[0.744 0.999 0.063 0.090 0.623 0.146 0.398 0.870 0.421 0.001]
   942         1366        0.0200401         reflect
  eval: e=0.0200  p=[0.742 0.999 0.064 0.091 0.622 0.146 0.398 0.870 0.422 0.001]
  eval: e=0.0200  p=[0.742 0.999 0.063 0.088 0.625 0.146 0.397 0.871 0.420 0.002]
   943         1368        0.0200231         expand
  eval: e=0.0200  p=[0.741 0.999 0.064 0.089 0.623 0.146 0.397 0.871 0.421 0.002]
   944         1369        0.0200231         reflect
  eval: e=0.0200  p=[0.739 0.999 0.066 0.092 0.621 0.145 0.397 0.872 0.424 0.002]
  eval: e=0.0200  p=[0.735 0.999 0.068 0.091 0.622 0.144 0.396 0.873 0.424 0.002]
   945         1371        0.0200046         expand
  eval: e=0.0200  p=[0.737 0.999 0.069 0.094 0.618 0.145 0.397 0.872 0.425 0.002]
   946         1372        0.0200046         reflect
  eval: e=0.0200  p=[0.736 0.999 0.067 0.089 0.623 0.145 0.395 0.874 0.423 0.002]
   947         1373        0.0200046         reflect
  eval: e=0.0200  p=[0.737 0.999 0.065 0.087 0.625 0.145 0.396 0.873 0.422 0.002]
   948         1374        0.0200046         reflect
  eval: e=0.0200  p=[0.739 0.999 0.066 0.089 0.622 0.145 0.397 0.871 0.421 0.002]
  eval: e=0.0200  p=[0.739 0.999 0.066 0.086 0.623 0.145 0.397 0.871 0.419 0.002]
   949         1376        0.0199901         expand
  eval: e=0.0200  p=[0.736 0.999 0.067 0.088 0.623 0.144 0.396 0.873 0.422 0.002]
  eval: e=0.0200  p=[0.732 0.999 0.068 0.085 0.624 0.143 0.395 0.874 0.421 0.003]
   950         1378        0.0199573         expand
  eval: e=0.0200  p=[0.738 0.999 0.065 0.082 0.627 0.144 0.396 0.873 0.416 0.002]
   951         1379        0.0199573         reflect
  eval: e=0.0200  p=[0.731 0.999 0.069 0.087 0.623 0.143 0.395 0.875 0.422 0.003]
   952         1380        0.0199573         reflect
  eval: e=0.0200  p=[0.734 0.999 0.065 0.081 0.628 0.143 0.394 0.875 0.419 0.003]
   953         1381        0.0199573         reflect
  eval: e=0.0199  p=[0.731 0.998 0.069 0.085 0.624 0.143 0.394 0.875 0.422 0.003]
  eval: e=0.0199  p=[0.725 0.998 0.071 0.083 0.625 0.142 0.393 0.877 0.422 0.004]
   954         1383        0.0199101         expand
  eval: e=0.0199  p=[0.726 0.998 0.071 0.085 0.623 0.142 0.393 0.877 0.423 0.003]
   955         1384        0.0199101         reflect
  eval: e=0.0199  p=[0.731 0.998 0.069 0.082 0.625 0.143 0.395 0.874 0.419 0.003]
   956         1385        0.0199101         reflect
  eval: e=0.0199  p=[0.729 0.998 0.067 0.076 0.630 0.142 0.393 0.876 0.416 0.004]
   957         1386        0.0199101         reflect
  eval: e=0.0199  p=[0.727 0.998 0.071 0.080 0.625 0.142 0.394 0.876 0.419 0.004]
  eval: e=0.0199  p=[0.723 0.998 0.073 0.077 0.625 0.140 0.393 0.877 0.417 0.005]
   958         1388        0.0198655         expand
  eval: e=0.0199  p=[0.727 0.998 0.069 0.074 0.629 0.141 0.393 0.876 0.415 0.004]
   959         1389        0.0198655         reflect
  eval: e=0.0199  p=[0.720 0.998 0.072 0.076 0.628 0.140 0.391 0.880 0.419 0.005]
   960         1390        0.0198655         reflect
  eval: e=0.0199  p=[0.718 0.997 0.074 0.079 0.625 0.140 0.391 0.880 0.422 0.005]
  eval: e=0.0198  p=[0.708 0.997 0.079 0.078 0.625 0.137 0.388 0.883 0.425 0.006]
   961         1392        0.0197904         expand
  eval: e=0.0199  p=[0.717 0.997 0.077 0.080 0.623 0.139 0.391 0.880 0.421 0.005]
   962         1393        0.0197904         reflect
  eval: e=0.0198  p=[0.716 0.997 0.074 0.072 0.629 0.139 0.390 0.880 0.418 0.005]
   963         1394        0.0197904         reflect
  eval: e=0.0198  p=[0.713 0.997 0.076 0.072 0.628 0.138 0.389 0.882 0.419 0.006]
   964         1395        0.0197904         reflect
  eval: e=0.0198  p=[0.715 0.997 0.074 0.069 0.630 0.138 0.390 0.881 0.416 0.006]
   965         1396        0.0197904         reflect
  eval: e=0.0198  p=[0.707 0.997 0.078 0.069 0.630 0.136 0.388 0.884 0.419 0.007]
  eval: e=0.0197  p=[0.695 0.996 0.082 0.062 0.632 0.133 0.384 0.889 0.418 0.008]
   966         1398        0.0196878         expand
  eval: e=0.0197  p=[0.703 0.996 0.083 0.073 0.625 0.135 0.388 0.885 0.422 0.007]
   967         1399        0.0196878         reflect
  eval: e=0.0197  p=[0.702 0.996 0.081 0.063 0.630 0.135 0.387 0.886 0.416 0.008]
   968         1400        0.0196878         reflect
  eval: e=0.0197  p=[0.696 0.996 0.085 0.070 0.626 0.134 0.385 0.888 0.423 0.008]
   969         1401        0.0196878         reflect
  eval: e=0.0197  p=[0.697 0.996 0.085 0.067 0.626 0.134 0.386 0.886 0.420 0.008]
   970         1402        0.0196878         reflect
  eval: e=0.0196  p=[0.690 0.995 0.086 0.064 0.630 0.132 0.383 0.891 0.422 0.009]
  eval: e=0.0196  p=[0.673 0.994 0.093 0.058 0.632 0.128 0.378 0.897 0.425 0.011]
   971         1404        0.0195532         expand
  eval: e=0.0196  p=[0.687 0.995 0.086 0.057 0.634 0.131 0.382 0.892 0.419 0.009]
   972         1405        0.0195532         reflect
  eval: e=0.0196  p=[0.681 0.995 0.091 0.061 0.629 0.130 0.381 0.893 0.423 0.010]
   973         1406        0.0195532         reflect
  eval: e=0.0196  p=[0.676 0.995 0.094 0.063 0.627 0.129 0.380 0.896 0.426 0.010]
   974         1407        0.0195532         reflect
  eval: e=0.0195  p=[0.671 0.994 0.096 0.059 0.629 0.127 0.378 0.897 0.425 0.011]
  eval: e=0.0194  p=[0.651 0.993 0.105 0.053 0.629 0.122 0.373 0.905 0.428 0.014]
   975         1409        0.0194228         expand
  eval: e=0.0195  p=[0.664 0.993 0.097 0.048 0.634 0.125 0.376 0.900 0.418 0.013]
   976         1410        0.0194228         reflect
  eval: e=0.0195  p=[0.662 0.993 0.097 0.048 0.635 0.124 0.375 0.902 0.421 0.013]
   977         1411        0.0194228         reflect
  eval: e=0.0194  p=[0.654 0.993 0.102 0.054 0.631 0.123 0.373 0.904 0.428 0.013]
   978         1412        0.0194228         reflect
  eval: e=0.0194  p=[0.652 0.992 0.101 0.044 0.636 0.122 0.372 0.905 0.422 0.014]
  eval: e=0.0193  p=[0.631 0.991 0.110 0.030 0.640 0.116 0.366 0.913 0.421 0.017]
   979         1414        0.0193386         expand
  eval: e=0.0194  p=[0.638 0.992 0.106 0.040 0.639 0.118 0.367 0.912 0.426 0.015]
   980         1415        0.0193386         reflect
  eval: e=0.0193  p=[0.628 0.991 0.114 0.041 0.633 0.116 0.366 0.914 0.429 0.017]
  eval: e=0.0193  p=[0.595 0.989 0.130 0.030 0.634 0.107 0.357 0.926 0.434 0.021]
   981         1417        0.0193155         reflect
  eval: e=0.0194  p=[0.624 0.991 0.116 0.042 0.632 0.115 0.366 0.916 0.430 0.017]
   982         1418        0.0193155         reflect
  eval: e=0.0193  p=[0.619 0.990 0.116 0.034 0.637 0.113 0.363 0.918 0.428 0.018]
   983         1419        0.0193155         reflect
  eval: e=0.0193  p=[0.613 0.989 0.117 0.026 0.641 0.111 0.361 0.921 0.425 0.019]
   984         1420        0.0193155         reflect
  eval: e=0.0194  p=[0.603 0.989 0.124 0.025 0.639 0.109 0.359 0.924 0.426 0.020]
   985         1421        0.0193155         reflect
  eval: e=0.0193  p=[0.601 0.989 0.124 0.031 0.638 0.109 0.357 0.926 0.434 0.020]
  eval: e=0.0194  p=[0.569 0.987 0.137 0.023 0.640 0.101 0.348 0.939 0.441 0.024]
   986         1423        0.0192641         reflect
  eval: e=0.0194  p=[0.591 0.988 0.130 0.027 0.637 0.106 0.356 0.929 0.433 0.021]
   987         1424        0.0192641         reflect
  eval: e=0.0195  p=[0.585 0.988 0.130 0.016 0.643 0.104 0.354 0.931 0.427 0.023]
  eval: e=0.0194  p=[0.637 0.992 0.109 0.044 0.634 0.118 0.368 0.911 0.428 0.015]
   988         1426        0.0192641         contract inside
  eval: e=0.0194  p=[0.586 0.988 0.128 0.016 0.645 0.105 0.353 0.932 0.428 0.022]
  eval: e=0.0193  p=[0.602 0.989 0.122 0.025 0.641 0.109 0.358 0.925 0.428 0.020]
   989         1428        0.0192641         contract outside
  eval: e=0.0193  p=[0.634 0.991 0.109 0.043 0.636 0.117 0.367 0.913 0.430 0.016]
   990         1429        0.0192641         reflect
  eval: e=0.0193  p=[0.598 0.989 0.127 0.029 0.635 0.108 0.358 0.925 0.431 0.021]
   991         1430        0.0192641         reflect
  eval: e=0.0193  p=[0.606 0.989 0.120 0.024 0.642 0.110 0.358 0.923 0.428 0.020]
  eval: e=0.0193  p=[0.597 0.988 0.122 0.015 0.648 0.107 0.355 0.927 0.427 0.022]
   992         1432        0.0192512         expand
  eval: e=0.0193  p=[0.641 0.991 0.104 0.036 0.640 0.119 0.368 0.910 0.422 0.016]
   993         1433        0.0192512         reflect
  eval: e=0.0193  p=[0.596 0.988 0.124 0.018 0.644 0.107 0.356 0.927 0.427 0.021]
   994         1434        0.0192512         reflect
  eval: e=0.0193  p=[0.634 0.991 0.105 0.031 0.644 0.117 0.365 0.914 0.423 0.016]
   995         1435        0.0192512         reflect
  eval: e=0.0193  p=[0.589 0.988 0.128 0.023 0.641 0.106 0.354 0.930 0.431 0.022]
  eval: e=0.0193  p=[0.602 0.989 0.122 0.026 0.640 0.109 0.358 0.925 0.429 0.020]
   996         1437        0.0192512         contract outside
  eval: e=0.0193  p=[0.594 0.989 0.125 0.028 0.640 0.107 0.355 0.929 0.435 0.021]
   997         1438        0.0192512         reflect
  eval: e=0.0194  p=[0.584 0.987 0.129 0.011 0.646 0.103 0.352 0.932 0.426 0.023]
  eval: e=0.0193  p=[0.621 0.990 0.114 0.035 0.638 0.114 0.363 0.918 0.429 0.018]
   998         1440        0.0192512         contract inside
  eval: e=0.0192  p=[0.599 0.989 0.122 0.021 0.644 0.108 0.356 0.927 0.429 0.021]
  eval: e=0.0192  p=[0.589 0.988 0.125 0.014 0.648 0.105 0.352 0.931 0.430 0.022]
   999         1442        0.0192397         reflect
  eval: e=0.0195  p=[0.577 0.987 0.136 0.022 0.637 0.102 0.352 0.933 0.435 0.023]
  eval: e=0.0193  p=[0.620 0.990 0.113 0.029 0.643 0.113 0.362 0.919 0.426 0.018]
  1000         1444        0.0192397         contract inside
  eval: e=0.0192  p=[0.612 0.990 0.117 0.029 0.641 0.111 0.360 0.921 0.430 0.019]
  eval: e=0.0192  p=[0.617 0.990 0.115 0.031 0.642 0.112 0.361 0.920 0.431 0.018]
  1001         1446        0.0192249         expand
  eval: e=0.0192  p=[0.602 0.989 0.122 0.029 0.641 0.109 0.357 0.925 0.434 0.020]
  eval: e=0.0192  p=[0.596 0.989 0.124 0.030 0.641 0.108 0.355 0.928 0.439 0.021]
  1002         1448        0.0192147         reflect
  eval: e=0.0193  p=[0.581 0.987 0.127 0.012 0.650 0.103 0.350 0.935 0.431 0.023]
  1003         1449        0.0192147         reflect
  eval: e=0.0192  p=[0.611 0.990 0.117 0.033 0.640 0.112 0.359 0.922 0.434 0.019]
  1004         1450        0.0192147         reflect
  eval: e=0.0192  p=[0.606 0.989 0.118 0.027 0.644 0.110 0.357 0.925 0.433 0.020]
  eval: e=0.0192  p=[0.608 0.989 0.115 0.027 0.646 0.110 0.356 0.924 0.434 0.019]
  1005         1452        0.0192028         reflect
  eval: e=0.0192  p=[0.585 0.988 0.126 0.016 0.648 0.104 0.351 0.933 0.433 0.023]
  1006         1453        0.0192028         reflect
  eval: e=0.0193  p=[0.579 0.987 0.130 0.020 0.644 0.103 0.349 0.935 0.438 0.023]
  eval: e=0.0192  p=[0.609 0.989 0.117 0.027 0.643 0.111 0.359 0.923 0.429 0.019]
  1007         1455        0.0192028         contract inside
  eval: e=0.0193  p=[0.623 0.991 0.115 0.040 0.635 0.114 0.364 0.916 0.432 0.017]
  1008         1456        0.0192028         reflect
  eval: e=0.0192  p=[0.608 0.989 0.116 0.022 0.647 0.110 0.357 0.924 0.430 0.020]
  1009         1457        0.0192028         reflect
  eval: e=0.0193  p=[0.583 0.987 0.125 0.010 0.652 0.103 0.350 0.934 0.430 0.023]
  1010         1458        0.0192028         reflect
  eval: e=0.0192  p=[0.609 0.989 0.114 0.019 0.650 0.110 0.357 0.923 0.427 0.020]
  1011         1459        0.0192028         reflect
  eval: e=0.0192  p=[0.609 0.990 0.117 0.032 0.643 0.111 0.357 0.924 0.436 0.019]
  1012         1460        0.0192028         reflect
  eval: e=0.0193  p=[0.628 0.991 0.112 0.041 0.636 0.116 0.364 0.915 0.433 0.017]
  eval: e=0.0192  p=[0.594 0.988 0.122 0.018 0.648 0.106 0.353 0.929 0.431 0.022]
  1013         1462        0.0192028         contract inside
  eval: e=0.0193  p=[0.628 0.991 0.109 0.036 0.641 0.116 0.364 0.915 0.429 0.017]
  eval: e=0.0192  p=[0.595 0.988 0.122 0.021 0.646 0.107 0.354 0.929 0.432 0.021]
  1014         1464        0.0192028         contract inside
  eval: e=0.0192  p=[0.613 0.990 0.114 0.031 0.644 0.112 0.358 0.922 0.434 0.019]
  1015         1465        0.0192028         reflect
  eval: e=0.0192  p=[0.603 0.989 0.118 0.026 0.646 0.109 0.355 0.926 0.435 0.020]
  1016         1466        0.0192028         reflect
  eval: e=0.0192  p=[0.598 0.988 0.122 0.021 0.645 0.107 0.355 0.927 0.431 0.021]
  1017         1467        0.0192028         reflect
  eval: e=0.0192  p=[0.606 0.989 0.119 0.025 0.643 0.110 0.358 0.924 0.428 0.020]
  eval: e=0.0192  p=[0.604 0.989 0.118 0.026 0.645 0.109 0.356 0.925 0.434 0.020]
  1018         1469        0.0192028         contract inside
  eval: e=0.0192  p=[0.591 0.988 0.123 0.018 0.648 0.106 0.352 0.931 0.434 0.022]
  1019         1470        0.0192028         reflect
  eval: e=0.0192  p=[0.592 0.988 0.121 0.013 0.651 0.105 0.352 0.930 0.430 0.022]
  1020         1471        0.0192028         reflect
  eval: e=0.0192  p=[0.604 0.989 0.116 0.024 0.648 0.109 0.355 0.926 0.433 0.020]
  1021         1472        0.0192028         reflect
  eval: e=0.0192  p=[0.613 0.990 0.116 0.034 0.641 0.112 0.359 0.922 0.435 0.019]
  eval: e=0.0192  p=[0.597 0.988 0.120 0.018 0.649 0.107 0.354 0.928 0.431 0.021]
  1022         1474        0.0192021         contract inside
  eval: e=0.0192  p=[0.593 0.988 0.121 0.012 0.650 0.106 0.353 0.929 0.428 0.022]
  eval: e=0.0192  p=[0.605 0.989 0.118 0.027 0.645 0.110 0.356 0.925 0.434 0.020]
  1023         1476        0.0192021         contract inside
  eval: e=0.0192  p=[0.601 0.988 0.116 0.015 0.653 0.108 0.354 0.928 0.430 0.021]
  eval: e=0.0192  p=[0.600 0.988 0.113 0.008 0.659 0.107 0.352 0.929 0.427 0.022]
  1024         1478        0.0192016         reflect
  eval: e=0.0192  p=[0.592 0.988 0.123 0.024 0.645 0.107 0.353 0.931 0.437 0.021]
  1025         1479        0.0192016         reflect
  eval: e=0.0192  p=[0.607 0.989 0.116 0.027 0.646 0.110 0.356 0.925 0.434 0.020]
  eval: e=0.0192  p=[0.597 0.988 0.120 0.020 0.648 0.107 0.354 0.928 0.432 0.021]
  1026         1481        0.0191987         contract inside
  eval: e=0.0192  p=[0.595 0.988 0.122 0.020 0.646 0.107 0.354 0.929 0.431 0.021]
  eval: e=0.0192  p=[0.602 0.989 0.118 0.023 0.647 0.109 0.355 0.927 0.433 0.020]
  1027         1483        0.0191987         contract inside
  eval: e=0.0192  p=[0.605 0.989 0.116 0.023 0.648 0.109 0.355 0.926 0.433 0.020]
  1028         1484        0.0191987         reflect
  eval: e=0.0192  p=[0.611 0.989 0.113 0.019 0.650 0.110 0.357 0.923 0.428 0.020]
  eval: e=0.0192  p=[0.597 0.989 0.121 0.023 0.646 0.107 0.354 0.929 0.434 0.021]
  1029         1486        0.0191984         contract inside
  eval: e=0.0192  p=[0.614 0.990 0.113 0.027 0.646 0.111 0.358 0.922 0.431 0.019]
  eval: e=0.0192  p=[0.596 0.988 0.120 0.020 0.648 0.107 0.354 0.929 0.433 0.021]
  1030         1488        0.0191974         contract inside
  eval: e=0.0192  p=[0.598 0.988 0.121 0.021 0.646 0.107 0.355 0.928 0.432 0.021]
  1031         1489        0.0191974         reflect
  eval: e=0.0192  p=[0.597 0.988 0.119 0.018 0.649 0.107 0.354 0.928 0.431 0.021]
  eval: e=0.0192  p=[0.594 0.988 0.120 0.014 0.651 0.106 0.353 0.930 0.429 0.022]
  1032         1491        0.0191972         reflect
  eval: e=0.0192  p=[0.604 0.989 0.116 0.022 0.649 0.109 0.355 0.926 0.432 0.020]
  1033         1492        0.0191972         reflect
  eval: e=0.0192  p=[0.593 0.988 0.121 0.020 0.648 0.106 0.352 0.931 0.435 0.021]
  1034         1493        0.0191972         reflect
  eval: e=0.0192  p=[0.592 0.988 0.120 0.014 0.652 0.106 0.351 0.931 0.432 0.022]
  eval: e=0.0192  p=[0.603 0.989 0.118 0.024 0.646 0.109 0.356 0.926 0.433 0.020]
  1035         1495        0.0191972         contract inside
  eval: e=0.0192  p=[0.592 0.988 0.120 0.014 0.652 0.106 0.352 0.931 0.431 0.022]
  1036         1496        0.0191972         reflect
  eval: e=0.0192  p=[0.599 0.989 0.118 0.021 0.649 0.108 0.354 0.928 0.433 0.021]
  eval: e=0.0192  p=[0.600 0.989 0.117 0.023 0.649 0.108 0.354 0.928 0.434 0.020]
  1037         1498        0.0191952         reflect
  eval: e=0.0192  p=[0.595 0.989 0.123 0.026 0.644 0.107 0.354 0.929 0.436 0.021]
  eval: e=0.0192  p=[0.599 0.988 0.118 0.018 0.651 0.108 0.354 0.928 0.431 0.021]
  1038         1500        0.0191952         contract inside
  eval: e=0.0192  p=[0.605 0.989 0.118 0.028 0.644 0.110 0.356 0.925 0.435 0.020]
  eval: e=0.0192  p=[0.596 0.988 0.120 0.017 0.650 0.107 0.353 0.929 0.432 0.021]
  1039         1502        0.0191952         contract inside
  eval: e=0.0192  p=[0.592 0.988 0.123 0.019 0.647 0.106 0.353 0.930 0.433 0.022]
  eval: e=0.0192  p=[0.601 0.989 0.118 0.021 0.649 0.108 0.354 0.927 0.432 0.021]
  1040         1504        0.0191952         contract inside
  eval: e=0.0192  p=[0.605 0.989 0.117 0.021 0.648 0.109 0.356 0.925 0.430 0.020]
  1041         1505        0.0191952         reflect
  eval: e=0.0192  p=[0.596 0.988 0.120 0.018 0.649 0.107 0.353 0.929 0.431 0.021]
  1042         1506        0.0191952         reflect
  eval: e=0.0192  p=[0.601 0.989 0.117 0.020 0.650 0.108 0.354 0.928 0.432 0.021]
  1043         1507        0.0191952         reflect
  eval: e=0.0192  p=[0.602 0.989 0.116 0.016 0.652 0.108 0.354 0.927 0.429 0.021]
  eval: e=0.0192  p=[0.604 0.989 0.114 0.013 0.654 0.108 0.355 0.926 0.426 0.021]
  1044         1509        0.0191945         reflect
  eval: e=0.0192  p=[0.593 0.988 0.120 0.018 0.650 0.106 0.352 0.931 0.433 0.022]
  1045         1510        0.0191945         reflect
  eval: e=0.0192  p=[0.601 0.989 0.116 0.018 0.651 0.108 0.354 0.928 0.431 0.021]
  eval: e=0.0192  p=[0.603 0.989 0.114 0.017 0.653 0.109 0.354 0.927 0.429 0.021]
  1046         1512        0.0191933         reflect
  eval: e=0.0192  p=[0.595 0.988 0.118 0.013 0.654 0.106 0.352 0.931 0.431 0.022]
  1047         1513        0.0191933         reflect
  eval: e=0.0192  p=[0.599 0.989 0.117 0.019 0.652 0.108 0.353 0.929 0.433 0.021]
  eval: e=0.0192  p=[0.598 0.988 0.119 0.018 0.650 0.107 0.354 0.929 0.431 0.021]
  1048         1515        0.0191933         contract inside
  eval: e=0.0192  p=[0.601 0.989 0.116 0.018 0.652 0.108 0.354 0.928 0.432 0.021]
  eval: e=0.0192  p=[0.597 0.988 0.119 0.018 0.650 0.107 0.353 0.929 0.431 0.021]
  1049         1517        0.0191933         contract inside
  eval: e=0.0192  p=[0.602 0.989 0.116 0.019 0.651 0.108 0.354 0.928 0.431 0.021]
  1050         1518        0.0191933         reflect
  eval: e=0.0192  p=[0.606 0.989 0.115 0.019 0.651 0.109 0.356 0.925 0.429 0.020]
  eval: e=0.0192  p=[0.596 0.988 0.119 0.018 0.650 0.107 0.353 0.929 0.432 0.021]
  1051         1520        0.0191933         contract inside
  eval: e=0.0192  p=[0.599 0.989 0.118 0.019 0.650 0.108 0.354 0.929 0.432 0.021]
  eval: e=0.0192  p=[0.598 0.989 0.118 0.020 0.650 0.108 0.354 0.929 0.432 0.021]
  1052         1522        0.0191929         reflect
  eval: e=0.0192  p=[0.597 0.988 0.118 0.015 0.653 0.107 0.353 0.930 0.430 0.021]
  eval: e=0.0192  p=[0.595 0.988 0.118 0.012 0.654 0.106 0.352 0.931 0.429 0.022]
  1053         1524        0.0191924         reflect
  eval: e=0.0192  p=[0.596 0.988 0.118 0.015 0.652 0.107 0.353 0.930 0.430 0.021]
  1054         1525        0.0191924         reflect
  eval: e=0.0192  p=[0.597 0.988 0.117 0.013 0.654 0.107 0.353 0.929 0.428 0.022]
  eval: e=0.0192  p=[0.599 0.989 0.118 0.019 0.650 0.108 0.354 0.929 0.432 0.021]
  1055         1527        0.0191924         contract inside
  eval: e=0.0192  p=[0.594 0.988 0.120 0.015 0.652 0.106 0.352 0.930 0.431 0.022]
  eval: e=0.0192  p=[0.600 0.989 0.117 0.018 0.651 0.108 0.354 0.928 0.431 0.021]
  1056         1529        0.0191924         contract inside
  eval: e=0.0192  p=[0.594 0.988 0.120 0.018 0.651 0.107 0.352 0.931 0.433 0.021]
  eval: e=0.0192  p=[0.600 0.989 0.117 0.017 0.651 0.108 0.354 0.928 0.430 0.021]
  1057         1531        0.0191924         contract inside
  eval: e=0.0192  p=[0.602 0.989 0.118 0.022 0.648 0.109 0.355 0.927 0.432 0.020]
  eval: e=0.0192  p=[0.596 0.988 0.118 0.015 0.652 0.107 0.353 0.930 0.431 0.021]
  1058         1533        0.0191924         contract inside
  eval: e=0.0192  p=[0.598 0.988 0.117 0.017 0.652 0.107 0.353 0.929 0.431 0.021]
  1059         1534        0.0191924         reflect
  eval: e=0.0192  p=[0.599 0.989 0.116 0.016 0.653 0.108 0.353 0.929 0.431 0.021]
  eval: e=0.0192  p=[0.598 0.988 0.118 0.018 0.651 0.107 0.353 0.929 0.431 0.021]
  1060         1536        0.0191924         contract inside
  eval: e=0.0192  p=[0.600 0.989 0.117 0.020 0.650 0.108 0.354 0.928 0.432 0.021]
  eval: e=0.0192  p=[0.597 0.988 0.118 0.016 0.652 0.107 0.353 0.929 0.431 0.021]
  1061         1538        0.0191923         contract inside
  eval: e=0.0192  p=[0.601 0.989 0.116 0.016 0.652 0.108 0.354 0.928 0.430 0.021]
  1062         1539        0.0191923         reflect
  eval: e=0.0192  p=[0.596 0.988 0.118 0.016 0.652 0.107 0.353 0.930 0.431 0.021]
  1063         1540        0.0191923         reflect
  eval: e=0.0192  p=[0.595 0.988 0.119 0.018 0.651 0.107 0.353 0.930 0.432 0.021]
  eval: e=0.0192  p=[0.599 0.989 0.117 0.017 0.652 0.108 0.353 0.928 0.430 0.021]
  1064         1542        0.0191923         contract inside
  eval: e=0.0192  p=[0.598 0.988 0.119 0.017 0.650 0.107 0.353 0.929 0.431 0.021]
  eval: e=0.0192  p=[0.598 0.988 0.117 0.017 0.652 0.107 0.353 0.929 0.431 0.021]
  1065         1544        0.0191923         contract inside
  eval: e=0.0192  p=[0.597 0.988 0.117 0.014 0.653 0.107 0.353 0.929 0.430 0.021]
  eval: e=0.0192  p=[0.598 0.988 0.117 0.016 0.652 0.107 0.353 0.929 0.430 0.021]
  1066         1546        0.0191923         contract outside
  eval: e=0.0192  p=[0.597 0.988 0.117 0.014 0.653 0.107 0.353 0.929 0.430 0.021]
  eval: e=0.0192  p=[0.598 0.988 0.118 0.018 0.651 0.108 0.353 0.929 0.431 0.021]
  1067         1548        0.0191922         contract inside
  eval: e=0.0192  p=[0.596 0.988 0.118 0.016 0.652 0.107 0.352 0.930 0.431 0.021]
  1068         1549        0.0191922         reflect
  eval: e=0.0192  p=[0.595 0.988 0.118 0.015 0.653 0.107 0.352 0.930 0.431 0.022]
  eval: e=0.0192  p=[0.599 0.988 0.117 0.017 0.651 0.108 0.353 0.929 0.431 0.021]
  1069         1551        0.0191922         contract inside
  eval: e=0.0192  p=[0.599 0.989 0.117 0.018 0.651 0.108 0.353 0.929 0.431 0.021]
  eval: e=0.0192  p=[0.597 0.988 0.118 0.016 0.652 0.107 0.353 0.929 0.431 0.021]
  1070         1553        0.0191922         contract inside
  eval: e=0.0192  p=[0.600 0.988 0.117 0.017 0.651 0.108 0.354 0.928 0.430 0.021]
  eval: e=0.0192  p=[0.599 0.988 0.117 0.017 0.652 0.107 0.353 0.929 0.430 0.021]
  1071         1555        0.0191922         contract outside
  eval: e=0.0192  p=[0.600 0.989 0.117 0.017 0.652 0.108 0.354 0.928 0.430 0.021]
  eval: e=0.0192  p=[0.597 0.988 0.118 0.016 0.652 0.107 0.353 0.929 0.431 0.021]
  1072         1557        0.0191922         contract inside
  eval: e=0.0192  p=[0.598 0.988 0.117 0.015 0.653 0.107 0.353 0.929 0.430 0.021]
  eval: e=0.0192  p=[0.598 0.988 0.117 0.016 0.652 0.107 0.353 0.929 0.430 0.021]
  1073         1559        0.0191922         contract outside
  eval: e=0.0192  p=[0.599 0.989 0.117 0.018 0.651 0.108 0.354 0.928 0.431 0.021]
  1074         1560        0.0191922         reflect
  eval: e=0.0192  p=[0.597 0.988 0.118 0.017 0.652 0.107 0.353 0.929 0.431 0.021]
  eval: e=0.0192  p=[0.597 0.988 0.118 0.017 0.652 0.107 0.353 0.929 0.431 0.021]
  1075         1562        0.0191922         contract outside
  eval: e=0.0192  p=[0.596 0.988 0.118 0.015 0.653 0.107 0.353 0.930 0.430 0.021]
  eval: e=0.0192  p=[0.598 0.988 0.117 0.017 0.651 0.107 0.353 0.929 0.431 0.021]
  1076         1564        0.0191922         contract inside
  eval: e=0.0192  p=[0.598 0.988 0.118 0.018 0.651 0.107 0.353 0.929 0.431 0.021]
  1077         1565        0.0191922         reflect
  eval: e=0.0192  p=[0.599 0.989 0.117 0.017 0.651 0.108 0.353 0.929 0.431 0.021]
  eval: e=0.0192  p=[0.598 0.988 0.118 0.017 0.652 0.107 0.353 0.929 0.431 0.021]
  1078         1567        0.0191921         contract inside
  eval: e=0.0192  p=[0.598 0.988 0.117 0.016 0.652 0.107 0.353 0.929 0.430 0.021]
  1079         1568        0.0191921         reflect
  eval: e=0.0192  p=[0.597 0.988 0.118 0.016 0.651 0.107 0.353 0.929 0.431 0.021]
  eval: e=0.0192  p=[0.598 0.988 0.117 0.017 0.652 0.107 0.353 0.929 0.431 0.021]
  1080         1570        0.0191921         contract inside
  eval: e=0.0192  p=[0.598 0.988 0.118 0.018 0.651 0.107 0.353 0.929 0.431 0.021]
  1081         1571        0.0191921         reflect
  eval: e=0.0192  p=[0.597 0.988 0.118 0.017 0.652 0.107 0.353 0.930 0.431 0.021]
  eval: e=0.0192  p=[0.598 0.988 0.118 0.017 0.652 0.107 0.353 0.929 0.431 0.021]
  1082         1573        0.0191921         contract inside
  eval: e=0.0192  p=[0.598 0.988 0.117 0.016 0.652 0.107 0.353 0.929 0.430 0.021]
  eval: e=0.0192  p=[0.598 0.988 0.118 0.017 0.651 0.107 0.353 0.929 0.431 0.021]
  1083         1575        0.0191921         contract inside
  eval: e=0.0192  p=[0.599 0.989 0.117 0.018 0.651 0.108 0.353 0.929 0.431 0.021]
  eval: e=0.0192  p=[0.597 0.988 0.118 0.016 0.652 0.107 0.353 0.929 0.431 0.021]
  1084         1577        0.0191921         contract inside
  eval: e=0.0192  p=[0.597 0.988 0.118 0.016 0.652 0.107 0.353 0.929 0.430 0.021]
  eval: e=0.0192  p=[0.598 0.988 0.118 0.017 0.651 0.107 0.353 0.929 0.431 0.021]
  1085         1579        0.0191921         contract inside
  eval: e=0.0192  p=[0.599 0.988 0.117 0.017 0.652 0.108 0.353 0.929 0.431 0.021]
  eval: e=0.0192  p=[0.597 0.988 0.118 0.017 0.652 0.107 0.353 0.929 0.431 0.021]
  1086         1581        0.0191921         contract inside
  eval: e=0.0192  p=[0.598 0.988 0.118 0.018 0.651 0.107 0.353 0.929 0.431 0.021]
  eval: e=0.0192  p=[0.598 0.988 0.117 0.016 0.652 0.107 0.353 0.929 0.431 0.021]
  1087         1583        0.0191921         contract inside
  eval: e=0.0192  p=[0.597 0.988 0.118 0.016 0.652 0.107 0.353 0.929 0.431 0.021]
  eval: e=0.0192  p=[0.598 0.988 0.118 0.017 0.651 0.107 0.353 0.929 0.431 0.021]
  1088         1585        0.0191921         contract inside
  eval: e=0.0192  p=[0.597 0.988 0.118 0.016 0.652 0.107 0.353 0.929 0.431 0.021]
  1089         1586        0.0191921         reflect
  eval: e=0.0192  p=[0.598 0.988 0.117 0.017 0.652 0.107 0.353 0.929 0.431 0.021]
  eval: e=0.0192  p=[0.598 0.988 0.117 0.017 0.652 0.107 0.353 0.929 0.431 0.021]
  1090         1588        0.0191921         contract outside
  eval: e=0.0192  p=[0.598 0.988 0.118 0.016 0.652 0.107 0.353 0.929 0.431 0.021]
  eval: e=0.0192  p=[0.598 0.988 0.118 0.017 0.651 0.107 0.353 0.929 0.431 0.021]
  1091         1590        0.0191921         contract inside
  eval: e=0.0192  p=[0.598 0.988 0.117 0.017 0.652 0.107 0.353 0.929 0.431 0.021]
  1092         1591        0.0191921         reflect
  eval: e=0.0192  p=[0.599 0.988 0.117 0.017 0.651 0.108 0.353 0.929 0.431 0.021]
  eval: e=0.0192  p=[0.598 0.988 0.118 0.017 0.652 0.107 0.353 0.929 0.431 0.021]
  1093         1593        0.0191921         contract inside
  eval: e=0.0192  p=[0.598 0.988 0.117 0.016 0.652 0.107 0.353 0.929 0.431 0.021]
  1094         1594        0.0191921         reflect
  eval: e=0.0192  p=[0.597 0.988 0.118 0.017 0.652 0.107 0.353 0.929 0.431 0.021]
  eval: e=0.0192  p=[0.598 0.988 0.118 0.017 0.652 0.107 0.353 0.929 0.431 0.021]
  1095         1596        0.0191921         contract inside
  eval: e=0.0192  p=[0.598 0.988 0.118 0.017 0.651 0.107 0.353 0.929 0.431 0.021]
  eval: e=0.0192  p=[0.598 0.988 0.118 0.016 0.652 0.107 0.353 0.929 0.431 0.021]
  1096         1598        0.0191921         contract inside
  eval: e=0.0192  p=[0.598 0.988 0.117 0.017 0.652 0.107 0.353 0.929 0.431 0.021]
  eval: e=0.0192  p=[0.598 0.988 0.118 0.017 0.652 0.107 0.353 0.929 0.431 0.021]
  1097         1600        0.0191921         contract inside
  eval: e=0.0192  p=[0.598 0.988 0.117 0.017 0.652 0.107 0.353 0.929 0.431 0.021]
  eval: e=0.0192  p=[0.598 0.988 0.118 0.017 0.652 0.107 0.353 0.929 0.431 0.021]
  1098         1602        0.0191921         contract inside
  eval: e=0.0192  p=[0.598 0.988 0.118 0.017 0.652 0.107 0.353 0.929 0.431 0.021]
  eval: e=0.0192  p=[0.598 0.988 0.117 0.017 0.652 0.107 0.353 0.929 0.431 0.021]
  1099         1604        0.0191921         contract inside
  eval: e=0.0192  p=[0.598 0.988 0.118 0.016 0.652 0.107 0.353 0.929 0.431 0.021]
  eval: e=0.0192  p=[0.598 0.988 0.118 0.017 0.652 0.107 0.353 0.929 0.431 0.021]
  1100         1606        0.0191921         contract inside
  eval: e=0.0192  p=[0.598 0.988 0.118 0.017 0.651 0.107 0.353 0.929 0.431 0.021]
  1101         1607        0.0191921         reflect
  eval: e=0.0192  p=[0.598 0.988 0.118 0.017 0.651 0.107 0.353 0.929 0.431 0.021]
  1102         1608        0.0191921         reflect
  eval: e=0.0192  p=[0.598 0.988 0.118 0.017 0.652 0.107 0.353 0.929 0.431 0.021]
  1103         1609        0.0191921         reflect
  eval: e=0.0192  p=[0.598 0.988 0.118 0.017 0.652 0.107 0.353 0.929 0.431 0.021]
  eval: e=0.0192  p=[0.598 0.988 0.118 0.017 0.652 0.107 0.353 0.929 0.431 0.021]
  1104         1611        0.0191921         contract inside
  eval: e=0.0192  p=[0.598 0.988 0.118 0.017 0.652 0.107 0.353 0.929 0.431 0.021]
  eval: e=0.0192  p=[0.598 0.988 0.118 0.017 0.652 0.107 0.353 0.929 0.431 0.021]
  1105         1613        0.0191921         contract inside
  eval: e=0.0192  p=[0.598 0.988 0.117 0.017 0.652 0.107 0.353 0.929 0.431 0.021]
  eval: e=0.0192  p=[0.598 0.988 0.118 0.017 0.652 0.107 0.353 0.929 0.431 0.021]
  1106         1615        0.0191921         contract inside
  eval: e=0.0192  p=[0.598 0.988 0.118 0.017 0.652 0.107 0.353 0.929 0.431 0.021]
  1107         1616        0.0191921         reflect
  eval: e=0.0192  p=[0.598 0.988 0.118 0.017 0.651 0.107 0.353 0.929 0.431 0.021]
  eval: e=0.0192  p=[0.598 0.988 0.118 0.017 0.652 0.107 0.353 0.929 0.431 0.021]
  1108         1618        0.0191921         contract inside
  eval: e=0.0192  p=[0.598 0.988 0.118 0.017 0.652 0.107 0.353 0.929 0.431 0.021]
  eval: e=0.0192  p=[0.598 0.988 0.118 0.017 0.652 0.107 0.353 0.929 0.431 0.021]
  1109         1620        0.0191921         contract inside
  eval: e=0.0192  p=[0.598 0.988 0.117 0.017 0.652 0.107 0.353 0.929 0.431 0.021]
  eval: e=0.0192  p=[0.598 0.988 0.118 0.017 0.652 0.107 0.353 0.929 0.431 0.021]
  eval: e=0.0192  p=[0.598 0.988 0.118 0.017 0.652 0.107 0.353 0.929 0.431 0.021]
  eval: e=0.0192  p=[0.598 0.988 0.118 0.017 0.652 0.107 0.353 0.929 0.431 0.021]
  eval: e=0.0192  p=[0.598 0.988 0.118 0.017 0.652 0.107 0.353 0.929 0.431 0.021]
  eval: e=0.0192  p=[0.598 0.988 0.118 0.017 0.652 0.107 0.353 0.929 0.431 0.021]
  eval: e=0.0192  p=[0.598 0.988 0.118 0.017 0.652 0.107 0.353 0.929 0.431 0.021]
  eval: e=0.0192  p=[0.598 0.988 0.118 0.017 0.652 0.107 0.353 0.929 0.431 0.021]
  eval: e=0.0192  p=[0.598 0.988 0.118 0.017 0.652 0.107 0.353 0.929 0.431 0.021]
  eval: e=0.0192  p=[0.598 0.988 0.118 0.017 0.652 0.107 0.353 0.929 0.431 0.021]
  eval: e=0.0192  p=[0.598 0.988 0.118 0.017 0.652 0.107 0.353 0.929 0.431 0.021]
  eval: e=0.0192  p=[0.598 0.988 0.118 0.017 0.652 0.107 0.353 0.929 0.431 0.021]
  1110         1632        0.0191921         shrink
  eval: e=0.0192  p=[0.598 0.988 0.118 0.017 0.652 0.107 0.353 0.929 0.431 0.021]
  eval: e=0.0192  p=[0.598 0.988 0.118 0.017 0.652 0.107 0.353 0.929 0.431 0.021]
  1111         1634        0.0191921         contract inside
  eval: e=0.0192  p=[0.598 0.988 0.118 0.017 0.652 0.107 0.353 0.929 0.431 0.021]
  1112         1635        0.0191921         reflect
  eval: e=0.0192  p=[0.598 0.988 0.118 0.017 0.652 0.107 0.353 0.929 0.431 0.021]
  1113         1636        0.0191921         reflect
  eval: e=0.0192  p=[0.598 0.988 0.118 0.017 0.652 0.107 0.353 0.929 0.431 0.021]
  1114         1637        0.0191921         reflect
  eval: e=0.0192  p=[0.598 0.988 0.118 0.017 0.652 0.107 0.353 0.929 0.431 0.021]
  1115         1638        0.0191921         reflect
  eval: e=0.0192  p=[0.598 0.988 0.118 0.017 0.652 0.107 0.353 0.929 0.431 0.021]
  1116         1639        0.0191921         reflect
  eval: e=0.0192  p=[0.598 0.988 0.118 0.017 0.652 0.107 0.353 0.929 0.431 0.021]
  eval: e=0.0192  p=[0.598 0.988 0.118 0.017 0.652 0.107 0.353 0.929 0.431 0.021]
  1117         1641        0.0191921         contract inside
  eval: e=0.0192  p=[0.598 0.988 0.118 0.017 0.652 0.107 0.353 0.929 0.431 0.021]
  eval: e=0.0192  p=[0.598 0.988 0.118 0.017 0.652 0.107 0.353 0.929 0.431 0.021]
  eval: e=0.0192  p=[0.598 0.988 0.118 0.017 0.652 0.107 0.353 0.929 0.431 0.021]
  eval: e=0.0192  p=[0.598 0.988 0.118 0.017 0.652 0.107 0.353 0.929 0.431 0.021]
  eval: e=0.0192  p=[0.598 0.988 0.118 0.017 0.652 0.107 0.353 0.929 0.431 0.021]
  eval: e=0.0192  p=[0.598 0.988 0.118 0.017 0.652 0.107 0.353 0.929 0.431 0.021]
  eval: e=0.0192  p=[0.598 0.988 0.118 0.017 0.652 0.107 0.353 0.929 0.431 0.021]
  eval: e=0.0192  p=[0.598 0.988 0.118 0.017 0.652 0.107 0.353 0.929 0.431 0.021]
  eval: e=0.0192  p=[0.598 0.988 0.118 0.017 0.652 0.107 0.353 0.929 0.431 0.021]
  eval: e=0.0192  p=[0.598 0.988 0.118 0.017 0.652 0.107 0.353 0.929 0.431 0.021]
  eval: e=0.0192  p=[0.598 0.988 0.118 0.017 0.652 0.107 0.353 0.929 0.431 0.021]
  eval: e=0.0192  p=[0.598 0.988 0.118 0.017 0.652 0.107 0.353 0.929 0.431 0.021]
  1118         1653        0.0191921         shrink
 
Optimization terminated:
 the current x satisfies the termination criteria using OPTIONS.TolX of 1.000000e-04 
 and F(X) satisfies the convergence criteria using OPTIONS.TolFun of 1.000000e-06 

=== Fit complete: error=0.019192  AIC=-3810.7 ===
=== restart 9 (B) done: e=0.019192 ===
  eval: e=0.1562  p=[0.687 0.312 0.092 0.446 0.216 0.343 0.938 0.154 0.475 0.147]
 
 Iteration   Func-count         f(x)         Procedure
     0            1         0.156245         
  eval: e=0.1562  p=[0.722 0.312 0.092 0.446 0.216 0.343 0.938 0.154 0.475 0.147]
  eval: e=0.1542  p=[0.687 0.328 0.092 0.446 0.216 0.343 0.938 0.154 0.475 0.147]
  eval: e=0.1559  p=[0.687 0.312 0.096 0.446 0.216 0.343 0.938 0.154 0.475 0.147]
  eval: e=0.1579  p=[0.687 0.312 0.092 0.468 0.216 0.343 0.938 0.154 0.475 0.147]
  eval: e=0.1562  p=[0.687 0.312 0.092 0.446 0.227 0.343 0.938 0.154 0.475 0.147]
  eval: e=0.1569  p=[0.687 0.312 0.092 0.446 0.216 0.360 0.938 0.154 0.475 0.147]
  eval: e=0.1562  p=[0.687 0.312 0.092 0.446 0.216 0.343 0.985 0.154 0.475 0.147]
  eval: e=0.1566  p=[0.687 0.312 0.092 0.446 0.216 0.343 0.938 0.162 0.475 0.147]
  eval: e=0.1552  p=[0.687 0.312 0.092 0.446 0.216 0.343 0.938 0.154 0.499 0.147]
  eval: e=0.1561  p=[0.687 0.312 0.092 0.446 0.216 0.343 0.938 0.154 0.475 0.154]
     1           11         0.154191         initial simplex
  eval: e=0.1540  p=[0.694 0.315 0.093 0.424 0.219 0.346 0.948 0.156 0.480 0.149]
  eval: e=0.1519  p=[0.698 0.317 0.093 0.402 0.220 0.348 0.952 0.157 0.482 0.149]
     2           13         0.151929         expand
  eval: e=0.1541  p=[0.696 0.316 0.093 0.437 0.219 0.327 0.950 0.156 0.481 0.149]
     3           14         0.151929         reflect
  eval: e=0.1539  p=[0.698 0.317 0.093 0.435 0.220 0.341 0.953 0.147 0.482 0.149]
     4           15         0.151929         reflect
  eval: e=0.1537  p=[0.700 0.318 0.094 0.433 0.220 0.340 0.956 0.154 0.484 0.150]
     5           16         0.151929         reflect
  eval: e=0.1533  p=[0.661 0.319 0.094 0.431 0.221 0.340 0.959 0.154 0.486 0.150]
     6           17         0.151929         reflect
  eval: e=0.1527  p=[0.691 0.321 0.094 0.428 0.222 0.339 0.907 0.154 0.488 0.151]
     7           18         0.151929         reflect
  eval: e=0.1521  p=[0.691 0.322 0.095 0.424 0.210 0.338 0.948 0.153 0.490 0.152]
     8           19         0.151929         reflect
  eval: e=0.1512  p=[0.692 0.324 0.095 0.419 0.220 0.337 0.950 0.153 0.493 0.144]
  eval: e=0.1486  p=[0.695 0.330 0.097 0.406 0.222 0.335 0.956 0.153 0.503 0.139]
     9           21         0.148641         expand
  eval: e=0.1499  p=[0.694 0.328 0.091 0.412 0.221 0.336 0.953 0.153 0.499 0.150]
    10           22         0.148641         reflect
  eval: e=0.1497  p=[0.695 0.331 0.095 0.405 0.222 0.334 0.956 0.153 0.475 0.150]
    11           23         0.148641         reflect
  eval: e=0.1497  p=[0.696 0.316 0.096 0.396 0.223 0.333 0.960 0.152 0.499 0.151]
    12           24         0.148641         reflect
  eval: e=0.1490  p=[0.688 0.328 0.095 0.397 0.221 0.350 0.950 0.150 0.496 0.149]
    13           25         0.148641         reflect
  eval: e=0.1481  p=[0.684 0.329 0.096 0.391 0.221 0.338 0.947 0.159 0.498 0.149]
  eval: e=0.1451  p=[0.677 0.335 0.097 0.369 0.221 0.336 0.944 0.164 0.506 0.149]
    14           27         0.145139         expand
  eval: e=0.1466  p=[0.677 0.331 0.096 0.380 0.220 0.337 0.941 0.155 0.501 0.148]
    15           28         0.145139         reflect
  eval: e=0.1458  p=[0.719 0.333 0.096 0.373 0.219 0.338 0.934 0.155 0.502 0.147]
    16           29         0.145139         reflect
  eval: e=0.1450  p=[0.695 0.334 0.096 0.365 0.218 0.338 0.992 0.155 0.503 0.146]
  eval: e=11.6563  p=[0.697 0.340 0.097 0.334 0.216 0.337 1.000 0.156 0.511 0.143]
    17           31         0.144959         reflect
  eval: e=0.1439  p=[0.695 0.334 0.096 0.357 0.231 0.339 0.960 0.156 0.503 0.144]
  eval: e=0.1395  p=[0.697 0.340 0.096 0.323 0.242 0.339 0.966 0.157 0.509 0.139]
    18           33         0.139533         expand
  eval: e=0.1418  p=[0.689 0.344 0.098 0.364 0.226 0.327 0.958 0.153 0.517 0.144]
    19           34         0.139533         reflect
  eval: e=0.1423  p=[0.692 0.336 0.102 0.344 0.226 0.338 0.958 0.156 0.503 0.143]
    20           35         0.139533         reflect
  eval: e=0.1411  p=[0.688 0.352 0.098 0.349 0.225 0.342 0.951 0.158 0.504 0.140]
    21           36         0.139533         reflect
  eval: e=0.1392  p=[0.688 0.342 0.099 0.330 0.226 0.342 0.953 0.158 0.534 0.139]
  eval: e=0.1343  p=[0.684 0.347 0.101 0.292 0.228 0.345 0.952 0.161 0.563 0.133]
    22           38         0.134311         expand
  eval: e=0.1372  p=[0.695 0.349 0.100 0.316 0.228 0.325 0.960 0.164 0.526 0.136]
    23           39         0.134311         reflect
  eval: e=0.1354  p=[0.687 0.350 0.099 0.289 0.229 0.338 0.955 0.163 0.524 0.146]
    24           40         0.134311         reflect
  eval: e=0.1349  p=[0.707 0.353 0.101 0.296 0.232 0.336 0.973 0.163 0.530 0.136]
    25           41         0.134311         reflect
  eval: e=0.1335  p=[0.663 0.356 0.101 0.289 0.236 0.335 0.987 0.164 0.535 0.135]
  eval: e=2.0868  p=[0.636 0.367 0.104 0.247 0.244 0.334 1.000 0.168 0.551 0.130]
    26           43          0.13352         reflect
  eval: e=0.1324  p=[0.703 0.357 0.102 0.276 0.237 0.336 0.987 0.154 0.537 0.131]
  eval: e=0.8280  p=[0.716 0.369 0.104 0.230 0.244 0.336 1.000 0.149 0.552 0.123]
    27           45          0.13241         reflect
  eval: e=0.1301  p=[0.686 0.363 0.103 0.263 0.244 0.334 0.938 0.163 0.547 0.131]
  eval: e=0.1256  p=[0.681 0.378 0.107 0.212 0.257 0.332 0.911 0.167 0.568 0.124]
    28           47         0.125604         expand
  eval: e=0.1293  p=[0.687 0.369 0.099 0.257 0.242 0.334 0.962 0.164 0.559 0.131]
    29           48         0.125604         reflect
  eval: e=0.1279  p=[0.690 0.366 0.103 0.216 0.245 0.345 0.963 0.170 0.555 0.126]
    30           49         0.125604         reflect
  eval: e=0.1272  p=[0.691 0.361 0.104 0.204 0.251 0.331 0.972 0.168 0.577 0.128]
    31           50         0.125604         reflect
  eval: e=0.1286  p=[0.681 0.377 0.107 0.206 0.235 0.333 0.959 0.171 0.586 0.126]
    32           51         0.125604         reflect
  eval: e=0.1270  p=[0.681 0.374 0.105 0.192 0.250 0.348 0.964 0.165 0.581 0.127]
    33           52         0.125604         reflect
  eval: e=0.1270  p=[0.687 0.377 0.107 0.199 0.253 0.337 0.970 0.167 0.594 0.113]
    34           53         0.125604         reflect
  eval: e=0.1277  p=[0.662 0.380 0.106 0.172 0.254 0.340 0.953 0.168 0.601 0.118]
    35           54         0.125604         reflect
  eval: e=0.1284  p=[0.681 0.392 0.107 0.153 0.264 0.329 0.974 0.170 0.576 0.119]
    36           55         0.125604         reflect
  eval: e=0.1315  p=[0.706 0.391 0.108 0.129 0.262 0.338 0.935 0.169 0.612 0.113]
    37           56         0.125604         reflect
  eval: e=0.1342  p=[0.667 0.395 0.109 0.112 0.266 0.337 0.926 0.182 0.625 0.114]
  eval: e=0.1285  p=[0.694 0.367 0.103 0.235 0.244 0.336 0.971 0.161 0.559 0.127]
    38           58         0.125604         contract inside
  eval: e=0.1325  p=[0.662 0.357 0.102 0.280 0.237 0.335 0.984 0.165 0.539 0.135]
  eval: e=0.1275  p=[0.695 0.382 0.106 0.167 0.255 0.337 0.948 0.168 0.594 0.119]
    39           60         0.125604         contract inside
  eval: e=0.1299  p=[0.681 0.382 0.112 0.134 0.260 0.340 0.955 0.171 0.599 0.115]
  eval: e=0.1276  p=[0.686 0.372 0.102 0.226 0.246 0.335 0.960 0.166 0.569 0.127]
    40           62         0.125604         contract inside
  eval: e=0.1247  p=[0.688 0.373 0.103 0.189 0.269 0.342 0.958 0.163 0.569 0.120]
  eval: e=0.1224  p=[0.692 0.371 0.101 0.181 0.285 0.346 0.958 0.160 0.561 0.117]
    41           64         0.122386         expand
  eval: e=0.1269  p=[0.675 0.384 0.106 0.149 0.268 0.340 0.943 0.173 0.596 0.117]
    42           65         0.122386         reflect
  eval: e=0.1277  p=[0.687 0.357 0.102 0.231 0.249 0.349 0.935 0.164 0.583 0.124]
    43           66         0.122386         reflect
  eval: e=0.1268  p=[0.677 0.381 0.107 0.170 0.269 0.334 0.940 0.163 0.610 0.116]
    44           67         0.122386         reflect
  eval: e=0.1255  p=[0.708 0.368 0.103 0.214 0.263 0.338 0.947 0.164 0.566 0.124]
    45           68         0.122386         reflect
  eval: e=0.1282  p=[0.688 0.393 0.107 0.152 0.270 0.327 0.968 0.168 0.580 0.118]
  eval: e=0.1264  p=[0.687 0.366 0.104 0.211 0.255 0.344 0.943 0.165 0.583 0.123]
    46           70         0.122386         contract inside
  eval: e=0.1254  p=[0.689 0.376 0.108 0.153 0.275 0.342 0.939 0.166 0.597 0.115]
    47           71         0.122386         reflect
  eval: e=0.1246  p=[0.679 0.365 0.104 0.210 0.269 0.341 0.950 0.163 0.573 0.122]
    48           72         0.122386         reflect
  eval: e=0.1236  p=[0.680 0.387 0.106 0.174 0.278 0.349 0.921 0.163 0.589 0.112]
    49           73         0.122386         reflect
  eval: e=0.1225  p=[0.684 0.373 0.104 0.174 0.280 0.346 0.913 0.163 0.571 0.126]
    50           74         0.122386         reflect
  eval: e=0.1214  p=[0.690 0.376 0.106 0.178 0.290 0.334 0.909 0.164 0.582 0.112]
  eval: e=0.1181  p=[0.695 0.377 0.106 0.171 0.310 0.327 0.882 0.163 0.582 0.104]
    51           76         0.118118         expand
  eval: e=0.1239  p=[0.699 0.365 0.104 0.225 0.280 0.340 0.918 0.155 0.564 0.120]
    52           77         0.118118         reflect
  eval: e=0.1243  p=[0.701 0.364 0.103 0.215 0.281 0.347 0.916 0.163 0.540 0.121]
    53           78         0.118118         reflect
  eval: e=0.1196  p=[0.695 0.379 0.106 0.174 0.301 0.339 0.908 0.160 0.560 0.114]
    54           79         0.118118         reflect
  eval: e=0.1189  p=[0.703 0.367 0.102 0.167 0.308 0.351 0.939 0.157 0.572 0.111]
    55           80         0.118118         reflect
  eval: e=0.1183  p=[0.675 0.377 0.105 0.155 0.311 0.348 0.901 0.158 0.576 0.108]
    56           81         0.118118         reflect
  eval: e=0.1213  p=[0.691 0.368 0.100 0.216 0.306 0.345 0.902 0.155 0.541 0.116]
    57           82         0.118118         reflect
  eval: e=0.1167  p=[0.704 0.381 0.103 0.160 0.319 0.346 0.882 0.156 0.558 0.108]
  eval: e=0.1128  p=[0.716 0.389 0.103 0.135 0.344 0.349 0.848 0.153 0.550 0.101]
    58           84         0.112756         expand
  eval: e=0.1198  p=[0.685 0.386 0.105 0.139 0.320 0.340 0.902 0.154 0.593 0.105]
    59           85         0.112756         reflect
  eval: e=0.1188  p=[0.684 0.390 0.104 0.112 0.329 0.348 0.897 0.163 0.575 0.103]
    60           86         0.112756         reflect
  eval: e=0.1141  p=[0.704 0.368 0.101 0.151 0.341 0.338 0.889 0.155 0.547 0.109]
    61           87         0.112756         reflect
  eval: e=0.1120  p=[0.704 0.382 0.103 0.146 0.351 0.340 0.892 0.153 0.560 0.092]
  eval: e=0.1062  p=[0.714 0.386 0.103 0.132 0.386 0.337 0.882 0.148 0.555 0.074]
    62           89         0.106165         expand
  eval: e=0.1087  p=[0.700 0.386 0.105 0.130 0.366 0.338 0.832 0.154 0.569 0.092]
    63           90         0.106165         reflect
  eval: e=0.1209  p=[0.703 0.392 0.107 0.078 0.357 0.338 0.874 0.158 0.595 0.088]
  eval: e=0.1160  p=[0.700 0.386 0.106 0.112 0.344 0.340 0.881 0.157 0.582 0.095]
    64           92         0.106165         contract outside
  eval: e=0.1126  p=[0.713 0.375 0.103 0.148 0.348 0.342 0.870 0.159 0.541 0.098]
    65           93         0.106165         reflect
  eval: e=0.1074  p=[0.706 0.381 0.102 0.108 0.376 0.345 0.857 0.153 0.570 0.085]
    66           94         0.106165         reflect
  eval: e=0.1072  p=[0.698 0.397 0.106 0.104 0.383 0.332 0.808 0.155 0.557 0.083]
    67           95         0.106165         reflect
  eval: e=0.1089  p=[0.720 0.374 0.104 0.157 0.373 0.332 0.833 0.148 0.551 0.087]
    68           96         0.106165         reflect
  eval: e=0.1026  p=[0.738 0.387 0.102 0.115 0.403 0.329 0.815 0.151 0.545 0.077]
  eval: e=0.0949  p=[0.769 0.392 0.101 0.095 0.449 0.319 0.772 0.147 0.530 0.062]
    69           98        0.0949401         expand
  eval: e=0.0978  p=[0.734 0.390 0.101 0.084 0.432 0.347 0.813 0.142 0.528 0.073]
    70           99        0.0949401         reflect
  eval: e=0.1041  p=[0.735 0.381 0.100 0.137 0.415 0.336 0.800 0.146 0.518 0.078]
    71          100        0.0949401         reflect
  eval: e=0.0962  p=[0.737 0.402 0.105 0.095 0.434 0.337 0.774 0.146 0.547 0.057]
    72          101        0.0949401         reflect
  eval: e=0.0954  p=[0.729 0.385 0.103 0.104 0.449 0.324 0.801 0.147 0.543 0.057]
    73          102        0.0949401         reflect
  eval: e=0.0899  p=[0.736 0.400 0.103 0.081 0.464 0.327 0.764 0.138 0.553 0.052]
  eval: e=0.0770  p=[0.748 0.413 0.102 0.047 0.522 0.319 0.711 0.127 0.559 0.030]
    74          104        0.0769576         expand
  eval: e=0.0910  p=[0.734 0.408 0.101 0.050 0.469 0.335 0.777 0.145 0.544 0.051]
    75          105        0.0769576         reflect
  eval: e=0.0868  p=[0.761 0.401 0.099 0.062 0.497 0.328 0.767 0.137 0.521 0.038]
    76          106        0.0769576         reflect
  eval: e=0.0852  p=[0.766 0.410 0.102 0.074 0.511 0.318 0.724 0.135 0.511 0.036]
    77          107        0.0769576         reflect
  eval: e=0.0866  p=[0.787 0.397 0.098 0.072 0.529 0.328 0.756 0.128 0.514 0.028]
    78          108        0.0769576         reflect
  eval: e=0.0770  p=[0.786 0.410 0.100 0.031 0.556 0.321 0.656 0.133 0.508 0.028]
    79          109        0.0769576         reflect
  eval: e=0.0730  p=[0.775 0.420 0.102 0.006 0.554 0.319 0.710 0.132 0.543 0.015]
  eval: e=38.4227  p=[0.795 0.440 0.104 0.000 0.623 0.311 0.665 0.125 0.555 0.000]
    80          111        0.0730179         reflect
  eval: e=0.0728  p=[0.785 0.418 0.102 0.044 0.562 0.303 0.677 0.133 0.536 0.007]
  eval: e=6.5561  p=[0.811 0.432 0.103 0.024 0.627 0.281 0.609 0.128 0.540 0.000]
    81          113        0.0727875         reflect
  eval: e=0.0744  p=[0.791 0.408 0.097 0.022 0.586 0.306 0.696 0.127 0.515 0.013]
    82          114        0.0727875         reflect
  eval: e=0.1665  p=[0.811 0.431 0.098 0.000 0.598 0.315 0.649 0.122 0.513 0.004]
  eval: e=0.0878  p=[0.750 0.396 0.102 0.077 0.486 0.322 0.763 0.141 0.536 0.044]
    83          116        0.0727875         contract inside
  eval: e=0.2282  p=[0.768 0.424 0.100 0.002 0.606 0.321 0.675 0.121 0.527 0.000]
  eval: e=0.0873  p=[0.769 0.400 0.101 0.072 0.488 0.319 0.748 0.140 0.530 0.045]
    84          118        0.0727875         contract inside
  eval: e=0.0807  p=[0.810 0.406 0.100 0.051 0.589 0.302 0.665 0.122 0.510 0.005]
    85          119        0.0727875         reflect
  eval: e=0.0707  p=[0.806 0.421 0.099 0.019 0.593 0.311 0.660 0.122 0.514 0.005]
  eval: e=3.1657  p=[0.834 0.433 0.097 0.000 0.646 0.305 0.608 0.113 0.503 0.000]
    86          121        0.0707215         reflect
  eval: e=0.2750  p=[0.794 0.421 0.100 0.014 0.612 0.311 0.657 0.119 0.517 0.000]
  eval: e=0.0819  p=[0.775 0.405 0.100 0.057 0.519 0.317 0.725 0.135 0.526 0.033]
    87          123        0.0707215         contract inside
  eval: e=0.0677  p=[0.805 0.421 0.101 0.023 0.607 0.301 0.629 0.121 0.526 0.002]
  eval: e=2.5549  p=[0.827 0.431 0.102 0.004 0.663 0.288 0.560 0.113 0.529 0.000]
    88          125        0.0676693         reflect
  eval: e=0.0658  p=[0.782 0.429 0.104 0.003 0.590 0.295 0.615 0.129 0.535 0.007]
  eval: e=9.6984  p=[0.779 0.446 0.107 0.000 0.621 0.278 0.545 0.129 0.546 0.000]
    89          127        0.0657663         reflect
  eval: e=2.3002  p=[0.806 0.421 0.099 0.000 0.625 0.301 0.625 0.121 0.544 0.000]
  eval: e=0.0788  p=[0.776 0.413 0.101 0.052 0.539 0.313 0.699 0.132 0.519 0.025]
    90          129        0.0657663         contract inside
  eval: e=0.3830  p=[0.798 0.427 0.101 0.002 0.621 0.301 0.619 0.121 0.527 0.000]
  eval: e=0.0769  p=[0.781 0.411 0.101 0.044 0.544 0.313 0.699 0.131 0.526 0.023]
    91          131        0.0657663         contract inside
  eval: e=0.0772  p=[0.757 0.426 0.102 0.007 0.542 0.319 0.686 0.135 0.546 0.026]
    92          132        0.0657663         reflect
  eval: e=0.1484  p=[0.787 0.423 0.100 0.000 0.592 0.308 0.648 0.126 0.543 0.006]
  eval: e=0.0751  p=[0.779 0.415 0.101 0.038 0.552 0.312 0.687 0.130 0.525 0.020]
    93          134        0.0657663         contract inside
  eval: e=0.0799  p=[0.810 0.407 0.100 0.048 0.592 0.301 0.662 0.122 0.511 0.004]
  eval: e=0.0724  p=[0.771 0.422 0.101 0.017 0.554 0.314 0.680 0.132 0.538 0.020]
    94          136        0.0657663         contract inside
  eval: e=0.0666  p=[0.779 0.426 0.103 0.021 0.577 0.297 0.696 0.124 0.555 0.001]
    95          137        0.0657663         reflect
  eval: e=0.5736  p=[0.822 0.425 0.100 0.000 0.622 0.295 0.639 0.129 0.504 0.000]
  eval: e=0.0731  p=[0.767 0.416 0.102 0.036 0.547 0.313 0.693 0.128 0.545 0.021]
    96          139        0.0657663         contract inside
  eval: e=0.0781  p=[0.787 0.429 0.102 0.002 0.600 0.301 0.650 0.124 0.540 0.000]
  eval: e=0.0734  p=[0.782 0.415 0.101 0.033 0.558 0.310 0.686 0.130 0.530 0.017]
    97          141        0.0657663         contract inside
  eval: e=0.0647  p=[0.790 0.424 0.101 0.006 0.593 0.302 0.662 0.125 0.542 0.001]
  eval: e=1.6827  p=[0.795 0.429 0.101 0.000 0.614 0.297 0.649 0.123 0.551 0.000]
    98          143        0.0646719         reflect
  eval: e=0.0702  p=[0.777 0.434 0.106 0.020 0.561 0.307 0.645 0.129 0.558 0.006]
    99          144        0.0646719         reflect
  eval: e=0.0651  p=[0.785 0.431 0.103 0.006 0.590 0.302 0.647 0.126 0.549 0.000]
   100          145        0.0646719         reflect
  eval: e=0.7282  p=[0.804 0.433 0.103 0.000 0.609 0.297 0.631 0.127 0.534 0.000]
  eval: e=0.0702  p=[0.776 0.420 0.102 0.026 0.563 0.309 0.678 0.128 0.542 0.013]
   101          147        0.0646719         contract inside
  eval: e=0.1068  p=[0.796 0.429 0.102 0.031 0.604 0.289 0.607 0.122 0.536 0.000]
  eval: e=0.0698  p=[0.780 0.423 0.102 0.012 0.567 0.312 0.685 0.129 0.541 0.010]
   102          149        0.0646719         contract inside
  eval: e=1.6672  p=[0.785 0.432 0.102 0.000 0.597 0.307 0.642 0.120 0.544 0.006]
  eval: e=0.0697  p=[0.785 0.422 0.102 0.030 0.571 0.304 0.668 0.130 0.538 0.007]
   103          151        0.0646719         contract inside
  eval: e=1.0214  p=[0.802 0.429 0.103 0.016 0.608 0.294 0.637 0.121 0.543 0.000]
  eval: e=0.0695  p=[0.779 0.423 0.102 0.017 0.568 0.309 0.669 0.129 0.539 0.013]
   104          153        0.0646719         contract inside
  eval: e=0.0695  p=[0.762 0.430 0.106 0.014 0.565 0.297 0.659 0.132 0.571 0.007]
   105          154        0.0646719         reflect
  eval: e=0.1388  p=[0.789 0.432 0.104 0.005 0.595 0.296 0.638 0.127 0.549 0.000]
  eval: e=0.0684  p=[0.779 0.423 0.102 0.021 0.571 0.306 0.668 0.127 0.544 0.009]
   106          156        0.0646719         contract inside
  eval: e=0.0677  p=[0.788 0.416 0.099 0.011 0.598 0.298 0.674 0.126 0.530 0.005]
   107          157        0.0646719         reflect
  eval: e=0.0636  p=[0.786 0.427 0.102 0.018 0.600 0.291 0.633 0.125 0.545 0.000]
  eval: e=0.3398  p=[0.789 0.429 0.103 0.021 0.616 0.280 0.607 0.122 0.546 0.000]
   108          159        0.0635903         reflect
  eval: e=0.0834  p=[0.782 0.429 0.103 0.000 0.601 0.296 0.642 0.123 0.549 0.002]
  eval: e=0.0677  p=[0.784 0.423 0.102 0.022 0.578 0.302 0.662 0.128 0.541 0.006]
   109          161        0.0635903         contract inside
  eval: e=0.3318  p=[0.789 0.427 0.103 0.012 0.606 0.289 0.640 0.124 0.549 0.000]
  eval: e=0.0674  p=[0.781 0.424 0.102 0.016 0.577 0.304 0.662 0.128 0.541 0.008]
   110          163        0.0635903         contract inside
  eval: e=0.0708  p=[0.810 0.419 0.098 0.015 0.612 0.303 0.650 0.120 0.510 0.001]
  eval: e=0.0663  p=[0.774 0.427 0.104 0.014 0.576 0.298 0.657 0.129 0.556 0.005]
   111          165        0.0635903         contract inside
  eval: e=0.1211  p=[0.791 0.427 0.102 0.007 0.607 0.292 0.640 0.125 0.540 0.000]
  eval: e=0.0669  p=[0.782 0.424 0.102 0.017 0.580 0.302 0.661 0.127 0.543 0.006]
   112          167        0.0635903         contract inside
  eval: e=0.0663  p=[0.782 0.435 0.106 0.019 0.576 0.301 0.630 0.126 0.556 0.002]
   113          168        0.0635903         reflect
  eval: e=0.0630  p=[0.785 0.431 0.103 0.007 0.595 0.297 0.637 0.124 0.549 0.001]
  eval: e=0.0906  p=[0.785 0.434 0.104 0.000 0.603 0.295 0.624 0.122 0.553 0.000]
   114          170        0.0629559         reflect
  eval: e=0.0741  p=[0.760 0.435 0.105 0.003 0.564 0.297 0.671 0.131 0.568 0.004]
  eval: e=0.0653  p=[0.794 0.425 0.102 0.018 0.596 0.300 0.640 0.124 0.537 0.003]
   115          172        0.0629559         contract inside
  eval: e=0.1624  p=[0.786 0.432 0.104 0.010 0.597 0.293 0.634 0.124 0.552 0.000]
  eval: e=0.0661  p=[0.782 0.426 0.103 0.014 0.582 0.301 0.655 0.127 0.544 0.005]
   116          174        0.0629559         contract inside
  eval: e=0.0877  p=[0.785 0.432 0.104 0.008 0.595 0.295 0.634 0.125 0.551 0.000]
  eval: e=0.0658  p=[0.783 0.426 0.103 0.015 0.584 0.300 0.654 0.126 0.545 0.004]
   117          176        0.0629559         contract inside
  eval: e=0.0632  p=[0.790 0.430 0.104 0.003 0.599 0.300 0.590 0.128 0.536 0.005]
   118          177        0.0629559         reflect
  eval: e=0.0652  p=[0.788 0.420 0.100 0.002 0.605 0.296 0.647 0.126 0.531 0.004]
   119          178        0.0629559         reflect
  eval: e=0.0643  p=[0.799 0.427 0.101 0.004 0.611 0.299 0.619 0.123 0.527 0.000]
   120          179        0.0629559         reflect
  eval: e=0.0647  p=[0.794 0.428 0.102 0.002 0.610 0.295 0.614 0.124 0.535 0.000]
   121          180        0.0629559         reflect
  eval: e=0.0726  p=[0.795 0.428 0.102 0.000 0.614 0.295 0.607 0.124 0.532 0.000]
  eval: e=0.0647  p=[0.786 0.427 0.102 0.011 0.591 0.299 0.642 0.126 0.542 0.003]
   122          182        0.0629559         contract inside
  eval: e=0.1751  p=[0.797 0.424 0.101 0.012 0.608 0.301 0.651 0.121 0.543 0.000]
  eval: e=0.0646  p=[0.786 0.428 0.103 0.006 0.595 0.297 0.624 0.127 0.537 0.004]
   123          184        0.0629559         contract inside
  eval: e=0.2818  p=[0.784 0.430 0.102 0.000 0.601 0.296 0.623 0.127 0.542 0.001]
  eval: e=0.0644  p=[0.791 0.426 0.102 0.012 0.598 0.299 0.636 0.125 0.538 0.002]
   124          186        0.0629559         contract inside
  eval: e=0.0741  p=[0.790 0.436 0.105 0.013 0.591 0.300 0.613 0.124 0.549 0.000]
  eval: e=0.0643  p=[0.789 0.424 0.101 0.005 0.602 0.297 0.639 0.126 0.536 0.003]
   125          188        0.0629559         contract inside
  eval: e=0.0649  p=[0.794 0.423 0.101 0.009 0.609 0.293 0.612 0.125 0.529 0.004]
  eval: e=0.0642  p=[0.792 0.425 0.102 0.008 0.604 0.295 0.621 0.125 0.534 0.003]
   126          190        0.0629559         contract outside
  eval: e=0.0628  p=[0.794 0.427 0.102 0.003 0.610 0.295 0.612 0.124 0.534 0.001]
  eval: e=0.0695  p=[0.798 0.428 0.102 0.000 0.619 0.293 0.598 0.124 0.530 0.000]
   127          192        0.0628125         reflect
  eval: e=0.0650  p=[0.786 0.426 0.102 0.012 0.591 0.299 0.640 0.126 0.540 0.004]
  eval: e=0.0631  p=[0.792 0.427 0.102 0.005 0.605 0.296 0.620 0.125 0.536 0.001]
   128          194        0.0628125         contract inside
  eval: e=0.0626  p=[0.791 0.430 0.103 0.008 0.610 0.291 0.584 0.125 0.532 0.003]
  eval: e=0.0618  p=[0.792 0.433 0.104 0.009 0.618 0.286 0.545 0.124 0.527 0.004]
   129          196        0.0617865         expand
  eval: e=0.0636  p=[0.796 0.427 0.102 0.009 0.614 0.294 0.606 0.122 0.535 0.000]
   130          197        0.0617865         reflect
  eval: e=0.0618  p=[0.792 0.430 0.103 0.002 0.614 0.291 0.589 0.125 0.534 0.001]
  eval: e=0.1413  p=[0.792 0.432 0.103 0.000 0.622 0.287 0.566 0.124 0.532 0.001]
   131          199        0.0617656         reflect
  eval: e=0.0614  p=[0.795 0.433 0.104 0.009 0.612 0.292 0.576 0.123 0.536 0.000]
  eval: e=0.0790  p=[0.798 0.437 0.105 0.011 0.617 0.289 0.544 0.122 0.536 0.000]
   132          201        0.0613795         reflect
  eval: e=0.0612  p=[0.783 0.432 0.105 0.011 0.604 0.289 0.587 0.126 0.546 0.002]
  eval: e=0.0604  p=[0.776 0.434 0.107 0.014 0.600 0.284 0.571 0.128 0.556 0.003]
   133          203        0.0604444         expand
  eval: e=0.0604  p=[0.787 0.435 0.105 0.008 0.609 0.290 0.575 0.125 0.544 0.000]
  eval: e=0.0856  p=[0.785 0.440 0.106 0.007 0.612 0.288 0.553 0.124 0.549 0.000]
   134          205        0.0603674         reflect
  eval: e=0.0625  p=[0.782 0.434 0.105 0.006 0.599 0.290 0.583 0.127 0.544 0.003]
   135          206        0.0603674         reflect
  eval: e=0.3108  p=[0.791 0.436 0.105 0.000 0.613 0.294 0.547 0.126 0.535 0.004]
  eval: e=0.0626  p=[0.787 0.429 0.103 0.012 0.603 0.291 0.611 0.125 0.542 0.001]
   136          208        0.0603674         contract inside
  eval: e=0.0979  p=[0.786 0.432 0.104 0.012 0.614 0.282 0.595 0.122 0.544 0.000]
  eval: e=0.0624  p=[0.789 0.431 0.104 0.005 0.603 0.296 0.591 0.126 0.538 0.003]
   137          210        0.0603674         contract inside
  eval: e=0.0604  p=[0.784 0.436 0.106 0.010 0.607 0.286 0.558 0.126 0.544 0.003]
   138          211        0.0603674         reflect
  eval: e=0.0607  p=[0.790 0.434 0.105 0.009 0.620 0.283 0.526 0.127 0.531 0.003]
   139          212        0.0603674         reflect
  eval: e=0.0600  p=[0.781 0.438 0.107 0.013 0.607 0.283 0.533 0.127 0.545 0.004]
  eval: e=0.0594  p=[0.774 0.444 0.110 0.018 0.606 0.277 0.493 0.128 0.551 0.005]
   140          214        0.0594135         expand
  eval: e=0.0593  p=[0.785 0.440 0.107 0.006 0.615 0.284 0.510 0.127 0.539 0.004]
  eval: e=0.0581  p=[0.784 0.445 0.109 0.002 0.621 0.280 0.459 0.128 0.537 0.006]
   141          216        0.0580976         expand
  eval: e=0.0590  p=[0.791 0.437 0.106 0.011 0.623 0.283 0.513 0.124 0.535 0.002]
   142          217        0.0580976         reflect
  eval: e=0.0576  p=[0.784 0.441 0.108 0.013 0.624 0.275 0.490 0.125 0.541 0.002]
  eval: e=0.0553  p=[0.781 0.446 0.110 0.017 0.634 0.264 0.440 0.125 0.542 0.002]
   143          219        0.0552897         expand
  eval: e=0.0580  p=[0.779 0.441 0.108 0.011 0.611 0.280 0.515 0.127 0.555 0.001]
   144          220        0.0552897         reflect
  eval: e=0.0569  p=[0.776 0.447 0.111 0.019 0.615 0.273 0.456 0.127 0.553 0.004]
   145          221        0.0552897         reflect
  eval: e=0.0566  p=[0.770 0.447 0.112 0.015 0.617 0.268 0.445 0.129 0.554 0.006]
   146          222        0.0552897         reflect
  eval: e=0.0582  p=[0.770 0.449 0.112 0.016 0.609 0.274 0.479 0.127 0.563 0.003]
   147          223        0.0552897         reflect
  eval: e=0.0555  p=[0.783 0.451 0.111 0.012 0.630 0.271 0.415 0.126 0.539 0.003]
   148          224        0.0552897         reflect
  eval: e=0.0545  p=[0.775 0.453 0.113 0.016 0.628 0.266 0.400 0.127 0.550 0.004]
  eval: e=0.0520  p=[0.771 0.461 0.117 0.018 0.638 0.255 0.322 0.128 0.553 0.004]
   149          226        0.0520098         expand
  eval: e=0.0535  p=[0.768 0.459 0.116 0.020 0.632 0.255 0.332 0.129 0.553 0.007]
   150          227        0.0520098         reflect
  eval: e=0.0526  p=[0.781 0.452 0.113 0.010 0.640 0.264 0.382 0.126 0.546 0.003]
   151          228        0.0520098         reflect
  eval: e=0.0563  p=[0.762 0.463 0.118 0.017 0.626 0.254 0.336 0.130 0.564 0.006]
   152          229        0.0520098         reflect
  eval: e=0.0532  p=[0.781 0.454 0.113 0.012 0.644 0.259 0.341 0.129 0.536 0.005]
   153          230        0.0520098         reflect
  eval: e=0.0510  p=[0.767 0.460 0.116 0.028 0.637 0.249 0.338 0.127 0.562 0.002]
  eval: e=0.0478  p=[0.759 0.467 0.120 0.041 0.644 0.233 0.277 0.127 0.574 0.001]
   154          232        0.0477762         expand
  eval: e=0.0492  p=[0.768 0.468 0.120 0.025 0.653 0.239 0.235 0.128 0.548 0.007]
   155          233        0.0477762         reflect
  eval: e=0.0487  p=[0.768 0.467 0.119 0.018 0.657 0.240 0.249 0.128 0.549 0.005]
   156          234        0.0477762         reflect
  eval: e=0.0475  p=[0.775 0.471 0.119 0.024 0.662 0.238 0.220 0.126 0.547 0.003]
  eval: e=0.0435  p=[0.777 0.483 0.123 0.028 0.685 0.223 0.108 0.124 0.543 0.001]
   157          236        0.0435391         expand
  eval: e=0.0511  p=[0.786 0.459 0.115 0.023 0.665 0.247 0.284 0.124 0.533 0.002]
   158          237        0.0435391         reflect
  eval: e=0.0451  p=[0.765 0.472 0.122 0.031 0.668 0.225 0.179 0.128 0.556 0.004]
   159          238        0.0435391         reflect
  eval: e=0.0448  p=[0.764 0.482 0.125 0.029 0.672 0.224 0.102 0.130 0.556 0.006]
   160          239        0.0435391         reflect
  eval: e=0.0444  p=[0.776 0.474 0.121 0.027 0.682 0.227 0.164 0.125 0.546 0.000]
   161          240        0.0435391         reflect
  eval: e=0.0423  p=[0.761 0.483 0.126 0.038 0.677 0.216 0.119 0.125 0.565 0.002]
  eval: e=0.0381  p=[0.751 0.497 0.132 0.052 0.693 0.195 0.008 0.124 0.580 0.000]
   162          242         0.038092         expand
  eval: e=0.0397  p=[0.756 0.493 0.130 0.049 0.692 0.198 0.003 0.127 0.562 0.003]
   163          243         0.038092         reflect
  eval: e=0.0388  p=[0.763 0.492 0.129 0.047 0.704 0.195 0.000 0.125 0.556 0.001]
   164          244         0.038092         reflect
  eval: e=3.7125  p=[0.743 0.500 0.134 0.046 0.685 0.193 0.000 0.129 0.581 0.004]
  eval: e=0.0467  p=[0.775 0.469 0.119 0.029 0.670 0.233 0.208 0.125 0.545 0.002]
   165          246         0.038092         contract inside
  eval: e=0.0731  p=[0.763 0.491 0.128 0.045 0.700 0.199 0.025 0.124 0.566 0.000]
  eval: e=0.0462  p=[0.766 0.474 0.122 0.030 0.665 0.229 0.182 0.127 0.552 0.005]
   166          248         0.038092         contract inside
  eval: e=0.1068  p=[0.762 0.494 0.130 0.054 0.698 0.197 0.000 0.124 0.565 0.000]
  eval: e=0.0457  p=[0.767 0.473 0.121 0.027 0.667 0.229 0.186 0.127 0.553 0.004]
   167          250         0.038092         contract inside
  eval: e=23.8938  p=[0.773 0.495 0.129 0.028 0.715 0.203 0.000 0.125 0.536 0.005]
  eval: e=0.0451  p=[0.762 0.474 0.122 0.038 0.662 0.225 0.196 0.127 0.565 0.002]
   168          252         0.038092         contract inside
  eval: e=0.0406  p=[0.754 0.494 0.130 0.043 0.688 0.201 0.017 0.127 0.569 0.003]
   169          253         0.038092         reflect
  eval: e=0.0385  p=[0.760 0.493 0.129 0.044 0.697 0.199 0.010 0.125 0.565 0.000]
   170          254         0.038092         reflect
  eval: e=8.2237  p=[0.759 0.497 0.131 0.050 0.701 0.193 0.000 0.125 0.566 0.001]
  eval: e=0.0435  p=[0.765 0.479 0.124 0.033 0.676 0.220 0.132 0.127 0.556 0.003]
   171          256         0.038092         contract inside
  eval: e=25.7546  p=[0.764 0.498 0.131 0.038 0.709 0.196 0.000 0.126 0.553 0.003]
  eval: e=0.0432  p=[0.763 0.480 0.124 0.038 0.674 0.218 0.134 0.126 0.562 0.002]
   172          258         0.038092         contract inside
  eval: e=18.2968  p=[0.761 0.501 0.132 0.047 0.704 0.195 0.000 0.124 0.563 0.000]
  eval: e=0.0430  p=[0.764 0.479 0.124 0.035 0.677 0.217 0.123 0.127 0.558 0.003]
   173          260         0.038092         contract inside
  eval: e=0.1060  p=[0.762 0.491 0.128 0.050 0.702 0.195 0.038 0.122 0.563 0.000]
  eval: e=0.0427  p=[0.763 0.484 0.126 0.034 0.679 0.217 0.086 0.128 0.558 0.004]
   174          262         0.038092         contract inside
  eval: e=15.3974  p=[0.748 0.501 0.134 0.053 0.691 0.189 0.000 0.127 0.575 0.004]
  eval: e=0.0424  p=[0.769 0.481 0.124 0.034 0.684 0.218 0.113 0.126 0.554 0.001]
   175          264         0.038092         contract inside
  eval: e=0.0386  p=[0.744 0.492 0.131 0.053 0.688 0.192 0.018 0.129 0.581 0.003]
   176          265         0.038092         reflect
  eval: e=8.8832  p=[0.753 0.498 0.132 0.052 0.699 0.190 0.000 0.126 0.572 0.001]
  eval: e=0.0419  p=[0.762 0.484 0.126 0.038 0.682 0.212 0.092 0.127 0.560 0.002]
   177          267         0.038092         contract inside
  eval: e=15.8330  p=[0.755 0.498 0.132 0.047 0.703 0.191 0.000 0.126 0.567 0.002]
  eval: e=0.0416  p=[0.761 0.484 0.126 0.040 0.681 0.211 0.091 0.126 0.563 0.002]
   178          269         0.038092         contract inside
  eval: e=12.7135  p=[0.753 0.499 0.132 0.052 0.700 0.190 0.000 0.126 0.572 0.001]
  eval: e=0.0415  p=[0.761 0.484 0.126 0.039 0.683 0.211 0.084 0.127 0.561 0.003]
   179          271         0.038092         contract inside
  eval: e=0.0375  p=[0.753 0.495 0.131 0.053 0.699 0.190 0.001 0.125 0.572 0.000]
  eval: e=17.2534  p=[0.748 0.500 0.133 0.063 0.709 0.176 0.000 0.123 0.579 0.000]
   180          273        0.0374856         reflect
  eval: e=23.3284  p=[0.744 0.501 0.134 0.058 0.697 0.183 0.000 0.127 0.580 0.003]
  eval: e=0.0408  p=[0.763 0.486 0.127 0.040 0.687 0.209 0.073 0.126 0.560 0.001]
   181          275        0.0374856         contract inside
  eval: e=9.5900  p=[0.752 0.498 0.132 0.054 0.701 0.187 0.000 0.126 0.573 0.001]
  eval: e=0.0406  p=[0.759 0.487 0.128 0.042 0.686 0.206 0.061 0.126 0.564 0.002]
   182          277        0.0374856         contract inside
  eval: e=12.6160  p=[0.752 0.498 0.132 0.052 0.702 0.188 0.000 0.126 0.571 0.001]
  eval: e=0.0404  p=[0.759 0.488 0.128 0.043 0.686 0.205 0.059 0.126 0.565 0.002]
   183          279        0.0374856         contract inside
  eval: e=11.1859  p=[0.751 0.499 0.132 0.054 0.701 0.187 0.000 0.125 0.573 0.001]
  eval: e=0.0403  p=[0.759 0.488 0.128 0.043 0.688 0.205 0.054 0.126 0.564 0.002]
   184          281        0.0374856         contract inside
  eval: e=6.9096  p=[0.749 0.498 0.133 0.054 0.697 0.188 0.000 0.126 0.575 0.002]
  eval: e=0.0399  p=[0.759 0.489 0.128 0.043 0.690 0.204 0.048 0.126 0.564 0.002]
   185          283        0.0374856         contract inside
  eval: e=3.0316  p=[0.752 0.497 0.132 0.052 0.698 0.190 0.000 0.126 0.572 0.001]
  eval: e=0.0398  p=[0.758 0.490 0.129 0.044 0.689 0.202 0.042 0.126 0.566 0.002]
   186          285        0.0374856         contract inside
  eval: e=0.0387  p=[0.758 0.489 0.129 0.052 0.698 0.196 0.031 0.124 0.566 0.000]
   187          286        0.0374856         reflect
  eval: e=2.5499  p=[0.754 0.496 0.131 0.053 0.701 0.190 0.000 0.125 0.570 0.001]
  eval: e=0.0396  p=[0.757 0.490 0.129 0.046 0.690 0.201 0.040 0.126 0.566 0.002]
   188          288        0.0374856         contract inside
  eval: e=1.9794  p=[0.753 0.496 0.131 0.054 0.700 0.190 0.000 0.125 0.571 0.001]
  eval: e=0.0395  p=[0.757 0.490 0.129 0.045 0.691 0.201 0.037 0.126 0.566 0.002]
   189          290        0.0374856         contract inside
  eval: e=0.9851  p=[0.752 0.495 0.131 0.054 0.698 0.190 0.000 0.125 0.572 0.001]
  eval: e=0.0393  p=[0.758 0.490 0.129 0.046 0.692 0.200 0.034 0.126 0.566 0.001]
   190          292        0.0374856         contract inside
  eval: e=0.2777  p=[0.754 0.494 0.131 0.053 0.699 0.191 0.000 0.125 0.570 0.001]
  eval: e=0.0392  p=[0.757 0.491 0.129 0.046 0.692 0.199 0.030 0.126 0.567 0.002]
   191          294        0.0374856         contract inside
  eval: e=0.0502  p=[0.756 0.490 0.129 0.048 0.697 0.196 0.039 0.124 0.575 0.000]
  eval: e=0.0391  p=[0.756 0.493 0.130 0.048 0.693 0.197 0.012 0.126 0.565 0.002]
   192          296        0.0374856         contract inside
  eval: e=0.1940  p=[0.754 0.494 0.131 0.052 0.699 0.192 0.000 0.125 0.570 0.001]
  eval: e=0.0390  p=[0.757 0.491 0.129 0.047 0.692 0.199 0.029 0.126 0.567 0.001]
   193          298        0.0374856         contract inside
  eval: e=0.1000  p=[0.754 0.495 0.131 0.052 0.699 0.192 0.000 0.125 0.571 0.001]
  eval: e=0.0390  p=[0.756 0.491 0.129 0.047 0.693 0.199 0.027 0.126 0.567 0.001]
   194          300        0.0374856         contract inside
  eval: e=0.0377  p=[0.754 0.494 0.131 0.052 0.698 0.192 0.000 0.125 0.571 0.001]
   195          301        0.0374856         reflect
  eval: e=0.0960  p=[0.754 0.494 0.131 0.052 0.699 0.191 0.000 0.125 0.571 0.001]
  eval: e=0.0387  p=[0.756 0.492 0.130 0.048 0.694 0.197 0.022 0.126 0.568 0.001]
   196          303        0.0374856         contract inside
  eval: e=0.0382  p=[0.755 0.493 0.130 0.050 0.698 0.193 0.017 0.124 0.573 0.000]
   197          304        0.0374856         reflect
  eval: e=0.0831  p=[0.754 0.494 0.131 0.052 0.700 0.191 0.000 0.125 0.573 0.000]
  eval: e=0.0386  p=[0.756 0.492 0.130 0.048 0.694 0.197 0.021 0.125 0.569 0.001]
   198          306        0.0374856         contract inside
  eval: e=0.0567  p=[0.753 0.494 0.131 0.053 0.700 0.191 0.000 0.125 0.573 0.000]
  eval: e=0.0385  p=[0.756 0.492 0.130 0.048 0.695 0.197 0.020 0.125 0.569 0.001]
   199          308        0.0374856         contract inside
  eval: e=0.0387  p=[0.746 0.494 0.131 0.053 0.687 0.195 0.030 0.126 0.587 0.000]
   200          309        0.0374856         reflect
  eval: e=0.0374  p=[0.751 0.494 0.131 0.053 0.696 0.192 0.010 0.125 0.578 0.000]
  eval: e=0.0419  p=[0.748 0.496 0.132 0.056 0.697 0.189 0.003 0.125 0.584 0.000]
   201          311        0.0373943         reflect
  eval: e=0.2292  p=[0.747 0.498 0.133 0.050 0.691 0.192 0.000 0.126 0.583 0.001]
  eval: e=0.0382  p=[0.755 0.491 0.130 0.051 0.696 0.195 0.022 0.125 0.570 0.000]
   202          313        0.0373943         contract inside
  eval: e=0.1904  p=[0.761 0.492 0.129 0.048 0.704 0.194 0.000 0.125 0.559 0.001]
  eval: e=0.0382  p=[0.750 0.494 0.131 0.052 0.691 0.194 0.021 0.126 0.580 0.000]
   203          315        0.0373943         contract inside
  eval: e=0.0870  p=[0.764 0.495 0.129 0.048 0.704 0.197 0.009 0.121 0.565 0.000]
  eval: e=0.0382  p=[0.749 0.493 0.131 0.052 0.692 0.193 0.015 0.127 0.577 0.002]
   204          317        0.0373943         contract inside
  eval: e=0.0377  p=[0.751 0.495 0.131 0.053 0.697 0.191 0.004 0.125 0.578 0.000]
   205          318        0.0373943         reflect
  eval: e=0.0394  p=[0.750 0.496 0.132 0.054 0.697 0.190 0.002 0.125 0.580 0.000]
  eval: e=0.0381  p=[0.754 0.493 0.130 0.050 0.695 0.195 0.016 0.125 0.572 0.001]
   206          320        0.0373943         contract inside
  eval: e=0.0371  p=[0.744 0.495 0.132 0.060 0.693 0.187 0.013 0.125 0.585 0.000]
  eval: e=0.0366  p=[0.736 0.496 0.133 0.068 0.691 0.181 0.014 0.124 0.595 0.000]
   207          322        0.0366464         expand
  eval: e=0.0528  p=[0.753 0.496 0.131 0.055 0.699 0.190 0.007 0.123 0.577 0.000]
  eval: e=0.0379  p=[0.750 0.493 0.131 0.053 0.694 0.193 0.013 0.126 0.577 0.001]
   208          324        0.0366464         contract inside
  eval: e=0.0379  p=[0.746 0.496 0.132 0.057 0.692 0.190 0.004 0.125 0.581 0.001]
   209          325        0.0366464         reflect
  eval: e=0.1152  p=[0.751 0.495 0.131 0.056 0.699 0.188 0.000 0.124 0.575 0.000]
  eval: e=0.0378  p=[0.750 0.494 0.131 0.053 0.693 0.193 0.015 0.125 0.579 0.000]
   210          327        0.0366464         contract inside
  eval: e=0.3450  p=[0.744 0.498 0.133 0.058 0.693 0.187 0.000 0.125 0.586 0.000]
  eval: e=0.0378  p=[0.752 0.493 0.130 0.053 0.695 0.193 0.015 0.125 0.574 0.000]
   211          329        0.0366464         contract inside
  eval: e=0.0370  p=[0.745 0.497 0.133 0.059 0.694 0.187 0.001 0.124 0.586 0.000]
   212          330        0.0366464         reflect
  eval: e=0.0373  p=[0.746 0.492 0.131 0.059 0.697 0.185 0.007 0.126 0.579 0.001]
   213          331        0.0366464         reflect
  eval: e=0.0378  p=[0.751 0.493 0.131 0.054 0.699 0.189 0.012 0.125 0.577 0.000]
   214          332        0.0366464         reflect
  eval: e=0.0394  p=[0.748 0.495 0.132 0.059 0.698 0.186 0.003 0.124 0.581 0.000]
  eval: e=0.0376  p=[0.749 0.494 0.131 0.054 0.695 0.191 0.011 0.125 0.578 0.001]
   215          334        0.0366464         contract inside
  eval: e=0.0374  p=[0.748 0.495 0.132 0.059 0.699 0.185 0.000 0.125 0.579 0.000]
   216          335        0.0366464         reflect
  eval: e=0.0375  p=[0.746 0.496 0.132 0.058 0.693 0.188 0.001 0.125 0.581 0.001]
   217          336        0.0366464         reflect
  eval: e=0.3828  p=[0.743 0.497 0.133 0.061 0.696 0.183 0.000 0.125 0.585 0.000]
  eval: e=0.0375  p=[0.750 0.494 0.131 0.055 0.696 0.191 0.010 0.125 0.577 0.000]
   218          338        0.0366464         contract inside
  eval: e=0.0373  p=[0.744 0.494 0.132 0.061 0.695 0.185 0.007 0.125 0.581 0.001]
   219          339        0.0366464         reflect
  eval: e=0.0369  p=[0.740 0.495 0.133 0.064 0.693 0.183 0.012 0.125 0.590 0.000]
   220          340        0.0366464         reflect
  eval: e=0.0367  p=[0.742 0.496 0.133 0.064 0.696 0.182 0.002 0.124 0.586 0.000]
   221          341        0.0366464         reflect
  eval: e=0.0379  p=[0.745 0.493 0.131 0.061 0.698 0.184 0.012 0.124 0.583 0.000]
  eval: e=0.0373  p=[0.746 0.496 0.132 0.059 0.694 0.187 0.004 0.125 0.582 0.001]
   222          343        0.0366464         contract inside
  eval: e=0.0367  p=[0.736 0.495 0.133 0.067 0.691 0.182 0.012 0.125 0.595 0.001]
   223          344        0.0366464         reflect
  eval: e=0.0365  p=[0.737 0.496 0.133 0.068 0.694 0.179 0.004 0.125 0.593 0.000]
  eval: e=0.0361  p=[0.730 0.497 0.135 0.074 0.693 0.173 0.000 0.125 0.601 0.000]
   224          346        0.0360583         expand
  eval: e=0.0364  p=[0.732 0.496 0.134 0.074 0.693 0.174 0.002 0.125 0.596 0.001]
   225          347        0.0360583         reflect
  eval: e=0.0369  p=[0.732 0.496 0.134 0.071 0.688 0.179 0.013 0.125 0.599 0.001]
   226          348        0.0360583         reflect
  eval: e=0.0367  p=[0.731 0.499 0.135 0.073 0.689 0.178 0.006 0.123 0.603 0.000]
   227          349        0.0360583         reflect
  eval: e=0.0371  p=[0.729 0.498 0.135 0.074 0.690 0.176 0.006 0.124 0.606 0.000]
   228          350        0.0360583         reflect
  eval: e=0.0361  p=[0.725 0.498 0.135 0.079 0.689 0.172 0.010 0.124 0.610 0.000]
   229          351        0.0360583         reflect
  eval: e=0.0370  p=[0.740 0.495 0.132 0.065 0.694 0.182 0.008 0.125 0.586 0.001]
   230          352        0.0360583         reflect
  eval: e=0.0363  p=[0.724 0.496 0.135 0.080 0.689 0.171 0.015 0.125 0.607 0.001]
   231          353        0.0360583         reflect
  eval: e=0.0364  p=[0.725 0.498 0.136 0.078 0.689 0.173 0.009 0.124 0.610 0.000]
   232          354        0.0360583         reflect
  eval: e=0.0365  p=[0.732 0.497 0.134 0.073 0.694 0.175 0.004 0.124 0.600 0.000]
   233          355        0.0360583         reflect
  eval: e=0.0359  p=[0.723 0.498 0.136 0.082 0.690 0.169 0.003 0.124 0.610 0.001]
  eval: e=0.0780  p=[0.714 0.500 0.138 0.091 0.689 0.163 0.000 0.123 0.621 0.001]
   234          357        0.0358908         reflect
  eval: e=0.0360  p=[0.724 0.499 0.136 0.082 0.692 0.168 0.001 0.123 0.609 0.000]
   235          358        0.0358908         reflect
  eval: e=0.0359  p=[0.714 0.499 0.137 0.089 0.686 0.164 0.011 0.124 0.622 0.000]
   236          359        0.0358908         reflect
  eval: e=0.0359  p=[0.722 0.496 0.135 0.083 0.692 0.167 0.008 0.125 0.609 0.000]
  eval: e=0.0361  p=[0.718 0.494 0.135 0.087 0.694 0.161 0.008 0.126 0.611 0.001]
   237          361        0.0358785         reflect
  eval: e=0.0460  p=[0.714 0.499 0.137 0.091 0.690 0.160 0.000 0.124 0.619 0.000]
  eval: e=0.0363  p=[0.731 0.497 0.134 0.074 0.691 0.176 0.010 0.124 0.601 0.000]
   238          363        0.0358785         contract inside
  eval: e=0.0362  p=[0.718 0.498 0.136 0.086 0.687 0.167 0.010 0.125 0.615 0.001]
   239          364        0.0358785         reflect
  eval: e=0.0360  p=[0.723 0.496 0.135 0.083 0.692 0.167 0.005 0.125 0.606 0.001]
   240          365        0.0358785         reflect
  eval: e=0.0358  p=[0.715 0.499 0.137 0.088 0.687 0.164 0.012 0.124 0.622 0.000]
  eval: e=0.0362  p=[0.706 0.500 0.138 0.096 0.684 0.159 0.017 0.123 0.635 0.000]
   241          367        0.0358068         reflect
  eval: e=0.0357  p=[0.713 0.498 0.137 0.092 0.688 0.161 0.005 0.124 0.621 0.001]
  eval: e=0.0356  p=[0.704 0.499 0.139 0.100 0.687 0.153 0.002 0.124 0.631 0.001]
   242          369        0.0355997         expand
  eval: e=0.0897  p=[0.715 0.500 0.137 0.089 0.690 0.162 0.000 0.124 0.620 0.000]
  eval: e=0.0360  p=[0.722 0.497 0.136 0.083 0.689 0.169 0.011 0.124 0.610 0.001]
   243          371        0.0355997         contract inside
  eval: e=0.0356  p=[0.723 0.498 0.136 0.083 0.693 0.167 0.003 0.124 0.611 0.000]
   244          372        0.0355997         reflect
  eval: e=0.0356  p=[0.715 0.498 0.137 0.091 0.691 0.160 0.001 0.124 0.617 0.001]
   245          373        0.0355997         reflect
  eval: e=0.0356  p=[0.707 0.499 0.138 0.098 0.687 0.156 0.011 0.123 0.628 0.001]
   246          374        0.0355997         reflect
  eval: e=0.0354  p=[0.712 0.499 0.138 0.093 0.690 0.159 0.001 0.123 0.623 0.000]
  eval: e=0.2216  p=[0.707 0.501 0.139 0.098 0.690 0.154 0.000 0.123 0.629 0.000]
   247          376        0.0353872         reflect
  eval: e=0.0363  p=[0.709 0.500 0.138 0.095 0.687 0.158 0.005 0.123 0.630 0.000]
  eval: e=0.0358  p=[0.719 0.497 0.136 0.086 0.691 0.165 0.005 0.124 0.612 0.001]
   248          378        0.0353872         contract inside
  eval: e=0.0357  p=[0.707 0.497 0.138 0.097 0.687 0.157 0.010 0.125 0.628 0.001]
   249          379        0.0353872         reflect
  eval: e=0.0357  p=[0.715 0.497 0.137 0.091 0.693 0.159 0.000 0.124 0.616 0.001]
   250          380        0.0353872         reflect
  eval: e=0.0356  p=[0.705 0.497 0.138 0.100 0.689 0.152 0.008 0.124 0.629 0.000]
   251          381        0.0353872         reflect
  eval: e=0.0355  p=[0.702 0.500 0.139 0.103 0.687 0.152 0.003 0.123 0.634 0.001]
   252          382        0.0353872         reflect
  eval: e=0.1547  p=[0.707 0.498 0.138 0.100 0.692 0.152 0.000 0.124 0.624 0.001]
  eval: e=0.0356  p=[0.713 0.498 0.137 0.091 0.688 0.161 0.008 0.124 0.622 0.000]
   253          384        0.0353872         contract inside
  eval: e=0.0354  p=[0.701 0.499 0.139 0.104 0.688 0.150 0.004 0.124 0.635 0.000]
   254          385        0.0353872         reflect
  eval: e=0.0843  p=[0.712 0.500 0.138 0.094 0.692 0.157 0.000 0.123 0.621 0.000]
  eval: e=0.0356  p=[0.708 0.498 0.138 0.096 0.688 0.157 0.007 0.124 0.626 0.001]
   255          387        0.0353872         contract inside
  eval: e=0.0357  p=[0.703 0.500 0.139 0.100 0.685 0.155 0.009 0.123 0.636 0.000]
  eval: e=0.0355  p=[0.712 0.498 0.137 0.094 0.691 0.158 0.002 0.124 0.621 0.000]
   256          389        0.0353872         contract inside
  eval: e=0.0357  p=[0.693 0.499 0.140 0.111 0.684 0.145 0.007 0.124 0.643 0.001]
  eval: e=0.0355  p=[0.715 0.498 0.137 0.090 0.691 0.161 0.004 0.124 0.619 0.000]
   257          391        0.0353872         contract inside
  eval: e=0.0354  p=[0.701 0.499 0.139 0.103 0.686 0.152 0.009 0.123 0.637 0.000]
   258          392        0.0353872         reflect
  eval: e=0.0354  p=[0.701 0.499 0.139 0.105 0.689 0.149 0.002 0.124 0.634 0.001]
   259          393        0.0353872         reflect
  eval: e=0.0815  p=[0.705 0.499 0.138 0.099 0.690 0.152 0.000 0.124 0.630 0.000]
  eval: e=0.0355  p=[0.707 0.499 0.138 0.098 0.688 0.155 0.007 0.124 0.629 0.000]
   260          395        0.0353872         contract inside
  eval: e=0.0355  p=[0.708 0.501 0.139 0.097 0.687 0.157 0.001 0.123 0.629 0.000]
   261          396        0.0353872         reflect
  eval: e=0.0353  p=[0.710 0.499 0.138 0.096 0.690 0.157 0.006 0.123 0.627 0.000]
  eval: e=0.0351  p=[0.712 0.499 0.138 0.094 0.691 0.159 0.007 0.122 0.625 0.000]
   262          398        0.0351405         expand
  eval: e=0.0352  p=[0.706 0.500 0.139 0.100 0.689 0.153 0.001 0.123 0.631 0.000]
   263          399        0.0351405         reflect
  eval: e=0.0392  p=[0.707 0.500 0.138 0.098 0.690 0.155 0.000 0.123 0.629 0.000]
  eval: e=0.0355  p=[0.707 0.499 0.138 0.098 0.688 0.155 0.005 0.123 0.629 0.000]
   264          401        0.0351405         contract inside
  eval: e=0.0353  p=[0.701 0.501 0.140 0.104 0.687 0.152 0.005 0.122 0.639 0.000]
   265          402        0.0351405         reflect
  eval: e=0.0353  p=[0.704 0.499 0.138 0.101 0.690 0.151 0.008 0.123 0.632 0.000]
   266          403        0.0351405         reflect
  eval: e=0.0353  p=[0.694 0.501 0.141 0.111 0.686 0.145 0.005 0.122 0.645 0.000]
   267          404        0.0351405         reflect
  eval: e=0.0355  p=[0.706 0.499 0.138 0.100 0.690 0.153 0.007 0.123 0.631 0.000]
  eval: e=0.0354  p=[0.703 0.500 0.139 0.102 0.688 0.152 0.004 0.123 0.634 0.000]
   268          406        0.0351405         contract inside
  eval: e=0.0352  p=[0.700 0.500 0.140 0.105 0.688 0.149 0.004 0.122 0.638 0.000]
   269          407        0.0351405         reflect
  eval: e=0.0357  p=[0.706 0.501 0.139 0.099 0.688 0.156 0.008 0.122 0.633 0.000]
  eval: e=0.0354  p=[0.702 0.500 0.139 0.103 0.688 0.151 0.003 0.123 0.634 0.000]
   270          409        0.0351405         contract inside
  eval: e=0.0435  p=[0.706 0.500 0.139 0.100 0.691 0.153 0.000 0.122 0.630 0.000]
  eval: e=0.0354  p=[0.702 0.500 0.139 0.102 0.687 0.152 0.007 0.123 0.635 0.000]
   271          411        0.0351405         contract inside
  eval: e=0.0352  p=[0.706 0.501 0.139 0.100 0.689 0.154 0.005 0.122 0.632 0.000]
   272          412        0.0351405         reflect
  eval: e=0.0353  p=[0.694 0.501 0.140 0.111 0.687 0.145 0.009 0.122 0.646 0.000]
   273          413        0.0351405         reflect
  eval: e=0.0356  p=[0.701 0.500 0.139 0.104 0.689 0.150 0.007 0.122 0.637 0.000]
  eval: e=0.0353  p=[0.703 0.500 0.139 0.103 0.688 0.152 0.005 0.123 0.635 0.000]
   274          415        0.0351405         contract inside
  eval: e=0.0351  p=[0.702 0.501 0.139 0.104 0.689 0.150 0.004 0.122 0.636 0.000]
  eval: e=0.0350  p=[0.702 0.501 0.140 0.105 0.690 0.150 0.002 0.121 0.636 0.000]
   275          417        0.0350065         expand
  eval: e=0.0356  p=[0.702 0.501 0.139 0.103 0.689 0.151 0.007 0.121 0.638 0.000]
  eval: e=0.0353  p=[0.702 0.500 0.139 0.103 0.689 0.151 0.004 0.123 0.635 0.000]
   276          419        0.0350065         contract inside
  eval: e=0.0352  p=[0.700 0.502 0.140 0.106 0.687 0.151 0.002 0.121 0.640 0.000]
   277          420        0.0350065         reflect
  eval: e=0.0353  p=[0.711 0.500 0.138 0.095 0.691 0.158 0.003 0.122 0.626 0.000]
  eval: e=0.0352  p=[0.698 0.501 0.140 0.107 0.687 0.148 0.005 0.122 0.640 0.000]
   278          422        0.0350065         contract inside
  eval: e=0.0351  p=[0.704 0.500 0.139 0.103 0.691 0.151 0.004 0.122 0.633 0.000]
   279          423        0.0350065         reflect
  eval: e=0.0352  p=[0.702 0.501 0.139 0.104 0.690 0.151 0.004 0.121 0.636 0.000]
   280          424        0.0350065         reflect
  eval: e=0.0352  p=[0.703 0.501 0.139 0.104 0.690 0.151 0.004 0.121 0.637 0.000]
   281          425        0.0350065         reflect
  eval: e=0.0634  p=[0.713 0.501 0.138 0.094 0.692 0.158 0.000 0.122 0.624 0.000]
  eval: e=0.0352  p=[0.699 0.501 0.140 0.107 0.688 0.148 0.006 0.122 0.640 0.000]
   282          427        0.0350065         contract inside
  eval: e=0.0353  p=[0.709 0.501 0.138 0.098 0.691 0.155 0.003 0.121 0.629 0.000]
  eval: e=0.0352  p=[0.701 0.501 0.140 0.105 0.688 0.150 0.004 0.122 0.638 0.000]
   283          429        0.0350065         contract inside
  eval: e=0.0352  p=[0.704 0.500 0.139 0.102 0.689 0.152 0.004 0.123 0.633 0.000]
  eval: e=0.0351  p=[0.703 0.501 0.139 0.103 0.689 0.151 0.004 0.121 0.636 0.000]
   284          431        0.0350065         contract inside
  eval: e=0.0350  p=[0.700 0.501 0.140 0.106 0.689 0.149 0.007 0.121 0.640 0.000]
   285          432        0.0350065         reflect
  eval: e=0.0350  p=[0.706 0.501 0.139 0.101 0.690 0.153 0.005 0.121 0.633 0.000]
  eval: e=0.0349  p=[0.708 0.501 0.139 0.099 0.692 0.156 0.006 0.120 0.630 0.000]
   286          434        0.0348886         expand
  eval: e=0.0351  p=[0.705 0.501 0.139 0.101 0.689 0.153 0.006 0.122 0.633 0.000]
   287          435        0.0348886         reflect
  eval: e=0.0352  p=[0.708 0.499 0.138 0.099 0.692 0.154 0.009 0.121 0.628 0.000]
  eval: e=0.0351  p=[0.702 0.501 0.140 0.104 0.688 0.151 0.003 0.121 0.637 0.000]
   288          437        0.0348886         contract inside
  eval: e=0.0350  p=[0.701 0.501 0.140 0.106 0.690 0.150 0.005 0.121 0.638 0.000]
   289          438        0.0348886         reflect
  eval: e=0.0349  p=[0.706 0.501 0.139 0.101 0.691 0.154 0.006 0.120 0.632 0.000]
   290          439        0.0348886         reflect
  eval: e=0.0349  p=[0.710 0.501 0.138 0.097 0.692 0.156 0.004 0.120 0.628 0.000]
   291          440        0.0348886         reflect
  eval: e=0.0350  p=[0.696 0.503 0.141 0.111 0.689 0.145 0.002 0.120 0.644 0.000]
   292          441        0.0348886         reflect
  eval: e=0.0350  p=[0.702 0.501 0.140 0.106 0.691 0.149 0.003 0.120 0.637 0.000]
   293          442        0.0348886         reflect
  eval: e=0.0349  p=[0.702 0.502 0.140 0.105 0.690 0.151 0.005 0.119 0.639 0.000]
  eval: e=0.0349  p=[0.702 0.504 0.140 0.106 0.689 0.152 0.006 0.118 0.642 0.000]
   294          444        0.0348595         reflect
  eval: e=0.0348  p=[0.703 0.502 0.140 0.105 0.691 0.151 0.005 0.119 0.637 0.000]
  eval: e=0.0347  p=[0.703 0.502 0.140 0.106 0.692 0.150 0.005 0.118 0.637 0.000]
   295          446        0.0347181         expand
  eval: e=0.0348  p=[0.704 0.501 0.139 0.104 0.693 0.151 0.006 0.119 0.635 0.000]
   296          447        0.0347181         reflect
  eval: e=0.0349  p=[0.705 0.501 0.139 0.102 0.690 0.153 0.007 0.120 0.634 0.000]
   297          448        0.0347181         reflect
  eval: e=0.0348  p=[0.708 0.502 0.139 0.101 0.693 0.154 0.002 0.119 0.631 0.000]
   298          449        0.0347181         reflect
  eval: e=0.0347  p=[0.707 0.502 0.139 0.102 0.692 0.154 0.008 0.118 0.634 0.000]
  eval: e=0.0346  p=[0.709 0.502 0.139 0.101 0.693 0.157 0.010 0.117 0.632 0.000]
   299          451        0.0345586         expand
  eval: e=0.0346  p=[0.709 0.502 0.139 0.100 0.693 0.156 0.005 0.118 0.631 0.000]
   300          452        0.0345586         reflect
  eval: e=0.0347  p=[0.717 0.501 0.137 0.092 0.695 0.162 0.009 0.118 0.622 0.000]
   301          453        0.0345586         reflect
  eval: e=0.0346  p=[0.709 0.503 0.139 0.101 0.693 0.156 0.006 0.117 0.632 0.000]
   302          454        0.0345586         reflect
  eval: e=0.0345  p=[0.711 0.502 0.139 0.099 0.695 0.157 0.005 0.117 0.629 0.000]
  eval: e=0.0345  p=[0.714 0.503 0.139 0.097 0.697 0.158 0.004 0.116 0.626 0.000]
   303          456        0.0345312         reflect
  eval: e=0.0345  p=[0.706 0.503 0.140 0.104 0.693 0.154 0.008 0.116 0.636 0.000]
  eval: e=0.0343  p=[0.705 0.505 0.140 0.107 0.694 0.152 0.010 0.114 0.640 0.000]
   304          458        0.0342774         expand
  eval: e=0.0344  p=[0.707 0.503 0.140 0.104 0.695 0.154 0.007 0.116 0.635 0.000]
   305          459        0.0342774         reflect
  eval: e=0.0344  p=[0.714 0.502 0.138 0.098 0.697 0.158 0.008 0.115 0.626 0.000]
   306          460        0.0342774         reflect
  eval: e=0.0344  p=[0.714 0.503 0.139 0.097 0.695 0.160 0.008 0.115 0.628 0.000]
   307          461        0.0342774         reflect
  eval: e=0.0342  p=[0.712 0.503 0.139 0.100 0.696 0.159 0.013 0.114 0.631 0.000]
  eval: e=0.0340  p=[0.714 0.504 0.139 0.099 0.697 0.161 0.018 0.112 0.631 0.000]
   308          463        0.0339721         expand
  eval: e=0.0342  p=[0.719 0.503 0.138 0.094 0.697 0.164 0.012 0.113 0.624 0.000]
   309          464        0.0339721         reflect
  eval: e=0.0341  p=[0.705 0.505 0.141 0.108 0.695 0.153 0.009 0.113 0.639 0.000]
   310          465        0.0339721         reflect
  eval: e=0.0340  p=[0.712 0.504 0.139 0.102 0.697 0.158 0.014 0.112 0.633 0.000]
   311          466        0.0339721         reflect
  eval: e=0.0340  p=[0.713 0.504 0.139 0.101 0.698 0.159 0.014 0.111 0.632 0.000]
  eval: e=0.0337  p=[0.716 0.505 0.139 0.101 0.700 0.161 0.019 0.109 0.632 0.000]
   312          468        0.0336709         expand
  eval: e=0.0338  p=[0.714 0.505 0.139 0.101 0.699 0.159 0.012 0.110 0.631 0.000]
   313          469        0.0336709         reflect
  eval: e=0.0337  p=[0.713 0.506 0.140 0.103 0.699 0.159 0.018 0.108 0.635 0.000]
   314          470        0.0336709         reflect
  eval: e=0.0338  p=[0.710 0.507 0.140 0.105 0.696 0.158 0.017 0.109 0.640 0.000]
   315          471        0.0336709         reflect
  eval: e=0.0337  p=[0.709 0.506 0.140 0.107 0.699 0.155 0.019 0.108 0.640 0.000]
   316          472        0.0336709         reflect
  eval: e=0.0334  p=[0.716 0.507 0.140 0.102 0.700 0.162 0.023 0.106 0.634 0.000]
  eval: e=0.0330  p=[0.721 0.509 0.140 0.101 0.703 0.167 0.031 0.101 0.633 0.000]
   317          474        0.0330149         expand
  eval: e=0.0333  p=[0.722 0.506 0.139 0.096 0.702 0.167 0.023 0.105 0.628 0.000]
   318          475        0.0330149         reflect
  eval: e=0.0334  p=[0.708 0.508 0.141 0.111 0.700 0.156 0.024 0.104 0.644 0.000]
   319          476        0.0330149         reflect
  eval: e=0.0331  p=[0.723 0.507 0.139 0.097 0.703 0.168 0.030 0.103 0.630 0.000]
   320          477        0.0330149         reflect
  eval: e=0.0330  p=[0.718 0.508 0.140 0.103 0.702 0.164 0.028 0.102 0.636 0.000]
   321          478        0.0330149         reflect
  eval: e=0.0329  p=[0.716 0.510 0.141 0.106 0.704 0.162 0.026 0.100 0.638 0.000]
  eval: e=0.0326  p=[0.717 0.513 0.142 0.110 0.707 0.162 0.030 0.094 0.642 0.000]
   322          480        0.0325612         expand
  eval: e=0.0328  p=[0.717 0.510 0.141 0.106 0.703 0.164 0.036 0.098 0.641 0.000]
   323          481        0.0325612         reflect
  eval: e=0.0328  p=[0.723 0.509 0.140 0.102 0.707 0.166 0.035 0.098 0.633 0.000]
   324          482        0.0325612         reflect
  eval: e=0.0326  p=[0.722 0.510 0.140 0.104 0.707 0.167 0.037 0.096 0.637 0.000]
   325          483        0.0325612         reflect
  eval: e=0.0323  p=[0.729 0.511 0.140 0.099 0.708 0.173 0.039 0.094 0.631 0.000]
  eval: e=0.0317  p=[0.738 0.513 0.139 0.094 0.713 0.182 0.049 0.087 0.626 0.001]
   326          485        0.0317357         expand
  eval: e=0.0321  p=[0.726 0.513 0.141 0.104 0.710 0.172 0.046 0.089 0.638 0.000]
   327          486        0.0317357         reflect
  eval: e=0.0320  p=[0.737 0.512 0.139 0.092 0.712 0.180 0.045 0.091 0.624 0.000]
   328          487        0.0317357         reflect
  eval: e=0.0320  p=[0.726 0.514 0.141 0.106 0.711 0.171 0.050 0.087 0.640 0.000]
   329          488        0.0317357         reflect
  eval: e=0.0319  p=[0.727 0.516 0.141 0.107 0.712 0.171 0.048 0.085 0.640 0.000]
   330          489        0.0317357         reflect
  eval: e=0.0317  p=[0.733 0.515 0.141 0.103 0.714 0.177 0.053 0.083 0.635 0.000]
  eval: e=0.0312  p=[0.741 0.519 0.141 0.103 0.720 0.183 0.065 0.074 0.634 0.001]
   331          491        0.0312113         expand
  eval: e=0.0315  p=[0.734 0.517 0.141 0.105 0.718 0.177 0.058 0.079 0.638 0.001]
   332          492        0.0312113         reflect
  eval: e=0.0313  p=[0.741 0.517 0.140 0.100 0.720 0.182 0.056 0.077 0.629 0.000]
   333          493        0.0312113         reflect
  eval: e=0.0311  p=[0.739 0.520 0.141 0.103 0.719 0.183 0.062 0.074 0.637 0.000]
  eval: e=0.0305  p=[0.747 0.526 0.142 0.103 0.724 0.191 0.076 0.063 0.640 0.001]
   334          495        0.0305457         expand
  eval: e=0.0308  p=[0.745 0.522 0.141 0.101 0.722 0.187 0.068 0.069 0.633 0.001]
   335          496        0.0305457         reflect
  eval: e=0.0304  p=[0.755 0.521 0.140 0.093 0.725 0.197 0.082 0.066 0.627 0.001]
  eval: e=0.0296  p=[0.774 0.525 0.139 0.084 0.734 0.215 0.108 0.051 0.619 0.001]
   336          498        0.0295537         expand
  eval: e=0.0304  p=[0.756 0.523 0.140 0.095 0.728 0.196 0.079 0.064 0.627 0.001]
   337          499        0.0295537         reflect
  eval: e=0.0308  p=[0.749 0.527 0.143 0.107 0.729 0.191 0.086 0.057 0.641 0.001]
   338          500        0.0295537         reflect
  eval: e=0.0300  p=[0.764 0.526 0.141 0.094 0.733 0.204 0.089 0.055 0.625 0.001]
   339          501        0.0295537         reflect
  eval: e=0.0298  p=[0.771 0.527 0.140 0.090 0.737 0.210 0.099 0.050 0.622 0.001]
   340          502        0.0295537         reflect
  eval: e=0.0306  p=[0.766 0.532 0.142 0.102 0.740 0.205 0.108 0.041 0.636 0.001]
   341          503        0.0295537         reflect
  eval: e=0.0296  p=[0.777 0.532 0.141 0.091 0.740 0.216 0.110 0.041 0.624 0.001]
   342          504        0.0295537         reflect
  eval: e=0.0298  p=[0.777 0.534 0.142 0.095 0.741 0.218 0.121 0.035 0.631 0.001]
   343          505        0.0295537         reflect
  eval: e=0.0295  p=[0.784 0.536 0.141 0.090 0.745 0.224 0.124 0.031 0.626 0.001]
  eval: e=0.0298  p=[0.806 0.545 0.142 0.084 0.758 0.244 0.153 0.009 0.622 0.001]
   344          507        0.0295402         reflect
  eval: e=0.0297  p=[0.788 0.536 0.141 0.089 0.748 0.227 0.132 0.028 0.625 0.001]
   345          508        0.0295402         reflect
  eval: e=0.0289  p=[0.792 0.533 0.139 0.080 0.745 0.230 0.123 0.035 0.614 0.001]
  eval: e=0.0282  p=[0.813 0.536 0.138 0.066 0.753 0.250 0.141 0.024 0.600 0.001]
   346          510        0.0281897         expand
  eval: e=0.0292  p=[0.784 0.528 0.139 0.077 0.736 0.225 0.108 0.048 0.612 0.001]
   347          511        0.0281897         reflect
  eval: e=0.0286  p=[0.811 0.535 0.138 0.071 0.755 0.246 0.146 0.023 0.603 0.002]
   348          512        0.0281897         reflect
  eval: e=0.0289  p=[0.813 0.541 0.140 0.074 0.757 0.251 0.157 0.014 0.611 0.002]
   349          513        0.0281897         reflect
  eval: e=0.0286  p=[0.814 0.540 0.139 0.072 0.756 0.252 0.161 0.014 0.609 0.001]
   350          514        0.0281897         reflect
  eval: e=0.0283  p=[0.809 0.533 0.137 0.067 0.751 0.245 0.136 0.029 0.599 0.001]
   351          515        0.0281897         reflect
  eval: e=0.0283  p=[0.822 0.541 0.138 0.066 0.759 0.260 0.165 0.011 0.603 0.002]
   352          516        0.0281897         reflect
  eval: e=0.0282  p=[0.813 0.533 0.137 0.063 0.750 0.250 0.139 0.029 0.596 0.001]
  eval: e=0.0281  p=[0.825 0.532 0.135 0.049 0.750 0.262 0.143 0.030 0.582 0.002]
   353          518        0.0280639         expand
  eval: e=0.0275  p=[0.833 0.537 0.136 0.053 0.760 0.270 0.168 0.014 0.589 0.002]
  eval: e=0.0267  p=[0.862 0.540 0.133 0.033 0.770 0.297 0.197 0.000 0.572 0.002]
   354          520        0.0266596         expand
  eval: e=0.4820  p=[0.854 0.547 0.137 0.049 0.772 0.287 0.187 0.000 0.584 0.002]
  eval: e=0.0288  p=[0.794 0.531 0.138 0.076 0.744 0.233 0.128 0.037 0.610 0.001]
   355          522        0.0266596         contract inside
  eval: e=0.0271  p=[0.846 0.535 0.134 0.040 0.761 0.280 0.172 0.015 0.574 0.002]
   356          523        0.0266596         reflect
  eval: e=0.7052  p=[0.858 0.544 0.135 0.045 0.775 0.290 0.201 0.000 0.581 0.002]
  eval: e=0.0285  p=[0.803 0.532 0.138 0.069 0.746 0.241 0.131 0.034 0.604 0.001]
   357          525        0.0266596         contract inside
  eval: e=0.0279  p=[0.827 0.530 0.134 0.047 0.752 0.263 0.147 0.030 0.580 0.001]
   358          526        0.0266596         reflect
  eval: e=0.0270  p=[0.853 0.540 0.134 0.041 0.767 0.286 0.180 0.005 0.575 0.002]
   359          527        0.0266596         reflect
  eval: e=0.0276  p=[0.840 0.531 0.133 0.038 0.756 0.273 0.151 0.026 0.569 0.002]
   360          528        0.0266596         reflect
  eval: e=0.0277  p=[0.849 0.535 0.133 0.032 0.758 0.285 0.167 0.018 0.569 0.001]
   361          529        0.0266596         reflect
  eval: e=0.0267  p=[0.867 0.538 0.132 0.026 0.769 0.299 0.188 0.004 0.560 0.002]
   362          530        0.0266596         reflect
  eval: e=0.0268  p=[0.871 0.539 0.132 0.021 0.768 0.306 0.195 0.003 0.558 0.002]
   363          531        0.0266596         reflect
  eval: e=0.0278  p=[0.868 0.530 0.129 0.013 0.762 0.300 0.171 0.020 0.545 0.002]
   364          532        0.0266596         reflect
  eval: e=0.0271  p=[0.888 0.534 0.128 0.002 0.770 0.320 0.201 0.006 0.537 0.002]
   365          533        0.0266596         reflect
  eval: e=0.2123  p=[0.889 0.538 0.130 0.010 0.776 0.320 0.211 0.000 0.546 0.002]
  eval: e=0.0275  p=[0.841 0.533 0.134 0.039 0.757 0.276 0.160 0.021 0.573 0.002]
   366          535        0.0266596         contract inside
  eval: e=0.4103  p=[0.890 0.541 0.130 0.010 0.775 0.322 0.209 0.000 0.546 0.002]
  eval: e=0.0274  p=[0.843 0.533 0.133 0.038 0.758 0.277 0.163 0.021 0.572 0.002]
   367          537        0.0266596         contract inside
  eval: e=0.0274  p=[0.844 0.541 0.136 0.050 0.764 0.280 0.184 0.004 0.587 0.002]
   368          538        0.0266596         reflect
  eval: e=0.0267  p=[0.861 0.538 0.133 0.034 0.770 0.294 0.191 0.003 0.566 0.002]
   369          539        0.0266596         reflect
  eval: e=0.9088  p=[0.875 0.543 0.133 0.027 0.774 0.310 0.215 0.000 0.565 0.002]
  eval: e=0.0272  p=[0.849 0.534 0.133 0.035 0.761 0.282 0.167 0.017 0.568 0.002]
   370          541        0.0266596         contract inside
  eval: e=0.3437  p=[0.875 0.541 0.132 0.025 0.775 0.308 0.208 0.000 0.561 0.002]
  eval: e=0.0272  p=[0.850 0.535 0.133 0.036 0.761 0.284 0.172 0.014 0.570 0.002]
   371          543        0.0266596         contract inside
  eval: e=0.0272  p=[0.874 0.532 0.129 0.012 0.766 0.305 0.182 0.014 0.544 0.002]
   372          544        0.0266596         reflect
  eval: e=0.2343  p=[0.881 0.540 0.131 0.018 0.775 0.313 0.206 0.000 0.553 0.002]
  eval: e=0.0271  p=[0.852 0.535 0.133 0.033 0.762 0.286 0.174 0.014 0.567 0.002]
   373          546        0.0266596         contract inside
  eval: e=0.0274  p=[0.845 0.542 0.136 0.049 0.765 0.282 0.186 0.003 0.586 0.002]
  eval: e=0.0269  p=[0.867 0.534 0.131 0.021 0.766 0.299 0.183 0.011 0.554 0.002]
   374          548        0.0266596         contract inside
  eval: e=0.0582  p=[0.875 0.539 0.132 0.022 0.772 0.308 0.204 0.000 0.558 0.002]
  eval: e=0.0270  p=[0.855 0.535 0.133 0.032 0.764 0.289 0.176 0.012 0.566 0.002]
   375          550        0.0266596         contract inside
  eval: e=0.0264  p=[0.875 0.538 0.131 0.021 0.772 0.307 0.200 0.000 0.556 0.002]
  eval: e=0.4897  p=[0.887 0.540 0.130 0.014 0.777 0.319 0.214 0.000 0.549 0.002]
   376          552        0.0263816         reflect
  eval: e=0.1183  p=[0.885 0.539 0.130 0.013 0.774 0.316 0.205 0.000 0.548 0.002]
  eval: e=0.0269  p=[0.855 0.536 0.133 0.033 0.764 0.289 0.180 0.010 0.568 0.002]
   377          554        0.0263816         contract inside
  eval: e=0.0278  p=[0.836 0.541 0.137 0.057 0.765 0.270 0.172 0.007 0.591 0.002]
  eval: e=0.0268  p=[0.875 0.536 0.130 0.016 0.768 0.308 0.194 0.006 0.550 0.002]
   378          556        0.0263816         contract inside
  eval: e=0.1421  p=[0.876 0.540 0.132 0.023 0.773 0.308 0.203 0.000 0.558 0.002]
  eval: e=0.0269  p=[0.858 0.536 0.132 0.030 0.765 0.292 0.181 0.010 0.565 0.002]
   379          558        0.0263816         contract inside
  eval: e=0.0267  p=[0.877 0.534 0.130 0.013 0.768 0.310 0.197 0.007 0.548 0.002]
   380          559        0.0263816         reflect
  eval: e=0.0428  p=[0.879 0.538 0.131 0.018 0.773 0.311 0.205 0.000 0.554 0.002]
  eval: e=0.0268  p=[0.861 0.536 0.132 0.028 0.766 0.294 0.183 0.009 0.563 0.002]
   381          561        0.0263816         contract inside
  eval: e=0.0282  p=[0.865 0.540 0.133 0.030 0.770 0.300 0.199 0.000 0.567 0.002]
  eval: e=0.0268  p=[0.867 0.536 0.131 0.023 0.767 0.300 0.187 0.008 0.557 0.002]
   382          563        0.0263816         contract inside
  eval: e=0.0271  p=[0.879 0.538 0.131 0.016 0.772 0.312 0.202 0.000 0.552 0.002]
  eval: e=0.0268  p=[0.861 0.536 0.132 0.029 0.766 0.295 0.186 0.008 0.564 0.002]
   383          565        0.0263816         contract inside
  eval: e=0.0274  p=[0.877 0.538 0.131 0.019 0.772 0.310 0.203 0.000 0.554 0.002]
  eval: e=0.0268  p=[0.863 0.536 0.132 0.027 0.767 0.296 0.187 0.007 0.562 0.002]
   384          567        0.0263816         contract inside
  eval: e=0.0266  p=[0.862 0.535 0.132 0.029 0.769 0.294 0.187 0.007 0.562 0.002]
   385          568        0.0263816         reflect
  eval: e=0.0264  p=[0.873 0.537 0.131 0.022 0.771 0.305 0.199 0.001 0.557 0.002]
   386          569        0.0263816         reflect
  eval: e=0.0264  p=[0.875 0.537 0.131 0.020 0.772 0.307 0.200 0.001 0.555 0.002]
  eval: e=0.0677  p=[0.882 0.538 0.130 0.016 0.775 0.313 0.207 0.000 0.550 0.002]
   387          571        0.0263584         reflect
  eval: e=0.0266  p=[0.861 0.538 0.133 0.034 0.771 0.294 0.193 0.002 0.569 0.002]
   388          572        0.0263584         reflect
  eval: e=0.0472  p=[0.868 0.539 0.132 0.029 0.773 0.301 0.201 0.000 0.564 0.002]
  eval: e=0.0266  p=[0.867 0.536 0.132 0.025 0.768 0.300 0.190 0.006 0.559 0.002]
   389          574        0.0263584         contract inside
  eval: e=0.0375  p=[0.873 0.538 0.131 0.024 0.773 0.305 0.202 0.000 0.559 0.002]
  eval: e=0.0266  p=[0.865 0.537 0.132 0.027 0.768 0.299 0.190 0.005 0.561 0.002]
   390          576        0.0263584         contract inside
  eval: e=0.0367  p=[0.857 0.541 0.134 0.041 0.772 0.289 0.190 0.000 0.575 0.002]
  eval: e=0.0265  p=[0.872 0.536 0.131 0.020 0.769 0.305 0.196 0.005 0.555 0.002]
   391          578        0.0263584         contract inside
  eval: e=0.0265  p=[0.874 0.537 0.131 0.018 0.770 0.307 0.197 0.004 0.555 0.002]
   392          579        0.0263584         reflect
  eval: e=0.0263  p=[0.871 0.536 0.131 0.023 0.771 0.304 0.201 0.002 0.559 0.002]
  eval: e=0.0262  p=[0.872 0.535 0.131 0.021 0.772 0.306 0.208 0.002 0.559 0.003]
   393          581        0.0262337         expand
  eval: e=0.0266  p=[0.878 0.534 0.129 0.014 0.771 0.308 0.195 0.006 0.546 0.002]
   394          582        0.0262337         reflect
  eval: e=0.0267  p=[0.881 0.534 0.129 0.009 0.770 0.314 0.200 0.006 0.544 0.002]
  eval: e=0.0265  p=[0.866 0.537 0.132 0.028 0.770 0.299 0.195 0.003 0.563 0.002]
   395          584        0.0262337         contract inside
  eval: e=0.0315  p=[0.881 0.538 0.130 0.014 0.772 0.315 0.207 0.000 0.551 0.002]
  eval: e=0.0265  p=[0.867 0.536 0.131 0.025 0.770 0.299 0.192 0.005 0.559 0.002]
   396          586        0.0262337         contract inside
  eval: e=0.0263  p=[0.878 0.536 0.130 0.016 0.773 0.310 0.204 0.001 0.551 0.002]
   397          587        0.0262337         reflect
  eval: e=0.0335  p=[0.866 0.539 0.133 0.029 0.771 0.301 0.201 0.000 0.568 0.002]
  eval: e=0.0265  p=[0.875 0.535 0.130 0.018 0.771 0.306 0.197 0.005 0.551 0.002]
   398          589        0.0262337         contract inside
  eval: e=0.0272  p=[0.878 0.536 0.130 0.017 0.774 0.311 0.207 0.000 0.553 0.002]
  eval: e=0.0265  p=[0.870 0.536 0.131 0.023 0.770 0.303 0.195 0.004 0.558 0.002]
   399          591        0.0262337         contract inside
  eval: e=0.0263  p=[0.873 0.537 0.131 0.022 0.773 0.305 0.202 0.000 0.558 0.002]
   400          592        0.0262337         reflect
  eval: e=0.0383  p=[0.879 0.538 0.131 0.017 0.773 0.312 0.207 0.000 0.553 0.002]
  eval: e=0.0264  p=[0.870 0.536 0.131 0.023 0.771 0.302 0.196 0.004 0.558 0.002]
   401          594        0.0262337         contract inside
  eval: e=0.0264  p=[0.871 0.536 0.131 0.025 0.773 0.303 0.202 0.001 0.558 0.002]
   402          595        0.0262337         reflect
  eval: e=0.0304  p=[0.876 0.537 0.131 0.021 0.774 0.308 0.206 0.000 0.555 0.002]
  eval: e=0.0264  p=[0.871 0.537 0.131 0.022 0.771 0.304 0.197 0.003 0.557 0.002]
   403          597        0.0262337         contract inside
  eval: e=0.0262  p=[0.881 0.536 0.130 0.014 0.773 0.313 0.206 0.001 0.549 0.002]
   404          598        0.0262337         reflect
  eval: e=0.0584  p=[0.873 0.538 0.132 0.024 0.773 0.306 0.206 0.000 0.560 0.002]
  eval: e=0.0264  p=[0.874 0.536 0.131 0.019 0.771 0.306 0.199 0.003 0.554 0.002]
   405          600        0.0262337         contract inside
  eval: e=0.0366  p=[0.879 0.537 0.130 0.018 0.774 0.311 0.207 0.000 0.553 0.002]
  eval: e=0.0264  p=[0.872 0.536 0.131 0.022 0.771 0.305 0.199 0.003 0.557 0.002]
   406          602        0.0262337         contract inside
  eval: e=0.0276  p=[0.878 0.537 0.130 0.019 0.774 0.310 0.206 0.000 0.554 0.002]
  eval: e=0.0264  p=[0.873 0.537 0.131 0.021 0.771 0.305 0.200 0.002 0.556 0.002]
   407          604        0.0262337         contract inside
  eval: e=0.0264  p=[0.878 0.537 0.130 0.015 0.771 0.311 0.201 0.002 0.552 0.002]
  eval: e=0.0263  p=[0.873 0.537 0.131 0.023 0.772 0.305 0.202 0.001 0.557 0.002]
   408          606        0.0262337         contract inside
  eval: e=0.0289  p=[0.875 0.537 0.131 0.021 0.773 0.307 0.205 0.000 0.557 0.002]
  eval: e=0.0263  p=[0.874 0.536 0.131 0.020 0.772 0.307 0.200 0.002 0.554 0.002]
   409          608        0.0262337         contract inside
  eval: e=0.0262  p=[0.876 0.536 0.130 0.018 0.773 0.309 0.204 0.001 0.553 0.002]
   410          609        0.0262337         reflect
  eval: e=0.0263  p=[0.875 0.534 0.130 0.019 0.773 0.307 0.205 0.003 0.554 0.002]
   411          610        0.0262337         reflect
  eval: e=0.0262  p=[0.878 0.536 0.130 0.017 0.773 0.310 0.207 0.000 0.553 0.002]
  eval: e=0.0313  p=[0.881 0.535 0.130 0.015 0.774 0.313 0.212 0.000 0.551 0.003]
   412          612        0.0261834         reflect
  eval: e=0.0262  p=[0.878 0.535 0.130 0.017 0.774 0.311 0.208 0.000 0.553 0.002]
  eval: e=0.0284  p=[0.881 0.535 0.130 0.015 0.775 0.313 0.212 0.000 0.551 0.003]
   413          614        0.0261685         reflect
  eval: e=0.0262  p=[0.877 0.534 0.130 0.018 0.773 0.310 0.210 0.001 0.554 0.003]
   414          615        0.0261685         reflect
  eval: e=0.0261  p=[0.878 0.535 0.130 0.017 0.774 0.311 0.211 0.000 0.554 0.003]
  eval: e=0.0361  p=[0.880 0.534 0.130 0.016 0.775 0.313 0.216 0.000 0.553 0.003]
   415          617        0.0261354         reflect
  eval: e=0.0261  p=[0.881 0.534 0.130 0.014 0.774 0.313 0.211 0.001 0.551 0.003]
  eval: e=0.0260  p=[0.884 0.533 0.129 0.009 0.774 0.318 0.216 0.001 0.548 0.003]
   416          619        0.0260063         expand
  eval: e=0.0261  p=[0.882 0.533 0.129 0.011 0.774 0.315 0.214 0.002 0.548 0.003]
   417          620        0.0260063         reflect
  eval: e=0.0305  p=[0.882 0.535 0.130 0.013 0.774 0.315 0.213 0.000 0.550 0.003]
  eval: e=0.0262  p=[0.877 0.535 0.130 0.017 0.773 0.309 0.207 0.002 0.553 0.003]
   418          622        0.0260063         contract inside
  eval: e=0.0261  p=[0.879 0.533 0.130 0.016 0.774 0.312 0.214 0.001 0.553 0.003]
   419          623        0.0260063         reflect
  eval: e=0.0261  p=[0.876 0.533 0.130 0.018 0.774 0.310 0.214 0.001 0.556 0.003]
   420          624        0.0260063         reflect
  eval: e=0.0261  p=[0.880 0.533 0.129 0.014 0.774 0.314 0.217 0.001 0.552 0.003]
   421          625        0.0260063         reflect
  eval: e=0.0261  p=[0.885 0.533 0.129 0.009 0.776 0.317 0.216 0.000 0.546 0.003]
   422          626        0.0260063         reflect
  eval: e=0.0271  p=[0.883 0.533 0.129 0.012 0.775 0.316 0.219 0.000 0.550 0.003]
  eval: e=0.0262  p=[0.878 0.534 0.130 0.016 0.773 0.311 0.210 0.001 0.552 0.003]
   423          628        0.0260063         contract inside
  eval: e=0.0261  p=[0.882 0.532 0.129 0.012 0.775 0.315 0.219 0.001 0.550 0.003]
   424          629        0.0260063         reflect
  eval: e=0.0260  p=[0.883 0.533 0.129 0.010 0.775 0.317 0.218 0.000 0.549 0.003]
  eval: e=0.0259  p=[0.887 0.532 0.128 0.007 0.775 0.320 0.223 0.000 0.547 0.003]
   425          631        0.0259245         expand
  eval: e=0.0260  p=[0.884 0.531 0.128 0.009 0.775 0.318 0.223 0.001 0.549 0.003]
   426          632        0.0259245         reflect
  eval: e=0.0260  p=[0.885 0.531 0.128 0.008 0.775 0.319 0.223 0.000 0.548 0.003]
   427          633        0.0259245         reflect
  eval: e=0.0260  p=[0.889 0.532 0.128 0.005 0.775 0.322 0.221 0.000 0.543 0.003]
   428          634        0.0259245         reflect
  eval: e=0.0260  p=[0.889 0.530 0.127 0.003 0.775 0.323 0.227 0.001 0.543 0.003]
   429          635        0.0259245         reflect
  eval: e=0.0277  p=[0.886 0.531 0.128 0.007 0.776 0.320 0.225 0.000 0.548 0.003]
  eval: e=0.0261  p=[0.883 0.532 0.129 0.010 0.774 0.317 0.217 0.001 0.548 0.003]
   430          637        0.0259245         contract inside
  eval: e=0.0260  p=[0.891 0.530 0.127 0.001 0.776 0.325 0.226 0.001 0.541 0.003]
   431          638        0.0259245         reflect
  eval: e=0.0259  p=[0.886 0.530 0.128 0.006 0.774 0.321 0.227 0.001 0.548 0.003]
  eval: e=0.0258  p=[0.886 0.529 0.128 0.004 0.773 0.322 0.232 0.002 0.550 0.003]
   432          640        0.0258126         expand
  eval: e=0.0259  p=[0.888 0.530 0.128 0.004 0.776 0.323 0.228 0.001 0.546 0.003]
   433          641        0.0258126         reflect
  eval: e=0.0259  p=[0.891 0.530 0.127 0.001 0.775 0.326 0.228 0.000 0.543 0.003]
   434          642        0.0258126         reflect
  eval: e=0.1799  p=[0.895 0.529 0.126 0.000 0.776 0.330 0.232 0.001 0.539 0.003]
  eval: e=0.0260  p=[0.884 0.532 0.129 0.010 0.775 0.318 0.221 0.001 0.549 0.003]
   435          644        0.0258126         contract inside
  eval: e=0.0259  p=[0.890 0.528 0.127 0.001 0.776 0.325 0.234 0.001 0.544 0.004]
   436          645        0.0258126         reflect
  eval: e=0.0259  p=[0.886 0.529 0.128 0.005 0.775 0.322 0.232 0.001 0.549 0.003]
   437          646        0.0258126         reflect
  eval: e=0.0258  p=[0.891 0.529 0.127 0.000 0.776 0.327 0.232 0.000 0.543 0.003]
   438          647        0.0258126         reflect
  eval: e=0.0966  p=[0.893 0.528 0.126 0.000 0.776 0.329 0.236 0.001 0.542 0.003]
  eval: e=0.0259  p=[0.886 0.531 0.128 0.007 0.775 0.320 0.225 0.001 0.547 0.003]
   439          649        0.0258126         contract inside
  eval: e=0.0258  p=[0.887 0.530 0.128 0.005 0.775 0.322 0.230 0.000 0.549 0.003]
  eval: e=0.0290  p=[0.886 0.531 0.128 0.006 0.775 0.322 0.232 0.000 0.551 0.003]
   440          651        0.0257918         reflect
  eval: e=0.0454  p=[0.892 0.528 0.127 0.000 0.775 0.328 0.235 0.001 0.544 0.003]
  eval: e=0.0259  p=[0.887 0.531 0.128 0.006 0.775 0.321 0.226 0.001 0.547 0.003]
   441          653        0.0257918         contract inside
  eval: e=0.0258  p=[0.884 0.530 0.128 0.007 0.774 0.321 0.232 0.001 0.552 0.003]
   442          654        0.0257918         reflect
  eval: e=0.0258  p=[0.889 0.528 0.127 0.001 0.775 0.326 0.237 0.001 0.547 0.004]
  eval: e=0.0399  p=[0.890 0.525 0.126 0.000 0.774 0.328 0.245 0.002 0.548 0.004]
   443          656         0.025766         reflect
  eval: e=0.0257  p=[0.890 0.528 0.127 0.001 0.775 0.326 0.238 0.001 0.547 0.004]
  eval: e=0.0874  p=[0.892 0.526 0.126 0.000 0.775 0.330 0.244 0.001 0.546 0.004]
   444          658        0.0257237         reflect
  eval: e=0.0257  p=[0.890 0.528 0.127 0.000 0.775 0.327 0.239 0.001 0.547 0.004]
  eval: e=0.1181  p=[0.891 0.526 0.126 0.000 0.774 0.330 0.245 0.001 0.547 0.004]
   445          660        0.0257205         reflect
  eval: e=0.0257  p=[0.886 0.530 0.128 0.004 0.774 0.323 0.231 0.001 0.551 0.003]
   446          661        0.0257205         reflect
  eval: e=0.0257  p=[0.888 0.528 0.127 0.002 0.774 0.326 0.238 0.001 0.549 0.004]
  eval: e=0.0256  p=[0.888 0.527 0.127 0.000 0.773 0.327 0.243 0.002 0.551 0.004]
   447          663        0.0256091         expand
  eval: e=0.0257  p=[0.884 0.527 0.127 0.005 0.774 0.323 0.241 0.002 0.554 0.004]
   448          664        0.0256091         reflect
  eval: e=0.0256  p=[0.889 0.528 0.127 0.000 0.774 0.327 0.240 0.001 0.549 0.004]
   449          665        0.0256091         reflect
  eval: e=0.0257  p=[0.883 0.527 0.128 0.006 0.773 0.322 0.240 0.002 0.555 0.004]
   450          666        0.0256091         reflect
  eval: e=0.0256  p=[0.888 0.528 0.127 0.001 0.775 0.327 0.242 0.000 0.551 0.004]
  eval: e=0.0303  p=[0.890 0.527 0.127 0.000 0.775 0.329 0.248 0.000 0.551 0.004]
   451          668        0.0256067         reflect
  eval: e=0.0720  p=[0.890 0.526 0.127 0.000 0.774 0.329 0.244 0.002 0.548 0.004]
  eval: e=0.0257  p=[0.886 0.529 0.128 0.005 0.774 0.323 0.235 0.001 0.551 0.003]
   452          670        0.0256067         contract inside
  eval: e=0.0280  p=[0.888 0.525 0.127 0.000 0.773 0.328 0.247 0.002 0.552 0.004]
  eval: e=0.0257  p=[0.887 0.529 0.128 0.004 0.775 0.324 0.234 0.001 0.549 0.003]
   453          672        0.0256067         contract inside
  eval: e=0.0256  p=[0.885 0.528 0.128 0.004 0.773 0.324 0.239 0.001 0.553 0.004]
   454          673        0.0256067         reflect
  eval: e=0.0256  p=[0.888 0.527 0.127 0.000 0.774 0.327 0.242 0.001 0.550 0.004]
  eval: e=0.0616  p=[0.889 0.526 0.127 0.000 0.774 0.329 0.246 0.002 0.550 0.004]
   455          675        0.0255924         reflect
  eval: e=0.0256  p=[0.887 0.527 0.127 0.000 0.773 0.327 0.245 0.002 0.552 0.004]
  eval: e=0.0381  p=[0.887 0.525 0.127 0.000 0.773 0.329 0.250 0.002 0.553 0.004]
   456          677        0.0255692         reflect
  eval: e=0.0390  p=[0.891 0.529 0.127 0.000 0.774 0.329 0.239 0.000 0.547 0.003]
  eval: e=0.0257  p=[0.886 0.527 0.127 0.003 0.774 0.324 0.240 0.001 0.552 0.004]
   457          679        0.0255692         contract inside
  eval: e=0.0256  p=[0.884 0.527 0.128 0.003 0.772 0.325 0.243 0.002 0.555 0.004]
   458          680        0.0255692         reflect
  eval: e=0.0302  p=[0.888 0.525 0.127 0.000 0.773 0.329 0.251 0.001 0.552 0.004]
  eval: e=0.0257  p=[0.886 0.529 0.128 0.003 0.774 0.324 0.236 0.001 0.551 0.003]
   459          682        0.0255692         contract inside
  eval: e=0.0256  p=[0.883 0.527 0.128 0.004 0.772 0.324 0.244 0.001 0.557 0.004]
  eval: e=0.0256  p=[0.880 0.527 0.128 0.007 0.771 0.323 0.246 0.001 0.562 0.004]
   460          684        0.0255534         expand
  eval: e=0.0366  p=[0.890 0.528 0.127 0.000 0.774 0.329 0.243 0.001 0.550 0.004]
  eval: e=0.0256  p=[0.885 0.527 0.128 0.004 0.773 0.324 0.241 0.001 0.554 0.004]
   461          686        0.0255534         contract inside
  eval: e=0.0255  p=[0.886 0.528 0.127 0.002 0.773 0.327 0.243 0.001 0.554 0.004]
  eval: e=0.0255  p=[0.887 0.528 0.127 0.001 0.772 0.328 0.245 0.001 0.554 0.004]
   462          688        0.0254873         expand
  eval: e=0.0255  p=[0.886 0.526 0.127 0.001 0.772 0.327 0.249 0.001 0.555 0.004]
  eval: e=0.0254  p=[0.886 0.525 0.127 0.000 0.772 0.329 0.255 0.001 0.557 0.004]
   463          690        0.0254021         expand
  eval: e=0.0275  p=[0.888 0.527 0.127 0.000 0.773 0.329 0.247 0.001 0.553 0.004]
  eval: e=0.0256  p=[0.885 0.527 0.127 0.003 0.773 0.325 0.243 0.001 0.554 0.004]
   464          692        0.0254021         contract inside
  eval: e=0.0255  p=[0.883 0.526 0.128 0.004 0.772 0.325 0.249 0.002 0.559 0.004]
   465          693        0.0254021         reflect
  eval: e=0.0255  p=[0.886 0.526 0.127 0.000 0.772 0.328 0.251 0.002 0.556 0.004]
   466          694        0.0254021         reflect
  eval: e=0.0255  p=[0.883 0.527 0.128 0.004 0.772 0.325 0.249 0.001 0.560 0.004]
   467          695        0.0254021         reflect
  eval: e=0.0254  p=[0.882 0.526 0.128 0.003 0.770 0.326 0.251 0.002 0.561 0.004]
   468          696        0.0254021         reflect
  eval: e=0.0254  p=[0.884 0.526 0.127 0.002 0.771 0.327 0.253 0.002 0.560 0.004]
  eval: e=0.0253  p=[0.883 0.525 0.127 0.001 0.770 0.329 0.258 0.002 0.563 0.004]
   469          698        0.0253157         expand
  eval: e=0.0254  p=[0.880 0.526 0.128 0.004 0.770 0.326 0.256 0.002 0.565 0.004]
   470          699        0.0253157         reflect
  eval: e=0.0253  p=[0.883 0.525 0.127 0.001 0.770 0.328 0.258 0.001 0.562 0.004]
   471          700        0.0253157         reflect
  eval: e=0.0254  p=[0.879 0.526 0.128 0.004 0.769 0.326 0.259 0.001 0.568 0.004]
   472          701        0.0253157         reflect
  eval: e=0.0669  p=[0.886 0.525 0.127 0.000 0.771 0.331 0.260 0.002 0.559 0.004]
  eval: e=0.0255  p=[0.881 0.527 0.128 0.004 0.771 0.325 0.250 0.001 0.561 0.004]
   473          703        0.0253157         contract inside
  eval: e=0.0253  p=[0.883 0.526 0.128 0.001 0.770 0.329 0.257 0.001 0.562 0.004]
   474          704        0.0253157         reflect
  eval: e=0.0254  p=[0.878 0.524 0.128 0.004 0.769 0.327 0.264 0.002 0.569 0.005]
   475          705        0.0253157         reflect
  eval: e=0.0253  p=[0.883 0.524 0.127 0.000 0.770 0.330 0.262 0.002 0.563 0.004]
  eval: e=0.0581  p=[0.883 0.523 0.127 0.000 0.769 0.332 0.268 0.002 0.564 0.005]
   476          707        0.0252753         reflect
  eval: e=0.0253  p=[0.881 0.524 0.127 0.000 0.768 0.330 0.265 0.003 0.566 0.005]
  eval: e=0.0515  p=[0.880 0.522 0.127 0.000 0.766 0.332 0.274 0.003 0.569 0.005]
   477          709         0.025252         reflect
  eval: e=0.0253  p=[0.878 0.525 0.128 0.004 0.767 0.328 0.266 0.002 0.572 0.005]
   478          710         0.025252         reflect
  eval: e=0.0252  p=[0.881 0.524 0.127 0.001 0.769 0.330 0.269 0.001 0.568 0.005]
  eval: e=0.0251  p=[0.881 0.523 0.127 0.000 0.768 0.332 0.278 0.000 0.572 0.005]
   479          712        0.0251441         expand
  eval: e=0.0356  p=[0.883 0.523 0.127 0.000 0.769 0.332 0.269 0.002 0.565 0.005]
  eval: e=0.0254  p=[0.881 0.525 0.128 0.003 0.769 0.327 0.259 0.002 0.565 0.004]
   480          714        0.0251441         contract inside
  eval: e=0.0253  p=[0.876 0.524 0.128 0.004 0.766 0.328 0.270 0.002 0.575 0.005]
   481          715        0.0251441         reflect
  eval: e=0.0254  p=[0.883 0.526 0.128 0.000 0.769 0.331 0.262 0.001 0.565 0.004]
  eval: e=0.0253  p=[0.879 0.524 0.128 0.003 0.769 0.328 0.264 0.002 0.568 0.004]
   482          717        0.0251441         contract inside
  eval: e=0.0340  p=[0.882 0.523 0.127 0.000 0.769 0.332 0.269 0.002 0.566 0.005]
  eval: e=0.0253  p=[0.880 0.525 0.128 0.003 0.769 0.328 0.261 0.001 0.567 0.004]
   483          719        0.0251441         contract inside
  eval: e=0.0252  p=[0.881 0.524 0.127 0.001 0.768 0.331 0.269 0.002 0.569 0.005]
   484          720        0.0251441         reflect
  eval: e=0.0252  p=[0.878 0.523 0.128 0.002 0.767 0.330 0.272 0.002 0.573 0.005]
   485          721        0.0251441         reflect
  eval: e=0.0252  p=[0.881 0.524 0.128 0.000 0.768 0.331 0.268 0.001 0.568 0.005]
   486          722        0.0251441         reflect
  eval: e=0.0252  p=[0.877 0.522 0.128 0.002 0.767 0.330 0.277 0.002 0.575 0.005]
   487          723        0.0251441         reflect
  eval: e=0.0263  p=[0.880 0.523 0.127 0.000 0.767 0.332 0.276 0.002 0.572 0.005]
  eval: e=0.0253  p=[0.880 0.524 0.128 0.002 0.768 0.329 0.265 0.002 0.568 0.004]
   488          725        0.0251441         contract inside
  eval: e=0.0252  p=[0.876 0.522 0.128 0.002 0.765 0.331 0.281 0.002 0.578 0.005]
   489          726        0.0251441         reflect
  eval: e=0.0347  p=[0.881 0.523 0.127 0.000 0.768 0.333 0.276 0.002 0.570 0.005]
  eval: e=0.0253  p=[0.878 0.524 0.128 0.003 0.767 0.329 0.268 0.002 0.571 0.005]
   490          728        0.0251441         contract inside
  eval: e=0.0425  p=[0.883 0.523 0.127 0.000 0.769 0.332 0.271 0.001 0.565 0.005]
  eval: e=0.0252  p=[0.878 0.524 0.128 0.002 0.767 0.329 0.270 0.002 0.573 0.005]
   491          730        0.0251441         contract inside
  eval: e=0.0252  p=[0.875 0.523 0.128 0.003 0.765 0.331 0.281 0.002 0.579 0.005]
   492          731        0.0251441         reflect
  eval: e=0.0251  p=[0.878 0.522 0.128 0.001 0.766 0.332 0.281 0.002 0.576 0.005]
  eval: e=0.0251  p=[0.876 0.521 0.127 0.000 0.764 0.334 0.289 0.002 0.580 0.005]
   493          733        0.0251133         expand
  eval: e=0.0251  p=[0.879 0.522 0.127 0.000 0.766 0.333 0.282 0.002 0.575 0.005]
   494          734        0.0251133         reflect
  eval: e=0.0252  p=[0.875 0.522 0.128 0.002 0.765 0.332 0.288 0.000 0.583 0.005]
   495          735        0.0251133         reflect
  eval: e=0.0253  p=[0.878 0.522 0.127 0.000 0.766 0.334 0.286 0.001 0.578 0.005]
  eval: e=0.0252  p=[0.878 0.523 0.128 0.002 0.767 0.330 0.274 0.002 0.574 0.005]
   496          737        0.0251133         contract inside
  eval: e=0.0251  p=[0.878 0.522 0.127 0.000 0.766 0.333 0.285 0.001 0.578 0.005]
  eval: e=0.0279  p=[0.878 0.521 0.127 0.000 0.766 0.335 0.292 0.000 0.580 0.005]
   497          739        0.0251061         reflect
  eval: e=0.0311  p=[0.881 0.522 0.127 0.000 0.768 0.333 0.277 0.001 0.571 0.005]
  eval: e=0.0252  p=[0.877 0.523 0.128 0.002 0.766 0.331 0.280 0.001 0.577 0.005]
   498          741        0.0251061         contract inside
  eval: e=0.0251  p=[0.879 0.523 0.128 0.000 0.766 0.334 0.282 0.001 0.575 0.005]
   499          742        0.0251061         reflect
  eval: e=0.0265  p=[0.879 0.522 0.127 0.000 0.766 0.334 0.286 0.001 0.577 0.005]
  eval: e=0.0252  p=[0.878 0.523 0.128 0.001 0.767 0.331 0.277 0.001 0.575 0.005]
   500          744        0.0251061         contract inside
  eval: e=0.0251  p=[0.875 0.521 0.128 0.001 0.764 0.334 0.293 0.001 0.583 0.006]
   501          745        0.0251061         reflect
  eval: e=0.0252  p=[0.874 0.520 0.128 0.001 0.764 0.334 0.299 0.001 0.587 0.006]
   502          746        0.0251061         reflect
  eval: e=0.0264  p=[0.878 0.521 0.127 0.000 0.766 0.335 0.290 0.000 0.579 0.005]
  eval: e=0.0252  p=[0.877 0.522 0.128 0.001 0.766 0.332 0.283 0.001 0.578 0.005]
   503          748        0.0251061         contract inside
  eval: e=0.0304  p=[0.880 0.522 0.127 0.000 0.766 0.333 0.282 0.002 0.573 0.005]
  eval: e=0.0251  p=[0.876 0.522 0.128 0.001 0.765 0.333 0.286 0.001 0.580 0.005]
   504          750        0.0251061         contract inside
  eval: e=0.0252  p=[0.881 0.524 0.127 0.000 0.768 0.331 0.268 0.001 0.568 0.005]
  eval: e=0.0251  p=[0.876 0.521 0.128 0.001 0.765 0.333 0.291 0.001 0.582 0.005]
   505          752        0.0251061         contract inside
  eval: e=0.0268  p=[0.878 0.521 0.127 0.000 0.766 0.335 0.289 0.001 0.579 0.005]
  eval: e=0.0251  p=[0.877 0.522 0.128 0.001 0.766 0.332 0.282 0.001 0.578 0.005]
   506          754        0.0251061         contract inside
  eval: e=0.0251  p=[0.877 0.521 0.127 0.000 0.765 0.335 0.293 0.001 0.582 0.006]
  eval: e=0.0280  p=[0.876 0.520 0.127 0.000 0.764 0.337 0.301 0.000 0.585 0.006]
   507          756        0.0250835         reflect
  eval: e=0.0263  p=[0.878 0.521 0.127 0.000 0.766 0.335 0.289 0.001 0.579 0.005]
  eval: e=0.0251  p=[0.877 0.522 0.128 0.001 0.766 0.333 0.285 0.001 0.578 0.005]
   508          758        0.0250835         contract inside
  eval: e=0.0276  p=[0.879 0.522 0.127 0.000 0.766 0.334 0.286 0.001 0.576 0.005]
  eval: e=0.0251  p=[0.877 0.522 0.128 0.001 0.766 0.333 0.286 0.001 0.579 0.005]
   509          760        0.0250835         contract inside
  eval: e=0.0260  p=[0.878 0.521 0.127 0.000 0.766 0.335 0.290 0.001 0.579 0.005]
  eval: e=0.0251  p=[0.877 0.522 0.128 0.001 0.766 0.333 0.284 0.001 0.578 0.005]
   510          762        0.0250835         contract inside
  eval: e=0.0251  p=[0.873 0.520 0.128 0.001 0.762 0.334 0.296 0.002 0.587 0.006]
   511          763        0.0250835         reflect
  eval: e=0.0251  p=[0.875 0.521 0.128 0.001 0.764 0.334 0.295 0.000 0.585 0.006]
  eval: e=0.0251  p=[0.876 0.521 0.128 0.001 0.764 0.334 0.292 0.001 0.583 0.005]
   512          765        0.0250835         contract outside
  eval: e=0.0251  p=[0.878 0.522 0.128 0.000 0.765 0.334 0.286 0.001 0.579 0.005]
   513          766        0.0250835         reflect
  eval: e=0.0251  p=[0.876 0.521 0.128 0.000 0.764 0.335 0.293 0.001 0.582 0.005]
  eval: e=0.0275  p=[0.876 0.521 0.128 0.000 0.764 0.336 0.297 0.001 0.585 0.006]
   514          768        0.0250773         reflect
  eval: e=0.0255  p=[0.876 0.521 0.128 0.000 0.764 0.335 0.292 0.001 0.582 0.006]
  eval: e=0.0251  p=[0.877 0.522 0.128 0.001 0.765 0.333 0.288 0.001 0.580 0.005]
   515          770        0.0250773         contract inside
  eval: e=0.0252  p=[0.876 0.521 0.128 0.000 0.764 0.335 0.295 0.001 0.584 0.006]
  eval: e=0.0251  p=[0.877 0.522 0.128 0.001 0.765 0.333 0.287 0.001 0.579 0.005]
   516          772        0.0250773         contract inside
  eval: e=0.0265  p=[0.878 0.522 0.127 0.000 0.765 0.334 0.285 0.001 0.578 0.005]
  eval: e=0.0251  p=[0.876 0.521 0.128 0.001 0.765 0.334 0.291 0.001 0.582 0.005]
   517          774        0.0250773         contract inside
  eval: e=0.0252  p=[0.880 0.523 0.127 0.000 0.768 0.333 0.281 0.000 0.573 0.005]
  eval: e=0.0251  p=[0.875 0.521 0.128 0.001 0.764 0.334 0.292 0.001 0.583 0.005]
   518          776        0.0250773         contract inside
  eval: e=0.0264  p=[0.878 0.522 0.127 0.000 0.765 0.334 0.285 0.001 0.577 0.005]
  eval: e=0.0251  p=[0.876 0.521 0.128 0.001 0.765 0.334 0.290 0.001 0.581 0.005]
   519          778        0.0250773         contract inside
  eval: e=0.0251  p=[0.877 0.522 0.128 0.001 0.766 0.334 0.288 0.000 0.580 0.005]
   520          779        0.0250773         reflect
  eval: e=0.0251  p=[0.877 0.522 0.128 0.000 0.765 0.335 0.290 0.001 0.580 0.005]
   521          780        0.0250773         reflect
  eval: e=0.0251  p=[0.877 0.522 0.128 0.000 0.765 0.335 0.291 0.001 0.581 0.005]
  eval: e=0.0261  p=[0.877 0.521 0.128 0.000 0.764 0.336 0.293 0.000 0.582 0.006]
   522          782        0.0250764         reflect
  eval: e=0.0260  p=[0.877 0.521 0.127 0.000 0.764 0.334 0.290 0.002 0.581 0.005]
  eval: e=0.0251  p=[0.877 0.522 0.128 0.000 0.765 0.334 0.289 0.000 0.580 0.005]
   523          784        0.0250764         contract inside
  eval: e=0.0258  p=[0.878 0.522 0.127 0.000 0.765 0.334 0.287 0.001 0.579 0.005]
  eval: e=0.0251  p=[0.877 0.521 0.128 0.000 0.765 0.334 0.290 0.001 0.581 0.005]
   524          786        0.0250764         contract inside
  eval: e=0.0251  p=[0.874 0.520 0.128 0.001 0.763 0.335 0.298 0.001 0.586 0.006]
  eval: e=0.0251  p=[0.878 0.522 0.128 0.000 0.766 0.334 0.286 0.001 0.578 0.005]
   525          788        0.0250764         contract inside
  eval: e=0.0255  p=[0.878 0.522 0.128 0.000 0.765 0.335 0.289 0.001 0.580 0.005]
  eval: e=0.0251  p=[0.877 0.521 0.128 0.000 0.765 0.334 0.290 0.001 0.581 0.005]
   526          790        0.0250764         contract inside
  eval: e=0.0251  p=[0.876 0.521 0.128 0.000 0.763 0.335 0.295 0.001 0.584 0.006]
   527          791        0.0250764         reflect
  eval: e=0.0255  p=[0.878 0.522 0.128 0.000 0.766 0.335 0.288 0.000 0.578 0.005]
  eval: e=0.0251  p=[0.876 0.521 0.128 0.000 0.764 0.334 0.291 0.001 0.582 0.005]
   528          793        0.0250764         contract inside
  eval: e=0.0254  p=[0.876 0.521 0.128 0.000 0.764 0.335 0.292 0.001 0.582 0.005]
  eval: e=0.0251  p=[0.877 0.522 0.128 0.000 0.765 0.334 0.290 0.001 0.581 0.005]
   529          795        0.0250764         contract inside
  eval: e=0.0253  p=[0.877 0.522 0.128 0.000 0.765 0.335 0.291 0.001 0.581 0.005]
  eval: e=0.0251  p=[0.877 0.521 0.128 0.000 0.765 0.334 0.290 0.001 0.581 0.005]
   530          797        0.0250764         contract inside
  eval: e=0.0253  p=[0.877 0.522 0.128 0.000 0.765 0.335 0.291 0.001 0.581 0.005]
  eval: e=0.0251  p=[0.877 0.521 0.128 0.000 0.765 0.334 0.290 0.001 0.581 0.005]
   531          799        0.0250764         contract inside
  eval: e=0.0252  p=[0.878 0.522 0.128 0.000 0.765 0.335 0.289 0.000 0.580 0.005]
  eval: e=0.0251  p=[0.876 0.521 0.128 0.000 0.764 0.334 0.291 0.001 0.582 0.005]
   532          801        0.0250764         contract inside
  eval: e=0.0252  p=[0.877 0.521 0.128 0.000 0.764 0.335 0.291 0.001 0.581 0.005]
  eval: e=0.0251  p=[0.877 0.522 0.128 0.000 0.765 0.334 0.290 0.001 0.581 0.005]
   533          803        0.0250764         contract inside
  eval: e=0.0251  p=[0.876 0.521 0.128 0.000 0.764 0.335 0.296 0.000 0.584 0.006]
   534          804        0.0250764         reflect
  eval: e=0.0251  p=[0.877 0.521 0.128 0.000 0.764 0.335 0.292 0.001 0.582 0.005]
  eval: e=0.0251  p=[0.877 0.521 0.128 0.000 0.765 0.335 0.291 0.001 0.581 0.005]
   535          806        0.0250764         contract inside
  eval: e=0.0251  p=[0.877 0.521 0.128 0.000 0.764 0.335 0.293 0.001 0.582 0.006]
   536          807        0.0250764         reflect
  eval: e=0.0251  p=[0.875 0.520 0.128 0.000 0.763 0.336 0.298 0.001 0.586 0.006]
   537          808        0.0250764         reflect
  eval: e=0.0251  p=[0.876 0.521 0.128 0.000 0.764 0.336 0.295 0.000 0.583 0.006]
  eval: e=0.0251  p=[0.876 0.521 0.128 0.000 0.764 0.335 0.292 0.001 0.582 0.005]
   538          810        0.0250764         contract inside
  eval: e=0.0251  p=[0.876 0.521 0.128 0.000 0.764 0.336 0.296 0.001 0.584 0.006]
  eval: e=0.0251  p=[0.877 0.521 0.128 0.000 0.765 0.335 0.291 0.001 0.582 0.005]
   539          812        0.0250764         contract inside
  eval: e=0.0251  p=[0.876 0.521 0.128 0.000 0.764 0.336 0.295 0.001 0.584 0.006]
  eval: e=0.0251  p=[0.877 0.521 0.128 0.000 0.765 0.335 0.292 0.001 0.582 0.005]
   540          814        0.0250764         contract inside
  eval: e=0.0251  p=[0.877 0.522 0.128 0.000 0.764 0.335 0.290 0.001 0.581 0.005]
  eval: e=0.0251  p=[0.876 0.521 0.128 0.000 0.764 0.335 0.294 0.001 0.583 0.006]
   541          816        0.0250764         contract inside
  eval: e=0.0251  p=[0.876 0.521 0.128 0.000 0.764 0.335 0.294 0.001 0.583 0.006]
   542          817        0.0250764         reflect
  eval: e=0.0251  p=[0.878 0.522 0.128 0.000 0.765 0.334 0.287 0.001 0.579 0.005]
   543          818        0.0250764         reflect
  eval: e=0.0251  p=[0.878 0.521 0.127 0.000 0.766 0.334 0.289 0.001 0.579 0.005]
  eval: e=0.0251  p=[0.876 0.521 0.128 0.000 0.764 0.335 0.293 0.001 0.583 0.006]
   544          820        0.0250764         contract inside
  eval: e=0.0251  p=[0.877 0.522 0.128 0.000 0.764 0.335 0.291 0.001 0.582 0.005]
  eval: e=0.0251  p=[0.877 0.521 0.128 0.000 0.765 0.335 0.292 0.001 0.582 0.006]
   545          822        0.0250764         contract inside
  eval: e=0.0251  p=[0.877 0.521 0.128 0.000 0.765 0.335 0.291 0.001 0.581 0.005]
  eval: e=0.0251  p=[0.877 0.521 0.128 0.000 0.765 0.335 0.292 0.001 0.582 0.005]
   546          824        0.0250757         contract inside
  eval: e=0.0251  p=[0.877 0.521 0.128 0.000 0.765 0.335 0.292 0.001 0.582 0.005]
  eval: e=0.0251  p=[0.877 0.521 0.128 0.000 0.765 0.335 0.292 0.001 0.582 0.005]
   547          826        0.0250757         contract inside
  eval: e=0.0251  p=[0.875 0.521 0.128 0.000 0.764 0.336 0.298 0.001 0.585 0.006]
  eval: e=0.0251  p=[0.877 0.522 0.128 0.000 0.765 0.335 0.290 0.001 0.580 0.005]
   548          828        0.0250757         contract inside
  eval: e=0.0251  p=[0.877 0.521 0.128 0.000 0.765 0.335 0.292 0.001 0.582 0.005]
  eval: e=0.0251  p=[0.877 0.521 0.128 0.000 0.765 0.335 0.292 0.001 0.582 0.005]
   549          830        0.0250757         contract inside
  eval: e=0.0251  p=[0.877 0.522 0.128 0.000 0.765 0.335 0.289 0.001 0.580 0.005]
  eval: e=0.0251  p=[0.876 0.521 0.128 0.000 0.764 0.335 0.293 0.001 0.582 0.006]
   550          832        0.0250757         contract inside
  eval: e=0.0251  p=[0.877 0.521 0.128 0.000 0.764 0.335 0.292 0.001 0.582 0.005]
  eval: e=0.0251  p=[0.877 0.521 0.128 0.000 0.765 0.335 0.292 0.001 0.582 0.005]
   551          834        0.0250757         contract inside
  eval: e=0.0251  p=[0.877 0.521 0.128 0.000 0.765 0.335 0.292 0.001 0.582 0.005]
  eval: e=0.0251  p=[0.877 0.521 0.128 0.000 0.765 0.335 0.292 0.001 0.582 0.005]
   552          836        0.0250757         contract inside
  eval: e=0.0251  p=[0.877 0.522 0.128 0.000 0.765 0.334 0.289 0.001 0.580 0.005]
  eval: e=0.0251  p=[0.877 0.521 0.128 0.000 0.764 0.335 0.293 0.001 0.582 0.006]
   553          838        0.0250754         contract inside
  eval: e=0.0251  p=[0.877 0.521 0.128 0.000 0.765 0.335 0.290 0.001 0.580 0.005]
   554          839        0.0250754         reflect
  eval: e=0.0251  p=[0.876 0.521 0.128 0.000 0.764 0.335 0.294 0.001 0.583 0.006]
   555          840        0.0250754         reflect
  eval: e=0.0251  p=[0.877 0.521 0.128 0.000 0.765 0.335 0.291 0.001 0.581 0.005]
  eval: e=0.0251  p=[0.877 0.521 0.128 0.000 0.765 0.335 0.292 0.001 0.582 0.006]
   556          842        0.0250754         contract inside
  eval: e=0.0251  p=[0.877 0.522 0.128 0.000 0.764 0.335 0.291 0.001 0.582 0.005]
   557          843        0.0250754         reflect
  eval: e=0.0251  p=[0.876 0.521 0.128 0.000 0.764 0.335 0.295 0.001 0.583 0.006]
   558          844        0.0250754         reflect
  eval: e=0.0251  p=[0.877 0.521 0.128 0.000 0.764 0.335 0.293 0.001 0.582 0.006]
  eval: e=0.0251  p=[0.877 0.521 0.128 0.000 0.765 0.335 0.292 0.001 0.582 0.005]
   559          846        0.0250754         contract inside
  eval: e=0.0251  p=[0.876 0.521 0.128 0.000 0.764 0.335 0.295 0.001 0.584 0.006]
  eval: e=0.0251  p=[0.877 0.521 0.128 0.000 0.765 0.335 0.291 0.001 0.581 0.005]
   560          848        0.0250754         contract inside
  eval: e=0.0251  p=[0.876 0.521 0.128 0.000 0.764 0.335 0.293 0.001 0.582 0.006]
  eval: e=0.0251  p=[0.877 0.521 0.128 0.000 0.765 0.335 0.292 0.001 0.582 0.005]
   561          850        0.0250754         contract inside
  eval: e=0.0251  p=[0.877 0.521 0.128 0.000 0.764 0.335 0.292 0.001 0.582 0.005]
  eval: e=0.0251  p=[0.877 0.521 0.128 0.000 0.765 0.335 0.292 0.001 0.582 0.005]
   562          852        0.0250754         contract inside
  eval: e=0.0251  p=[0.876 0.521 0.128 0.000 0.764 0.335 0.293 0.001 0.582 0.006]
  eval: e=0.0251  p=[0.877 0.521 0.128 0.000 0.764 0.335 0.293 0.001 0.582 0.006]
   563          854        0.0250754         contract outside
  eval: e=0.0251  p=[0.876 0.521 0.128 0.000 0.764 0.335 0.293 0.001 0.582 0.006]
  eval: e=0.0251  p=[0.877 0.521 0.128 0.000 0.764 0.335 0.292 0.001 0.582 0.005]
   564          856        0.0250754         contract inside
  eval: e=0.0251  p=[0.876 0.521 0.128 0.000 0.764 0.335 0.294 0.001 0.583 0.006]
  eval: e=0.0251  p=[0.877 0.521 0.128 0.000 0.764 0.335 0.292 0.001 0.582 0.005]
   565          858        0.0250754         contract inside
  eval: e=0.0251  p=[0.877 0.521 0.128 0.000 0.765 0.335 0.292 0.000 0.582 0.005]
  eval: e=0.0251  p=[0.877 0.522 0.128 0.000 0.765 0.335 0.292 0.000 0.581 0.005]
   566          860        0.0250745         expand
  eval: e=0.0251  p=[0.877 0.521 0.128 0.000 0.765 0.335 0.293 0.000 0.582 0.006]
   567          861        0.0250745         reflect
  eval: e=0.0251  p=[0.877 0.522 0.128 0.000 0.765 0.335 0.291 0.001 0.581 0.005]
  eval: e=0.0251  p=[0.877 0.521 0.128 0.000 0.764 0.335 0.293 0.001 0.582 0.006]
   568          863        0.0250745         contract inside
  eval: e=0.0251  p=[0.876 0.521 0.128 0.000 0.764 0.335 0.294 0.000 0.583 0.006]
   569          864        0.0250745         reflect
  eval: e=0.0251  p=[0.877 0.521 0.128 0.000 0.765 0.335 0.293 0.000 0.582 0.006]
  eval: e=0.0251  p=[0.877 0.521 0.128 0.000 0.765 0.335 0.294 0.000 0.582 0.006]
   570          866        0.0250741         reflect
  eval: e=0.0251  p=[0.877 0.522 0.128 0.000 0.765 0.335 0.291 0.000 0.581 0.005]
   571          867        0.0250741         reflect
  eval: e=0.0251  p=[0.876 0.521 0.128 0.000 0.764 0.335 0.294 0.000 0.583 0.006]
   572          868        0.0250741         reflect
  eval: e=0.0251  p=[0.877 0.521 0.128 0.000 0.765 0.335 0.294 0.000 0.582 0.006]
   573          869        0.0250741         reflect
  eval: e=0.0251  p=[0.877 0.521 0.128 0.000 0.765 0.335 0.292 0.000 0.582 0.005]
  eval: e=0.0251  p=[0.877 0.522 0.128 0.000 0.765 0.335 0.292 0.000 0.581 0.005]
   574          871        0.0250725         expand
  eval: e=0.0251  p=[0.877 0.521 0.128 0.000 0.765 0.335 0.293 0.000 0.582 0.006]
   575          872        0.0250725         reflect
  eval: e=0.0251  p=[0.877 0.521 0.128 0.000 0.765 0.335 0.293 0.000 0.582 0.006]
  eval: e=0.0257  p=[0.877 0.522 0.128 0.000 0.765 0.336 0.293 0.000 0.582 0.006]
   576          874        0.0250724         reflect
  eval: e=0.0251  p=[0.877 0.522 0.128 0.000 0.765 0.335 0.293 0.000 0.582 0.006]
  eval: e=0.0251  p=[0.877 0.521 0.128 0.000 0.765 0.335 0.293 0.000 0.582 0.006]
   577          876        0.0250724         contract inside
  eval: e=0.0251  p=[0.877 0.521 0.128 0.000 0.765 0.335 0.293 0.000 0.582 0.006]
   578          877        0.0250724         reflect
  eval: e=0.0251  p=[0.877 0.522 0.128 0.000 0.765 0.335 0.292 0.000 0.581 0.005]
  eval: e=0.0252  p=[0.878 0.522 0.128 0.000 0.765 0.335 0.290 0.000 0.580 0.005]
   579          879        0.0250722         reflect
  eval: e=0.0251  p=[0.878 0.522 0.128 0.000 0.765 0.335 0.291 0.000 0.580 0.005]
  eval: e=0.0251  p=[0.877 0.521 0.128 0.000 0.765 0.335 0.293 0.000 0.582 0.006]
   580          881        0.0250722         contract inside
  eval: e=0.0251  p=[0.877 0.521 0.128 0.000 0.765 0.336 0.295 0.000 0.583 0.006]
   581          882        0.0250722         reflect
  eval: e=0.0252  p=[0.877 0.522 0.128 0.000 0.765 0.336 0.293 0.000 0.582 0.006]
  eval: e=0.0251  p=[0.877 0.521 0.128 0.000 0.765 0.335 0.293 0.000 0.582 0.006]
   582          884        0.0250722         contract inside
  eval: e=0.0251  p=[0.877 0.521 0.128 0.000 0.764 0.335 0.294 0.000 0.583 0.006]
  eval: e=0.0251  p=[0.877 0.521 0.128 0.000 0.765 0.335 0.293 0.000 0.582 0.006]
   583          886        0.0250722         contract inside
  eval: e=0.0251  p=[0.877 0.522 0.128 0.000 0.765 0.335 0.293 0.000 0.582 0.005]
  eval: e=0.0251  p=[0.877 0.522 0.128 0.000 0.765 0.335 0.292 0.000 0.581 0.005]
   584          888        0.0250722         reflect
  eval: e=0.0252  p=[0.877 0.522 0.128 0.000 0.765 0.336 0.293 0.000 0.581 0.006]
  eval: e=0.0251  p=[0.877 0.521 0.128 0.000 0.765 0.335 0.293 0.000 0.582 0.006]
   585          890        0.0250722         contract inside
  eval: e=0.0251  p=[0.877 0.522 0.128 0.000 0.765 0.335 0.293 0.000 0.581 0.006]
  eval: e=0.0251  p=[0.877 0.521 0.128 0.000 0.765 0.335 0.293 0.000 0.582 0.006]
   586          892        0.0250722         contract inside
  eval: e=0.0251  p=[0.877 0.522 0.128 0.000 0.765 0.335 0.293 0.000 0.582 0.006]
  eval: e=0.0251  p=[0.877 0.521 0.128 0.000 0.765 0.335 0.293 0.000 0.582 0.006]
   587          894        0.0250722         contract inside
  eval: e=0.0251  p=[0.877 0.521 0.128 0.000 0.765 0.335 0.293 0.000 0.582 0.006]
  eval: e=0.0251  p=[0.877 0.521 0.128 0.000 0.764 0.336 0.294 0.000 0.582 0.006]
   588          896         0.025072         reflect
  eval: e=0.0251  p=[0.877 0.522 0.128 0.000 0.765 0.335 0.291 0.000 0.581 0.005]
  eval: e=0.0251  p=[0.877 0.521 0.128 0.000 0.765 0.336 0.294 0.000 0.582 0.006]
   589          898         0.025072         contract inside
  eval: e=0.0251  p=[0.877 0.522 0.128 0.000 0.765 0.335 0.293 0.000 0.582 0.006]
  eval: e=0.0251  p=[0.877 0.522 0.128 0.000 0.765 0.335 0.293 0.000 0.581 0.006]
   590          900        0.0250717         reflect
  eval: e=0.0251  p=[0.877 0.522 0.128 0.000 0.765 0.335 0.293 0.000 0.581 0.006]
  eval: e=0.0251  p=[0.877 0.521 0.128 0.000 0.765 0.335 0.293 0.000 0.582 0.006]
   591          902        0.0250717         contract inside
  eval: e=0.0251  p=[0.877 0.522 0.128 0.000 0.765 0.335 0.293 0.000 0.582 0.006]
   592          903        0.0250717         reflect
  eval: e=0.0251  p=[0.877 0.522 0.128 0.000 0.765 0.335 0.293 0.000 0.582 0.005]
  eval: e=0.0251  p=[0.877 0.522 0.128 0.000 0.765 0.335 0.293 0.000 0.582 0.006]
   593          905        0.0250717         contract inside
  eval: e=0.0251  p=[0.877 0.522 0.128 0.000 0.765 0.335 0.292 0.000 0.581 0.005]
  eval: e=0.0251  p=[0.878 0.522 0.128 0.000 0.765 0.335 0.292 0.000 0.581 0.005]
   594          907        0.0250716         reflect
  eval: e=0.0251  p=[0.877 0.522 0.128 0.000 0.765 0.335 0.293 0.000 0.581 0.005]
  eval: e=0.0251  p=[0.877 0.522 0.128 0.000 0.765 0.335 0.293 0.000 0.582 0.006]
   595          909        0.0250716         contract inside
  eval: e=0.0251  p=[0.878 0.522 0.128 0.000 0.765 0.335 0.291 0.000 0.581 0.005]
   596          910        0.0250716         reflect
  eval: e=0.0251  p=[0.877 0.522 0.128 0.000 0.765 0.335 0.292 0.000 0.581 0.005]
  eval: e=0.0251  p=[0.877 0.522 0.128 0.000 0.765 0.335 0.293 0.000 0.582 0.006]
   597          912        0.0250716         contract inside
  eval: e=0.0251  p=[0.877 0.522 0.128 0.000 0.765 0.335 0.293 0.000 0.582 0.006]
  eval: e=0.0251  p=[0.877 0.522 0.128 0.000 0.765 0.335 0.292 0.000 0.581 0.005]
   598          914        0.0250716         contract inside
  eval: e=0.0251  p=[0.877 0.522 0.128 0.000 0.765 0.335 0.292 0.000 0.581 0.005]
  eval: e=0.0251  p=[0.877 0.522 0.128 0.000 0.765 0.335 0.293 0.000 0.582 0.006]
   599          916        0.0250716         contract inside
  eval: e=0.0251  p=[0.877 0.522 0.128 0.000 0.765 0.335 0.292 0.000 0.581 0.005]
  eval: e=0.0251  p=[0.877 0.522 0.128 0.000 0.765 0.335 0.293 0.000 0.582 0.006]
   600          918        0.0250716         contract inside
  eval: e=0.0251  p=[0.877 0.521 0.128 0.000 0.765 0.336 0.294 0.000 0.582 0.006]
   601          919        0.0250716         reflect
  eval: e=0.0251  p=[0.877 0.522 0.128 0.000 0.765 0.335 0.292 0.000 0.582 0.005]
  eval: e=0.0251  p=[0.877 0.522 0.128 0.000 0.765 0.335 0.293 0.000 0.582 0.006]
   602          921        0.0250716         contract inside
  eval: e=0.0251  p=[0.877 0.522 0.128 0.000 0.765 0.335 0.293 0.000 0.582 0.006]
  eval: e=0.0251  p=[0.877 0.522 0.128 0.000 0.765 0.335 0.293 0.000 0.581 0.006]
   603          923        0.0250712         expand
  eval: e=0.0251  p=[0.877 0.522 0.128 0.000 0.765 0.335 0.293 0.000 0.581 0.005]
   604          924        0.0250712         reflect
  eval: e=0.0251  p=[0.877 0.522 0.128 0.000 0.765 0.335 0.293 0.000 0.581 0.006]
  eval: e=0.0251  p=[0.877 0.522 0.128 0.000 0.765 0.335 0.293 0.000 0.581 0.006]
   605          926        0.0250711         reflect
  eval: e=0.0251  p=[0.877 0.522 0.128 0.000 0.765 0.335 0.292 0.000 0.581 0.005]
   606          927        0.0250711         reflect
  eval: e=0.0251  p=[0.878 0.522 0.128 0.000 0.765 0.335 0.292 0.000 0.581 0.005]
  eval: e=0.0251  p=[0.877 0.522 0.128 0.000 0.765 0.335 0.293 0.000 0.582 0.006]
   607          929        0.0250711         contract inside
  eval: e=0.0251  p=[0.877 0.521 0.128 0.000 0.765 0.336 0.294 0.000 0.582 0.006]
   608          930        0.0250711         reflect
  eval: e=0.0251  p=[0.877 0.522 0.128 0.000 0.765 0.336 0.293 0.000 0.582 0.006]
  eval: e=0.0251  p=[0.877 0.522 0.128 0.000 0.765 0.335 0.293 0.000 0.582 0.006]
   609          932        0.0250711         contract inside
  eval: e=0.0251  p=[0.877 0.521 0.128 0.000 0.765 0.335 0.293 0.000 0.582 0.006]
  eval: e=0.0251  p=[0.877 0.522 0.128 0.000 0.765 0.335 0.293 0.000 0.582 0.006]
   610          934        0.0250711         contract inside
  eval: e=0.0251  p=[0.877 0.522 0.128 0.000 0.765 0.335 0.292 0.000 0.581 0.005]
   611          935        0.0250711         reflect
  eval: e=0.0251  p=[0.877 0.522 0.128 0.000 0.765 0.335 0.293 0.000 0.582 0.006]
  eval: e=0.0251  p=[0.877 0.522 0.128 0.000 0.765 0.335 0.293 0.000 0.582 0.006]
   612          937        0.0250711         reflect
  eval: e=0.0251  p=[0.877 0.522 0.128 0.000 0.765 0.335 0.293 0.000 0.582 0.006]
  eval: e=0.0251  p=[0.877 0.522 0.128 0.000 0.765 0.336 0.293 0.000 0.582 0.006]
   613          939        0.0250709         reflect
  eval: e=0.0251  p=[0.877 0.522 0.128 0.000 0.765 0.335 0.293 0.000 0.582 0.006]
  eval: e=0.0251  p=[0.877 0.522 0.128 0.000 0.765 0.335 0.293 0.000 0.581 0.006]
   614          941        0.0250708         reflect
  eval: e=0.0251  p=[0.877 0.522 0.128 0.000 0.765 0.335 0.293 0.000 0.581 0.006]
  eval: e=0.0251  p=[0.877 0.522 0.128 0.000 0.765 0.335 0.293 0.000 0.582 0.006]
   615          943        0.0250708         contract inside
  eval: e=0.0251  p=[0.877 0.521 0.128 0.000 0.765 0.335 0.293 0.000 0.582 0.006]
  eval: e=0.0251  p=[0.877 0.522 0.128 0.000 0.765 0.335 0.293 0.000 0.582 0.006]
   616          945        0.0250708         contract outside
  eval: e=0.0251  p=[0.878 0.522 0.128 0.000 0.765 0.335 0.291 0.000 0.581 0.005]
  eval: e=0.0251  p=[0.877 0.521 0.128 0.000 0.765 0.336 0.293 0.000 0.582 0.006]
   617          947        0.0250708         contract inside
  eval: e=0.0251  p=[0.877 0.522 0.128 0.000 0.765 0.336 0.294 0.000 0.582 0.006]
   618          948        0.0250708         reflect
  eval: e=0.0251  p=[0.877 0.522 0.128 0.000 0.765 0.336 0.293 0.000 0.582 0.006]
   619          949        0.0250708         reflect
  eval: e=0.0251  p=[0.877 0.522 0.128 0.000 0.765 0.336 0.293 0.000 0.582 0.006]
  eval: e=0.0251  p=[0.877 0.522 0.128 0.000 0.765 0.336 0.293 0.000 0.582 0.006]
   620          951        0.0250703         expand
  eval: e=0.0251  p=[0.877 0.522 0.128 0.000 0.765 0.336 0.293 0.000 0.582 0.006]
   621          952        0.0250703         reflect
  eval: e=0.0251  p=[0.877 0.522 0.128 0.000 0.765 0.335 0.293 0.000 0.581 0.006]
   622          953        0.0250703         reflect
  eval: e=0.0251  p=[0.877 0.522 0.128 0.000 0.765 0.336 0.293 0.000 0.582 0.006]
   623          954        0.0250703         reflect
  eval: e=0.0251  p=[0.877 0.522 0.128 0.000 0.765 0.336 0.293 0.000 0.582 0.006]
   624          955        0.0250703         reflect
  eval: e=0.0251  p=[0.877 0.522 0.128 0.000 0.765 0.336 0.294 0.000 0.582 0.006]
  eval: e=0.0251  p=[0.877 0.521 0.128 0.000 0.765 0.336 0.294 0.000 0.582 0.006]
   625          957          0.02507         expand
  eval: e=0.0251  p=[0.877 0.521 0.128 0.000 0.765 0.336 0.294 0.000 0.582 0.006]
   626          958          0.02507         reflect
  eval: e=0.0251  p=[0.877 0.522 0.128 0.000 0.765 0.336 0.293 0.000 0.581 0.006]
  eval: e=0.0251  p=[0.877 0.522 0.128 0.000 0.765 0.336 0.293 0.000 0.582 0.006]
   627          960          0.02507         contract inside
  eval: e=0.0251  p=[0.877 0.522 0.128 0.000 0.765 0.336 0.293 0.000 0.582 0.006]
   628          961          0.02507         reflect
  eval: e=0.0251  p=[0.877 0.522 0.128 0.000 0.765 0.336 0.294 0.000 0.582 0.006]
  eval: e=0.0251  p=[0.877 0.521 0.128 0.000 0.764 0.336 0.294 0.000 0.582 0.006]
   629          963        0.0250695         expand
  eval: e=0.0251  p=[0.877 0.521 0.128 0.000 0.765 0.336 0.294 0.000 0.582 0.006]
   630          964        0.0250695         reflect
  eval: e=0.0251  p=[0.877 0.521 0.128 0.000 0.765 0.336 0.294 0.000 0.582 0.006]
   631          965        0.0250695         reflect
  eval: e=0.0251  p=[0.877 0.521 0.128 0.000 0.765 0.336 0.294 0.000 0.582 0.006]
   632          966        0.0250695         reflect
  eval: e=0.0251  p=[0.877 0.521 0.128 0.000 0.765 0.336 0.294 0.000 0.582 0.006]
  eval: e=0.0251  p=[0.877 0.521 0.128 0.000 0.765 0.336 0.294 0.000 0.582 0.006]
   633          968        0.0250695         reflect
  eval: e=0.0251  p=[0.877 0.521 0.128 0.000 0.765 0.336 0.294 0.000 0.582 0.006]
  eval: e=0.0251  p=[0.877 0.521 0.128 0.000 0.764 0.336 0.294 0.000 0.582 0.006]
   634          970        0.0250689         expand
  eval: e=0.0251  p=[0.877 0.521 0.128 0.000 0.764 0.336 0.295 0.000 0.582 0.006]
   635          971        0.0250689         reflect
  eval: e=0.0251  p=[0.877 0.521 0.128 0.000 0.764 0.336 0.294 0.000 0.582 0.006]
   636          972        0.0250689         reflect
  eval: e=0.0251  p=[0.877 0.521 0.128 0.000 0.765 0.336 0.294 0.000 0.582 0.006]
   637          973        0.0250689         reflect
  eval: e=0.0251  p=[0.877 0.521 0.128 0.000 0.764 0.336 0.295 0.000 0.582 0.006]
  eval: e=0.0251  p=[0.877 0.521 0.128 0.000 0.764 0.336 0.295 0.000 0.583 0.006]
   638          975        0.0250683         expand
  eval: e=0.0251  p=[0.877 0.521 0.128 0.000 0.764 0.336 0.295 0.000 0.583 0.006]
   639          976        0.0250683         reflect
  eval: e=0.0251  p=[0.877 0.521 0.128 0.000 0.764 0.336 0.295 0.000 0.583 0.006]
   640          977        0.0250683         reflect
  eval: e=0.0251  p=[0.877 0.521 0.128 0.000 0.764 0.336 0.295 0.000 0.582 0.006]
  eval: e=0.0251  p=[0.877 0.521 0.128 0.000 0.764 0.336 0.295 0.000 0.582 0.006]
   641          979        0.0250674         expand
  eval: e=0.0251  p=[0.877 0.521 0.128 0.000 0.764 0.336 0.295 0.000 0.582 0.006]
   642          980        0.0250674         reflect
  eval: e=0.0251  p=[0.877 0.521 0.128 0.000 0.765 0.336 0.294 0.000 0.582 0.006]
   643          981        0.0250674         reflect
  eval: e=0.0251  p=[0.877 0.521 0.128 0.000 0.764 0.336 0.295 0.000 0.583 0.006]
   644          982        0.0250674         reflect
  eval: e=0.0251  p=[0.877 0.521 0.128 0.000 0.764 0.336 0.295 0.000 0.582 0.006]
   645          983        0.0250674         reflect
  eval: e=0.0251  p=[0.877 0.521 0.128 0.000 0.764 0.336 0.296 0.000 0.583 0.006]
  eval: e=0.0251  p=[0.877 0.521 0.128 0.000 0.764 0.336 0.297 0.000 0.583 0.006]
   646          985        0.0250666         expand
  eval: e=0.0251  p=[0.877 0.521 0.128 0.000 0.764 0.336 0.295 0.000 0.582 0.006]
   647          986        0.0250666         reflect
  eval: e=0.0251  p=[0.877 0.521 0.128 0.000 0.764 0.336 0.297 0.000 0.583 0.006]
  eval: e=0.0251  p=[0.877 0.521 0.128 0.000 0.764 0.337 0.298 0.000 0.583 0.006]
   648          988        0.0250649         expand
  eval: e=0.0251  p=[0.877 0.521 0.128 0.000 0.764 0.336 0.297 0.000 0.583 0.006]
   649          989        0.0250649         reflect
  eval: e=0.0251  p=[0.876 0.521 0.128 0.000 0.764 0.336 0.298 0.000 0.584 0.006]
   650          990        0.0250649         reflect
  eval: e=0.0251  p=[0.877 0.521 0.128 0.000 0.764 0.336 0.297 0.000 0.583 0.006]
   651          991        0.0250649         reflect
  eval: e=0.0251  p=[0.877 0.521 0.128 0.000 0.764 0.337 0.297 0.000 0.583 0.006]
   652          992        0.0250649         reflect
  eval: e=0.0251  p=[0.876 0.521 0.128 0.000 0.763 0.337 0.298 0.000 0.584 0.006]
   653          993        0.0250649         reflect
  eval: e=0.0251  p=[0.877 0.521 0.128 0.000 0.763 0.337 0.298 0.000 0.584 0.006]
   654          994        0.0250649         reflect
  eval: e=0.0251  p=[0.876 0.521 0.128 0.000 0.763 0.337 0.299 0.000 0.584 0.006]
  eval: e=0.0251  p=[0.876 0.521 0.128 0.000 0.763 0.337 0.301 0.000 0.585 0.006]
   655          996        0.0250635         expand
  eval: e=0.0251  p=[0.876 0.521 0.128 0.000 0.763 0.337 0.300 0.000 0.585 0.006]
   656          997        0.0250635         reflect
  eval: e=0.0251  p=[0.876 0.521 0.128 0.000 0.763 0.337 0.301 0.000 0.585 0.006]
   657          998        0.0250635         reflect
  eval: e=0.0251  p=[0.876 0.521 0.128 0.000 0.763 0.337 0.299 0.000 0.584 0.006]
  eval: e=0.0251  p=[0.876 0.521 0.128 0.000 0.763 0.337 0.300 0.000 0.584 0.006]
   658         1000        0.0250615         expand
  eval: e=0.0251  p=[0.876 0.521 0.128 0.000 0.763 0.337 0.300 0.000 0.584 0.006]
   659         1001        0.0250615         reflect
  eval: e=0.0251  p=[0.876 0.521 0.128 0.000 0.763 0.337 0.301 0.000 0.585 0.006]
   660         1002        0.0250615         reflect
  eval: e=0.0251  p=[0.876 0.521 0.128 0.000 0.763 0.337 0.301 0.000 0.585 0.006]
   661         1003        0.0250615         reflect
  eval: e=0.0251  p=[0.876 0.521 0.128 0.000 0.763 0.337 0.301 0.000 0.585 0.006]
   662         1004        0.0250615         reflect
  eval: e=0.0251  p=[0.876 0.520 0.128 0.000 0.762 0.338 0.303 0.000 0.585 0.006]
   663         1005        0.0250615         reflect
  eval: e=0.0251  p=[0.876 0.520 0.128 0.000 0.762 0.338 0.304 0.000 0.586 0.006]
  eval: e=0.0251  p=[0.875 0.520 0.128 0.000 0.761 0.338 0.307 0.000 0.587 0.006]
   664         1007        0.0250581         expand
  eval: e=0.0251  p=[0.875 0.520 0.128 0.000 0.762 0.338 0.305 0.000 0.586 0.006]
   665         1008        0.0250581         reflect
  eval: e=0.0251  p=[0.876 0.520 0.128 0.000 0.762 0.338 0.304 0.000 0.586 0.006]
   666         1009        0.0250581         reflect
  eval: e=0.0251  p=[0.876 0.520 0.128 0.000 0.762 0.338 0.304 0.000 0.586 0.006]
  eval: e=0.0251  p=[0.876 0.520 0.128 0.000 0.762 0.338 0.305 0.000 0.586 0.006]
   667         1011        0.0250554         expand
  eval: e=0.0251  p=[0.876 0.520 0.128 0.000 0.762 0.338 0.305 0.000 0.586 0.006]
   668         1012        0.0250554         reflect
  eval: e=0.0251  p=[0.876 0.520 0.128 0.000 0.762 0.338 0.305 0.000 0.586 0.006]
   669         1013        0.0250554         reflect
  eval: e=0.0251  p=[0.875 0.520 0.128 0.000 0.761 0.338 0.307 0.000 0.587 0.006]
   670         1014        0.0250554         reflect
  eval: e=0.0251  p=[0.875 0.520 0.128 0.000 0.761 0.339 0.307 0.000 0.587 0.006]
   671         1015        0.0250554         reflect
  eval: e=0.0251  p=[0.875 0.520 0.127 0.000 0.762 0.338 0.307 0.000 0.587 0.006]
   672         1016        0.0250554         reflect
  eval: e=0.0251  p=[0.875 0.520 0.128 0.000 0.761 0.339 0.310 0.000 0.588 0.006]
  eval: e=0.0250  p=[0.874 0.519 0.127 0.000 0.760 0.340 0.314 0.000 0.589 0.007]
   673         1018          0.02505         expand
  eval: e=0.0251  p=[0.874 0.519 0.127 0.000 0.760 0.340 0.313 0.000 0.589 0.007]
   674         1019          0.02505         reflect
  eval: e=0.0251  p=[0.875 0.520 0.127 0.000 0.761 0.339 0.310 0.000 0.588 0.006]
   675         1020          0.02505         reflect
  eval: e=0.0251  p=[0.875 0.519 0.127 0.000 0.761 0.339 0.311 0.000 0.588 0.006]
   676         1021          0.02505         reflect
  eval: e=0.0251  p=[0.875 0.519 0.127 0.000 0.760 0.340 0.313 0.000 0.589 0.007]
   677         1022          0.02505         reflect
  eval: e=0.0250  p=[0.875 0.519 0.127 0.000 0.760 0.340 0.311 0.000 0.588 0.006]
  eval: e=0.0251  p=[0.875 0.519 0.127 0.000 0.760 0.340 0.313 0.000 0.589 0.007]
   678         1024        0.0250495         reflect
  eval: e=0.0250  p=[0.874 0.519 0.127 0.000 0.760 0.340 0.315 0.000 0.590 0.007]
   679         1025        0.0250495         reflect
  eval: e=0.0250  p=[0.875 0.519 0.127 0.000 0.760 0.340 0.314 0.000 0.589 0.007]
  eval: e=0.0250  p=[0.874 0.518 0.127 0.000 0.759 0.341 0.318 0.000 0.590 0.007]
   680         1027        0.0250439         expand
  eval: e=0.0250  p=[0.874 0.519 0.127 0.000 0.759 0.341 0.317 0.000 0.590 0.007]
   681         1028        0.0250439         reflect
  eval: e=0.0250  p=[0.874 0.518 0.127 0.000 0.759 0.341 0.318 0.000 0.591 0.007]
   682         1029        0.0250439         reflect
  eval: e=0.0250  p=[0.873 0.518 0.127 0.000 0.758 0.342 0.323 0.000 0.593 0.007]
   683         1030        0.0250439         reflect
  eval: e=0.0250  p=[0.874 0.518 0.127 0.000 0.759 0.341 0.319 0.000 0.591 0.007]
   684         1031        0.0250439         reflect
  eval: e=0.0250  p=[0.874 0.518 0.127 0.000 0.759 0.341 0.318 0.000 0.590 0.007]
  eval: e=0.0250  p=[0.874 0.518 0.127 0.000 0.758 0.342 0.321 0.000 0.591 0.007]
   685         1033        0.0250389         expand
  eval: e=0.0250  p=[0.873 0.518 0.127 0.000 0.757 0.342 0.324 0.000 0.593 0.007]
   686         1034        0.0250389         reflect
  eval: e=0.0250  p=[0.874 0.518 0.127 0.000 0.758 0.342 0.323 0.000 0.592 0.007]
   687         1035        0.0250389         reflect
  eval: e=0.0250  p=[0.874 0.518 0.127 0.000 0.758 0.342 0.324 0.000 0.592 0.007]
   688         1036        0.0250389         reflect
  eval: e=0.0250  p=[0.873 0.518 0.127 0.000 0.757 0.342 0.325 0.000 0.593 0.007]
  eval: e=0.0250  p=[0.873 0.517 0.127 0.000 0.756 0.344 0.330 0.000 0.594 0.007]
   689         1038        0.0250375         reflect
  eval: e=0.0250  p=[0.872 0.517 0.127 0.000 0.756 0.344 0.331 0.000 0.595 0.007]
   690         1039        0.0250375         reflect
  eval: e=0.0250  p=[0.873 0.517 0.127 0.000 0.757 0.343 0.328 0.000 0.594 0.007]
   691         1040        0.0250375         reflect
  eval: e=0.0250  p=[0.873 0.517 0.127 0.000 0.756 0.343 0.329 0.000 0.594 0.007]
  eval: e=0.0250  p=[0.872 0.517 0.127 0.000 0.755 0.345 0.335 0.000 0.596 0.008]
   692         1042        0.0250282         expand
  eval: e=0.0250  p=[0.873 0.517 0.127 0.000 0.757 0.343 0.327 0.000 0.593 0.007]
   693         1043        0.0250282         reflect
  eval: e=0.0250  p=[0.873 0.517 0.127 0.000 0.756 0.344 0.331 0.000 0.595 0.008]
   694         1044        0.0250282         reflect
  eval: e=0.0250  p=[0.872 0.516 0.127 0.000 0.755 0.345 0.336 0.000 0.596 0.008]
   695         1045        0.0250282         reflect
  eval: e=0.0250  p=[0.873 0.517 0.127 0.000 0.756 0.344 0.332 0.000 0.594 0.008]
   696         1046        0.0250282         reflect
  eval: e=0.0250  p=[0.872 0.516 0.127 0.000 0.755 0.345 0.335 0.000 0.596 0.008]
  eval: e=0.0250  p=[0.872 0.516 0.127 0.000 0.753 0.346 0.341 0.000 0.597 0.008]
   697         1048        0.0250233         expand
  eval: e=0.0250  p=[0.872 0.516 0.127 0.000 0.754 0.345 0.337 0.000 0.596 0.008]
   698         1049        0.0250233         reflect
  eval: e=0.0250  p=[0.871 0.515 0.127 0.000 0.753 0.347 0.344 0.000 0.599 0.008]
   699         1050        0.0250233         reflect
  eval: e=0.0250  p=[0.872 0.516 0.127 0.000 0.754 0.346 0.340 0.000 0.597 0.008]
  eval: e=0.0250  p=[0.871 0.515 0.127 0.000 0.752 0.347 0.345 0.000 0.599 0.008]
   700         1052        0.0250123         expand
  eval: e=0.0250  p=[0.872 0.516 0.127 0.000 0.754 0.346 0.340 0.000 0.596 0.008]
  eval: e=0.0250  p=[0.872 0.517 0.127 0.000 0.755 0.344 0.333 0.000 0.595 0.008]
   701         1054        0.0250123         contract inside
  eval: e=0.0250  p=[0.871 0.515 0.127 0.000 0.752 0.348 0.347 0.000 0.599 0.008]
   702         1055        0.0250123         reflect
  eval: e=0.0250  p=[0.872 0.516 0.127 0.000 0.753 0.346 0.342 0.000 0.597 0.008]
   703         1056        0.0250123         reflect
  eval: e=0.0250  p=[0.871 0.515 0.127 0.000 0.752 0.347 0.345 0.000 0.599 0.008]
   704         1057        0.0250123         reflect
  eval: e=0.0250  p=[0.871 0.515 0.127 0.000 0.752 0.348 0.348 0.000 0.600 0.008]
   705         1058        0.0250123         reflect
  eval: e=0.0250  p=[0.870 0.514 0.127 0.000 0.749 0.350 0.357 0.000 0.603 0.009]
   706         1059        0.0250123         reflect
  eval: e=0.0250  p=[0.871 0.514 0.127 0.000 0.750 0.349 0.353 0.000 0.601 0.009]
  eval: e=0.0250  p=[0.870 0.513 0.127 0.000 0.748 0.351 0.361 0.000 0.603 0.009]
   707         1061        0.0250025         expand
  eval: e=0.0250  p=[0.870 0.513 0.127 0.000 0.749 0.350 0.359 0.000 0.603 0.009]
   708         1062        0.0250025         reflect
  eval: e=0.0250  p=[0.871 0.514 0.127 0.000 0.750 0.349 0.353 0.000 0.601 0.009]
   709         1063        0.0250025         reflect
  eval: e=0.0250  p=[0.870 0.513 0.127 0.000 0.748 0.351 0.363 0.000 0.604 0.009]
  eval: e=0.0250  p=[0.868 0.512 0.127 0.000 0.745 0.354 0.375 0.000 0.608 0.010]
   710         1065        0.0249934         expand
  eval: e=0.0250  p=[0.869 0.513 0.127 0.000 0.747 0.352 0.366 0.000 0.605 0.009]
   711         1066        0.0249934         reflect
  eval: e=0.0250  p=[0.869 0.512 0.127 0.000 0.746 0.353 0.370 0.000 0.607 0.010]
   712         1067        0.0249934         reflect
  eval: e=0.0250  p=[0.869 0.512 0.127 0.000 0.746 0.353 0.371 0.000 0.606 0.010]
   713         1068        0.0249934         reflect
  eval: e=0.0250  p=[0.869 0.512 0.127 0.000 0.745 0.354 0.374 0.000 0.608 0.010]
  eval: e=0.0250  p=[0.867 0.510 0.127 0.000 0.742 0.357 0.388 0.000 0.612 0.011]
   714         1070        0.0249855         expand
  eval: e=0.0250  p=[0.868 0.511 0.127 0.000 0.743 0.355 0.381 0.000 0.610 0.010]
   715         1071        0.0249855         reflect
  eval: e=0.0250  p=[0.869 0.511 0.127 0.000 0.744 0.355 0.377 0.000 0.607 0.010]
  eval: e=0.0250  p=[0.868 0.510 0.127 0.000 0.742 0.357 0.386 0.000 0.610 0.011]
   716         1073        0.0249655         expand
  eval: e=0.0250  p=[0.866 0.509 0.126 0.000 0.740 0.359 0.397 0.000 0.614 0.011]
   717         1074        0.0249655         reflect
  eval: e=0.0250  p=[0.867 0.510 0.127 0.000 0.741 0.358 0.391 0.000 0.612 0.011]
   718         1075        0.0249655         reflect
  eval: e=0.0250  p=[0.866 0.508 0.126 0.000 0.738 0.361 0.404 0.000 0.616 0.011]
   719         1076        0.0249655         reflect
  eval: e=0.0250  p=[0.866 0.508 0.126 0.000 0.738 0.361 0.404 0.000 0.616 0.012]
   720         1077        0.0249655         reflect
  eval: e=0.0250  p=[0.866 0.508 0.126 0.000 0.738 0.361 0.403 0.000 0.615 0.011]
   721         1078        0.0249655         reflect
  eval: e=0.0250  p=[0.865 0.508 0.126 0.000 0.737 0.362 0.408 0.000 0.617 0.012]
   722         1079        0.0249655         reflect
  eval: e=0.0250  p=[0.864 0.506 0.126 0.000 0.733 0.365 0.422 0.000 0.621 0.012]
   723         1080        0.0249655         reflect
  eval: e=0.0250  p=[0.864 0.506 0.126 0.000 0.733 0.365 0.421 0.000 0.621 0.012]
  eval: e=0.0250  p=[0.862 0.504 0.126 0.000 0.728 0.371 0.444 0.000 0.627 0.014]
   724         1082         0.024965         reflect
  eval: e=0.0250  p=[0.864 0.506 0.126 0.000 0.733 0.366 0.424 0.000 0.621 0.013]
   725         1083         0.024965         reflect
  eval: e=0.0250  p=[0.864 0.506 0.126 0.000 0.733 0.366 0.424 0.000 0.621 0.013]
   726         1084         0.024965         reflect
  eval: e=0.0250  p=[0.865 0.506 0.126 0.000 0.733 0.365 0.420 0.000 0.620 0.012]
  eval: e=0.0250  p=[0.864 0.505 0.126 0.000 0.730 0.368 0.432 0.000 0.623 0.013]
   727         1086        0.0249644         reflect
  eval: e=0.0250  p=[0.865 0.507 0.126 0.000 0.734 0.364 0.416 0.000 0.618 0.012]
  eval: e=0.0250  p=[0.865 0.506 0.126 0.000 0.733 0.366 0.422 0.000 0.619 0.013]
   728         1088        0.0249585         reflect
  eval: e=0.0250  p=[0.867 0.509 0.126 0.000 0.739 0.360 0.398 0.000 0.613 0.011]
   729         1089        0.0249585         reflect
  eval: e=0.0250  p=[0.864 0.505 0.126 0.000 0.731 0.367 0.430 0.000 0.623 0.013]
   730         1090        0.0249585         reflect
  eval: e=0.0250  p=[0.867 0.509 0.126 0.000 0.739 0.360 0.398 0.000 0.614 0.011]
  eval: e=0.0250  p=[0.865 0.507 0.126 0.000 0.734 0.364 0.418 0.000 0.619 0.012]
   731         1092        0.0249585         contract inside
  eval: e=0.0250  p=[0.864 0.506 0.126 0.000 0.733 0.365 0.422 0.000 0.621 0.013]
  eval: e=0.0250  p=[0.863 0.505 0.126 0.000 0.730 0.368 0.432 0.000 0.623 0.013]
   732         1094        0.0249572         reflect
  eval: e=0.0250  p=[0.865 0.506 0.126 0.000 0.732 0.366 0.424 0.000 0.620 0.013]
  eval: e=0.0250  p=[0.864 0.505 0.126 0.000 0.730 0.369 0.434 0.000 0.622 0.013]
   733         1096        0.0249561         reflect
  eval: e=0.0250  p=[0.866 0.508 0.126 0.000 0.737 0.362 0.405 0.000 0.615 0.012]
  eval: e=0.0250  p=[0.867 0.509 0.126 0.000 0.739 0.360 0.396 0.000 0.612 0.011]
   734         1098        0.0249539         expand
  eval: e=0.0250  p=[0.865 0.507 0.126 0.000 0.734 0.365 0.419 0.000 0.618 0.012]
  eval: e=0.0250  p=[0.865 0.508 0.126 0.000 0.736 0.363 0.410 0.000 0.617 0.012]
   735         1100        0.0249539         contract inside
  eval: e=0.0250  p=[0.866 0.508 0.126 0.000 0.736 0.362 0.407 0.000 0.616 0.012]
  eval: e=0.0250  p=[0.867 0.509 0.126 0.000 0.737 0.361 0.402 0.000 0.614 0.011]
   736         1102        0.0249508         reflect
  eval: e=0.0250  p=[0.862 0.504 0.126 0.000 0.728 0.370 0.443 0.000 0.627 0.014]
  eval: e=0.0250  p=[0.867 0.509 0.126 0.000 0.738 0.360 0.400 0.000 0.614 0.011]
   737         1104        0.0249508         contract inside
  eval: e=0.0250  p=[0.867 0.508 0.126 0.000 0.737 0.361 0.404 0.000 0.614 0.012]
   738         1105        0.0249508         reflect
  eval: e=0.0250  p=[0.864 0.505 0.126 0.000 0.731 0.367 0.429 0.000 0.622 0.013]
   739         1106        0.0249508         reflect
  eval: e=0.0249  p=[0.866 0.508 0.126 0.000 0.736 0.362 0.408 0.000 0.615 0.012]
  eval: e=0.0249  p=[0.867 0.509 0.126 0.000 0.738 0.361 0.401 0.000 0.613 0.011]
   740         1108          0.02494         expand
  eval: e=0.0249  p=[0.866 0.507 0.126 0.000 0.734 0.364 0.416 0.000 0.617 0.012]
  eval: e=0.0249  p=[0.866 0.507 0.126 0.000 0.733 0.365 0.418 0.000 0.617 0.012]
   741         1110        0.0249311         expand
  eval: e=0.0249  p=[0.868 0.510 0.126 0.000 0.740 0.359 0.393 0.000 0.611 0.011]
   742         1111        0.0249311         reflect
  eval: e=0.0249  p=[0.867 0.509 0.126 0.000 0.737 0.361 0.403 0.000 0.613 0.012]
   743         1112        0.0249311         reflect
  eval: e=0.0249  p=[0.865 0.507 0.126 0.000 0.733 0.365 0.419 0.000 0.618 0.012]
   744         1113        0.0249311         reflect
  eval: e=0.0249  p=[0.868 0.509 0.126 0.000 0.739 0.360 0.397 0.000 0.611 0.011]
   745         1114        0.0249311         reflect
  eval: e=0.0249  p=[0.868 0.510 0.126 0.000 0.740 0.358 0.389 0.000 0.609 0.011]
   746         1115        0.0249311         reflect
  eval: e=0.0249  p=[0.866 0.507 0.126 0.000 0.734 0.365 0.416 0.000 0.616 0.012]
  eval: e=0.0249  p=[0.865 0.506 0.126 0.000 0.731 0.367 0.426 0.000 0.619 0.013]
   747         1117        0.0249284         reflect
  eval: e=0.0249  p=[0.866 0.508 0.126 0.000 0.735 0.364 0.411 0.000 0.615 0.012]
  eval: e=0.0249  p=[0.866 0.507 0.126 0.000 0.734 0.365 0.414 0.000 0.615 0.012]
   748         1119        0.0249157         expand
  eval: e=0.0249  p=[0.869 0.511 0.126 0.000 0.742 0.357 0.383 0.000 0.606 0.011]
   749         1120        0.0249157         reflect
  eval: e=0.0249  p=[0.868 0.509 0.126 0.000 0.738 0.361 0.399 0.000 0.610 0.011]
   750         1121        0.0249157         reflect
  eval: e=0.0249  p=[0.868 0.509 0.126 0.000 0.737 0.362 0.403 0.000 0.612 0.012]
   751         1122        0.0249157         reflect
  eval: e=0.0249  p=[0.867 0.507 0.126 0.000 0.734 0.365 0.415 0.000 0.615 0.012]
  eval: e=0.0249  p=[0.866 0.506 0.126 0.000 0.731 0.368 0.425 0.000 0.617 0.013]
   752         1124        0.0249036         expand
  eval: e=0.0249  p=[0.867 0.508 0.126 0.000 0.734 0.364 0.412 0.000 0.613 0.012]
   753         1125        0.0249036         reflect
  eval: e=0.0249  p=[0.866 0.506 0.126 0.000 0.730 0.368 0.428 0.000 0.618 0.013]
   754         1126        0.0249036         reflect
  eval: e=0.0249  p=[0.869 0.509 0.126 0.000 0.737 0.362 0.400 0.000 0.609 0.012]
   755         1127        0.0249036         reflect
  eval: e=0.0249  p=[0.866 0.506 0.126 0.000 0.731 0.367 0.423 0.000 0.616 0.013]
  eval: e=0.0249  p=[0.866 0.505 0.126 0.000 0.728 0.371 0.437 0.000 0.619 0.014]
   756         1129        0.0248972         expand
  eval: e=0.0249  p=[0.864 0.503 0.126 0.000 0.726 0.373 0.448 0.000 0.623 0.014]
   757         1130        0.0248972         reflect
  eval: e=0.0249  p=[0.867 0.507 0.126 0.000 0.732 0.366 0.418 0.000 0.613 0.013]
  eval: e=0.0249  p=[0.868 0.507 0.126 0.000 0.732 0.367 0.418 0.000 0.612 0.013]
   758         1132        0.0248894         expand
  eval: e=0.0249  p=[0.868 0.507 0.126 0.000 0.731 0.367 0.421 0.000 0.613 0.013]
   759         1133        0.0248894         reflect
  eval: e=0.0249  p=[0.870 0.511 0.126 0.000 0.741 0.358 0.384 0.000 0.604 0.011]
   760         1134        0.0248894         reflect
  eval: e=0.0249  p=[0.866 0.506 0.126 0.000 0.730 0.369 0.429 0.000 0.616 0.013]
   761         1135        0.0248894         reflect
  eval: e=0.0249  p=[0.864 0.503 0.125 0.000 0.724 0.374 0.454 0.000 0.624 0.015]
  eval: e=0.0249  p=[0.869 0.509 0.126 0.000 0.737 0.362 0.401 0.000 0.609 0.012]
   762         1137        0.0248894         contract inside
  eval: e=0.0249  p=[0.869 0.509 0.126 0.000 0.736 0.363 0.404 0.000 0.609 0.012]
   763         1138        0.0248894         reflect
  eval: e=0.0249  p=[0.867 0.506 0.126 0.000 0.729 0.370 0.429 0.000 0.615 0.013]
  eval: e=0.0249  p=[0.867 0.504 0.125 0.000 0.725 0.373 0.442 0.000 0.616 0.014]
   764         1140        0.0248884         reflect
  eval: e=0.0249  p=[0.868 0.507 0.126 0.000 0.731 0.368 0.421 0.000 0.611 0.013]
  eval: e=0.0249  p=[0.869 0.507 0.125 0.000 0.729 0.370 0.425 0.000 0.610 0.013]
   765         1142        0.0248848         reflect
  eval: e=0.0249  p=[0.868 0.506 0.126 0.000 0.730 0.369 0.426 0.000 0.613 0.013]
   766         1143        0.0248848         reflect
  eval: e=0.0249  p=[0.869 0.508 0.126 0.000 0.735 0.364 0.407 0.000 0.609 0.012]
   767         1144        0.0248848         reflect
  eval: e=0.0249  p=[0.867 0.505 0.125 0.000 0.727 0.372 0.438 0.000 0.616 0.014]
   768         1145        0.0248848         reflect
  eval: e=0.0249  p=[0.869 0.508 0.126 0.000 0.732 0.367 0.415 0.000 0.609 0.013]
   769         1146        0.0248848         reflect
  eval: e=0.0249  p=[0.867 0.505 0.125 0.000 0.725 0.373 0.442 0.000 0.616 0.014]
   770         1147        0.0248848         reflect
  eval: e=0.0249  p=[0.870 0.509 0.126 0.000 0.734 0.365 0.408 0.000 0.606 0.012]
   771         1148        0.0248848         reflect
  eval: e=0.0249  p=[0.867 0.505 0.125 0.000 0.725 0.373 0.441 0.000 0.615 0.014]
  eval: e=0.0249  p=[0.868 0.508 0.126 0.000 0.733 0.366 0.413 0.000 0.611 0.012]
   772         1150        0.0248848         contract inside
  eval: e=0.0249  p=[0.869 0.510 0.126 0.000 0.737 0.362 0.397 0.000 0.607 0.011]
  eval: e=0.0249  p=[0.868 0.506 0.125 0.000 0.728 0.370 0.431 0.000 0.614 0.013]
   773         1152        0.0248848         contract inside
  eval: e=0.0249  p=[0.866 0.505 0.126 0.000 0.728 0.371 0.436 0.000 0.619 0.014]
  eval: e=0.0249  p=[0.869 0.508 0.126 0.000 0.732 0.367 0.415 0.000 0.609 0.013]
   774         1154        0.0248848         contract inside
  eval: e=0.0249  p=[0.867 0.505 0.125 0.000 0.726 0.372 0.438 0.000 0.615 0.014]
   775         1155        0.0248848         reflect
  eval: e=0.0249  p=[0.869 0.508 0.126 0.000 0.734 0.365 0.408 0.000 0.608 0.012]
  eval: e=0.0249  p=[0.869 0.508 0.126 0.000 0.733 0.366 0.415 0.000 0.610 0.013]
   776         1157        0.0248848         contract outside
  eval: e=0.0249  p=[0.869 0.507 0.126 0.000 0.730 0.369 0.423 0.000 0.611 0.013]
   777         1158        0.0248848         reflect
  eval: e=0.0249  p=[0.869 0.509 0.126 0.000 0.736 0.363 0.403 0.000 0.607 0.012]
  eval: e=0.0249  p=[0.868 0.506 0.126 0.000 0.729 0.370 0.429 0.000 0.613 0.013]
   778         1160        0.0248848         contract inside
  eval: e=0.0249  p=[0.868 0.506 0.125 0.000 0.728 0.371 0.431 0.000 0.613 0.014]
  eval: e=0.0249  p=[0.868 0.507 0.126 0.000 0.732 0.367 0.418 0.000 0.611 0.013]
   779         1162        0.0248848         contract inside
  eval: e=0.0249  p=[0.869 0.507 0.126 0.000 0.732 0.367 0.417 0.000 0.610 0.013]
   780         1163        0.0248848         reflect
  eval: e=0.0249  p=[0.867 0.506 0.126 0.000 0.729 0.370 0.429 0.000 0.614 0.013]
   781         1164        0.0248848         reflect
  eval: e=0.0249  p=[0.868 0.506 0.126 0.000 0.729 0.370 0.427 0.000 0.612 0.013]
   782         1165        0.0248848         reflect
  eval: e=0.0249  p=[0.869 0.508 0.126 0.000 0.733 0.366 0.414 0.000 0.609 0.013]
   783         1166        0.0248848         reflect
  eval: e=0.0249  p=[0.867 0.506 0.126 0.000 0.729 0.370 0.430 0.000 0.615 0.013]
   784         1167        0.0248848         reflect
  eval: e=0.0249  p=[0.867 0.507 0.126 0.000 0.731 0.368 0.423 0.000 0.614 0.013]
   785         1168        0.0248848         reflect
  eval: e=0.0249  p=[0.869 0.508 0.126 0.000 0.732 0.367 0.416 0.000 0.609 0.013]
   786         1169        0.0248848         reflect
  eval: e=0.0249  p=[0.869 0.507 0.126 0.000 0.730 0.369 0.421 0.000 0.609 0.013]
  eval: e=0.0249  p=[0.868 0.507 0.126 0.000 0.731 0.368 0.422 0.000 0.612 0.013]
   787         1171        0.0248848         contract inside
  eval: e=0.0249  p=[0.868 0.506 0.126 0.000 0.728 0.370 0.429 0.000 0.613 0.013]
  eval: e=0.0249  p=[0.867 0.505 0.125 0.000 0.726 0.372 0.437 0.000 0.615 0.014]
   788         1173        0.0248839         reflect
  eval: e=0.0249  p=[0.868 0.506 0.126 0.000 0.729 0.370 0.429 0.000 0.613 0.013]
  eval: e=0.0249  p=[0.868 0.507 0.126 0.000 0.731 0.368 0.421 0.000 0.612 0.013]
   789         1175        0.0248839         contract inside
  eval: e=0.0249  p=[0.869 0.508 0.126 0.000 0.732 0.367 0.416 0.000 0.610 0.013]
   790         1176        0.0248839         reflect
  eval: e=0.0249  p=[0.870 0.508 0.126 0.000 0.733 0.366 0.413 0.000 0.608 0.012]
  eval: e=0.0249  p=[0.868 0.506 0.126 0.000 0.730 0.369 0.425 0.000 0.613 0.013]
   791         1178        0.0248839         contract inside
  eval: e=0.0249  p=[0.868 0.508 0.126 0.000 0.733 0.366 0.415 0.000 0.611 0.012]
  eval: e=0.0249  p=[0.868 0.507 0.126 0.000 0.730 0.369 0.424 0.000 0.612 0.013]
   792         1180        0.0248839         contract inside
  eval: e=0.0249  p=[0.868 0.506 0.126 0.000 0.730 0.369 0.426 0.000 0.613 0.013]
  eval: e=0.0249  p=[0.869 0.507 0.126 0.000 0.731 0.368 0.420 0.000 0.611 0.013]
   793         1182        0.0248839         contract inside
  eval: e=0.0249  p=[0.867 0.506 0.126 0.000 0.729 0.370 0.429 0.000 0.615 0.013]
   794         1183        0.0248839         reflect
  eval: e=0.0249  p=[0.868 0.507 0.126 0.000 0.730 0.369 0.425 0.000 0.613 0.013]
   795         1184        0.0248839         reflect
  eval: e=0.0249  p=[0.869 0.508 0.126 0.000 0.732 0.367 0.416 0.000 0.609 0.013]
  eval: e=0.0249  p=[0.868 0.506 0.126 0.000 0.730 0.369 0.426 0.000 0.613 0.013]
   796         1186        0.0248839         contract inside
  eval: e=0.0249  p=[0.867 0.505 0.126 0.000 0.728 0.371 0.433 0.000 0.615 0.014]
  eval: e=0.0249  p=[0.869 0.507 0.126 0.000 0.731 0.368 0.419 0.000 0.611 0.013]
   797         1188        0.0248839         contract inside
  eval: e=0.0249  p=[0.867 0.506 0.126 0.000 0.728 0.371 0.432 0.000 0.615 0.014]
  eval: e=0.0249  p=[0.868 0.507 0.126 0.000 0.731 0.368 0.420 0.000 0.611 0.013]
   798         1190        0.0248838         contract inside
  eval: e=0.0249  p=[0.868 0.507 0.126 0.000 0.729 0.369 0.426 0.000 0.612 0.013]
   799         1191        0.0248838         reflect
  eval: e=0.0249  p=[0.869 0.507 0.126 0.000 0.731 0.368 0.418 0.000 0.610 0.013]
  eval: e=0.0249  p=[0.869 0.507 0.126 0.000 0.731 0.368 0.421 0.000 0.611 0.013]
   800         1193        0.0248838         contract outside
  eval: e=0.0249  p=[0.868 0.506 0.126 0.000 0.729 0.370 0.428 0.000 0.613 0.013]
  eval: e=0.0249  p=[0.868 0.507 0.126 0.000 0.731 0.368 0.422 0.000 0.611 0.013]
   801         1195        0.0248838         contract inside
  eval: e=0.0249  p=[0.868 0.507 0.126 0.000 0.731 0.368 0.423 0.000 0.612 0.013]
  eval: e=0.0249  p=[0.868 0.507 0.126 0.000 0.730 0.369 0.424 0.000 0.612 0.013]
   802         1197        0.0248838         contract inside
  eval: e=0.0249  p=[0.868 0.506 0.126 0.000 0.729 0.369 0.426 0.000 0.613 0.013]
  eval: e=0.0249  p=[0.868 0.506 0.126 0.000 0.729 0.370 0.428 0.000 0.613 0.013]
   803         1199        0.0248832         reflect
  eval: e=0.0249  p=[0.869 0.507 0.126 0.000 0.730 0.369 0.422 0.000 0.611 0.013]
   804         1200        0.0248832         reflect
  eval: e=0.0249  p=[0.868 0.506 0.126 0.000 0.729 0.370 0.429 0.000 0.613 0.013]
   805         1201        0.0248832         reflect
  eval: e=0.0249  p=[0.869 0.507 0.126 0.000 0.730 0.369 0.423 0.000 0.611 0.013]
  eval: e=0.0249  p=[0.868 0.507 0.126 0.000 0.730 0.369 0.424 0.000 0.611 0.013]
   806         1203        0.0248832         contract outside
  eval: e=0.0249  p=[0.868 0.507 0.126 0.000 0.730 0.369 0.423 0.000 0.611 0.013]
  eval: e=0.0249  p=[0.868 0.507 0.126 0.000 0.730 0.369 0.425 0.000 0.612 0.013]
   807         1205        0.0248832         contract inside
  eval: e=0.0249  p=[0.868 0.506 0.126 0.000 0.729 0.370 0.427 0.000 0.613 0.013]
   808         1206        0.0248832         reflect
  eval: e=0.0249  p=[0.868 0.506 0.126 0.000 0.729 0.369 0.426 0.000 0.612 0.013]
  eval: e=0.0249  p=[0.868 0.507 0.126 0.000 0.730 0.369 0.424 0.000 0.612 0.013]
   809         1208        0.0248832         contract inside
  eval: e=0.0249  p=[0.868 0.507 0.126 0.000 0.730 0.369 0.424 0.000 0.612 0.013]
   810         1209        0.0248832         reflect
  eval: e=0.0249  p=[0.869 0.507 0.126 0.000 0.731 0.368 0.419 0.000 0.611 0.013]
   811         1210        0.0248832         reflect
  eval: e=0.0249  p=[0.868 0.507 0.126 0.000 0.730 0.369 0.424 0.000 0.611 0.013]
  eval: e=0.0249  p=[0.868 0.507 0.126 0.000 0.730 0.369 0.424 0.000 0.612 0.013]
   812         1212        0.0248832         contract outside
  eval: e=0.0249  p=[0.869 0.508 0.126 0.000 0.732 0.367 0.417 0.000 0.610 0.013]
  eval: e=0.0249  p=[0.868 0.506 0.126 0.000 0.729 0.369 0.426 0.000 0.613 0.013]
   813         1214        0.0248832         contract inside
  eval: e=0.0249  p=[0.868 0.506 0.126 0.000 0.729 0.370 0.427 0.000 0.613 0.013]
  eval: e=0.0249  p=[0.868 0.506 0.126 0.000 0.728 0.370 0.429 0.000 0.613 0.013]
   814         1216        0.0248828         reflect
  eval: e=0.0249  p=[0.868 0.506 0.126 0.000 0.729 0.369 0.426 0.000 0.613 0.013]
   815         1217        0.0248828         reflect
  eval: e=0.0249  p=[0.868 0.506 0.126 0.000 0.728 0.371 0.430 0.000 0.613 0.013]
  eval: e=0.0249  p=[0.868 0.507 0.126 0.000 0.730 0.368 0.422 0.000 0.612 0.013]
   816         1219        0.0248828         contract inside
  eval: e=0.0249  p=[0.868 0.507 0.126 0.000 0.730 0.369 0.425 0.000 0.612 0.013]
   817         1220        0.0248828         reflect
  eval: e=0.0249  p=[0.868 0.506 0.126 0.000 0.729 0.369 0.426 0.000 0.613 0.013]
   818         1221        0.0248828         reflect
  eval: e=0.0249  p=[0.868 0.506 0.126 0.000 0.729 0.369 0.426 0.000 0.613 0.013]
   819         1222        0.0248828         reflect
  eval: e=0.0249  p=[0.867 0.506 0.126 0.000 0.728 0.371 0.432 0.000 0.614 0.014]
  eval: e=0.0249  p=[0.868 0.507 0.126 0.000 0.730 0.369 0.423 0.000 0.612 0.013]
   820         1224        0.0248828         contract inside
  eval: e=0.0249  p=[0.868 0.507 0.126 0.000 0.730 0.369 0.424 0.000 0.612 0.013]
  eval: e=0.0249  p=[0.868 0.506 0.126 0.000 0.729 0.369 0.426 0.000 0.613 0.013]
   821         1226        0.0248828         contract inside
  eval: e=0.0249  p=[0.868 0.507 0.126 0.000 0.730 0.369 0.424 0.000 0.612 0.013]
  eval: e=0.0249  p=[0.868 0.506 0.126 0.000 0.730 0.369 0.426 0.000 0.613 0.013]
   822         1228        0.0248828         contract inside
  eval: e=0.0249  p=[0.868 0.507 0.126 0.000 0.730 0.368 0.423 0.000 0.612 0.013]
  eval: e=0.0249  p=[0.868 0.506 0.126 0.000 0.729 0.369 0.426 0.000 0.613 0.013]
   823         1230        0.0248828         contract inside
  eval: e=0.0249  p=[0.868 0.506 0.126 0.000 0.729 0.370 0.429 0.000 0.613 0.013]
   824         1231        0.0248828         reflect
  eval: e=0.0249  p=[0.868 0.507 0.126 0.000 0.730 0.369 0.426 0.000 0.613 0.013]
  eval: e=0.0249  p=[0.868 0.506 0.126 0.000 0.729 0.369 0.426 0.000 0.613 0.013]
   825         1233        0.0248828         contract inside
  eval: e=0.0249  p=[0.868 0.506 0.126 0.000 0.729 0.370 0.427 0.000 0.613 0.013]
  eval: e=0.0249  p=[0.868 0.506 0.126 0.000 0.729 0.370 0.428 0.000 0.613 0.013]
   826         1235        0.0248827         reflect
  eval: e=0.0249  p=[0.868 0.506 0.126 0.000 0.729 0.369 0.426 0.000 0.613 0.013]
   827         1236        0.0248827         reflect
  eval: e=0.0249  p=[0.868 0.506 0.126 0.000 0.729 0.369 0.426 0.000 0.613 0.013]
   828         1237        0.0248827         reflect
  eval: e=0.0249  p=[0.868 0.507 0.126 0.000 0.730 0.369 0.423 0.000 0.612 0.013]
   829         1238        0.0248827         reflect
  eval: e=0.0249  p=[0.868 0.507 0.126 0.000 0.730 0.369 0.425 0.000 0.612 0.013]
  eval: e=0.0249  p=[0.868 0.506 0.126 0.000 0.729 0.369 0.426 0.000 0.613 0.013]
   830         1240        0.0248827         contract inside
  eval: e=0.0249  p=[0.868 0.506 0.126 0.000 0.729 0.370 0.429 0.000 0.614 0.013]
   831         1241        0.0248827         reflect
  eval: e=0.0249  p=[0.868 0.506 0.126 0.000 0.730 0.369 0.426 0.000 0.613 0.013]
  eval: e=0.0249  p=[0.868 0.506 0.126 0.000 0.730 0.369 0.426 0.000 0.613 0.013]
   832         1243        0.0248827         reflect
  eval: e=0.0249  p=[0.868 0.506 0.126 0.000 0.729 0.369 0.426 0.000 0.613 0.013]
   833         1244        0.0248827         reflect
  eval: e=0.0249  p=[0.868 0.507 0.126 0.000 0.730 0.369 0.423 0.000 0.612 0.013]
   834         1245        0.0248827         reflect
  eval: e=0.0249  p=[0.868 0.506 0.126 0.000 0.729 0.369 0.426 0.000 0.613 0.013]
   835         1246        0.0248827         reflect
  eval: e=0.0249  p=[0.868 0.507 0.126 0.000 0.730 0.369 0.425 0.000 0.613 0.013]
   836         1247        0.0248827         reflect
  eval: e=0.0249  p=[0.868 0.506 0.126 0.000 0.729 0.370 0.429 0.000 0.614 0.013]
  eval: e=0.0249  p=[0.868 0.507 0.126 0.000 0.730 0.369 0.424 0.000 0.612 0.013]
   837         1249        0.0248827         contract inside
  eval: e=0.0249  p=[0.868 0.507 0.126 0.000 0.730 0.369 0.425 0.000 0.612 0.013]
   838         1250        0.0248827         reflect
  eval: e=0.0249  p=[0.868 0.507 0.126 0.000 0.730 0.369 0.425 0.000 0.612 0.013]
   839         1251        0.0248827         reflect
  eval: e=0.0249  p=[0.868 0.507 0.126 0.000 0.729 0.369 0.426 0.000 0.612 0.013]
  eval: e=0.0249  p=[0.868 0.507 0.126 0.000 0.730 0.369 0.425 0.000 0.613 0.013]
   840         1253        0.0248827         contract inside
  eval: e=0.0249  p=[0.868 0.507 0.126 0.000 0.730 0.369 0.425 0.000 0.612 0.013]
  eval: e=0.0249  p=[0.868 0.507 0.126 0.000 0.730 0.369 0.425 0.000 0.612 0.013]
   841         1255        0.0248826         reflect
  eval: e=0.0249  p=[0.868 0.506 0.126 0.000 0.729 0.370 0.429 0.000 0.613 0.013]
   842         1256        0.0248826         reflect
  eval: e=0.0249  p=[0.868 0.506 0.126 0.000 0.729 0.370 0.427 0.000 0.613 0.013]
   843         1257        0.0248826         reflect
  eval: e=0.0249  p=[0.868 0.506 0.126 0.000 0.729 0.369 0.426 0.000 0.613 0.013]
  eval: e=0.0249  p=[0.868 0.506 0.126 0.000 0.729 0.369 0.426 0.000 0.613 0.013]
   844         1259        0.0248826         contract inside
  eval: e=0.0249  p=[0.868 0.507 0.126 0.000 0.730 0.369 0.425 0.000 0.613 0.013]
  eval: e=0.0249  p=[0.868 0.507 0.126 0.000 0.730 0.369 0.425 0.000 0.613 0.013]
   845         1261        0.0248825         reflect
  eval: e=0.0249  p=[0.868 0.506 0.126 0.000 0.729 0.370 0.428 0.000 0.613 0.013]
  eval: e=0.0249  p=[0.868 0.507 0.126 0.000 0.730 0.369 0.425 0.000 0.613 0.013]
   846         1263        0.0248825         contract inside
  eval: e=0.0249  p=[0.868 0.506 0.126 0.000 0.729 0.370 0.428 0.000 0.614 0.013]
   847         1264        0.0248825         reflect
  eval: e=0.0249  p=[0.868 0.507 0.126 0.000 0.729 0.369 0.425 0.000 0.612 0.013]
   848         1265        0.0248825         reflect
  eval: e=0.0249  p=[0.868 0.507 0.126 0.000 0.730 0.369 0.423 0.000 0.612 0.013]
   849         1266        0.0248825         reflect
  eval: e=0.0249  p=[0.868 0.507 0.126 0.000 0.730 0.369 0.425 0.000 0.613 0.013]
  eval: e=0.0249  p=[0.868 0.506 0.126 0.000 0.729 0.369 0.426 0.000 0.613 0.013]
   850         1268        0.0248825         contract inside
  eval: e=0.0249  p=[0.868 0.506 0.126 0.000 0.729 0.369 0.426 0.000 0.613 0.013]
  eval: e=0.0249  p=[0.868 0.507 0.126 0.000 0.730 0.369 0.426 0.000 0.613 0.013]
   851         1270        0.0248825         contract inside
  eval: e=0.0249  p=[0.868 0.507 0.126 0.000 0.730 0.369 0.424 0.000 0.613 0.013]
   852         1271        0.0248825         reflect
  eval: e=0.0249  p=[0.868 0.507 0.126 0.000 0.730 0.369 0.425 0.000 0.613 0.013]
   853         1272        0.0248825         reflect
  eval: e=0.0249  p=[0.868 0.507 0.126 0.000 0.730 0.369 0.426 0.000 0.613 0.013]
  eval: e=0.0249  p=[0.868 0.507 0.126 0.000 0.729 0.369 0.426 0.000 0.613 0.013]
   854         1274        0.0248825         reflect
  eval: e=0.0249  p=[0.868 0.506 0.126 0.000 0.729 0.370 0.428 0.000 0.613 0.013]
   855         1275        0.0248825         reflect
  eval: e=0.0249  p=[0.868 0.506 0.126 0.000 0.729 0.369 0.426 0.000 0.613 0.013]
  eval: e=0.0249  p=[0.868 0.507 0.126 0.000 0.729 0.369 0.426 0.000 0.613 0.013]
   856         1277        0.0248825         contract inside
  eval: e=0.0249  p=[0.868 0.507 0.126 0.000 0.730 0.369 0.423 0.000 0.612 0.013]
  eval: e=0.0249  p=[0.868 0.506 0.126 0.000 0.729 0.370 0.427 0.000 0.613 0.013]
   857         1279        0.0248825         contract inside
  eval: e=0.0249  p=[0.868 0.507 0.126 0.000 0.729 0.369 0.425 0.000 0.613 0.013]
   858         1280        0.0248825         reflect
  eval: e=0.0249  p=[0.868 0.506 0.126 0.000 0.729 0.369 0.426 0.000 0.613 0.013]
   859         1281        0.0248825         reflect
  eval: e=0.0249  p=[0.868 0.507 0.126 0.000 0.730 0.369 0.423 0.000 0.612 0.013]
  eval: e=0.0249  p=[0.868 0.507 0.126 0.000 0.730 0.369 0.424 0.000 0.613 0.013]
   860         1283        0.0248825         contract outside
  eval: e=0.0249  p=[0.868 0.507 0.126 0.000 0.730 0.369 0.425 0.000 0.613 0.013]
  eval: e=0.0249  p=[0.868 0.507 0.126 0.000 0.730 0.369 0.425 0.000 0.613 0.013]
   861         1285        0.0248825         reflect
  eval: e=0.0249  p=[0.868 0.507 0.126 0.000 0.730 0.369 0.425 0.000 0.613 0.013]
  eval: e=0.0249  p=[0.868 0.507 0.126 0.000 0.730 0.369 0.424 0.000 0.613 0.013]
   862         1287        0.0248824         expand
  eval: e=0.0249  p=[0.868 0.506 0.126 0.000 0.729 0.369 0.426 0.000 0.613 0.013]
   863         1288        0.0248824         reflect
  eval: e=0.0249  p=[0.868 0.506 0.126 0.000 0.729 0.370 0.427 0.000 0.613 0.013]
   864         1289        0.0248824         reflect
  eval: e=0.0249  p=[0.868 0.506 0.126 0.000 0.730 0.369 0.426 0.000 0.613 0.013]
  eval: e=0.0249  p=[0.868 0.506 0.126 0.000 0.730 0.369 0.426 0.000 0.613 0.013]
   865         1291        0.0248824         reflect
  eval: e=0.0249  p=[0.868 0.507 0.126 0.000 0.730 0.369 0.424 0.000 0.613 0.013]
   866         1292        0.0248824         reflect
  eval: e=0.0249  p=[0.868 0.507 0.126 0.000 0.729 0.369 0.425 0.000 0.613 0.013]
  eval: e=0.0249  p=[0.868 0.507 0.126 0.000 0.729 0.369 0.426 0.000 0.613 0.013]
   867         1294        0.0248824         reflect
  eval: e=0.0249  p=[0.868 0.506 0.126 0.000 0.729 0.369 0.427 0.000 0.613 0.013]
  eval: e=0.0249  p=[0.868 0.506 0.126 0.000 0.729 0.370 0.428 0.000 0.614 0.013]
   868         1296        0.0248823         reflect
  eval: e=0.0249  p=[0.868 0.507 0.126 0.000 0.730 0.369 0.425 0.000 0.613 0.013]
  eval: e=0.0249  p=[0.868 0.506 0.126 0.000 0.729 0.369 0.426 0.000 0.613 0.013]
   869         1298        0.0248823         contract inside
  eval: e=0.0249  p=[0.868 0.506 0.126 0.000 0.730 0.369 0.426 0.000 0.613 0.013]
   870         1299        0.0248823         reflect
  eval: e=0.0249  p=[0.868 0.507 0.126 0.000 0.730 0.369 0.425 0.000 0.613 0.013]
   871         1300        0.0248823         reflect
  eval: e=0.0249  p=[0.868 0.507 0.126 0.000 0.730 0.369 0.426 0.000 0.613 0.013]
  eval: e=0.0249  p=[0.868 0.507 0.126 0.000 0.730 0.369 0.426 0.000 0.613 0.013]
   872         1302        0.0248822         expand
  eval: e=0.0249  p=[0.868 0.506 0.126 0.000 0.729 0.369 0.426 0.000 0.613 0.013]
   873         1303        0.0248822         reflect
  eval: e=0.0249  p=[0.868 0.507 0.126 0.000 0.730 0.369 0.424 0.000 0.613 0.013]
   874         1304        0.0248822         reflect
  eval: e=0.0249  p=[0.868 0.507 0.126 0.000 0.730 0.369 0.425 0.000 0.613 0.013]
   875         1305        0.0248822         reflect
  eval: e=0.0249  p=[0.868 0.506 0.126 0.000 0.729 0.369 0.427 0.000 0.613 0.013]
   876         1306        0.0248822         reflect
  eval: e=0.0249  p=[0.868 0.507 0.126 0.000 0.730 0.369 0.425 0.000 0.613 0.013]
  eval: e=0.0249  p=[0.868 0.507 0.126 0.000 0.730 0.369 0.424 0.000 0.613 0.013]
   877         1308        0.0248822         reflect
  eval: e=0.0249  p=[0.868 0.506 0.126 0.000 0.729 0.369 0.427 0.000 0.614 0.013]
   878         1309        0.0248822         reflect
  eval: e=0.0249  p=[0.868 0.507 0.126 0.000 0.729 0.369 0.426 0.000 0.613 0.013]
  eval: e=0.0249  p=[0.868 0.507 0.126 0.000 0.729 0.369 0.425 0.000 0.613 0.013]
   879         1311        0.0248822         reflect
  eval: e=0.0249  p=[0.868 0.506 0.126 0.000 0.729 0.370 0.427 0.000 0.613 0.013]
  eval: e=0.0249  p=[0.868 0.507 0.126 0.000 0.730 0.369 0.425 0.000 0.613 0.013]
   880         1313        0.0248822         contract inside
  eval: e=0.0249  p=[0.868 0.506 0.126 0.000 0.729 0.369 0.426 0.000 0.614 0.013]
  eval: e=0.0249  p=[0.867 0.506 0.126 0.000 0.729 0.369 0.426 0.000 0.614 0.013]
   881         1315        0.0248822         reflect
  eval: e=0.0249  p=[0.868 0.506 0.126 0.000 0.729 0.369 0.426 0.000 0.614 0.013]
  eval: e=0.0249  p=[0.867 0.506 0.126 0.000 0.729 0.369 0.427 0.000 0.614 0.013]
   882         1317        0.0248821         expand
  eval: e=0.0249  p=[0.867 0.506 0.126 0.000 0.729 0.369 0.427 0.000 0.614 0.013]
   883         1318        0.0248821         reflect
  eval: e=0.0249  p=[0.868 0.507 0.126 0.000 0.730 0.369 0.425 0.000 0.614 0.013]
   884         1319        0.0248821         reflect
  eval: e=0.0249  p=[0.868 0.506 0.126 0.000 0.729 0.369 0.426 0.000 0.614 0.013]
   885         1320        0.0248821         reflect
  eval: e=0.0249  p=[0.868 0.507 0.126 0.000 0.730 0.369 0.425 0.000 0.613 0.013]
   886         1321        0.0248821         reflect
  eval: e=0.0249  p=[0.868 0.507 0.126 0.000 0.730 0.369 0.425 0.000 0.614 0.013]
   887         1322        0.0248821         reflect
  eval: e=0.0249  p=[0.867 0.506 0.126 0.000 0.729 0.369 0.426 0.000 0.614 0.013]
  eval: e=0.0249  p=[0.867 0.506 0.126 0.000 0.729 0.369 0.427 0.000 0.614 0.013]
   888         1324         0.024882         reflect
  eval: e=0.0249  p=[0.868 0.507 0.126 0.000 0.730 0.369 0.426 0.000 0.613 0.013]
   889         1325         0.024882         reflect
  eval: e=0.0249  p=[0.868 0.507 0.126 0.000 0.730 0.369 0.426 0.000 0.614 0.013]
   890         1326         0.024882         reflect
  eval: e=0.0249  p=[0.868 0.506 0.126 0.000 0.729 0.369 0.427 0.000 0.613 0.013]
   891         1327         0.024882         reflect
  eval: e=0.0249  p=[0.868 0.506 0.126 0.000 0.729 0.369 0.426 0.000 0.613 0.013]
  eval: e=0.0249  p=[0.868 0.507 0.126 0.000 0.729 0.369 0.426 0.000 0.614 0.013]
   892         1329         0.024882         contract inside
  eval: e=0.0249  p=[0.867 0.506 0.126 0.000 0.729 0.369 0.427 0.000 0.614 0.013]
   893         1330         0.024882         reflect
  eval: e=0.0249  p=[0.867 0.506 0.126 0.000 0.729 0.369 0.427 0.000 0.614 0.013]
   894         1331         0.024882         reflect
  eval: e=0.0249  p=[0.867 0.506 0.126 0.000 0.729 0.369 0.427 0.000 0.614 0.013]
  eval: e=0.0249  p=[0.868 0.507 0.126 0.000 0.729 0.369 0.426 0.000 0.613 0.013]
   895         1333         0.024882         contract inside
  eval: e=0.0249  p=[0.867 0.506 0.126 0.000 0.729 0.369 0.427 0.000 0.614 0.013]
  eval: e=0.0249  p=[0.867 0.506 0.126 0.000 0.729 0.369 0.427 0.000 0.614 0.013]
   896         1335         0.024882         expand
  eval: e=0.0249  p=[0.868 0.507 0.126 0.000 0.730 0.369 0.426 0.000 0.614 0.013]
   897         1336         0.024882         reflect
  eval: e=0.0249  p=[0.867 0.507 0.126 0.000 0.730 0.369 0.426 0.000 0.614 0.013]
   898         1337         0.024882         reflect
  eval: e=0.0249  p=[0.867 0.506 0.126 0.000 0.729 0.369 0.427 0.000 0.614 0.013]
  eval: e=0.0249  p=[0.867 0.506 0.126 0.000 0.729 0.370 0.428 0.000 0.614 0.013]
   899         1339         0.024882         reflect
  eval: e=0.0249  p=[0.867 0.506 0.126 0.000 0.729 0.370 0.428 0.000 0.614 0.013]
  eval: e=0.0249  p=[0.867 0.506 0.126 0.000 0.729 0.370 0.429 0.000 0.615 0.013]
   900         1341         0.024882         reflect
  eval: e=0.0249  p=[0.867 0.506 0.126 0.000 0.729 0.369 0.426 0.000 0.614 0.013]
   901         1342         0.024882         reflect
  eval: e=0.0249  p=[0.867 0.506 0.126 0.000 0.729 0.369 0.427 0.000 0.614 0.013]
   902         1343         0.024882         reflect
  eval: e=0.0249  p=[0.867 0.506 0.126 0.000 0.729 0.370 0.428 0.000 0.614 0.013]
  eval: e=0.0249  p=[0.867 0.506 0.126 0.000 0.729 0.370 0.428 0.000 0.615 0.013]
   903         1345         0.024882         reflect
  eval: e=0.0249  p=[0.867 0.506 0.126 0.000 0.729 0.369 0.426 0.000 0.614 0.013]
   904         1346         0.024882         reflect
  eval: e=0.0249  p=[0.867 0.506 0.126 0.000 0.729 0.370 0.428 0.000 0.614 0.013]
   905         1347         0.024882         reflect
  eval: e=0.0249  p=[0.867 0.506 0.126 0.000 0.729 0.369 0.427 0.000 0.614 0.013]
  eval: e=0.0249  p=[0.867 0.506 0.126 0.000 0.729 0.370 0.427 0.000 0.614 0.013]
   906         1349        0.0248819         reflect
  eval: e=0.0249  p=[0.867 0.506 0.126 0.000 0.729 0.370 0.428 0.000 0.614 0.013]
   907         1350        0.0248819         reflect
  eval: e=0.0249  p=[0.867 0.507 0.126 0.000 0.729 0.369 0.426 0.000 0.614 0.013]
  eval: e=0.0249  p=[0.867 0.506 0.126 0.000 0.729 0.370 0.428 0.000 0.614 0.013]
   908         1352        0.0248819         contract inside
  eval: e=0.0249  p=[0.867 0.506 0.126 0.000 0.729 0.370 0.428 0.000 0.614 0.013]
  eval: e=0.0249  p=[0.867 0.506 0.126 0.000 0.729 0.370 0.427 0.000 0.614 0.013]
   909         1354        0.0248819         contract outside
  eval: e=0.0249  p=[0.867 0.506 0.126 0.000 0.729 0.370 0.429 0.000 0.615 0.013]
  eval: e=0.0249  p=[0.867 0.506 0.126 0.000 0.729 0.369 0.426 0.000 0.614 0.013]
   910         1356        0.0248819         contract inside
  eval: e=0.0249  p=[0.867 0.506 0.126 0.000 0.729 0.369 0.427 0.000 0.614 0.013]
  eval: e=0.0249  p=[0.867 0.506 0.126 0.000 0.729 0.370 0.428 0.000 0.614 0.013]
   911         1358        0.0248819         contract inside
  eval: e=0.0249  p=[0.867 0.506 0.126 0.000 0.729 0.370 0.427 0.000 0.614 0.013]
   912         1359        0.0248819         reflect
  eval: e=0.0249  p=[0.867 0.506 0.126 0.000 0.729 0.370 0.427 0.000 0.614 0.013]
  eval: e=0.0249  p=[0.867 0.506 0.126 0.000 0.729 0.369 0.427 0.000 0.614 0.013]
   913         1361        0.0248819         contract inside
  eval: e=0.0249  p=[0.867 0.506 0.126 0.000 0.729 0.370 0.427 0.000 0.614 0.013]
   914         1362        0.0248819         reflect
  eval: e=0.0249  p=[0.867 0.506 0.126 0.000 0.729 0.370 0.428 0.000 0.615 0.013]
   915         1363        0.0248819         reflect
  eval: e=0.0249  p=[0.867 0.506 0.126 0.000 0.729 0.369 0.427 0.000 0.614 0.013]
  eval: e=0.0249  p=[0.867 0.506 0.126 0.000 0.729 0.370 0.428 0.000 0.614 0.013]
   916         1365        0.0248819         contract inside
  eval: e=0.0249  p=[0.867 0.506 0.126 0.000 0.729 0.369 0.427 0.000 0.614 0.013]
   917         1366        0.0248819         reflect
  eval: e=0.0249  p=[0.867 0.506 0.126 0.000 0.729 0.370 0.429 0.000 0.615 0.013]
  eval: e=0.0249  p=[0.867 0.506 0.126 0.000 0.729 0.369 0.427 0.000 0.614 0.013]
   918         1368        0.0248819         contract inside
  eval: e=0.0249  p=[0.867 0.506 0.126 0.000 0.729 0.369 0.427 0.000 0.615 0.013]
  eval: e=0.0249  p=[0.867 0.506 0.126 0.000 0.729 0.370 0.428 0.000 0.614 0.013]
   919         1370        0.0248819         contract inside
  eval: e=0.0249  p=[0.867 0.506 0.126 0.000 0.729 0.370 0.428 0.000 0.614 0.013]
  eval: e=0.0249  p=[0.867 0.506 0.126 0.000 0.729 0.370 0.427 0.000 0.614 0.013]
   920         1372        0.0248819         contract inside
  eval: e=0.0249  p=[0.867 0.506 0.126 0.000 0.729 0.370 0.427 0.000 0.614 0.013]
   921         1373        0.0248819         reflect
  eval: e=0.0249  p=[0.867 0.506 0.126 0.000 0.729 0.370 0.428 0.000 0.614 0.013]
  eval: e=0.0249  p=[0.867 0.506 0.126 0.000 0.729 0.370 0.427 0.000 0.614 0.013]
   922         1375        0.0248819         contract inside
  eval: e=0.0249  p=[0.867 0.506 0.126 0.000 0.729 0.370 0.428 0.000 0.614 0.013]
  eval: e=0.0249  p=[0.867 0.506 0.126 0.000 0.729 0.369 0.427 0.000 0.614 0.013]
   923         1377        0.0248819         contract inside
  eval: e=0.0249  p=[0.867 0.506 0.126 0.000 0.729 0.370 0.427 0.000 0.614 0.013]
   924         1378        0.0248819         reflect
  eval: e=0.0249  p=[0.867 0.506 0.126 0.000 0.729 0.369 0.427 0.000 0.614 0.013]
   925         1379        0.0248819         reflect
  eval: e=0.0249  p=[0.867 0.506 0.126 0.000 0.729 0.369 0.427 0.000 0.614 0.013]
   926         1380        0.0248819         reflect
  eval: e=0.0249  p=[0.867 0.506 0.126 0.000 0.729 0.370 0.427 0.000 0.614 0.013]
  eval: e=0.0249  p=[0.867 0.506 0.126 0.000 0.729 0.370 0.427 0.000 0.614 0.013]
   927         1382        0.0248819         reflect
  eval: e=0.0249  p=[0.867 0.506 0.126 0.000 0.729 0.370 0.427 0.000 0.614 0.013]
  eval: e=0.0249  p=[0.867 0.506 0.126 0.000 0.729 0.369 0.427 0.000 0.614 0.013]
   928         1384        0.0248819         contract inside
  eval: e=0.0249  p=[0.867 0.506 0.126 0.000 0.729 0.369 0.426 0.000 0.614 0.013]
   929         1385        0.0248819         reflect
  eval: e=0.0249  p=[0.867 0.506 0.126 0.000 0.729 0.369 0.427 0.000 0.614 0.013]
  eval: e=0.0249  p=[0.867 0.506 0.126 0.000 0.729 0.369 0.427 0.000 0.614 0.013]
  eval: e=0.0249  p=[0.867 0.506 0.126 0.000 0.729 0.370 0.427 0.000 0.614 0.013]
  eval: e=0.0249  p=[0.867 0.506 0.126 0.000 0.729 0.369 0.427 0.000 0.614 0.013]
  eval: e=0.0249  p=[0.867 0.506 0.126 0.000 0.729 0.369 0.427 0.000 0.614 0.013]
  eval: e=0.0249  p=[0.867 0.506 0.126 0.000 0.729 0.369 0.427 0.000 0.614 0.013]
  eval: e=0.0249  p=[0.867 0.506 0.126 0.000 0.729 0.369 0.427 0.000 0.614 0.013]
  eval: e=0.0249  p=[0.867 0.506 0.126 0.000 0.729 0.370 0.427 0.000 0.614 0.013]
  eval: e=0.0249  p=[0.867 0.506 0.126 0.000 0.729 0.369 0.427 0.000 0.614 0.013]
  eval: e=0.0249  p=[0.867 0.506 0.126 0.000 0.729 0.370 0.427 0.000 0.614 0.013]
  eval: e=0.0249  p=[0.867 0.506 0.126 0.000 0.729 0.370 0.427 0.000 0.614 0.013]
  eval: e=0.0249  p=[0.867 0.506 0.126 0.000 0.729 0.370 0.427 0.000 0.614 0.013]
   930         1397        0.0248819         shrink
  eval: e=0.0249  p=[0.867 0.506 0.126 0.000 0.729 0.369 0.427 0.000 0.614 0.013]
  eval: e=0.0249  p=[0.867 0.506 0.126 0.000 0.729 0.369 0.427 0.000 0.614 0.013]
   931         1399        0.0248819         contract inside
  eval: e=0.0249  p=[0.867 0.506 0.126 0.000 0.729 0.369 0.427 0.000 0.614 0.013]
   932         1400        0.0248819         reflect
  eval: e=0.0249  p=[0.867 0.506 0.126 0.000 0.729 0.369 0.427 0.000 0.614 0.013]
   933         1401        0.0248819         reflect
  eval: e=0.0249  p=[0.867 0.506 0.126 0.000 0.729 0.370 0.427 0.000 0.614 0.013]
  eval: e=0.0249  p=[0.867 0.506 0.126 0.000 0.729 0.369 0.427 0.000 0.614 0.013]
  eval: e=0.0249  p=[0.867 0.506 0.126 0.000 0.729 0.369 0.427 0.000 0.614 0.013]
  eval: e=0.0249  p=[0.867 0.506 0.126 0.000 0.729 0.369 0.427 0.000 0.614 0.013]
  eval: e=0.0249  p=[0.867 0.506 0.126 0.000 0.729 0.369 0.427 0.000 0.614 0.013]
  eval: e=0.0249  p=[0.867 0.506 0.126 0.000 0.729 0.369 0.427 0.000 0.614 0.013]
  eval: e=0.0249  p=[0.867 0.506 0.126 0.000 0.729 0.369 0.427 0.000 0.614 0.013]
  eval: e=0.0249  p=[0.867 0.506 0.126 0.000 0.729 0.369 0.427 0.000 0.614 0.013]
  eval: e=0.0249  p=[0.867 0.506 0.126 0.000 0.729 0.369 0.427 0.000 0.614 0.013]
  eval: e=0.0249  p=[0.867 0.506 0.126 0.000 0.729 0.369 0.427 0.000 0.614 0.013]
  eval: e=0.0249  p=[0.867 0.506 0.126 0.000 0.729 0.369 0.427 0.000 0.614 0.013]
  eval: e=0.0249  p=[0.867 0.506 0.126 0.000 0.729 0.369 0.427 0.000 0.614 0.013]
   934         1413        0.0248819         shrink
  eval: e=0.0249  p=[0.867 0.506 0.126 0.000 0.729 0.369 0.427 0.000 0.614 0.013]
   935         1414        0.0248819         reflect
  eval: e=0.0249  p=[0.867 0.506 0.126 0.000 0.729 0.369 0.427 0.000 0.614 0.013]
   936         1415        0.0248819         reflect
  eval: e=0.0249  p=[0.867 0.506 0.126 0.000 0.729 0.369 0.427 0.000 0.614 0.013]
   937         1416        0.0248819         reflect
  eval: e=0.0249  p=[0.867 0.506 0.126 0.000 0.729 0.369 0.427 0.000 0.614 0.013]
  eval: e=0.0249  p=[0.867 0.506 0.126 0.000 0.729 0.369 0.427 0.000 0.614 0.013]
  eval: e=0.0249  p=[0.867 0.506 0.126 0.000 0.729 0.369 0.427 0.000 0.614 0.013]
  eval: e=0.0249  p=[0.867 0.506 0.126 0.000 0.729 0.369 0.427 0.000 0.614 0.013]
  eval: e=0.0249  p=[0.867 0.506 0.126 0.000 0.729 0.369 0.427 0.000 0.614 0.013]
  eval: e=0.0249  p=[0.867 0.506 0.126 0.000 0.729 0.369 0.427 0.000 0.614 0.013]
  eval: e=0.0249  p=[0.867 0.506 0.126 0.000 0.729 0.369 0.427 0.000 0.614 0.013]
  eval: e=0.0249  p=[0.867 0.506 0.126 0.000 0.729 0.369 0.427 0.000 0.614 0.013]
  eval: e=0.0249  p=[0.867 0.506 0.126 0.000 0.729 0.369 0.427 0.000 0.614 0.013]
  eval: e=0.0249  p=[0.867 0.506 0.126 0.000 0.729 0.369 0.427 0.000 0.614 0.013]
  eval: e=0.0249  p=[0.867 0.506 0.126 0.000 0.729 0.369 0.427 0.000 0.614 0.013]
  eval: e=0.0249  p=[0.867 0.506 0.126 0.000 0.729 0.369 0.427 0.000 0.614 0.013]
   938         1428        0.0248819         shrink
  eval: e=0.0249  p=[0.867 0.506 0.126 0.000 0.729 0.369 0.427 0.000 0.614 0.013]
   939         1429        0.0248819         reflect
  eval: e=0.0249  p=[0.867 0.506 0.126 0.000 0.729 0.369 0.427 0.000 0.614 0.013]
  eval: e=0.0249  p=[0.867 0.506 0.126 0.000 0.729 0.369 0.427 0.000 0.614 0.013]
   940         1431        0.0248819         contract inside
 
Optimization terminated:
 the current x satisfies the termination criteria using OPTIONS.TolX of 1.000000e-04 
 and F(X) satisfies the convergence criteria using OPTIONS.TolFun of 1.000000e-06 

=== Fit complete: error=0.024882  AIC=-3559.1 ===
=== restart 10 (B) done: e=0.024882 ===
MULTISTART B COMPLETE (6-10)
