  eval: e=0.3517  p=[0.600 0.500 0.500 0.500 0.500 0.500 0.500 0.500 0.500 0.500]
 
 Iteration   Func-count         f(x)         Procedure
     0            1         0.351749         
  eval: e=0.3518  p=[0.630 0.500 0.500 0.500 0.500 0.500 0.500 0.500 0.500 0.500]
  eval: e=0.3458  p=[0.600 0.525 0.500 0.500 0.500 0.500 0.500 0.500 0.500 0.500]
  eval: e=0.3452  p=[0.600 0.500 0.525 0.500 0.500 0.500 0.500 0.500 0.500 0.500]
  eval: e=0.3569  p=[0.600 0.500 0.500 0.525 0.500 0.500 0.500 0.500 0.500 0.500]
  eval: e=0.3509  p=[0.600 0.500 0.500 0.500 0.525 0.500 0.500 0.500 0.500 0.500]
  eval: e=0.3533  p=[0.600 0.500 0.500 0.500 0.500 0.525 0.500 0.500 0.500 0.500]
  eval: e=0.3518  p=[0.600 0.500 0.500 0.500 0.500 0.500 0.525 0.500 0.500 0.500]
  eval: e=0.3556  p=[0.600 0.500 0.500 0.500 0.500 0.500 0.500 0.525 0.500 0.500]
  eval: e=0.3516  p=[0.600 0.500 0.500 0.500 0.500 0.500 0.500 0.500 0.525 0.500]
  eval: e=0.3515  p=[0.600 0.500 0.500 0.500 0.500 0.500 0.500 0.500 0.500 0.525]
     1           11         0.345175         initial simplex
  eval: e=0.3443  p=[0.606 0.505 0.505 0.475 0.505 0.505 0.505 0.505 0.505 0.505]
  eval: e=0.3366  p=[0.609 0.508 0.508 0.450 0.508 0.508 0.508 0.508 0.508 0.508]
     2           13          0.33661         expand
  eval: e=0.3421  p=[0.608 0.507 0.507 0.490 0.507 0.507 0.507 0.477 0.507 0.507]
     3           14          0.33661         reflect
  eval: e=0.3424  p=[0.609 0.508 0.508 0.488 0.508 0.478 0.508 0.497 0.508 0.508]
     4           15          0.33661         reflect
  eval: e=0.3420  p=[0.575 0.509 0.509 0.486 0.509 0.498 0.509 0.496 0.509 0.509]
     5           16          0.33661         reflect
  eval: e=0.3400  p=[0.600 0.511 0.511 0.483 0.511 0.498 0.481 0.495 0.511 0.511]
     6           17          0.33661         reflect
  eval: e=0.3373  p=[0.600 0.513 0.513 0.479 0.513 0.498 0.502 0.494 0.513 0.513]
     7           18          0.33661         reflect
  eval: e=0.3342  p=[0.600 0.516 0.516 0.475 0.516 0.497 0.503 0.493 0.486 0.516]
  eval: e=0.3232  p=[0.601 0.524 0.524 0.463 0.524 0.496 0.504 0.490 0.467 0.524]
     8           20         0.323214         expand
  eval: e=0.3281  p=[0.601 0.521 0.521 0.468 0.521 0.496 0.504 0.491 0.505 0.491]
     9           21         0.323214         reflect
  eval: e=0.3228  p=[0.601 0.525 0.525 0.461 0.495 0.496 0.505 0.490 0.505 0.514]
  eval: e=0.3018  p=[0.601 0.538 0.538 0.442 0.480 0.493 0.507 0.484 0.508 0.521]
    10           23         0.301808         expand
  eval: e=0.3223  p=[0.601 0.503 0.533 0.450 0.516 0.494 0.506 0.487 0.507 0.519]
    11           24         0.301808         reflect
  eval: e=0.3168  p=[0.601 0.528 0.509 0.439 0.520 0.493 0.507 0.484 0.508 0.522]
    12           25         0.301808         reflect
  eval: e=0.3150  p=[0.590 0.525 0.527 0.442 0.514 0.518 0.499 0.484 0.501 0.517]
    13           26         0.301808         reflect
  eval: e=0.3085  p=[0.588 0.530 0.532 0.430 0.517 0.492 0.499 0.506 0.501 0.521]
    14           27         0.301808         reflect
  eval: e=0.2993  p=[0.623 0.531 0.534 0.423 0.516 0.499 0.494 0.489 0.496 0.520]
  eval: e=0.2628  p=[0.647 0.542 0.546 0.392 0.519 0.499 0.487 0.485 0.490 0.526]
    15           29         0.262826         expand
  eval: e=0.2846  p=[0.607 0.535 0.539 0.408 0.515 0.499 0.524 0.487 0.490 0.521]
    16           30         0.262826         reflect
  eval: e=0.2746  p=[0.609 0.537 0.542 0.397 0.513 0.500 0.506 0.487 0.483 0.520]
    17           31         0.262826         reflect
  eval: e=0.2554  p=[0.600 0.549 0.555 0.416 0.520 0.489 0.501 0.470 0.485 0.529]
  eval: e=0.1715  p=[0.595 0.570 0.579 0.399 0.527 0.480 0.498 0.451 0.473 0.540]
    18           33         0.171452         expand
  eval: e=0.2424  p=[0.607 0.545 0.553 0.385 0.508 0.497 0.504 0.478 0.481 0.555]
    19           34         0.171452         reflect
  eval: e=0.2299  p=[0.609 0.546 0.555 0.374 0.502 0.498 0.503 0.477 0.522 0.528]
    20           35         0.171452         reflect
  eval: e=0.1997  p=[0.610 0.576 0.551 0.372 0.507 0.500 0.501 0.478 0.485 0.536]
    21           36         0.171452         reflect
  eval: e=0.1807  p=[0.612 0.560 0.583 0.369 0.501 0.502 0.498 0.480 0.478 0.535]
    22           37         0.171452         reflect
  eval: e=0.1498  p=[0.627 0.571 0.577 0.352 0.504 0.474 0.506 0.478 0.482 0.543]
  eval: e=0.1111  p=[0.646 0.594 0.602 0.307 0.498 0.451 0.509 0.475 0.472 0.556]
    23           39         0.111061         expand
  eval: e=0.1119  p=[0.641 0.579 0.585 0.339 0.497 0.492 0.508 0.450 0.476 0.547]
    24           40         0.111061         reflect
  eval: e=0.0922  p=[0.635 0.579 0.589 0.307 0.537 0.490 0.501 0.465 0.462 0.552]
  eval: e=0.2403  p=[0.653 0.599 0.615 0.240 0.565 0.489 0.498 0.456 0.439 0.567]
    25           42        0.0921702         reflect
  eval: e=0.1036  p=[0.635 0.591 0.598 0.320 0.507 0.482 0.480 0.458 0.474 0.558]
    26           43        0.0921702         reflect
  eval: e=0.1186  p=[0.639 0.599 0.606 0.316 0.507 0.478 0.491 0.452 0.479 0.566]
    27           44        0.0921702         reflect
  eval: e=0.1465  p=[0.599 0.606 0.614 0.306 0.499 0.475 0.512 0.448 0.471 0.569]
    28           45        0.0921702         reflect
  eval: e=0.1758  p=[0.637 0.615 0.620 0.297 0.508 0.473 0.497 0.449 0.477 0.542]
    29           46        0.0921702         reflect
  eval: e=0.2287  p=[0.641 0.628 0.630 0.292 0.516 0.467 0.496 0.445 0.427 0.572]
  eval: e=0.1339  p=[0.633 0.607 0.611 0.313 0.512 0.475 0.498 0.453 0.451 0.561]
    30           48        0.0921702         contract outside
  eval: e=0.2281  p=[0.644 0.604 0.646 0.282 0.512 0.460 0.498 0.438 0.458 0.569]
  eval: e=0.1287  p=[0.619 0.583 0.575 0.350 0.508 0.490 0.500 0.468 0.478 0.544]
    31           50        0.0921702         contract inside
  eval: e=0.2220  p=[0.644 0.624 0.613 0.282 0.519 0.455 0.500 0.434 0.464 0.572]
  eval: e=0.1203  p=[0.620 0.576 0.591 0.347 0.505 0.490 0.499 0.468 0.475 0.544]
    32           52        0.0921702         contract inside
  eval: e=0.1725  p=[0.616 0.562 0.570 0.364 0.511 0.488 0.503 0.469 0.465 0.565]
  eval: e=0.1226  p=[0.621 0.575 0.583 0.347 0.511 0.484 0.501 0.464 0.468 0.559]
    33           54        0.0921702         contract outside
  eval: e=0.1866  p=[0.662 0.608 0.612 0.251 0.489 0.482 0.502 0.469 0.468 0.572]
  eval: e=0.1192  p=[0.612 0.579 0.587 0.362 0.518 0.480 0.499 0.456 0.472 0.548]
    34           56        0.0921702         contract inside
  eval: e=0.1603  p=[0.661 0.566 0.571 0.356 0.521 0.488 0.485 0.474 0.471 0.538]
  eval: e=0.1122  p=[0.614 0.596 0.603 0.318 0.505 0.478 0.505 0.454 0.471 0.561]
    35           58        0.0921702         contract inside
  eval: e=0.1564  p=[0.623 0.563 0.572 0.350 0.506 0.489 0.501 0.470 0.494 0.546]
  eval: e=0.1065  p=[0.630 0.596 0.602 0.322 0.511 0.478 0.499 0.457 0.462 0.557]
    36           60        0.0921702         contract inside
  eval: e=0.1259  p=[0.640 0.590 0.614 0.307 0.511 0.471 0.498 0.452 0.464 0.566]
  eval: e=0.1074  p=[0.635 0.588 0.604 0.318 0.510 0.476 0.499 0.456 0.468 0.560]
    37           62        0.0921702         contract outside
  eval: e=0.1326  p=[0.640 0.600 0.611 0.304 0.508 0.475 0.497 0.455 0.474 0.550]
  eval: e=0.1054  p=[0.626 0.581 0.590 0.336 0.510 0.482 0.500 0.462 0.470 0.557]
    38           64        0.0921702         contract inside
  eval: e=0.1310  p=[0.643 0.600 0.603 0.302 0.514 0.467 0.499 0.449 0.466 0.568]
  eval: e=0.1047  p=[0.625 0.582 0.594 0.336 0.508 0.484 0.499 0.463 0.473 0.550]
    39           66        0.0921702         contract inside
  eval: e=0.1416  p=[0.653 0.598 0.608 0.282 0.500 0.478 0.499 0.463 0.469 0.565]
  eval: e=0.1031  p=[0.622 0.584 0.592 0.342 0.513 0.480 0.499 0.457 0.471 0.552]
    40           68        0.0921702         contract inside
  eval: e=0.1125  p=[0.623 0.575 0.586 0.334 0.512 0.481 0.509 0.467 0.460 0.544]
  eval: e=0.1033  p=[0.627 0.581 0.591 0.329 0.511 0.480 0.504 0.463 0.465 0.550]
    41           70        0.0921702         contract outside
  eval: e=0.1102  p=[0.650 0.575 0.586 0.333 0.516 0.481 0.494 0.467 0.468 0.547]
    42           71        0.0921702         reflect
  eval: e=0.1021  p=[0.626 0.591 0.604 0.311 0.527 0.465 0.489 0.475 0.461 0.561]
    43           72        0.0921702         reflect
  eval: e=0.1017  p=[0.617 0.576 0.588 0.344 0.531 0.508 0.483 0.449 0.463 0.552]
    44           73        0.0921702         reflect
  eval: e=0.1084  p=[0.606 0.595 0.604 0.320 0.517 0.484 0.496 0.454 0.466 0.563]
  eval: e=0.1008  p=[0.617 0.590 0.600 0.323 0.517 0.483 0.496 0.457 0.466 0.559]
    45           75        0.0921702         contract outside
  eval: e=0.1035  p=[0.617 0.582 0.585 0.336 0.524 0.491 0.491 0.466 0.466 0.549]
    46           76        0.0921702         reflect
  eval: e=0.1115  p=[0.619 0.571 0.584 0.335 0.526 0.491 0.490 0.466 0.472 0.551]
  eval: e=0.0998  p=[0.628 0.590 0.597 0.325 0.515 0.481 0.496 0.459 0.464 0.556]
    47           78        0.0921702         contract inside
  eval: e=0.0966  p=[0.624 0.588 0.598 0.318 0.528 0.487 0.487 0.461 0.464 0.550]
    48           79        0.0921702         reflect
  eval: e=0.0957  p=[0.624 0.588 0.595 0.315 0.534 0.485 0.486 0.459 0.459 0.558]
    49           80        0.0921702         reflect
  eval: e=0.0941  p=[0.613 0.579 0.590 0.330 0.541 0.488 0.507 0.465 0.454 0.550]
    50           81        0.0921702         reflect
  eval: e=0.1051  p=[0.629 0.587 0.604 0.313 0.527 0.479 0.499 0.457 0.460 0.558]
  eval: e=0.0974  p=[0.620 0.583 0.590 0.330 0.525 0.488 0.493 0.463 0.464 0.552]
    51           83        0.0921702         contract inside
  eval: e=0.0928  p=[0.618 0.589 0.598 0.320 0.543 0.491 0.483 0.459 0.461 0.559]
    52           84        0.0921702         reflect
  eval: e=0.0971  p=[0.622 0.587 0.598 0.303 0.546 0.494 0.485 0.465 0.452 0.557]
    53           85        0.0921702         reflect
  eval: e=0.0939  p=[0.618 0.578 0.584 0.332 0.536 0.514 0.495 0.446 0.461 0.548]
    54           86        0.0921702         reflect
  eval: e=0.1098  p=[0.627 0.594 0.600 0.297 0.533 0.472 0.503 0.471 0.459 0.556]
  eval: e=0.0943  p=[0.619 0.580 0.591 0.332 0.532 0.499 0.488 0.455 0.462 0.553]
    55           88        0.0921702         contract inside
  eval: e=0.0882  p=[0.628 0.578 0.586 0.320 0.550 0.500 0.489 0.462 0.454 0.548]
  eval: e=0.0890  p=[0.633 0.572 0.579 0.318 0.567 0.509 0.485 0.464 0.448 0.542]
    56           90        0.0881798         reflect
  eval: e=0.0849  p=[0.617 0.576 0.586 0.316 0.560 0.506 0.486 0.461 0.454 0.550]
  eval: e=0.0817  p=[0.611 0.569 0.581 0.312 0.582 0.519 0.481 0.461 0.448 0.546]
    57           92        0.0817102         expand
  eval: e=0.0869  p=[0.622 0.580 0.592 0.308 0.561 0.506 0.488 0.456 0.451 0.552]
    58           93        0.0817102         reflect
  eval: e=0.0984  p=[0.621 0.575 0.583 0.336 0.543 0.502 0.496 0.453 0.463 0.546]
  eval: e=0.0909  p=[0.622 0.584 0.594 0.311 0.545 0.496 0.488 0.462 0.455 0.554]
    59           95        0.0817102         contract inside
  eval: e=0.0858  p=[0.618 0.573 0.582 0.319 0.565 0.511 0.494 0.457 0.450 0.553]
    60           96        0.0817102         reflect
  eval: e=0.0906  p=[0.617 0.570 0.583 0.323 0.564 0.518 0.496 0.459 0.453 0.546]
    61           97        0.0817102         reflect
  eval: e=0.0804  p=[0.621 0.575 0.585 0.304 0.573 0.507 0.496 0.464 0.448 0.548]
  eval: e=0.0757  p=[0.622 0.573 0.582 0.290 0.594 0.511 0.500 0.468 0.441 0.546]
    62           99        0.0756731         expand
  eval: e=0.0806  p=[0.630 0.575 0.585 0.298 0.575 0.523 0.476 0.454 0.453 0.551]
    63          100        0.0756731         reflect
  eval: e=0.0814  p=[0.627 0.575 0.590 0.289 0.587 0.499 0.484 0.475 0.445 0.553]
    64          101        0.0756731         reflect
  eval: e=0.0801  p=[0.628 0.562 0.575 0.295 0.590 0.523 0.496 0.465 0.442 0.542]
    65          102        0.0756731         reflect
  eval: e=0.0723  p=[0.609 0.569 0.581 0.306 0.606 0.531 0.478 0.459 0.436 0.547]
  eval: e=0.0701  p=[0.596 0.564 0.576 0.305 0.640 0.551 0.466 0.456 0.423 0.545]
    66          104        0.0700894         expand
  eval: e=0.0794  p=[0.618 0.560 0.572 0.301 0.616 0.536 0.486 0.461 0.437 0.542]
    67          105        0.0700894         reflect
  eval: e=0.0745  p=[0.623 0.572 0.582 0.285 0.608 0.518 0.476 0.464 0.436 0.550]
    68          106        0.0700894         reflect
  eval: e=0.0649  p=[0.611 0.562 0.577 0.281 0.633 0.539 0.481 0.462 0.431 0.549]
  eval: e=0.0583  p=[0.603 0.554 0.573 0.261 0.675 0.558 0.477 0.461 0.420 0.549]
    69          108        0.0583362         expand
  eval: e=0.0725  p=[0.613 0.556 0.567 0.284 0.645 0.544 0.480 0.468 0.428 0.543]
    70          109        0.0583362         reflect
  eval: e=0.0607  p=[0.616 0.559 0.574 0.265 0.658 0.546 0.471 0.470 0.425 0.540]
    71          110        0.0583362         reflect
  eval: e=0.0644  p=[0.624 0.561 0.574 0.263 0.655 0.543 0.481 0.467 0.421 0.546]
    72          111        0.0583362         reflect
  eval: e=0.0715  p=[0.608 0.552 0.562 0.280 0.664 0.572 0.478 0.452 0.420 0.538]
    73          112        0.0583362         reflect
  eval: e=0.0690  p=[0.601 0.548 0.563 0.267 0.694 0.558 0.486 0.472 0.406 0.537]
    74          113        0.0583362         reflect
  eval: e=0.0527  p=[0.597 0.557 0.570 0.265 0.700 0.565 0.464 0.463 0.410 0.546]
  eval: e=0.0505  p=[0.581 0.555 0.568 0.250 0.755 0.585 0.448 0.462 0.394 0.547]
    75          115        0.0505059         expand
  eval: e=0.0638  p=[0.599 0.559 0.572 0.250 0.701 0.561 0.466 0.467 0.406 0.546]
    76          116        0.0505059         reflect
  eval: e=0.0577  p=[0.591 0.543 0.561 0.252 0.745 0.596 0.446 0.460 0.395 0.542]
    77          117        0.0505059         reflect
  eval: e=0.0820  p=[0.583 0.538 0.557 0.251 0.759 0.605 0.464 0.463 0.392 0.537]
  eval: e=0.0627  p=[0.613 0.563 0.575 0.276 0.645 0.540 0.473 0.464 0.425 0.547]
    78          119        0.0505059         contract inside
  eval: e=0.0619  p=[0.594 0.556 0.573 0.250 0.721 0.578 0.459 0.458 0.399 0.544]
    79          120        0.0505059         reflect
  eval: e=0.0770  p=[0.596 0.560 0.580 0.248 0.714 0.551 0.457 0.475 0.402 0.551]
  eval: e=0.0585  p=[0.605 0.554 0.567 0.272 0.676 0.567 0.473 0.458 0.416 0.541]
    80          122        0.0505059         contract inside
  eval: e=0.0734  p=[0.609 0.547 0.563 0.216 0.745 0.575 0.470 0.472 0.398 0.544]
  eval: e=0.0590  p=[0.599 0.559 0.573 0.283 0.666 0.557 0.467 0.460 0.417 0.544]
    81          124        0.0505059         contract inside
  eval: e=0.0873  p=[0.604 0.565 0.579 0.257 0.686 0.569 0.446 0.453 0.418 0.552]
  eval: e=0.0564  p=[0.602 0.552 0.567 0.265 0.692 0.561 0.476 0.467 0.409 0.541]
    82          126        0.0505059         contract inside
  eval: e=0.0524  p=[0.577 0.550 0.566 0.262 0.732 0.587 0.450 0.458 0.399 0.543]
    83          127        0.0505059         reflect
  eval: e=0.0644  p=[0.597 0.550 0.567 0.278 0.692 0.574 0.461 0.456 0.414 0.542]
  eval: e=0.0556  p=[0.599 0.557 0.571 0.257 0.699 0.564 0.465 0.465 0.408 0.545]
    84          129        0.0505059         contract inside
  eval: e=0.0498  p=[0.580 0.544 0.563 0.247 0.758 0.600 0.453 0.460 0.391 0.541]
  eval: e=0.0718  p=[0.564 0.534 0.557 0.233 0.815 0.630 0.444 0.458 0.374 0.538]
    85          131        0.0498298         reflect
  eval: e=0.0681  p=[0.597 0.550 0.564 0.272 0.690 0.566 0.467 0.466 0.416 0.543]
  eval: e=0.0530  p=[0.594 0.554 0.570 0.256 0.714 0.575 0.461 0.460 0.403 0.544]
    86          133        0.0498298         contract inside
  eval: e=0.0577  p=[0.570 0.545 0.561 0.256 0.765 0.604 0.452 0.452 0.385 0.547]
    87          134        0.0498298         reflect
  eval: e=0.0466  p=[0.581 0.542 0.560 0.233 0.776 0.602 0.453 0.461 0.387 0.544]
  eval: e=0.0477  p=[0.572 0.534 0.554 0.207 0.831 0.625 0.446 0.461 0.372 0.543]
    88          136        0.0465569         reflect
  eval: e=0.0485  p=[0.571 0.545 0.566 0.236 0.786 0.600 0.444 0.463 0.382 0.548]
    89          137        0.0465569         reflect
  eval: e=0.0652  p=[0.566 0.543 0.558 0.241 0.810 0.617 0.432 0.460 0.371 0.539]
  eval: e=0.0519  p=[0.594 0.551 0.569 0.256 0.708 0.573 0.466 0.461 0.407 0.547]
    90          139        0.0465569         contract inside
  eval: e=0.0567  p=[0.604 0.553 0.571 0.247 0.708 0.565 0.460 0.471 0.410 0.541]
    91          140        0.0465569         reflect
  eval: e=0.0641  p=[0.585 0.557 0.574 0.250 0.721 0.566 0.470 0.466 0.403 0.546]
  eval: e=0.0499  p=[0.590 0.547 0.564 0.251 0.739 0.589 0.452 0.461 0.397 0.543]
    92          142        0.0465569         contract inside
  eval: e=0.0552  p=[0.570 0.546 0.562 0.256 0.764 0.603 0.453 0.452 0.386 0.548]
    93          143        0.0465569         reflect
  eval: e=0.0498  p=[0.566 0.546 0.565 0.236 0.794 0.615 0.433 0.453 0.382 0.549]
    94          144        0.0465569         reflect
  eval: e=0.0575  p=[0.562 0.540 0.560 0.240 0.806 0.621 0.437 0.454 0.378 0.545]
  eval: e=0.0506  p=[0.590 0.552 0.568 0.252 0.726 0.579 0.458 0.462 0.400 0.545]
    95          146        0.0465569         contract inside
  eval: e=0.0579  p=[0.595 0.551 0.570 0.240 0.734 0.578 0.450 0.468 0.403 0.543]
  eval: e=0.0487  p=[0.576 0.547 0.564 0.252 0.756 0.597 0.452 0.456 0.390 0.546]
    96          148        0.0465569         contract inside
  eval: e=0.0504  p=[0.567 0.542 0.560 0.239 0.793 0.610 0.441 0.459 0.383 0.547]
    97          149        0.0465569         reflect
  eval: e=0.0523  p=[0.582 0.545 0.563 0.229 0.786 0.603 0.450 0.461 0.384 0.549]
  eval: e=0.0482  p=[0.581 0.546 0.564 0.237 0.773 0.599 0.450 0.461 0.388 0.547]
    98          151        0.0465569         contract outside
  eval: e=0.0489  p=[0.562 0.542 0.559 0.230 0.823 0.622 0.431 0.459 0.372 0.545]
    99          152        0.0465569         reflect
  eval: e=0.0517  p=[0.561 0.539 0.558 0.230 0.825 0.625 0.433 0.457 0.373 0.546]
  eval: e=0.0480  p=[0.582 0.549 0.566 0.247 0.751 0.590 0.452 0.461 0.393 0.545]
   100          154        0.0465569         contract inside
  eval: e=0.0522  p=[0.570 0.535 0.558 0.232 0.794 0.620 0.444 0.457 0.379 0.543]
  eval: e=0.0477  p=[0.578 0.550 0.566 0.246 0.765 0.594 0.447 0.460 0.390 0.546]
   101          156        0.0465569         contract inside
  eval: e=0.0509  p=[0.587 0.550 0.567 0.244 0.751 0.592 0.452 0.459 0.391 0.544]
  eval: e=0.0474  p=[0.572 0.544 0.562 0.240 0.782 0.605 0.444 0.459 0.385 0.546]
   102          158        0.0465569         contract inside
  eval: e=0.0500  p=[0.560 0.544 0.563 0.229 0.814 0.616 0.440 0.457 0.375 0.548]
  eval: e=0.0476  p=[0.582 0.546 0.564 0.246 0.758 0.596 0.449 0.460 0.392 0.544]
   103          160        0.0465569         contract inside
  eval: e=0.0511  p=[0.588 0.545 0.562 0.247 0.751 0.586 0.462 0.467 0.392 0.542]
  eval: e=0.0472  p=[0.571 0.546 0.564 0.239 0.784 0.608 0.440 0.457 0.385 0.547]
   104          162        0.0465569         contract inside
  eval: e=0.0510  p=[0.571 0.547 0.564 0.234 0.792 0.602 0.439 0.460 0.381 0.551]
  eval: e=0.0475  p=[0.578 0.545 0.563 0.244 0.767 0.601 0.450 0.460 0.389 0.543]
   105          164        0.0465569         contract inside
  eval: e=0.0511  p=[0.592 0.550 0.568 0.253 0.716 0.576 0.465 0.461 0.405 0.547]
  eval: e=0.0468  p=[0.570 0.544 0.562 0.236 0.796 0.611 0.439 0.459 0.380 0.545]
   106          166        0.0465569         contract inside
  eval: e=0.0496  p=[0.577 0.544 0.563 0.229 0.791 0.604 0.441 0.464 0.384 0.545]
  eval: e=0.0472  p=[0.576 0.547 0.564 0.246 0.765 0.599 0.450 0.458 0.389 0.546]
   107          168        0.0465569         contract inside
  eval: e=0.0484  p=[0.584 0.546 0.561 0.247 0.757 0.601 0.451 0.456 0.393 0.543]
  eval: e=0.0472  p=[0.580 0.546 0.562 0.244 0.765 0.601 0.449 0.458 0.390 0.544]
   108          170        0.0465569         contract outside
  eval: e=0.0490  p=[0.574 0.546 0.562 0.247 0.769 0.602 0.444 0.458 0.388 0.543]
  eval: e=0.0471  p=[0.579 0.546 0.564 0.240 0.772 0.600 0.449 0.460 0.388 0.546]
   109          172        0.0465569         contract inside
  eval: e=0.0476  p=[0.571 0.542 0.560 0.236 0.795 0.613 0.442 0.458 0.381 0.545]
   110          173        0.0465569         reflect
  eval: e=0.0487  p=[0.574 0.540 0.559 0.235 0.787 0.613 0.446 0.457 0.383 0.544]
  eval: e=0.0469  p=[0.577 0.547 0.564 0.243 0.771 0.599 0.447 0.460 0.388 0.546]
   111          175        0.0465569         contract inside
  eval: e=0.0466  p=[0.569 0.544 0.561 0.234 0.797 0.612 0.444 0.458 0.381 0.546]
   112          176        0.0465569         reflect
  eval: e=0.0476  p=[0.580 0.548 0.565 0.244 0.759 0.594 0.451 0.460 0.391 0.546]
  eval: e=0.0468  p=[0.573 0.544 0.561 0.238 0.786 0.608 0.444 0.458 0.384 0.545]
   113          178        0.0465569         contract inside
  eval: e=0.0470  p=[0.572 0.545 0.562 0.235 0.792 0.608 0.442 0.458 0.382 0.548]
   114          179        0.0465569         reflect
  eval: e=0.0477  p=[0.578 0.546 0.563 0.237 0.778 0.604 0.447 0.458 0.386 0.545]
  eval: e=0.0467  p=[0.573 0.544 0.562 0.240 0.781 0.605 0.445 0.459 0.385 0.546]
   115          181        0.0465569         contract inside
  eval: e=0.0469  p=[0.573 0.543 0.561 0.230 0.799 0.612 0.441 0.459 0.382 0.545]
   116          182        0.0465569         reflect
  eval: e=0.0470  p=[0.578 0.543 0.560 0.236 0.783 0.604 0.450 0.461 0.385 0.544]
   117          183        0.0465569         reflect
  eval: e=0.0472  p=[0.569 0.542 0.561 0.228 0.806 0.611 0.441 0.461 0.378 0.547]
  eval: e=0.0467  p=[0.572 0.543 0.561 0.232 0.796 0.609 0.443 0.460 0.381 0.546]
   118          185        0.0465569         contract outside
  eval: e=0.0470  p=[0.569 0.542 0.559 0.232 0.803 0.614 0.441 0.459 0.379 0.545]
  eval: e=0.0466  p=[0.571 0.543 0.560 0.234 0.796 0.610 0.443 0.459 0.381 0.545]
   119          187        0.0465569         contract outside
  eval: e=0.0473  p=[0.568 0.545 0.563 0.235 0.794 0.611 0.438 0.457 0.382 0.547]
  eval: e=0.0466  p=[0.576 0.544 0.561 0.235 0.786 0.606 0.447 0.460 0.384 0.545]
   120          189        0.0465569         contract inside
  eval: e=0.0470  p=[0.575 0.543 0.561 0.236 0.785 0.607 0.447 0.461 0.384 0.543]
  eval: e=0.0466  p=[0.574 0.543 0.561 0.236 0.787 0.607 0.446 0.460 0.384 0.544]
   121          191        0.0465569         contract outside
  eval: e=0.0475  p=[0.574 0.545 0.562 0.242 0.775 0.602 0.449 0.460 0.386 0.545]
  eval: e=0.0465  p=[0.573 0.543 0.561 0.233 0.793 0.609 0.443 0.459 0.383 0.545]
   122          193        0.0465494         contract inside
  eval: e=0.0470  p=[0.569 0.539 0.558 0.227 0.808 0.617 0.443 0.459 0.377 0.545]
  eval: e=0.0466  p=[0.575 0.545 0.563 0.239 0.780 0.603 0.446 0.460 0.386 0.545]
   123          195        0.0465494         contract inside
  eval: e=0.0467  p=[0.574 0.544 0.561 0.233 0.791 0.607 0.446 0.461 0.383 0.545]
   124          196        0.0465494         reflect
  eval: e=0.0466  p=[0.578 0.543 0.561 0.233 0.780 0.603 0.452 0.460 0.387 0.545]
   125          197        0.0465494         reflect
  eval: e=0.0468  p=[0.575 0.542 0.560 0.229 0.795 0.609 0.448 0.460 0.382 0.544]
  eval: e=0.0466  p=[0.574 0.544 0.562 0.237 0.785 0.606 0.445 0.459 0.384 0.546]
   126          199        0.0465494         contract inside
  eval: e=0.0466  p=[0.577 0.544 0.561 0.237 0.778 0.605 0.449 0.459 0.387 0.544]
   127          200        0.0465494         reflect
  eval: e=0.0467  p=[0.576 0.543 0.561 0.238 0.780 0.606 0.448 0.458 0.386 0.545]
  eval: e=0.0465  p=[0.574 0.544 0.561 0.234 0.788 0.606 0.446 0.460 0.383 0.545]
   128          202        0.0465198         contract inside
  eval: e=0.0468  p=[0.571 0.544 0.561 0.237 0.793 0.610 0.441 0.459 0.381 0.545]
  eval: e=0.0465  p=[0.576 0.543 0.561 0.234 0.783 0.605 0.449 0.460 0.385 0.545]
   129          204        0.0465079         contract inside
  eval: e=0.0464  p=[0.574 0.541 0.559 0.230 0.794 0.610 0.447 0.459 0.382 0.544]
  eval: e=0.0465  p=[0.573 0.539 0.558 0.226 0.801 0.614 0.448 0.459 0.381 0.544]
   130          206        0.0464256         reflect
  eval: e=0.0465  p=[0.575 0.543 0.560 0.232 0.788 0.607 0.448 0.459 0.384 0.546]
   131          207        0.0464256         reflect
  eval: e=0.0467  p=[0.571 0.542 0.560 0.230 0.799 0.610 0.444 0.460 0.380 0.546]
  eval: e=0.0465  p=[0.576 0.543 0.561 0.235 0.783 0.606 0.448 0.459 0.385 0.545]
   132          209        0.0464256         contract inside
  eval: e=0.0466  p=[0.578 0.543 0.561 0.234 0.779 0.604 0.451 0.460 0.386 0.545]
  eval: e=0.0465  p=[0.573 0.543 0.560 0.234 0.791 0.609 0.445 0.459 0.383 0.545]
   133          211        0.0464256         contract inside
  eval: e=0.0466  p=[0.573 0.543 0.561 0.232 0.790 0.609 0.446 0.459 0.384 0.545]
  eval: e=0.0465  p=[0.574 0.543 0.561 0.233 0.789 0.608 0.447 0.459 0.384 0.545]
   134          213        0.0464256         contract outside
  eval: e=0.0465  p=[0.581 0.542 0.560 0.233 0.777 0.602 0.450 0.461 0.387 0.544]
   135          214        0.0464256         reflect
  eval: e=0.0466  p=[0.569 0.544 0.561 0.234 0.799 0.612 0.441 0.458 0.381 0.546]
  eval: e=0.0465  p=[0.578 0.543 0.560 0.233 0.782 0.605 0.450 0.460 0.386 0.544]
   136          216        0.0464256         contract inside
  eval: e=0.0465  p=[0.577 0.542 0.559 0.229 0.789 0.608 0.449 0.460 0.384 0.544]
   137          217        0.0464256         reflect
  eval: e=0.0465  p=[0.578 0.542 0.560 0.233 0.780 0.604 0.453 0.460 0.386 0.544]
   138          218        0.0464256         reflect
  eval: e=0.0465  p=[0.578 0.542 0.560 0.233 0.783 0.605 0.449 0.461 0.385 0.544]
   139          219        0.0464256         reflect
  eval: e=0.0464  p=[0.579 0.541 0.559 0.232 0.782 0.606 0.451 0.460 0.386 0.544]
  eval: e=0.0465  p=[0.581 0.540 0.558 0.231 0.779 0.606 0.454 0.460 0.387 0.543]
   140          221        0.0464154         reflect
  eval: e=0.0464  p=[0.577 0.541 0.559 0.231 0.787 0.608 0.449 0.460 0.384 0.544]
  eval: e=0.0464  p=[0.578 0.540 0.558 0.229 0.789 0.609 0.449 0.460 0.383 0.543]
   141          223        0.0463976         reflect
  eval: e=0.0465  p=[0.572 0.542 0.560 0.232 0.795 0.612 0.447 0.458 0.382 0.545]
   142          224        0.0463976         reflect
  eval: e=0.0463  p=[0.576 0.541 0.559 0.229 0.791 0.609 0.450 0.460 0.383 0.544]
  eval: e=0.0463  p=[0.576 0.539 0.558 0.225 0.795 0.610 0.450 0.460 0.382 0.544]
   143          226        0.0463225         expand
  eval: e=0.0463  p=[0.580 0.540 0.559 0.228 0.784 0.606 0.454 0.460 0.386 0.543]
   144          227        0.0463225         reflect
  eval: e=0.0464  p=[0.580 0.540 0.558 0.229 0.785 0.607 0.454 0.461 0.385 0.543]
   145          228        0.0463225         reflect
  eval: e=0.0463  p=[0.577 0.540 0.558 0.227 0.791 0.610 0.452 0.459 0.383 0.544]
   146          229        0.0463225         reflect
  eval: e=0.0465  p=[0.577 0.540 0.559 0.231 0.786 0.608 0.452 0.460 0.384 0.544]
  eval: e=0.0464  p=[0.577 0.541 0.559 0.230 0.788 0.608 0.450 0.460 0.384 0.544]
   147          231        0.0463225         contract inside
  eval: e=0.0463  p=[0.575 0.540 0.558 0.227 0.796 0.612 0.448 0.460 0.382 0.544]
  eval: e=0.0464  p=[0.574 0.539 0.558 0.224 0.804 0.616 0.445 0.459 0.380 0.543]
   148          233        0.0463177         reflect
  eval: e=0.0463  p=[0.575 0.539 0.557 0.225 0.798 0.613 0.451 0.459 0.382 0.543]
  eval: e=0.0464  p=[0.574 0.537 0.556 0.221 0.806 0.617 0.451 0.459 0.380 0.543]
   149          235        0.0463015         reflect
  eval: e=0.0462  p=[0.582 0.539 0.557 0.225 0.785 0.606 0.454 0.462 0.385 0.543]
  eval: e=0.0462  p=[0.588 0.537 0.556 0.222 0.781 0.604 0.457 0.464 0.387 0.542]
   150          237         0.046226         expand
  eval: e=0.0463  p=[0.583 0.539 0.557 0.225 0.784 0.606 0.456 0.461 0.386 0.542]
   151          238         0.046226         reflect
  eval: e=0.0462  p=[0.579 0.538 0.557 0.222 0.795 0.611 0.453 0.461 0.382 0.543]
   152          239         0.046226         reflect
  eval: e=0.0463  p=[0.580 0.538 0.556 0.221 0.792 0.610 0.455 0.461 0.384 0.543]
   153          240         0.046226         reflect
  eval: e=0.0465  p=[0.578 0.538 0.557 0.222 0.796 0.612 0.451 0.460 0.382 0.544]
  eval: e=0.0463  p=[0.579 0.540 0.558 0.227 0.788 0.608 0.453 0.461 0.384 0.543]
   154          242         0.046226         contract inside
  eval: e=0.0461  p=[0.581 0.537 0.556 0.220 0.792 0.610 0.456 0.461 0.383 0.542]
  eval: e=0.0460  p=[0.584 0.534 0.554 0.215 0.794 0.612 0.459 0.462 0.383 0.541]
   155          244        0.0459714         expand
  eval: e=0.0461  p=[0.580 0.537 0.555 0.219 0.799 0.613 0.453 0.461 0.381 0.543]
   156          245        0.0459714         reflect
  eval: e=0.0461  p=[0.583 0.536 0.555 0.218 0.793 0.610 0.455 0.463 0.383 0.541]
   157          246        0.0459714         reflect
  eval: e=0.0460  p=[0.585 0.536 0.555 0.219 0.789 0.609 0.457 0.462 0.385 0.541]
   158          247        0.0459714         reflect
  eval: e=0.0460  p=[0.588 0.535 0.553 0.216 0.787 0.607 0.462 0.464 0.386 0.541]
   159          248        0.0459714         reflect
  eval: e=0.0462  p=[0.591 0.535 0.554 0.215 0.783 0.605 0.461 0.464 0.387 0.541]
   160          249        0.0459714         reflect
  eval: e=0.0460  p=[0.589 0.533 0.552 0.211 0.792 0.609 0.461 0.464 0.384 0.540]
   161          250        0.0459714         reflect
  eval: e=0.0459  p=[0.586 0.533 0.552 0.211 0.798 0.612 0.459 0.464 0.382 0.540]
  eval: e=0.0458  p=[0.588 0.530 0.550 0.204 0.805 0.614 0.461 0.465 0.381 0.539]
   162          252        0.0457757         expand
  eval: e=0.0459  p=[0.590 0.533 0.552 0.211 0.791 0.609 0.460 0.465 0.384 0.539]
   163          253        0.0457757         reflect
  eval: e=0.0459  p=[0.594 0.531 0.551 0.208 0.787 0.608 0.465 0.466 0.386 0.539]
   164          254        0.0457757         reflect
  eval: e=0.0458  p=[0.587 0.530 0.550 0.206 0.803 0.615 0.461 0.464 0.381 0.539]
   165          255        0.0457757         reflect
  eval: e=0.0459  p=[0.583 0.532 0.551 0.210 0.805 0.616 0.457 0.463 0.380 0.540]
   166          256        0.0457757         reflect
  eval: e=0.0458  p=[0.594 0.529 0.550 0.205 0.790 0.609 0.467 0.466 0.385 0.538]
  eval: e=0.0457  p=[0.602 0.526 0.547 0.198 0.785 0.607 0.473 0.469 0.387 0.535]
   167          258        0.0457283         expand
  eval: e=0.0456  p=[0.595 0.528 0.548 0.201 0.795 0.611 0.468 0.466 0.384 0.538]
  eval: e=0.0454  p=[0.600 0.524 0.544 0.193 0.796 0.612 0.474 0.467 0.385 0.537]
   168          260         0.045445         expand
  eval: e=0.0455  p=[0.596 0.526 0.546 0.195 0.800 0.613 0.469 0.467 0.383 0.537]
   169          261         0.045445         reflect
  eval: e=0.0455  p=[0.594 0.525 0.546 0.195 0.805 0.616 0.466 0.467 0.381 0.537]
   170          262         0.045445         reflect
  eval: e=0.0455  p=[0.595 0.525 0.546 0.196 0.803 0.615 0.469 0.467 0.382 0.537]
   171          263         0.045445         reflect
  eval: e=0.0453  p=[0.602 0.522 0.543 0.188 0.802 0.613 0.473 0.470 0.383 0.535]
  eval: e=0.0450  p=[0.611 0.516 0.538 0.174 0.805 0.614 0.480 0.474 0.383 0.532]
   172          265        0.0450258         expand
  eval: e=0.0455  p=[0.609 0.521 0.542 0.186 0.791 0.608 0.478 0.471 0.386 0.534]
   173          266        0.0450258         reflect
  eval: e=0.0452  p=[0.605 0.518 0.540 0.180 0.805 0.616 0.479 0.470 0.383 0.534]
   174          267        0.0450258         reflect
  eval: e=0.0451  p=[0.603 0.517 0.540 0.177 0.812 0.619 0.478 0.471 0.380 0.533]
   175          268        0.0450258         reflect
  eval: e=0.0451  p=[0.614 0.515 0.538 0.174 0.798 0.612 0.484 0.474 0.385 0.532]
   176          269        0.0450258         reflect
  eval: e=0.0451  p=[0.618 0.513 0.536 0.170 0.795 0.612 0.489 0.474 0.386 0.530]
   177          270        0.0450258         reflect
  eval: e=0.0449  p=[0.607 0.514 0.536 0.170 0.816 0.620 0.480 0.472 0.380 0.533]
  eval: e=0.0448  p=[0.610 0.508 0.531 0.156 0.832 0.626 0.483 0.473 0.376 0.532]
   178          272        0.0448461         expand
  eval: e=0.0448  p=[0.616 0.511 0.534 0.164 0.809 0.618 0.487 0.474 0.383 0.530]
  eval: e=0.0445  p=[0.626 0.504 0.527 0.149 0.813 0.620 0.496 0.478 0.383 0.527]
   179          274        0.0444883         expand
  eval: e=0.0450  p=[0.623 0.507 0.531 0.155 0.808 0.616 0.493 0.477 0.384 0.529]
   180          275        0.0444883         reflect
  eval: e=0.0446  p=[0.612 0.509 0.532 0.158 0.823 0.624 0.486 0.473 0.379 0.530]
   181          276        0.0444883         reflect
  eval: e=0.0446  p=[0.630 0.501 0.525 0.142 0.812 0.618 0.502 0.479 0.383 0.526]
   182          277        0.0444883         reflect
  eval: e=0.0444  p=[0.631 0.498 0.523 0.134 0.825 0.623 0.500 0.482 0.380 0.524]
  eval: e=0.0447  p=[0.646 0.484 0.512 0.105 0.840 0.629 0.512 0.489 0.377 0.518]
   183          279        0.0444423         reflect
  eval: e=0.0444  p=[0.631 0.499 0.523 0.138 0.820 0.621 0.499 0.481 0.381 0.525]
  eval: e=0.0442  p=[0.644 0.490 0.515 0.117 0.828 0.624 0.508 0.486 0.380 0.521]
   184          281        0.0441855         expand
  eval: e=0.0445  p=[0.623 0.500 0.524 0.138 0.836 0.627 0.492 0.479 0.376 0.527]
   185          282        0.0441855         reflect
  eval: e=0.0444  p=[0.629 0.495 0.519 0.126 0.841 0.631 0.499 0.480 0.375 0.524]
   186          283        0.0441855         reflect
  eval: e=0.0443  p=[0.645 0.488 0.513 0.113 0.833 0.626 0.510 0.486 0.380 0.521]
   187          284        0.0441855         reflect
  eval: e=0.0447  p=[0.643 0.484 0.510 0.103 0.845 0.633 0.514 0.485 0.376 0.520]
   188          285        0.0441855         reflect
  eval: e=0.0439  p=[0.636 0.488 0.513 0.112 0.850 0.635 0.505 0.483 0.374 0.522]
  eval: e=0.0437  p=[0.642 0.478 0.505 0.091 0.871 0.644 0.511 0.487 0.369 0.518]
   189          287        0.0437452         expand
  eval: e=0.0442  p=[0.655 0.481 0.508 0.099 0.834 0.628 0.521 0.490 0.380 0.516]
   190          288        0.0437452         reflect
  eval: e=0.0445  p=[0.624 0.505 0.528 0.150 0.818 0.620 0.491 0.479 0.381 0.527]
   191          289        0.0437452         reflect
  eval: e=0.0444  p=[0.657 0.479 0.506 0.093 0.839 0.628 0.520 0.492 0.379 0.516]
   192          290        0.0437452         reflect
  eval: e=0.0439  p=[0.645 0.482 0.509 0.099 0.855 0.636 0.508 0.488 0.373 0.518]
   193          291        0.0437452         reflect
  eval: e=0.0452  p=[0.655 0.475 0.502 0.082 0.857 0.637 0.522 0.490 0.374 0.516]
  eval: e=0.0442  p=[0.632 0.497 0.521 0.133 0.828 0.625 0.499 0.482 0.379 0.524]
   194          293        0.0437452         contract inside
  eval: e=0.0441  p=[0.658 0.478 0.505 0.093 0.837 0.630 0.522 0.491 0.379 0.515]
   195          294        0.0437452         reflect
  eval: e=0.0449  p=[0.661 0.470 0.498 0.071 0.865 0.639 0.524 0.495 0.372 0.513]
  eval: e=0.0442  p=[0.635 0.495 0.520 0.129 0.826 0.625 0.503 0.482 0.380 0.523]
   196          296        0.0437452         contract inside
  eval: e=0.0438  p=[0.658 0.475 0.501 0.084 0.853 0.636 0.521 0.491 0.375 0.515]
   197          297        0.0437452         reflect
  eval: e=0.0441  p=[0.665 0.474 0.501 0.084 0.840 0.630 0.525 0.494 0.380 0.513]
   198          298        0.0437452         reflect
  eval: e=0.0437  p=[0.638 0.489 0.514 0.115 0.842 0.633 0.505 0.483 0.376 0.521]
  eval: e=0.0440  p=[0.629 0.493 0.518 0.126 0.843 0.635 0.498 0.479 0.375 0.523]
   199          300        0.0437442         reflect
  eval: e=0.0436  p=[0.650 0.480 0.506 0.096 0.850 0.636 0.515 0.489 0.375 0.516]
  eval: e=0.0434  p=[0.652 0.476 0.503 0.088 0.859 0.641 0.517 0.491 0.372 0.513]
   200          302        0.0434461         expand
  eval: e=0.0437  p=[0.639 0.486 0.511 0.108 0.854 0.637 0.503 0.485 0.373 0.520]
   201          303        0.0434461         reflect
  eval: e=0.0434  p=[0.649 0.476 0.503 0.088 0.865 0.643 0.514 0.489 0.371 0.515]
  eval: e=0.0433  p=[0.651 0.470 0.497 0.074 0.884 0.652 0.517 0.491 0.367 0.512]
   202          305        0.0432821         expand
  eval: e=0.0436  p=[0.665 0.464 0.492 0.061 0.876 0.648 0.528 0.495 0.370 0.510]
   203          306        0.0432821         reflect
  eval: e=0.0437  p=[0.667 0.459 0.488 0.050 0.888 0.652 0.529 0.497 0.367 0.508]
   204          307        0.0432821         reflect
  eval: e=0.0435  p=[0.647 0.472 0.499 0.078 0.887 0.652 0.511 0.490 0.365 0.515]
   205          308        0.0432821         reflect
  eval: e=0.0440  p=[0.635 0.476 0.503 0.086 0.894 0.656 0.505 0.485 0.362 0.517]
  eval: e=0.0435  p=[0.643 0.476 0.502 0.085 0.881 0.650 0.510 0.487 0.366 0.516]
   206          310        0.0432821         contract outside
  eval: e=0.0431  p=[0.655 0.466 0.494 0.068 0.884 0.652 0.523 0.491 0.367 0.512]
  eval: e=0.0431  p=[0.660 0.458 0.486 0.052 0.898 0.660 0.530 0.493 0.364 0.508]
   207          312        0.0430573         expand
  eval: e=0.0437  p=[0.643 0.470 0.498 0.076 0.895 0.657 0.512 0.489 0.363 0.513]
   208          313        0.0430573         reflect
  eval: e=0.0432  p=[0.659 0.465 0.493 0.067 0.882 0.652 0.521 0.493 0.368 0.509]
   209          314        0.0430573         reflect
  eval: e=0.0435  p=[0.667 0.450 0.480 0.033 0.919 0.668 0.530 0.499 0.358 0.504]
   210          315        0.0430573         reflect
  eval: e=0.0441  p=[0.637 0.478 0.505 0.094 0.879 0.651 0.507 0.485 0.366 0.516]
  eval: e=0.0433  p=[0.660 0.464 0.492 0.061 0.886 0.652 0.524 0.494 0.367 0.510]
   211          317        0.0430573         contract inside
  eval: e=0.0434  p=[0.665 0.466 0.493 0.065 0.870 0.645 0.527 0.494 0.371 0.510]
   212          318        0.0430573         reflect
  eval: e=0.0437  p=[0.675 0.446 0.477 0.024 0.914 0.667 0.540 0.500 0.361 0.501]
  eval: e=0.0434  p=[0.648 0.476 0.503 0.087 0.869 0.644 0.512 0.489 0.370 0.515]
   213          320        0.0430573         contract inside
  eval: e=0.0438  p=[0.646 0.471 0.498 0.078 0.891 0.655 0.512 0.489 0.364 0.513]
  eval: e=0.0433  p=[0.660 0.465 0.493 0.065 0.880 0.650 0.524 0.493 0.368 0.511]
   214          322        0.0430573         contract inside
  eval: e=0.0432  p=[0.671 0.457 0.486 0.049 0.886 0.653 0.533 0.498 0.368 0.506]
   215          323        0.0430573         reflect
  eval: e=0.0436  p=[0.648 0.484 0.509 0.104 0.841 0.633 0.513 0.486 0.378 0.518]
  eval: e=0.0432  p=[0.662 0.459 0.487 0.051 0.899 0.659 0.526 0.496 0.363 0.508]
   216          325        0.0430573         contract inside
  eval: e=0.0433  p=[0.671 0.459 0.488 0.054 0.875 0.650 0.535 0.497 0.370 0.506]
   217          326        0.0430573         reflect
  eval: e=0.0432  p=[0.670 0.452 0.481 0.037 0.907 0.663 0.533 0.497 0.363 0.506]
   218          327        0.0430573         reflect
  eval: e=0.0433  p=[0.657 0.459 0.488 0.054 0.903 0.662 0.525 0.494 0.362 0.508]
   219          328        0.0430573         reflect
  eval: e=0.0433  p=[0.676 0.446 0.476 0.025 0.911 0.667 0.541 0.500 0.362 0.501]
   220          329        0.0430573         reflect
  eval: e=0.0431  p=[0.668 0.452 0.482 0.040 0.906 0.664 0.533 0.497 0.362 0.504]
   221          330        0.0430573         reflect
  eval: e=0.0433  p=[0.649 0.473 0.500 0.082 0.874 0.647 0.514 0.490 0.369 0.514]
  eval: e=0.0431  p=[0.670 0.453 0.482 0.039 0.902 0.662 0.534 0.497 0.364 0.504]
   222          332        0.0430573         contract inside
  eval: e=0.0432  p=[0.668 0.453 0.482 0.042 0.903 0.664 0.534 0.496 0.363 0.504]
   223          333        0.0430573         reflect
  eval: e=0.0434  p=[0.656 0.457 0.485 0.047 0.918 0.669 0.522 0.494 0.358 0.508]
  eval: e=0.0431  p=[0.667 0.458 0.487 0.052 0.886 0.655 0.532 0.496 0.367 0.506]
   224          335        0.0430573         contract inside
  eval: e=0.0432  p=[0.679 0.444 0.474 0.022 0.911 0.667 0.543 0.500 0.362 0.500]
   225          336        0.0430573         reflect
  eval: e=0.0432  p=[0.678 0.451 0.480 0.036 0.893 0.657 0.539 0.499 0.367 0.503]
   226          337        0.0430573         reflect
  eval: e=0.0434  p=[0.666 0.458 0.487 0.053 0.886 0.656 0.532 0.496 0.367 0.505]
  eval: e=0.0431  p=[0.669 0.454 0.482 0.041 0.902 0.661 0.533 0.497 0.364 0.506]
   227          339        0.0430573         contract inside
  eval: e=0.0434  p=[0.679 0.443 0.472 0.018 0.915 0.668 0.546 0.500 0.361 0.501]
  eval: e=0.0431  p=[0.664 0.460 0.488 0.054 0.890 0.656 0.527 0.495 0.366 0.507]
   228          341        0.0430573         contract inside
  eval: e=0.0432  p=[0.677 0.449 0.478 0.035 0.896 0.661 0.542 0.498 0.366 0.502]
   229          342        0.0430573         reflect
  eval: e=0.0433  p=[0.661 0.456 0.486 0.049 0.903 0.663 0.529 0.494 0.362 0.506]
  eval: e=0.0431  p=[0.673 0.453 0.481 0.039 0.895 0.659 0.537 0.498 0.366 0.504]
   230          344        0.0430573         contract inside
  eval: e=0.0430  p=[0.668 0.450 0.479 0.034 0.912 0.668 0.536 0.496 0.361 0.504]
  eval: e=0.0432  p=[0.666 0.446 0.475 0.027 0.925 0.676 0.538 0.495 0.358 0.503]
   231          346        0.0430367         reflect
  eval: e=0.0431  p=[0.658 0.464 0.492 0.063 0.887 0.655 0.525 0.492 0.367 0.510]
   232          347        0.0430367         reflect
  eval: e=0.0432  p=[0.656 0.461 0.490 0.057 0.900 0.660 0.523 0.493 0.363 0.509]
  eval: e=0.0431  p=[0.671 0.452 0.481 0.040 0.897 0.661 0.537 0.497 0.365 0.504]
   233          349        0.0430367         contract inside
  eval: e=0.0431  p=[0.666 0.458 0.486 0.049 0.892 0.657 0.531 0.495 0.366 0.507]
   234          350        0.0430367         reflect
  eval: e=0.0430  p=[0.666 0.452 0.481 0.038 0.910 0.666 0.533 0.495 0.361 0.505]
  eval: e=0.0431  p=[0.666 0.449 0.478 0.032 0.922 0.672 0.533 0.495 0.358 0.505]
   235          352        0.0430114         reflect
  eval: e=0.0431  p=[0.663 0.458 0.486 0.051 0.896 0.660 0.530 0.493 0.365 0.507]
   236          353        0.0430114         reflect
  eval: e=0.0430  p=[0.664 0.459 0.487 0.053 0.890 0.656 0.531 0.493 0.366 0.508]
  eval: e=0.0430  p=[0.662 0.463 0.490 0.059 0.881 0.652 0.530 0.491 0.369 0.511]
   237          355        0.0429776         reflect
  eval: e=0.0429  p=[0.668 0.452 0.480 0.038 0.906 0.665 0.537 0.495 0.363 0.506]
  eval: e=0.0429  p=[0.669 0.448 0.476 0.029 0.914 0.669 0.542 0.495 0.361 0.505]
   238          357        0.0428937         expand
  eval: e=0.0430  p=[0.676 0.444 0.473 0.022 0.914 0.668 0.543 0.498 0.361 0.502]
   239          358        0.0428937         reflect
  eval: e=0.0430  p=[0.670 0.448 0.476 0.031 0.913 0.669 0.539 0.496 0.361 0.504]
   240          359        0.0428937         reflect
  eval: e=0.0431  p=[0.675 0.446 0.475 0.025 0.913 0.668 0.542 0.498 0.362 0.503]
   241          360        0.0428937         reflect
  eval: e=0.0430  p=[0.664 0.450 0.478 0.034 0.917 0.671 0.537 0.494 0.360 0.506]
   242          361        0.0428937         reflect
  eval: e=0.0431  p=[0.661 0.457 0.485 0.050 0.901 0.662 0.530 0.493 0.363 0.508]
  eval: e=0.0430  p=[0.671 0.449 0.478 0.031 0.910 0.666 0.539 0.497 0.362 0.504]
   243          363        0.0428937         contract inside
  eval: e=0.0430  p=[0.667 0.449 0.477 0.032 0.913 0.670 0.541 0.494 0.361 0.504]
   244          364        0.0428937         reflect
  eval: e=0.0429  p=[0.664 0.449 0.477 0.031 0.921 0.672 0.537 0.493 0.358 0.506]
   245          365        0.0428937         reflect
  eval: e=0.0430  p=[0.676 0.441 0.470 0.016 0.925 0.675 0.545 0.497 0.359 0.501]
   246          366        0.0428937         reflect
  eval: e=0.0429  p=[0.670 0.448 0.476 0.029 0.913 0.668 0.541 0.495 0.361 0.505]
  eval: e=0.0429  p=[0.671 0.447 0.474 0.026 0.914 0.668 0.543 0.494 0.361 0.506]
   247          368        0.0428526         expand
  eval: e=0.0431  p=[0.671 0.449 0.477 0.030 0.912 0.666 0.537 0.497 0.361 0.505]
  eval: e=0.0429  p=[0.668 0.449 0.477 0.032 0.913 0.669 0.540 0.495 0.361 0.505]
   248          370        0.0428526         contract inside
  eval: e=0.0430  p=[0.668 0.450 0.478 0.032 0.912 0.667 0.539 0.494 0.361 0.506]
   249          371        0.0428526         reflect
  eval: e=0.0429  p=[0.660 0.455 0.482 0.042 0.911 0.667 0.534 0.491 0.361 0.509]
   250          372        0.0428526         reflect
  eval: e=0.0428  p=[0.669 0.447 0.475 0.027 0.915 0.670 0.544 0.493 0.361 0.506]
  eval: e=0.0428  p=[0.671 0.445 0.471 0.021 0.917 0.672 0.550 0.492 0.361 0.506]
   251          374        0.0428116         expand
  eval: e=0.0429  p=[0.668 0.448 0.476 0.031 0.914 0.670 0.541 0.494 0.361 0.505]
   252          375        0.0428116         reflect
  eval: e=0.0428  p=[0.664 0.450 0.476 0.032 0.917 0.671 0.541 0.491 0.360 0.508]
  eval: e=0.0428  p=[0.660 0.450 0.476 0.032 0.921 0.674 0.542 0.488 0.359 0.509]
   253          377        0.0427878         reflect
  eval: e=0.0429  p=[0.671 0.437 0.465 0.006 0.943 0.684 0.551 0.494 0.354 0.503]
   254          378        0.0427878         reflect
  eval: e=0.0428  p=[0.672 0.444 0.471 0.020 0.921 0.673 0.548 0.494 0.360 0.505]
  eval: e=0.0429  p=[0.676 0.441 0.467 0.013 0.923 0.674 0.554 0.494 0.360 0.505]
   255          380        0.0427864         reflect
  eval: e=0.0428  p=[0.660 0.453 0.479 0.039 0.912 0.668 0.540 0.489 0.361 0.510]
   256          381        0.0427864         reflect
  eval: e=0.0427  p=[0.671 0.446 0.473 0.024 0.914 0.670 0.549 0.492 0.362 0.506]
  eval: e=0.0427  p=[0.675 0.444 0.471 0.021 0.911 0.669 0.555 0.492 0.364 0.506]
   257          383        0.0426596         expand
  eval: e=0.0428  p=[0.678 0.439 0.465 0.009 0.924 0.675 0.556 0.495 0.359 0.503]
   258          384        0.0426596         reflect
  eval: e=0.0428  p=[0.671 0.442 0.468 0.015 0.925 0.675 0.554 0.491 0.360 0.507]
   259          385        0.0426596         reflect
  eval: e=0.0430  p=[0.672 0.441 0.467 0.012 0.926 0.675 0.555 0.492 0.359 0.507]
  eval: e=0.0428  p=[0.669 0.447 0.474 0.027 0.917 0.671 0.545 0.493 0.361 0.506]
   260          387        0.0426596         contract inside
  eval: e=0.0426  p=[0.671 0.441 0.467 0.014 0.927 0.677 0.555 0.490 0.359 0.507]
  eval: e=0.0424  p=[0.672 0.438 0.462 0.006 0.933 0.681 0.562 0.488 0.358 0.508]
   261          389        0.0424299         expand
  eval: e=0.0427  p=[0.669 0.453 0.478 0.037 0.896 0.660 0.548 0.490 0.366 0.510]
   262          390        0.0424299         reflect
  eval: e=0.0425  p=[0.669 0.443 0.469 0.019 0.921 0.675 0.557 0.489 0.360 0.507]
   263          391        0.0424299         reflect
  eval: e=0.0426  p=[0.669 0.446 0.471 0.024 0.918 0.672 0.551 0.490 0.361 0.508]
   264          392        0.0424299         reflect
  eval: e=0.0427  p=[0.668 0.449 0.475 0.031 0.909 0.668 0.547 0.491 0.363 0.507]
   265          393        0.0424299         reflect
  eval: e=0.0426  p=[0.681 0.437 0.463 0.006 0.921 0.675 0.561 0.493 0.361 0.504]
   266          394        0.0424299         reflect
  eval: e=0.0426  p=[0.680 0.438 0.464 0.008 0.917 0.673 0.565 0.492 0.363 0.505]
   267          395        0.0424299         reflect
  eval: e=0.0424  p=[0.674 0.443 0.468 0.018 0.913 0.671 0.561 0.489 0.363 0.508]
  eval: e=0.0422  p=[0.674 0.442 0.466 0.017 0.909 0.670 0.567 0.487 0.365 0.509]
   268          397        0.0422266         expand
  eval: e=0.0424  p=[0.678 0.439 0.463 0.009 0.915 0.673 0.569 0.488 0.363 0.508]
   269          398        0.0422266         reflect
  eval: e=0.0423  p=[0.669 0.448 0.471 0.027 0.906 0.668 0.560 0.485 0.365 0.511]
   270          399        0.0422266         reflect
  eval: e=0.1601  p=[0.678 0.432 0.457 0.000 0.936 0.685 0.571 0.489 0.358 0.505]
  eval: e=0.0426  p=[0.671 0.448 0.473 0.027 0.906 0.666 0.554 0.490 0.364 0.509]
   271          401        0.0422266         contract inside
  eval: e=0.0425  p=[0.680 0.436 0.459 0.002 0.922 0.676 0.573 0.488 0.362 0.508]
   272          402        0.0422266         reflect
  eval: e=0.0422  p=[0.674 0.439 0.461 0.008 0.922 0.677 0.569 0.486 0.361 0.509]
  eval: e=0.0419  p=[0.674 0.436 0.457 0.001 0.928 0.680 0.575 0.483 0.360 0.511]
   273          404        0.0419286         expand
  eval: e=0.0422  p=[0.666 0.446 0.467 0.021 0.914 0.672 0.565 0.483 0.363 0.513]
   274          405        0.0419286         reflect
  eval: e=0.0422  p=[0.664 0.446 0.468 0.023 0.917 0.674 0.562 0.482 0.362 0.513]
   275          406        0.0419286         reflect
  eval: e=0.0420  p=[0.672 0.436 0.458 0.003 0.931 0.682 0.575 0.483 0.359 0.511]
   276          407        0.0419286         reflect
  eval: e=0.0419  p=[0.675 0.436 0.457 0.002 0.921 0.678 0.582 0.481 0.362 0.512]
   277          408        0.0419286         reflect
  eval: e=0.0423  p=[0.663 0.446 0.468 0.024 0.917 0.674 0.561 0.482 0.361 0.513]
   278          409        0.0419286         reflect
  eval: e=0.0417  p=[0.672 0.439 0.458 0.008 0.917 0.675 0.579 0.480 0.363 0.514]
  eval: e=0.0414  p=[0.674 0.437 0.453 0.002 0.916 0.675 0.590 0.476 0.365 0.518]
   279          411        0.0413579         expand
  eval: e=0.0417  p=[0.670 0.445 0.463 0.020 0.901 0.669 0.579 0.478 0.368 0.516]
   280          412        0.0413579         reflect
  eval: e=0.0419  p=[0.662 0.444 0.463 0.019 0.917 0.676 0.574 0.476 0.362 0.517]
   281          413        0.0413579         reflect
  eval: e=0.0442  p=[0.670 0.435 0.453 0.000 0.928 0.682 0.586 0.477 0.360 0.515]
  eval: e=0.0421  p=[0.669 0.445 0.466 0.020 0.911 0.672 0.566 0.483 0.364 0.512]
   282          415        0.0413579         contract inside
  eval: e=0.0418  p=[0.677 0.436 0.456 0.002 0.916 0.675 0.586 0.480 0.365 0.514]
   283          416        0.0413579         reflect
  eval: e=0.0416  p=[0.667 0.439 0.456 0.005 0.926 0.680 0.584 0.474 0.361 0.518]
   284          417        0.0413579         reflect
  eval: e=0.1814  p=[0.677 0.434 0.451 0.000 0.919 0.678 0.594 0.477 0.364 0.515]
  eval: e=0.0420  p=[0.667 0.443 0.464 0.016 0.918 0.675 0.570 0.481 0.362 0.514]
   285          419        0.0413579         contract inside
  eval: e=0.1849  p=[0.675 0.434 0.451 0.000 0.923 0.681 0.591 0.476 0.363 0.515]
  eval: e=0.0420  p=[0.668 0.443 0.463 0.015 0.916 0.674 0.572 0.481 0.363 0.514]
   286          421        0.0413579         contract inside
  eval: e=0.1423  p=[0.672 0.435 0.452 0.000 0.926 0.681 0.591 0.475 0.361 0.516]
  eval: e=0.0419  p=[0.670 0.442 0.463 0.014 0.915 0.674 0.573 0.481 0.363 0.513]
   287          423        0.0413579         contract inside
  eval: e=0.0416  p=[0.669 0.444 0.461 0.016 0.904 0.669 0.582 0.475 0.367 0.519]
   288          424        0.0413579         reflect
  eval: e=0.0415  p=[0.674 0.437 0.454 0.003 0.914 0.675 0.590 0.476 0.365 0.516]
   289          425        0.0413579         reflect
  eval: e=0.0414  p=[0.674 0.437 0.453 0.002 0.915 0.676 0.591 0.475 0.365 0.517]
   290          426        0.0413579         reflect
  eval: e=0.0415  p=[0.668 0.443 0.459 0.015 0.910 0.672 0.583 0.474 0.365 0.520]
   291          427        0.0413579         reflect
  eval: e=0.0413  p=[0.667 0.445 0.459 0.018 0.899 0.668 0.591 0.470 0.369 0.523]
  eval: e=0.0413  p=[0.664 0.450 0.461 0.027 0.884 0.662 0.599 0.463 0.374 0.529]
   292          429        0.0412646         expand
  eval: e=0.0411  p=[0.670 0.441 0.453 0.008 0.905 0.672 0.599 0.468 0.368 0.523]
  eval: e=0.0407  p=[0.670 0.440 0.448 0.005 0.900 0.671 0.612 0.462 0.370 0.528]
   293          431        0.0406964         expand
  eval: e=0.0413  p=[0.679 0.438 0.450 0.001 0.900 0.669 0.605 0.471 0.370 0.522]
   294          432        0.0406964         reflect
  eval: e=0.0411  p=[0.664 0.445 0.456 0.018 0.898 0.669 0.597 0.464 0.369 0.527]
   295          433        0.0406964         reflect
  eval: e=0.0501  p=[0.670 0.438 0.447 0.000 0.912 0.675 0.607 0.464 0.367 0.527]
  eval: e=0.0415  p=[0.670 0.443 0.459 0.015 0.904 0.670 0.586 0.474 0.367 0.519]
   296          435        0.0406964         contract inside
  eval: e=0.0409  p=[0.671 0.438 0.449 0.002 0.909 0.675 0.605 0.466 0.368 0.524]
   297          436        0.0406964         reflect
  eval: e=0.0411  p=[0.675 0.443 0.453 0.013 0.884 0.663 0.608 0.466 0.375 0.526]
   298          437        0.0406964         reflect
  eval: e=0.0410  p=[0.675 0.438 0.449 0.002 0.896 0.669 0.614 0.465 0.372 0.525]
   299          438        0.0406964         reflect
  eval: e=0.0407  p=[0.674 0.438 0.446 0.000 0.899 0.671 0.616 0.462 0.371 0.528]
  eval: e=0.5116  p=[0.676 0.435 0.440 0.000 0.897 0.671 0.631 0.457 0.373 0.533]
   300          440        0.0406678         reflect
  eval: e=0.0407  p=[0.670 0.443 0.449 0.011 0.886 0.665 0.618 0.458 0.375 0.532]
  eval: e=0.0405  p=[0.668 0.446 0.447 0.015 0.872 0.660 0.632 0.449 0.380 0.540]
   301          442        0.0404887         expand
  eval: e=0.0407  p=[0.669 0.446 0.449 0.015 0.876 0.661 0.624 0.454 0.378 0.537]
   302          443        0.0404887         reflect
  eval: e=0.0407  p=[0.668 0.447 0.449 0.017 0.868 0.659 0.633 0.449 0.381 0.540]
   303          444        0.0404887         reflect
  eval: e=0.0407  p=[0.661 0.449 0.451 0.022 0.877 0.663 0.623 0.449 0.377 0.539]
   304          445        0.0404887         reflect
  eval: e=0.3099  p=[0.675 0.436 0.439 0.000 0.893 0.670 0.634 0.454 0.374 0.534]
  eval: e=0.0410  p=[0.667 0.446 0.455 0.019 0.886 0.664 0.608 0.461 0.374 0.530]
   305          447        0.0404887         contract inside
  eval: e=0.0406  p=[0.675 0.441 0.443 0.005 0.876 0.662 0.638 0.452 0.380 0.537]
   306          448        0.0404887         reflect
  eval: e=0.0403  p=[0.664 0.443 0.444 0.008 0.888 0.668 0.633 0.448 0.376 0.540]
  eval: e=0.0401  p=[0.659 0.443 0.440 0.006 0.890 0.670 0.646 0.439 0.377 0.547]
   307          450        0.0400813         expand
  eval: e=0.0522  p=[0.671 0.439 0.439 0.000 0.887 0.668 0.641 0.449 0.377 0.539]
  eval: e=0.0408  p=[0.668 0.444 0.451 0.014 0.886 0.665 0.616 0.458 0.375 0.532]
   308          452        0.0400813         contract inside
  eval: e=0.0403  p=[0.661 0.448 0.446 0.018 0.875 0.662 0.635 0.443 0.379 0.545]
   309          453        0.0400813         reflect
  eval: e=0.0407  p=[0.663 0.450 0.445 0.021 0.855 0.654 0.650 0.437 0.386 0.550]
   310          454        0.0400813         reflect
  eval: e=0.0402  p=[0.666 0.445 0.442 0.011 0.872 0.661 0.646 0.441 0.381 0.546]
   311          455        0.0400813         reflect
  eval: e=0.0402  p=[0.665 0.442 0.443 0.006 0.890 0.668 0.631 0.449 0.375 0.540]
   312          456        0.0400813         reflect
  eval: e=0.0404  p=[0.662 0.450 0.442 0.019 0.856 0.655 0.656 0.434 0.387 0.553]
   313          457        0.0400813         reflect
  eval: e=0.0400  p=[0.662 0.444 0.440 0.009 0.876 0.665 0.650 0.437 0.381 0.548]
  eval: e=0.0397  p=[0.659 0.444 0.435 0.006 0.876 0.667 0.663 0.429 0.382 0.554]
   314          459        0.0396757         expand
  eval: e=0.0402  p=[0.667 0.439 0.442 0.000 0.902 0.674 0.627 0.453 0.372 0.535]
   315          460        0.0396757         reflect
  eval: e=0.0402  p=[0.655 0.451 0.440 0.021 0.858 0.658 0.663 0.425 0.387 0.559]
   316          461        0.0396757         reflect
  eval: e=0.0439  p=[0.667 0.441 0.433 0.000 0.876 0.665 0.664 0.433 0.383 0.552]
  eval: e=0.0404  p=[0.662 0.447 0.447 0.017 0.877 0.663 0.633 0.445 0.379 0.542]
   317          463        0.0396757         contract inside
  eval: e=0.0401  p=[0.649 0.450 0.442 0.019 0.878 0.666 0.648 0.429 0.379 0.556]
   318          464        0.0396757         reflect
  eval: e=0.0398  p=[0.653 0.446 0.437 0.010 0.883 0.669 0.658 0.428 0.379 0.555]
   319          465        0.0396757         reflect
  eval: e=0.0402  p=[0.657 0.441 0.441 0.004 0.904 0.677 0.634 0.443 0.371 0.543]
   320          466        0.0396757         reflect
  eval: e=0.0397  p=[0.656 0.443 0.435 0.004 0.888 0.671 0.657 0.430 0.378 0.554]
  eval: e=0.0984  p=[0.653 0.441 0.429 0.000 0.894 0.675 0.669 0.423 0.377 0.559]
   321          468        0.0396684         reflect
  eval: e=0.0414  p=[0.656 0.441 0.433 0.000 0.893 0.674 0.660 0.430 0.377 0.553]
  eval: e=0.0401  p=[0.660 0.446 0.443 0.013 0.880 0.665 0.641 0.440 0.379 0.547]
   322          470        0.0396684         contract inside
  eval: e=0.0400  p=[0.649 0.452 0.437 0.020 0.862 0.660 0.670 0.418 0.386 0.565]
   323          471        0.0396684         reflect
  eval: e=0.0400  p=[0.647 0.447 0.437 0.011 0.890 0.673 0.657 0.425 0.377 0.558]
   324          472        0.0396684         reflect
  eval: e=0.0398  p=[0.643 0.450 0.434 0.017 0.871 0.667 0.676 0.412 0.384 0.568]
   325          473        0.0396684         reflect
  eval: e=0.0402  p=[0.649 0.453 0.435 0.022 0.851 0.657 0.681 0.412 0.390 0.570]
  eval: e=0.0400  p=[0.655 0.444 0.439 0.008 0.891 0.672 0.646 0.435 0.376 0.549]
   326          475        0.0396684         contract inside
  eval: e=0.0399  p=[0.651 0.442 0.436 0.001 0.904 0.678 0.649 0.432 0.372 0.551]
   327          476        0.0396684         reflect
  eval: e=0.0397  p=[0.657 0.441 0.433 0.000 0.889 0.673 0.664 0.429 0.378 0.554]
   328          477        0.0396684         reflect
  eval: e=0.0395  p=[0.646 0.444 0.430 0.003 0.889 0.675 0.676 0.416 0.379 0.564]
  eval: e=0.0784  p=[0.639 0.443 0.423 0.000 0.893 0.680 0.693 0.404 0.379 0.573]
   329          479        0.0394814         reflect
  eval: e=0.0398  p=[0.644 0.447 0.431 0.010 0.879 0.671 0.678 0.412 0.382 0.568]
   330          480        0.0394814         reflect
  eval: e=0.3794  p=[0.653 0.438 0.432 0.000 0.910 0.683 0.654 0.432 0.372 0.550]
  eval: e=0.0398  p=[0.650 0.448 0.436 0.014 0.874 0.666 0.666 0.421 0.382 0.561]
   331          482        0.0394814         contract inside
  eval: e=0.0395  p=[0.656 0.443 0.432 0.004 0.879 0.669 0.670 0.425 0.381 0.558]
   332          483        0.0394814         reflect
  eval: e=0.0394  p=[0.648 0.445 0.428 0.005 0.875 0.669 0.685 0.412 0.384 0.568]
  eval: e=0.0393  p=[0.645 0.446 0.423 0.004 0.868 0.668 0.705 0.400 0.388 0.577]
   333          485        0.0392758         expand
  eval: e=0.0397  p=[0.650 0.449 0.429 0.013 0.855 0.661 0.693 0.409 0.390 0.571]
   334          486        0.0392758         reflect
  eval: e=0.0393  p=[0.648 0.446 0.426 0.005 0.871 0.668 0.692 0.408 0.386 0.570]
   335          487        0.0392758         reflect
  eval: e=0.2015  p=[0.659 0.440 0.428 0.000 0.882 0.671 0.677 0.423 0.381 0.558]
  eval: e=0.0396  p=[0.647 0.448 0.433 0.011 0.874 0.668 0.676 0.415 0.383 0.565]
   336          489        0.0392758         contract inside
  eval: e=0.0572  p=[0.652 0.442 0.425 0.000 0.880 0.672 0.688 0.413 0.383 0.566]
  eval: e=0.0396  p=[0.650 0.447 0.433 0.010 0.875 0.667 0.672 0.419 0.383 0.562]
   337          491        0.0392758         contract inside
  eval: e=0.0398  p=[0.659 0.443 0.431 0.002 0.874 0.667 0.676 0.424 0.384 0.558]
  eval: e=0.0395  p=[0.648 0.446 0.431 0.008 0.878 0.670 0.677 0.415 0.382 0.565]
   338          493        0.0392758         contract inside
  eval: e=0.0702  p=[0.652 0.441 0.433 0.000 0.902 0.678 0.657 0.429 0.374 0.554]
  eval: e=0.0396  p=[0.651 0.447 0.430 0.009 0.867 0.665 0.684 0.414 0.386 0.567]
   339          495        0.0392758         contract inside
  eval: e=0.0394  p=[0.642 0.446 0.426 0.005 0.879 0.672 0.692 0.405 0.383 0.573]
   340          496        0.0392758         reflect
  eval: e=0.0395  p=[0.641 0.450 0.427 0.013 0.865 0.666 0.696 0.401 0.387 0.577]
   341          497        0.0392758         reflect
  eval: e=0.0395  p=[0.639 0.449 0.423 0.011 0.860 0.667 0.711 0.393 0.390 0.582]
   342          498        0.0392758         reflect
  eval: e=0.0392  p=[0.646 0.445 0.424 0.003 0.872 0.670 0.699 0.404 0.386 0.574]
  eval: e=0.0553  p=[0.645 0.444 0.419 0.000 0.871 0.670 0.710 0.398 0.387 0.578]
   343          500         0.039223         reflect
  eval: e=0.0392  p=[0.642 0.446 0.421 0.003 0.870 0.670 0.708 0.397 0.387 0.579]
  eval: e=0.0390  p=[0.638 0.445 0.415 0.000 0.868 0.672 0.727 0.385 0.389 0.587]
   344          502        0.0389624         expand
  eval: e=0.0392  p=[0.639 0.445 0.421 0.002 0.879 0.674 0.704 0.397 0.384 0.579]
   345          503        0.0389624         reflect
  eval: e=0.0392  p=[0.640 0.446 0.419 0.002 0.868 0.670 0.717 0.392 0.388 0.583]
   346          504        0.0389624         reflect
  eval: e=0.0392  p=[0.629 0.449 0.415 0.006 0.865 0.672 0.734 0.376 0.391 0.596]
   347          505        0.0389624         reflect
  eval: e=0.2625  p=[0.641 0.442 0.417 0.000 0.879 0.676 0.715 0.395 0.385 0.580]
  eval: e=0.0394  p=[0.641 0.448 0.425 0.008 0.868 0.668 0.701 0.399 0.387 0.578]
   348          507        0.0389624         contract inside
  eval: e=0.0394  p=[0.636 0.449 0.414 0.006 0.851 0.665 0.740 0.376 0.395 0.596]
   349          508        0.0389624         reflect
  eval: e=0.0947  p=[0.642 0.444 0.418 0.000 0.877 0.673 0.711 0.395 0.385 0.580]
  eval: e=0.0393  p=[0.640 0.448 0.422 0.007 0.865 0.668 0.711 0.394 0.389 0.582]
   350          510        0.0389624         contract inside
  eval: e=0.0391  p=[0.638 0.447 0.414 0.003 0.856 0.667 0.734 0.381 0.393 0.591]
   351          511        0.0389624         reflect
  eval: e=0.0393  p=[0.645 0.444 0.427 0.002 0.885 0.674 0.684 0.411 0.381 0.568]
   352          512        0.0389624         reflect
  eval: e=0.0626  p=[0.641 0.444 0.417 0.000 0.871 0.672 0.720 0.390 0.388 0.583]
  eval: e=0.0393  p=[0.641 0.447 0.423 0.006 0.869 0.669 0.706 0.397 0.387 0.579]
   353          514        0.0389624         contract inside
  eval: e=0.0390  p=[0.632 0.447 0.414 0.002 0.868 0.673 0.732 0.379 0.390 0.593]
   354          515        0.0389624         reflect
  eval: e=0.0393  p=[0.632 0.450 0.411 0.005 0.851 0.666 0.749 0.370 0.396 0.600]
  eval: e=0.0392  p=[0.636 0.448 0.415 0.004 0.859 0.668 0.733 0.380 0.392 0.592]
   355          517        0.0389624         contract outside
  eval: e=0.0480  p=[0.637 0.445 0.414 0.000 0.870 0.672 0.727 0.385 0.389 0.588]
  eval: e=0.0392  p=[0.639 0.447 0.420 0.005 0.866 0.669 0.715 0.391 0.389 0.583]
   356          519        0.0389624         contract inside
  eval: e=0.0390  p=[0.631 0.448 0.413 0.003 0.866 0.673 0.735 0.376 0.390 0.595]
   357          520        0.0389624         reflect
  eval: e=0.0390  p=[0.633 0.447 0.411 0.000 0.864 0.672 0.740 0.375 0.391 0.595]
  eval: e=0.1226  p=[0.628 0.446 0.406 0.000 0.862 0.673 0.758 0.365 0.393 0.603]
   358          522        0.0389541         reflect
  eval: e=0.0400  p=[0.633 0.446 0.412 0.000 0.867 0.673 0.736 0.378 0.390 0.593]
  eval: e=0.0392  p=[0.638 0.447 0.418 0.004 0.866 0.670 0.720 0.388 0.389 0.586]
   359          524        0.0389541         contract inside
  eval: e=0.0390  p=[0.625 0.449 0.407 0.002 0.860 0.673 0.757 0.362 0.394 0.606]
   360          525        0.0389541         reflect
  eval: e=0.0390  p=[0.627 0.449 0.410 0.004 0.862 0.672 0.746 0.368 0.392 0.601]
   361          526        0.0389541         reflect
  eval: e=0.0513  p=[0.638 0.445 0.413 0.000 0.864 0.671 0.732 0.383 0.390 0.589]
  eval: e=0.0391  p=[0.631 0.448 0.414 0.004 0.865 0.672 0.733 0.377 0.391 0.594]
   362          528        0.0389541         contract inside
  eval: e=0.0390  p=[0.631 0.447 0.413 0.001 0.871 0.675 0.733 0.378 0.389 0.593]
   363          529        0.0389541         reflect
  eval: e=0.0391  p=[0.625 0.449 0.405 0.003 0.850 0.670 0.767 0.357 0.398 0.609]
   364          530        0.0389541         reflect
  eval: e=0.0389  p=[0.624 0.448 0.405 0.000 0.860 0.673 0.761 0.360 0.394 0.607]
  eval: e=0.0609  p=[0.618 0.449 0.399 0.000 0.856 0.675 0.781 0.346 0.397 0.618]
   365          532        0.0388853         reflect
  eval: e=0.0390  p=[0.621 0.448 0.407 0.000 0.871 0.677 0.752 0.363 0.390 0.605]
   366          533        0.0388853         reflect
  eval: e=0.0575  p=[0.626 0.447 0.406 0.000 0.863 0.674 0.757 0.363 0.393 0.604]
  eval: e=0.0390  p=[0.630 0.448 0.412 0.003 0.864 0.672 0.739 0.374 0.391 0.597]
   367          535        0.0388853         contract inside
  eval: e=0.0391  p=[0.633 0.446 0.417 0.000 0.880 0.677 0.717 0.387 0.385 0.586]
  eval: e=0.0390  p=[0.627 0.449 0.408 0.002 0.858 0.671 0.755 0.365 0.394 0.604]
   368          537        0.0388853         contract inside
  eval: e=0.0389  p=[0.625 0.448 0.407 0.001 0.861 0.674 0.757 0.362 0.394 0.605]
   369          538        0.0388853         reflect
  eval: e=0.0547  p=[0.630 0.446 0.410 0.000 0.867 0.674 0.745 0.372 0.391 0.598]
  eval: e=0.0390  p=[0.628 0.448 0.410 0.002 0.863 0.673 0.746 0.369 0.392 0.600]
   370          540        0.0388853         contract inside
  eval: e=0.0421  p=[0.627 0.447 0.407 0.000 0.864 0.674 0.753 0.365 0.392 0.603]
  eval: e=0.0390  p=[0.629 0.448 0.411 0.002 0.864 0.673 0.743 0.372 0.392 0.598]
   371          542        0.0388853         contract inside
  eval: e=0.0420  p=[0.625 0.448 0.406 0.000 0.862 0.674 0.759 0.362 0.394 0.605]
  eval: e=0.0390  p=[0.629 0.448 0.411 0.002 0.865 0.673 0.741 0.373 0.391 0.597]
   372          544        0.0388853         contract inside
  eval: e=0.0391  p=[0.637 0.447 0.412 0.002 0.856 0.668 0.739 0.377 0.394 0.594]
  eval: e=0.0390  p=[0.625 0.448 0.409 0.001 0.867 0.675 0.749 0.366 0.391 0.602]
   373          546        0.0388853         contract inside
  eval: e=0.0390  p=[0.633 0.446 0.413 0.000 0.869 0.674 0.733 0.379 0.390 0.592]
  eval: e=0.0390  p=[0.627 0.448 0.409 0.002 0.862 0.673 0.751 0.366 0.393 0.602]
   374          548        0.0388853         contract inside
  eval: e=0.0389  p=[0.628 0.447 0.409 0.000 0.863 0.673 0.749 0.368 0.392 0.601]
   375          549        0.0388853         reflect
  eval: e=0.0447  p=[0.630 0.447 0.409 0.000 0.865 0.674 0.747 0.371 0.392 0.599]
  eval: e=0.0390  p=[0.628 0.448 0.410 0.002 0.863 0.673 0.746 0.369 0.392 0.600]
   376          551        0.0388853         contract inside
  eval: e=0.0411  p=[0.630 0.446 0.412 0.000 0.871 0.675 0.736 0.376 0.389 0.594]
  eval: e=0.0390  p=[0.628 0.448 0.409 0.001 0.861 0.672 0.750 0.367 0.393 0.601]
   377          553        0.0388853         contract inside
  eval: e=0.0406  p=[0.628 0.447 0.408 0.000 0.863 0.674 0.751 0.367 0.393 0.601]
  eval: e=0.0390  p=[0.629 0.448 0.410 0.001 0.865 0.673 0.744 0.371 0.391 0.598]
   378          555        0.0388853         contract inside
  eval: e=0.0390  p=[0.626 0.449 0.406 0.001 0.855 0.671 0.762 0.361 0.396 0.607]
  eval: e=0.0389  p=[0.628 0.448 0.408 0.001 0.859 0.672 0.755 0.365 0.394 0.603]
   379          557        0.0388853         contract outside
  eval: e=0.0393  p=[0.631 0.447 0.410 0.000 0.865 0.673 0.745 0.372 0.392 0.598]
  eval: e=0.0389  p=[0.628 0.448 0.409 0.001 0.862 0.673 0.749 0.368 0.393 0.601]
   380          559        0.0388853         contract inside
  eval: e=0.0390  p=[0.617 0.450 0.402 0.002 0.858 0.674 0.773 0.349 0.396 0.615]
   381          560        0.0388853         reflect
  eval: e=0.0389  p=[0.625 0.448 0.406 0.000 0.861 0.674 0.759 0.361 0.394 0.606]
   382          561        0.0388853         reflect
  eval: e=0.0389  p=[0.628 0.448 0.407 0.001 0.856 0.671 0.758 0.363 0.395 0.605]
   383          562        0.0388853         reflect
  eval: e=0.0389  p=[0.624 0.449 0.404 0.000 0.857 0.673 0.767 0.356 0.396 0.610]
   384          563        0.0388853         reflect
  eval: e=0.0414  p=[0.637 0.446 0.413 0.000 0.863 0.671 0.736 0.380 0.391 0.591]
  eval: e=0.0389  p=[0.622 0.449 0.405 0.001 0.859 0.674 0.764 0.357 0.395 0.609]
   385          565        0.0388853         contract inside
  eval: e=0.0389  p=[0.619 0.450 0.402 0.001 0.856 0.674 0.774 0.350 0.396 0.614]
   386          566        0.0388853         reflect
  eval: e=0.0389  p=[0.622 0.449 0.403 0.000 0.858 0.674 0.768 0.355 0.395 0.611]
  eval: e=0.0428  p=[0.619 0.449 0.400 0.000 0.856 0.674 0.778 0.348 0.397 0.616]
   387          568        0.0388681         reflect
  eval: e=0.0389  p=[0.621 0.449 0.405 0.000 0.863 0.675 0.762 0.357 0.393 0.609]
   388          569        0.0388681         reflect
  eval: e=0.0390  p=[0.620 0.449 0.402 0.000 0.857 0.674 0.774 0.351 0.396 0.614]
  eval: e=0.0389  p=[0.626 0.448 0.407 0.001 0.861 0.673 0.755 0.363 0.393 0.604]
   389          571        0.0388681         contract inside
  eval: e=0.0389  p=[0.620 0.449 0.403 0.000 0.860 0.675 0.769 0.353 0.395 0.612]
   390          572        0.0388681         reflect
  eval: e=0.0396  p=[0.625 0.448 0.405 0.000 0.861 0.674 0.760 0.360 0.394 0.606]
  eval: e=0.0389  p=[0.623 0.449 0.405 0.001 0.859 0.674 0.763 0.358 0.394 0.609]
   391          574        0.0388681         contract inside
  eval: e=0.0423  p=[0.628 0.447 0.409 0.000 0.865 0.674 0.749 0.369 0.392 0.600]
  eval: e=0.0389  p=[0.622 0.449 0.404 0.001 0.858 0.674 0.767 0.355 0.395 0.611]
   392          576        0.0388681         contract inside
  eval: e=0.0390  p=[0.621 0.449 0.403 0.000 0.859 0.674 0.769 0.354 0.395 0.612]
  eval: e=0.0389  p=[0.625 0.448 0.406 0.001 0.861 0.673 0.759 0.361 0.394 0.606]
   393          578        0.0388681         contract inside
  eval: e=0.0389  p=[0.626 0.448 0.405 0.000 0.856 0.672 0.762 0.360 0.395 0.607]
   394          579        0.0388681         reflect
  eval: e=0.0389  p=[0.625 0.448 0.405 0.000 0.859 0.673 0.760 0.361 0.394 0.606]
   395          580        0.0388681         reflect
  eval: e=0.0389  p=[0.622 0.448 0.405 0.000 0.863 0.675 0.762 0.358 0.393 0.608]
  eval: e=0.0389  p=[0.625 0.448 0.405 0.000 0.858 0.673 0.762 0.360 0.395 0.607]
   396          582        0.0388681         contract inside
  eval: e=0.0396  p=[0.623 0.448 0.403 0.000 0.858 0.673 0.767 0.356 0.395 0.610]
  eval: e=0.0389  p=[0.625 0.448 0.406 0.001 0.860 0.674 0.759 0.360 0.394 0.606]
   397          584        0.0388681         contract inside
  eval: e=0.0389  p=[0.623 0.448 0.404 0.000 0.858 0.673 0.766 0.357 0.395 0.609]
  eval: e=0.0389  p=[0.624 0.448 0.405 0.000 0.860 0.673 0.760 0.360 0.394 0.607]
   398          586        0.0388681         contract inside
  eval: e=0.0405  p=[0.627 0.448 0.407 0.000 0.861 0.673 0.756 0.364 0.393 0.604]
  eval: e=0.0389  p=[0.623 0.449 0.404 0.001 0.859 0.674 0.764 0.357 0.395 0.609]
   399          588        0.0388681         contract inside
  eval: e=0.0389  p=[0.625 0.448 0.407 0.000 0.863 0.674 0.756 0.362 0.393 0.605]
  eval: e=0.0389  p=[0.624 0.448 0.406 0.000 0.861 0.674 0.759 0.361 0.394 0.606]
   400          590        0.0388681         contract outside
  eval: e=0.0389  p=[0.624 0.448 0.405 0.000 0.859 0.674 0.763 0.358 0.395 0.608]
   401          591        0.0388681         reflect
  eval: e=0.0389  p=[0.624 0.448 0.404 0.000 0.859 0.674 0.764 0.358 0.395 0.608]
  eval: e=0.0398  p=[0.623 0.448 0.404 0.000 0.859 0.674 0.766 0.357 0.395 0.609]
   402          593        0.0388678         reflect
  eval: e=0.0389  p=[0.624 0.448 0.404 0.000 0.859 0.674 0.763 0.358 0.395 0.608]
  eval: e=0.0393  p=[0.623 0.448 0.404 0.000 0.859 0.674 0.765 0.357 0.395 0.609]
   403          595        0.0388616         reflect
  eval: e=0.0389  p=[0.619 0.449 0.401 0.000 0.855 0.674 0.777 0.348 0.397 0.616]
   404          596        0.0388616         reflect
  eval: e=0.0391  p=[0.623 0.448 0.404 0.000 0.859 0.674 0.765 0.357 0.395 0.609]
  eval: e=0.0389  p=[0.623 0.449 0.404 0.000 0.859 0.674 0.764 0.357 0.395 0.609]
   405          598        0.0388616         contract inside
  eval: e=0.0389  p=[0.621 0.449 0.403 0.000 0.860 0.675 0.768 0.354 0.395 0.611]
   406          599        0.0388616         reflect
  eval: e=0.0389  p=[0.621 0.449 0.402 0.000 0.858 0.675 0.770 0.352 0.395 0.612]
   407          600        0.0388616         reflect
  eval: e=0.0389  p=[0.620 0.449 0.401 0.000 0.856 0.674 0.775 0.350 0.396 0.615]
   408          601        0.0388616         reflect
  eval: e=0.0389  p=[0.618 0.449 0.401 0.000 0.857 0.675 0.776 0.348 0.396 0.616]
  eval: e=0.0389  p=[0.620 0.449 0.402 0.000 0.858 0.674 0.772 0.351 0.396 0.614]
   409          603        0.0388616         contract outside
  eval: e=0.0389  p=[0.623 0.449 0.403 0.000 0.856 0.673 0.769 0.355 0.396 0.611]
   410          604        0.0388616         reflect
  eval: e=0.0391  p=[0.620 0.449 0.401 0.000 0.857 0.674 0.774 0.351 0.396 0.614]
  eval: e=0.0389  p=[0.622 0.449 0.404 0.000 0.858 0.674 0.767 0.355 0.395 0.610]
   411          606        0.0388616         contract inside
  eval: e=0.0396  p=[0.619 0.449 0.401 0.000 0.856 0.674 0.776 0.349 0.396 0.615]
  eval: e=0.0389  p=[0.623 0.449 0.404 0.000 0.858 0.674 0.766 0.356 0.395 0.610]
   412          608        0.0388616         contract inside
  eval: e=0.0389  p=[0.623 0.449 0.403 0.000 0.855 0.673 0.770 0.354 0.396 0.612]
  eval: e=0.0389  p=[0.621 0.449 0.403 0.000 0.859 0.674 0.769 0.354 0.395 0.611]
   413          610        0.0388616         contract inside
  eval: e=0.0391  p=[0.625 0.448 0.406 0.000 0.861 0.674 0.759 0.361 0.394 0.606]
  eval: e=0.0389  p=[0.620 0.449 0.402 0.000 0.856 0.674 0.773 0.351 0.396 0.614]
   414          612        0.0388616         contract inside
  eval: e=0.0389  p=[0.624 0.448 0.404 0.000 0.858 0.673 0.765 0.358 0.395 0.609]
  eval: e=0.0389  p=[0.621 0.449 0.402 0.000 0.858 0.674 0.770 0.353 0.396 0.612]
   415          614        0.0388616         contract inside
  eval: e=0.0389  p=[0.621 0.449 0.402 0.000 0.857 0.674 0.771 0.353 0.396 0.612]
  eval: e=0.0389  p=[0.622 0.449 0.403 0.000 0.858 0.674 0.768 0.355 0.395 0.611]
   416          616        0.0388616         contract inside
  eval: e=0.0390  p=[0.621 0.449 0.402 0.000 0.857 0.674 0.772 0.352 0.396 0.613]
  eval: e=0.0389  p=[0.622 0.449 0.403 0.000 0.858 0.674 0.768 0.355 0.395 0.611]
   417          618        0.0388616         contract inside
  eval: e=0.0389  p=[0.621 0.449 0.403 0.000 0.858 0.674 0.769 0.353 0.395 0.612]
   418          619        0.0388616         reflect
  eval: e=0.0389  p=[0.623 0.448 0.404 0.000 0.859 0.674 0.764 0.357 0.395 0.609]
  eval: e=0.0389  p=[0.621 0.449 0.402 0.000 0.857 0.674 0.771 0.353 0.396 0.612]
   419          621        0.0388616         contract inside
  eval: e=0.0389  p=[0.620 0.449 0.401 0.000 0.856 0.674 0.775 0.350 0.396 0.615]
   420          622        0.0388616         reflect
  eval: e=0.0389  p=[0.622 0.449 0.403 0.000 0.857 0.674 0.769 0.354 0.396 0.611]
  eval: e=0.0389  p=[0.623 0.449 0.403 0.000 0.857 0.673 0.768 0.355 0.396 0.611]
   421          624        0.0388566         reflect
  eval: e=0.0389  p=[0.621 0.449 0.402 0.000 0.857 0.674 0.772 0.352 0.396 0.613]
   422          625        0.0388566         reflect
  eval: e=0.0389  p=[0.623 0.448 0.404 0.000 0.859 0.674 0.764 0.357 0.395 0.609]
  eval: e=0.0389  p=[0.621 0.449 0.402 0.000 0.857 0.674 0.772 0.352 0.396 0.613]
   423          627        0.0388566         contract inside
  eval: e=0.0389  p=[0.621 0.449 0.402 0.000 0.857 0.674 0.772 0.352 0.396 0.613]
  eval: e=0.0389  p=[0.622 0.449 0.403 0.000 0.858 0.674 0.769 0.354 0.395 0.611]
   424          629        0.0388566         contract inside
  eval: e=0.0389  p=[0.622 0.449 0.402 0.000 0.856 0.673 0.771 0.353 0.396 0.612]
  eval: e=0.0389  p=[0.622 0.449 0.402 0.000 0.854 0.673 0.772 0.352 0.397 0.612]
   425          631        0.0388552         expand
  eval: e=0.0389  p=[0.624 0.448 0.404 0.000 0.858 0.673 0.764 0.358 0.395 0.609]
  eval: e=0.0389  p=[0.621 0.449 0.402 0.000 0.857 0.674 0.772 0.352 0.396 0.613]
   426          633        0.0388552         contract inside
  eval: e=0.0389  p=[0.622 0.449 0.403 0.000 0.857 0.674 0.769 0.354 0.396 0.611]
   427          634        0.0388552         reflect
  eval: e=0.0389  p=[0.622 0.449 0.403 0.000 0.856 0.673 0.770 0.354 0.396 0.612]
   428          635        0.0388552         reflect
  eval: e=0.0389  p=[0.620 0.449 0.402 0.000 0.858 0.675 0.771 0.352 0.395 0.613]
  eval: e=0.0389  p=[0.623 0.449 0.403 0.000 0.856 0.673 0.769 0.354 0.396 0.611]
   429          637        0.0388552         contract inside
  eval: e=0.0389  p=[0.622 0.449 0.402 0.000 0.856 0.674 0.771 0.353 0.396 0.612]
  eval: e=0.0389  p=[0.622 0.449 0.403 0.000 0.857 0.674 0.769 0.354 0.396 0.611]
   430          639        0.0388552         contract inside
  eval: e=0.0389  p=[0.623 0.449 0.403 0.000 0.855 0.673 0.769 0.355 0.396 0.611]
   431          640        0.0388552         reflect
  eval: e=0.0389  p=[0.620 0.449 0.400 0.000 0.854 0.673 0.777 0.348 0.397 0.615]
   432          641        0.0388552         reflect
  eval: e=0.0389  p=[0.623 0.449 0.403 0.000 0.856 0.673 0.770 0.354 0.396 0.611]
  eval: e=0.0389  p=[0.621 0.449 0.402 0.000 0.856 0.674 0.771 0.352 0.396 0.613]
   433          643        0.0388552         contract inside
  eval: e=0.0389  p=[0.621 0.449 0.402 0.000 0.856 0.674 0.772 0.352 0.396 0.613]
  eval: e=0.0389  p=[0.621 0.449 0.402 0.000 0.856 0.674 0.771 0.352 0.396 0.613]
   434          645        0.0388552         contract outside
  eval: e=0.0389  p=[0.622 0.449 0.402 0.000 0.855 0.673 0.773 0.351 0.397 0.613]
  eval: e=0.0389  p=[0.621 0.449 0.401 0.000 0.854 0.673 0.775 0.350 0.397 0.614]
   435          647        0.0388518         expand
  eval: e=0.0389  p=[0.621 0.449 0.401 0.000 0.855 0.674 0.774 0.350 0.397 0.614]
   436          648        0.0388518         reflect
  eval: e=0.0389  p=[0.619 0.449 0.401 0.000 0.856 0.674 0.776 0.349 0.396 0.615]
   437          649        0.0388518         reflect
  eval: e=0.0389  p=[0.622 0.449 0.402 0.000 0.855 0.673 0.773 0.351 0.397 0.613]
  eval: e=0.0388  p=[0.622 0.449 0.401 0.000 0.854 0.673 0.774 0.351 0.397 0.613]
   438          651        0.0388497         expand
  eval: e=0.0388  p=[0.621 0.449 0.401 0.000 0.854 0.673 0.774 0.351 0.397 0.614]
  eval: e=0.0389  p=[0.621 0.449 0.401 0.000 0.853 0.673 0.776 0.350 0.397 0.614]
   439          653        0.0388486         reflect
  eval: e=0.0389  p=[0.621 0.449 0.401 0.000 0.854 0.673 0.775 0.350 0.397 0.614]
   440          654        0.0388486         reflect
  eval: e=0.0389  p=[0.624 0.449 0.402 0.000 0.854 0.672 0.771 0.354 0.397 0.611]
   441          655        0.0388486         reflect
  eval: e=0.0389  p=[0.624 0.448 0.403 0.000 0.856 0.673 0.768 0.355 0.396 0.610]
  eval: e=0.0389  p=[0.621 0.449 0.401 0.000 0.854 0.673 0.775 0.350 0.397 0.614]
   442          657        0.0388486         contract inside
  eval: e=0.0389  p=[0.623 0.449 0.401 0.000 0.853 0.672 0.774 0.352 0.397 0.613]
   443          658        0.0388486         reflect
  eval: e=0.0389  p=[0.622 0.449 0.400 0.000 0.851 0.673 0.778 0.349 0.398 0.615]
   444          659        0.0388486         reflect
  eval: e=0.0389  p=[0.621 0.449 0.400 0.000 0.850 0.672 0.780 0.348 0.398 0.616]
  eval: e=0.0388  p=[0.622 0.449 0.402 0.000 0.855 0.673 0.771 0.353 0.396 0.612]
   445          661        0.0388486         contract inside
  eval: e=0.0389  p=[0.623 0.449 0.402 0.000 0.854 0.673 0.773 0.352 0.397 0.613]
   446          662        0.0388486         reflect
  eval: e=0.0388  p=[0.622 0.449 0.401 0.000 0.853 0.673 0.776 0.350 0.397 0.614]
   447          663        0.0388486         reflect
  eval: e=0.0389  p=[0.621 0.449 0.401 0.000 0.854 0.673 0.776 0.350 0.397 0.614]
  eval: e=0.0389  p=[0.622 0.449 0.402 0.000 0.854 0.673 0.773 0.352 0.397 0.613]
   448          665        0.0388486         contract inside
  eval: e=0.0389  p=[0.620 0.449 0.400 0.000 0.853 0.674 0.778 0.348 0.397 0.616]
   449          666        0.0388486         reflect
  eval: e=0.0388  p=[0.622 0.449 0.401 0.000 0.853 0.673 0.775 0.351 0.397 0.614]
  eval: e=0.0388  p=[0.623 0.449 0.401 0.000 0.852 0.672 0.775 0.351 0.397 0.613]
   450          668        0.0388473         reflect
  eval: e=0.0389  p=[0.620 0.449 0.401 0.000 0.855 0.674 0.776 0.349 0.397 0.615]
  eval: e=0.0389  p=[0.622 0.449 0.401 0.000 0.853 0.673 0.774 0.351 0.397 0.613]
   451          670        0.0388473         contract inside
  eval: e=0.0389  p=[0.622 0.449 0.402 0.000 0.856 0.674 0.771 0.352 0.396 0.612]
  eval: e=0.0389  p=[0.622 0.449 0.401 0.000 0.853 0.673 0.776 0.350 0.397 0.614]
   452          672        0.0388473         contract inside
  eval: e=0.0388  p=[0.623 0.449 0.401 0.000 0.852 0.672 0.775 0.351 0.398 0.614]
   453          673        0.0388473         reflect
  eval: e=0.0389  p=[0.621 0.449 0.401 0.000 0.853 0.673 0.776 0.349 0.397 0.615]
  eval: e=0.0389  p=[0.622 0.449 0.401 0.000 0.854 0.673 0.774 0.351 0.397 0.613]
   454          675        0.0388473         contract inside
  eval: e=0.0388  p=[0.622 0.449 0.401 0.000 0.853 0.673 0.775 0.351 0.397 0.614]
   455          676        0.0388473         reflect
  eval: e=0.0388  p=[0.624 0.449 0.402 0.000 0.853 0.672 0.771 0.354 0.397 0.611]
   456          677        0.0388473         reflect
  eval: e=0.0388  p=[0.622 0.449 0.401 0.000 0.853 0.673 0.774 0.351 0.397 0.613]
  eval: e=0.0388  p=[0.623 0.449 0.401 0.000 0.853 0.673 0.774 0.351 0.397 0.613]
   457          679        0.0388466         reflect
  eval: e=0.0388  p=[0.622 0.449 0.401 0.000 0.854 0.673 0.774 0.351 0.397 0.613]
  eval: e=0.0389  p=[0.622 0.449 0.401 0.000 0.854 0.673 0.773 0.352 0.397 0.613]
   458          681        0.0388465         reflect
  eval: e=0.0388  p=[0.623 0.449 0.402 0.000 0.854 0.673 0.771 0.353 0.397 0.612]
  eval: e=0.0388  p=[0.624 0.448 0.403 0.000 0.855 0.673 0.769 0.355 0.396 0.611]
   459          683        0.0388462         reflect
  eval: e=0.0388  p=[0.623 0.449 0.401 0.000 0.851 0.672 0.776 0.350 0.398 0.614]
   460          684        0.0388462         reflect
  eval: e=0.0389  p=[0.620 0.449 0.400 0.000 0.853 0.673 0.778 0.348 0.397 0.616]
  eval: e=0.0388  p=[0.623 0.449 0.402 0.000 0.853 0.673 0.772 0.353 0.397 0.612]
   461          686        0.0388462         contract inside
  eval: e=0.0389  p=[0.622 0.449 0.401 0.000 0.853 0.673 0.775 0.351 0.397 0.613]
  eval: e=0.0388  p=[0.622 0.449 0.401 0.000 0.853 0.673 0.774 0.351 0.397 0.613]
   462          688        0.0388462         contract inside
  eval: e=0.0388  p=[0.622 0.449 0.402 0.000 0.854 0.673 0.773 0.352 0.397 0.613]
   463          689        0.0388462         reflect
  eval: e=0.0389  p=[0.622 0.449 0.402 0.000 0.856 0.674 0.772 0.352 0.396 0.612]
  eval: e=0.0388  p=[0.622 0.449 0.401 0.000 0.852 0.673 0.775 0.351 0.397 0.614]
   464          691        0.0388462         contract inside
  eval: e=0.0388  p=[0.623 0.449 0.402 0.000 0.854 0.673 0.772 0.353 0.397 0.612]
   465          692        0.0388462         reflect
  eval: e=0.0388  p=[0.624 0.449 0.402 0.000 0.853 0.672 0.772 0.353 0.397 0.612]
   466          693        0.0388462         reflect
  eval: e=0.0388  p=[0.623 0.449 0.402 0.000 0.853 0.673 0.773 0.352 0.397 0.612]
   467          694        0.0388462         reflect
  eval: e=0.0388  p=[0.623 0.449 0.402 0.000 0.854 0.673 0.772 0.353 0.397 0.612]
   468          695        0.0388462         reflect
  eval: e=0.0388  p=[0.624 0.449 0.402 0.000 0.852 0.672 0.773 0.353 0.397 0.612]
   469          696        0.0388462         reflect
  eval: e=0.0388  p=[0.623 0.449 0.401 0.000 0.853 0.673 0.774 0.352 0.397 0.613]
   470          697        0.0388462         reflect
  eval: e=0.0388  p=[0.622 0.449 0.401 0.000 0.854 0.673 0.773 0.351 0.397 0.613]
  eval: e=0.0388  p=[0.623 0.449 0.402 0.000 0.853 0.672 0.773 0.352 0.397 0.612]
   471          699        0.0388462         contract inside
  eval: e=0.0388  p=[0.623 0.449 0.402 0.000 0.854 0.673 0.771 0.353 0.397 0.611]
  eval: e=0.0388  p=[0.624 0.448 0.403 0.000 0.855 0.673 0.769 0.355 0.396 0.610]
   472          701         0.038845         reflect
  eval: e=0.0388  p=[0.622 0.449 0.401 0.000 0.853 0.673 0.774 0.351 0.397 0.613]
   473          702         0.038845         reflect
  eval: e=0.0388  p=[0.624 0.449 0.402 0.000 0.854 0.673 0.771 0.354 0.397 0.611]
   474          703         0.038845         reflect
  eval: e=0.0389  p=[0.622 0.449 0.402 0.000 0.855 0.673 0.773 0.352 0.397 0.613]
  eval: e=0.0388  p=[0.623 0.449 0.402 0.000 0.853 0.673 0.772 0.352 0.397 0.612]
   475          705         0.038845         contract inside
  eval: e=0.0388  p=[0.624 0.449 0.402 0.000 0.854 0.673 0.771 0.354 0.397 0.611]
  eval: e=0.0388  p=[0.623 0.449 0.402 0.000 0.853 0.673 0.773 0.352 0.397 0.613]
   476          707         0.038845         contract inside
  eval: e=0.0388  p=[0.624 0.449 0.402 0.000 0.854 0.673 0.771 0.354 0.397 0.611]
   477          708         0.038845         reflect
  eval: e=0.0388  p=[0.624 0.448 0.402 0.000 0.854 0.673 0.770 0.354 0.397 0.611]
  eval: e=0.0388  p=[0.625 0.448 0.403 0.000 0.854 0.672 0.769 0.355 0.396 0.610]
   478          710        0.0388443         expand
  eval: e=0.0388  p=[0.623 0.449 0.402 0.000 0.855 0.673 0.770 0.354 0.396 0.611]
  eval: e=0.0388  p=[0.623 0.449 0.402 0.000 0.853 0.673 0.772 0.353 0.397 0.612]
   479          712        0.0388443         contract inside
  eval: e=0.0388  p=[0.624 0.449 0.402 0.000 0.854 0.673 0.770 0.354 0.397 0.611]
   480          713        0.0388443         reflect
  eval: e=0.0388  p=[0.624 0.449 0.402 0.000 0.854 0.673 0.771 0.353 0.397 0.611]
   481          714        0.0388443         reflect
  eval: e=0.0388  p=[0.624 0.448 0.403 0.000 0.854 0.673 0.769 0.355 0.396 0.610]
   482          715        0.0388443         reflect
  eval: e=0.0388  p=[0.624 0.448 0.403 0.000 0.855 0.673 0.769 0.355 0.396 0.611]
   483          716        0.0388443         reflect
  eval: e=0.0388  p=[0.625 0.448 0.403 0.000 0.855 0.673 0.767 0.356 0.396 0.609]
   484          717        0.0388443         reflect
  eval: e=0.0388  p=[0.625 0.448 0.403 0.000 0.854 0.672 0.769 0.355 0.396 0.610]
   485          718        0.0388443         reflect
  eval: e=0.0388  p=[0.624 0.448 0.403 0.000 0.854 0.673 0.769 0.355 0.396 0.610]
  eval: e=0.0388  p=[0.624 0.448 0.402 0.000 0.854 0.673 0.770 0.354 0.397 0.611]
   486          720        0.0388443         contract inside
  eval: e=0.0388  p=[0.624 0.448 0.403 0.000 0.854 0.673 0.769 0.355 0.396 0.610]
  eval: e=0.0388  p=[0.625 0.448 0.403 0.000 0.854 0.672 0.768 0.356 0.396 0.610]
   487          722        0.0388439         expand
  eval: e=0.0388  p=[0.625 0.448 0.403 0.000 0.855 0.673 0.767 0.356 0.396 0.609]
   488          723        0.0388439         reflect
  eval: e=0.0388  p=[0.625 0.448 0.403 0.000 0.855 0.673 0.767 0.356 0.396 0.609]
   489          724        0.0388439         reflect
  eval: e=0.0388  p=[0.625 0.448 0.403 0.000 0.855 0.673 0.767 0.356 0.396 0.609]
  eval: e=0.0388  p=[0.626 0.448 0.404 0.000 0.855 0.672 0.766 0.357 0.396 0.608]
   490          726        0.0388429         expand
  eval: e=0.0388  p=[0.626 0.448 0.404 0.000 0.855 0.672 0.766 0.357 0.396 0.608]
   491          727        0.0388429         reflect
  eval: e=0.0388  p=[0.625 0.448 0.403 0.000 0.854 0.673 0.769 0.355 0.396 0.610]
   492          728        0.0388429         reflect
  eval: e=0.0388  p=[0.627 0.448 0.404 0.000 0.855 0.672 0.765 0.358 0.396 0.608]
   493          729        0.0388429         reflect
  eval: e=0.0388  p=[0.625 0.448 0.404 0.000 0.855 0.673 0.766 0.357 0.396 0.609]
   494          730        0.0388429         reflect
  eval: e=0.0388  p=[0.625 0.448 0.403 0.000 0.854 0.672 0.768 0.356 0.396 0.609]
  eval: e=0.0388  p=[0.625 0.448 0.403 0.000 0.855 0.673 0.767 0.356 0.396 0.609]
   495          732        0.0388429         contract inside
  eval: e=0.0388  p=[0.625 0.448 0.403 0.000 0.854 0.672 0.768 0.356 0.396 0.610]
   496          733        0.0388429         reflect
  eval: e=0.0388  p=[0.626 0.448 0.404 0.000 0.855 0.672 0.765 0.358 0.396 0.608]
  eval: e=0.0388  p=[0.627 0.448 0.404 0.000 0.855 0.672 0.763 0.359 0.396 0.607]
   497          735        0.0388428         reflect
  eval: e=0.0388  p=[0.627 0.448 0.404 0.000 0.854 0.672 0.764 0.359 0.396 0.607]
   498          736        0.0388428         reflect
  eval: e=0.0388  p=[0.626 0.448 0.404 0.000 0.855 0.672 0.764 0.359 0.396 0.607]
   499          737        0.0388428         reflect
  eval: e=0.0388  p=[0.626 0.448 0.404 0.000 0.854 0.672 0.765 0.358 0.396 0.608]
  eval: e=0.0388  p=[0.627 0.448 0.404 0.000 0.854 0.672 0.764 0.359 0.396 0.607]
   500          739        0.0388427         reflect
  eval: e=0.0388  p=[0.625 0.448 0.403 0.000 0.855 0.673 0.767 0.356 0.396 0.609]
  eval: e=0.0388  p=[0.626 0.448 0.404 0.000 0.855 0.672 0.765 0.358 0.396 0.608]
   501          741        0.0388427         contract inside
  eval: e=0.0388  p=[0.627 0.448 0.404 0.000 0.855 0.672 0.763 0.359 0.396 0.607]
  eval: e=0.0388  p=[0.628 0.448 0.405 0.000 0.856 0.672 0.761 0.361 0.395 0.606]
   502          743        0.0388426         reflect
  eval: e=0.0388  p=[0.625 0.448 0.403 0.000 0.855 0.673 0.767 0.356 0.396 0.609]
  eval: e=0.0388  p=[0.626 0.448 0.404 0.000 0.855 0.672 0.765 0.358 0.396 0.608]
   503          745        0.0388426         contract inside
  eval: e=0.0388  p=[0.627 0.448 0.404 0.000 0.854 0.672 0.765 0.358 0.396 0.608]
   504          746        0.0388426         reflect
  eval: e=0.0388  p=[0.626 0.448 0.404 0.000 0.854 0.672 0.765 0.358 0.396 0.608]
  eval: e=0.0388  p=[0.627 0.448 0.404 0.000 0.854 0.672 0.765 0.358 0.396 0.608]
   505          748        0.0388416         expand
  eval: e=0.0388  p=[0.627 0.448 0.405 0.000 0.855 0.672 0.762 0.360 0.396 0.606]
   506          749        0.0388416         reflect
  eval: e=0.0388  p=[0.626 0.448 0.404 0.000 0.855 0.672 0.764 0.358 0.396 0.608]
   507          750        0.0388416         reflect
  eval: e=0.0388  p=[0.626 0.448 0.404 0.000 0.855 0.672 0.765 0.358 0.396 0.608]
  eval: e=0.0388  p=[0.626 0.448 0.404 0.000 0.855 0.672 0.765 0.358 0.396 0.608]
   508          752        0.0388416         contract inside
  eval: e=0.0388  p=[0.628 0.448 0.405 0.000 0.856 0.672 0.760 0.361 0.395 0.605]
  eval: e=0.0388  p=[0.626 0.448 0.403 0.000 0.854 0.672 0.767 0.357 0.396 0.609]
   509          754        0.0388416         contract inside
  eval: e=0.0388  p=[0.627 0.448 0.404 0.000 0.854 0.672 0.764 0.359 0.396 0.607]
   510          755        0.0388416         reflect
  eval: e=0.0388  p=[0.627 0.448 0.404 0.000 0.854 0.672 0.765 0.358 0.396 0.608]
   511          756        0.0388416         reflect
  eval: e=0.0388  p=[0.627 0.448 0.404 0.000 0.854 0.672 0.764 0.359 0.396 0.607]
   512          757        0.0388416         reflect
  eval: e=0.0388  p=[0.627 0.448 0.404 0.000 0.855 0.672 0.764 0.359 0.396 0.607]
   513          758        0.0388416         reflect
  eval: e=0.0388  p=[0.627 0.448 0.404 0.000 0.854 0.672 0.764 0.359 0.396 0.607]
  eval: e=0.0388  p=[0.627 0.448 0.404 0.000 0.854 0.672 0.763 0.359 0.396 0.607]
   514          760        0.0388413         reflect
  eval: e=0.0388  p=[0.627 0.448 0.404 0.000 0.855 0.672 0.763 0.359 0.396 0.607]
   515          761        0.0388413         reflect
  eval: e=0.0388  p=[0.627 0.448 0.404 0.000 0.854 0.672 0.765 0.358 0.396 0.608]
   516          762        0.0388413         reflect
  eval: e=0.0388  p=[0.626 0.448 0.404 0.000 0.855 0.672 0.765 0.358 0.396 0.608]
   517          763        0.0388413         reflect
  eval: e=0.0388  p=[0.626 0.448 0.403 0.000 0.854 0.672 0.767 0.357 0.396 0.609]
  eval: e=0.0388  p=[0.625 0.448 0.403 0.000 0.853 0.672 0.769 0.355 0.397 0.610]
   518          765        0.0388413         reflect
  eval: e=0.0388  p=[0.626 0.448 0.403 0.000 0.854 0.672 0.767 0.357 0.396 0.609]
  eval: e=0.0388  p=[0.627 0.448 0.404 0.000 0.855 0.672 0.764 0.359 0.396 0.607]
   519          767        0.0388413         contract inside
  eval: e=0.0388  p=[0.628 0.448 0.404 0.000 0.854 0.672 0.763 0.360 0.396 0.606]
  eval: e=0.0388  p=[0.629 0.448 0.405 0.000 0.854 0.672 0.761 0.361 0.396 0.605]
   520          769        0.0388409         reflect
  eval: e=0.0388  p=[0.627 0.448 0.404 0.000 0.855 0.672 0.764 0.359 0.396 0.607]
  eval: e=0.0388  p=[0.627 0.448 0.404 0.000 0.854 0.672 0.765 0.358 0.396 0.608]
   521          771        0.0388409         contract inside
  eval: e=0.0388  p=[0.627 0.448 0.404 0.000 0.854 0.672 0.765 0.358 0.396 0.607]
   522          772        0.0388409         reflect
  eval: e=0.0388  p=[0.627 0.448 0.404 0.000 0.854 0.672 0.765 0.358 0.396 0.608]
   523          773        0.0388409         reflect
  eval: e=0.0388  p=[0.626 0.448 0.404 0.000 0.854 0.672 0.766 0.357 0.396 0.608]
  eval: e=0.0388  p=[0.627 0.448 0.404 0.000 0.854 0.672 0.764 0.359 0.396 0.607]
   524          775        0.0388409         contract inside
  eval: e=0.0388  p=[0.626 0.448 0.404 0.000 0.855 0.672 0.765 0.358 0.396 0.608]
  eval: e=0.0388  p=[0.627 0.448 0.404 0.000 0.854 0.672 0.765 0.358 0.396 0.607]
   525          777        0.0388409         contract inside
  eval: e=0.0388  p=[0.627 0.448 0.404 0.000 0.855 0.672 0.764 0.359 0.396 0.607]
   526          778        0.0388409         reflect
  eval: e=0.0388  p=[0.627 0.448 0.404 0.000 0.854 0.672 0.764 0.359 0.396 0.607]
  eval: e=0.0388  p=[0.627 0.448 0.404 0.000 0.854 0.672 0.764 0.359 0.396 0.607]
   527          780        0.0388408         reflect
  eval: e=0.0388  p=[0.627 0.448 0.404 0.000 0.854 0.672 0.765 0.358 0.396 0.608]
  eval: e=0.0388  p=[0.627 0.448 0.404 0.000 0.854 0.672 0.764 0.358 0.396 0.607]
   528          782        0.0388408         contract inside
  eval: e=0.0388  p=[0.627 0.448 0.404 0.000 0.854 0.672 0.764 0.359 0.396 0.607]
   529          783        0.0388408         reflect
  eval: e=0.0388  p=[0.627 0.448 0.404 0.000 0.854 0.672 0.764 0.359 0.396 0.607]
  eval: e=0.0388  p=[0.627 0.448 0.404 0.000 0.854 0.672 0.765 0.358 0.396 0.607]
   530          785        0.0388408         contract inside
  eval: e=0.0388  p=[0.627 0.448 0.404 0.000 0.854 0.672 0.765 0.358 0.396 0.607]
   531          786        0.0388408         reflect
  eval: e=0.0388  p=[0.627 0.448 0.404 0.000 0.854 0.672 0.765 0.358 0.396 0.608]
  eval: e=0.0388  p=[0.627 0.448 0.404 0.000 0.854 0.672 0.765 0.358 0.396 0.608]
   532          788        0.0388406         reflect
  eval: e=0.0388  p=[0.627 0.448 0.404 0.000 0.854 0.672 0.765 0.358 0.396 0.608]
   533          789        0.0388406         reflect
  eval: e=0.0388  p=[0.627 0.448 0.404 0.000 0.854 0.672 0.765 0.358 0.396 0.607]
   534          790        0.0388406         reflect
  eval: e=0.0388  p=[0.628 0.448 0.405 0.000 0.855 0.672 0.762 0.360 0.396 0.606]
   535          791        0.0388406         reflect
  eval: e=0.0388  p=[0.627 0.448 0.404 0.000 0.854 0.672 0.764 0.359 0.396 0.607]
  eval: e=0.0388  p=[0.627 0.448 0.404 0.000 0.854 0.672 0.764 0.359 0.396 0.607]
   536          793        0.0388402         expand
  eval: e=0.0388  p=[0.628 0.448 0.404 0.000 0.854 0.672 0.764 0.359 0.396 0.607]
   537          794        0.0388402         reflect
  eval: e=0.0388  p=[0.627 0.448 0.404 0.000 0.854 0.672 0.764 0.359 0.396 0.607]
   538          795        0.0388402         reflect
  eval: e=0.0388  p=[0.627 0.448 0.404 0.000 0.854 0.672 0.764 0.359 0.396 0.607]
  eval: e=0.0388  p=[0.627 0.448 0.404 0.000 0.854 0.672 0.764 0.359 0.396 0.607]
   539          797        0.0388402         contract inside
  eval: e=0.0388  p=[0.628 0.448 0.404 0.000 0.854 0.672 0.763 0.360 0.396 0.606]
   540          798        0.0388402         reflect
  eval: e=0.0388  p=[0.627 0.448 0.404 0.000 0.854 0.672 0.765 0.358 0.396 0.608]
   541          799        0.0388402         reflect
  eval: e=0.0388  p=[0.626 0.448 0.403 0.000 0.854 0.672 0.766 0.357 0.396 0.608]
   542          800        0.0388402         reflect
  eval: e=0.0388  p=[0.627 0.448 0.404 0.000 0.854 0.672 0.765 0.358 0.396 0.608]
   543          801        0.0388402         reflect
  eval: e=0.0388  p=[0.627 0.448 0.404 0.000 0.854 0.672 0.764 0.359 0.396 0.607]
  eval: e=0.0388  p=[0.627 0.448 0.404 0.000 0.854 0.672 0.765 0.358 0.396 0.608]
   544          803        0.0388402         contract inside
  eval: e=0.0388  p=[0.627 0.448 0.404 0.000 0.854 0.672 0.765 0.358 0.396 0.607]
  eval: e=0.0388  p=[0.627 0.448 0.404 0.000 0.853 0.672 0.765 0.358 0.396 0.607]
   545          805        0.0388398         expand
  eval: e=0.0388  p=[0.627 0.448 0.404 0.000 0.854 0.672 0.764 0.359 0.396 0.607]
   546          806        0.0388398         reflect
  eval: e=0.0388  p=[0.627 0.448 0.404 0.000 0.854 0.672 0.764 0.359 0.396 0.607]
   547          807        0.0388398         reflect
  eval: e=0.0388  p=[0.627 0.448 0.404 0.000 0.853 0.672 0.766 0.358 0.396 0.608]
   548          808        0.0388398         reflect
  eval: e=0.0388  p=[0.628 0.448 0.404 0.000 0.854 0.672 0.763 0.360 0.396 0.606]
   549          809        0.0388398         reflect
  eval: e=0.0388  p=[0.628 0.448 0.404 0.000 0.853 0.672 0.764 0.359 0.396 0.606]
   550          810        0.0388398         reflect
  eval: e=0.0388  p=[0.627 0.448 0.404 0.000 0.853 0.672 0.766 0.357 0.396 0.608]
   551          811        0.0388398         reflect
  eval: e=0.0388  p=[0.627 0.448 0.403 0.000 0.853 0.672 0.767 0.357 0.397 0.608]
  eval: e=0.0388  p=[0.627 0.448 0.404 0.000 0.854 0.672 0.764 0.359 0.396 0.607]
   552          813        0.0388398         contract inside
  eval: e=0.0388  p=[0.627 0.448 0.404 0.000 0.853 0.672 0.766 0.358 0.396 0.608]
  eval: e=0.0388  p=[0.627 0.448 0.403 0.000 0.853 0.672 0.766 0.357 0.396 0.608]
   553          815        0.0388389         expand
  eval: e=0.0388  p=[0.628 0.448 0.404 0.000 0.854 0.672 0.763 0.359 0.396 0.606]
   554          816        0.0388389         reflect
  eval: e=0.0388  p=[0.628 0.448 0.404 0.000 0.853 0.672 0.764 0.359 0.396 0.607]
   555          817        0.0388389         reflect
  eval: e=0.0388  p=[0.627 0.448 0.404 0.000 0.853 0.672 0.765 0.358 0.396 0.607]
   556          818        0.0388389         reflect
  eval: e=0.0388  p=[0.628 0.448 0.404 0.000 0.853 0.672 0.764 0.359 0.396 0.607]
   557          819        0.0388389         reflect
  eval: e=0.0388  p=[0.627 0.448 0.404 0.000 0.853 0.672 0.765 0.358 0.396 0.607]
   558          820        0.0388389         reflect
  eval: e=0.0388  p=[0.628 0.448 0.404 0.000 0.854 0.672 0.763 0.359 0.396 0.606]
   559          821        0.0388389         reflect
  eval: e=0.0388  p=[0.628 0.448 0.404 0.000 0.853 0.672 0.765 0.358 0.396 0.607]
   560          822        0.0388389         reflect
  eval: e=0.0388  p=[0.627 0.448 0.404 0.000 0.854 0.672 0.765 0.358 0.396 0.607]
   561          823        0.0388389         reflect
  eval: e=0.0388  p=[0.628 0.448 0.404 0.000 0.853 0.672 0.765 0.358 0.396 0.607]
   562          824        0.0388389         reflect
  eval: e=0.0388  p=[0.628 0.448 0.404 0.000 0.853 0.672 0.764 0.359 0.396 0.607]
  eval: e=0.0388  p=[0.628 0.448 0.404 0.000 0.853 0.672 0.764 0.359 0.396 0.606]
   563          826        0.0388388         reflect
  eval: e=0.0388  p=[0.627 0.448 0.404 0.000 0.853 0.672 0.765 0.358 0.396 0.608]
   564          827        0.0388388         reflect
  eval: e=0.0388  p=[0.627 0.448 0.404 0.000 0.853 0.672 0.765 0.358 0.396 0.608]
  eval: e=0.0388  p=[0.627 0.448 0.404 0.000 0.853 0.672 0.766 0.357 0.396 0.608]
   565          829        0.0388384         expand
  eval: e=0.0388  p=[0.627 0.448 0.403 0.000 0.853 0.672 0.767 0.357 0.397 0.608]
   566          830        0.0388384         reflect
  eval: e=0.0388  p=[0.627 0.448 0.404 0.000 0.853 0.672 0.765 0.358 0.396 0.607]
  eval: e=0.0388  p=[0.627 0.448 0.404 0.000 0.853 0.672 0.765 0.358 0.396 0.607]
   567          832        0.0388371         expand
  eval: e=0.0388  p=[0.627 0.448 0.404 0.000 0.854 0.672 0.765 0.358 0.396 0.608]
   568          833        0.0388371         reflect
  eval: e=0.0388  p=[0.627 0.448 0.404 0.000 0.853 0.672 0.765 0.358 0.396 0.607]
   569          834        0.0388371         reflect
  eval: e=0.0388  p=[0.627 0.448 0.404 0.000 0.853 0.672 0.766 0.358 0.396 0.608]
   570          835        0.0388371         reflect
  eval: e=0.0388  p=[0.626 0.448 0.403 0.000 0.853 0.672 0.768 0.356 0.397 0.609]
   571          836        0.0388371         reflect
  eval: e=0.0388  p=[0.626 0.448 0.403 0.000 0.853 0.672 0.767 0.357 0.396 0.608]
   572          837        0.0388371         reflect
  eval: e=0.0388  p=[0.627 0.448 0.404 0.000 0.853 0.672 0.765 0.358 0.396 0.607]
   573          838        0.0388371         reflect
  eval: e=0.0388  p=[0.627 0.448 0.404 0.000 0.853 0.672 0.766 0.357 0.396 0.608]
  eval: e=0.0388  p=[0.626 0.448 0.403 0.000 0.853 0.672 0.767 0.357 0.396 0.608]
   574          840        0.0388369         expand
  eval: e=0.0388  p=[0.626 0.448 0.403 0.000 0.853 0.673 0.768 0.356 0.397 0.609]
  eval: e=0.0388  p=[0.625 0.448 0.402 0.000 0.853 0.673 0.770 0.354 0.397 0.610]
   575          842        0.0388362         expand
  eval: e=0.0388  p=[0.626 0.448 0.403 0.000 0.854 0.673 0.766 0.357 0.396 0.608]
  eval: e=0.0388  p=[0.626 0.448 0.404 0.000 0.854 0.673 0.766 0.357 0.396 0.608]
   576          844        0.0388356         expand
  eval: e=0.0388  p=[0.626 0.448 0.403 0.000 0.853 0.673 0.767 0.356 0.396 0.608]
  eval: e=0.0388  p=[0.626 0.448 0.403 0.000 0.853 0.673 0.767 0.356 0.396 0.609]
   577          846         0.038834         expand
  eval: e=0.0388  p=[0.626 0.448 0.403 0.000 0.853 0.673 0.768 0.356 0.397 0.609]
   578          847         0.038834         reflect
  eval: e=0.0388  p=[0.626 0.448 0.403 0.000 0.853 0.672 0.767 0.357 0.396 0.608]
   579          848         0.038834         reflect
  eval: e=0.0388  p=[0.625 0.448 0.403 0.000 0.854 0.673 0.769 0.355 0.396 0.609]
   580          849         0.038834         reflect
  eval: e=0.0388  p=[0.626 0.448 0.404 0.000 0.854 0.673 0.766 0.357 0.396 0.608]
  eval: e=0.0388  p=[0.626 0.448 0.404 0.000 0.854 0.673 0.766 0.357 0.396 0.608]
   581          851         0.038832         expand
  eval: e=0.0388  p=[0.625 0.448 0.403 0.000 0.853 0.673 0.768 0.355 0.396 0.609]
   582          852         0.038832         reflect
  eval: e=0.0388  p=[0.625 0.448 0.403 0.000 0.854 0.673 0.769 0.354 0.396 0.610]
   583          853         0.038832         reflect
  eval: e=0.0388  p=[0.624 0.448 0.403 0.000 0.853 0.673 0.770 0.354 0.396 0.610]
   584          854         0.038832         reflect
  eval: e=0.0388  p=[0.625 0.448 0.403 0.000 0.854 0.673 0.769 0.354 0.396 0.610]
   585          855         0.038832         reflect
  eval: e=0.0388  p=[0.626 0.448 0.404 0.000 0.854 0.673 0.766 0.357 0.396 0.608]
  eval: e=0.0388  p=[0.627 0.448 0.404 0.000 0.855 0.673 0.763 0.359 0.396 0.606]
   586          857        0.0388319         reflect
  eval: e=0.0388  p=[0.625 0.448 0.403 0.000 0.853 0.673 0.770 0.354 0.397 0.610]
  eval: e=0.0388  p=[0.625 0.448 0.402 0.000 0.852 0.673 0.771 0.353 0.397 0.610]
   587          859        0.0388285         expand
  eval: e=0.0388  p=[0.624 0.448 0.403 0.000 0.854 0.674 0.770 0.354 0.396 0.610]
   588          860        0.0388285         reflect
  eval: e=0.0388  p=[0.625 0.448 0.403 0.000 0.853 0.673 0.769 0.355 0.396 0.609]
   589          861        0.0388285         reflect
  eval: e=0.0388  p=[0.624 0.448 0.403 0.000 0.854 0.674 0.769 0.354 0.396 0.610]
   590          862        0.0388285         reflect
  eval: e=0.0388  p=[0.624 0.448 0.403 0.000 0.854 0.674 0.770 0.354 0.396 0.610]
  eval: e=0.0388  p=[0.624 0.448 0.402 0.000 0.854 0.674 0.771 0.352 0.396 0.611]
   591          864        0.0388265         expand
  eval: e=0.0388  p=[0.625 0.448 0.403 0.000 0.854 0.674 0.769 0.355 0.396 0.609]
   592          865        0.0388265         reflect
  eval: e=0.0388  p=[0.626 0.448 0.403 0.000 0.854 0.673 0.768 0.355 0.396 0.608]
  eval: e=0.0388  p=[0.626 0.448 0.404 0.000 0.854 0.674 0.766 0.356 0.396 0.608]
   593          867        0.0388239         expand
  eval: e=0.0388  p=[0.625 0.448 0.403 0.000 0.854 0.674 0.769 0.354 0.396 0.609]
   594          868        0.0388239         reflect
  eval: e=0.0388  p=[0.626 0.448 0.403 0.000 0.854 0.674 0.768 0.355 0.396 0.608]
   595          869        0.0388239         reflect
  eval: e=0.0388  p=[0.624 0.448 0.402 0.000 0.853 0.674 0.772 0.352 0.397 0.611]
  eval: e=0.0388  p=[0.622 0.449 0.401 0.000 0.853 0.675 0.775 0.349 0.397 0.612]
   596          871        0.0388187         expand
  eval: e=0.0388  p=[0.623 0.449 0.402 0.000 0.853 0.675 0.774 0.350 0.397 0.612]
   597          872        0.0388187         reflect
  eval: e=0.0388  p=[0.625 0.448 0.403 0.000 0.853 0.674 0.770 0.353 0.396 0.609]
  eval: e=0.0388  p=[0.625 0.448 0.403 0.000 0.853 0.675 0.770 0.353 0.396 0.609]
   598          874        0.0388132         expand
  eval: e=0.0388  p=[0.625 0.448 0.402 0.000 0.852 0.674 0.771 0.353 0.397 0.610]
   599          875        0.0388132         reflect
  eval: e=0.0388  p=[0.623 0.448 0.402 0.000 0.853 0.675 0.772 0.351 0.396 0.611]
   600          876        0.0388132         reflect
  eval: e=0.0388  p=[0.624 0.448 0.403 0.000 0.854 0.675 0.770 0.353 0.396 0.609]
   601          877        0.0388132         reflect
  eval: e=0.0388  p=[0.623 0.448 0.402 0.000 0.853 0.675 0.773 0.351 0.396 0.611]
  eval: e=0.0388  p=[0.622 0.449 0.401 0.000 0.853 0.676 0.775 0.349 0.396 0.611]
   602          879        0.0388057         expand
  eval: e=0.0388  p=[0.625 0.448 0.403 0.000 0.853 0.675 0.770 0.353 0.396 0.609]
   603          880        0.0388057         reflect
  eval: e=0.0388  p=[0.622 0.449 0.401 0.000 0.853 0.676 0.775 0.349 0.397 0.612]
   604          881        0.0388057         reflect
  eval: e=0.0388  p=[0.623 0.448 0.401 0.000 0.852 0.676 0.775 0.349 0.397 0.611]
  eval: e=0.0388  p=[0.622 0.449 0.401 0.000 0.851 0.676 0.778 0.346 0.397 0.613]
   605          883        0.0387923         expand
  eval: e=0.0388  p=[0.620 0.449 0.400 0.000 0.852 0.676 0.780 0.345 0.397 0.614]
   606          884        0.0387923         reflect
  eval: e=0.0388  p=[0.623 0.448 0.402 0.000 0.852 0.676 0.773 0.350 0.396 0.610]
   607          885        0.0387923         reflect
  eval: e=0.0388  p=[0.624 0.448 0.402 0.000 0.853 0.676 0.772 0.351 0.396 0.609]
   608          886        0.0387923         reflect
  eval: e=0.0388  p=[0.622 0.449 0.401 0.000 0.853 0.677 0.776 0.348 0.396 0.612]
   609          887        0.0387923         reflect
  eval: e=0.0388  p=[0.622 0.449 0.401 0.000 0.851 0.676 0.778 0.346 0.397 0.613]
   610          888        0.0387923         reflect
  eval: e=0.0388  p=[0.622 0.449 0.401 0.000 0.851 0.677 0.777 0.347 0.397 0.612]
  eval: e=0.0388  p=[0.621 0.449 0.400 0.000 0.851 0.678 0.779 0.344 0.397 0.612]
   611          890        0.0387674         expand
  eval: e=0.0388  p=[0.620 0.449 0.400 0.000 0.851 0.678 0.781 0.343 0.397 0.614]
   612          891        0.0387674         reflect
  eval: e=0.0388  p=[0.619 0.449 0.399 0.000 0.851 0.678 0.783 0.342 0.397 0.615]
   613          892        0.0387674         reflect
  eval: e=0.0388  p=[0.621 0.449 0.400 0.000 0.851 0.678 0.780 0.344 0.397 0.613]
   614          893        0.0387674         reflect
  eval: e=0.0388  p=[0.621 0.449 0.400 0.000 0.850 0.678 0.781 0.343 0.397 0.613]
   615          894        0.0387674         reflect
  eval: e=0.0388  p=[0.623 0.448 0.401 0.000 0.851 0.678 0.777 0.346 0.396 0.611]
  eval: e=0.0387  p=[0.624 0.448 0.402 0.000 0.851 0.679 0.776 0.347 0.396 0.609]
   616          896          0.03875         expand
  eval: e=0.0388  p=[0.619 0.449 0.399 0.000 0.850 0.679 0.785 0.339 0.397 0.615]
   617          897          0.03875         reflect
  eval: e=0.0388  p=[0.619 0.449 0.399 0.000 0.849 0.680 0.786 0.339 0.397 0.615]
   618          898          0.03875         reflect
  eval: e=0.0387  p=[0.620 0.449 0.399 0.000 0.848 0.679 0.786 0.339 0.398 0.615]
  eval: e=0.0387  p=[0.619 0.449 0.397 0.000 0.846 0.681 0.791 0.335 0.398 0.617]
   619          900        0.0387295         expand
  eval: e=0.0387  p=[0.619 0.449 0.399 0.000 0.849 0.681 0.786 0.338 0.397 0.615]
   620          901        0.0387295         reflect
  eval: e=0.0387  p=[0.618 0.449 0.398 0.000 0.849 0.682 0.788 0.336 0.397 0.615]
  eval: e=0.0387  p=[0.617 0.449 0.397 0.000 0.847 0.684 0.793 0.331 0.397 0.617]
   621          903        0.0386751         expand
  eval: e=0.0387  p=[0.620 0.449 0.399 0.000 0.848 0.681 0.785 0.339 0.397 0.613]
   622          904        0.0386751         reflect
  eval: e=0.0387  p=[0.620 0.449 0.399 0.000 0.847 0.682 0.788 0.337 0.397 0.614]
   623          905        0.0386751         reflect
  eval: e=0.0387  p=[0.619 0.449 0.398 0.000 0.847 0.682 0.790 0.335 0.398 0.615]
   624          906        0.0386751         reflect
  eval: e=0.0387  p=[0.618 0.449 0.398 0.000 0.847 0.683 0.790 0.334 0.397 0.615]
   625          907        0.0386751         reflect
  eval: e=0.0387  p=[0.617 0.449 0.397 0.000 0.845 0.684 0.795 0.330 0.398 0.617]
  eval: e=0.0386  p=[0.615 0.449 0.395 0.000 0.843 0.687 0.802 0.323 0.398 0.619]
   626          909        0.0386062         expand
  eval: e=0.0387  p=[0.619 0.449 0.398 0.000 0.845 0.684 0.792 0.332 0.398 0.614]
   627          910        0.0386062         reflect
  eval: e=0.0386  p=[0.619 0.449 0.398 0.000 0.844 0.685 0.792 0.331 0.398 0.614]
   628          911        0.0386062         reflect
  eval: e=0.0386  p=[0.613 0.450 0.394 0.000 0.842 0.687 0.806 0.320 0.399 0.621]
   629          912        0.0386062         reflect
  eval: e=0.0386  p=[0.617 0.449 0.396 0.000 0.842 0.686 0.800 0.325 0.399 0.617]
   630          913        0.0386062         reflect
  eval: e=0.0386  p=[0.617 0.449 0.397 0.000 0.845 0.688 0.796 0.327 0.397 0.615]
  eval: e=0.0385  p=[0.615 0.449 0.396 0.000 0.844 0.691 0.799 0.323 0.397 0.615]
   631          915        0.0385014         expand
  eval: e=0.0385  p=[0.614 0.449 0.394 0.000 0.842 0.690 0.806 0.319 0.398 0.619]
   632          916        0.0385014         reflect
  eval: e=0.0385  p=[0.613 0.449 0.394 0.000 0.842 0.690 0.807 0.318 0.398 0.619]
   633          917        0.0385014         reflect
  eval: e=0.0385  p=[0.614 0.449 0.394 0.000 0.841 0.691 0.808 0.317 0.398 0.619]
  eval: e=0.0384  p=[0.611 0.450 0.392 0.000 0.838 0.696 0.817 0.308 0.399 0.621]
   634          919        0.0383571         expand
  eval: e=0.0384  p=[0.612 0.449 0.393 0.000 0.839 0.693 0.812 0.312 0.399 0.620]
   635          920        0.0383571         reflect
  eval: e=0.0384  p=[0.613 0.449 0.393 0.000 0.837 0.694 0.814 0.311 0.399 0.620]
   636          921        0.0383571         reflect
  eval: e=0.0384  p=[0.610 0.450 0.391 0.000 0.837 0.695 0.819 0.306 0.399 0.623]
   637          922        0.0383571         reflect
  eval: e=0.0383  p=[0.608 0.450 0.390 0.000 0.837 0.697 0.824 0.302 0.399 0.625]
  eval: e=0.0381  p=[0.602 0.451 0.386 0.000 0.833 0.703 0.840 0.287 0.400 0.630]
   638          924        0.0380528         expand
  eval: e=0.0382  p=[0.607 0.450 0.390 0.000 0.837 0.699 0.824 0.301 0.399 0.624]
   639          925        0.0380528         reflect
  eval: e=0.0382  p=[0.609 0.449 0.391 0.000 0.836 0.701 0.821 0.302 0.398 0.621]
   640          926        0.0380528         reflect
  eval: e=0.0380  p=[0.607 0.450 0.389 0.000 0.834 0.704 0.830 0.294 0.399 0.623]
  eval: e=0.0376  p=[0.602 0.450 0.386 0.000 0.830 0.712 0.843 0.280 0.399 0.626]
   641          928        0.0376277         expand
  eval: e=0.0380  p=[0.605 0.450 0.388 0.000 0.833 0.706 0.834 0.290 0.399 0.625]
   642          929        0.0376277         reflect
  eval: e=0.0378  p=[0.604 0.450 0.387 0.000 0.831 0.708 0.838 0.286 0.399 0.625]
   643          930        0.0376277         reflect
  eval: e=0.0377  p=[0.600 0.451 0.383 0.000 0.826 0.710 0.853 0.274 0.401 0.632]
   644          931        0.0376277         reflect
  eval: e=0.0376  p=[0.601 0.451 0.385 0.000 0.829 0.712 0.848 0.277 0.400 0.629]
   645          932        0.0376277         reflect
  eval: e=0.0375  p=[0.597 0.451 0.384 0.000 0.829 0.714 0.854 0.271 0.400 0.631]
  eval: e=0.0368  p=[0.589 0.452 0.379 0.000 0.826 0.725 0.874 0.250 0.400 0.637]
   646          934        0.0368042         expand
  eval: e=0.0372  p=[0.596 0.451 0.383 0.000 0.826 0.719 0.859 0.264 0.400 0.631]
   647          935        0.0368042         reflect
  eval: e=0.0369  p=[0.592 0.451 0.380 0.000 0.824 0.723 0.870 0.254 0.400 0.635]
   648          936        0.0368042         reflect
  eval: e=0.0368  p=[0.593 0.451 0.380 0.000 0.821 0.724 0.872 0.252 0.400 0.634]
  eval: e=0.0358  p=[0.586 0.452 0.374 0.000 0.813 0.737 0.896 0.228 0.401 0.639]
   649          938        0.0357644         expand
  eval: e=0.0363  p=[0.586 0.452 0.375 0.000 0.818 0.730 0.890 0.236 0.402 0.641]
   650          939        0.0357644         reflect
  eval: e=0.0362  p=[0.590 0.451 0.378 0.000 0.818 0.733 0.881 0.241 0.400 0.634]
   651          940        0.0357644         reflect
  eval: e=0.0359  p=[0.584 0.452 0.374 0.000 0.815 0.736 0.897 0.228 0.401 0.641]
   652          941        0.0357644         reflect
  eval: e=0.0357  p=[0.581 0.452 0.372 0.000 0.814 0.739 0.905 0.220 0.402 0.644]
  eval: e=0.0358  p=[0.570 0.454 0.364 0.000 0.805 0.755 0.938 0.188 0.403 0.653]
   653          943        0.0357282         reflect
  eval: e=0.0359  p=[0.582 0.452 0.374 0.000 0.817 0.743 0.900 0.222 0.400 0.640]
   654          944        0.0357282         reflect
  eval: e=0.0355  p=[0.577 0.453 0.370 0.000 0.811 0.748 0.915 0.208 0.401 0.645]
  eval: e=0.0405  p=[0.566 0.454 0.363 0.000 0.803 0.766 0.949 0.174 0.402 0.653]
   655          946        0.0355304         reflect
  eval: e=0.0356  p=[0.571 0.453 0.365 0.000 0.807 0.754 0.934 0.191 0.402 0.652]
   656          947        0.0355304         reflect
  eval: e=0.0359  p=[0.572 0.453 0.366 0.000 0.806 0.755 0.933 0.191 0.402 0.651]
   657          948        0.0355304         reflect
  eval: e=0.0357  p=[0.572 0.453 0.366 0.000 0.805 0.757 0.935 0.189 0.402 0.650]
   658          949        0.0355304         reflect
  eval: e=0.0356  p=[0.571 0.453 0.364 0.000 0.799 0.762 0.943 0.180 0.403 0.650]
   659          950        0.0355304         reflect
  eval: e=0.0377  p=[0.571 0.453 0.365 0.000 0.803 0.763 0.938 0.183 0.401 0.648]
  eval: e=0.0358  p=[0.582 0.452 0.373 0.000 0.814 0.738 0.902 0.223 0.402 0.643]
   660          952        0.0355304         contract inside
  eval: e=0.0366  p=[0.565 0.454 0.362 0.000 0.802 0.761 0.951 0.175 0.403 0.657]
  eval: e=0.0357  p=[0.584 0.452 0.374 0.000 0.814 0.740 0.899 0.224 0.401 0.640]
   661          954        0.0355304         contract inside
  eval: e=0.0347  p=[0.574 0.453 0.366 0.000 0.803 0.750 0.932 0.195 0.404 0.651]
  eval: e=0.0340  p=[0.570 0.454 0.362 0.000 0.797 0.754 0.948 0.181 0.406 0.657]
   662          956        0.0340483         expand
  eval: e=0.0356  p=[0.584 0.452 0.373 0.000 0.812 0.738 0.902 0.223 0.402 0.641]
   663          957        0.0340483         reflect
  eval: e=0.0352  p=[0.572 0.453 0.365 0.000 0.802 0.758 0.939 0.186 0.403 0.650]
   664          958        0.0340483         reflect
  eval: e=0.0359  p=[0.567 0.454 0.362 0.000 0.802 0.760 0.948 0.178 0.403 0.655]
  eval: e=0.0354  p=[0.581 0.452 0.371 0.000 0.810 0.743 0.909 0.215 0.402 0.643]
   665          960        0.0340483         contract inside
  eval: e=0.0351  p=[0.570 0.453 0.364 0.000 0.800 0.760 0.944 0.181 0.403 0.651]
   666          961        0.0340483         reflect
  eval: e=0.0351  p=[0.569 0.453 0.363 0.000 0.798 0.764 0.949 0.175 0.403 0.652]
   667          962        0.0340483         reflect
  eval: e=0.0349  p=[0.579 0.453 0.368 0.000 0.805 0.747 0.922 0.204 0.403 0.646]
   668          963        0.0340483         reflect
  eval: e=0.0346  p=[0.565 0.454 0.359 0.000 0.794 0.766 0.962 0.165 0.405 0.658]
   669          964        0.0340483         reflect
  eval: e=0.0343  p=[0.577 0.453 0.366 0.000 0.799 0.754 0.932 0.193 0.404 0.647]
   670          965        0.0340483         reflect
  eval: e=0.0377  p=[0.562 0.454 0.357 0.000 0.791 0.773 0.971 0.154 0.404 0.658]
  eval: e=0.0350  p=[0.579 0.453 0.369 0.000 0.807 0.747 0.919 0.206 0.403 0.646]
   671          967        0.0340483         contract inside
  eval: e=0.0348  p=[0.577 0.453 0.367 0.000 0.805 0.746 0.925 0.203 0.404 0.649]
   672          968        0.0340483         reflect
  eval: e=0.0335  p=[0.570 0.454 0.361 0.000 0.792 0.760 0.955 0.174 0.406 0.655]
  eval: e=0.0327  p=[0.567 0.454 0.356 0.000 0.782 0.766 0.974 0.157 0.408 0.660]
   673          970        0.0327412         expand
  eval: e=0.0332  p=[0.564 0.454 0.356 0.000 0.787 0.769 0.974 0.155 0.406 0.660]
   674          971        0.0327412         reflect
  eval: e=0.0336  p=[0.572 0.454 0.361 0.000 0.793 0.757 0.951 0.178 0.406 0.655]
   675          972        0.0327412         reflect
  eval: e=0.0340  p=[0.573 0.454 0.362 0.000 0.793 0.753 0.947 0.183 0.406 0.655]
   676          973        0.0327412         reflect
  eval: e=0.0346  p=[0.575 0.454 0.363 0.000 0.795 0.748 0.942 0.190 0.407 0.655]
   677          974        0.0327412         reflect
  eval: e=0.0328  p=[0.565 0.454 0.355 0.000 0.783 0.765 0.977 0.155 0.408 0.663]
   678          975        0.0327412         reflect
  eval: e=0.0324  p=[0.562 0.455 0.353 0.000 0.781 0.769 0.985 0.148 0.409 0.665]
  eval: e=2.7608  p=[0.554 0.456 0.346 0.000 0.769 0.779 1.000 0.119 0.412 0.674]
   679          977        0.0324293         reflect
  eval: e=0.0320  p=[0.561 0.455 0.351 0.000 0.775 0.774 0.994 0.138 0.409 0.665]
  eval: e=8.2152  p=[0.553 0.455 0.343 0.001 0.760 0.788 1.000 0.106 0.412 0.673]
   680          979        0.0320273         reflect
  eval: e=0.0341  p=[0.572 0.454 0.358 0.000 0.783 0.756 0.963 0.171 0.409 0.658]
   681          980        0.0320273         reflect
  eval: e=0.0323  p=[0.562 0.454 0.353 0.000 0.780 0.775 0.987 0.142 0.408 0.662]
   682          981        0.0320273         reflect
  eval: e=0.6236  p=[0.556 0.456 0.348 0.000 0.772 0.774 1.000 0.129 0.412 0.673]
  eval: e=0.0336  p=[0.572 0.453 0.361 0.000 0.792 0.759 0.951 0.177 0.406 0.653]
   683          983        0.0320273         contract inside
  eval: e=0.0353  p=[0.561 0.454 0.356 0.000 0.790 0.772 0.975 0.152 0.405 0.661]
  eval: e=0.0334  p=[0.569 0.454 0.358 0.000 0.785 0.760 0.966 0.166 0.408 0.659]
   684          985        0.0320273         contract inside
  eval: e=0.0318  p=[0.563 0.454 0.352 0.000 0.774 0.775 0.993 0.138 0.409 0.663]
  eval: e=2.3393  p=[0.559 0.454 0.347 0.001 0.762 0.786 1.000 0.117 0.411 0.666]
   685          987        0.0318204         reflect
  eval: e=0.1137  p=[0.558 0.455 0.350 0.000 0.773 0.780 1.000 0.128 0.409 0.666]
  eval: e=0.0333  p=[0.569 0.454 0.359 0.000 0.788 0.760 0.961 0.169 0.407 0.658]
   686          989        0.0318204         contract inside
  eval: e=0.0451  p=[0.559 0.455 0.350 0.000 0.773 0.777 1.000 0.131 0.410 0.667]
  eval: e=0.0331  p=[0.568 0.454 0.358 0.000 0.788 0.762 0.964 0.166 0.407 0.658]
   687          991        0.0318204         contract inside
  eval: e=0.1657  p=[0.558 0.455 0.349 0.000 0.773 0.776 1.000 0.130 0.410 0.669]
  eval: e=0.0331  p=[0.569 0.454 0.358 0.000 0.787 0.763 0.964 0.165 0.407 0.657]
   688          993        0.0318204         contract inside
  eval: e=0.0325  p=[0.560 0.455 0.353 0.000 0.781 0.776 0.989 0.141 0.408 0.663]
   689          994        0.0318204         reflect
  eval: e=0.0318  p=[0.559 0.455 0.351 0.000 0.776 0.779 0.999 0.132 0.409 0.666]
  eval: e=3.0778  p=[0.553 0.455 0.346 0.001 0.769 0.788 1.000 0.114 0.410 0.670]
   690          996        0.0317557         reflect
  eval: e=0.0324  p=[0.564 0.454 0.352 0.000 0.774 0.772 0.991 0.142 0.410 0.664]
   691          997        0.0317557         reflect
  eval: e=0.5102  p=[0.558 0.455 0.348 0.000 0.771 0.780 1.000 0.125 0.410 0.668]
  eval: e=0.0327  p=[0.566 0.454 0.356 0.000 0.784 0.767 0.974 0.156 0.408 0.660]
   692          999        0.0317557         contract inside
  eval: e=0.7258  p=[0.557 0.455 0.348 0.000 0.771 0.780 1.000 0.125 0.410 0.669]
  eval: e=0.0326  p=[0.566 0.454 0.356 0.000 0.783 0.767 0.975 0.155 0.408 0.660]
   693         1001        0.0317557         contract inside
  eval: e=0.0316  p=[0.561 0.454 0.351 0.000 0.775 0.779 0.996 0.134 0.409 0.663]
  eval: e=0.3166  p=[0.559 0.454 0.350 0.001 0.770 0.785 1.000 0.124 0.409 0.663]
   694         1003        0.0315935         reflect
  eval: e=0.0830  p=[0.558 0.455 0.350 0.000 0.774 0.780 1.000 0.129 0.409 0.666]
  eval: e=0.0324  p=[0.565 0.454 0.354 0.000 0.780 0.769 0.981 0.150 0.408 0.662]
   695         1005        0.0315935         contract inside
  eval: e=0.1565  p=[0.559 0.455 0.349 0.000 0.772 0.780 1.000 0.128 0.410 0.666]
  eval: e=0.0324  p=[0.564 0.454 0.354 0.000 0.781 0.770 0.982 0.149 0.408 0.662]
   696         1007        0.0315935         contract inside
  eval: e=0.1917  p=[0.558 0.455 0.349 0.000 0.772 0.780 1.000 0.128 0.410 0.667]
  eval: e=0.0323  p=[0.564 0.454 0.354 0.000 0.780 0.771 0.982 0.148 0.408 0.662]
   697         1009        0.0315935         contract inside
  eval: e=0.0324  p=[0.564 0.454 0.352 0.000 0.775 0.771 0.989 0.144 0.410 0.664]
  eval: e=0.0322  p=[0.563 0.454 0.353 0.000 0.776 0.772 0.989 0.143 0.409 0.663]
   698         1011        0.0315935         contract outside
  eval: e=0.0316  p=[0.563 0.454 0.352 0.001 0.773 0.778 0.994 0.136 0.409 0.662]
   699         1012        0.0315935         reflect
  eval: e=0.0315  p=[0.560 0.455 0.350 0.001 0.773 0.779 1.000 0.131 0.409 0.665]
  eval: e=0.9212  p=[0.558 0.455 0.348 0.001 0.769 0.784 1.000 0.122 0.410 0.666]
   700         1014        0.0315427         reflect
  eval: e=0.0325  p=[0.560 0.454 0.352 0.000 0.779 0.779 0.992 0.137 0.407 0.662]
  eval: e=0.0320  p=[0.563 0.454 0.352 0.000 0.775 0.773 0.991 0.140 0.409 0.664]
   701         1016        0.0315427         contract inside
  eval: e=0.1444  p=[0.560 0.455 0.350 0.001 0.771 0.781 1.000 0.128 0.410 0.665]
  eval: e=0.0321  p=[0.563 0.454 0.353 0.000 0.778 0.773 0.987 0.144 0.409 0.663]
   702         1018        0.0315427         contract inside
  eval: e=0.1584  p=[0.560 0.455 0.350 0.001 0.771 0.781 1.000 0.128 0.410 0.665]
  eval: e=0.0321  p=[0.563 0.454 0.353 0.000 0.778 0.773 0.988 0.143 0.409 0.663]
   703         1020        0.0315427         contract inside
  eval: e=0.0320  p=[0.562 0.454 0.350 0.001 0.770 0.776 0.999 0.134 0.410 0.665]
   704         1021        0.0315427         reflect
  eval: e=0.0316  p=[0.560 0.454 0.351 0.001 0.773 0.780 0.999 0.131 0.409 0.664]
   705         1022        0.0315427         reflect
  eval: e=0.1491  p=[0.560 0.455 0.350 0.001 0.770 0.781 1.000 0.128 0.410 0.665]
  eval: e=0.0319  p=[0.562 0.454 0.352 0.000 0.776 0.775 0.991 0.140 0.409 0.663]
   706         1024        0.0315427         contract inside
  eval: e=0.1557  p=[0.560 0.455 0.349 0.001 0.770 0.781 1.000 0.128 0.410 0.665]
  eval: e=0.0319  p=[0.562 0.454 0.352 0.000 0.776 0.775 0.992 0.139 0.409 0.663]
   707         1026        0.0315427         contract inside
  eval: e=0.0314  p=[0.562 0.454 0.351 0.001 0.773 0.780 0.997 0.133 0.409 0.662]
  eval: e=0.0311  p=[0.562 0.454 0.351 0.001 0.772 0.783 0.998 0.130 0.408 0.661]
   708         1028        0.0310873         expand
  eval: e=0.0363  p=[0.560 0.454 0.350 0.001 0.772 0.782 1.000 0.129 0.409 0.663]
  eval: e=0.0318  p=[0.562 0.454 0.352 0.000 0.775 0.776 0.994 0.137 0.409 0.664]
   709         1030        0.0310873         contract inside
  eval: e=0.0323  p=[0.561 0.454 0.353 0.000 0.778 0.780 0.992 0.136 0.407 0.662]
  eval: e=0.0317  p=[0.562 0.454 0.351 0.001 0.772 0.777 0.997 0.134 0.410 0.664]
   710         1032        0.0310873         contract inside
  eval: e=0.0437  p=[0.561 0.454 0.350 0.001 0.771 0.781 1.000 0.129 0.409 0.664]
  eval: e=0.0317  p=[0.562 0.454 0.352 0.000 0.775 0.776 0.994 0.137 0.409 0.663]
   711         1034        0.0310873         contract inside
  eval: e=0.0421  p=[0.561 0.454 0.350 0.001 0.771 0.781 1.000 0.129 0.409 0.663]
  eval: e=0.0317  p=[0.562 0.454 0.352 0.000 0.775 0.777 0.994 0.137 0.409 0.663]
   712         1036        0.0310873         contract inside
  eval: e=0.0317  p=[0.559 0.454 0.350 0.001 0.774 0.781 1.000 0.130 0.409 0.664]
   713         1037        0.0310873         reflect
  eval: e=0.0333  p=[0.560 0.454 0.351 0.001 0.773 0.782 1.000 0.129 0.408 0.663]
  eval: e=0.0317  p=[0.562 0.454 0.351 0.000 0.774 0.777 0.995 0.135 0.409 0.664]
   714         1039        0.0310873         contract inside
  eval: e=0.0315  p=[0.564 0.454 0.352 0.001 0.772 0.779 0.995 0.135 0.409 0.661]
   715         1040        0.0310873         reflect
  eval: e=0.0314  p=[0.561 0.454 0.351 0.001 0.771 0.782 1.000 0.130 0.409 0.663]
   716         1041        0.0310873         reflect
  eval: e=0.0405  p=[0.561 0.454 0.350 0.001 0.771 0.782 1.000 0.129 0.409 0.663]
  eval: e=0.0316  p=[0.562 0.454 0.351 0.001 0.774 0.778 0.996 0.135 0.409 0.663]
   717         1043        0.0310873         contract inside
  eval: e=0.0316  p=[0.561 0.454 0.351 0.001 0.774 0.782 0.997 0.131 0.408 0.662]
   718         1044        0.0310873         reflect
  eval: e=0.0315  p=[0.564 0.454 0.352 0.001 0.772 0.778 0.994 0.136 0.409 0.661]
   719         1045        0.0310873         reflect
  eval: e=0.0313  p=[0.562 0.454 0.351 0.001 0.772 0.782 0.998 0.130 0.408 0.661]
   720         1046        0.0310873         reflect
  eval: e=0.0317  p=[0.563 0.454 0.351 0.001 0.772 0.777 0.997 0.135 0.410 0.663]
  eval: e=0.0315  p=[0.561 0.454 0.351 0.001 0.773 0.781 0.997 0.132 0.408 0.662]
   721         1048        0.0310873         contract inside
  eval: e=0.0362  p=[0.561 0.454 0.351 0.001 0.772 0.782 1.000 0.129 0.409 0.663]
  eval: e=0.0315  p=[0.562 0.454 0.352 0.001 0.773 0.779 0.996 0.134 0.409 0.662]
   722         1050        0.0310873         contract inside
  eval: e=0.0312  p=[0.562 0.454 0.351 0.001 0.771 0.782 0.999 0.130 0.409 0.661]
   723         1051        0.0310873         reflect
  eval: e=0.0311  p=[0.563 0.454 0.351 0.001 0.770 0.783 1.000 0.130 0.409 0.661]
   724         1052        0.0310873         reflect
  eval: e=0.0311  p=[0.564 0.454 0.352 0.001 0.770 0.782 0.996 0.132 0.409 0.659]
   725         1053        0.0310873         reflect
  eval: e=0.0311  p=[0.565 0.453 0.352 0.001 0.771 0.783 0.995 0.133 0.408 0.658]
  eval: e=0.0309  p=[0.567 0.453 0.353 0.001 0.770 0.785 0.992 0.134 0.407 0.654]
   726         1055        0.0308595         expand
  eval: e=0.0309  p=[0.564 0.454 0.352 0.001 0.770 0.784 0.998 0.130 0.408 0.659]
   727         1056        0.0308595         reflect
  eval: e=0.0354  p=[0.562 0.454 0.351 0.001 0.770 0.786 1.000 0.127 0.408 0.659]
  eval: e=0.0313  p=[0.563 0.454 0.352 0.001 0.772 0.780 0.996 0.134 0.409 0.661]
   728         1058        0.0308595         contract inside
  eval: e=0.0310  p=[0.565 0.453 0.352 0.001 0.768 0.783 0.997 0.131 0.409 0.658]
   729         1059        0.0308595         reflect
  eval: e=0.0310  p=[0.563 0.454 0.351 0.001 0.769 0.786 1.000 0.127 0.408 0.659]
   730         1060        0.0308595         reflect
  eval: e=0.0308  p=[0.566 0.453 0.353 0.001 0.769 0.784 0.995 0.132 0.408 0.656]
  eval: e=0.0306  p=[0.568 0.453 0.354 0.001 0.768 0.786 0.992 0.133 0.407 0.653]
   731         1062        0.0305536         expand
  eval: e=0.0307  p=[0.565 0.453 0.352 0.001 0.768 0.787 0.999 0.128 0.408 0.656]
   732         1063        0.0305536         reflect
  eval: e=0.0306  p=[0.566 0.453 0.353 0.001 0.768 0.786 0.996 0.131 0.408 0.655]
   733         1064        0.0305536         reflect
  eval: e=0.0305  p=[0.567 0.453 0.353 0.001 0.767 0.786 0.995 0.131 0.408 0.654]
  eval: e=0.0302  p=[0.570 0.452 0.354 0.001 0.765 0.788 0.993 0.132 0.407 0.650]
   734         1066        0.0301975         expand
  eval: e=0.0304  p=[0.568 0.453 0.354 0.001 0.768 0.787 0.993 0.132 0.407 0.652]
   735         1067        0.0301975         reflect
  eval: e=0.0303  p=[0.568 0.453 0.353 0.001 0.767 0.789 0.995 0.129 0.407 0.652]
   736         1068        0.0301975         reflect
  eval: e=0.0301  p=[0.571 0.452 0.354 0.001 0.765 0.789 0.993 0.131 0.407 0.649]
  eval: e=0.0297  p=[0.575 0.451 0.355 0.001 0.761 0.793 0.990 0.132 0.406 0.643]
   737         1070        0.0297189         expand
  eval: e=0.0303  p=[0.572 0.452 0.355 0.001 0.765 0.787 0.989 0.135 0.407 0.648]
   738         1071        0.0297189         reflect
  eval: e=0.0299  p=[0.572 0.452 0.355 0.001 0.765 0.791 0.990 0.132 0.406 0.646]
   739         1072        0.0297189         reflect
  eval: e=0.0297  p=[0.575 0.451 0.356 0.001 0.763 0.792 0.987 0.134 0.406 0.643]
  eval: e=0.0291  p=[0.580 0.450 0.358 0.001 0.760 0.796 0.982 0.136 0.405 0.635]
   740         1074          0.02913         expand
  eval: e=0.0295  p=[0.574 0.451 0.355 0.001 0.762 0.793 0.992 0.130 0.406 0.644]
   741         1075          0.02913         reflect
  eval: e=0.0296  p=[0.578 0.450 0.357 0.001 0.762 0.792 0.984 0.136 0.406 0.639]
   742         1076          0.02913         reflect
  eval: e=0.0292  p=[0.578 0.450 0.358 0.001 0.761 0.795 0.984 0.135 0.405 0.637]
   743         1077          0.02913         reflect
  eval: e=0.0291  p=[0.579 0.450 0.357 0.001 0.759 0.797 0.986 0.132 0.405 0.636]
  eval: e=0.0285  p=[0.584 0.449 0.359 0.001 0.754 0.802 0.982 0.132 0.404 0.628]
   744         1079        0.0284558         expand
  eval: e=0.0290  p=[0.582 0.449 0.358 0.001 0.757 0.798 0.983 0.134 0.405 0.632]
   745         1080        0.0284558         reflect
  eval: e=0.0285  p=[0.580 0.450 0.358 0.001 0.758 0.800 0.986 0.130 0.405 0.634]
   746         1081        0.0284558         reflect
  eval: e=0.0289  p=[0.587 0.448 0.360 0.001 0.754 0.801 0.978 0.136 0.404 0.626]
   747         1082        0.0284558         reflect
  eval: e=0.0283  p=[0.588 0.448 0.361 0.001 0.754 0.804 0.977 0.135 0.403 0.623]
  eval: e=0.0280  p=[0.597 0.446 0.364 0.001 0.748 0.812 0.970 0.136 0.401 0.609]
   748         1084        0.0279831         expand
  eval: e=0.0289  p=[0.591 0.447 0.361 0.001 0.750 0.805 0.976 0.135 0.403 0.619]
   749         1085        0.0279831         reflect
  eval: e=0.0282  p=[0.591 0.447 0.362 0.001 0.752 0.806 0.973 0.137 0.403 0.617]
   750         1086        0.0279831         reflect
  eval: e=0.0278  p=[0.591 0.447 0.362 0.001 0.750 0.809 0.978 0.132 0.403 0.617]
  eval: e=0.0273  p=[0.597 0.445 0.364 0.001 0.744 0.818 0.975 0.129 0.401 0.607]
   751         1088        0.0272925         expand
  eval: e=0.0283  p=[0.600 0.445 0.365 0.001 0.746 0.813 0.966 0.138 0.401 0.605]
   752         1089        0.0272925         reflect
  eval: e=0.0284  p=[0.599 0.445 0.365 0.001 0.744 0.815 0.970 0.134 0.401 0.605]
   753         1090        0.0272925         reflect
  eval: e=0.0288  p=[0.602 0.445 0.365 0.001 0.741 0.818 0.970 0.133 0.401 0.602]
   754         1091        0.0272925         reflect
  eval: e=0.0284  p=[0.604 0.444 0.367 0.001 0.741 0.820 0.966 0.135 0.400 0.598]
   755         1092        0.0272925         reflect
  eval: e=0.0277  p=[0.602 0.444 0.366 0.001 0.741 0.821 0.969 0.131 0.400 0.599]
   756         1093        0.0272925         reflect
  eval: e=0.0269  p=[0.600 0.445 0.365 0.001 0.744 0.820 0.970 0.132 0.400 0.602]
  eval: e=0.0262  p=[0.604 0.443 0.367 0.001 0.741 0.828 0.966 0.130 0.398 0.593]
   757         1095        0.0261536         expand
  eval: e=0.0273  p=[0.590 0.447 0.362 0.001 0.753 0.809 0.975 0.134 0.402 0.617]
   758         1096        0.0261536         reflect
  eval: e=0.0306  p=[0.614 0.442 0.371 0.001 0.735 0.829 0.957 0.137 0.397 0.582]
  eval: e=0.0277  p=[0.588 0.448 0.361 0.001 0.752 0.807 0.979 0.132 0.403 0.621]
   759         1098        0.0261536         contract inside
  eval: e=0.0287  p=[0.610 0.442 0.370 0.001 0.738 0.828 0.959 0.135 0.398 0.586]
  eval: e=0.0278  p=[0.591 0.447 0.362 0.001 0.750 0.809 0.977 0.133 0.403 0.618]
   760         1100        0.0261536         contract inside
  eval: e=0.0268  p=[0.593 0.446 0.363 0.001 0.750 0.813 0.973 0.133 0.401 0.611]
   761         1101        0.0261536         reflect
  eval: e=0.0275  p=[0.587 0.448 0.361 0.001 0.754 0.807 0.978 0.132 0.403 0.622]
   762         1102        0.0261536         reflect
  eval: e=0.0267  p=[0.588 0.447 0.361 0.001 0.751 0.813 0.981 0.127 0.402 0.618]
   763         1103        0.0261536         reflect
  eval: e=0.0259  p=[0.596 0.445 0.364 0.001 0.745 0.821 0.975 0.127 0.400 0.605]
  eval: e=0.0248  p=[0.599 0.444 0.365 0.001 0.741 0.829 0.976 0.122 0.399 0.599]
   764         1105        0.0248125         expand
  eval: e=0.0258  p=[0.591 0.446 0.362 0.001 0.748 0.819 0.980 0.125 0.401 0.612]
   765         1106        0.0248125         reflect
  eval: e=0.0252  p=[0.597 0.445 0.365 0.001 0.744 0.824 0.973 0.126 0.399 0.602]
   766         1107        0.0248125         reflect
  eval: e=0.0251  p=[0.602 0.444 0.366 0.001 0.741 0.829 0.970 0.126 0.398 0.595]
   767         1108        0.0248125         reflect
  eval: e=0.0266  p=[0.588 0.447 0.361 0.001 0.752 0.816 0.980 0.126 0.401 0.616]
   768         1109        0.0248125         reflect
  eval: e=0.0249  p=[0.603 0.443 0.367 0.001 0.739 0.832 0.971 0.124 0.398 0.593]
   769         1110        0.0248125         reflect
  eval: e=0.0243  p=[0.603 0.443 0.366 0.001 0.737 0.836 0.974 0.120 0.397 0.592]
  eval: e=0.0240  p=[0.609 0.441 0.368 0.001 0.729 0.849 0.974 0.113 0.395 0.579]
   770         1112        0.0239878         expand
  eval: e=0.0238  p=[0.598 0.444 0.365 0.001 0.744 0.833 0.974 0.121 0.397 0.597]
  eval: e=0.0245  p=[0.598 0.443 0.366 0.001 0.743 0.840 0.974 0.117 0.395 0.592]
   771         1114        0.0237536         reflect
  eval: e=0.0229  p=[0.603 0.443 0.366 0.001 0.736 0.841 0.977 0.115 0.396 0.589]
  eval: e=0.0213  p=[0.607 0.441 0.367 0.001 0.729 0.855 0.979 0.106 0.394 0.578]
   772         1116        0.0213352         expand
  eval: e=0.0233  p=[0.612 0.441 0.370 0.001 0.731 0.850 0.968 0.116 0.394 0.575]
   773         1117        0.0213352         reflect
  eval: e=0.0273  p=[0.617 0.439 0.371 0.001 0.725 0.853 0.966 0.116 0.394 0.569]
  eval: e=0.0249  p=[0.595 0.445 0.364 0.001 0.745 0.825 0.977 0.123 0.399 0.604]
   774         1119        0.0213352         contract inside
  eval: e=0.0232  p=[0.598 0.444 0.364 0.001 0.738 0.841 0.982 0.111 0.397 0.594]
   775         1120        0.0213352         reflect
  eval: e=0.0229  p=[0.613 0.440 0.370 0.001 0.729 0.854 0.969 0.113 0.393 0.572]
   776         1121        0.0213352         reflect
  eval: e=0.0218  p=[0.610 0.441 0.369 0.001 0.729 0.855 0.975 0.109 0.394 0.575]
   777         1122        0.0213352         reflect
  eval: e=0.0209  p=[0.607 0.441 0.367 0.001 0.729 0.856 0.979 0.105 0.394 0.578]
  eval: e=0.0193  p=[0.609 0.440 0.368 0.001 0.723 0.869 0.983 0.095 0.392 0.569]
   778         1124        0.0193341         expand
  eval: e=0.0205  p=[0.607 0.441 0.367 0.001 0.728 0.860 0.980 0.102 0.393 0.576]
   779         1125        0.0193341         reflect
  eval: e=0.0221  p=[0.617 0.438 0.371 0.001 0.719 0.873 0.975 0.098 0.391 0.559]
   780         1126        0.0193341         reflect
  eval: e=0.0201  p=[0.617 0.438 0.371 0.001 0.719 0.879 0.976 0.095 0.389 0.556]
   781         1127        0.0193341         reflect
  eval: e=0.0202  p=[0.608 0.440 0.369 0.001 0.728 0.865 0.978 0.101 0.392 0.571]
   782         1128        0.0193341         reflect
  eval: e=0.0235  p=[0.622 0.436 0.372 0.001 0.711 0.888 0.979 0.088 0.389 0.548]
  eval: e=0.0208  p=[0.616 0.438 0.370 0.001 0.719 0.874 0.978 0.096 0.391 0.560]
   783         1130        0.0193341         contract outside
  eval: e=0.0192  p=[0.609 0.439 0.368 0.001 0.721 0.875 0.987 0.089 0.391 0.567]
  eval: e=0.0225  p=[0.608 0.439 0.367 0.001 0.717 0.888 0.996 0.075 0.390 0.563]
   784         1132        0.0191536         reflect
  eval: e=0.0246  p=[0.624 0.435 0.374 0.001 0.711 0.891 0.974 0.090 0.387 0.543]
  eval: e=0.0212  p=[0.605 0.442 0.367 0.001 0.731 0.854 0.980 0.106 0.394 0.581]
   785         1134        0.0191536         contract inside
  eval: e=0.0197  p=[0.609 0.439 0.367 0.001 0.721 0.878 0.989 0.086 0.391 0.567]
   786         1135        0.0191536         reflect
  eval: e=0.0232  p=[0.602 0.442 0.366 0.001 0.731 0.859 0.986 0.098 0.393 0.581]
  eval: e=0.0202  p=[0.613 0.439 0.370 0.001 0.722 0.870 0.978 0.098 0.391 0.565]
   787         1137        0.0191536         contract inside
  eval: e=0.0189  p=[0.611 0.439 0.368 0.001 0.720 0.881 0.987 0.086 0.390 0.563]
  eval: e=0.0212  p=[0.611 0.438 0.368 0.001 0.715 0.893 0.993 0.075 0.388 0.557]
   788         1139        0.0189025         reflect
  eval: e=0.0179  p=[0.614 0.438 0.370 0.001 0.717 0.886 0.984 0.085 0.389 0.557]
  eval: e=0.0173  p=[0.617 0.436 0.371 0.001 0.712 0.902 0.987 0.074 0.386 0.546]
   789         1141         0.017341         expand
  eval: e=0.0170  p=[0.618 0.436 0.371 0.001 0.711 0.897 0.984 0.079 0.387 0.547]
  eval: e=0.0188  p=[0.625 0.433 0.373 0.002 0.702 0.918 0.987 0.066 0.383 0.530]
   790         1143        0.0170497         reflect
  eval: e=0.0232  p=[0.608 0.439 0.368 0.001 0.722 0.881 0.988 0.085 0.390 0.565]
  eval: e=0.0191  p=[0.614 0.438 0.370 0.001 0.720 0.876 0.980 0.093 0.390 0.562]
   791         1145        0.0170497         contract inside
  eval: e=0.0169  p=[0.618 0.436 0.371 0.001 0.711 0.899 0.986 0.077 0.387 0.546]
  eval: e=0.0184  p=[0.624 0.434 0.373 0.002 0.702 0.918 0.989 0.064 0.383 0.532]
   792         1147        0.0169098         reflect
  eval: e=0.0198  p=[0.613 0.437 0.369 0.001 0.715 0.894 0.990 0.076 0.387 0.554]
   793         1148        0.0169098         reflect
  eval: e=0.0172  p=[0.619 0.436 0.370 0.002 0.706 0.905 0.992 0.069 0.386 0.544]
   794         1149        0.0169098         reflect
  eval: e=0.0238  p=[0.610 0.438 0.367 0.001 0.713 0.896 0.997 0.070 0.388 0.557]
  eval: e=0.0181  p=[0.615 0.438 0.370 0.001 0.717 0.883 0.981 0.089 0.389 0.556]
   795         1151        0.0169098         contract inside
  eval: e=0.0197  p=[0.615 0.438 0.370 0.001 0.717 0.879 0.982 0.091 0.390 0.559]
  eval: e=0.0183  p=[0.615 0.438 0.370 0.001 0.717 0.883 0.984 0.087 0.390 0.558]
   796         1153        0.0169098         contract outside
  eval: e=0.0186  p=[0.620 0.436 0.372 0.001 0.711 0.896 0.981 0.082 0.387 0.545]
   797         1154        0.0169098         reflect
  eval: e=0.0171  p=[0.622 0.435 0.372 0.002 0.706 0.910 0.987 0.070 0.385 0.537]
   798         1155        0.0169098         reflect
  eval: e=0.0197  p=[0.625 0.434 0.373 0.002 0.705 0.911 0.983 0.072 0.384 0.534]
  eval: e=0.0179  p=[0.613 0.438 0.369 0.001 0.717 0.884 0.986 0.085 0.389 0.559]
   799         1157        0.0169098         contract inside
  eval: e=0.0159  p=[0.620 0.435 0.371 0.002 0.706 0.912 0.991 0.066 0.384 0.539]
  eval: e=0.0156  p=[0.623 0.433 0.372 0.002 0.699 0.930 0.996 0.052 0.381 0.527]
   800         1159        0.0156381         expand
  eval: e=0.0202  p=[0.625 0.434 0.373 0.002 0.702 0.917 0.986 0.067 0.383 0.530]
  eval: e=0.0174  p=[0.614 0.437 0.370 0.001 0.715 0.890 0.987 0.081 0.388 0.555]
   801         1161        0.0156381         contract inside
  eval: e=0.0179  p=[0.614 0.437 0.369 0.001 0.711 0.900 0.993 0.071 0.387 0.550]
   802         1162        0.0156381         reflect
  eval: e=0.0158  p=[0.620 0.434 0.372 0.002 0.704 0.917 0.992 0.062 0.383 0.536]
   803         1163        0.0156381         reflect
  eval: e=0.0163  p=[0.620 0.434 0.371 0.002 0.701 0.923 0.997 0.055 0.383 0.533]
   804         1164        0.0156381         reflect
  eval: e=0.0172  p=[0.623 0.434 0.373 0.002 0.705 0.911 0.986 0.070 0.384 0.536]
   805         1165        0.0156381         reflect
  eval: e=0.0170  p=[0.626 0.432 0.373 0.002 0.697 0.932 0.993 0.053 0.381 0.523]
   806         1166        0.0156381         reflect
  eval: e=0.0180  p=[0.627 0.432 0.374 0.002 0.695 0.935 0.993 0.051 0.380 0.520]
  eval: e=0.0165  p=[0.617 0.436 0.371 0.001 0.710 0.901 0.988 0.074 0.386 0.546]
   807         1168        0.0156381         contract inside
  eval: e=0.0192  p=[0.624 0.433 0.372 0.002 0.699 0.923 0.993 0.058 0.383 0.529]
  eval: e=0.0162  p=[0.619 0.435 0.371 0.002 0.708 0.907 0.989 0.070 0.385 0.542]
   808         1170        0.0156381         contract inside
  eval: e=0.0154  p=[0.623 0.434 0.373 0.002 0.704 0.921 0.988 0.063 0.382 0.531]
  eval: e=0.0153  p=[0.625 0.433 0.375 0.002 0.703 0.929 0.986 0.060 0.380 0.524]
   809         1172        0.0152785         expand
  eval: e=0.0169  p=[0.619 0.435 0.371 0.002 0.705 0.918 0.994 0.060 0.383 0.537]
   810         1173        0.0152785         reflect
  eval: e=0.0176  p=[0.619 0.434 0.371 0.002 0.704 0.921 0.994 0.059 0.383 0.535]
  eval: e=0.0161  p=[0.621 0.435 0.372 0.002 0.705 0.913 0.989 0.067 0.384 0.537]
   811         1175        0.0152785         contract inside
  eval: e=0.0161  p=[0.623 0.432 0.373 0.002 0.697 0.937 0.997 0.047 0.380 0.523]
   812         1176        0.0152785         reflect
  eval: e=0.0185  p=[0.615 0.436 0.370 0.001 0.712 0.902 0.990 0.072 0.386 0.548]
  eval: e=0.0157  p=[0.623 0.433 0.373 0.002 0.701 0.925 0.992 0.058 0.382 0.529]
   813         1178        0.0152785         contract inside
  eval: e=0.0166  p=[0.624 0.432 0.373 0.002 0.696 0.941 0.998 0.044 0.379 0.520]
   814         1179        0.0152785         reflect
  eval: e=0.0157  p=[0.624 0.433 0.373 0.002 0.700 0.927 0.991 0.057 0.382 0.527]
   815         1180        0.0152785         reflect
  eval: e=0.0171  p=[0.619 0.436 0.371 0.001 0.710 0.900 0.986 0.076 0.386 0.545]
  eval: e=0.0159  p=[0.623 0.433 0.373 0.002 0.700 0.931 0.995 0.052 0.381 0.526]
   816         1182        0.0152785         contract inside
  eval: e=0.0158  p=[0.627 0.431 0.374 0.002 0.694 0.946 0.996 0.043 0.378 0.515]
   817         1183        0.0152785         reflect
  eval: e=0.0152  p=[0.625 0.433 0.374 0.002 0.701 0.929 0.988 0.058 0.380 0.524]
  eval: e=0.0158  p=[0.628 0.432 0.376 0.002 0.701 0.932 0.984 0.060 0.379 0.519]
   818         1185        0.0152397         reflect
  eval: e=0.0162  p=[0.628 0.431 0.375 0.002 0.693 0.950 0.996 0.041 0.377 0.512]
  eval: e=0.0155  p=[0.626 0.432 0.374 0.002 0.697 0.939 0.994 0.048 0.379 0.519]
   819         1187        0.0152397         contract outside
  eval: e=0.0159  p=[0.626 0.431 0.374 0.002 0.694 0.949 0.997 0.041 0.377 0.513]
   820         1188        0.0152397         reflect
  eval: e=0.0155  p=[0.625 0.433 0.374 0.002 0.701 0.928 0.988 0.059 0.381 0.525]
   821         1189        0.0152397         reflect
  eval: e=0.0164  p=[0.622 0.435 0.372 0.002 0.706 0.911 0.987 0.069 0.384 0.537]
  eval: e=0.0155  p=[0.625 0.432 0.374 0.002 0.697 0.940 0.994 0.048 0.379 0.519]
   822         1191        0.0152397         contract inside
  eval: e=0.0157  p=[0.626 0.432 0.374 0.002 0.700 0.931 0.989 0.057 0.380 0.522]
   823         1192        0.0152397         reflect
  eval: e=0.0166  p=[0.630 0.431 0.376 0.002 0.694 0.947 0.991 0.046 0.377 0.511]
  eval: e=0.0155  p=[0.623 0.433 0.373 0.002 0.702 0.925 0.992 0.058 0.382 0.529]
   824         1194        0.0152397         contract inside
  eval: e=0.0157  p=[0.622 0.434 0.373 0.002 0.706 0.914 0.986 0.069 0.383 0.534]
   825         1195        0.0152397         reflect
  eval: e=0.0157  p=[0.622 0.433 0.373 0.002 0.702 0.926 0.993 0.057 0.382 0.529]
   826         1196        0.0152397         reflect
  eval: e=0.0152  p=[0.625 0.432 0.374 0.002 0.701 0.932 0.990 0.055 0.380 0.523]
  eval: e=0.0153  p=[0.625 0.432 0.375 0.002 0.701 0.936 0.988 0.054 0.379 0.520]
   827         1198        0.0151539         reflect
  eval: e=0.0155  p=[0.626 0.432 0.375 0.002 0.700 0.932 0.989 0.056 0.380 0.521]
   828         1199        0.0151539         reflect
  eval: e=0.0151  p=[0.625 0.432 0.374 0.002 0.701 0.933 0.989 0.055 0.380 0.522]
  eval: e=0.0152  p=[0.625 0.432 0.375 0.002 0.701 0.936 0.988 0.054 0.379 0.520]
   829         1201         0.015061         reflect
  eval: e=0.0157  p=[0.627 0.431 0.375 0.002 0.694 0.949 0.996 0.042 0.377 0.512]
  eval: e=0.0153  p=[0.623 0.433 0.373 0.002 0.703 0.923 0.988 0.062 0.382 0.529]
   830         1203         0.015061         contract inside
  eval: e=0.0147  p=[0.627 0.432 0.376 0.002 0.702 0.932 0.984 0.060 0.379 0.520]
  eval: e=0.0142  p=[0.629 0.431 0.378 0.002 0.704 0.933 0.978 0.063 0.378 0.516]
   831         1205        0.0142387         expand
  eval: e=0.0149  p=[0.625 0.433 0.375 0.002 0.706 0.921 0.982 0.066 0.381 0.527]
   832         1206        0.0142387         reflect
  eval: e=0.0150  p=[0.625 0.433 0.375 0.002 0.708 0.917 0.980 0.071 0.381 0.529]
   833         1207        0.0142387         reflect
  eval: e=0.0153  p=[0.624 0.433 0.374 0.002 0.706 0.922 0.984 0.065 0.381 0.528]
   834         1208        0.0142387         reflect
  eval: e=0.0153  p=[0.624 0.433 0.375 0.002 0.706 0.925 0.983 0.064 0.380 0.525]
   835         1209        0.0142387         reflect
  eval: e=0.0143  p=[0.627 0.432 0.377 0.002 0.706 0.928 0.978 0.066 0.379 0.520]
   836         1210        0.0142387         reflect
  eval: e=0.0148  p=[0.627 0.432 0.376 0.002 0.702 0.932 0.985 0.059 0.379 0.519]
   837         1211        0.0142387         reflect
  eval: e=0.0143  p=[0.628 0.432 0.377 0.002 0.704 0.933 0.980 0.062 0.378 0.517]
   838         1212        0.0142387         reflect
  eval: e=0.0146  p=[0.627 0.432 0.376 0.002 0.705 0.928 0.980 0.064 0.379 0.520]
   839         1213        0.0142387         reflect
  eval: e=0.0154  p=[0.628 0.432 0.376 0.002 0.702 0.932 0.983 0.060 0.379 0.518]
  eval: e=0.0148  p=[0.625 0.433 0.375 0.002 0.705 0.927 0.983 0.063 0.380 0.523]
   840         1215        0.0142387         contract inside
  eval: e=0.0143  p=[0.627 0.432 0.377 0.002 0.707 0.928 0.977 0.067 0.378 0.519]
   841         1216        0.0142387         reflect
  eval: e=0.0141  p=[0.628 0.432 0.378 0.002 0.709 0.924 0.973 0.072 0.379 0.520]
  eval: e=0.0140  p=[0.630 0.432 0.380 0.002 0.712 0.920 0.964 0.080 0.378 0.518]
   842         1218        0.0139769         expand
  eval: e=0.0141  p=[0.629 0.432 0.379 0.002 0.711 0.921 0.968 0.077 0.379 0.520]
   843         1219        0.0139769         reflect
  eval: e=0.0138  p=[0.630 0.431 0.379 0.002 0.705 0.937 0.975 0.063 0.376 0.511]
  eval: e=0.0137  p=[0.633 0.430 0.381 0.002 0.703 0.947 0.973 0.059 0.374 0.503]
   844         1221        0.0136526         expand
  eval: e=0.0137  p=[0.632 0.430 0.380 0.002 0.706 0.938 0.970 0.066 0.375 0.508]
   845         1222        0.0136526         reflect
  eval: e=0.0134  p=[0.631 0.431 0.380 0.002 0.711 0.928 0.965 0.075 0.376 0.513]
  eval: e=0.0130  p=[0.633 0.431 0.383 0.002 0.715 0.926 0.956 0.083 0.375 0.510]
   846         1224        0.0130354         expand
  eval: e=0.0133  p=[0.634 0.430 0.382 0.002 0.710 0.933 0.961 0.074 0.375 0.507]
   847         1225        0.0130354         reflect
  eval: e=0.0130  p=[0.633 0.430 0.382 0.002 0.711 0.933 0.960 0.075 0.374 0.507]
  eval: e=0.0124  p=[0.636 0.429 0.385 0.002 0.714 0.936 0.951 0.080 0.372 0.500]
   848         1227        0.0123683         expand
  eval: e=0.0129  p=[0.634 0.431 0.383 0.002 0.713 0.929 0.955 0.081 0.375 0.507]
   849         1228        0.0123683         reflect
  eval: e=0.0133  p=[0.636 0.430 0.384 0.002 0.712 0.934 0.954 0.079 0.373 0.502]
   850         1229        0.0123683         reflect
  eval: e=0.0130  p=[0.638 0.429 0.386 0.002 0.714 0.935 0.948 0.083 0.372 0.499]
   851         1230        0.0123683         reflect
  eval: e=0.0123  p=[0.638 0.429 0.387 0.002 0.718 0.931 0.942 0.089 0.372 0.499]
  eval: e=0.0135  p=[0.643 0.428 0.392 0.002 0.725 0.930 0.925 0.102 0.369 0.491]
   852         1232        0.0123152         reflect
  eval: e=0.0123  p=[0.640 0.428 0.387 0.002 0.713 0.945 0.947 0.078 0.369 0.491]
   853         1233        0.0123152         reflect
  eval: e=0.0123  p=[0.641 0.428 0.388 0.002 0.712 0.951 0.948 0.074 0.368 0.487]
  eval: e=0.0148  p=[0.646 0.425 0.392 0.002 0.711 0.967 0.940 0.071 0.363 0.471]
   854         1235        0.0122958         reflect
  eval: e=0.0116  p=[0.641 0.429 0.389 0.002 0.719 0.936 0.937 0.090 0.370 0.493]
  eval: e=0.0120  p=[0.645 0.428 0.393 0.002 0.726 0.934 0.920 0.103 0.367 0.486]
   855         1237        0.0116455         reflect
  eval: e=0.0130  p=[0.641 0.429 0.390 0.002 0.725 0.924 0.927 0.103 0.371 0.497]
   856         1238        0.0116455         reflect
  eval: e=0.0114  p=[0.642 0.428 0.390 0.002 0.722 0.936 0.932 0.094 0.369 0.490]
  eval: e=0.0117  p=[0.646 0.427 0.394 0.002 0.727 0.937 0.917 0.103 0.365 0.482]
   857         1240        0.0114146         reflect
  eval: e=0.0111  p=[0.640 0.429 0.389 0.002 0.721 0.935 0.934 0.092 0.369 0.492]
  eval: e=0.0105  p=[0.643 0.428 0.392 0.002 0.726 0.936 0.925 0.098 0.367 0.488]
   858         1242        0.0104898         expand
  eval: e=0.0156  p=[0.646 0.427 0.393 0.002 0.720 0.946 0.927 0.092 0.366 0.480]
  eval: e=0.0121  p=[0.636 0.430 0.385 0.002 0.717 0.931 0.948 0.085 0.373 0.503]
   859         1244        0.0104898         contract inside
  eval: e=0.0111  p=[0.640 0.429 0.389 0.002 0.722 0.935 0.934 0.092 0.369 0.493]
   860         1245        0.0104898         reflect
  eval: e=0.0130  p=[0.637 0.428 0.385 0.002 0.710 0.949 0.957 0.069 0.370 0.494]
  eval: e=0.0120  p=[0.638 0.429 0.386 0.002 0.714 0.943 0.949 0.077 0.370 0.494]
   861         1247        0.0104898         contract outside
  eval: e=0.0108  p=[0.645 0.427 0.393 0.002 0.722 0.947 0.927 0.090 0.365 0.480]
   862         1248        0.0104898         reflect
  eval: e=0.0122  p=[0.644 0.427 0.392 0.002 0.722 0.942 0.927 0.093 0.366 0.484]
   863         1249        0.0104898         reflect
  eval: e=0.0108  p=[0.642 0.428 0.391 0.002 0.725 0.933 0.926 0.099 0.368 0.491]
   864         1250        0.0104898         reflect
  eval: e=0.0105  p=[0.644 0.427 0.392 0.002 0.722 0.947 0.928 0.089 0.365 0.481]
   865         1251        0.0104898         reflect
  eval: e=0.0108  p=[0.642 0.429 0.392 0.002 0.731 0.926 0.919 0.108 0.368 0.492]
   866         1252        0.0104898         reflect
  eval: e=0.0128  p=[0.638 0.429 0.388 0.002 0.721 0.932 0.938 0.091 0.370 0.498]
  eval: e=0.0111  p=[0.643 0.428 0.391 0.002 0.722 0.940 0.930 0.093 0.367 0.487]
   867         1254        0.0104898         contract inside
  eval: e=0.0111  p=[0.647 0.426 0.396 0.002 0.728 0.945 0.913 0.101 0.363 0.475]
   868         1255        0.0104898         reflect
  eval: e=0.0115  p=[0.647 0.427 0.397 0.002 0.734 0.933 0.905 0.113 0.364 0.480]
   869         1256        0.0104898         reflect
  eval: e=0.0097  p=[0.646 0.427 0.396 0.002 0.731 0.940 0.911 0.105 0.363 0.478]
  eval: e=0.0095  p=[0.649 0.426 0.400 0.002 0.737 0.943 0.898 0.112 0.360 0.471]
   870         1258       0.00945156         expand
  eval: e=0.0117  p=[0.640 0.428 0.389 0.002 0.717 0.944 0.942 0.082 0.368 0.490]
  eval: e=0.0105  p=[0.645 0.427 0.395 0.002 0.730 0.936 0.914 0.105 0.365 0.482]
   871         1260       0.00945156         contract inside
  eval: e=0.0096  p=[0.646 0.427 0.396 0.002 0.731 0.942 0.911 0.104 0.363 0.478]
   872         1261       0.00945156         reflect
  eval: e=0.0106  p=[0.649 0.426 0.398 0.002 0.733 0.943 0.904 0.108 0.361 0.473]
   873         1262       0.00945156         reflect
  eval: e=0.0109  p=[0.642 0.428 0.392 0.002 0.727 0.934 0.924 0.100 0.367 0.489]
   874         1263       0.00945156         reflect
  eval: e=0.0096  p=[0.646 0.427 0.397 0.002 0.735 0.938 0.905 0.110 0.363 0.478]
   875         1264       0.00945156         reflect
  eval: e=0.0106  p=[0.648 0.426 0.397 0.002 0.731 0.945 0.908 0.105 0.362 0.474]
   876         1265       0.00945156         reflect
  eval: e=0.0104  p=[0.650 0.425 0.400 0.002 0.734 0.948 0.902 0.107 0.360 0.468]
   877         1266       0.00945156         reflect
  eval: e=0.0093  p=[0.648 0.427 0.399 0.002 0.740 0.933 0.896 0.119 0.362 0.477]
  eval: e=0.0095  p=[0.649 0.427 0.403 0.002 0.749 0.927 0.880 0.134 0.360 0.475]
   878         1268       0.00933808         reflect
  eval: e=0.0121  p=[0.652 0.424 0.401 0.002 0.733 0.956 0.899 0.104 0.358 0.462]
  eval: e=0.0101  p=[0.644 0.428 0.395 0.002 0.731 0.934 0.914 0.107 0.365 0.485]
   879         1270       0.00933808         contract inside
  eval: e=0.0104  p=[0.644 0.427 0.394 0.002 0.730 0.937 0.916 0.104 0.365 0.484]
   880         1271       0.00933808         reflect
  eval: e=0.0107  p=[0.644 0.428 0.395 0.002 0.732 0.934 0.914 0.107 0.365 0.485]
  eval: e=0.0099  p=[0.647 0.426 0.397 0.002 0.731 0.942 0.910 0.105 0.363 0.476]
   881         1273       0.00933808         contract inside
  eval: e=0.0097  p=[0.647 0.426 0.398 0.002 0.734 0.944 0.907 0.106 0.362 0.475]
   882         1274       0.00933808         reflect
  eval: e=0.0094  p=[0.649 0.426 0.401 0.002 0.744 0.932 0.888 0.125 0.361 0.475]
   883         1275       0.00933808         reflect
  eval: e=0.0097  p=[0.652 0.425 0.403 0.002 0.744 0.942 0.885 0.122 0.358 0.466]
   884         1276       0.00933808         reflect
  eval: e=0.0106  p=[0.645 0.428 0.396 0.002 0.738 0.929 0.905 0.116 0.364 0.484]
  eval: e=0.0095  p=[0.648 0.426 0.399 0.002 0.735 0.943 0.902 0.109 0.361 0.472]
   885         1278       0.00933808         contract inside
  eval: e=0.0107  p=[0.651 0.425 0.403 0.002 0.742 0.942 0.887 0.120 0.358 0.467]
  eval: e=0.0097  p=[0.646 0.427 0.396 0.002 0.733 0.938 0.909 0.108 0.363 0.479]
   886         1280       0.00933808         contract inside
  eval: e=0.0094  p=[0.651 0.425 0.403 0.002 0.742 0.946 0.888 0.117 0.358 0.465]
   887         1281       0.00933808         reflect
  eval: e=0.0087  p=[0.649 0.426 0.402 0.002 0.744 0.938 0.889 0.121 0.359 0.471]
  eval: e=0.0084  p=[0.650 0.426 0.404 0.002 0.750 0.936 0.878 0.130 0.357 0.468]
   888         1283       0.00842963         expand
  eval: e=0.0100  p=[0.645 0.427 0.395 0.002 0.732 0.937 0.912 0.106 0.364 0.482]
  eval: e=0.0090  p=[0.650 0.426 0.401 0.002 0.741 0.941 0.892 0.118 0.359 0.470]
   889         1285       0.00842963         contract inside
  eval: e=0.0094  p=[0.651 0.425 0.403 0.002 0.744 0.941 0.884 0.122 0.358 0.466]
   890         1286       0.00842963         reflect
  eval: e=0.0107  p=[0.651 0.426 0.403 0.002 0.746 0.935 0.882 0.128 0.359 0.469]
  eval: e=0.0091  p=[0.648 0.426 0.399 0.002 0.737 0.942 0.901 0.111 0.361 0.473]
   891         1288       0.00842963         contract inside
  eval: e=0.0099  p=[0.652 0.425 0.405 0.002 0.749 0.937 0.875 0.131 0.357 0.465]
  eval: e=0.0092  p=[0.648 0.426 0.398 0.002 0.736 0.941 0.902 0.111 0.361 0.475]
   892         1290       0.00842963         contract inside
  eval: e=0.0103  p=[0.652 0.425 0.404 0.002 0.746 0.942 0.881 0.125 0.357 0.464]
  eval: e=0.0091  p=[0.648 0.426 0.399 0.002 0.738 0.939 0.899 0.114 0.361 0.475]
   893         1292       0.00842963         contract inside
  eval: e=0.0087  p=[0.650 0.426 0.403 0.002 0.747 0.935 0.883 0.127 0.359 0.470]
   894         1293       0.00842963         reflect
  eval: e=0.0088  p=[0.649 0.426 0.402 0.002 0.746 0.935 0.884 0.126 0.359 0.471]
   895         1294       0.00842963         reflect
  eval: e=0.0086  p=[0.650 0.425 0.401 0.002 0.740 0.946 0.893 0.114 0.358 0.467]
   896         1295       0.00842963         reflect
  eval: e=0.0096  p=[0.647 0.426 0.399 0.002 0.739 0.937 0.899 0.115 0.361 0.476]
  eval: e=0.0089  p=[0.650 0.426 0.402 0.002 0.743 0.940 0.888 0.121 0.359 0.469]
   897         1297       0.00842963         contract inside
  eval: e=0.0098  p=[0.647 0.427 0.399 0.002 0.742 0.932 0.895 0.121 0.362 0.478]
  eval: e=0.0088  p=[0.650 0.425 0.402 0.002 0.742 0.942 0.890 0.118 0.359 0.468]
   898         1299       0.00842963         contract inside
  eval: e=0.0083  p=[0.651 0.425 0.403 0.002 0.744 0.946 0.886 0.119 0.357 0.464]
  eval: e=0.0080  p=[0.652 0.424 0.405 0.002 0.746 0.952 0.882 0.118 0.354 0.458]
   899         1301       0.00796991         expand
  eval: e=0.0083  p=[0.652 0.425 0.405 0.002 0.750 0.941 0.876 0.129 0.356 0.463]
   900         1302       0.00796991         reflect
  eval: e=0.0084  p=[0.653 0.425 0.406 0.002 0.750 0.943 0.874 0.128 0.355 0.461]
   901         1303       0.00796991         reflect
  eval: e=0.0093  p=[0.653 0.424 0.407 0.002 0.754 0.941 0.867 0.134 0.354 0.460]
  eval: e=0.0087  p=[0.649 0.426 0.401 0.002 0.741 0.941 0.892 0.117 0.359 0.470]
   902         1305       0.00796991         contract inside
  eval: e=0.0081  p=[0.651 0.425 0.405 0.002 0.750 0.942 0.876 0.128 0.356 0.463]
   903         1306       0.00796991         reflect
  eval: e=0.0081  p=[0.651 0.425 0.405 0.002 0.749 0.942 0.878 0.126 0.356 0.464]
   904         1307       0.00796991         reflect
  eval: e=0.0081  p=[0.651 0.425 0.406 0.002 0.752 0.941 0.873 0.130 0.355 0.463]
   905         1308       0.00796991         reflect
  eval: e=0.0079  p=[0.653 0.424 0.406 0.002 0.749 0.949 0.877 0.123 0.354 0.458]
  eval: e=0.0082  p=[0.654 0.423 0.408 0.002 0.750 0.956 0.873 0.121 0.352 0.452]
   906         1310       0.00787091         reflect
  eval: e=0.0077  p=[0.653 0.424 0.406 0.002 0.749 0.951 0.877 0.122 0.354 0.457]
  eval: e=0.0075  p=[0.654 0.423 0.408 0.002 0.750 0.959 0.874 0.120 0.351 0.450]
   907         1312       0.00749007         expand
  eval: e=0.0079  p=[0.654 0.424 0.409 0.002 0.756 0.949 0.864 0.132 0.351 0.453]
   908         1313       0.00749007         reflect
  eval: e=0.0087  p=[0.655 0.424 0.411 0.002 0.760 0.945 0.857 0.139 0.351 0.453]
  eval: e=0.0082  p=[0.651 0.425 0.404 0.002 0.745 0.946 0.884 0.120 0.356 0.464]
   909         1315       0.00749007         contract inside
  eval: e=0.0078  p=[0.654 0.423 0.408 0.002 0.750 0.956 0.873 0.121 0.352 0.452]
   910         1316       0.00749007         reflect
  eval: e=0.0079  p=[0.652 0.424 0.406 0.002 0.749 0.952 0.877 0.121 0.353 0.457]
   911         1317       0.00749007         reflect
  eval: e=0.0077  p=[0.653 0.423 0.407 0.002 0.749 0.957 0.876 0.119 0.352 0.453]
   912         1318       0.00749007         reflect
  eval: e=0.0074  p=[0.654 0.423 0.409 0.002 0.755 0.954 0.866 0.128 0.350 0.451]
  eval: e=0.0083  p=[0.656 0.422 0.412 0.002 0.760 0.959 0.857 0.131 0.347 0.444]
   913         1320        0.0074127         reflect
  eval: e=0.0077  p=[0.655 0.423 0.409 0.002 0.751 0.960 0.870 0.122 0.350 0.448]
   914         1321        0.0074127         reflect
  eval: e=0.0083  p=[0.655 0.422 0.409 0.002 0.748 0.966 0.873 0.116 0.349 0.446]
  eval: e=0.0077  p=[0.652 0.424 0.407 0.002 0.751 0.947 0.873 0.127 0.354 0.459]
   915         1323        0.0074127         contract inside
  eval: e=0.0080  p=[0.655 0.422 0.410 0.002 0.751 0.965 0.870 0.119 0.349 0.444]
  eval: e=0.0076  p=[0.654 0.423 0.408 0.002 0.751 0.959 0.871 0.121 0.350 0.449]
   916         1325        0.0074127         contract outside
  eval: e=0.0072  p=[0.655 0.423 0.410 0.002 0.756 0.956 0.863 0.128 0.349 0.448]
  eval: e=0.0073  p=[0.656 0.422 0.413 0.002 0.762 0.959 0.853 0.134 0.347 0.443]
   917         1327       0.00719084         reflect
  eval: e=0.0078  p=[0.653 0.423 0.406 0.002 0.746 0.961 0.880 0.114 0.352 0.452]
   918         1328       0.00719084         reflect
  eval: e=0.0081  p=[0.655 0.423 0.410 0.002 0.753 0.960 0.867 0.123 0.349 0.447]
  eval: e=0.0076  p=[0.653 0.424 0.407 0.002 0.750 0.954 0.875 0.122 0.352 0.454]
   919         1330       0.00719084         contract inside
  eval: e=0.0072  p=[0.655 0.422 0.410 0.002 0.753 0.964 0.867 0.121 0.348 0.445]
  eval: e=0.0072  p=[0.656 0.421 0.412 0.002 0.755 0.971 0.862 0.120 0.346 0.438]
   920         1332       0.00717153         expand
  eval: e=0.0078  p=[0.655 0.423 0.411 0.002 0.758 0.954 0.860 0.132 0.350 0.449]
  eval: e=0.0074  p=[0.655 0.423 0.410 0.002 0.755 0.955 0.865 0.127 0.350 0.450]
   921         1334       0.00717153         contract outside
  eval: e=0.0071  p=[0.654 0.423 0.410 0.002 0.755 0.958 0.866 0.125 0.349 0.448]
  eval: e=0.0072  p=[0.654 0.423 0.411 0.002 0.758 0.959 0.862 0.127 0.348 0.447]
   922         1336       0.00713035         reflect
  eval: e=0.0075  p=[0.654 0.423 0.409 0.002 0.754 0.954 0.868 0.126 0.351 0.452]
   923         1337       0.00713035         reflect
  eval: e=0.0074  p=[0.656 0.422 0.411 0.002 0.755 0.969 0.864 0.120 0.346 0.440]
   924         1338       0.00713035         reflect
  eval: e=0.0078  p=[0.656 0.422 0.412 0.002 0.758 0.962 0.859 0.128 0.347 0.443]
  eval: e=0.0074  p=[0.654 0.423 0.408 0.002 0.751 0.958 0.872 0.122 0.351 0.451]
   925         1340       0.00713035         contract inside
  eval: e=0.0075  p=[0.656 0.422 0.412 0.002 0.757 0.965 0.859 0.126 0.346 0.441]
   926         1341       0.00713035         reflect
  eval: e=0.0069  p=[0.655 0.422 0.411 0.002 0.758 0.961 0.860 0.128 0.348 0.445]
  eval: e=0.0067  p=[0.656 0.422 0.413 0.002 0.762 0.961 0.855 0.131 0.346 0.442]
   927         1343       0.00670828         expand
  eval: e=0.0075  p=[0.653 0.423 0.408 0.002 0.752 0.954 0.871 0.124 0.352 0.453]
  eval: e=0.0071  p=[0.656 0.422 0.411 0.002 0.756 0.962 0.862 0.125 0.348 0.444]
   928         1345       0.00670828         contract inside
  eval: e=0.0081  p=[0.656 0.422 0.412 0.002 0.756 0.967 0.861 0.124 0.346 0.441]
  eval: e=0.0072  p=[0.654 0.423 0.409 0.002 0.754 0.957 0.867 0.125 0.350 0.449]
   929         1347       0.00670828         contract inside
  eval: e=0.0068  p=[0.656 0.422 0.413 0.002 0.761 0.961 0.855 0.131 0.346 0.442]
   930         1348       0.00670828         reflect
  eval: e=0.0073  p=[0.654 0.424 0.410 0.002 0.758 0.950 0.863 0.132 0.351 0.453]
   931         1349       0.00670828         reflect
  eval: e=0.0070  p=[0.655 0.422 0.412 0.002 0.758 0.963 0.860 0.126 0.347 0.444]
   932         1350       0.00670828         reflect
  eval: e=0.0070  p=[0.656 0.422 0.412 0.002 0.759 0.965 0.859 0.126 0.346 0.441]
   933         1351       0.00670828         reflect
  eval: e=0.0067  p=[0.657 0.422 0.414 0.002 0.764 0.963 0.851 0.133 0.345 0.439]
   934         1352       0.00670828         reflect
  eval: e=0.0072  p=[0.657 0.421 0.414 0.002 0.758 0.974 0.857 0.122 0.344 0.435]
  eval: e=0.0069  p=[0.656 0.422 0.413 0.002 0.758 0.968 0.859 0.125 0.345 0.439]
   935         1354       0.00670828         contract outside
  eval: e=0.0068  p=[0.656 0.421 0.413 0.002 0.760 0.970 0.856 0.125 0.344 0.437]
   936         1355       0.00670828         reflect
  eval: e=0.0069  p=[0.657 0.421 0.415 0.002 0.763 0.971 0.850 0.128 0.343 0.434]
   937         1356       0.00670828         reflect
  eval: e=0.0067  p=[0.655 0.422 0.413 0.002 0.764 0.958 0.852 0.135 0.346 0.444]
   938         1357       0.00670828         reflect
  eval: e=0.0067  p=[0.656 0.422 0.414 0.002 0.765 0.965 0.850 0.132 0.344 0.438]
  eval: e=0.0068  p=[0.656 0.421 0.416 0.002 0.769 0.967 0.844 0.135 0.342 0.435]
   939         1359       0.00667561         reflect
  eval: e=0.0067  p=[0.658 0.421 0.417 0.002 0.768 0.971 0.844 0.133 0.341 0.432]
   940         1360       0.00667561         reflect
  eval: e=0.0068  p=[0.657 0.421 0.416 0.002 0.766 0.968 0.846 0.133 0.342 0.434]
   941         1361       0.00667561         reflect
  eval: e=0.0071  p=[0.657 0.421 0.416 0.002 0.767 0.966 0.844 0.135 0.343 0.435]
  eval: e=0.0067  p=[0.656 0.422 0.413 0.002 0.761 0.966 0.855 0.128 0.345 0.440]
   942         1363       0.00667561         contract inside
  eval: e=0.0068  p=[0.655 0.422 0.413 0.002 0.762 0.959 0.854 0.133 0.346 0.443]
   943         1364       0.00667561         reflect
  eval: e=0.0064  p=[0.656 0.422 0.415 0.002 0.768 0.961 0.845 0.138 0.344 0.439]
  eval: e=0.0064  p=[0.656 0.422 0.417 0.002 0.773 0.957 0.838 0.144 0.343 0.439]
   944         1366       0.00644311         reflect
  eval: e=0.0067  p=[0.657 0.421 0.416 0.002 0.765 0.970 0.848 0.131 0.342 0.434]
   945         1367       0.00644311         reflect
  eval: e=0.0069  p=[0.655 0.422 0.412 0.002 0.761 0.961 0.856 0.130 0.347 0.443]
  eval: e=0.0066  p=[0.657 0.421 0.415 0.002 0.765 0.966 0.848 0.132 0.343 0.436]
   946         1369       0.00644311         contract inside
  eval: e=0.0064  p=[0.657 0.421 0.416 0.002 0.767 0.969 0.846 0.132 0.342 0.434]
   947         1370       0.00644311         reflect
  eval: e=0.0065  p=[0.657 0.422 0.416 0.002 0.769 0.960 0.842 0.140 0.344 0.438]
   948         1371       0.00644311         reflect
  eval: e=0.0069  p=[0.655 0.423 0.412 0.002 0.762 0.957 0.855 0.133 0.347 0.445]
  eval: e=0.0065  p=[0.657 0.421 0.416 0.002 0.766 0.967 0.846 0.133 0.343 0.435]
   949         1373       0.00644311         contract inside
  eval: e=0.0067  p=[0.658 0.421 0.416 0.002 0.767 0.972 0.845 0.131 0.341 0.432]
   950         1374       0.00644311         reflect
  eval: e=0.0065  p=[0.657 0.421 0.416 0.002 0.767 0.968 0.846 0.133 0.342 0.435]
   951         1375       0.00644311         reflect
  eval: e=0.0068  p=[0.656 0.422 0.414 0.002 0.766 0.962 0.848 0.135 0.345 0.440]
  eval: e=0.0065  p=[0.657 0.421 0.415 0.002 0.765 0.968 0.848 0.132 0.343 0.436]
   952         1377       0.00644311         contract inside
  eval: e=0.0063  p=[0.657 0.421 0.417 0.002 0.771 0.966 0.839 0.139 0.341 0.434]
  eval: e=0.0069  p=[0.658 0.421 0.419 0.002 0.777 0.966 0.831 0.144 0.339 0.430]
   953         1379       0.00633715         reflect
  eval: e=0.0066  p=[0.658 0.420 0.419 0.002 0.773 0.971 0.836 0.137 0.339 0.429]
   954         1380       0.00633715         reflect
  eval: e=0.0065  p=[0.656 0.422 0.415 0.002 0.769 0.960 0.844 0.138 0.344 0.439]
   955         1381       0.00633715         reflect
  eval: e=0.0067  p=[0.658 0.421 0.418 0.002 0.772 0.966 0.838 0.139 0.341 0.433]
  eval: e=0.0064  p=[0.656 0.421 0.415 0.002 0.766 0.966 0.847 0.133 0.343 0.437]
   956         1383       0.00633715         contract inside
  eval: e=0.0067  p=[0.655 0.422 0.413 0.002 0.762 0.959 0.854 0.133 0.346 0.444]
  eval: e=0.0063  p=[0.657 0.421 0.417 0.002 0.770 0.968 0.841 0.136 0.341 0.433]
   957         1385       0.00632209         contract inside
  eval: e=0.0063  p=[0.657 0.421 0.417 0.002 0.771 0.964 0.840 0.139 0.342 0.436]
  eval: e=0.0064  p=[0.657 0.421 0.418 0.002 0.774 0.963 0.837 0.142 0.341 0.435]
   958         1387       0.00631775         reflect
  eval: e=0.0065  p=[0.658 0.421 0.417 0.002 0.768 0.971 0.844 0.133 0.341 0.432]
  eval: e=0.0064  p=[0.656 0.422 0.416 0.002 0.769 0.963 0.844 0.137 0.343 0.437]
   959         1389       0.00631775         contract inside
  eval: e=0.0063  p=[0.657 0.421 0.417 0.002 0.772 0.963 0.840 0.140 0.342 0.436]
  eval: e=0.0064  p=[0.657 0.422 0.418 0.002 0.775 0.961 0.835 0.144 0.342 0.436]
   960         1391       0.00631387         reflect
  eval: e=0.0064  p=[0.656 0.422 0.417 0.002 0.772 0.962 0.839 0.140 0.342 0.437]
   961         1392       0.00631387         reflect
  eval: e=0.0066  p=[0.657 0.421 0.417 0.002 0.769 0.970 0.843 0.134 0.341 0.433]
  eval: e=0.0063  p=[0.657 0.422 0.416 0.002 0.769 0.963 0.842 0.138 0.343 0.437]
   962         1394       0.00631387         contract inside
  eval: e=0.0063  p=[0.657 0.422 0.417 0.002 0.772 0.961 0.839 0.142 0.343 0.437]
  eval: e=0.0064  p=[0.657 0.422 0.417 0.002 0.774 0.957 0.836 0.146 0.343 0.439]
   963         1396       0.00629773         reflect
  eval: e=0.0062  p=[0.657 0.421 0.418 0.002 0.774 0.962 0.836 0.143 0.342 0.435]
  eval: e=0.0062  p=[0.657 0.421 0.419 0.002 0.777 0.961 0.831 0.147 0.341 0.434]
   964         1398       0.00619464         reflect
  eval: e=0.0063  p=[0.657 0.422 0.417 0.002 0.775 0.958 0.835 0.146 0.343 0.438]
   965         1399       0.00619464         reflect
  eval: e=0.0062  p=[0.657 0.421 0.418 0.002 0.775 0.965 0.834 0.142 0.340 0.433]
  eval: e=0.0065  p=[0.658 0.421 0.420 0.002 0.778 0.968 0.829 0.144 0.339 0.429]
   966         1401       0.00618571         reflect
  eval: e=0.0065  p=[0.657 0.421 0.417 0.002 0.771 0.965 0.839 0.140 0.342 0.434]
  eval: e=0.0063  p=[0.657 0.421 0.417 0.002 0.772 0.963 0.839 0.140 0.342 0.436]
   967         1403       0.00618571         contract inside
  eval: e=0.0063  p=[0.657 0.421 0.418 0.002 0.775 0.964 0.833 0.144 0.341 0.433]
   968         1404       0.00618571         reflect
  eval: e=0.0063  p=[0.656 0.422 0.417 0.002 0.773 0.960 0.837 0.143 0.342 0.437]
   969         1405       0.00618571         reflect
  eval: e=0.0061  p=[0.657 0.421 0.419 0.002 0.776 0.963 0.833 0.145 0.341 0.434]
  eval: e=0.0060  p=[0.657 0.421 0.420 0.002 0.780 0.963 0.828 0.148 0.339 0.432]
   970         1407       0.00603248         expand
  eval: e=0.0062  p=[0.657 0.421 0.418 0.002 0.772 0.969 0.838 0.137 0.340 0.432]
   971         1408       0.00603248         reflect
  eval: e=0.0062  p=[0.658 0.421 0.418 0.002 0.773 0.968 0.837 0.139 0.340 0.431]
   972         1409       0.00603248         reflect
  eval: e=0.0062  p=[0.657 0.421 0.418 0.002 0.777 0.960 0.832 0.147 0.341 0.435]
   973         1410       0.00603248         reflect
  eval: e=0.0062  p=[0.657 0.421 0.419 0.002 0.777 0.963 0.831 0.146 0.340 0.433]
   974         1411       0.00603248         reflect
  eval: e=0.0063  p=[0.658 0.421 0.419 0.002 0.778 0.965 0.830 0.145 0.340 0.431]
   975         1412       0.00603248         reflect
  eval: e=0.0061  p=[0.658 0.421 0.420 0.002 0.779 0.968 0.828 0.145 0.338 0.429]
   976         1413       0.00603248         reflect
  eval: e=0.0062  p=[0.657 0.421 0.417 0.002 0.773 0.964 0.837 0.141 0.341 0.434]
   977         1414       0.00603248         reflect
  eval: e=0.0062  p=[0.658 0.421 0.420 0.002 0.779 0.967 0.828 0.146 0.339 0.429]
   978         1415       0.00603248         reflect
  eval: e=0.0061  p=[0.657 0.421 0.419 0.002 0.776 0.966 0.833 0.142 0.340 0.432]
   979         1416       0.00603248         reflect
  eval: e=0.0063  p=[0.658 0.421 0.420 0.002 0.779 0.966 0.828 0.146 0.339 0.430]
  eval: e=0.0061  p=[0.657 0.421 0.418 0.002 0.775 0.965 0.835 0.142 0.341 0.433]
   980         1418       0.00603248         contract inside
  eval: e=0.0064  p=[0.658 0.420 0.419 0.002 0.775 0.971 0.833 0.139 0.339 0.428]
  eval: e=0.0061  p=[0.657 0.421 0.419 0.002 0.776 0.963 0.832 0.145 0.341 0.434]
   981         1420       0.00603248         contract inside
  eval: e=0.0063  p=[0.657 0.421 0.417 0.002 0.772 0.964 0.839 0.140 0.342 0.435]
  eval: e=0.0061  p=[0.658 0.421 0.419 0.002 0.777 0.966 0.830 0.144 0.339 0.431]
   982         1422       0.00603248         contract inside
  eval: e=0.0061  p=[0.657 0.421 0.419 0.002 0.779 0.962 0.829 0.148 0.340 0.433]
   983         1423       0.00603248         reflect
  eval: e=0.0062  p=[0.657 0.421 0.419 0.002 0.775 0.967 0.834 0.142 0.340 0.432]
   984         1424       0.00603248         reflect
  eval: e=0.0059  p=[0.658 0.421 0.420 0.002 0.779 0.968 0.828 0.144 0.338 0.429]
  eval: e=0.0059  p=[0.658 0.420 0.421 0.002 0.782 0.971 0.825 0.145 0.337 0.426]
   985         1426       0.00585151         expand
  eval: e=0.0061  p=[0.657 0.421 0.421 0.002 0.783 0.962 0.823 0.151 0.339 0.431]
   986         1427       0.00585151         reflect
  eval: e=0.0060  p=[0.657 0.421 0.421 0.002 0.782 0.965 0.825 0.148 0.338 0.430]
   987         1428       0.00585151         reflect
  eval: e=0.0061  p=[0.658 0.421 0.421 0.002 0.782 0.964 0.824 0.150 0.338 0.430]
   988         1429       0.00585151         reflect
  eval: e=0.0060  p=[0.658 0.421 0.422 0.002 0.784 0.965 0.820 0.151 0.337 0.428]
   989         1430       0.00585151         reflect
  eval: e=0.0061  p=[0.657 0.421 0.419 0.002 0.777 0.967 0.831 0.143 0.339 0.431]
   990         1431       0.00585151         reflect
  eval: e=0.0060  p=[0.657 0.421 0.421 0.002 0.782 0.965 0.824 0.149 0.338 0.430]
   991         1432       0.00585151         reflect
  eval: e=0.0059  p=[0.658 0.420 0.422 0.002 0.784 0.968 0.821 0.149 0.337 0.427]
   992         1433       0.00585151         reflect
  eval: e=0.0059  p=[0.658 0.420 0.422 0.002 0.783 0.970 0.823 0.147 0.336 0.426]
   993         1434       0.00585151         reflect
  eval: e=0.0060  p=[0.658 0.420 0.420 0.002 0.779 0.971 0.828 0.142 0.337 0.427]
   994         1435       0.00585151         reflect
  eval: e=0.0060  p=[0.658 0.420 0.422 0.002 0.785 0.968 0.820 0.150 0.336 0.426]
   995         1436       0.00585151         reflect
  eval: e=0.0061  p=[0.658 0.420 0.423 0.002 0.788 0.969 0.816 0.152 0.335 0.425]
  eval: e=0.0060  p=[0.657 0.421 0.420 0.002 0.779 0.967 0.829 0.145 0.339 0.430]
   996         1438       0.00585151         contract inside
  eval: e=0.0059  p=[0.657 0.420 0.422 0.002 0.785 0.967 0.820 0.150 0.337 0.427]
   997         1439       0.00585151         reflect
  eval: e=0.0058  p=[0.658 0.420 0.423 0.002 0.785 0.973 0.820 0.148 0.335 0.423]
  eval: e=0.0057  p=[0.658 0.419 0.424 0.002 0.788 0.978 0.816 0.147 0.333 0.419]
   998         1441       0.00574832         expand
  eval: e=0.0060  p=[0.658 0.420 0.421 0.002 0.781 0.973 0.826 0.143 0.336 0.425]
  eval: e=0.0059  p=[0.658 0.420 0.422 0.002 0.784 0.967 0.822 0.149 0.337 0.427]
   999         1443       0.00574832         contract inside
  eval: e=0.0059  p=[0.658 0.420 0.423 0.002 0.784 0.974 0.821 0.146 0.335 0.423]
  1000         1444       0.00574832         reflect
  eval: e=0.0060  p=[0.658 0.420 0.423 0.002 0.785 0.975 0.820 0.146 0.334 0.422]
  eval: e=0.0059  p=[0.658 0.421 0.421 0.002 0.782 0.968 0.824 0.148 0.337 0.428]
  1001         1446       0.00574832         contract inside
  eval: e=0.0061  p=[0.658 0.420 0.423 0.002 0.788 0.968 0.815 0.153 0.335 0.425]
  eval: e=0.0059  p=[0.658 0.420 0.421 0.002 0.781 0.971 0.825 0.145 0.337 0.426]
  1002         1448       0.00574832         contract inside
  eval: e=0.0059  p=[0.658 0.420 0.421 0.002 0.782 0.972 0.825 0.144 0.336 0.426]
  1003         1449       0.00574832         reflect
  eval: e=0.0058  p=[0.658 0.420 0.424 0.002 0.788 0.974 0.816 0.149 0.334 0.421]
  1004         1450       0.00574832         reflect
  eval: e=0.0060  p=[0.658 0.420 0.423 0.002 0.787 0.970 0.817 0.151 0.335 0.425]
  eval: e=0.0058  p=[0.658 0.420 0.422 0.002 0.783 0.972 0.823 0.146 0.336 0.425]
  1005         1452       0.00574832         contract inside
  eval: e=0.0059  p=[0.657 0.421 0.422 0.002 0.784 0.967 0.822 0.149 0.337 0.428]
  eval: e=0.0058  p=[0.658 0.420 0.422 0.002 0.784 0.969 0.821 0.148 0.336 0.426]
  1006         1454       0.00574832         contract outside
  eval: e=0.0058  p=[0.658 0.420 0.423 0.002 0.786 0.970 0.819 0.149 0.336 0.425]
  1007         1455       0.00574832         reflect
  eval: e=0.0058  p=[0.658 0.420 0.423 0.002 0.785 0.974 0.820 0.146 0.335 0.423]
  1008         1456       0.00574832         reflect
  eval: e=0.0057  p=[0.658 0.420 0.424 0.002 0.787 0.975 0.817 0.148 0.334 0.421]
  eval: e=0.0058  p=[0.658 0.419 0.425 0.002 0.789 0.979 0.814 0.147 0.332 0.418]
  1009         1458       0.00572294         reflect
  eval: e=0.0057  p=[0.658 0.420 0.424 0.002 0.789 0.973 0.814 0.151 0.334 0.422]
  eval: e=0.0058  p=[0.658 0.420 0.425 0.002 0.793 0.974 0.809 0.153 0.332 0.419]
  1010         1460       0.00571078         reflect
  eval: e=0.0058  p=[0.658 0.419 0.424 0.002 0.786 0.978 0.818 0.145 0.333 0.420]
  1011         1461       0.00571078         reflect
  eval: e=0.0057  p=[0.658 0.419 0.424 0.002 0.787 0.979 0.817 0.146 0.333 0.419]
  1012         1462       0.00571078         reflect
  eval: e=0.0057  p=[0.658 0.419 0.425 0.002 0.791 0.977 0.812 0.150 0.332 0.419]
  eval: e=0.0058  p=[0.658 0.419 0.427 0.002 0.795 0.980 0.806 0.153 0.330 0.415]
  1013         1464       0.00565941         reflect
  eval: e=0.0058  p=[0.658 0.420 0.423 0.002 0.788 0.970 0.817 0.151 0.335 0.424]
  1014         1465       0.00565941         reflect
  eval: e=0.0057  p=[0.658 0.419 0.425 0.002 0.791 0.976 0.811 0.151 0.332 0.419]
  1015         1466       0.00565941         reflect
  eval: e=0.0058  p=[0.658 0.419 0.426 0.002 0.792 0.981 0.810 0.149 0.331 0.416]
  1016         1467       0.00565941         reflect
  eval: e=0.0060  p=[0.659 0.419 0.426 0.002 0.791 0.981 0.811 0.148 0.331 0.416]
  eval: e=0.0057  p=[0.658 0.420 0.423 0.002 0.787 0.973 0.817 0.149 0.334 0.423]
  1017         1469       0.00565941         contract inside
  eval: e=0.0058  p=[0.658 0.419 0.424 0.002 0.789 0.977 0.815 0.148 0.333 0.420]
  1018         1470       0.00565941         reflect
  eval: e=0.0059  p=[0.659 0.419 0.425 0.002 0.790 0.982 0.813 0.146 0.331 0.415]
  eval: e=0.0057  p=[0.658 0.420 0.424 0.002 0.788 0.973 0.816 0.150 0.334 0.422]
  1019         1472       0.00565941         contract inside
  eval: e=0.0058  p=[0.658 0.419 0.426 0.002 0.793 0.978 0.809 0.151 0.331 0.417]
  eval: e=0.0057  p=[0.658 0.419 0.425 0.002 0.791 0.977 0.812 0.150 0.332 0.418]
  1020         1474       0.00565941         contract outside
  eval: e=0.0058  p=[0.658 0.420 0.423 0.002 0.786 0.971 0.819 0.149 0.335 0.424]
  eval: e=0.0057  p=[0.658 0.420 0.423 0.002 0.787 0.973 0.817 0.149 0.334 0.422]
  1021         1476       0.00565941         contract outside
  eval: e=0.0058  p=[0.658 0.420 0.424 0.002 0.788 0.974 0.815 0.150 0.334 0.421]
  eval: e=0.0057  p=[0.658 0.420 0.424 0.002 0.789 0.976 0.815 0.149 0.333 0.420]
  1022         1478       0.00565941         contract inside
  eval: e=0.0057  p=[0.658 0.420 0.424 0.002 0.789 0.973 0.814 0.151 0.334 0.422]
  1023         1479       0.00565941         reflect
  eval: e=0.0057  p=[0.658 0.420 0.424 0.002 0.791 0.971 0.812 0.154 0.334 0.422]
  1024         1480       0.00565941         reflect
  eval: e=0.0057  p=[0.658 0.419 0.425 0.002 0.792 0.976 0.811 0.151 0.332 0.419]
  1025         1481       0.00565941         reflect
  eval: e=0.0056  p=[0.658 0.420 0.425 0.002 0.793 0.974 0.809 0.153 0.332 0.419]
  eval: e=0.0056  p=[0.658 0.419 0.426 0.002 0.796 0.974 0.805 0.156 0.331 0.419]
  1026         1483       0.00560789         expand
  eval: e=0.0057  p=[0.658 0.419 0.426 0.002 0.793 0.976 0.809 0.153 0.332 0.418]
  1027         1484       0.00560789         reflect
  eval: e=0.0057  p=[0.658 0.419 0.426 0.002 0.795 0.977 0.806 0.154 0.331 0.417]
  eval: e=0.0057  p=[0.658 0.420 0.424 0.002 0.789 0.974 0.814 0.150 0.333 0.421]
  1028         1486       0.00560789         contract inside
  eval: e=0.0058  p=[0.658 0.419 0.426 0.002 0.793 0.977 0.809 0.152 0.331 0.417]
  eval: e=0.0057  p=[0.658 0.420 0.425 0.002 0.790 0.974 0.813 0.151 0.333 0.421]
  1029         1488       0.00560789         contract inside
  eval: e=0.0057  p=[0.658 0.420 0.424 0.002 0.789 0.974 0.815 0.150 0.334 0.422]
  1030         1489       0.00560789         reflect
  eval: e=0.0056  p=[0.658 0.419 0.426 0.002 0.793 0.977 0.809 0.152 0.331 0.418]
  1031         1490       0.00560789         reflect
  eval: e=0.0057  p=[0.658 0.419 0.426 0.002 0.794 0.977 0.808 0.153 0.331 0.417]
  1032         1491       0.00560789         reflect
  eval: e=0.0058  p=[0.658 0.419 0.426 0.002 0.795 0.974 0.807 0.155 0.331 0.418]
  eval: e=0.0057  p=[0.658 0.419 0.425 0.002 0.790 0.976 0.813 0.150 0.333 0.420]
  1033         1493       0.00560789         contract inside
  eval: e=0.0057  p=[0.658 0.419 0.426 0.002 0.793 0.981 0.810 0.149 0.331 0.415]
  1034         1494       0.00560789         reflect
  eval: e=0.0056  p=[0.658 0.419 0.426 0.002 0.793 0.975 0.809 0.153 0.332 0.419]
  1035         1495       0.00560789         reflect
  eval: e=0.0056  p=[0.658 0.419 0.425 0.002 0.793 0.976 0.810 0.152 0.332 0.419]
  1036         1496       0.00560789         reflect
  eval: e=0.0057  p=[0.658 0.420 0.424 0.002 0.790 0.975 0.813 0.150 0.333 0.420]
  eval: e=0.0056  p=[0.658 0.419 0.426 0.002 0.793 0.976 0.809 0.152 0.332 0.418]
  1037         1498       0.00560789         contract inside
  eval: e=0.0056  p=[0.658 0.419 0.427 0.002 0.795 0.978 0.806 0.153 0.330 0.416]
  eval: e=0.0057  p=[0.658 0.419 0.428 0.002 0.798 0.980 0.802 0.155 0.329 0.414]
  1038         1500       0.00560544         reflect
  eval: e=0.0056  p=[0.658 0.419 0.426 0.002 0.794 0.977 0.808 0.153 0.331 0.418]
  1039         1501       0.00560544         reflect
  eval: e=0.0056  p=[0.658 0.419 0.426 0.002 0.795 0.976 0.807 0.154 0.331 0.418]
  eval: e=0.0056  p=[0.658 0.419 0.427 0.002 0.797 0.975 0.804 0.156 0.331 0.417]
  1040         1503       0.00559773         reflect
  eval: e=0.0056  p=[0.658 0.419 0.427 0.002 0.797 0.979 0.804 0.154 0.330 0.415]
  eval: e=0.0057  p=[0.658 0.419 0.428 0.002 0.800 0.981 0.800 0.155 0.328 0.412]
  1041         1505       0.00558312         reflect
  eval: e=0.0056  p=[0.658 0.420 0.426 0.002 0.795 0.972 0.807 0.156 0.332 0.420]
  1042         1506       0.00558312         reflect
  eval: e=0.0056  p=[0.658 0.419 0.427 0.002 0.798 0.976 0.802 0.157 0.330 0.416]
  eval: e=0.0056  p=[0.658 0.419 0.429 0.002 0.802 0.976 0.797 0.160 0.329 0.415]
  1043         1508       0.00557088         reflect
  eval: e=0.0056  p=[0.658 0.419 0.427 0.002 0.794 0.981 0.807 0.151 0.330 0.415]
  eval: e=0.0056  p=[0.658 0.419 0.426 0.002 0.794 0.979 0.807 0.152 0.330 0.416]
  1044         1510       0.00557088         contract outside
  eval: e=0.0056  p=[0.658 0.419 0.427 0.002 0.797 0.977 0.805 0.155 0.330 0.417]
  1045         1511       0.00557088         reflect
  eval: e=0.0056  p=[0.658 0.419 0.427 0.002 0.798 0.978 0.803 0.156 0.330 0.415]
  1046         1512       0.00557088         reflect
  eval: e=0.0056  p=[0.658 0.419 0.428 0.002 0.798 0.979 0.802 0.155 0.329 0.415]
  1047         1513       0.00557088         reflect
  eval: e=0.0056  p=[0.658 0.419 0.428 0.002 0.799 0.978 0.802 0.156 0.329 0.415]
  eval: e=0.0056  p=[0.658 0.419 0.426 0.002 0.795 0.977 0.807 0.153 0.331 0.417]
  1048         1515       0.00557088         contract inside
  eval: e=0.0056  p=[0.658 0.419 0.428 0.002 0.800 0.977 0.800 0.157 0.329 0.415]
  1049         1516       0.00557088         reflect
  eval: e=0.0056  p=[0.658 0.419 0.428 0.002 0.797 0.981 0.803 0.153 0.329 0.414]
  1050         1517       0.00557088         reflect
  eval: e=0.0056  p=[0.658 0.419 0.427 0.002 0.799 0.977 0.802 0.156 0.329 0.415]
  eval: e=0.0056  p=[0.658 0.419 0.428 0.002 0.800 0.977 0.800 0.158 0.329 0.415]
  1051         1519       0.00555071         reflect
  eval: e=0.0056  p=[0.658 0.419 0.426 0.002 0.794 0.978 0.808 0.152 0.331 0.417]
  eval: e=0.0056  p=[0.658 0.419 0.427 0.002 0.798 0.978 0.802 0.156 0.329 0.415]
  1052         1521       0.00555071         contract inside
  eval: e=0.0055  p=[0.658 0.419 0.428 0.002 0.800 0.977 0.800 0.158 0.329 0.415]
  eval: e=0.0056  p=[0.658 0.419 0.429 0.002 0.803 0.976 0.797 0.161 0.329 0.415]
  1053         1523       0.00554889         reflect
  eval: e=0.0056  p=[0.658 0.419 0.428 0.002 0.800 0.980 0.800 0.156 0.328 0.413]
  eval: e=0.0056  p=[0.658 0.419 0.427 0.002 0.796 0.977 0.805 0.155 0.330 0.417]
  1054         1525       0.00554889         contract inside
  eval: e=0.0056  p=[0.658 0.419 0.427 0.002 0.797 0.978 0.804 0.155 0.330 0.416]
  1055         1526       0.00554889         reflect
  eval: e=0.0056  p=[0.658 0.419 0.428 0.002 0.801 0.979 0.799 0.157 0.328 0.414]
  1056         1527       0.00554889         reflect
  eval: e=0.0056  p=[0.658 0.419 0.428 0.002 0.800 0.979 0.800 0.156 0.329 0.414]
  eval: e=0.0056  p=[0.658 0.419 0.427 0.002 0.797 0.977 0.804 0.155 0.330 0.416]
  1057         1529       0.00554889         contract inside
  eval: e=0.0056  p=[0.658 0.419 0.428 0.002 0.800 0.977 0.800 0.158 0.329 0.415]
  1058         1530       0.00554889         reflect
  eval: e=0.0056  p=[0.658 0.419 0.427 0.002 0.799 0.977 0.802 0.157 0.330 0.416]
  1059         1531       0.00554889         reflect
  eval: e=0.0056  p=[0.658 0.419 0.427 0.002 0.800 0.973 0.801 0.160 0.330 0.418]
  eval: e=0.0056  p=[0.658 0.419 0.428 0.002 0.798 0.979 0.803 0.155 0.329 0.415]
  1060         1533       0.00554889         contract inside
  eval: e=0.0056  p=[0.658 0.419 0.428 0.002 0.799 0.979 0.802 0.155 0.329 0.415]
  1061         1534       0.00554889         reflect
  eval: e=0.0056  p=[0.658 0.419 0.428 0.002 0.800 0.978 0.800 0.157 0.329 0.415]
  1062         1535       0.00554889         reflect
  eval: e=0.0055  p=[0.658 0.419 0.429 0.002 0.802 0.979 0.798 0.158 0.328 0.414]
  eval: e=0.0056  p=[0.658 0.419 0.429 0.002 0.804 0.980 0.795 0.160 0.327 0.412]
  1063         1537        0.0055381         reflect
  eval: e=0.0056  p=[0.658 0.419 0.428 0.002 0.800 0.979 0.800 0.157 0.329 0.414]
  eval: e=0.0056  p=[0.658 0.419 0.428 0.002 0.799 0.977 0.802 0.157 0.329 0.415]
  1064         1539        0.0055381         contract inside
  eval: e=0.0055  p=[0.658 0.419 0.428 0.002 0.800 0.978 0.800 0.157 0.329 0.414]
  1065         1540        0.0055381         reflect
  eval: e=0.0056  p=[0.658 0.419 0.427 0.002 0.798 0.977 0.803 0.156 0.330 0.416]
  eval: e=0.0055  p=[0.658 0.419 0.428 0.002 0.800 0.978 0.800 0.157 0.329 0.414]
  1066         1542        0.0055381         contract inside
  eval: e=0.0055  p=[0.658 0.419 0.429 0.002 0.802 0.978 0.798 0.158 0.328 0.414]
  eval: e=0.0055  p=[0.658 0.419 0.429 0.002 0.804 0.979 0.795 0.160 0.327 0.413]
  1067         1544       0.00553133         reflect
  eval: e=0.0056  p=[0.658 0.419 0.428 0.002 0.801 0.977 0.799 0.159 0.329 0.415]
  eval: e=0.0055  p=[0.658 0.419 0.428 0.002 0.799 0.978 0.801 0.156 0.329 0.415]
  1068         1546       0.00553133         contract inside
  eval: e=0.0055  p=[0.658 0.419 0.428 0.002 0.800 0.978 0.801 0.157 0.329 0.415]
  1069         1547       0.00553133         reflect
  eval: e=0.0055  p=[0.658 0.419 0.428 0.002 0.801 0.979 0.799 0.157 0.328 0.414]
  1070         1548       0.00553133         reflect
  eval: e=0.0055  p=[0.658 0.419 0.429 0.002 0.802 0.979 0.798 0.158 0.328 0.413]
  eval: e=0.0055  p=[0.658 0.419 0.429 0.002 0.804 0.980 0.796 0.159 0.327 0.412]
  1071         1550       0.00552928         reflect
  eval: e=0.0055  p=[0.658 0.419 0.428 0.002 0.801 0.980 0.799 0.157 0.328 0.413]
  1072         1551       0.00552928         reflect
  eval: e=0.0055  p=[0.658 0.419 0.429 0.002 0.803 0.978 0.796 0.160 0.328 0.414]
  1073         1552       0.00552928         reflect
  eval: e=0.0055  p=[0.658 0.419 0.429 0.002 0.802 0.980 0.798 0.157 0.328 0.413]
  eval: e=0.0055  p=[0.658 0.419 0.429 0.002 0.803 0.982 0.796 0.157 0.327 0.411]
  1074         1554       0.00551733         expand
  eval: e=0.0055  p=[0.658 0.419 0.429 0.002 0.803 0.979 0.796 0.159 0.328 0.413]
  eval: e=0.0055  p=[0.658 0.419 0.428 0.002 0.801 0.979 0.800 0.157 0.329 0.414]
  1075         1556       0.00551733         contract inside
  eval: e=0.0055  p=[0.658 0.419 0.429 0.002 0.802 0.980 0.797 0.158 0.328 0.413]
  eval: e=0.0055  p=[0.658 0.419 0.428 0.002 0.801 0.979 0.799 0.158 0.328 0.414]
  1076         1558       0.00551733         contract inside
  eval: e=0.0055  p=[0.658 0.419 0.429 0.002 0.804 0.980 0.795 0.159 0.327 0.412]
  1077         1559       0.00551733         reflect
  eval: e=0.0055  p=[0.658 0.419 0.429 0.002 0.804 0.980 0.796 0.159 0.327 0.412]
  1078         1560       0.00551733         reflect
  eval: e=0.0055  p=[0.658 0.419 0.429 0.002 0.802 0.980 0.797 0.158 0.328 0.413]
  1079         1561       0.00551733         reflect
  eval: e=0.0055  p=[0.658 0.419 0.429 0.002 0.804 0.979 0.796 0.160 0.328 0.413]
  1080         1562       0.00551733         reflect
  eval: e=0.0055  p=[0.658 0.419 0.429 0.002 0.804 0.980 0.795 0.159 0.327 0.412]
  1081         1563       0.00551733         reflect
  eval: e=0.0055  p=[0.658 0.419 0.430 0.002 0.805 0.980 0.794 0.160 0.327 0.412]
  eval: e=0.0055  p=[0.658 0.419 0.429 0.002 0.802 0.979 0.798 0.158 0.328 0.413]
  1082         1565       0.00551733         contract inside
  eval: e=0.0055  p=[0.658 0.419 0.429 0.002 0.802 0.979 0.798 0.158 0.328 0.413]
  eval: e=0.0055  p=[0.658 0.419 0.429 0.002 0.803 0.979 0.796 0.159 0.328 0.413]
  1083         1567       0.00551733         contract inside
  eval: e=0.0055  p=[0.658 0.419 0.429 0.002 0.802 0.981 0.798 0.157 0.327 0.412]
  1084         1568       0.00551733         reflect
  eval: e=0.0055  p=[0.658 0.419 0.430 0.002 0.805 0.981 0.795 0.159 0.327 0.412]
  eval: e=0.0055  p=[0.658 0.419 0.430 0.002 0.806 0.982 0.792 0.160 0.326 0.410]
  1085         1570       0.00551165         expand
  eval: e=0.0055  p=[0.658 0.419 0.430 0.002 0.805 0.982 0.795 0.159 0.326 0.411]
  eval: e=0.0055  p=[0.658 0.418 0.430 0.002 0.806 0.983 0.793 0.159 0.326 0.409]
  1086         1572       0.00550899         expand
  eval: e=0.0055  p=[0.658 0.419 0.430 0.002 0.805 0.982 0.794 0.159 0.326 0.410]
  eval: e=0.0055  p=[0.658 0.418 0.431 0.002 0.807 0.984 0.791 0.160 0.325 0.409]
  1087         1574       0.00550768         expand
  eval: e=0.0055  p=[0.658 0.418 0.430 0.002 0.804 0.984 0.795 0.157 0.326 0.410]
  1088         1575       0.00550768         reflect
  eval: e=0.0055  p=[0.658 0.418 0.431 0.002 0.807 0.984 0.792 0.159 0.325 0.409]
  eval: e=0.0055  p=[0.658 0.419 0.429 0.002 0.803 0.980 0.796 0.158 0.327 0.412]
  1089         1577       0.00550768         contract inside
  eval: e=0.0055  p=[0.658 0.418 0.430 0.002 0.805 0.984 0.794 0.158 0.326 0.409]
  1090         1578       0.00550768         reflect
  eval: e=0.0055  p=[0.658 0.418 0.431 0.002 0.807 0.982 0.791 0.160 0.326 0.410]
  1091         1579       0.00550768         reflect
  eval: e=0.0055  p=[0.658 0.418 0.430 0.002 0.805 0.984 0.794 0.158 0.326 0.409]
  1092         1580       0.00550768         reflect
  eval: e=0.0055  p=[0.658 0.419 0.430 0.002 0.806 0.981 0.793 0.160 0.326 0.411]
  1093         1581       0.00550768         reflect
  eval: e=0.0055  p=[0.658 0.418 0.431 0.002 0.808 0.984 0.790 0.160 0.325 0.408]
  1094         1582       0.00550768         reflect
  eval: e=0.0055  p=[0.658 0.418 0.430 0.002 0.805 0.984 0.794 0.158 0.326 0.409]
  eval: e=0.0055  p=[0.658 0.419 0.430 0.002 0.806 0.982 0.793 0.159 0.326 0.411]
  1095         1584       0.00550768         contract inside
  eval: e=0.0055  p=[0.658 0.418 0.431 0.002 0.808 0.985 0.790 0.160 0.324 0.408]
  eval: e=0.0055  p=[0.658 0.419 0.430 0.002 0.804 0.981 0.795 0.159 0.327 0.411]
  1096         1586       0.00550768         contract inside
  eval: e=0.0055  p=[0.658 0.418 0.431 0.002 0.808 0.986 0.790 0.159 0.324 0.407]
  1097         1587       0.00550768         reflect
  eval: e=0.0055  p=[0.658 0.418 0.431 0.002 0.809 0.984 0.788 0.161 0.324 0.408]
  1098         1588       0.00550768         reflect
  eval: e=0.0055  p=[0.658 0.419 0.430 0.002 0.805 0.980 0.794 0.160 0.327 0.411]
  1099         1589       0.00550768         reflect
  eval: e=0.0055  p=[0.658 0.419 0.431 0.002 0.807 0.981 0.791 0.161 0.326 0.410]
  eval: e=0.0055  p=[0.658 0.418 0.430 0.002 0.806 0.983 0.793 0.159 0.326 0.409]
  1100         1591       0.00550768         contract inside
  eval: e=0.0055  p=[0.658 0.419 0.430 0.002 0.804 0.981 0.795 0.159 0.327 0.412]
  eval: e=0.0055  p=[0.658 0.419 0.430 0.002 0.805 0.982 0.794 0.159 0.326 0.411]
  1101         1593       0.00550768         contract outside
  eval: e=0.0055  p=[0.658 0.419 0.429 0.002 0.802 0.980 0.798 0.157 0.328 0.413]
  eval: e=0.0055  p=[0.658 0.418 0.431 0.002 0.808 0.983 0.791 0.160 0.325 0.409]
  1102         1595       0.00550633         contract inside
  eval: e=0.0055  p=[0.658 0.418 0.431 0.002 0.807 0.985 0.791 0.159 0.325 0.408]
  1103         1596       0.00550633         reflect
  eval: e=0.0055  p=[0.658 0.418 0.431 0.002 0.807 0.982 0.791 0.161 0.326 0.410]
  1104         1597       0.00550633         reflect
  eval: e=0.0055  p=[0.658 0.418 0.430 0.002 0.806 0.984 0.792 0.159 0.325 0.409]
  eval: e=0.0055  p=[0.658 0.418 0.430 0.002 0.806 0.982 0.792 0.160 0.326 0.410]
  1105         1599       0.00550633         contract inside
  eval: e=0.0055  p=[0.658 0.418 0.431 0.002 0.809 0.984 0.789 0.160 0.325 0.408]
  1106         1600       0.00550633         reflect
  eval: e=0.0055  p=[0.658 0.419 0.430 0.002 0.806 0.981 0.792 0.161 0.326 0.411]
  eval: e=0.0055  p=[0.658 0.418 0.431 0.002 0.807 0.984 0.792 0.159 0.325 0.409]
  1107         1602       0.00550633         contract inside
  eval: e=0.0055  p=[0.658 0.418 0.431 0.002 0.808 0.984 0.790 0.160 0.325 0.408]
  eval: e=0.0055  p=[0.658 0.418 0.430 0.002 0.806 0.982 0.793 0.159 0.326 0.410]
  1108         1604       0.00550633         contract inside
  eval: e=0.0055  p=[0.658 0.418 0.431 0.002 0.808 0.984 0.790 0.160 0.325 0.408]
  eval: e=0.0055  p=[0.658 0.418 0.430 0.002 0.806 0.982 0.793 0.160 0.326 0.410]
  1109         1606       0.00550633         contract inside
  eval: e=0.0055  p=[0.658 0.418 0.431 0.002 0.806 0.984 0.792 0.158 0.325 0.409]
  eval: e=0.0055  p=[0.658 0.418 0.431 0.002 0.807 0.982 0.792 0.160 0.326 0.410]
  1110         1608       0.00550633         contract inside
  eval: e=0.0055  p=[0.658 0.418 0.431 0.002 0.808 0.983 0.790 0.161 0.325 0.409]
  eval: e=0.0055  p=[0.658 0.418 0.430 0.002 0.806 0.983 0.792 0.159 0.326 0.409]
  1111         1610       0.00550633         contract inside
  eval: e=0.0055  p=[0.658 0.419 0.430 0.002 0.805 0.982 0.794 0.159 0.326 0.411]
  eval: e=0.0055  p=[0.658 0.418 0.431 0.002 0.808 0.984 0.791 0.160 0.325 0.409]
  1112         1612       0.00550633         contract inside
  eval: e=0.0055  p=[0.658 0.418 0.431 0.002 0.807 0.984 0.791 0.160 0.325 0.409]
  1113         1613       0.00550633         reflect
  eval: e=0.0055  p=[0.658 0.418 0.431 0.002 0.808 0.983 0.790 0.161 0.325 0.409]
  1114         1614       0.00550633         reflect
  eval: e=0.0055  p=[0.658 0.418 0.431 0.002 0.807 0.984 0.792 0.159 0.325 0.409]
  eval: e=0.0055  p=[0.658 0.418 0.431 0.002 0.807 0.983 0.791 0.160 0.325 0.409]
  1115         1616       0.00550633         contract inside
  eval: e=0.0055  p=[0.658 0.418 0.431 0.002 0.808 0.984 0.790 0.160 0.325 0.408]
  eval: e=0.0055  p=[0.658 0.418 0.430 0.002 0.807 0.983 0.792 0.160 0.326 0.410]
  1116         1618       0.00550633         contract inside
  eval: e=0.0055  p=[0.658 0.418 0.431 0.002 0.808 0.983 0.790 0.160 0.325 0.409]
  eval: e=0.0055  p=[0.658 0.418 0.431 0.002 0.807 0.983 0.792 0.160 0.325 0.409]
  1117         1620       0.00550633         contract inside
  eval: e=0.0055  p=[0.658 0.418 0.431 0.002 0.807 0.982 0.791 0.160 0.325 0.410]
  1118         1621       0.00550633         reflect
  eval: e=0.0055  p=[0.658 0.418 0.431 0.002 0.808 0.984 0.790 0.160 0.325 0.408]
  eval: e=0.0055  p=[0.658 0.418 0.430 0.002 0.807 0.983 0.792 0.160 0.326 0.410]
  1119         1623       0.00550633         contract inside
  eval: e=0.0055  p=[0.658 0.418 0.431 0.002 0.807 0.982 0.791 0.161 0.326 0.410]
  eval: e=0.0055  p=[0.658 0.418 0.431 0.002 0.807 0.983 0.791 0.160 0.325 0.409]
  1120         1625       0.00550633         contract inside
  eval: e=0.0055  p=[0.658 0.418 0.431 0.002 0.807 0.984 0.791 0.160 0.325 0.409]
  1121         1626       0.00550633         reflect
  eval: e=0.0055  p=[0.658 0.418 0.431 0.002 0.807 0.982 0.791 0.160 0.326 0.410]
  eval: e=0.0055  p=[0.658 0.418 0.431 0.002 0.807 0.983 0.791 0.160 0.325 0.409]
  1122         1628       0.00550633         contract inside
  eval: e=0.0055  p=[0.658 0.418 0.431 0.002 0.807 0.983 0.791 0.160 0.325 0.409]
  1123         1629       0.00550633         reflect
  eval: e=0.0055  p=[0.658 0.418 0.431 0.002 0.807 0.982 0.791 0.160 0.326 0.410]
  eval: e=0.0055  p=[0.658 0.418 0.431 0.002 0.807 0.983 0.791 0.160 0.325 0.409]
  1124         1631       0.00550633         contract inside
  eval: e=0.0055  p=[0.658 0.418 0.431 0.002 0.807 0.984 0.791 0.159 0.325 0.409]
  eval: e=0.0055  p=[0.658 0.418 0.431 0.002 0.807 0.983 0.791 0.160 0.325 0.409]
  1125         1633       0.00550633         contract inside
  eval: e=0.0055  p=[0.658 0.418 0.431 0.002 0.807 0.983 0.791 0.160 0.325 0.409]
  1126         1634       0.00550633         reflect
  eval: e=0.0055  p=[0.658 0.418 0.431 0.002 0.808 0.984 0.790 0.160 0.325 0.409]
  1127         1635       0.00550633         reflect
  eval: e=0.0055  p=[0.658 0.418 0.431 0.002 0.808 0.983 0.790 0.161 0.325 0.409]
  eval: e=0.0055  p=[0.658 0.418 0.431 0.002 0.807 0.983 0.791 0.160 0.325 0.409]
  1128         1637       0.00550633         contract inside
  eval: e=0.0055  p=[0.658 0.418 0.431 0.002 0.807 0.983 0.791 0.160 0.325 0.409]
  eval: e=0.0055  p=[0.658 0.418 0.431 0.002 0.807 0.983 0.791 0.160 0.325 0.409]
  1129         1639       0.00550633         contract inside
  eval: e=0.0055  p=[0.658 0.418 0.431 0.002 0.808 0.984 0.790 0.160 0.325 0.408]
  eval: e=0.0055  p=[0.658 0.418 0.431 0.002 0.808 0.983 0.791 0.160 0.325 0.409]
  1130         1641       0.00550633         contract outside
  eval: e=0.0055  p=[0.658 0.418 0.431 0.002 0.808 0.983 0.790 0.161 0.325 0.409]
  eval: e=0.0055  p=[0.658 0.418 0.431 0.002 0.807 0.983 0.791 0.160 0.325 0.409]
  1131         1643       0.00550633         contract inside
  eval: e=0.0055  p=[0.658 0.418 0.431 0.002 0.807 0.983 0.791 0.160 0.325 0.409]
  eval: e=0.0055  p=[0.658 0.418 0.431 0.002 0.808 0.983 0.791 0.160 0.325 0.409]
  1132         1645       0.00550633         contract inside
  eval: e=0.0055  p=[0.658 0.418 0.431 0.002 0.807 0.983 0.792 0.160 0.325 0.409]
  eval: e=0.0055  p=[0.658 0.418 0.431 0.002 0.807 0.983 0.791 0.160 0.325 0.409]
  1133         1647       0.00550633         contract outside
  eval: e=0.0055  p=[0.658 0.418 0.431 0.002 0.807 0.984 0.791 0.160 0.325 0.409]
  eval: e=0.0055  p=[0.658 0.418 0.431 0.002 0.807 0.983 0.791 0.160 0.325 0.409]
  1134         1649       0.00550633         contract inside
  eval: e=0.0055  p=[0.658 0.418 0.431 0.002 0.807 0.983 0.791 0.160 0.325 0.409]
  eval: e=0.0055  p=[0.658 0.418 0.431 0.002 0.808 0.983 0.791 0.160 0.325 0.409]
  1135         1651       0.00550623         reflect
  eval: e=0.0055  p=[0.658 0.418 0.431 0.002 0.807 0.983 0.792 0.160 0.325 0.409]
  1136         1652       0.00550623         reflect
  eval: e=0.0055  p=[0.658 0.418 0.431 0.002 0.808 0.983 0.791 0.160 0.325 0.409]
  eval: e=0.0055  p=[0.658 0.418 0.431 0.002 0.807 0.983 0.791 0.160 0.325 0.409]
  1137         1654       0.00550623         contract inside
  eval: e=0.0055  p=[0.658 0.418 0.431 0.002 0.808 0.983 0.790 0.160 0.325 0.409]
  1138         1655       0.00550623         reflect
  eval: e=0.0055  p=[0.658 0.418 0.431 0.002 0.807 0.983 0.792 0.159 0.325 0.409]
  eval: e=0.0055  p=[0.658 0.418 0.431 0.002 0.808 0.983 0.791 0.160 0.325 0.409]
  1139         1657       0.00550623         contract inside
  eval: e=0.0055  p=[0.658 0.418 0.431 0.002 0.807 0.983 0.791 0.160 0.325 0.409]
  eval: e=0.0055  p=[0.658 0.418 0.431 0.002 0.807 0.983 0.791 0.160 0.325 0.409]
  1140         1659       0.00550623         contract inside
  eval: e=0.0055  p=[0.658 0.418 0.431 0.002 0.808 0.984 0.790 0.160 0.325 0.409]
  1141         1660       0.00550623         reflect
  eval: e=0.0055  p=[0.658 0.418 0.431 0.002 0.808 0.983 0.791 0.160 0.325 0.409]
  eval: e=0.0055  p=[0.658 0.418 0.431 0.002 0.808 0.983 0.790 0.161 0.325 0.409]
  1142         1662       0.00550622         reflect
  eval: e=0.0055  p=[0.658 0.418 0.431 0.002 0.808 0.983 0.791 0.160 0.325 0.409]
  eval: e=0.0055  p=[0.658 0.418 0.431 0.002 0.807 0.983 0.791 0.160 0.325 0.409]
  1143         1664       0.00550622         contract inside
  eval: e=0.0055  p=[0.658 0.418 0.431 0.002 0.807 0.983 0.791 0.160 0.325 0.409]
  1144         1665       0.00550622         reflect
  eval: e=0.0055  p=[0.658 0.418 0.431 0.002 0.807 0.983 0.791 0.160 0.325 0.409]
  eval: e=0.0055  p=[0.658 0.418 0.431 0.002 0.808 0.983 0.791 0.160 0.325 0.409]
  1145         1667       0.00550622         contract inside
  eval: e=0.0055  p=[0.658 0.418 0.431 0.002 0.808 0.983 0.790 0.160 0.325 0.409]
  eval: e=0.0055  p=[0.658 0.418 0.431 0.002 0.808 0.984 0.790 0.160 0.325 0.409]
  1146         1669       0.00550622         reflect
  eval: e=0.0055  p=[0.658 0.418 0.431 0.002 0.808 0.983 0.791 0.160 0.325 0.409]
  eval: e=0.0055  p=[0.658 0.418 0.431 0.002 0.808 0.983 0.791 0.160 0.325 0.409]
  1147         1671       0.00550622         reflect
  eval: e=0.0055  p=[0.658 0.418 0.431 0.002 0.807 0.983 0.791 0.160 0.325 0.409]
  eval: e=0.0055  p=[0.658 0.418 0.431 0.002 0.808 0.983 0.791 0.160 0.325 0.409]
  1148         1673       0.00550622         contract inside
  eval: e=0.0055  p=[0.658 0.418 0.431 0.002 0.808 0.983 0.790 0.160 0.325 0.409]
  eval: e=0.0055  p=[0.658 0.418 0.431 0.002 0.808 0.983 0.791 0.160 0.325 0.409]
  1149         1675       0.00550622         contract outside
  eval: e=0.0055  p=[0.658 0.418 0.431 0.002 0.808 0.983 0.791 0.160 0.325 0.409]
  eval: e=0.0055  p=[0.658 0.418 0.431 0.002 0.808 0.983 0.791 0.160 0.325 0.409]
  1150         1677       0.00550622         contract inside
  eval: e=0.0055  p=[0.658 0.418 0.431 0.002 0.808 0.983 0.790 0.160 0.325 0.409]
  1151         1678       0.00550622         reflect
  eval: e=0.0055  p=[0.658 0.418 0.431 0.002 0.808 0.983 0.791 0.160 0.325 0.409]
  eval: e=0.0055  p=[0.658 0.418 0.431 0.002 0.808 0.983 0.791 0.160 0.325 0.409]
  1152         1680       0.00550622         contract inside
  eval: e=0.0055  p=[0.658 0.418 0.431 0.002 0.808 0.983 0.791 0.160 0.325 0.409]
  1153         1681       0.00550622         reflect
  eval: e=0.0055  p=[0.658 0.418 0.431 0.002 0.807 0.983 0.791 0.160 0.325 0.409]
  eval: e=0.0055  p=[0.658 0.418 0.431 0.002 0.807 0.983 0.791 0.160 0.325 0.409]
  1154         1683       0.00550622         contract outside
  eval: e=0.0055  p=[0.658 0.418 0.431 0.002 0.808 0.983 0.790 0.160 0.325 0.409]
  eval: e=0.0055  p=[0.658 0.418 0.431 0.002 0.808 0.983 0.791 0.160 0.325 0.409]
  1155         1685       0.00550621         contract inside
  eval: e=0.0055  p=[0.658 0.418 0.431 0.002 0.807 0.983 0.791 0.160 0.325 0.409]
  eval: e=0.0055  p=[0.658 0.418 0.431 0.002 0.808 0.983 0.791 0.160 0.325 0.409]
  1156         1687       0.00550621         contract inside
  eval: e=0.0055  p=[0.658 0.418 0.431 0.002 0.808 0.983 0.791 0.160 0.325 0.409]
  eval: e=0.0055  p=[0.658 0.418 0.431 0.002 0.808 0.983 0.791 0.160 0.325 0.409]
  1157         1689       0.00550621         reflect
  eval: e=0.0055  p=[0.658 0.418 0.431 0.002 0.808 0.983 0.790 0.160 0.325 0.409]
  eval: e=0.0055  p=[0.658 0.418 0.431 0.002 0.808 0.983 0.790 0.160 0.325 0.409]
  1158         1691       0.00550619         reflect
  eval: e=0.0055  p=[0.658 0.418 0.431 0.002 0.808 0.983 0.791 0.160 0.325 0.409]
  eval: e=0.0055  p=[0.658 0.418 0.431 0.002 0.808 0.983 0.791 0.160 0.325 0.409]
  1159         1693       0.00550619         contract inside
  eval: e=0.0055  p=[0.658 0.418 0.431 0.002 0.808 0.983 0.791 0.160 0.325 0.409]
  1160         1694       0.00550619         reflect
  eval: e=0.0055  p=[0.658 0.418 0.431 0.002 0.808 0.983 0.791 0.160 0.325 0.409]
  1161         1695       0.00550619         reflect
  eval: e=0.0055  p=[0.658 0.418 0.431 0.002 0.808 0.983 0.791 0.160 0.325 0.409]
  eval: e=0.0055  p=[0.658 0.418 0.431 0.002 0.808 0.983 0.791 0.160 0.325 0.409]
  1162         1697       0.00550619         contract inside
  eval: e=0.0055  p=[0.658 0.418 0.431 0.002 0.808 0.983 0.791 0.160 0.325 0.409]
  eval: e=0.0055  p=[0.658 0.418 0.431 0.002 0.808 0.983 0.791 0.160 0.325 0.409]
  1163         1699       0.00550617         contract outside
  eval: e=0.0055  p=[0.658 0.418 0.431 0.002 0.808 0.983 0.791 0.160 0.325 0.409]
  eval: e=0.0055  p=[0.658 0.418 0.431 0.002 0.808 0.983 0.791 0.160 0.325 0.409]
  1164         1701       0.00550617         contract inside
  eval: e=0.0055  p=[0.658 0.418 0.431 0.002 0.807 0.983 0.791 0.160 0.325 0.409]
  eval: e=0.0055  p=[0.658 0.418 0.431 0.002 0.808 0.983 0.791 0.160 0.325 0.409]
  1165         1703       0.00550617         contract inside
  eval: e=0.0055  p=[0.658 0.418 0.431 0.002 0.808 0.983 0.790 0.160 0.325 0.409]
  1166         1704       0.00550617         reflect
  eval: e=0.0055  p=[0.658 0.418 0.431 0.002 0.808 0.983 0.791 0.160 0.325 0.409]
  1167         1705       0.00550617         reflect
  eval: e=0.0055  p=[0.658 0.418 0.431 0.002 0.808 0.983 0.791 0.160 0.325 0.409]
  1168         1706       0.00550617         reflect
  eval: e=0.0055  p=[0.658 0.418 0.431 0.002 0.808 0.983 0.790 0.160 0.325 0.409]
  1169         1707       0.00550617         reflect
  eval: e=0.0055  p=[0.658 0.418 0.431 0.002 0.808 0.983 0.791 0.160 0.325 0.409]
  eval: e=0.0055  p=[0.658 0.418 0.431 0.002 0.808 0.983 0.790 0.160 0.325 0.409]
  1170         1709       0.00550617         contract inside
  eval: e=0.0055  p=[0.658 0.418 0.431 0.002 0.808 0.983 0.790 0.160 0.325 0.409]
  1171         1710       0.00550617         reflect
  eval: e=0.0055  p=[0.658 0.418 0.431 0.002 0.808 0.983 0.791 0.160 0.325 0.409]
  eval: e=0.0055  p=[0.658 0.418 0.431 0.002 0.808 0.983 0.791 0.160 0.325 0.409]
  1172         1712       0.00550617         contract inside
  eval: e=0.0055  p=[0.658 0.418 0.431 0.002 0.808 0.983 0.791 0.160 0.325 0.409]
  1173         1713       0.00550617         reflect
  eval: e=0.0055  p=[0.658 0.418 0.431 0.002 0.808 0.983 0.790 0.160 0.325 0.409]
  1174         1714       0.00550617         reflect
  eval: e=0.0055  p=[0.658 0.418 0.431 0.002 0.808 0.983 0.791 0.160 0.325 0.409]
  eval: e=0.0055  p=[0.658 0.418 0.431 0.002 0.808 0.983 0.790 0.160 0.325 0.409]
  1175         1716       0.00550617         contract inside
  eval: e=0.0055  p=[0.658 0.418 0.431 0.002 0.808 0.983 0.790 0.160 0.325 0.409]
  1176         1717       0.00550617         reflect
  eval: e=0.0055  p=[0.658 0.418 0.431 0.002 0.808 0.983 0.790 0.160 0.325 0.409]
  1177         1718       0.00550617         reflect
  eval: e=0.0055  p=[0.658 0.418 0.431 0.002 0.808 0.983 0.791 0.160 0.325 0.409]
  eval: e=0.0055  p=[0.658 0.418 0.431 0.002 0.808 0.983 0.791 0.160 0.325 0.409]
  1178         1720       0.00550617         reflect
  eval: e=0.0055  p=[0.658 0.418 0.431 0.002 0.808 0.983 0.790 0.160 0.325 0.409]
  eval: e=0.0055  p=[0.658 0.418 0.431 0.002 0.808 0.983 0.791 0.160 0.325 0.409]
  1179         1722       0.00550617         contract inside
  eval: e=0.0055  p=[0.658 0.418 0.431 0.002 0.808 0.983 0.790 0.160 0.325 0.409]
  eval: e=0.0055  p=[0.658 0.418 0.431 0.002 0.808 0.983 0.791 0.160 0.325 0.409]
  1180         1724       0.00550616         contract inside
  eval: e=0.0055  p=[0.658 0.418 0.431 0.002 0.808 0.983 0.790 0.160 0.325 0.409]
  eval: e=0.0055  p=[0.658 0.418 0.431 0.002 0.808 0.983 0.790 0.160 0.325 0.409]
  1181         1726       0.00550616         reflect
  eval: e=0.0055  p=[0.658 0.418 0.431 0.002 0.808 0.983 0.790 0.160 0.325 0.409]
  eval: e=0.0055  p=[0.658 0.418 0.431 0.002 0.808 0.983 0.790 0.160 0.325 0.409]
  1182         1728       0.00550614         expand
  eval: e=0.0055  p=[0.658 0.418 0.431 0.002 0.808 0.983 0.791 0.160 0.325 0.409]
  1183         1729       0.00550614         reflect
  eval: e=0.0055  p=[0.658 0.418 0.431 0.002 0.808 0.983 0.791 0.160 0.325 0.409]
  eval: e=0.0055  p=[0.658 0.418 0.431 0.002 0.808 0.983 0.790 0.160 0.325 0.409]
  1184         1731       0.00550614         contract inside
  eval: e=0.0055  p=[0.658 0.418 0.431 0.002 0.808 0.983 0.791 0.160 0.325 0.409]
  1185         1732       0.00550614         reflect
  eval: e=0.0055  p=[0.658 0.418 0.431 0.002 0.808 0.983 0.791 0.160 0.325 0.409]
  eval: e=0.0055  p=[0.658 0.418 0.431 0.002 0.808 0.983 0.790 0.160 0.325 0.409]
  1186         1734       0.00550614         contract inside
  eval: e=0.0055  p=[0.658 0.418 0.431 0.002 0.808 0.983 0.791 0.160 0.325 0.409]
  eval: e=0.0055  p=[0.658 0.418 0.431 0.002 0.808 0.983 0.790 0.160 0.325 0.409]
  1187         1736       0.00550614         contract inside
  eval: e=0.0055  p=[0.658 0.418 0.431 0.002 0.808 0.983 0.791 0.160 0.325 0.409]
  eval: e=0.0055  p=[0.658 0.418 0.431 0.002 0.808 0.983 0.790 0.160 0.325 0.409]
  1188         1738       0.00550614         contract inside
  eval: e=0.0055  p=[0.658 0.418 0.431 0.002 0.808 0.983 0.791 0.160 0.325 0.409]
  eval: e=0.0055  p=[0.658 0.418 0.431 0.002 0.808 0.983 0.791 0.160 0.325 0.409]
  eval: e=0.0055  p=[0.658 0.418 0.431 0.002 0.808 0.983 0.790 0.160 0.325 0.409]
  eval: e=0.0055  p=[0.658 0.418 0.431 0.002 0.808 0.983 0.790 0.160 0.325 0.409]
  eval: e=0.0055  p=[0.658 0.418 0.431 0.002 0.808 0.983 0.790 0.160 0.325 0.409]
  eval: e=0.0055  p=[0.658 0.418 0.431 0.002 0.808 0.983 0.790 0.160 0.325 0.409]
  eval: e=0.0055  p=[0.658 0.418 0.431 0.002 0.808 0.983 0.791 0.160 0.325 0.409]
  eval: e=0.0055  p=[0.658 0.418 0.431 0.002 0.808 0.983 0.791 0.160 0.325 0.409]
  eval: e=0.0055  p=[0.658 0.418 0.431 0.002 0.808 0.983 0.791 0.160 0.325 0.409]
  eval: e=0.0055  p=[0.658 0.418 0.431 0.002 0.808 0.983 0.791 0.160 0.325 0.409]
  eval: e=0.0055  p=[0.658 0.418 0.431 0.002 0.808 0.983 0.791 0.160 0.325 0.409]
  eval: e=0.0055  p=[0.658 0.418 0.431 0.002 0.808 0.983 0.791 0.160 0.325 0.409]
  1189         1750       0.00550614         shrink
 
Optimization terminated:
 the current x satisfies the termination criteria using OPTIONS.TolX of 1.000000e-04 
 and F(X) satisfies the convergence criteria using OPTIONS.TolFun of 1.000000e-06 

=== Fit complete: error=0.005506  AIC=-5072.7 ===
