  eval: e=0.2045  p=[0.500 0.500 0.500 0.300 0.500 0.500 0.541 0.912]
 
 Iteration   Func-count         f(x)         Procedure
     0            1         0.204529         
  eval: e=0.2042  p=[0.525 0.500 0.500 0.300 0.500 0.500 0.541 0.912]
  eval: e=0.2596  p=[0.500 0.525 0.500 0.300 0.500 0.500 0.541 0.912]
  eval: e=0.2335  p=[0.500 0.500 0.525 0.300 0.500 0.500 0.541 0.912]
  eval: e=0.1881  p=[0.500 0.500 0.500 0.315 0.500 0.500 0.541 0.912]
  eval: e=0.2109  p=[0.500 0.500 0.500 0.300 0.525 0.500 0.541 0.912]
  eval: e=0.1946  p=[0.500 0.500 0.500 0.300 0.500 0.525 0.541 0.912]
  eval: e=0.2048  p=[0.500 0.500 0.500 0.300 0.500 0.500 0.568 0.912]
  eval: e=0.2053  p=[0.500 0.500 0.500 0.300 0.500 0.500 0.541 0.958]
     1            9         0.188088         initial simplex
  eval: e=0.1634  p=[0.506 0.475 0.506 0.304 0.506 0.506 0.548 0.923]
  eval: e=0.1314  p=[0.509 0.450 0.509 0.306 0.509 0.509 0.551 0.929]
     2           11         0.131422         expand
  eval: e=0.1554  p=[0.509 0.488 0.477 0.305 0.509 0.509 0.550 0.928]
     3           12         0.131422         reflect
  eval: e=0.1620  p=[0.511 0.484 0.497 0.306 0.479 0.511 0.553 0.932]
     4           13         0.131422         reflect
  eval: e=0.1551  p=[0.513 0.480 0.496 0.308 0.499 0.513 0.556 0.879]
     5           14         0.131422         reflect
  eval: e=0.1451  p=[0.517 0.476 0.495 0.310 0.499 0.517 0.525 0.917]
     6           15         0.131422         reflect
  eval: e=0.1336  p=[0.521 0.469 0.494 0.313 0.499 0.521 0.548 0.918]
     7           16         0.131422         reflect
  eval: e=0.1214  p=[0.495 0.462 0.492 0.316 0.499 0.526 0.550 0.920]
  eval: e=0.0978  p=[0.480 0.443 0.488 0.324 0.498 0.539 0.555 0.924]
     8           18        0.0978164         expand
  eval: e=0.1101  p=[0.515 0.448 0.489 0.322 0.498 0.505 0.554 0.923]
     9           19        0.0978164         reflect
  eval: e=0.0993  p=[0.519 0.434 0.486 0.308 0.498 0.531 0.557 0.925]
    10           20        0.0978164         reflect
  eval: e=0.0968  p=[0.510 0.438 0.487 0.317 0.523 0.525 0.547 0.904]
  eval: e=0.0795  p=[0.510 0.414 0.482 0.323 0.545 0.533 0.544 0.890]
    11           22        0.0795472         expand
  eval: e=0.0911  p=[0.512 0.416 0.507 0.323 0.503 0.533 0.547 0.899]
    12           23        0.0795472         reflect
  eval: e=0.0837  p=[0.507 0.407 0.492 0.324 0.513 0.534 0.540 0.952]
    13           24        0.0795472         reflect
  eval: e=0.0813  p=[0.502 0.395 0.492 0.325 0.517 0.535 0.574 0.923]
    14           25        0.0795472         reflect
  eval: e=0.0806  p=[0.492 0.382 0.493 0.326 0.521 0.534 0.557 0.923]
    15           26        0.0795472         reflect
  eval: e=0.0812  p=[0.500 0.385 0.472 0.338 0.514 0.551 0.556 0.911]
    16           27        0.0795472         reflect
  eval: e=0.0782  p=[0.490 0.372 0.489 0.326 0.529 0.568 0.553 0.914]
  eval: e=0.0882  p=[0.478 0.334 0.489 0.328 0.544 0.599 0.553 0.910]
    17           29         0.078228         reflect
  eval: e=0.0806  p=[0.480 0.369 0.492 0.344 0.537 0.551 0.549 0.908]
    18           30         0.078228         reflect
  eval: e=0.0844  p=[0.518 0.342 0.492 0.334 0.546 0.545 0.550 0.906]
    19           31         0.078228         reflect
  eval: e=0.0866  p=[0.487 0.350 0.469 0.337 0.552 0.554 0.558 0.933]
  eval: e=0.0808  p=[0.494 0.367 0.478 0.333 0.540 0.549 0.556 0.925]
    20           33         0.078228         contract outside
  eval: e=0.0875  p=[0.475 0.430 0.481 0.326 0.507 0.543 0.557 0.930]
  eval: e=0.0801  p=[0.508 0.364 0.489 0.332 0.537 0.545 0.552 0.912]
    21           35         0.078228         contract inside
  eval: e=0.0839  p=[0.486 0.355 0.480 0.338 0.547 0.557 0.570 0.875]
  eval: e=0.0796  p=[0.502 0.394 0.489 0.327 0.521 0.540 0.547 0.933]
    22           37         0.078228         contract inside
  eval: e=0.0806  p=[0.492 0.367 0.479 0.337 0.544 0.558 0.530 0.906]
    23           38         0.078228         reflect
  eval: e=0.0759  p=[0.492 0.372 0.500 0.324 0.555 0.542 0.541 0.917]
  eval: e=0.0741  p=[0.488 0.366 0.514 0.317 0.575 0.538 0.534 0.921]
    24           40        0.0741318         expand
  eval: e=0.0781  p=[0.497 0.390 0.503 0.325 0.537 0.542 0.536 0.902]
    25           41        0.0741318         reflect
  eval: e=0.0836  p=[0.499 0.396 0.508 0.318 0.531 0.530 0.563 0.920]
  eval: e=0.0780  p=[0.494 0.374 0.487 0.332 0.541 0.551 0.538 0.909]
    26           43        0.0741318         contract inside
  eval: e=0.0738  p=[0.500 0.379 0.494 0.330 0.559 0.558 0.531 0.900]
  eval: e=0.0714  p=[0.503 0.377 0.494 0.333 0.578 0.570 0.519 0.888]
    27           45        0.0713689         expand
  eval: e=0.0757  p=[0.518 0.394 0.494 0.310 0.554 0.546 0.531 0.909]
    28           46        0.0713689         reflect
  eval: e=0.0767  p=[0.493 0.406 0.499 0.316 0.558 0.552 0.524 0.904]
    29           47        0.0713689         reflect
  eval: e=0.0697  p=[0.496 0.379 0.502 0.318 0.583 0.560 0.522 0.877]
  eval: e=0.0652  p=[0.494 0.372 0.508 0.313 0.614 0.570 0.510 0.849]
    30           49         0.065177         expand
  eval: e=0.0737  p=[0.485 0.349 0.516 0.320 0.577 0.576 0.518 0.909]
    31           50         0.065177         reflect
  eval: e=0.0699  p=[0.503 0.385 0.515 0.315 0.605 0.544 0.499 0.884]
    32           51         0.065177         reflect
  eval: e=0.0668  p=[0.498 0.366 0.503 0.315 0.613 0.569 0.507 0.891]
    33           52         0.065177         reflect
  eval: e=0.0648  p=[0.501 0.379 0.524 0.303 0.628 0.566 0.497 0.879]
  eval: e=0.0656  p=[0.505 0.382 0.543 0.288 0.671 0.573 0.477 0.864]
    34           54        0.0648476         reflect
  eval: e=0.0697  p=[0.504 0.341 0.518 0.315 0.627 0.568 0.505 0.878]
    35           55        0.0648476         reflect
  eval: e=0.0683  p=[0.476 0.340 0.529 0.323 0.650 0.579 0.491 0.865]
    36           56        0.0648476         reflect
  eval: e=0.0626  p=[0.503 0.361 0.513 0.317 0.648 0.598 0.477 0.840]
  eval: e=0.0635  p=[0.510 0.358 0.512 0.317 0.684 0.627 0.449 0.800]
    37           58        0.0626435         reflect
  eval: e=0.0583  p=[0.510 0.382 0.511 0.313 0.664 0.564 0.483 0.835]
  eval: e=0.0536  p=[0.523 0.398 0.509 0.310 0.708 0.558 0.466 0.798]
    38           60        0.0536492         expand
  eval: e=0.0561  p=[0.497 0.359 0.536 0.295 0.695 0.568 0.469 0.833]
    39           61        0.0536492         reflect
  eval: e=0.0626  p=[0.496 0.343 0.520 0.307 0.691 0.600 0.482 0.825]
    40           62        0.0536492         reflect
  eval: e=0.0537  p=[0.493 0.389 0.517 0.306 0.684 0.585 0.470 0.817]
    41           63        0.0536492         reflect
  eval: e=0.0584  p=[0.525 0.402 0.504 0.293 0.670 0.574 0.479 0.817]
    42           64        0.0536492         reflect
  eval: e=0.0497  p=[0.510 0.385 0.530 0.297 0.721 0.586 0.456 0.774]
  eval: e=0.0467  p=[0.517 0.395 0.543 0.287 0.774 0.594 0.430 0.715]
    43           66         0.046677         expand
  eval: e=0.0444  p=[0.520 0.385 0.533 0.291 0.761 0.590 0.433 0.782]
  eval: e=0.0377  p=[0.534 0.391 0.545 0.281 0.834 0.600 0.395 0.748]
    44           68        0.0377095         expand
  eval: e=0.0438  p=[0.520 0.380 0.522 0.297 0.798 0.604 0.420 0.719]
    45           69        0.0377095         reflect
  eval: e=0.0526  p=[0.524 0.403 0.536 0.277 0.816 0.573 0.425 0.728]
    46           70        0.0377095         reflect
  eval: e=0.0960  p=[0.537 0.436 0.533 0.279 0.804 0.564 0.407 0.720]
  eval: e=0.0510  p=[0.506 0.366 0.523 0.300 0.719 0.591 0.463 0.798]
    47           72        0.0377095         contract inside
  eval: e=0.0411  p=[0.503 0.368 0.554 0.295 0.837 0.594 0.405 0.722]
    48           73        0.0377095         reflect
  eval: e=0.0352  p=[0.533 0.414 0.527 0.293 0.848 0.607 0.399 0.679]
  eval: e=0.0347  p=[0.551 0.442 0.522 0.292 0.924 0.626 0.364 0.601]
    49           75        0.0346964         expand
  eval: e=0.0351  p=[0.552 0.397 0.546 0.279 0.918 0.601 0.372 0.641]
    50           76        0.0346964         reflect
  eval: e=0.0370  p=[0.528 0.388 0.565 0.267 0.948 0.637 0.352 0.620]
    51           77        0.0346964         reflect
  eval: e=0.0510  p=[0.529 0.379 0.544 0.297 0.873 0.639 0.375 0.663]
  eval: e=0.0407  p=[0.528 0.385 0.542 0.292 0.859 0.622 0.387 0.679]
    52           79        0.0346964         contract outside
  eval: e=0.2132  p=[0.552 0.420 0.562 0.272 1.000 0.628 0.318 0.563]
  eval: e=0.0413  p=[0.518 0.380 0.533 0.293 0.790 0.601 0.427 0.740]
    53           81        0.0346964         contract inside
  eval: e=0.0544  p=[0.542 0.388 0.540 0.286 0.953 0.628 0.351 0.653]
  eval: e=0.0383  p=[0.523 0.393 0.542 0.287 0.819 0.602 0.410 0.700]
    54           83        0.0346964         contract inside
  eval: e=0.0330  p=[0.538 0.406 0.565 0.275 0.934 0.617 0.358 0.643]
  eval: e=0.0793  p=[0.547 0.419 0.587 0.264 1.000 0.624 0.328 0.605]
    55           85        0.0330033         reflect
  eval: e=0.0343  p=[0.546 0.413 0.563 0.273 0.978 0.625 0.334 0.599]
    56           86        0.0330033         reflect
  eval: e=0.0322  p=[0.572 0.435 0.543 0.267 0.966 0.638 0.338 0.586]
  eval: e=9.3363  p=[0.607 0.469 0.538 0.253 1.000 0.660 0.304 0.518]
    57           88        0.0322326         reflect
  eval: e=0.0364  p=[0.558 0.431 0.556 0.263 0.972 0.614 0.343 0.605]
    58           89        0.0322326         reflect
  eval: e=24.6607  p=[0.572 0.433 0.559 0.262 1.000 0.638 0.304 0.562]
  eval: e=0.0342  p=[0.535 0.403 0.546 0.281 0.877 0.611 0.384 0.665]
    59           91        0.0322326         contract inside
  eval: e=20.5295  p=[0.562 0.438 0.556 0.268 1.000 0.642 0.317 0.492]
  eval: e=0.0338  p=[0.541 0.403 0.548 0.277 0.887 0.611 0.375 0.684]
    60           93        0.0322326         contract inside
  eval: e=0.0403  p=[0.570 0.445 0.533 0.285 0.916 0.598 0.365 0.636]
  eval: e=0.0339  p=[0.539 0.402 0.557 0.271 0.940 0.628 0.355 0.624]
    61           95        0.0322326         contract inside
  eval: e=0.0402  p=[0.535 0.394 0.542 0.291 0.884 0.625 0.377 0.656]
  eval: e=0.0330  p=[0.553 0.422 0.552 0.270 0.950 0.617 0.352 0.618]
    62           97        0.0322326         contract inside
  eval: e=0.0321  p=[0.542 0.434 0.553 0.273 0.946 0.642 0.343 0.615]
  eval: e=0.0338  p=[0.537 0.452 0.556 0.270 0.959 0.663 0.329 0.602]
    63           99        0.0321352         reflect
  eval: e=0.0342  p=[0.541 0.388 0.585 0.255 0.945 0.621 0.346 0.658]
    64          100        0.0321352         reflect
  eval: e=0.0355  p=[0.544 0.410 0.550 0.269 0.883 0.622 0.378 0.674]
  eval: e=0.0328  p=[0.546 0.412 0.559 0.272 0.954 0.624 0.345 0.618]
    65          102        0.0321352         contract inside
  eval: e=0.1795  p=[0.557 0.422 0.569 0.259 1.000 0.639 0.320 0.597]
  eval: e=0.0329  p=[0.541 0.408 0.552 0.275 0.908 0.618 0.368 0.648]
    66          104        0.0321352         contract inside
  eval: e=0.0343  p=[0.552 0.443 0.523 0.290 0.926 0.628 0.363 0.602]
  eval: e=0.0327  p=[0.544 0.401 0.569 0.264 0.940 0.623 0.350 0.644]
    67          106        0.0321352         contract inside
  eval: e=0.0362  p=[0.555 0.428 0.554 0.272 0.932 0.620 0.352 0.640]
  eval: e=0.0326  p=[0.543 0.409 0.556 0.271 0.938 0.626 0.355 0.628]
    68          108        0.0321352         contract inside
  eval: e=0.0319  p=[0.554 0.429 0.564 0.264 0.997 0.641 0.327 0.566]
  eval: e=27.7003  p=[0.560 0.442 0.573 0.257 1.000 0.655 0.303 0.506]
    69          110        0.0319318         reflect
  eval: e=0.0319  p=[0.560 0.432 0.547 0.264 0.966 0.640 0.336 0.587]
  eval: e=0.0321  p=[0.570 0.444 0.538 0.259 0.982 0.652 0.325 0.559]
    70          112        0.0318634         reflect
  eval: e=0.0323  p=[0.548 0.418 0.559 0.268 0.954 0.646 0.339 0.605]
    71          113        0.0318634         reflect
  eval: e=0.5062  p=[0.561 0.435 0.561 0.260 1.000 0.652 0.315 0.564]
  eval: e=0.0322  p=[0.546 0.415 0.554 0.272 0.933 0.626 0.355 0.627]
    72          115        0.0318634         contract inside
  eval: e=0.0314  p=[0.556 0.431 0.552 0.263 0.956 0.647 0.340 0.596]
  eval: e=0.0313  p=[0.561 0.440 0.549 0.259 0.956 0.658 0.337 0.586]
    73          117        0.0313379         expand
  eval: e=0.0334  p=[0.563 0.451 0.537 0.271 0.974 0.657 0.332 0.556]
  eval: e=0.0319  p=[0.548 0.414 0.561 0.265 0.949 0.631 0.346 0.622]
    74          119        0.0313379         contract inside
  eval: e=0.0316  p=[0.565 0.446 0.552 0.262 0.979 0.655 0.325 0.570]
    75          120        0.0313379         reflect
  eval: e=0.0331  p=[0.564 0.443 0.547 0.263 0.969 0.637 0.338 0.585]
  eval: e=0.0317  p=[0.552 0.424 0.556 0.267 0.958 0.644 0.338 0.600]
    76          122        0.0313379         contract inside
  eval: e=0.0318  p=[0.535 0.423 0.566 0.265 0.955 0.646 0.339 0.607]
    77          123        0.0313379         reflect
  eval: e=0.0313  p=[0.558 0.446 0.558 0.258 0.993 0.663 0.318 0.561]
  eval: e=5.4995  p=[0.565 0.462 0.559 0.251 1.000 0.681 0.300 0.528]
    78          125        0.0313329         reflect
  eval: e=0.0310  p=[0.566 0.430 0.560 0.253 0.993 0.652 0.324 0.560]
  eval: e=2.7350  p=[0.579 0.427 0.564 0.244 1.000 0.657 0.314 0.532]
    79          127        0.0309875         reflect
  eval: e=0.0310  p=[0.558 0.434 0.548 0.259 0.940 0.657 0.339 0.607]
    80          128        0.0309875         reflect
  eval: e=0.0311  p=[0.565 0.455 0.547 0.256 0.986 0.672 0.319 0.547]
    81          129        0.0309875         reflect
  eval: e=0.0314  p=[0.555 0.443 0.561 0.255 0.974 0.672 0.324 0.572]
    82          130        0.0309875         reflect
  eval: e=0.0312  p=[0.585 0.456 0.542 0.253 0.990 0.672 0.317 0.544]
    83          131        0.0309875         reflect
  eval: e=0.0320  p=[0.577 0.463 0.548 0.247 0.995 0.682 0.313 0.537]
  eval: e=0.0312  p=[0.558 0.434 0.554 0.262 0.967 0.653 0.332 0.584]
    84          133        0.0309875         contract inside
  eval: e=0.0305  p=[0.562 0.439 0.553 0.252 0.971 0.670 0.327 0.570]
  eval: e=0.0300  p=[0.561 0.436 0.554 0.248 0.967 0.677 0.328 0.570]
    85          135        0.0300223         expand
  eval: e=0.0316  p=[0.573 0.440 0.541 0.257 0.974 0.654 0.329 0.567]
  eval: e=0.0310  p=[0.560 0.442 0.556 0.256 0.974 0.667 0.325 0.571]
    86          137        0.0300223         contract inside
  eval: e=0.0307  p=[0.567 0.443 0.556 0.252 0.996 0.670 0.313 0.551]
    87          138        0.0300223         reflect
  eval: e=0.0304  p=[0.572 0.436 0.547 0.252 0.960 0.668 0.331 0.573]
    88          139        0.0300223         reflect
  eval: e=0.0302  p=[0.575 0.449 0.549 0.245 0.984 0.681 0.317 0.547]
    89          140        0.0300223         reflect
  eval: e=0.0303  p=[0.546 0.425 0.562 0.253 0.960 0.664 0.332 0.587]
    90          141        0.0300223         reflect
  eval: e=0.0300  p=[0.561 0.419 0.560 0.248 0.957 0.662 0.334 0.594]
    91          142        0.0300223         reflect
  eval: e=0.7056  p=[0.569 0.435 0.564 0.243 1.000 0.678 0.312 0.531]
  eval: e=0.0306  p=[0.560 0.435 0.552 0.255 0.957 0.662 0.332 0.588]
    92          144        0.0300223         contract inside
  eval: e=0.0302  p=[0.567 0.426 0.554 0.246 0.970 0.666 0.327 0.571]
    93          145        0.0300223         reflect
  eval: e=0.0296  p=[0.561 0.438 0.548 0.246 0.945 0.685 0.330 0.586]
  eval: e=0.0289  p=[0.558 0.441 0.542 0.243 0.921 0.702 0.333 0.599]
    94          147        0.0289453         expand
  eval: e=0.0293  p=[0.558 0.424 0.548 0.245 0.923 0.675 0.345 0.607]
    95          148        0.0289453         reflect
  eval: e=0.0291  p=[0.564 0.429 0.552 0.240 0.954 0.686 0.330 0.574]
    96          149        0.0289453         reflect
  eval: e=0.0291  p=[0.551 0.426 0.559 0.240 0.949 0.686 0.330 0.589]
    97          150        0.0289453         reflect
  eval: e=0.0291  p=[0.578 0.438 0.542 0.236 0.946 0.695 0.329 0.575]
    98          151        0.0289453         reflect
  eval: e=0.0286  p=[0.549 0.411 0.554 0.241 0.913 0.682 0.347 0.623]
  eval: e=0.0285  p=[0.536 0.392 0.557 0.239 0.877 0.682 0.362 0.661]
    99          153        0.0284516         expand
  eval: e=0.0283  p=[0.549 0.425 0.550 0.239 0.904 0.700 0.346 0.621]
  eval: e=0.0279  p=[0.540 0.425 0.548 0.236 0.871 0.717 0.355 0.646]
   100          155        0.0279454         expand
  eval: e=0.0276  p=[0.551 0.434 0.540 0.234 0.895 0.718 0.345 0.611]
  eval: e=0.0266  p=[0.546 0.441 0.530 0.226 0.863 0.747 0.350 0.620]
   101          157        0.0265869         expand
  eval: e=0.0262  p=[0.547 0.418 0.541 0.229 0.859 0.720 0.355 0.648]
  eval: e=0.0243  p=[0.540 0.410 0.534 0.219 0.805 0.742 0.369 0.686]
   102          159        0.0242587         expand
  eval: e=0.0260  p=[0.545 0.426 0.543 0.225 0.874 0.739 0.344 0.631]
   103          160        0.0242587         reflect
  eval: e=0.0252  p=[0.551 0.425 0.529 0.226 0.829 0.742 0.363 0.659]
   104          161        0.0242587         reflect
  eval: e=0.0247  p=[0.516 0.410 0.542 0.227 0.802 0.744 0.372 0.694]
   105          162        0.0242587         reflect
  eval: e=0.0230  p=[0.519 0.413 0.529 0.220 0.757 0.767 0.382 0.725]
  eval: e=0.0238  p=[0.496 0.405 0.517 0.211 0.658 0.808 0.409 0.801]
   106          164        0.0230146         reflect
  eval: e=0.0231  p=[0.515 0.394 0.536 0.212 0.748 0.768 0.391 0.732]
   107          165        0.0230146         reflect
  eval: e=0.0213  p=[0.532 0.444 0.516 0.209 0.761 0.809 0.370 0.687]
  eval: e=0.0184  p=[0.530 0.471 0.495 0.193 0.703 0.873 0.374 0.700]
   108          167         0.018374         expand
  eval: e=0.0209  p=[0.525 0.422 0.511 0.201 0.724 0.814 0.382 0.716]
   109          168         0.018374         reflect
  eval: e=0.0217  p=[0.514 0.402 0.525 0.205 0.697 0.800 0.394 0.765]
   110          169         0.018374         reflect
  eval: e=0.0226  p=[0.508 0.410 0.507 0.201 0.643 0.823 0.412 0.788]
   111          170         0.018374         reflect
  eval: e=0.0210  p=[0.491 0.408 0.516 0.194 0.641 0.841 0.407 0.793]
   112          171         0.018374         reflect
  eval: e=0.0189  p=[0.519 0.423 0.497 0.184 0.627 0.863 0.406 0.782]
   113          172         0.018374         reflect
  eval: e=0.0206  p=[0.491 0.426 0.494 0.183 0.580 0.896 0.418 0.814]
   114          173         0.018374         reflect
  eval: e=0.0177  p=[0.509 0.450 0.482 0.184 0.595 0.902 0.402 0.789]
  eval: e=0.0188  p=[0.507 0.478 0.456 0.170 0.518 0.969 0.408 0.817]
   115          175        0.0176582         reflect
  eval: e=0.0191  p=[0.504 0.440 0.478 0.166 0.546 0.936 0.416 0.811]
   116          176        0.0176582         reflect
  eval: e=0.0150  p=[0.513 0.450 0.492 0.176 0.636 0.908 0.387 0.754]
  eval: e=0.0136  p=[0.516 0.470 0.485 0.164 0.632 0.950 0.374 0.738]
   117          178        0.0135645         expand
  eval: e=0.0142  p=[0.507 0.476 0.465 0.163 0.565 0.968 0.400 0.770]
   118          179        0.0135645         reflect
  eval: e=0.0163  p=[0.534 0.486 0.461 0.166 0.602 0.959 0.386 0.737]
   119          180        0.0135645         reflect
  eval: e=5.1882  p=[0.503 0.488 0.453 0.149 0.488 1.000 0.413 0.820]
  eval: e=0.0180  p=[0.519 0.439 0.496 0.188 0.665 0.866 0.389 0.742]
   120          182        0.0135645         contract inside
  eval: e=0.0168  p=[0.544 0.487 0.470 0.169 0.654 0.934 0.369 0.703]
   121          183        0.0135645         reflect
  eval: e=0.0224  p=[0.541 0.486 0.485 0.187 0.715 0.893 0.359 0.679]
  eval: e=0.0159  p=[0.513 0.451 0.480 0.171 0.588 0.925 0.402 0.778]
   122          185        0.0135645         contract inside
  eval: e=0.0154  p=[0.524 0.510 0.462 0.165 0.624 0.981 0.369 0.707]
   123          186        0.0135645         reflect
  eval: e=0.0163  p=[0.511 0.471 0.455 0.149 0.528 0.998 0.400 0.791]
   124          187        0.0135645         reflect
  eval: e=14.6391  p=[0.520 0.512 0.443 0.144 0.532 1.000 0.386 0.762]
  eval: e=0.0162  p=[0.520 0.457 0.483 0.177 0.632 0.909 0.389 0.747]
   125          189        0.0135645         contract inside
  eval: e=0.2179  p=[0.533 0.502 0.458 0.147 0.611 1.000 0.370 0.704]
  eval: e=0.0155  p=[0.515 0.463 0.476 0.175 0.599 0.927 0.394 0.768]
   126          191        0.0135645         contract inside
  eval: e=0.0175  p=[0.491 0.458 0.471 0.164 0.538 0.971 0.409 0.806]
  eval: e=0.0151  p=[0.531 0.480 0.471 0.167 0.625 0.943 0.379 0.729]
   127          193        0.0135645         contract inside
  eval: e=0.0137  p=[0.500 0.458 0.483 0.167 0.596 0.942 0.390 0.770]
   128          194        0.0135645         reflect
  eval: e=0.0169  p=[0.520 0.470 0.496 0.188 0.687 0.888 0.375 0.710]
  eval: e=0.0146  p=[0.513 0.471 0.465 0.159 0.568 0.971 0.393 0.771]
   129          196        0.0135645         contract inside
  eval: e=0.0118  p=[0.510 0.488 0.463 0.156 0.567 0.993 0.387 0.761]
  eval: e=11.9347  p=[0.505 0.503 0.454 0.145 0.535 1.000 0.386 0.768]
   130          198        0.0117916         reflect
  eval: e=0.0132  p=[0.516 0.503 0.463 0.158 0.606 0.994 0.370 0.725]
   131          199        0.0117916         reflect
  eval: e=0.6427  p=[0.514 0.501 0.463 0.150 0.597 1.000 0.372 0.725]
  eval: e=0.0142  p=[0.515 0.472 0.473 0.169 0.598 0.948 0.389 0.757]
   132          201        0.0117916         contract inside
  eval: e=0.0155  p=[0.503 0.445 0.480 0.160 0.566 0.946 0.402 0.798]
  eval: e=0.0138  p=[0.519 0.494 0.466 0.164 0.609 0.972 0.377 0.730]
   133          203        0.0117916         contract inside
  eval: e=0.0123  p=[0.493 0.478 0.470 0.158 0.560 0.991 0.391 0.776]
   134          204        0.0117916         reflect
  eval: e=0.0125  p=[0.506 0.489 0.477 0.165 0.616 0.969 0.376 0.736]
   135          205        0.0117916         reflect
  eval: e=0.0112  p=[0.502 0.491 0.470 0.155 0.590 0.997 0.378 0.744]
  eval: e=4.8115  p=[0.495 0.501 0.469 0.149 0.585 1.000 0.373 0.738]
   136          207        0.0111504         reflect
  eval: e=0.0128  p=[0.508 0.492 0.480 0.159 0.629 0.984 0.361 0.725]
   137          208        0.0111504         reflect
  eval: e=0.0112  p=[0.494 0.474 0.481 0.156 0.590 0.982 0.380 0.764]
   138          209        0.0111504         reflect
  eval: e=5.3960  p=[0.511 0.513 0.464 0.151 0.601 1.000 0.364 0.722]
  eval: e=0.0125  p=[0.503 0.472 0.479 0.163 0.597 0.962 0.384 0.758]
   139          211        0.0111504         contract inside
  eval: e=3.1800  p=[0.492 0.501 0.461 0.154 0.557 1.000 0.382 0.759]
  eval: e=0.0126  p=[0.510 0.478 0.479 0.162 0.613 0.967 0.376 0.743]
   140          213        0.0111504         contract inside
  eval: e=0.0121  p=[0.490 0.462 0.487 0.160 0.585 0.967 0.388 0.777]
   141          214        0.0111504         reflect
  eval: e=0.0142  p=[0.494 0.466 0.472 0.160 0.550 0.974 0.404 0.790]
  eval: e=0.0118  p=[0.505 0.485 0.478 0.159 0.610 0.981 0.372 0.741]
   142          216        0.0111504         contract inside
  eval: e=0.0114  p=[0.491 0.482 0.473 0.157 0.565 0.994 0.388 0.771]
   143          217        0.0111504         reflect
  eval: e=0.4388  p=[0.495 0.490 0.471 0.154 0.573 1.000 0.381 0.760]
  eval: e=0.0119  p=[0.501 0.477 0.477 0.161 0.591 0.973 0.383 0.758]
   144          219        0.0111504         contract inside
  eval: e=0.0225  p=[0.491 0.471 0.473 0.150 0.549 1.000 0.390 0.788]
  eval: e=0.0118  p=[0.502 0.484 0.476 0.162 0.599 0.977 0.380 0.749]
   145          221        0.0111504         contract inside
  eval: e=0.0117  p=[0.505 0.483 0.481 0.159 0.614 0.975 0.373 0.740]
   146          222        0.0111504         reflect
  eval: e=0.0136  p=[0.512 0.504 0.463 0.156 0.597 1.000 0.372 0.730]
  eval: e=0.0116  p=[0.496 0.473 0.481 0.159 0.588 0.976 0.384 0.765]
   147          224        0.0111504         contract inside
  eval: e=0.0108  p=[0.500 0.488 0.474 0.155 0.589 0.995 0.377 0.750]
  eval: e=0.4308  p=[0.500 0.494 0.473 0.152 0.588 1.000 0.374 0.746]
   148          226        0.0108485         reflect
  eval: e=0.0114  p=[0.495 0.480 0.472 0.156 0.566 0.991 0.390 0.770]
   149          227        0.0108485         reflect
  eval: e=0.0117  p=[0.486 0.476 0.489 0.159 0.608 0.979 0.375 0.752]
   150          228        0.0108485         reflect
  eval: e=0.0108  p=[0.490 0.478 0.479 0.153 0.578 0.995 0.382 0.766]
  eval: e=0.2456  p=[0.484 0.474 0.481 0.148 0.568 1.000 0.382 0.774]
   151          230        0.0108368         reflect
  eval: e=0.0803  p=[0.483 0.477 0.474 0.153 0.555 1.000 0.391 0.781]
  eval: e=0.0113  p=[0.500 0.482 0.479 0.158 0.599 0.982 0.377 0.750]
   152          232        0.0108368         contract inside
  eval: e=0.0115  p=[0.506 0.486 0.464 0.153 0.559 0.999 0.389 0.768]
   153          233        0.0108368         reflect
  eval: e=0.6938  p=[0.499 0.492 0.467 0.151 0.571 1.000 0.381 0.756]
  eval: e=0.0113  p=[0.496 0.478 0.478 0.157 0.584 0.984 0.383 0.763]
   154          235        0.0108368         contract inside
  eval: e=0.0116  p=[0.486 0.477 0.488 0.159 0.607 0.981 0.375 0.752]
  eval: e=0.0112  p=[0.501 0.484 0.470 0.154 0.571 0.995 0.385 0.764]
   155          237        0.0108368         contract inside
  eval: e=0.0111  p=[0.504 0.482 0.478 0.154 0.601 0.987 0.376 0.747]
   156          238        0.0108368         reflect
  eval: e=0.0114  p=[0.501 0.484 0.480 0.155 0.609 0.988 0.370 0.742]
  eval: e=0.0111  p=[0.500 0.483 0.478 0.155 0.599 0.989 0.375 0.749]
   157          240        0.0108368         contract outside
  eval: e=0.0109  p=[0.501 0.488 0.475 0.153 0.595 0.997 0.374 0.746]
   158          241        0.0108368         reflect
  eval: e=0.0759  p=[0.498 0.485 0.473 0.151 0.579 1.000 0.379 0.757]
  eval: e=0.0111  p=[0.499 0.482 0.478 0.156 0.594 0.987 0.378 0.752]
   159          243        0.0108368         contract inside
  eval: e=0.1135  p=[0.505 0.495 0.469 0.152 0.589 1.000 0.376 0.740]
  eval: e=0.0110  p=[0.497 0.479 0.478 0.155 0.590 0.987 0.379 0.758]
   160          245        0.0108368         contract inside
  eval: e=0.0115  p=[0.497 0.484 0.483 0.155 0.614 0.989 0.369 0.739]
  eval: e=0.0109  p=[0.500 0.484 0.473 0.155 0.581 0.993 0.381 0.758]
   161          247        0.0108368         contract inside
  eval: e=0.0110  p=[0.496 0.475 0.483 0.154 0.593 0.986 0.377 0.762]
   162          248        0.0108368         reflect
  eval: e=0.0108  p=[0.492 0.482 0.477 0.155 0.579 0.996 0.380 0.763]
  eval: e=0.0117  p=[0.486 0.483 0.476 0.155 0.567 1.000 0.382 0.772]
   163          250        0.0108304         reflect
  eval: e=0.0108  p=[0.494 0.481 0.476 0.154 0.576 0.995 0.382 0.765]
   164          251        0.0108304         reflect
  eval: e=0.0107  p=[0.493 0.481 0.477 0.152 0.576 0.999 0.380 0.765]
  eval: e=0.3049  p=[0.490 0.481 0.476 0.150 0.567 1.000 0.382 0.771]
   165          253          0.01066         reflect
  eval: e=0.1736  p=[0.496 0.491 0.469 0.154 0.574 1.000 0.382 0.756]
  eval: e=0.0109  p=[0.496 0.479 0.480 0.154 0.588 0.990 0.378 0.760]
   166          255          0.01066         contract inside
  eval: e=0.0892  p=[0.495 0.486 0.474 0.152 0.576 1.000 0.380 0.760]
  eval: e=0.0109  p=[0.496 0.481 0.477 0.155 0.586 0.991 0.379 0.759]
   167          257          0.01066         contract inside
  eval: e=0.0108  p=[0.491 0.481 0.481 0.153 0.586 0.997 0.377 0.761]
   168          258          0.01066         reflect
  eval: e=0.0107  p=[0.493 0.484 0.477 0.152 0.581 1.000 0.379 0.760]
   169          259          0.01066         reflect
  eval: e=0.1225  p=[0.493 0.487 0.474 0.153 0.577 1.000 0.379 0.759]
  eval: e=0.0108  p=[0.495 0.481 0.478 0.154 0.585 0.993 0.379 0.760]
   170          261          0.01066         contract inside
  eval: e=0.0113  p=[0.486 0.476 0.479 0.154 0.567 0.996 0.385 0.777]
  eval: e=0.0107  p=[0.497 0.485 0.476 0.153 0.588 0.997 0.377 0.753]
   171          263          0.01066         contract inside
  eval: e=0.0110  p=[0.486 0.475 0.481 0.151 0.573 0.998 0.382 0.773]
  eval: e=0.0107  p=[0.497 0.485 0.476 0.154 0.585 0.996 0.378 0.756]
   172          265          0.01066         contract inside
  eval: e=0.0107  p=[0.498 0.487 0.475 0.154 0.586 0.998 0.376 0.755]
   173          266          0.01066         reflect
  eval: e=0.0107  p=[0.495 0.485 0.478 0.153 0.590 0.999 0.374 0.754]
   174          267          0.01066         reflect
  eval: e=0.0107  p=[0.498 0.485 0.478 0.152 0.591 0.999 0.375 0.753]
   175          268          0.01066         reflect
  eval: e=0.0107  p=[0.501 0.487 0.473 0.153 0.585 0.998 0.378 0.753]
   176          269          0.01066         reflect
  eval: e=0.0859  p=[0.498 0.489 0.474 0.152 0.585 1.000 0.376 0.753]
  eval: e=0.0107  p=[0.496 0.483 0.477 0.153 0.585 0.996 0.378 0.758]
   177          271          0.01066         contract inside
  eval: e=0.0112  p=[0.496 0.484 0.477 0.152 0.585 1.000 0.376 0.757]
  eval: e=0.0107  p=[0.497 0.485 0.476 0.153 0.585 0.997 0.378 0.756]
   178          273          0.01066         contract inside
  eval: e=0.0155  p=[0.497 0.487 0.475 0.152 0.585 1.000 0.376 0.754]
  eval: e=0.0107  p=[0.496 0.484 0.477 0.153 0.585 0.997 0.377 0.757]
   179          275          0.01066         contract inside
  eval: e=0.0107  p=[0.495 0.485 0.476 0.153 0.581 1.000 0.378 0.760]
   180          276          0.01066         reflect
  eval: e=0.0106  p=[0.494 0.482 0.478 0.151 0.583 1.000 0.378 0.759]
  eval: e=0.0130  p=[0.492 0.479 0.480 0.150 0.581 1.000 0.379 0.762]
   181          278        0.0105968         reflect
  eval: e=0.0106  p=[0.497 0.483 0.475 0.152 0.577 0.999 0.381 0.762]
   182          279        0.0105968         reflect
  eval: e=0.0191  p=[0.495 0.483 0.477 0.151 0.579 1.000 0.379 0.761]
  eval: e=0.0107  p=[0.496 0.484 0.476 0.153 0.584 0.998 0.378 0.757]
   183          281        0.0105968         contract inside
  eval: e=0.0108  p=[0.490 0.479 0.480 0.151 0.580 0.999 0.379 0.765]
  eval: e=0.0106  p=[0.498 0.485 0.475 0.153 0.584 0.999 0.378 0.756]
   184          283        0.0105968         contract inside
  eval: e=0.0257  p=[0.495 0.483 0.476 0.151 0.579 1.000 0.379 0.761]
  eval: e=0.0106  p=[0.496 0.484 0.477 0.153 0.584 0.998 0.378 0.758]
   185          285        0.0105968         contract inside
  eval: e=0.0108  p=[0.493 0.482 0.475 0.153 0.571 0.999 0.382 0.767]
  eval: e=0.0106  p=[0.497 0.484 0.477 0.152 0.586 0.999 0.377 0.756]
   186          287        0.0105968         contract inside
  eval: e=0.0106  p=[0.496 0.482 0.477 0.152 0.582 0.998 0.380 0.759]
   187          288        0.0105968         reflect
  eval: e=0.0106  p=[0.499 0.483 0.476 0.152 0.583 0.997 0.379 0.758]
   188          289        0.0105968         reflect
  eval: e=0.0107  p=[0.500 0.485 0.476 0.152 0.589 0.998 0.377 0.752]
  eval: e=0.0106  p=[0.495 0.482 0.476 0.152 0.580 0.999 0.379 0.762]
   189          291        0.0105968         contract inside
  eval: e=0.0106  p=[0.496 0.482 0.476 0.151 0.581 0.999 0.380 0.760]
  eval: e=0.0106  p=[0.496 0.481 0.476 0.150 0.579 1.000 0.380 0.762]
   190          293        0.0105527         expand
  eval: e=0.0106  p=[0.497 0.482 0.476 0.151 0.579 0.999 0.380 0.760]
   191          294        0.0105527         reflect
  eval: e=0.0106  p=[0.497 0.483 0.476 0.151 0.580 1.000 0.379 0.760]
   192          295        0.0105527         reflect
  eval: e=0.0106  p=[0.497 0.483 0.478 0.151 0.587 0.999 0.376 0.756]
   193          296        0.0105527         reflect
  eval: e=0.0218  p=[0.494 0.483 0.477 0.151 0.581 1.000 0.378 0.760]
  eval: e=0.0106  p=[0.497 0.483 0.476 0.152 0.583 0.998 0.379 0.759]
   194          298        0.0105527         contract inside
  eval: e=0.0106  p=[0.498 0.483 0.477 0.151 0.586 1.000 0.377 0.756]
  eval: e=0.0106  p=[0.500 0.484 0.477 0.150 0.589 1.000 0.376 0.753]
   195          300        0.0105502         reflect
  eval: e=0.0105  p=[0.495 0.480 0.478 0.150 0.582 1.000 0.379 0.761]
  eval: e=0.0139  p=[0.494 0.477 0.480 0.148 0.581 1.000 0.379 0.763]
   196          302        0.0105356         reflect
  eval: e=0.0105  p=[0.497 0.480 0.477 0.150 0.579 1.000 0.380 0.762]
  eval: e=0.0134  p=[0.497 0.478 0.476 0.149 0.575 1.000 0.382 0.765]
   197          304         0.010522         reflect
  eval: e=0.0106  p=[0.496 0.480 0.478 0.150 0.584 0.999 0.379 0.759]
   198          305         0.010522         reflect
  eval: e=0.0141  p=[0.495 0.480 0.478 0.149 0.582 1.000 0.379 0.760]
  eval: e=0.0106  p=[0.497 0.482 0.477 0.151 0.582 0.999 0.379 0.759]
   199          307         0.010522         contract inside
  eval: e=0.0105  p=[0.499 0.481 0.476 0.150 0.582 0.999 0.380 0.759]
  eval: e=0.0105  p=[0.502 0.480 0.475 0.149 0.581 0.999 0.380 0.759]
   200          309         0.010506         expand
  eval: e=0.0105  p=[0.498 0.479 0.476 0.149 0.576 1.000 0.382 0.763]
   201          310         0.010506         reflect
  eval: e=0.0105  p=[0.498 0.479 0.476 0.149 0.579 1.000 0.381 0.761]
  eval: e=0.0140  p=[0.498 0.478 0.476 0.148 0.577 1.000 0.382 0.762]
   202          312        0.0104946         reflect
  eval: e=0.0105  p=[0.498 0.479 0.477 0.149 0.582 1.000 0.380 0.760]
  eval: e=0.0105  p=[0.499 0.477 0.478 0.148 0.583 1.000 0.379 0.760]
   203          314         0.010465         reflect
  eval: e=0.0105  p=[0.499 0.479 0.477 0.149 0.583 1.000 0.379 0.758]
  eval: e=0.0104  p=[0.500 0.478 0.477 0.148 0.585 1.000 0.379 0.757]
   204          316        0.0104386         expand
  eval: e=0.0149  p=[0.501 0.480 0.475 0.148 0.579 1.000 0.381 0.761]
  eval: e=0.0105  p=[0.497 0.480 0.477 0.150 0.583 0.999 0.379 0.759]
   205          318        0.0104386         contract inside
  eval: e=0.0105  p=[0.498 0.475 0.477 0.148 0.576 1.000 0.383 0.765]
   206          319        0.0104386         reflect
  eval: e=0.0105  p=[0.501 0.478 0.475 0.148 0.578 0.999 0.382 0.761]
   207          320        0.0104386         reflect
  eval: e=0.0105  p=[0.500 0.478 0.477 0.148 0.584 1.000 0.379 0.758]
   208          321        0.0104386         reflect
  eval: e=0.0104  p=[0.502 0.477 0.477 0.147 0.583 0.999 0.380 0.758]
  eval: e=0.0104  p=[0.504 0.476 0.477 0.146 0.586 0.999 0.380 0.756]
   209          323        0.0103908         expand
  eval: e=0.0104  p=[0.503 0.476 0.476 0.146 0.580 1.000 0.382 0.760]
   210          324        0.0103908         reflect
  eval: e=0.0107  p=[0.499 0.475 0.478 0.146 0.582 1.000 0.381 0.760]
  eval: e=0.0105  p=[0.501 0.479 0.476 0.148 0.581 0.999 0.380 0.759]
   211          326        0.0103908         contract inside
  eval: e=0.0104  p=[0.503 0.476 0.477 0.146 0.584 0.999 0.380 0.758]
   212          327        0.0103908         reflect
  eval: e=0.0104  p=[0.501 0.476 0.479 0.147 0.587 1.000 0.378 0.757]
   213          328        0.0103908         reflect
  eval: e=0.0105  p=[0.505 0.479 0.477 0.147 0.591 0.999 0.377 0.751]
  eval: e=0.0104  p=[0.499 0.476 0.477 0.147 0.580 1.000 0.381 0.761]
   214          330        0.0103908         contract inside
  eval: e=0.0104  p=[0.501 0.475 0.478 0.146 0.586 1.000 0.379 0.757]
  eval: e=0.0103  p=[0.501 0.473 0.480 0.145 0.588 1.000 0.378 0.757]
   215          332         0.010336         expand
  eval: e=0.0104  p=[0.505 0.474 0.477 0.145 0.587 0.999 0.380 0.756]
   216          333         0.010336         reflect
  eval: e=0.0103  p=[0.505 0.473 0.478 0.144 0.585 0.999 0.381 0.757]
  eval: e=0.0103  p=[0.507 0.470 0.478 0.142 0.585 0.999 0.382 0.757]
   217          335        0.0102577         expand
  eval: e=0.0103  p=[0.506 0.471 0.477 0.143 0.584 0.999 0.382 0.759]
   218          336        0.0102577         reflect
  eval: e=0.0103  p=[0.508 0.472 0.478 0.142 0.590 0.999 0.380 0.753]
   219          337        0.0102577         reflect
  eval: e=0.0103  p=[0.505 0.471 0.479 0.143 0.588 1.000 0.380 0.756]
   220          338        0.0102577         reflect
  eval: e=0.0103  p=[0.506 0.470 0.480 0.142 0.593 0.999 0.379 0.753]
   221          339        0.0102577         reflect
  eval: e=0.0103  p=[0.510 0.468 0.478 0.140 0.589 0.999 0.382 0.754]
  eval: e=0.0102  p=[0.515 0.464 0.478 0.136 0.590 0.998 0.384 0.753]
   222          341        0.0102272         expand
  eval: e=0.0102  p=[0.509 0.466 0.480 0.139 0.591 0.999 0.381 0.755]
  eval: e=0.0101  p=[0.512 0.461 0.482 0.135 0.593 1.000 0.381 0.754]
   223          343         0.010094         expand
  eval: e=0.0101  p=[0.511 0.464 0.480 0.137 0.591 0.999 0.382 0.755]
   224          344         0.010094         reflect
  eval: e=0.0101  p=[0.508 0.464 0.480 0.138 0.588 0.999 0.383 0.758]
   225          345         0.010094         reflect
  eval: e=0.0101  p=[0.516 0.461 0.479 0.134 0.589 0.998 0.385 0.755]
  eval: e=0.0100  p=[0.524 0.454 0.478 0.129 0.590 0.998 0.388 0.754]
   226          347        0.0100011         expand
  eval: e=0.0101  p=[0.516 0.459 0.481 0.133 0.596 0.999 0.383 0.751]
   227          348        0.0100011         reflect
  eval: e=0.0100  p=[0.518 0.457 0.479 0.132 0.587 0.999 0.387 0.756]
  eval: e=0.0099  p=[0.525 0.451 0.478 0.127 0.583 0.999 0.391 0.758]
   228          350       0.00990942         expand
  eval: e=0.0099  p=[0.524 0.451 0.480 0.127 0.591 0.998 0.388 0.754]
   229          351       0.00990942         reflect
  eval: e=0.0098  p=[0.526 0.446 0.482 0.124 0.595 0.999 0.388 0.752]
  eval: e=0.0096  p=[0.536 0.434 0.484 0.115 0.600 0.998 0.390 0.749]
   230          353       0.00963686         expand
  eval: e=0.0098  p=[0.523 0.446 0.483 0.124 0.593 0.999 0.387 0.755]
   231          354       0.00963686         reflect
  eval: e=0.0097  p=[0.535 0.441 0.481 0.119 0.597 0.998 0.390 0.750]
   232          355       0.00963686         reflect
  eval: e=0.0096  p=[0.538 0.435 0.481 0.115 0.595 0.998 0.393 0.752]
  eval: e=0.0094  p=[0.552 0.420 0.482 0.104 0.597 0.998 0.398 0.750]
   233          357        0.0094299         expand
  eval: e=0.0095  p=[0.547 0.428 0.480 0.109 0.594 0.997 0.398 0.751]
   234          358        0.0094299         reflect
  eval: e=0.0095  p=[0.550 0.423 0.480 0.106 0.591 0.998 0.400 0.754]
   235          359        0.0094299         reflect
  eval: e=0.0094  p=[0.549 0.419 0.484 0.103 0.597 0.999 0.398 0.752]
  eval: e=0.0097  p=[0.561 0.401 0.487 0.090 0.600 1.000 0.403 0.751]
   236          361       0.00940799         reflect
  eval: e=0.0094  p=[0.555 0.415 0.483 0.100 0.597 0.999 0.400 0.751]
  eval: e=0.0098  p=[0.571 0.397 0.484 0.086 0.599 0.999 0.406 0.750]
   237          363       0.00938707         reflect
  eval: e=0.0096  p=[0.562 0.406 0.487 0.093 0.608 0.997 0.399 0.745]
   238          364       0.00938707         reflect
  eval: e=0.0094  p=[0.573 0.401 0.482 0.088 0.601 0.997 0.406 0.745]
  eval: e=0.0101  p=[0.598 0.378 0.481 0.070 0.605 0.995 0.415 0.740]
   239          366       0.00935992         reflect
  eval: e=0.0097  p=[0.571 0.396 0.484 0.086 0.599 0.997 0.407 0.749]
  eval: e=0.0094  p=[0.562 0.407 0.483 0.094 0.599 0.998 0.403 0.749]
   240          368       0.00935992         contract outside
  eval: e=0.0096  p=[0.576 0.395 0.482 0.084 0.595 0.997 0.410 0.750]
  eval: e=0.0094  p=[0.566 0.405 0.482 0.092 0.597 0.997 0.405 0.750]
   241          370       0.00935992         contract outside
  eval: e=0.0096  p=[0.551 0.424 0.478 0.106 0.585 0.998 0.403 0.756]
  eval: e=0.0094  p=[0.559 0.410 0.484 0.096 0.602 0.997 0.400 0.748]
   242          372       0.00935992         contract inside
  eval: e=0.0095  p=[0.570 0.397 0.485 0.086 0.601 0.998 0.405 0.749]
  eval: e=0.0094  p=[0.552 0.420 0.481 0.103 0.596 0.998 0.400 0.750]
   243          374       0.00935992         contract inside
  eval: e=0.0096  p=[0.567 0.402 0.485 0.089 0.605 0.998 0.403 0.745]
  eval: e=0.0094  p=[0.554 0.417 0.481 0.102 0.594 0.998 0.401 0.752]
   244          376       0.00935992         contract inside
  eval: e=0.0095  p=[0.566 0.403 0.483 0.091 0.599 0.998 0.405 0.749]
  eval: e=0.0094  p=[0.555 0.416 0.482 0.100 0.597 0.998 0.400 0.750]
   245          378       0.00935992         contract inside
  eval: e=0.0094  p=[0.566 0.402 0.484 0.090 0.600 0.998 0.404 0.749]
  eval: e=0.0094  p=[0.556 0.416 0.482 0.100 0.597 0.998 0.401 0.750]
   246          380       0.00935992         contract inside
  eval: e=0.0094  p=[0.565 0.405 0.484 0.092 0.602 0.998 0.403 0.747]
  eval: e=0.0094  p=[0.557 0.414 0.482 0.099 0.596 0.998 0.401 0.751]
   247          382       0.00935992         contract inside
  eval: e=0.0094  p=[0.550 0.419 0.484 0.103 0.600 0.998 0.397 0.749]
  eval: e=0.0094  p=[0.562 0.409 0.483 0.095 0.597 0.998 0.403 0.750]
   248          384       0.00935992         contract inside
  eval: e=0.0094  p=[0.571 0.403 0.482 0.090 0.600 0.996 0.406 0.747]
   249          385       0.00935992         reflect
  eval: e=0.0094  p=[0.563 0.410 0.480 0.095 0.594 0.998 0.405 0.751]
   250          386       0.00935992         reflect
  eval: e=0.0094  p=[0.561 0.414 0.481 0.098 0.596 0.997 0.402 0.749]
   251          387       0.00935992         reflect
  eval: e=0.0094  p=[0.570 0.406 0.480 0.092 0.598 0.996 0.406 0.747]
  eval: e=0.0094  p=[0.577 0.401 0.479 0.088 0.599 0.995 0.409 0.745]
   252          389       0.00935756         reflect
  eval: e=0.0094  p=[0.572 0.402 0.481 0.089 0.599 0.997 0.407 0.747]
  eval: e=0.0094  p=[0.580 0.395 0.480 0.083 0.599 0.996 0.410 0.746]
   253          391       0.00935534         reflect
  eval: e=0.0094  p=[0.577 0.398 0.480 0.086 0.598 0.996 0.409 0.746]
  eval: e=0.0094  p=[0.561 0.412 0.482 0.097 0.598 0.997 0.402 0.749]
   254          393       0.00935534         contract inside
  eval: e=0.0094  p=[0.568 0.405 0.483 0.091 0.603 0.997 0.403 0.745]
  eval: e=0.0094  p=[0.571 0.402 0.484 0.089 0.607 0.996 0.403 0.743]
   255          395       0.00935292         reflect
  eval: e=0.0094  p=[0.578 0.398 0.481 0.085 0.602 0.996 0.408 0.744]
   256          396       0.00935292         reflect
  eval: e=0.0093  p=[0.576 0.401 0.480 0.088 0.602 0.996 0.407 0.744]
  eval: e=0.0093  p=[0.583 0.398 0.479 0.084 0.604 0.995 0.409 0.741]
   257          398       0.00932965         expand
  eval: e=0.0093  p=[0.570 0.406 0.480 0.091 0.600 0.997 0.405 0.745]
   258          399       0.00932965         reflect
  eval: e=0.0094  p=[0.583 0.393 0.481 0.082 0.605 0.995 0.409 0.742]
  eval: e=0.0093  p=[0.567 0.409 0.481 0.094 0.598 0.997 0.404 0.747]
   259          401       0.00932965         contract inside
  eval: e=0.0094  p=[0.563 0.411 0.481 0.096 0.598 0.997 0.403 0.747]
  eval: e=0.0093  p=[0.574 0.401 0.481 0.088 0.601 0.996 0.406 0.745]
   260          403       0.00932965         contract inside
  eval: e=0.0093  p=[0.584 0.395 0.480 0.082 0.603 0.995 0.409 0.741]
   261          404       0.00932965         reflect
  eval: e=0.0094  p=[0.574 0.405 0.479 0.090 0.600 0.996 0.406 0.744]
   262          405       0.00932965         reflect
  eval: e=0.0093  p=[0.578 0.400 0.480 0.086 0.604 0.996 0.407 0.742]
  eval: e=0.0093  p=[0.583 0.396 0.480 0.083 0.606 0.996 0.407 0.740]
   263          407       0.00930844         expand
  eval: e=0.0094  p=[0.576 0.398 0.482 0.086 0.603 0.997 0.406 0.743]
  eval: e=0.0093  p=[0.575 0.403 0.480 0.089 0.601 0.996 0.406 0.744]
   264          409       0.00930844         contract inside
  eval: e=0.0093  p=[0.579 0.401 0.480 0.087 0.606 0.995 0.406 0.740]
   265          410       0.00930844         reflect
  eval: e=0.0093  p=[0.585 0.397 0.478 0.083 0.602 0.995 0.410 0.741]
   266          411       0.00930844         reflect
  eval: e=0.0093  p=[0.570 0.408 0.480 0.093 0.601 0.996 0.404 0.744]
  eval: e=0.0093  p=[0.574 0.405 0.480 0.090 0.602 0.996 0.405 0.744]
   267          413       0.00930844         contract outside
  eval: e=0.0093  p=[0.566 0.407 0.483 0.093 0.602 0.997 0.402 0.746]
  eval: e=0.0093  p=[0.580 0.400 0.479 0.086 0.602 0.995 0.408 0.742]
   268          415       0.00930844         contract inside
  eval: e=0.0093  p=[0.588 0.394 0.479 0.081 0.607 0.995 0.409 0.738]
   269          416       0.00930844         reflect
  eval: e=0.0093  p=[0.584 0.399 0.479 0.085 0.606 0.995 0.407 0.738]
   270          417       0.00930844         reflect
  eval: e=0.0093  p=[0.591 0.393 0.479 0.080 0.608 0.994 0.409 0.737]
   271          418       0.00930844         reflect
  eval: e=0.0093  p=[0.579 0.398 0.480 0.085 0.603 0.996 0.408 0.743]
  eval: e=0.0093  p=[0.583 0.399 0.479 0.085 0.605 0.995 0.407 0.740]
   272          420       0.00930844         contract inside
  eval: e=0.0093  p=[0.590 0.393 0.479 0.080 0.609 0.994 0.409 0.736]
  eval: e=0.0093  p=[0.598 0.389 0.478 0.075 0.613 0.994 0.410 0.732]
   273          422       0.00930023         reflect
  eval: e=0.0093  p=[0.584 0.398 0.480 0.084 0.608 0.995 0.406 0.738]
  eval: e=0.0093  p=[0.584 0.398 0.480 0.084 0.609 0.996 0.405 0.737]
   274          424       0.00928527         expand
  eval: e=0.0093  p=[0.596 0.389 0.479 0.076 0.612 0.994 0.410 0.734]
   275          425       0.00928527         reflect
  eval: e=0.0093  p=[0.593 0.391 0.480 0.078 0.613 0.994 0.408 0.733]
   276          426       0.00928527         reflect
  eval: e=0.0093  p=[0.593 0.390 0.480 0.077 0.612 0.994 0.408 0.734]
  eval: e=0.0093  p=[0.585 0.397 0.479 0.083 0.607 0.995 0.408 0.738]
   277          428       0.00928527         contract inside
  eval: e=0.0093  p=[0.577 0.402 0.480 0.088 0.605 0.996 0.405 0.741]
   278          429       0.00928527         reflect
  eval: e=0.0093  p=[0.594 0.390 0.479 0.077 0.611 0.995 0.409 0.735]
   279          430       0.00928527         reflect
  eval: e=0.0093  p=[0.587 0.396 0.480 0.082 0.610 0.995 0.406 0.736]
   280          431       0.00928527         reflect
  eval: e=0.0093  p=[0.580 0.400 0.479 0.086 0.603 0.996 0.407 0.742]
   281          432       0.00928527         reflect
  eval: e=0.0093  p=[0.579 0.400 0.481 0.086 0.607 0.996 0.405 0.740]
  eval: e=0.0093  p=[0.574 0.403 0.482 0.089 0.606 0.998 0.402 0.741]
   282          434       0.00928155         expand
  eval: e=0.0093  p=[0.585 0.398 0.479 0.084 0.609 0.995 0.406 0.737]
   283          435       0.00928155         reflect
  eval: e=0.0093  p=[0.592 0.392 0.479 0.078 0.611 0.995 0.408 0.735]
  eval: e=0.0093  p=[0.600 0.387 0.479 0.074 0.615 0.995 0.409 0.731]
   284          437       0.00928142         reflect
  eval: e=0.0093  p=[0.593 0.392 0.480 0.078 0.615 0.995 0.406 0.732]
   285          438       0.00928142         reflect
  eval: e=0.0093  p=[0.578 0.402 0.481 0.087 0.609 0.996 0.403 0.738]
   286          439       0.00928142         reflect
  eval: e=0.0093  p=[0.586 0.397 0.481 0.082 0.613 0.996 0.404 0.735]
   287          440       0.00928142         reflect
  eval: e=0.0093  p=[0.579 0.401 0.482 0.086 0.612 0.997 0.402 0.737]
   288          441       0.00928142         reflect
  eval: e=0.0093  p=[0.592 0.392 0.480 0.078 0.613 0.996 0.406 0.735]
   289          442       0.00928142         reflect
  eval: e=0.0093  p=[0.577 0.403 0.481 0.088 0.606 0.997 0.403 0.741]
  eval: e=0.0093  p=[0.568 0.409 0.481 0.093 0.601 0.998 0.402 0.746]
   290          444       0.00927934         reflect
  eval: e=0.0093  p=[0.582 0.397 0.482 0.083 0.611 0.997 0.403 0.738]
  eval: e=0.0093  p=[0.584 0.398 0.480 0.084 0.610 0.996 0.405 0.737]
   291          446       0.00927934         contract inside
  eval: e=0.0093  p=[0.589 0.394 0.479 0.080 0.608 0.995 0.409 0.737]
  eval: e=0.0093  p=[0.582 0.399 0.481 0.085 0.611 0.997 0.403 0.737]
   292          448       0.00927934         contract inside
  eval: e=0.0093  p=[0.575 0.405 0.481 0.089 0.606 0.997 0.403 0.741]
  eval: e=0.0093  p=[0.587 0.395 0.480 0.081 0.611 0.996 0.406 0.736]
   293          450       0.00927934         contract inside
  eval: e=0.0093  p=[0.580 0.400 0.481 0.086 0.609 0.997 0.403 0.738]
  eval: e=0.0093  p=[0.577 0.402 0.482 0.087 0.608 0.999 0.402 0.739]
   294          452       0.00926152         expand
  eval: e=0.0093  p=[0.581 0.400 0.481 0.085 0.610 0.998 0.403 0.738]
   295          453       0.00926152         reflect
  eval: e=0.0093  p=[0.578 0.401 0.481 0.087 0.605 0.997 0.404 0.741]
   296          454       0.00926152         reflect
  eval: e=0.0093  p=[0.577 0.401 0.482 0.086 0.608 0.998 0.403 0.740]
   297          455       0.00926152         reflect
  eval: e=0.0093  p=[0.579 0.400 0.481 0.086 0.606 0.998 0.404 0.741]
   298          456       0.00926152         reflect
  eval: e=0.0093  p=[0.588 0.395 0.480 0.081 0.610 0.997 0.406 0.736]
  eval: e=0.0093  p=[0.595 0.391 0.479 0.077 0.612 0.996 0.408 0.734]
   299          458       0.00925335         expand
  eval: e=0.0093  p=[0.570 0.406 0.482 0.091 0.605 1.000 0.401 0.743]
   300          459       0.00925335         reflect
  eval: e=0.0093  p=[0.571 0.406 0.481 0.091 0.603 1.000 0.401 0.744]
   301          460       0.00925335         reflect
  eval: e=0.0092  p=[0.580 0.399 0.481 0.085 0.608 0.999 0.403 0.739]
  eval: e=0.0092  p=[0.582 0.397 0.482 0.083 0.609 1.000 0.403 0.738]
   302          462       0.00922245         expand
  eval: e=0.0092  p=[0.580 0.400 0.482 0.085 0.610 1.000 0.402 0.738]
   303          463       0.00922245         reflect
  eval: e=0.0092  p=[0.577 0.401 0.481 0.087 0.605 1.000 0.403 0.741]
   304          464       0.00922245         reflect
  eval: e=0.0092  p=[0.590 0.393 0.480 0.080 0.610 0.998 0.406 0.736]
   305          465       0.00922245         reflect
  eval: e=0.0092  p=[0.585 0.397 0.480 0.082 0.608 0.999 0.405 0.737]
   306          466       0.00922245         reflect
  eval: e=0.0092  p=[0.586 0.397 0.481 0.082 0.611 1.000 0.403 0.736]
  eval: e=0.0215  p=[0.589 0.396 0.481 0.080 0.614 1.000 0.402 0.733]
   307          468       0.00922218         reflect
  eval: e=0.0092  p=[0.590 0.394 0.480 0.079 0.609 1.000 0.405 0.736]
  eval: e=0.0095  p=[0.597 0.389 0.479 0.075 0.610 1.000 0.407 0.735]
   308          470       0.00920798         reflect
  eval: e=0.0092  p=[0.600 0.387 0.479 0.073 0.615 0.998 0.407 0.731]
   309          471       0.00920798         reflect
  eval: e=0.0647  p=[0.577 0.400 0.482 0.086 0.608 1.000 0.401 0.739]
  eval: e=0.0092  p=[0.591 0.394 0.480 0.079 0.611 0.998 0.406 0.735]
   310          473       0.00920798         contract inside
  eval: e=0.0136  p=[0.584 0.398 0.481 0.083 0.609 1.000 0.402 0.738]
  eval: e=0.0092  p=[0.588 0.395 0.480 0.080 0.610 0.999 0.405 0.736]
   311          475       0.00920798         contract inside
  eval: e=0.0194  p=[0.582 0.398 0.481 0.084 0.609 1.000 0.402 0.738]
  eval: e=0.0092  p=[0.589 0.395 0.480 0.080 0.610 0.999 0.405 0.736]
   312          477       0.00920798         contract inside
  eval: e=0.0092  p=[0.594 0.391 0.479 0.077 0.610 0.999 0.407 0.735]
   313          478       0.00920798         reflect
  eval: e=0.0092  p=[0.591 0.392 0.481 0.078 0.612 0.999 0.405 0.735]
   314          479       0.00920798         reflect
  eval: e=0.0092  p=[0.603 0.385 0.479 0.072 0.616 0.999 0.407 0.729]
   315          480       0.00920798         reflect
  eval: e=0.0093  p=[0.580 0.400 0.481 0.085 0.607 1.000 0.403 0.740]
  eval: e=0.0092  p=[0.595 0.390 0.480 0.076 0.613 0.999 0.406 0.733]
   316          482       0.00920798         contract inside
  eval: e=0.0092  p=[0.594 0.391 0.480 0.076 0.613 1.000 0.405 0.733]
  eval: e=0.0114  p=[0.598 0.389 0.480 0.074 0.614 1.000 0.405 0.732]
   317          484       0.00920245         reflect
  eval: e=0.0096  p=[0.595 0.389 0.480 0.076 0.613 1.000 0.405 0.733]
  eval: e=0.0092  p=[0.590 0.393 0.480 0.079 0.611 0.999 0.405 0.735]
   318          486       0.00920245         contract inside
  eval: e=0.0106  p=[0.578 0.401 0.481 0.086 0.606 1.000 0.403 0.741]
  eval: e=0.0092  p=[0.597 0.389 0.480 0.075 0.614 0.999 0.406 0.732]
   319          488       0.00920245         contract inside
  eval: e=0.0092  p=[0.602 0.387 0.478 0.073 0.614 0.999 0.408 0.731]
   320          489       0.00920245         reflect
  eval: e=0.0092  p=[0.603 0.384 0.479 0.071 0.613 0.998 0.409 0.732]
  eval: e=0.0092  p=[0.590 0.394 0.480 0.079 0.611 1.000 0.404 0.735]
   321          491       0.00920245         contract inside
  eval: e=0.0092  p=[0.593 0.392 0.480 0.077 0.614 0.999 0.404 0.733]
   322          492       0.00920245         reflect
  eval: e=0.0092  p=[0.598 0.389 0.480 0.074 0.614 1.000 0.406 0.732]
   323          493       0.00920245         reflect
  eval: e=0.0092  p=[0.594 0.392 0.480 0.077 0.612 1.000 0.405 0.734]
  eval: e=0.0126  p=[0.593 0.392 0.480 0.078 0.611 1.000 0.404 0.735]
   324          495       0.00920018         reflect
  eval: e=0.0092  p=[0.596 0.390 0.479 0.076 0.611 0.999 0.407 0.734]
   325          496       0.00920018         reflect
  eval: e=0.0114  p=[0.585 0.396 0.481 0.081 0.610 1.000 0.403 0.737]
  eval: e=0.0092  p=[0.598 0.389 0.479 0.075 0.613 0.999 0.407 0.733]
   326          498       0.00920018         contract inside
  eval: e=0.0092  p=[0.598 0.390 0.479 0.075 0.612 1.000 0.406 0.733]
   327          499       0.00920018         reflect
  eval: e=0.0096  p=[0.593 0.392 0.479 0.078 0.610 1.000 0.405 0.735]
  eval: e=0.0092  p=[0.596 0.390 0.480 0.076 0.613 0.999 0.406 0.733]
   328          501       0.00920018         contract inside
  eval: e=0.0092  p=[0.601 0.387 0.479 0.073 0.613 1.000 0.407 0.732]
   329          502       0.00920018         reflect
  eval: e=0.0092  p=[0.596 0.390 0.480 0.075 0.614 1.000 0.405 0.732]
   330          503       0.00920018         reflect
  eval: e=0.0098  p=[0.594 0.391 0.480 0.077 0.612 1.000 0.405 0.734]
  eval: e=0.0092  p=[0.597 0.390 0.479 0.075 0.613 0.999 0.406 0.733]
   331          505       0.00920018         contract inside
  eval: e=0.0092  p=[0.596 0.390 0.479 0.076 0.612 1.000 0.406 0.734]
  eval: e=0.0092  p=[0.596 0.390 0.480 0.076 0.613 0.999 0.406 0.733]
   332          507       0.00920018         contract inside
  eval: e=0.0092  p=[0.603 0.386 0.479 0.071 0.617 1.000 0.406 0.729]
  eval: e=0.0092  p=[0.600 0.388 0.479 0.073 0.615 1.000 0.406 0.731]
   333          509       0.00920018         contract outside
  eval: e=0.0092  p=[0.596 0.389 0.480 0.075 0.614 1.000 0.405 0.733]
  eval: e=0.0092  p=[0.597 0.389 0.479 0.075 0.613 1.000 0.406 0.733]
   334          511       0.00920018         contract inside
  eval: e=0.0092  p=[0.597 0.389 0.480 0.075 0.614 1.000 0.405 0.732]
   335          512       0.00920018         reflect
  eval: e=0.0092  p=[0.596 0.390 0.479 0.076 0.612 1.000 0.406 0.733]
  eval: e=0.0093  p=[0.595 0.391 0.479 0.077 0.611 1.000 0.406 0.734]
   336          514       0.00919987         reflect
  eval: e=0.0093  p=[0.598 0.389 0.479 0.074 0.614 1.000 0.406 0.732]
  eval: e=0.0092  p=[0.596 0.390 0.479 0.075 0.613 1.000 0.406 0.733]
   337          516       0.00919987         contract inside
  eval: e=0.0092  p=[0.598 0.389 0.479 0.075 0.612 1.000 0.407 0.733]
   338          517       0.00919987         reflect
  eval: e=0.0093  p=[0.592 0.393 0.480 0.078 0.613 1.000 0.404 0.734]
  eval: e=0.0092  p=[0.599 0.388 0.479 0.074 0.613 1.000 0.407 0.733]
   339          519       0.00919987         contract inside
  eval: e=0.0092  p=[0.593 0.392 0.480 0.078 0.610 1.000 0.406 0.735]
   340          520       0.00919987         reflect
  eval: e=0.0093  p=[0.596 0.390 0.479 0.076 0.612 1.000 0.406 0.734]
  eval: e=0.0092  p=[0.596 0.390 0.479 0.076 0.613 1.000 0.406 0.733]
   341          522       0.00919987         contract inside
  eval: e=0.0093  p=[0.594 0.391 0.480 0.077 0.612 1.000 0.405 0.734]
  eval: e=0.0092  p=[0.597 0.390 0.479 0.075 0.612 1.000 0.406 0.733]
   342          524       0.00919987         contract inside
  eval: e=0.0092  p=[0.598 0.389 0.479 0.075 0.612 1.000 0.406 0.733]
  eval: e=0.0092  p=[0.599 0.389 0.478 0.074 0.611 1.000 0.407 0.733]
   343          526       0.00919796         expand
  eval: e=0.0092  p=[0.595 0.391 0.480 0.076 0.613 1.000 0.405 0.734]
   344          527       0.00919796         reflect
  eval: e=0.0092  p=[0.596 0.390 0.479 0.076 0.612 1.000 0.406 0.734]
  eval: e=0.0092  p=[0.596 0.390 0.479 0.076 0.612 1.000 0.406 0.733]
   345          529       0.00919796         contract inside
  eval: e=0.0092  p=[0.596 0.390 0.479 0.076 0.612 1.000 0.406 0.734]
  eval: e=0.0092  p=[0.596 0.390 0.479 0.076 0.612 1.000 0.406 0.733]
   346          531       0.00919796         contract inside
  eval: e=0.0094  p=[0.593 0.392 0.480 0.078 0.612 1.000 0.405 0.734]
  eval: e=0.0092  p=[0.597 0.389 0.479 0.075 0.612 1.000 0.406 0.733]
   347          533       0.00919796         contract inside
  eval: e=0.0092  p=[0.600 0.388 0.479 0.074 0.614 1.000 0.406 0.731]
   348          534       0.00919796         reflect
  eval: e=0.0092  p=[0.596 0.391 0.479 0.076 0.611 1.000 0.406 0.734]
  eval: e=0.0092  p=[0.597 0.389 0.479 0.075 0.613 1.000 0.406 0.733]
   349          536       0.00919796         contract inside
  eval: e=0.0092  p=[0.593 0.392 0.480 0.078 0.610 1.000 0.406 0.735]
  eval: e=0.0092  p=[0.598 0.389 0.479 0.075 0.613 1.000 0.406 0.732]
   350          538       0.00919796         contract inside
  eval: e=0.0092  p=[0.597 0.390 0.479 0.075 0.612 1.000 0.406 0.733]
  eval: e=0.0092  p=[0.597 0.390 0.479 0.075 0.613 1.000 0.406 0.733]
   351          540       0.00919726         reflect
  eval: e=0.0092  p=[0.600 0.388 0.479 0.073 0.613 1.000 0.407 0.732]
   352          541       0.00919726         reflect
  eval: e=0.0092  p=[0.600 0.388 0.479 0.073 0.612 1.000 0.407 0.732]
  eval: e=0.0092  p=[0.596 0.390 0.479 0.076 0.613 1.000 0.406 0.733]
   353          543       0.00919726         contract inside
  eval: e=0.0092  p=[0.599 0.389 0.479 0.074 0.613 1.000 0.406 0.733]
  eval: e=0.0092  p=[0.600 0.388 0.479 0.073 0.613 1.000 0.407 0.732]
   354          545       0.00919502         expand
  eval: e=0.0092  p=[0.600 0.388 0.479 0.073 0.613 1.000 0.407 0.732]
   355          546       0.00919502         reflect
  eval: e=0.0092  p=[0.600 0.389 0.479 0.074 0.613 1.000 0.406 0.732]
  eval: e=0.0093  p=[0.601 0.388 0.478 0.073 0.613 1.000 0.406 0.732]
   356          548       0.00919489         reflect
  eval: e=0.0092  p=[0.600 0.389 0.479 0.074 0.612 1.000 0.407 0.733]
   357          549       0.00919489         reflect
  eval: e=0.0092  p=[0.602 0.387 0.478 0.072 0.613 1.000 0.407 0.732]
   358          550       0.00919489         reflect
  eval: e=0.0092  p=[0.603 0.387 0.478 0.072 0.612 1.000 0.408 0.732]
   359          551       0.00919489         reflect
  eval: e=0.0093  p=[0.600 0.389 0.478 0.074 0.612 1.000 0.407 0.733]
  eval: e=0.0092  p=[0.600 0.388 0.479 0.073 0.613 1.000 0.407 0.732]
   360          553       0.00919489         contract inside
  eval: e=0.0092  p=[0.601 0.388 0.479 0.073 0.614 1.000 0.406 0.732]
   361          554       0.00919489         reflect
  eval: e=0.0092  p=[0.605 0.386 0.478 0.071 0.613 1.000 0.408 0.731]
   362          555       0.00919489         reflect
  eval: e=0.0092  p=[0.603 0.387 0.478 0.072 0.613 1.000 0.407 0.732]
  eval: e=0.0092  p=[0.601 0.388 0.478 0.073 0.613 1.000 0.407 0.732]
   363          557       0.00919489         contract inside
  eval: e=0.0092  p=[0.602 0.387 0.478 0.072 0.613 1.000 0.407 0.732]
  eval: e=0.0092  p=[0.601 0.388 0.479 0.073 0.613 1.000 0.407 0.732]
   364          559       0.00919489         contract inside
  eval: e=0.0092  p=[0.602 0.387 0.478 0.073 0.613 1.000 0.407 0.732]
  eval: e=0.0092  p=[0.603 0.387 0.478 0.072 0.613 1.000 0.407 0.732]
   365          561       0.00919368         reflect
  eval: e=0.0092  p=[0.602 0.387 0.478 0.072 0.613 1.000 0.407 0.732]
  eval: e=0.0092  p=[0.601 0.388 0.478 0.073 0.613 1.000 0.407 0.732]
   366          563       0.00919368         contract inside
  eval: e=0.0092  p=[0.602 0.387 0.478 0.073 0.612 1.000 0.408 0.733]
  eval: e=0.0092  p=[0.601 0.388 0.478 0.073 0.613 1.000 0.407 0.732]
   367          565       0.00919368         contract inside
  eval: e=0.0092  p=[0.601 0.388 0.478 0.073 0.613 1.000 0.407 0.732]
   368          566       0.00919368         reflect
  eval: e=0.0092  p=[0.600 0.388 0.479 0.074 0.614 1.000 0.406 0.732]
  eval: e=0.0092  p=[0.602 0.387 0.478 0.073 0.613 1.000 0.407 0.732]
   369          568       0.00919368         contract inside
  eval: e=0.0092  p=[0.597 0.390 0.479 0.075 0.613 1.000 0.406 0.733]
  eval: e=0.0092  p=[0.603 0.387 0.478 0.072 0.613 1.000 0.407 0.732]
   370          570       0.00919368         contract inside
  eval: e=0.0092  p=[0.603 0.387 0.478 0.072 0.614 1.000 0.407 0.731]
   371          571       0.00919368         reflect
  eval: e=0.0092  p=[0.602 0.388 0.478 0.073 0.613 1.000 0.407 0.732]
  eval: e=0.0092  p=[0.602 0.388 0.478 0.073 0.613 1.000 0.407 0.732]
   372          573       0.00919363         reflect
  eval: e=0.0092  p=[0.603 0.387 0.478 0.072 0.613 1.000 0.407 0.731]
  eval: e=0.0092  p=[0.605 0.386 0.478 0.071 0.613 1.000 0.408 0.731]
   373          575       0.00919309         expand
  eval: e=0.0092  p=[0.605 0.386 0.478 0.071 0.613 1.000 0.408 0.731]
   374          576       0.00919309         reflect
  eval: e=0.0092  p=[0.604 0.387 0.478 0.072 0.613 1.000 0.408 0.731]
   375          577       0.00919309         reflect
  eval: e=0.0092  p=[0.603 0.387 0.478 0.072 0.612 1.000 0.408 0.732]
   376          578       0.00919309         reflect
  eval: e=0.0092  p=[0.603 0.387 0.478 0.072 0.613 1.000 0.407 0.732]
  eval: e=0.0092  p=[0.603 0.387 0.478 0.072 0.613 1.000 0.407 0.732]
   377          580        0.0091919         expand
  eval: e=0.0092  p=[0.604 0.387 0.478 0.072 0.613 1.000 0.407 0.731]
   378          581        0.0091919         reflect
  eval: e=0.0092  p=[0.601 0.388 0.478 0.073 0.613 1.000 0.407 0.732]
  eval: e=0.0092  p=[0.604 0.387 0.478 0.072 0.613 1.000 0.407 0.731]
   379          583        0.0091919         contract inside
  eval: e=0.0092  p=[0.606 0.386 0.477 0.071 0.613 1.000 0.408 0.731]
   380          584        0.0091919         reflect
  eval: e=0.0092  p=[0.605 0.386 0.478 0.071 0.614 1.000 0.407 0.731]
   381          585        0.0091919         reflect
  eval: e=0.0092  p=[0.606 0.386 0.477 0.071 0.614 1.000 0.408 0.731]
  eval: e=0.0092  p=[0.608 0.385 0.477 0.070 0.614 1.000 0.408 0.730]
   382          587       0.00919116         expand
  eval: e=0.0092  p=[0.608 0.385 0.477 0.070 0.613 1.000 0.408 0.731]
   383          588       0.00919116         reflect
  eval: e=0.0092  p=[0.607 0.386 0.477 0.070 0.614 1.000 0.408 0.731]
  eval: e=0.0092  p=[0.608 0.385 0.477 0.070 0.614 1.000 0.408 0.730]
   384          590       0.00919086         reflect
  eval: e=0.0092  p=[0.607 0.386 0.477 0.070 0.614 1.000 0.408 0.730]
  eval: e=0.0092  p=[0.605 0.386 0.478 0.071 0.613 1.000 0.408 0.731]
   385          592       0.00919086         contract inside
  eval: e=0.0092  p=[0.607 0.386 0.477 0.070 0.613 1.000 0.408 0.731]
  eval: e=0.0092  p=[0.605 0.386 0.477 0.071 0.613 1.000 0.408 0.731]
   386          594       0.00919086         contract inside
  eval: e=0.0092  p=[0.607 0.386 0.477 0.070 0.613 1.000 0.408 0.731]
   387          595       0.00919086         reflect
  eval: e=0.0092  p=[0.608 0.385 0.477 0.070 0.613 1.000 0.409 0.731]
   388          596       0.00919086         reflect
  eval: e=0.0092  p=[0.607 0.386 0.477 0.070 0.613 1.000 0.408 0.731]
  eval: e=0.0092  p=[0.607 0.386 0.477 0.070 0.613 1.000 0.408 0.731]
   389          598       0.00918964         expand
  eval: e=0.0092  p=[0.608 0.385 0.477 0.070 0.613 1.000 0.408 0.730]
   390          599       0.00918964         reflect
  eval: e=0.0092  p=[0.609 0.385 0.476 0.069 0.613 1.000 0.409 0.731]
  eval: e=0.0092  p=[0.611 0.385 0.476 0.069 0.613 1.000 0.409 0.730]
   391          601       0.00918812         expand
  eval: e=0.0092  p=[0.607 0.386 0.477 0.070 0.613 1.000 0.408 0.731]
   392          602       0.00918812         reflect
  eval: e=0.0092  p=[0.613 0.384 0.476 0.068 0.614 1.000 0.409 0.729]
   393          603       0.00918812         reflect
  eval: e=0.0092  p=[0.609 0.386 0.476 0.070 0.614 1.000 0.408 0.730]
   394          604       0.00918812         reflect
  eval: e=0.0092  p=[0.611 0.385 0.476 0.069 0.614 1.000 0.408 0.730]
   395          605       0.00918812         reflect
  eval: e=0.0092  p=[0.610 0.386 0.476 0.069 0.613 1.000 0.409 0.730]
  eval: e=0.0092  p=[0.611 0.386 0.475 0.069 0.613 1.000 0.409 0.730]
   396          607       0.00918503         expand
  eval: e=0.0092  p=[0.612 0.385 0.475 0.068 0.613 1.000 0.409 0.730]
   397          608       0.00918503         reflect
  eval: e=0.0092  p=[0.606 0.387 0.477 0.071 0.613 1.000 0.408 0.731]
   398          609       0.00918503         reflect
  eval: e=0.0092  p=[0.610 0.386 0.476 0.069 0.613 1.000 0.408 0.730]
   399          610       0.00918503         reflect
  eval: e=0.0092  p=[0.612 0.386 0.475 0.068 0.613 1.000 0.409 0.730]
  eval: e=0.0092  p=[0.614 0.385 0.474 0.067 0.613 1.000 0.409 0.730]
   400          612       0.00918437         reflect
  eval: e=0.0092  p=[0.614 0.385 0.475 0.068 0.613 1.000 0.409 0.730]
  eval: e=0.0092  p=[0.617 0.384 0.474 0.066 0.614 1.000 0.410 0.729]
   401          614        0.0091827         expand
  eval: e=0.0092  p=[0.611 0.386 0.475 0.069 0.612 1.000 0.409 0.731]
   402          615        0.0091827         reflect
  eval: e=0.0092  p=[0.614 0.386 0.474 0.068 0.612 1.000 0.409 0.730]
  eval: e=0.0092  p=[0.616 0.386 0.473 0.067 0.612 1.000 0.410 0.730]
   403          617       0.00917919         expand
  eval: e=0.0092  p=[0.613 0.387 0.474 0.068 0.613 1.000 0.409 0.730]
   404          618       0.00917919         reflect
  eval: e=0.0092  p=[0.619 0.384 0.473 0.065 0.613 1.000 0.411 0.729]
   405          619       0.00917919         reflect
  eval: e=0.0092  p=[0.615 0.386 0.474 0.067 0.612 1.000 0.409 0.730]
  eval: e=0.0092  p=[0.617 0.386 0.473 0.067 0.612 1.000 0.410 0.730]
   406          621       0.00917541         expand
  eval: e=0.0092  p=[0.619 0.385 0.473 0.066 0.612 1.000 0.411 0.729]
   407          622       0.00917541         reflect
  eval: e=0.0092  p=[0.620 0.385 0.472 0.065 0.612 1.000 0.410 0.729]
  eval: e=0.0092  p=[0.625 0.385 0.471 0.063 0.612 1.000 0.411 0.729]
   408          624       0.00917136         expand
  eval: e=0.0092  p=[0.622 0.385 0.471 0.064 0.612 1.000 0.411 0.729]
   409          625       0.00917136         reflect
  eval: e=0.0092  p=[0.626 0.384 0.471 0.063 0.613 1.000 0.411 0.728]
   410          626       0.00917136         reflect
  eval: e=0.0092  p=[0.623 0.386 0.471 0.065 0.611 1.000 0.411 0.730]
  eval: e=0.0092  p=[0.625 0.387 0.469 0.064 0.609 1.000 0.412 0.730]
   411          628       0.00916848         expand
  eval: e=0.0092  p=[0.622 0.387 0.471 0.065 0.611 1.000 0.411 0.730]
  eval: e=0.0092  p=[0.623 0.389 0.470 0.065 0.610 1.000 0.411 0.730]
   412          630       0.00916385         expand
  eval: e=0.0092  p=[0.630 0.385 0.468 0.062 0.610 1.000 0.413 0.729]
   413          631       0.00916385         reflect
  eval: e=0.0092  p=[0.630 0.386 0.468 0.062 0.611 1.000 0.412 0.729]
  eval: e=0.0092  p=[0.637 0.386 0.465 0.059 0.610 1.000 0.414 0.728]
   414          633         0.009155         expand
  eval: e=0.0092  p=[0.632 0.387 0.467 0.061 0.610 1.000 0.413 0.729]
   415          634         0.009155         reflect
  eval: e=0.0092  p=[0.639 0.386 0.465 0.059 0.609 1.000 0.414 0.728]
   416          635         0.009155         reflect
  eval: e=0.0092  p=[0.637 0.387 0.465 0.060 0.609 1.000 0.414 0.729]
   417          636         0.009155         reflect
  eval: e=0.0092  p=[0.636 0.388 0.464 0.060 0.607 1.000 0.414 0.730]
  eval: e=0.0092  p=[0.641 0.390 0.461 0.059 0.605 1.000 0.415 0.731]
   418          638       0.00915264         reflect
  eval: e=0.0091  p=[0.640 0.389 0.463 0.059 0.607 1.000 0.414 0.729]
  eval: e=0.0092  p=[0.648 0.391 0.459 0.057 0.604 1.000 0.416 0.730]
   419          640       0.00914964         reflect
  eval: e=0.0091  p=[0.643 0.387 0.463 0.057 0.609 1.000 0.414 0.728]
   420          641       0.00914964         reflect
  eval: e=0.0091  p=[0.642 0.389 0.462 0.059 0.607 1.000 0.414 0.729]
   421          642       0.00914964         reflect
  eval: e=0.0091  p=[0.654 0.386 0.459 0.053 0.607 1.000 0.417 0.727]
  eval: e=0.0091  p=[0.670 0.385 0.453 0.047 0.606 1.000 0.420 0.725]
   422          644       0.00913459         expand
  eval: e=0.0091  p=[0.654 0.387 0.458 0.054 0.606 1.000 0.417 0.727]
   423          645       0.00913459         reflect
  eval: e=0.0093  p=[0.651 0.389 0.459 0.055 0.606 1.000 0.416 0.728]
  eval: e=0.0092  p=[0.642 0.386 0.463 0.058 0.608 1.000 0.415 0.728]
   424          647       0.00913459         contract inside
  eval: e=0.0091  p=[0.654 0.388 0.458 0.054 0.606 1.000 0.417 0.727]
   425          648       0.00913459         reflect
  eval: e=0.0091  p=[0.658 0.389 0.456 0.053 0.604 1.000 0.418 0.728]
   426          649       0.00913459         reflect
  eval: e=0.0091  p=[0.664 0.387 0.455 0.050 0.606 1.000 0.418 0.726]
  eval: e=0.0091  p=[0.678 0.386 0.450 0.044 0.606 1.000 0.421 0.724]
   427          651       0.00912934         expand
  eval: e=0.0091  p=[0.668 0.389 0.452 0.049 0.604 1.000 0.419 0.726]
   428          652       0.00912934         reflect
  eval: e=0.0091  p=[0.674 0.386 0.451 0.046 0.604 1.000 0.421 0.725]
  eval: e=0.0091  p=[0.690 0.384 0.446 0.039 0.603 1.000 0.425 0.723]
   429          654       0.00912299         expand
  eval: e=0.0091  p=[0.685 0.387 0.446 0.042 0.602 1.000 0.423 0.725]
  eval: e=0.0091  p=[0.706 0.387 0.438 0.035 0.598 1.000 0.428 0.723]
   430          656       0.00910459         expand
  eval: e=0.0091  p=[0.704 0.385 0.440 0.034 0.602 1.000 0.426 0.722]
   431          657       0.00910459         reflect
  eval: e=0.0091  p=[0.703 0.386 0.440 0.035 0.601 1.000 0.426 0.722]
   432          658       0.00910459         reflect
  eval: e=0.0091  p=[0.698 0.383 0.443 0.036 0.602 1.000 0.426 0.722]
   433          659       0.00910459         reflect
  eval: e=0.0091  p=[0.722 0.383 0.433 0.027 0.599 1.000 0.431 0.720]
  eval: e=0.0091  p=[0.757 0.381 0.421 0.014 0.595 1.000 0.437 0.716]
   434          661        0.0091043         reflect
  eval: e=0.0091  p=[0.735 0.381 0.430 0.021 0.600 1.000 0.433 0.717]
   435          662        0.0091043         reflect
  eval: e=0.0091  p=[0.740 0.384 0.427 0.021 0.597 1.000 0.434 0.719]
  eval: e=0.0091  p=[0.775 0.383 0.413 0.008 0.592 1.000 0.441 0.715]
   436          664       0.00909207         expand
  eval: e=0.0091  p=[0.755 0.381 0.421 0.015 0.593 1.000 0.438 0.718]
   437          665       0.00909207         reflect
  eval: e=0.0091  p=[0.759 0.384 0.419 0.014 0.594 1.000 0.438 0.717]
  eval: e=0.0091  p=[0.794 0.384 0.406 0.001 0.590 1.000 0.444 0.714]
   438          667       0.00908526         reflect
  eval: e=0.0091  p=[0.767 0.384 0.416 0.011 0.593 1.000 0.439 0.716]
  eval: e=0.0351  p=[0.802 0.384 0.402 0.000 0.588 1.000 0.446 0.713]
   439          669       0.00908166         reflect
  eval: e=0.0091  p=[0.738 0.388 0.425 0.023 0.593 1.000 0.434 0.721]
  eval: e=0.0091  p=[0.739 0.391 0.423 0.024 0.590 1.000 0.434 0.723]
   440          671       0.00905621         expand
  eval: e=0.0091  p=[0.777 0.385 0.411 0.008 0.589 1.000 0.442 0.717]
   441          672       0.00905621         reflect
  eval: e=0.0091  p=[0.797 0.384 0.404 0.000 0.586 1.000 0.446 0.715]
   442          673       0.00905621         reflect
  eval: e=0.6414  p=[0.817 0.382 0.397 0.000 0.586 1.000 0.449 0.712]
  eval: e=0.0091  p=[0.733 0.386 0.428 0.024 0.595 1.000 0.433 0.721]
   443          675       0.00905621         contract inside
  eval: e=0.0273  p=[0.803 0.386 0.400 0.000 0.584 1.000 0.447 0.716]
  eval: e=0.0091  p=[0.743 0.384 0.425 0.020 0.595 1.000 0.435 0.719]
   444          677       0.00905621         contract inside
  eval: e=0.0090  p=[0.768 0.388 0.414 0.012 0.590 1.000 0.439 0.718]
  eval: e=0.0090  p=[0.774 0.392 0.410 0.011 0.588 1.000 0.439 0.718]
   445          679       0.00903028         expand
  eval: e=0.0091  p=[0.748 0.389 0.421 0.020 0.590 1.000 0.436 0.721]
   446          680       0.00903028         reflect
  eval: e=0.0090  p=[0.781 0.389 0.408 0.008 0.586 1.000 0.442 0.718]
   447          681       0.00903028         reflect
  eval: e=0.0090  p=[0.770 0.391 0.411 0.013 0.585 1.000 0.440 0.721]
  eval: e=0.0090  p=[0.775 0.395 0.407 0.012 0.581 1.000 0.442 0.722]
   448          683       0.00900656         expand
  eval: e=0.0101  p=[0.806 0.392 0.397 0.000 0.581 1.000 0.447 0.717]
  eval: e=0.0091  p=[0.752 0.387 0.420 0.018 0.591 1.000 0.437 0.720]
   449          685       0.00900656         contract inside
  eval: e=0.0090  p=[0.769 0.394 0.410 0.014 0.583 1.000 0.440 0.722]
   450          686       0.00900656         reflect
  eval: e=0.0091  p=[0.732 0.397 0.424 0.029 0.589 1.000 0.432 0.725]
   451          687       0.00900656         reflect
  eval: e=0.0090  p=[0.740 0.399 0.420 0.026 0.586 1.000 0.433 0.726]
   452          688       0.00900656         reflect
  eval: e=0.0090  p=[0.763 0.400 0.410 0.018 0.582 1.000 0.438 0.724]
  eval: e=0.0090  p=[0.768 0.406 0.406 0.018 0.577 1.000 0.439 0.727]
   453          690       0.00897847         expand
  eval: e=0.0090  p=[0.771 0.402 0.406 0.016 0.580 1.000 0.440 0.724]
   454          691       0.00897847         reflect
  eval: e=0.0090  p=[0.788 0.402 0.399 0.010 0.577 1.000 0.443 0.723]
  eval: e=0.0089  p=[0.813 0.408 0.388 0.003 0.571 1.000 0.447 0.723]
   455          693       0.00893622         expand
  eval: e=0.0256  p=[0.816 0.399 0.390 0.000 0.575 1.000 0.449 0.720]
  eval: e=0.0090  p=[0.753 0.398 0.415 0.021 0.585 1.000 0.436 0.724]
   456          695       0.00893622         contract inside
  eval: e=0.0101  p=[0.811 0.397 0.393 0.000 0.577 1.000 0.448 0.719]
  eval: e=0.0090  p=[0.758 0.398 0.413 0.020 0.584 1.000 0.437 0.724]
   457          697       0.00893622         contract inside
  eval: e=0.0090  p=[0.764 0.409 0.406 0.021 0.576 1.000 0.438 0.728]
  eval: e=0.0090  p=[0.777 0.394 0.407 0.011 0.584 1.000 0.441 0.721]
   458          699       0.00893622         contract inside
  eval: e=0.0090  p=[0.772 0.407 0.403 0.018 0.573 1.000 0.441 0.728]
   459          700       0.00893622         reflect
  eval: e=0.0089  p=[0.798 0.404 0.395 0.007 0.573 1.000 0.446 0.724]
   460          701       0.00893622         reflect
  eval: e=0.0091  p=[0.789 0.409 0.396 0.012 0.573 1.000 0.443 0.726]
  eval: e=0.0090  p=[0.774 0.398 0.406 0.014 0.580 1.000 0.441 0.723]
   461          703       0.00893622         contract inside
  eval: e=0.0089  p=[0.804 0.405 0.391 0.005 0.571 1.000 0.447 0.724]
   462          704       0.00893622         reflect
  eval: e=0.0089  p=[0.794 0.411 0.394 0.011 0.571 1.000 0.444 0.726]
  eval: e=0.0089  p=[0.804 0.419 0.387 0.010 0.566 1.000 0.445 0.728]
   463          706       0.00892287         expand
  eval: e=0.0090  p=[0.799 0.418 0.388 0.011 0.564 1.000 0.445 0.730]
  eval: e=0.0090  p=[0.782 0.400 0.402 0.011 0.579 1.000 0.442 0.723]
   464          708       0.00892287         contract inside
  eval: e=0.0090  p=[0.807 0.403 0.393 0.003 0.577 1.000 0.445 0.720]
   465          709       0.00892287         reflect
  eval: e=0.0090  p=[0.813 0.414 0.385 0.005 0.568 1.000 0.447 0.725]
   466          710       0.00892287         reflect
  eval: e=0.0096  p=[0.826 0.413 0.380 0.000 0.566 1.000 0.450 0.724]
  eval: e=0.0090  p=[0.785 0.405 0.400 0.012 0.576 1.000 0.442 0.724]
   467          712       0.00892287         contract inside
  eval: e=0.2289  p=[0.834 0.408 0.379 0.000 0.568 1.000 0.451 0.721]
  eval: e=0.0090  p=[0.784 0.406 0.399 0.013 0.575 1.000 0.442 0.725]
   468          714       0.00892287         contract inside
  eval: e=0.0089  p=[0.820 0.416 0.382 0.003 0.565 1.000 0.448 0.726]
   469          715       0.00892287         reflect
  eval: e=0.0090  p=[0.791 0.403 0.398 0.009 0.576 1.000 0.444 0.724]
   470          716       0.00892287         reflect
  eval: e=0.0089  p=[0.820 0.411 0.383 0.001 0.567 1.000 0.449 0.724]
  eval: e=0.1539  p=[0.838 0.415 0.375 0.000 0.563 1.000 0.452 0.724]
   471          718       0.00890915         reflect
  eval: e=0.0090  p=[0.822 0.415 0.381 0.002 0.566 1.000 0.448 0.725]
   472          719       0.00890915         reflect
  eval: e=0.0090  p=[0.810 0.418 0.384 0.008 0.562 1.000 0.447 0.729]
  eval: e=0.0089  p=[0.808 0.407 0.390 0.004 0.573 1.000 0.446 0.723]
   473          721       0.00890915         contract inside
  eval: e=0.0090  p=[0.791 0.404 0.398 0.009 0.575 1.000 0.444 0.724]
   474          722       0.00890915         reflect
  eval: e=0.0512  p=[0.830 0.412 0.379 0.000 0.565 1.000 0.451 0.724]
  eval: e=0.0089  p=[0.796 0.408 0.394 0.009 0.573 1.000 0.444 0.725]
   475          724       0.00890915         contract inside
  eval: e=0.0090  p=[0.825 0.416 0.380 0.001 0.565 1.000 0.449 0.725]
  eval: e=0.0089  p=[0.799 0.407 0.393 0.007 0.572 1.000 0.445 0.724]
   476          726       0.00890915         contract inside
  eval: e=0.0090  p=[0.791 0.401 0.398 0.009 0.576 1.000 0.444 0.723]
  eval: e=0.0089  p=[0.813 0.412 0.386 0.004 0.568 1.000 0.447 0.725]
   477          728       0.00890915         contract inside
  eval: e=0.0089  p=[0.817 0.415 0.384 0.004 0.567 1.000 0.447 0.725]
   478          729       0.00890915         reflect
  eval: e=0.0089  p=[0.813 0.417 0.385 0.006 0.569 1.000 0.445 0.725]
  eval: e=0.0089  p=[0.807 0.408 0.390 0.005 0.570 1.000 0.447 0.724]
   479          731       0.00890915         contract inside
  eval: e=0.0089  p=[0.802 0.414 0.389 0.009 0.568 1.000 0.445 0.727]
   480          732       0.00890915         reflect
  eval: e=0.0089  p=[0.822 0.415 0.381 0.002 0.566 1.000 0.448 0.725]
   481          733       0.00890915         reflect
  eval: e=0.0089  p=[0.824 0.419 0.379 0.003 0.564 1.000 0.448 0.726]
   482          734       0.00890915         reflect
  eval: e=0.0089  p=[0.819 0.421 0.379 0.005 0.561 1.000 0.448 0.728]
   483          735       0.00890915         reflect
  eval: e=0.0089  p=[0.816 0.418 0.382 0.005 0.564 1.000 0.447 0.727]
   484          736       0.00890915         reflect
  eval: e=0.0089  p=[0.803 0.412 0.389 0.008 0.568 1.000 0.446 0.726]
   485          737       0.00890915         reflect
  eval: e=0.0089  p=[0.819 0.424 0.379 0.006 0.562 1.000 0.447 0.728]
  eval: e=0.0089  p=[0.810 0.412 0.387 0.005 0.568 1.000 0.447 0.725]
   486          739       0.00890915         contract inside
  eval: e=0.0089  p=[0.804 0.408 0.391 0.006 0.573 1.000 0.445 0.723]
  eval: e=0.0089  p=[0.816 0.418 0.382 0.005 0.564 1.000 0.447 0.727]
   487          741       0.00890915         contract inside
  eval: e=0.0089  p=[0.822 0.410 0.383 0.000 0.567 1.000 0.449 0.724]
   488          742       0.00890915         reflect
  eval: e=0.0089  p=[0.811 0.412 0.386 0.005 0.566 1.000 0.448 0.726]
   489          743       0.00890915         reflect
  eval: e=0.0089  p=[0.827 0.416 0.379 0.001 0.564 1.000 0.449 0.725]
   490          744       0.00890915         reflect
  eval: e=0.0547  p=[0.833 0.415 0.377 0.000 0.564 1.000 0.451 0.724]
  eval: e=0.0089  p=[0.810 0.414 0.386 0.006 0.567 1.000 0.447 0.726]
   491          746       0.00890915         contract inside
  eval: e=0.0089  p=[0.826 0.417 0.379 0.001 0.563 1.000 0.449 0.726]
  eval: e=0.0162  p=[0.834 0.420 0.374 0.000 0.561 1.000 0.451 0.726]
   492          748       0.00890683         reflect
  eval: e=0.0089  p=[0.823 0.411 0.382 0.000 0.567 1.000 0.449 0.724]
   493          749       0.00890683         reflect
  eval: e=0.0214  p=[0.824 0.408 0.383 0.000 0.567 1.000 0.450 0.723]
  eval: e=0.0089  p=[0.818 0.416 0.382 0.004 0.565 1.000 0.448 0.726]
   494          751       0.00890683         contract inside
  eval: e=0.0224  p=[0.831 0.415 0.378 0.000 0.566 1.000 0.449 0.724]
  eval: e=0.0089  p=[0.816 0.413 0.384 0.004 0.566 1.000 0.448 0.726]
   495          753       0.00890683         contract inside
  eval: e=0.0763  p=[0.833 0.414 0.377 0.000 0.564 1.000 0.451 0.724]
  eval: e=0.0089  p=[0.816 0.414 0.384 0.004 0.566 1.000 0.448 0.725]
   496          755       0.00890683         contract inside
  eval: e=0.0089  p=[0.819 0.418 0.381 0.004 0.564 1.000 0.448 0.727]
  eval: e=0.0089  p=[0.822 0.412 0.382 0.001 0.566 1.000 0.449 0.724]
   497          757       0.00890683         contract inside
  eval: e=0.0089  p=[0.820 0.412 0.383 0.002 0.566 1.000 0.449 0.725]
  eval: e=0.0089  p=[0.820 0.411 0.383 0.001 0.566 1.000 0.449 0.725]
   498          759       0.00890658         reflect
  eval: e=0.0089  p=[0.819 0.418 0.381 0.004 0.564 1.000 0.448 0.727]
   499          760       0.00890658         reflect
  eval: e=0.0089  p=[0.813 0.412 0.385 0.004 0.567 1.000 0.448 0.726]
   500          761       0.00890658         reflect
  eval: e=0.0089  p=[0.817 0.417 0.382 0.004 0.564 1.000 0.448 0.727]
  eval: e=0.0089  p=[0.816 0.420 0.381 0.006 0.562 1.000 0.448 0.728]
   501          763       0.00890602         reflect
  eval: e=0.0089  p=[0.826 0.417 0.379 0.001 0.563 1.000 0.449 0.726]
  eval: e=0.0089  p=[0.816 0.414 0.384 0.004 0.566 1.000 0.448 0.726]
   502          765       0.00890602         contract inside
  eval: e=0.0089  p=[0.823 0.416 0.380 0.002 0.564 1.000 0.449 0.726]
  eval: e=0.0089  p=[0.826 0.417 0.378 0.001 0.562 1.000 0.450 0.726]
   503          767       0.00890384         expand
  eval: e=0.0089  p=[0.821 0.412 0.382 0.001 0.566 1.000 0.449 0.725]
   504          768       0.00890384         reflect
  eval: e=0.0089  p=[0.818 0.417 0.381 0.004 0.563 1.000 0.448 0.727]
  eval: e=0.0089  p=[0.817 0.419 0.381 0.006 0.562 1.000 0.448 0.728]
   505          770       0.00890382         reflect
  eval: e=0.0089  p=[0.822 0.414 0.381 0.002 0.564 1.000 0.450 0.726]
   506          771       0.00890382         reflect
  eval: e=0.0089  p=[0.826 0.417 0.378 0.001 0.562 1.000 0.450 0.726]
   507          772       0.00890382         reflect
  eval: e=0.0089  p=[0.816 0.413 0.384 0.004 0.565 1.000 0.449 0.726]
  eval: e=0.0089  p=[0.824 0.416 0.380 0.002 0.564 1.000 0.449 0.726]
   508          774       0.00890382         contract inside
  eval: e=0.0089  p=[0.823 0.419 0.379 0.003 0.562 1.000 0.449 0.727]
   509          775       0.00890382         reflect
  eval: e=0.0089  p=[0.822 0.421 0.379 0.004 0.561 1.000 0.449 0.728]
  eval: e=0.0089  p=[0.821 0.414 0.381 0.002 0.565 1.000 0.449 0.726]
   510          777       0.00890382         contract inside
  eval: e=0.0089  p=[0.820 0.413 0.382 0.002 0.566 1.000 0.449 0.725]
   511          778       0.00890382         reflect
  eval: e=0.0089  p=[0.828 0.418 0.377 0.001 0.561 1.000 0.450 0.727]
   512          779       0.00890382         reflect
  eval: e=0.0157  p=[0.829 0.414 0.378 0.000 0.563 1.000 0.451 0.725]
  eval: e=0.0089  p=[0.820 0.416 0.381 0.003 0.564 1.000 0.449 0.727]
   513          781       0.00890382         contract inside
  eval: e=0.0089  p=[0.826 0.420 0.377 0.002 0.561 1.000 0.450 0.727]
  eval: e=0.0089  p=[0.822 0.414 0.381 0.002 0.564 1.000 0.449 0.726]
   514          783       0.00890382         contract inside
  eval: e=0.0089  p=[0.817 0.414 0.383 0.003 0.566 1.000 0.448 0.726]
  eval: e=0.0089  p=[0.820 0.415 0.382 0.003 0.565 1.000 0.449 0.726]
   515          785       0.00890382         contract outside
  eval: e=0.0089  p=[0.822 0.418 0.380 0.003 0.563 1.000 0.448 0.726]
  eval: e=0.0089  p=[0.822 0.415 0.381 0.002 0.564 1.000 0.449 0.726]
   516          787       0.00890364         contract inside
  eval: e=0.0089  p=[0.821 0.415 0.381 0.003 0.563 1.000 0.449 0.726]
  eval: e=0.0089  p=[0.819 0.415 0.382 0.003 0.563 1.000 0.449 0.727]
   517          789       0.00890343         reflect
  eval: e=0.0089  p=[0.824 0.415 0.380 0.001 0.564 1.000 0.450 0.726]
  eval: e=0.0089  p=[0.826 0.414 0.380 0.000 0.564 1.000 0.450 0.725]
   518          791       0.00890287         reflect
  eval: e=0.0089  p=[0.823 0.417 0.379 0.002 0.562 1.000 0.449 0.727]
   519          792       0.00890287         reflect
  eval: e=0.0089  p=[0.818 0.414 0.382 0.003 0.564 1.000 0.449 0.726]
  eval: e=0.0089  p=[0.824 0.416 0.379 0.002 0.563 1.000 0.449 0.726]
   520          794       0.00890287         contract inside
  eval: e=0.0089  p=[0.823 0.418 0.379 0.003 0.562 1.000 0.449 0.727]
   521          795       0.00890287         reflect
  eval: e=0.0089  p=[0.826 0.418 0.378 0.002 0.561 1.000 0.450 0.727]
  eval: e=0.0089  p=[0.821 0.416 0.381 0.003 0.564 1.000 0.449 0.726]
   522          797       0.00890287         contract inside
  eval: e=0.0089  p=[0.818 0.415 0.382 0.004 0.564 1.000 0.449 0.727]
   523          798       0.00890287         reflect
  eval: e=0.0089  p=[0.826 0.415 0.379 0.001 0.563 1.000 0.450 0.726]
   524          799       0.00890287         reflect
  eval: e=0.0089  p=[0.828 0.416 0.378 0.000 0.562 1.000 0.450 0.726]
  eval: e=0.0089  p=[0.820 0.416 0.381 0.003 0.564 1.000 0.449 0.726]
   525          801       0.00890287         contract inside
  eval: e=0.0089  p=[0.823 0.417 0.380 0.002 0.563 1.000 0.449 0.727]
  eval: e=0.0089  p=[0.824 0.418 0.379 0.002 0.562 1.000 0.449 0.727]
   526          803       0.00890264         reflect
  eval: e=0.0089  p=[0.826 0.417 0.379 0.001 0.563 1.000 0.450 0.726]
   527          804       0.00890264         reflect
  eval: e=0.0089  p=[0.823 0.415 0.380 0.001 0.564 1.000 0.450 0.726]
   528          805       0.00890264         reflect
  eval: e=0.0089  p=[0.826 0.416 0.379 0.001 0.562 1.000 0.450 0.726]
  eval: e=0.0089  p=[0.828 0.417 0.378 0.000 0.562 1.000 0.451 0.726]
   529          807       0.00890242         reflect
  eval: e=0.0089  p=[0.825 0.414 0.380 0.001 0.564 1.000 0.450 0.725]
  eval: e=0.0089  p=[0.823 0.417 0.379 0.002 0.563 1.000 0.449 0.727]
   530          809       0.00890242         contract inside
  eval: e=0.0089  p=[0.828 0.416 0.378 0.000 0.562 1.000 0.450 0.726]
   531          810       0.00890242         reflect
  eval: e=0.0089  p=[0.826 0.415 0.379 0.001 0.563 1.000 0.450 0.726]
  eval: e=0.0089  p=[0.827 0.415 0.379 0.000 0.563 1.000 0.450 0.726]
   532          812       0.00890229         expand
  eval: e=0.0089  p=[0.825 0.417 0.379 0.002 0.562 1.000 0.450 0.726]
   533          813       0.00890229         reflect
  eval: e=0.0089  p=[0.827 0.418 0.378 0.001 0.562 1.000 0.450 0.727]
  eval: e=0.0089  p=[0.826 0.417 0.378 0.001 0.562 1.000 0.450 0.726]
   534          815       0.00890229         contract outside
  eval: e=0.0089  p=[0.827 0.418 0.378 0.001 0.561 1.000 0.450 0.727]
  eval: e=0.0089  p=[0.825 0.416 0.379 0.001 0.563 1.000 0.450 0.726]
   535          817       0.00890229         contract inside
  eval: e=0.0089  p=[0.828 0.416 0.378 0.000 0.562 1.000 0.450 0.726]
  eval: e=0.0129  p=[0.830 0.416 0.377 0.000 0.562 1.000 0.451 0.725]
   536          819       0.00890193         reflect
  eval: e=0.0089  p=[0.823 0.416 0.380 0.002 0.563 1.000 0.449 0.727]
   537          820       0.00890193         reflect
  eval: e=0.0089  p=[0.825 0.416 0.379 0.001 0.563 1.000 0.450 0.726]
  eval: e=0.0089  p=[0.824 0.415 0.379 0.001 0.562 1.000 0.450 0.726]
   538          822       0.00890182         reflect
  eval: e=0.0089  p=[0.828 0.415 0.378 0.000 0.563 1.000 0.451 0.726]
   539          823       0.00890182         reflect
  eval: e=0.0089  p=[0.825 0.415 0.379 0.001 0.563 1.000 0.450 0.726]
   540          824       0.00890182         reflect
  eval: e=0.0089  p=[0.825 0.415 0.379 0.001 0.563 1.000 0.450 0.726]
  eval: e=0.0089  p=[0.825 0.415 0.380 0.001 0.563 1.000 0.450 0.726]
   541          826       0.00890118         expand
  eval: e=0.0089  p=[0.827 0.414 0.379 0.000 0.563 1.000 0.451 0.725]
  eval: e=0.0089  p=[0.825 0.416 0.379 0.001 0.563 1.000 0.450 0.726]
   542          828       0.00890118         contract inside
  eval: e=0.0089  p=[0.827 0.415 0.379 0.001 0.562 1.000 0.450 0.726]
   543          829       0.00890118         reflect
  eval: e=0.0089  p=[0.824 0.416 0.379 0.002 0.563 1.000 0.450 0.726]
   544          830       0.00890118         reflect
  eval: e=0.0106  p=[0.829 0.415 0.378 0.000 0.563 1.000 0.451 0.725]
  eval: e=0.0089  p=[0.824 0.416 0.379 0.002 0.563 1.000 0.450 0.726]
   545          832       0.00890118         contract inside
  eval: e=0.0089  p=[0.826 0.416 0.378 0.001 0.562 1.000 0.450 0.726]
   546          833       0.00890118         reflect
  eval: e=0.0089  p=[0.823 0.416 0.380 0.002 0.563 1.000 0.449 0.726]
  eval: e=0.0089  p=[0.821 0.417 0.380 0.003 0.563 1.000 0.449 0.727]
   547          835       0.00890117         reflect
  eval: e=0.0089  p=[0.822 0.416 0.380 0.002 0.563 1.000 0.449 0.727]
   548          836       0.00890117         reflect
  eval: e=0.0089  p=[0.824 0.416 0.379 0.002 0.563 1.000 0.450 0.726]
  eval: e=0.0089  p=[0.824 0.416 0.379 0.002 0.563 1.000 0.450 0.726]
   549          838       0.00890011         expand
  eval: e=0.0089  p=[0.824 0.416 0.380 0.002 0.563 1.000 0.450 0.726]
   550          839       0.00890011         reflect
  eval: e=0.0089  p=[0.824 0.416 0.379 0.001 0.563 1.000 0.450 0.726]
  eval: e=0.0089  p=[0.825 0.416 0.379 0.001 0.563 1.000 0.450 0.726]
   551          841       0.00889913         expand
  eval: e=0.0089  p=[0.824 0.415 0.380 0.001 0.563 1.000 0.450 0.726]
   552          842       0.00889913         reflect
  eval: e=0.0089  p=[0.827 0.416 0.378 0.000 0.563 1.000 0.450 0.726]
   553          843       0.00889913         reflect
  eval: e=0.0089  p=[0.823 0.415 0.380 0.001 0.563 1.000 0.450 0.726]
   554          844       0.00889913         reflect
  eval: e=0.0089  p=[0.822 0.416 0.380 0.002 0.563 1.000 0.449 0.726]
   555          845       0.00889913         reflect
  eval: e=0.0089  p=[0.824 0.417 0.379 0.002 0.563 1.000 0.449 0.726]
  eval: e=0.0089  p=[0.823 0.418 0.379 0.003 0.562 1.000 0.449 0.727]
   556          847       0.00889869         expand
  eval: e=0.0089  p=[0.825 0.415 0.379 0.001 0.563 1.000 0.450 0.726]
  eval: e=0.0089  p=[0.826 0.415 0.379 0.001 0.563 1.000 0.450 0.725]
   557          849       0.00889865         reflect
  eval: e=0.0089  p=[0.825 0.416 0.379 0.001 0.563 1.000 0.450 0.726]
   558          850       0.00889865         reflect
  eval: e=0.0089  p=[0.824 0.416 0.379 0.002 0.563 1.000 0.449 0.726]
   559          851       0.00889865         reflect
  eval: e=0.0089  p=[0.825 0.416 0.379 0.001 0.563 1.000 0.450 0.726]
  eval: e=0.0089  p=[0.825 0.415 0.379 0.001 0.563 1.000 0.450 0.726]
   560          853       0.00889769         reflect
  eval: e=0.0089  p=[0.825 0.417 0.379 0.002 0.562 1.000 0.450 0.726]
  eval: e=0.0089  p=[0.824 0.415 0.380 0.002 0.563 1.000 0.450 0.726]
   561          855       0.00889769         contract inside
  eval: e=0.0089  p=[0.825 0.415 0.379 0.001 0.563 1.000 0.450 0.726]
   562          856       0.00889769         reflect
  eval: e=0.0089  p=[0.821 0.416 0.381 0.003 0.563 1.000 0.449 0.726]
  eval: e=0.0089  p=[0.826 0.416 0.379 0.001 0.563 1.000 0.450 0.726]
   563          858       0.00889769         contract inside
  eval: e=0.0089  p=[0.827 0.416 0.378 0.001 0.562 1.000 0.450 0.726]
  eval: e=0.0089  p=[0.829 0.416 0.378 0.000 0.562 1.000 0.451 0.726]
   564          860       0.00889696         expand
  eval: e=0.0089  p=[0.825 0.417 0.379 0.001 0.563 1.000 0.450 0.726]
   565          861       0.00889696         reflect
  eval: e=0.0089  p=[0.826 0.416 0.379 0.001 0.563 1.000 0.450 0.726]
  eval: e=0.0089  p=[0.825 0.416 0.379 0.001 0.563 1.000 0.450 0.726]
   566          863       0.00889696         contract inside
  eval: e=0.0089  p=[0.827 0.417 0.378 0.001 0.562 1.000 0.450 0.726]
   567          864       0.00889696         reflect
  eval: e=0.0089  p=[0.825 0.417 0.379 0.002 0.562 1.000 0.450 0.726]
  eval: e=0.0089  p=[0.826 0.416 0.379 0.001 0.563 1.000 0.450 0.726]
   568          866       0.00889696         contract inside
  eval: e=0.0089  p=[0.825 0.416 0.379 0.001 0.563 1.000 0.450 0.726]
   569          867       0.00889696         reflect
  eval: e=0.0089  p=[0.826 0.416 0.378 0.001 0.562 1.000 0.450 0.726]
   570          868       0.00889696         reflect
  eval: e=0.0122  p=[0.829 0.414 0.378 0.000 0.563 1.000 0.451 0.725]
  eval: e=0.0089  p=[0.824 0.417 0.379 0.002 0.562 1.000 0.450 0.726]
   571          870       0.00889696         contract inside
  eval: e=0.0089  p=[0.827 0.417 0.378 0.001 0.562 1.000 0.450 0.726]
   572          871       0.00889696         reflect
  eval: e=0.0089  p=[0.827 0.416 0.378 0.001 0.562 1.000 0.450 0.726]
  eval: e=0.0089  p=[0.828 0.417 0.377 0.000 0.562 1.000 0.451 0.726]
   573          873       0.00889561         expand
  eval: e=0.0089  p=[0.827 0.417 0.378 0.001 0.562 1.000 0.450 0.726]
   574          874       0.00889561         reflect
  eval: e=0.0089  p=[0.828 0.417 0.377 0.001 0.562 1.000 0.450 0.726]
   575          875       0.00889561         reflect
  eval: e=0.0092  p=[0.830 0.416 0.377 0.000 0.562 1.000 0.451 0.726]
  eval: e=0.0089  p=[0.826 0.417 0.379 0.001 0.562 1.000 0.450 0.726]
   576          877       0.00889561         contract inside
  eval: e=0.0089  p=[0.827 0.416 0.378 0.001 0.562 1.000 0.451 0.726]
   577          878       0.00889561         reflect
  eval: e=0.0089  p=[0.830 0.418 0.376 0.000 0.561 1.000 0.451 0.726]
   578          879       0.00889561         reflect
  eval: e=0.0089  p=[0.829 0.417 0.377 0.000 0.561 1.000 0.451 0.726]
  eval: e=0.0089  p=[0.831 0.418 0.376 0.000 0.561 1.000 0.451 0.726]
   579          881       0.00889471         expand
  eval: e=0.0089  p=[0.830 0.417 0.377 0.000 0.561 1.000 0.451 0.726]
  eval: e=0.0089  p=[0.827 0.417 0.378 0.001 0.562 1.000 0.450 0.726]
   580          883       0.00889471         contract inside
  eval: e=0.0103  p=[0.831 0.417 0.376 0.000 0.561 1.000 0.451 0.726]
  eval: e=0.0089  p=[0.827 0.417 0.378 0.001 0.562 1.000 0.450 0.726]
   581          885       0.00889471         contract inside
  eval: e=0.0089  p=[0.828 0.418 0.377 0.001 0.561 1.000 0.450 0.727]
   582          886       0.00889471         reflect
  eval: e=0.0089  p=[0.829 0.418 0.377 0.001 0.561 1.000 0.450 0.726]
  eval: e=0.0089  p=[0.828 0.417 0.378 0.001 0.562 1.000 0.451 0.726]
   583          888       0.00889471         contract inside
  eval: e=0.0089  p=[0.829 0.418 0.377 0.000 0.561 1.000 0.451 0.726]
   584          889       0.00889471         reflect
  eval: e=0.0089  p=[0.827 0.417 0.378 0.001 0.562 1.000 0.450 0.726]
  eval: e=0.0089  p=[0.829 0.417 0.377 0.000 0.561 1.000 0.451 0.726]
   585          891       0.00889471         contract inside
  eval: e=0.0089  p=[0.830 0.418 0.376 0.000 0.561 1.000 0.451 0.726]
  eval: e=0.0089  p=[0.831 0.418 0.376 0.000 0.560 1.000 0.451 0.726]
   586          893       0.00889412         expand
  eval: e=0.0089  p=[0.830 0.418 0.376 0.000 0.561 1.000 0.451 0.726]
   587          894       0.00889412         reflect
  eval: e=0.0089  p=[0.830 0.418 0.376 0.000 0.560 1.000 0.451 0.726]
   588          895       0.00889412         reflect
  eval: e=0.0089  p=[0.832 0.419 0.375 0.000 0.560 1.000 0.451 0.726]
  eval: e=0.0089  p=[0.828 0.417 0.377 0.001 0.561 1.000 0.451 0.726]
   589          897       0.00889412         contract inside
  eval: e=0.0089  p=[0.830 0.418 0.376 0.000 0.561 1.000 0.451 0.726]
   590          898       0.00889412         reflect
  eval: e=0.0089  p=[0.829 0.417 0.377 0.000 0.561 1.000 0.451 0.726]
   591          899       0.00889412         reflect
  eval: e=0.0089  p=[0.831 0.419 0.376 0.000 0.560 1.000 0.451 0.727]
   592          900       0.00889412         reflect
  eval: e=0.0119  p=[0.832 0.418 0.375 0.000 0.560 1.000 0.451 0.726]
  eval: e=0.0089  p=[0.829 0.418 0.377 0.001 0.561 1.000 0.451 0.726]
   593          902       0.00889412         contract inside
  eval: e=0.0089  p=[0.830 0.418 0.376 0.000 0.561 1.000 0.451 0.726]
  eval: e=0.0089  p=[0.830 0.418 0.376 0.000 0.561 1.000 0.451 0.726]
   594          904       0.00889412         contract inside
  eval: e=0.0089  p=[0.832 0.419 0.375 0.000 0.560 1.000 0.451 0.727]
  eval: e=0.0096  p=[0.833 0.420 0.374 0.000 0.559 1.000 0.451 0.727]
   595          906       0.00889406         reflect
  eval: e=0.0089  p=[0.832 0.419 0.375 0.000 0.560 1.000 0.451 0.727]
  eval: e=0.0089  p=[0.830 0.418 0.376 0.000 0.561 1.000 0.451 0.726]
   596          908       0.00889406         contract inside
  eval: e=0.0089  p=[0.832 0.419 0.375 0.000 0.560 1.000 0.451 0.727]
  eval: e=0.0090  p=[0.833 0.420 0.374 0.000 0.559 1.000 0.451 0.727]
   597          910       0.00889396         reflect
  eval: e=0.0103  p=[0.833 0.419 0.375 0.000 0.560 1.000 0.451 0.726]
  eval: e=0.0089  p=[0.830 0.418 0.376 0.000 0.561 1.000 0.451 0.726]
   598          912       0.00889396         contract inside
  eval: e=0.0089  p=[0.831 0.419 0.376 0.000 0.560 1.000 0.451 0.727]
  eval: e=0.0089  p=[0.830 0.419 0.375 0.001 0.559 1.000 0.451 0.727]
   599          914       0.00889391         expand
  eval: e=0.0089  p=[0.832 0.419 0.375 0.000 0.560 1.000 0.451 0.727]
   600          915       0.00889391         reflect
  eval: e=0.0089  p=[0.832 0.419 0.375 0.000 0.559 1.000 0.451 0.727]
  eval: e=0.0094  p=[0.833 0.420 0.374 0.000 0.559 1.000 0.452 0.727]
   601          917       0.00889376         reflect
  eval: e=0.0089  p=[0.832 0.420 0.375 0.000 0.559 1.000 0.451 0.727]
  eval: e=0.0089  p=[0.832 0.420 0.374 0.000 0.559 1.000 0.451 0.727]
   602          919        0.0088936         reflect
  eval: e=0.0089  p=[0.833 0.420 0.374 0.000 0.559 1.000 0.451 0.727]
   603          920        0.0088936         reflect
  eval: e=0.0089  p=[0.832 0.419 0.375 0.000 0.560 1.000 0.451 0.727]
   604          921        0.0088936         reflect
  eval: e=0.0089  p=[0.833 0.420 0.374 0.000 0.559 1.000 0.451 0.727]
  eval: e=0.0089  p=[0.831 0.419 0.375 0.000 0.560 1.000 0.451 0.727]
   605          923        0.0088936         contract inside
  eval: e=0.0089  p=[0.832 0.419 0.375 0.000 0.559 1.000 0.451 0.727]
  eval: e=0.0089  p=[0.832 0.419 0.375 0.000 0.560 1.000 0.451 0.727]
   606          925        0.0088936         contract inside
  eval: e=0.0089  p=[0.832 0.420 0.374 0.000 0.559 1.000 0.451 0.727]
   607          926        0.0088936         reflect
  eval: e=0.0089  p=[0.830 0.418 0.376 0.000 0.560 1.000 0.451 0.727]
   608          927        0.0088936         reflect
  eval: e=0.0089  p=[0.831 0.420 0.375 0.001 0.559 1.000 0.451 0.727]
  eval: e=0.0089  p=[0.831 0.420 0.375 0.001 0.559 1.000 0.451 0.727]
   609          929       0.00889356         reflect
  eval: e=0.0089  p=[0.831 0.420 0.375 0.000 0.559 1.000 0.451 0.727]
  eval: e=0.0089  p=[0.832 0.420 0.375 0.000 0.559 1.000 0.451 0.727]
   610          931       0.00889348         expand
  eval: e=0.0089  p=[0.833 0.421 0.374 0.000 0.558 1.000 0.452 0.727]
   611          932       0.00889348         reflect
  eval: e=0.0089  p=[0.832 0.420 0.374 0.001 0.558 1.000 0.451 0.727]
  eval: e=0.0089  p=[0.832 0.419 0.375 0.000 0.559 1.000 0.451 0.727]
   612          934       0.00889348         contract inside
  eval: e=0.0089  p=[0.830 0.418 0.376 0.000 0.560 1.000 0.451 0.727]
   613          935       0.00889348         reflect
  eval: e=0.0089  p=[0.833 0.419 0.375 0.000 0.559 1.000 0.451 0.727]
  eval: e=0.0089  p=[0.831 0.419 0.375 0.000 0.559 1.000 0.451 0.727]
   614          937       0.00889348         contract inside
  eval: e=0.0089  p=[0.831 0.418 0.376 0.000 0.560 1.000 0.451 0.727]
   615          938       0.00889348         reflect
  eval: e=0.0089  p=[0.831 0.419 0.375 0.000 0.559 1.000 0.451 0.727]
   616          939       0.00889348         reflect
  eval: e=0.0089  p=[0.833 0.420 0.374 0.000 0.559 1.000 0.451 0.727]
   617          940       0.00889348         reflect
  eval: e=0.0089  p=[0.833 0.421 0.374 0.000 0.558 1.000 0.451 0.727]
  eval: e=0.0089  p=[0.831 0.419 0.375 0.000 0.560 1.000 0.451 0.727]
   618          942       0.00889348         contract inside
  eval: e=0.0089  p=[0.831 0.420 0.375 0.001 0.559 1.000 0.451 0.727]
   619          943       0.00889348         reflect
  eval: e=0.0089  p=[0.831 0.420 0.375 0.001 0.559 1.000 0.451 0.727]
   620          944       0.00889348         reflect
  eval: e=0.0089  p=[0.830 0.419 0.376 0.001 0.560 1.000 0.451 0.727]
   621          945       0.00889348         reflect
  eval: e=0.0089  p=[0.831 0.420 0.375 0.001 0.559 1.000 0.451 0.727]
  eval: e=0.0089  p=[0.831 0.419 0.375 0.000 0.559 1.000 0.451 0.727]
   622          947       0.00889348         contract inside
  eval: e=0.0089  p=[0.831 0.419 0.375 0.001 0.559 1.000 0.451 0.727]
  eval: e=0.0089  p=[0.831 0.420 0.375 0.001 0.559 1.000 0.451 0.727]
   623          949       0.00889329         expand
  eval: e=0.0089  p=[0.831 0.420 0.375 0.001 0.559 1.000 0.451 0.727]
   624          950       0.00889329         reflect
  eval: e=0.0089  p=[0.831 0.420 0.375 0.001 0.559 1.000 0.451 0.727]
   625          951       0.00889329         reflect
  eval: e=0.0089  p=[0.833 0.421 0.374 0.000 0.558 1.000 0.451 0.727]
  eval: e=0.0089  p=[0.830 0.419 0.375 0.001 0.560 1.000 0.451 0.727]
   626          953       0.00889329         contract inside
  eval: e=0.0089  p=[0.830 0.420 0.375 0.001 0.559 1.000 0.451 0.727]
   627          954       0.00889329         reflect
  eval: e=0.0089  p=[0.831 0.420 0.375 0.001 0.559 1.000 0.451 0.727]
   628          955       0.00889329         reflect
  eval: e=0.0089  p=[0.831 0.420 0.375 0.001 0.559 1.000 0.451 0.727]
   629          956       0.00889329         reflect
  eval: e=0.0089  p=[0.831 0.420 0.375 0.001 0.559 1.000 0.451 0.727]
  eval: e=0.0089  p=[0.830 0.420 0.375 0.001 0.559 1.000 0.451 0.727]
   630          958       0.00889276         expand
  eval: e=0.0089  p=[0.831 0.420 0.375 0.001 0.559 1.000 0.451 0.727]
   631          959       0.00889276         reflect
  eval: e=0.0089  p=[0.830 0.420 0.375 0.001 0.559 1.000 0.451 0.727]
   632          960       0.00889276         reflect
  eval: e=0.0089  p=[0.831 0.420 0.375 0.000 0.559 1.000 0.451 0.727]
   633          961       0.00889276         reflect
  eval: e=0.0089  p=[0.831 0.420 0.375 0.001 0.559 1.000 0.451 0.727]
   634          962       0.00889276         reflect
  eval: e=0.0089  p=[0.831 0.419 0.375 0.001 0.559 1.000 0.451 0.727]
   635          963       0.00889276         reflect
  eval: e=0.0089  p=[0.831 0.420 0.375 0.001 0.559 1.000 0.451 0.727]
   636          964       0.00889276         reflect
  eval: e=0.0089  p=[0.831 0.420 0.375 0.001 0.559 1.000 0.451 0.727]
  eval: e=0.0089  p=[0.831 0.420 0.375 0.001 0.559 1.000 0.451 0.727]
   637          966       0.00889252         expand
  eval: e=0.0089  p=[0.831 0.420 0.375 0.001 0.559 1.000 0.451 0.727]
  eval: e=0.0089  p=[0.831 0.421 0.375 0.001 0.559 1.000 0.451 0.727]
   638          968       0.00889226         expand
  eval: e=0.0089  p=[0.830 0.420 0.375 0.001 0.559 1.000 0.451 0.727]
   639          969       0.00889226         reflect
  eval: e=0.0089  p=[0.830 0.420 0.375 0.001 0.559 1.000 0.451 0.727]
   640          970       0.00889226         reflect
  eval: e=0.0089  p=[0.831 0.420 0.375 0.001 0.559 1.000 0.451 0.727]
  eval: e=0.0089  p=[0.831 0.420 0.375 0.001 0.559 1.000 0.451 0.727]
   641          972       0.00889167         expand
  eval: e=0.0089  p=[0.830 0.420 0.375 0.001 0.559 1.000 0.451 0.727]
   642          973       0.00889167         reflect
  eval: e=0.0089  p=[0.830 0.421 0.375 0.001 0.559 1.000 0.451 0.728]
   643          974       0.00889167         reflect
  eval: e=0.0089  p=[0.830 0.420 0.375 0.001 0.559 1.000 0.451 0.727]
   644          975       0.00889167         reflect
  eval: e=0.0089  p=[0.830 0.421 0.375 0.001 0.559 1.000 0.451 0.727]
  eval: e=0.0089  p=[0.830 0.421 0.375 0.002 0.558 1.000 0.451 0.728]
   645          977       0.00889089         expand
  eval: e=0.0089  p=[0.830 0.421 0.375 0.001 0.559 1.000 0.451 0.727]
   646          978       0.00889089         reflect
  eval: e=0.0089  p=[0.831 0.421 0.375 0.001 0.559 1.000 0.451 0.727]
  eval: e=0.0089  p=[0.831 0.421 0.374 0.001 0.559 1.000 0.451 0.727]
   647          980       0.00889025         expand
  eval: e=0.0089  p=[0.830 0.421 0.374 0.002 0.558 1.000 0.451 0.728]
   648          981       0.00889025         reflect
  eval: e=0.0089  p=[0.830 0.421 0.375 0.001 0.558 1.000 0.451 0.727]
   649          982       0.00889025         reflect
  eval: e=0.0089  p=[0.831 0.421 0.375 0.001 0.559 1.000 0.451 0.727]
  eval: e=0.0089  p=[0.831 0.421 0.375 0.001 0.559 1.000 0.451 0.727]
   650          984       0.00888924         expand
  eval: e=0.0089  p=[0.831 0.421 0.374 0.001 0.558 1.000 0.451 0.728]
   651          985       0.00888924         reflect
  eval: e=0.0089  p=[0.831 0.421 0.374 0.001 0.558 1.000 0.451 0.727]
  eval: e=0.0089  p=[0.832 0.422 0.373 0.001 0.558 1.000 0.451 0.728]
   652          987       0.00888816         expand
  eval: e=0.0089  p=[0.830 0.422 0.374 0.002 0.558 1.000 0.451 0.728]
   653          988       0.00888816         reflect
  eval: e=0.0089  p=[0.832 0.422 0.374 0.001 0.558 1.000 0.451 0.728]
   654          989       0.00888816         reflect
  eval: e=0.0089  p=[0.831 0.421 0.374 0.001 0.558 1.000 0.451 0.727]
  eval: e=0.0089  p=[0.832 0.421 0.374 0.001 0.559 1.000 0.451 0.727]
   655          991       0.00888654         expand
  eval: e=0.0089  p=[0.832 0.422 0.374 0.001 0.558 1.000 0.451 0.727]
   656          992       0.00888654         reflect
  eval: e=0.0089  p=[0.833 0.422 0.373 0.001 0.558 1.000 0.451 0.727]
   657          993       0.00888654         reflect
  eval: e=0.0089  p=[0.832 0.422 0.373 0.001 0.557 1.000 0.451 0.728]
  eval: e=0.0089  p=[0.832 0.423 0.373 0.002 0.557 1.000 0.451 0.728]
   658          995       0.00888475         expand
  eval: e=0.0089  p=[0.833 0.422 0.373 0.001 0.558 1.000 0.451 0.727]
  eval: e=0.0089  p=[0.833 0.423 0.373 0.001 0.558 1.000 0.451 0.727]
   659          997       0.00888256         expand
  eval: e=0.0089  p=[0.833 0.424 0.373 0.001 0.557 1.000 0.451 0.728]
   660          998       0.00888256         reflect
  eval: e=0.0089  p=[0.835 0.423 0.372 0.000 0.558 1.000 0.451 0.727]
   661          999       0.00888256         reflect
  eval: e=0.0089  p=[0.834 0.423 0.373 0.001 0.558 1.000 0.451 0.727]
  eval: e=0.0089  p=[0.835 0.423 0.372 0.000 0.558 1.000 0.451 0.727]
   662         1001        0.0088792         expand
  eval: e=0.0089  p=[0.834 0.423 0.373 0.001 0.558 1.000 0.451 0.727]
   663         1002        0.0088792         reflect
  eval: e=0.0089  p=[0.834 0.424 0.372 0.001 0.557 1.000 0.451 0.727]
   664         1003        0.0088792         reflect
  eval: e=0.0089  p=[0.834 0.423 0.372 0.001 0.558 1.000 0.451 0.727]
  eval: e=0.0089  p=[0.835 0.424 0.372 0.001 0.557 1.000 0.451 0.727]
   665         1005       0.00887413         expand
  eval: e=0.0089  p=[0.836 0.425 0.371 0.001 0.556 1.000 0.452 0.727]
   666         1006       0.00887413         reflect
  eval: e=0.0089  p=[0.837 0.424 0.371 0.000 0.558 1.000 0.451 0.726]
   667         1007       0.00887413         reflect
  eval: e=0.0093  p=[0.837 0.423 0.371 0.000 0.558 1.000 0.451 0.726]
  eval: e=0.0089  p=[0.834 0.424 0.372 0.001 0.557 1.000 0.451 0.727]
   668         1009       0.00887413         contract inside
  eval: e=0.0089  p=[0.835 0.425 0.372 0.001 0.557 1.000 0.451 0.727]
   669         1010       0.00887413         reflect
  eval: e=0.0089  p=[0.837 0.425 0.371 0.001 0.557 1.000 0.451 0.727]
  eval: e=0.0089  p=[0.839 0.426 0.369 0.000 0.556 1.000 0.452 0.727]
   670         1012       0.00886893         expand
  eval: e=0.0089  p=[0.837 0.425 0.371 0.000 0.557 1.000 0.451 0.726]
   671         1013       0.00886893         reflect
  eval: e=0.0089  p=[0.838 0.426 0.370 0.000 0.557 1.000 0.451 0.727]
   672         1014       0.00886893         reflect
  eval: e=0.0089  p=[0.839 0.426 0.370 0.000 0.557 1.000 0.451 0.726]
  eval: e=0.0107  p=[0.841 0.427 0.369 0.000 0.557 1.000 0.452 0.726]
   673         1016       0.00886804         reflect
  eval: e=0.0089  p=[0.839 0.427 0.369 0.000 0.556 1.000 0.451 0.727]
  eval: e=0.0089  p=[0.841 0.429 0.367 0.000 0.555 1.000 0.452 0.727]
   674         1018       0.00886262         expand
  eval: e=0.0089  p=[0.839 0.427 0.369 0.001 0.555 1.000 0.452 0.727]
   675         1019       0.00886262         reflect
  eval: e=0.0089  p=[0.840 0.427 0.369 0.000 0.557 1.000 0.451 0.726]
   676         1020       0.00886262         reflect
  eval: e=0.0092  p=[0.842 0.428 0.368 0.000 0.556 1.000 0.452 0.726]
  eval: e=0.0089  p=[0.837 0.425 0.371 0.001 0.557 1.000 0.451 0.727]
   677         1022       0.00886262         contract inside
  eval: e=0.0089  p=[0.842 0.429 0.367 0.000 0.556 1.000 0.452 0.726]
  eval: e=0.0092  p=[0.845 0.431 0.365 0.000 0.555 1.000 0.452 0.726]
   678         1024       0.00886256         reflect
  eval: e=0.0089  p=[0.842 0.428 0.367 0.000 0.556 1.000 0.452 0.726]
  eval: e=0.0089  p=[0.838 0.426 0.370 0.000 0.557 1.000 0.451 0.727]
   679         1026       0.00886256         contract inside
  eval: e=0.0089  p=[0.842 0.429 0.367 0.000 0.555 1.000 0.452 0.727]
  eval: e=0.0089  p=[0.844 0.431 0.366 0.001 0.554 1.000 0.452 0.727]
   680         1028       0.00885984         expand
  eval: e=0.0089  p=[0.842 0.430 0.367 0.000 0.555 1.000 0.452 0.726]
  eval: e=0.0089  p=[0.844 0.431 0.365 0.001 0.554 1.000 0.452 0.726]
   681         1030       0.00885592         expand
  eval: e=0.0089  p=[0.843 0.430 0.366 0.000 0.555 1.000 0.452 0.726]
   682         1031       0.00885592         reflect
  eval: e=0.0089  p=[0.845 0.432 0.365 0.000 0.554 1.000 0.452 0.726]
   683         1032       0.00885592         reflect
  eval: e=0.0089  p=[0.845 0.434 0.364 0.001 0.553 1.000 0.452 0.726]
   684         1033       0.00885592         reflect
  eval: e=0.0089  p=[0.847 0.433 0.364 0.000 0.554 1.000 0.452 0.726]
   685         1034       0.00885592         reflect
  eval: e=0.0089  p=[0.848 0.436 0.362 0.001 0.552 1.000 0.452 0.727]
   686         1035       0.00885592         reflect
  eval: e=0.0089  p=[0.848 0.435 0.362 0.000 0.553 1.000 0.452 0.726]
  eval: e=0.0089  p=[0.851 0.438 0.360 0.001 0.552 1.000 0.452 0.726]
   687         1037       0.00885452         reflect
  eval: e=0.0089  p=[0.849 0.437 0.361 0.001 0.552 1.000 0.452 0.726]
   688         1038       0.00885452         reflect
  eval: e=0.0089  p=[0.848 0.436 0.362 0.001 0.553 1.000 0.452 0.726]
  eval: e=0.0089  p=[0.851 0.438 0.360 0.000 0.552 1.000 0.452 0.725]
   689         1040       0.00885223         expand
  eval: e=0.0089  p=[0.845 0.432 0.365 0.000 0.555 1.000 0.451 0.726]
   690         1041       0.00885223         reflect
  eval: e=0.0089  p=[0.850 0.437 0.361 0.001 0.552 1.000 0.452 0.726]
   691         1042       0.00885223         reflect
  eval: e=0.0089  p=[0.847 0.435 0.362 0.001 0.552 1.000 0.452 0.726]
  eval: e=0.0089  p=[0.847 0.437 0.362 0.002 0.551 1.000 0.452 0.727]
   692         1044       0.00885168         reflect
  eval: e=0.0089  p=[0.850 0.438 0.360 0.001 0.552 1.000 0.452 0.726]
   693         1045       0.00885168         reflect
  eval: e=0.0089  p=[0.850 0.437 0.361 0.001 0.552 1.000 0.452 0.725]
  eval: e=0.0088  p=[0.853 0.439 0.359 0.000 0.552 1.000 0.452 0.725]
   694         1047       0.00884976         expand
  eval: e=0.0089  p=[0.854 0.441 0.357 0.001 0.551 1.000 0.452 0.725]
  eval: e=0.0089  p=[0.852 0.439 0.359 0.001 0.552 1.000 0.452 0.726]
   695         1049       0.00884976         contract outside
  eval: e=0.0088  p=[0.850 0.437 0.361 0.000 0.553 1.000 0.452 0.725]
  eval: e=0.0088  p=[0.851 0.437 0.361 0.000 0.554 1.000 0.452 0.725]
   696         1051       0.00884685         expand
  eval: e=0.0088  p=[0.852 0.439 0.360 0.001 0.552 1.000 0.452 0.725]
   697         1052       0.00884685         reflect
  eval: e=0.0088  p=[0.850 0.437 0.361 0.001 0.553 1.000 0.451 0.725]
  eval: e=0.0088  p=[0.849 0.437 0.361 0.001 0.554 1.000 0.451 0.725]
   698         1054       0.00884443         expand
  eval: e=0.0088  p=[0.850 0.436 0.362 0.000 0.554 1.000 0.452 0.725]
   699         1055       0.00884443         reflect
  eval: e=0.0088  p=[0.848 0.434 0.363 0.000 0.555 1.000 0.451 0.725]
   700         1056       0.00884443         reflect
  eval: e=0.0088  p=[0.855 0.442 0.357 0.001 0.551 1.000 0.452 0.724]
   701         1057       0.00884443         reflect
  eval: e=0.0088  p=[0.850 0.437 0.361 0.000 0.554 1.000 0.451 0.724]
  eval: e=0.0088  p=[0.850 0.436 0.361 0.000 0.554 1.000 0.451 0.724]
   702         1059       0.00884004         expand
  eval: e=0.0107  p=[0.855 0.439 0.358 0.000 0.554 1.000 0.451 0.723]
  eval: e=0.0088  p=[0.849 0.436 0.361 0.001 0.553 1.000 0.452 0.725]
   703         1061       0.00884004         contract inside
  eval: e=0.0088  p=[0.848 0.435 0.363 0.001 0.554 1.000 0.451 0.724]
   704         1062       0.00884004         reflect
  eval: e=0.0088  p=[0.844 0.431 0.366 0.000 0.556 1.000 0.451 0.725]
   705         1063       0.00884004         reflect
  eval: e=0.0088  p=[0.846 0.431 0.365 0.000 0.556 1.000 0.451 0.724]
   706         1064       0.00884004         reflect
  eval: e=0.0088  p=[0.854 0.440 0.358 0.000 0.552 1.000 0.452 0.724]
   707         1065       0.00884004         reflect
  eval: e=0.0091  p=[0.850 0.435 0.362 0.000 0.555 1.000 0.451 0.723]
  eval: e=0.0088  p=[0.849 0.436 0.362 0.001 0.553 1.000 0.452 0.725]
   708         1067       0.00884004         contract inside
  eval: e=0.0088  p=[0.848 0.435 0.363 0.001 0.555 1.000 0.451 0.724]
   709         1068       0.00884004         reflect
  eval: e=0.0088  p=[0.848 0.435 0.362 0.001 0.554 1.000 0.451 0.724]
   710         1069       0.00884004         reflect
  eval: e=0.0088  p=[0.850 0.437 0.361 0.001 0.554 1.000 0.451 0.724]
   711         1070       0.00884004         reflect
  eval: e=0.0088  p=[0.849 0.436 0.362 0.001 0.555 1.000 0.451 0.724]
   712         1071       0.00884004         reflect
  eval: e=0.0088  p=[0.843 0.431 0.366 0.001 0.557 1.000 0.451 0.724]
   713         1072       0.00884004         reflect
  eval: e=0.0088  p=[0.846 0.432 0.364 0.000 0.556 1.000 0.451 0.724]
   714         1073       0.00884004         reflect
  eval: e=0.0088  p=[0.853 0.439 0.359 0.000 0.553 1.000 0.452 0.724]
   715         1074       0.00884004         reflect
  eval: e=0.0088  p=[0.852 0.440 0.359 0.001 0.553 1.000 0.451 0.724]
   716         1075       0.00884004         reflect
  eval: e=0.0088  p=[0.851 0.438 0.360 0.001 0.554 1.000 0.451 0.723]
  eval: e=0.0088  p=[0.853 0.439 0.359 0.001 0.553 1.000 0.451 0.723]
   717         1077       0.00883994         reflect
  eval: e=0.0088  p=[0.846 0.432 0.364 0.000 0.556 1.000 0.451 0.724]
  eval: e=0.0088  p=[0.848 0.434 0.363 0.000 0.555 1.000 0.451 0.724]
   718         1079       0.00883994         contract outside
  eval: e=0.0088  p=[0.844 0.432 0.365 0.001 0.556 1.000 0.451 0.724]
  eval: e=0.0088  p=[0.851 0.437 0.361 0.000 0.554 1.000 0.451 0.724]
   719         1081       0.00883994         contract inside
  eval: e=0.0088  p=[0.853 0.440 0.359 0.001 0.552 1.000 0.451 0.724]
  eval: e=0.0088  p=[0.848 0.434 0.363 0.001 0.555 1.000 0.451 0.724]
   720         1083       0.00883994         contract inside
  eval: e=0.0088  p=[0.851 0.437 0.360 0.000 0.554 1.000 0.451 0.723]
  eval: e=0.0088  p=[0.853 0.439 0.359 0.000 0.554 1.000 0.451 0.723]
   721         1085       0.00883974         reflect
  eval: e=0.0088  p=[0.852 0.437 0.360 0.000 0.554 1.000 0.451 0.723]
  eval: e=0.0088  p=[0.853 0.438 0.359 0.000 0.554 1.000 0.451 0.723]
   722         1087       0.00883908         expand
  eval: e=0.0088  p=[0.852 0.438 0.360 0.000 0.553 1.000 0.452 0.724]
  eval: e=0.0088  p=[0.853 0.439 0.359 0.000 0.553 1.000 0.452 0.724]
   723         1089       0.00883769         expand
  eval: e=0.0088  p=[0.851 0.436 0.361 0.000 0.555 1.000 0.451 0.723]
   724         1090       0.00883769         reflect
  eval: e=0.0088  p=[0.854 0.440 0.358 0.000 0.553 1.000 0.452 0.723]
   725         1091       0.00883769         reflect
  eval: e=0.0088  p=[0.856 0.441 0.357 0.000 0.552 1.000 0.452 0.723]
   726         1092       0.00883769         reflect
  eval: e=0.0088  p=[0.855 0.440 0.358 0.000 0.553 1.000 0.452 0.723]
   727         1093       0.00883769         reflect
  eval: e=0.0088  p=[0.856 0.440 0.358 0.000 0.553 1.000 0.452 0.722]
   728         1094       0.00883769         reflect
  eval: e=0.0096  p=[0.856 0.440 0.357 0.000 0.553 1.000 0.452 0.723]
  eval: e=0.0088  p=[0.852 0.438 0.359 0.000 0.554 1.000 0.451 0.723]
   729         1096       0.00883769         contract inside
  eval: e=0.0088  p=[0.851 0.437 0.360 0.000 0.554 1.000 0.451 0.724]
  eval: e=0.0088  p=[0.854 0.439 0.358 0.000 0.553 1.000 0.452 0.723]
   730         1098       0.00883769         contract inside
  eval: e=0.0088  p=[0.856 0.441 0.357 0.000 0.553 1.000 0.452 0.723]
  eval: e=0.0094  p=[0.859 0.442 0.356 0.000 0.552 1.000 0.452 0.722]
   731         1100       0.00883753         reflect
  eval: e=0.0088  p=[0.851 0.437 0.361 0.000 0.554 1.000 0.451 0.723]
   732         1101       0.00883753         reflect
  eval: e=0.0088  p=[0.852 0.437 0.360 0.000 0.554 1.000 0.452 0.723]
  eval: e=0.0092  p=[0.851 0.436 0.361 0.000 0.555 1.000 0.452 0.723]
   733         1103       0.00883723         reflect
  eval: e=0.0092  p=[0.854 0.438 0.359 0.000 0.554 1.000 0.452 0.723]
  eval: e=0.0088  p=[0.853 0.438 0.359 0.000 0.554 1.000 0.451 0.723]
   734         1105       0.00883723         contract inside
  eval: e=0.0088  p=[0.853 0.439 0.359 0.000 0.553 1.000 0.452 0.723]
  eval: e=0.0088  p=[0.853 0.439 0.359 0.001 0.552 1.000 0.452 0.724]
   735         1107       0.00883665         expand
  eval: e=0.0088  p=[0.852 0.437 0.360 0.000 0.553 1.000 0.452 0.724]
   736         1108       0.00883665         reflect
  eval: e=0.0088  p=[0.850 0.436 0.361 0.000 0.554 1.000 0.452 0.724]
   737         1109       0.00883665         reflect
  eval: e=0.0088  p=[0.854 0.439 0.359 0.000 0.553 1.000 0.452 0.724]
   738         1110       0.00883665         reflect
  eval: e=0.0088  p=[0.853 0.438 0.360 0.000 0.553 1.000 0.452 0.724]
  eval: e=0.0089  p=[0.853 0.437 0.360 0.000 0.553 1.000 0.452 0.724]
   739         1112       0.00883577         reflect
  eval: e=0.0088  p=[0.855 0.440 0.358 0.000 0.552 1.000 0.452 0.724]
   740         1113       0.00883577         reflect
  eval: e=0.0088  p=[0.853 0.438 0.359 0.000 0.553 1.000 0.452 0.723]
  eval: e=0.0089  p=[0.854 0.438 0.359 0.000 0.553 1.000 0.452 0.723]
   741         1115        0.0088354         reflect
  eval: e=0.0088  p=[0.849 0.435 0.362 0.000 0.553 1.000 0.452 0.724]
  eval: e=0.0088  p=[0.851 0.437 0.360 0.000 0.553 1.000 0.452 0.724]
   742         1117        0.0088354         contract outside
  eval: e=0.0088  p=[0.853 0.439 0.359 0.000 0.552 1.000 0.452 0.724]
   743         1118        0.0088354         reflect
  eval: e=0.0088  p=[0.851 0.437 0.360 0.000 0.553 1.000 0.452 0.724]
   744         1119        0.0088354         reflect
  eval: e=0.0088  p=[0.855 0.440 0.358 0.000 0.552 1.000 0.452 0.724]
   745         1120        0.0088354         reflect
  eval: e=0.0088  p=[0.853 0.438 0.360 0.000 0.554 1.000 0.452 0.723]
   746         1121        0.0088354         reflect
  eval: e=0.0088  p=[0.854 0.439 0.358 0.000 0.552 1.000 0.452 0.724]
  eval: e=0.0088  p=[0.855 0.440 0.357 0.000 0.551 1.000 0.452 0.724]
   747         1123       0.00883457         expand
  eval: e=0.0089  p=[0.853 0.438 0.359 0.000 0.553 1.000 0.452 0.724]
  eval: e=0.0088  p=[0.853 0.439 0.359 0.000 0.552 1.000 0.452 0.724]
   748         1125       0.00883457         contract inside
  eval: e=0.0088  p=[0.854 0.439 0.358 0.000 0.551 1.000 0.452 0.724]
   749         1126       0.00883457         reflect
  eval: e=0.0088  p=[0.856 0.441 0.357 0.000 0.551 1.000 0.452 0.724]
   750         1127       0.00883457         reflect
  eval: e=0.0088  p=[0.854 0.439 0.359 0.000 0.553 1.000 0.452 0.723]
  eval: e=0.0088  p=[0.854 0.439 0.358 0.000 0.553 1.000 0.452 0.723]
   751         1129       0.00883457         contract outside
  eval: e=0.0088  p=[0.857 0.442 0.356 0.000 0.551 1.000 0.452 0.723]
   752         1130       0.00883457         reflect
  eval: e=0.0088  p=[0.854 0.439 0.358 0.000 0.552 1.000 0.452 0.723]
   753         1131       0.00883457         reflect
  eval: e=0.0088  p=[0.856 0.441 0.357 0.000 0.552 1.000 0.452 0.723]
  eval: e=0.0091  p=[0.858 0.441 0.356 0.000 0.551 1.000 0.452 0.723]
   754         1133       0.00883394         reflect
  eval: e=0.0088  p=[0.858 0.442 0.355 0.000 0.551 1.000 0.452 0.723]
   755         1134       0.00883394         reflect
  eval: e=0.0088  p=[0.853 0.438 0.359 0.000 0.552 1.000 0.452 0.724]
   756         1135       0.00883394         reflect
  eval: e=0.0088  p=[0.855 0.439 0.358 0.000 0.552 1.000 0.452 0.723]
   757         1136       0.00883394         reflect
  eval: e=0.0088  p=[0.856 0.441 0.357 0.000 0.551 1.000 0.452 0.724]
  eval: e=0.0088  p=[0.857 0.442 0.356 0.000 0.550 1.000 0.453 0.724]
   758         1138       0.00883345         expand
  eval: e=0.0088  p=[0.858 0.443 0.355 0.000 0.550 1.000 0.453 0.724]
   759         1139       0.00883345         reflect
  eval: e=0.0088  p=[0.859 0.444 0.354 0.000 0.550 1.000 0.453 0.723]
   760         1140       0.00883345         reflect
  eval: e=0.0088  p=[0.855 0.440 0.358 0.000 0.552 1.000 0.452 0.724]
  eval: e=0.0090  p=[0.854 0.438 0.359 0.000 0.552 1.000 0.452 0.724]
   761         1142       0.00883333         reflect
  eval: e=0.0088  p=[0.857 0.441 0.357 0.000 0.551 1.000 0.453 0.723]
  eval: e=0.0091  p=[0.857 0.440 0.356 0.000 0.551 1.000 0.453 0.723]
   762         1144       0.00883324         reflect
  eval: e=0.0088  p=[0.859 0.443 0.355 0.000 0.550 1.000 0.453 0.724]
   763         1145       0.00883324         reflect
  eval: e=0.0090  p=[0.859 0.443 0.355 0.000 0.550 1.000 0.453 0.723]
  eval: e=0.0088  p=[0.856 0.441 0.357 0.000 0.551 1.000 0.452 0.724]
   764         1147       0.00883324         contract inside
  eval: e=0.0092  p=[0.856 0.440 0.357 0.000 0.552 1.000 0.452 0.723]
  eval: e=0.0088  p=[0.857 0.442 0.356 0.000 0.550 1.000 0.453 0.724]
   765         1149       0.00883324         contract inside
  eval: e=0.0088  p=[0.854 0.438 0.359 0.000 0.552 1.000 0.452 0.724]
   766         1150       0.00883324         reflect
  eval: e=0.0088  p=[0.858 0.442 0.355 0.000 0.550 1.000 0.453 0.724]
  eval: e=0.0088  p=[0.857 0.442 0.356 0.000 0.550 1.000 0.453 0.724]
   767         1152       0.00883324         contract outside
  eval: e=0.0088  p=[0.857 0.441 0.356 0.000 0.551 1.000 0.453 0.724]
  eval: e=0.0088  p=[0.856 0.441 0.357 0.000 0.551 1.000 0.452 0.724]
   768         1154       0.00883324         contract inside
  eval: e=0.0088  p=[0.857 0.441 0.356 0.000 0.550 1.000 0.453 0.724]
   769         1155       0.00883324         reflect
  eval: e=0.0088  p=[0.856 0.440 0.357 0.000 0.551 1.000 0.453 0.724]
  eval: e=0.0090  p=[0.855 0.439 0.358 0.000 0.551 1.000 0.453 0.724]
   770         1157       0.00883299         reflect
  eval: e=0.0089  p=[0.856 0.440 0.357 0.000 0.552 1.000 0.452 0.724]
  eval: e=0.0088  p=[0.857 0.441 0.356 0.000 0.550 1.000 0.453 0.724]
   771         1159       0.00883299         contract inside
  eval: e=0.0088  p=[0.860 0.444 0.354 0.000 0.549 1.000 0.453 0.724]
  eval: e=0.0088  p=[0.855 0.440 0.357 0.000 0.551 1.000 0.452 0.724]
   772         1161       0.00883299         contract inside
  eval: e=0.0088  p=[0.857 0.441 0.356 0.000 0.550 1.000 0.453 0.724]
  eval: e=0.0089  p=[0.857 0.441 0.356 0.000 0.550 1.000 0.453 0.724]
   773         1163       0.00883261         reflect
  eval: e=0.0088  p=[0.856 0.440 0.357 0.000 0.551 1.000 0.453 0.724]
  eval: e=0.0088  p=[0.857 0.441 0.356 0.000 0.550 1.000 0.453 0.724]
   774         1165       0.00883261         contract inside
  eval: e=0.0089  p=[0.856 0.440 0.357 0.000 0.551 1.000 0.453 0.724]
  eval: e=0.0088  p=[0.857 0.441 0.356 0.000 0.551 1.000 0.453 0.724]
   775         1167       0.00883261         contract inside
  eval: e=0.0088  p=[0.854 0.438 0.359 0.000 0.552 1.000 0.452 0.724]
  eval: e=0.0088  p=[0.855 0.439 0.358 0.000 0.552 1.000 0.452 0.724]
   776         1169       0.00883261         contract outside
  eval: e=0.0088  p=[0.857 0.441 0.356 0.000 0.550 1.000 0.453 0.724]
   777         1170       0.00883261         reflect
  eval: e=0.0088  p=[0.856 0.440 0.357 0.000 0.551 1.000 0.452 0.724]
  eval: e=0.0088  p=[0.856 0.441 0.356 0.000 0.551 1.000 0.453 0.724]
   778         1172       0.00883261         contract inside
  eval: e=0.0088  p=[0.858 0.442 0.356 0.000 0.550 1.000 0.453 0.724]
   779         1173       0.00883261         reflect
  eval: e=0.0088  p=[0.857 0.441 0.356 0.000 0.550 1.000 0.453 0.724]
  eval: e=0.0088  p=[0.857 0.441 0.356 0.000 0.551 1.000 0.453 0.724]
   780         1175       0.00883261         contract inside
  eval: e=0.0088  p=[0.856 0.440 0.357 0.000 0.551 1.000 0.452 0.724]
   781         1176       0.00883261         reflect
  eval: e=0.0088  p=[0.856 0.440 0.357 0.000 0.551 1.000 0.453 0.724]
  eval: e=0.0088  p=[0.857 0.441 0.356 0.000 0.551 1.000 0.453 0.724]
   782         1178       0.00883261         contract inside
  eval: e=0.0088  p=[0.856 0.440 0.357 0.000 0.551 1.000 0.453 0.724]
  eval: e=0.0088  p=[0.857 0.441 0.356 0.000 0.551 1.000 0.453 0.724]
   783         1180       0.00883261         contract inside
  eval: e=0.0088  p=[0.857 0.441 0.356 0.000 0.550 1.000 0.453 0.724]
  eval: e=0.0088  p=[0.857 0.441 0.356 0.000 0.551 1.000 0.453 0.724]
   784         1182       0.00883261         contract outside
  eval: e=0.0088  p=[0.856 0.441 0.357 0.000 0.551 1.000 0.453 0.724]
  eval: e=0.0088  p=[0.856 0.441 0.356 0.000 0.551 1.000 0.453 0.724]
   785         1184       0.00883261         contract inside
  eval: e=0.0088  p=[0.858 0.442 0.355 0.000 0.550 1.000 0.453 0.724]
   786         1185       0.00883261         reflect
  eval: e=0.0088  p=[0.858 0.442 0.355 0.000 0.550 1.000 0.453 0.724]
  eval: e=0.0088  p=[0.856 0.441 0.357 0.000 0.551 1.000 0.453 0.724]
   787         1187       0.00883261         contract inside
  eval: e=0.0088  p=[0.857 0.441 0.356 0.000 0.550 1.000 0.453 0.724]
   788         1188       0.00883261         reflect
  eval: e=0.0088  p=[0.858 0.441 0.356 0.000 0.550 1.000 0.453 0.724]
  eval: e=0.0088  p=[0.857 0.441 0.356 0.000 0.550 1.000 0.453 0.724]
   789         1190       0.00883261         contract outside
  eval: e=0.0088  p=[0.858 0.442 0.355 0.000 0.550 1.000 0.453 0.724]
  eval: e=0.0088  p=[0.857 0.441 0.356 0.000 0.551 1.000 0.453 0.724]
   790         1192       0.00883261         contract inside
  eval: e=0.0088  p=[0.858 0.442 0.356 0.000 0.550 1.000 0.453 0.724]
  eval: e=0.0088  p=[0.857 0.441 0.356 0.000 0.550 1.000 0.453 0.724]
   791         1194       0.00883261         contract inside
  eval: e=0.0088  p=[0.856 0.440 0.357 0.000 0.551 1.000 0.453 0.724]
   792         1195       0.00883261         reflect
  eval: e=0.0088  p=[0.857 0.441 0.356 0.000 0.550 1.000 0.453 0.724]
   793         1196       0.00883261         reflect
  eval: e=0.0088  p=[0.857 0.441 0.356 0.000 0.550 1.000 0.453 0.724]
  eval: e=0.0088  p=[0.857 0.441 0.356 0.000 0.551 1.000 0.453 0.724]
   794         1198       0.00883261         contract inside
  eval: e=0.0088  p=[0.857 0.441 0.356 0.000 0.551 1.000 0.453 0.724]
  eval: e=0.0088  p=[0.857 0.441 0.356 0.000 0.550 1.000 0.453 0.724]
   795         1200       0.00883261         contract inside
  eval: e=0.0088  p=[0.859 0.442 0.355 0.000 0.550 1.000 0.453 0.724]
  eval: e=0.0088  p=[0.856 0.440 0.357 0.000 0.551 1.000 0.453 0.724]
   796         1202       0.00883261         contract inside
  eval: e=0.0088  p=[0.857 0.441 0.356 0.000 0.550 1.000 0.453 0.724]
  eval: e=0.0088  p=[0.857 0.441 0.356 0.000 0.550 1.000 0.453 0.724]
   797         1204       0.00883256         reflect
  eval: e=0.0088  p=[0.858 0.442 0.355 0.000 0.550 1.000 0.453 0.724]
   798         1205       0.00883256         reflect
  eval: e=0.0088  p=[0.857 0.441 0.356 0.000 0.550 1.000 0.453 0.724]
  eval: e=0.0088  p=[0.857 0.441 0.356 0.000 0.550 1.000 0.453 0.724]
   799         1207       0.00883256         contract inside
  eval: e=0.0088  p=[0.858 0.442 0.355 0.000 0.550 1.000 0.453 0.724]
   800         1208       0.00883256         reflect
  eval: e=0.0088  p=[0.857 0.441 0.356 0.000 0.550 1.000 0.453 0.724]
  eval: e=0.0088  p=[0.858 0.441 0.356 0.000 0.550 1.000 0.453 0.724]
   801         1210       0.00883256         contract inside
  eval: e=0.0088  p=[0.856 0.440 0.357 0.000 0.551 1.000 0.453 0.724]
  eval: e=0.0088  p=[0.858 0.442 0.356 0.000 0.550 1.000 0.453 0.724]
   802         1212       0.00883256         contract inside
  eval: e=0.0088  p=[0.858 0.442 0.356 0.000 0.550 1.000 0.453 0.724]
   803         1213       0.00883256         reflect
  eval: e=0.0088  p=[0.858 0.442 0.356 0.000 0.550 1.000 0.453 0.724]
   804         1214       0.00883256         reflect
  eval: e=0.0088  p=[0.857 0.441 0.356 0.000 0.550 1.000 0.453 0.724]
  eval: e=0.0088  p=[0.857 0.441 0.356 0.000 0.550 1.000 0.453 0.724]
   805         1216       0.00883256         contract inside
  eval: e=0.0088  p=[0.857 0.441 0.356 0.000 0.551 1.000 0.453 0.724]
   806         1217       0.00883256         reflect
  eval: e=0.0088  p=[0.857 0.441 0.356 0.000 0.550 1.000 0.453 0.724]
   807         1218       0.00883256         reflect
  eval: e=0.0088  p=[0.857 0.441 0.356 0.000 0.550 1.000 0.453 0.724]
  eval: e=0.0088  p=[0.857 0.441 0.356 0.000 0.550 1.000 0.453 0.724]
   808         1220       0.00883256         contract inside
  eval: e=0.0088  p=[0.857 0.441 0.356 0.000 0.551 1.000 0.453 0.724]
  eval: e=0.0088  p=[0.858 0.441 0.356 0.000 0.550 1.000 0.453 0.724]
   809         1222       0.00883256         contract inside
  eval: e=0.0088  p=[0.858 0.442 0.355 0.000 0.550 1.000 0.453 0.724]
   810         1223       0.00883256         reflect
  eval: e=0.0088  p=[0.857 0.441 0.356 0.000 0.550 1.000 0.453 0.724]
   811         1224       0.00883256         reflect
  eval: e=0.0088  p=[0.857 0.441 0.356 0.000 0.550 1.000 0.453 0.724]
  eval: e=0.0088  p=[0.857 0.441 0.356 0.000 0.550 1.000 0.453 0.724]
   812         1226       0.00883256         contract inside
  eval: e=0.0088  p=[0.857 0.441 0.356 0.000 0.550 1.000 0.453 0.724]
  eval: e=0.0088  p=[0.857 0.441 0.356 0.000 0.550 1.000 0.453 0.724]
   813         1228       0.00883256         contract inside
  eval: e=0.0088  p=[0.858 0.442 0.355 0.000 0.550 1.000 0.453 0.724]
  eval: e=0.0088  p=[0.857 0.441 0.356 0.000 0.550 1.000 0.453 0.724]
   814         1230       0.00883255         contract inside
  eval: e=0.0088  p=[0.858 0.442 0.356 0.000 0.550 1.000 0.453 0.724]
  eval: e=0.0088  p=[0.857 0.441 0.356 0.000 0.550 1.000 0.453 0.724]
   815         1232       0.00883255         contract inside
  eval: e=0.0088  p=[0.858 0.441 0.356 0.000 0.550 1.000 0.453 0.724]
  eval: e=0.0088  p=[0.857 0.441 0.356 0.000 0.550 1.000 0.453 0.724]
   816         1234       0.00883255         contract inside
  eval: e=0.0088  p=[0.857 0.441 0.356 0.000 0.550 1.000 0.453 0.724]
  eval: e=0.0088  p=[0.857 0.441 0.356 0.000 0.550 1.000 0.453 0.724]
   817         1236       0.00883254         contract outside
  eval: e=0.0088  p=[0.857 0.441 0.356 0.000 0.550 1.000 0.453 0.724]
  eval: e=0.0088  p=[0.857 0.441 0.356 0.000 0.550 1.000 0.453 0.724]
  eval: e=0.0088  p=[0.857 0.441 0.356 0.000 0.550 1.000 0.453 0.724]
  eval: e=0.0088  p=[0.857 0.441 0.356 0.000 0.550 1.000 0.453 0.724]
  eval: e=0.0088  p=[0.858 0.442 0.356 0.000 0.550 1.000 0.453 0.724]
  eval: e=0.0088  p=[0.857 0.441 0.356 0.000 0.550 1.000 0.453 0.724]
  eval: e=0.0088  p=[0.857 0.441 0.356 0.000 0.550 1.000 0.453 0.724]
  eval: e=0.0088  p=[0.857 0.441 0.356 0.000 0.550 1.000 0.453 0.724]
  eval: e=0.0088  p=[0.858 0.442 0.356 0.000 0.550 1.000 0.453 0.724]
  eval: e=0.0088  p=[0.857 0.441 0.356 0.000 0.550 1.000 0.453 0.724]
   818         1246       0.00883254         shrink
  eval: e=0.0088  p=[0.857 0.441 0.356 0.000 0.550 1.000 0.453 0.724]
   819         1247       0.00883254         reflect
  eval: e=0.0088  p=[0.857 0.441 0.356 0.000 0.550 1.000 0.453 0.724]
  eval: e=0.0088  p=[0.857 0.441 0.356 0.000 0.550 1.000 0.453 0.724]
   820         1249       0.00883254         contract inside
  eval: e=0.0088  p=[0.857 0.441 0.356 0.000 0.550 1.000 0.453 0.724]
  eval: e=0.0088  p=[0.857 0.441 0.356 0.000 0.550 1.000 0.453 0.724]
   821         1251       0.00883254         contract inside
  eval: e=0.0088  p=[0.858 0.442 0.356 0.000 0.550 1.000 0.453 0.724]
   822         1252       0.00883254         reflect
  eval: e=0.0088  p=[0.858 0.441 0.356 0.000 0.550 1.000 0.453 0.724]
   823         1253       0.00883254         reflect
  eval: e=0.0088  p=[0.857 0.441 0.356 0.000 0.550 1.000 0.453 0.724]
  eval: e=0.0088  p=[0.858 0.441 0.356 0.000 0.550 1.000 0.453 0.724]
   824         1255       0.00883254         contract inside
  eval: e=0.0088  p=[0.858 0.442 0.356 0.000 0.550 1.000 0.453 0.724]
   825         1256       0.00883254         reflect
  eval: e=0.0088  p=[0.858 0.442 0.356 0.000 0.550 1.000 0.453 0.724]
  eval: e=0.0088  p=[0.857 0.441 0.356 0.000 0.550 1.000 0.453 0.724]
  eval: e=0.0088  p=[0.857 0.441 0.356 0.000 0.550 1.000 0.453 0.724]
  eval: e=0.0088  p=[0.858 0.441 0.356 0.000 0.550 1.000 0.453 0.724]
  eval: e=0.0088  p=[0.857 0.441 0.356 0.000 0.550 1.000 0.453 0.724]
  eval: e=0.0088  p=[0.858 0.441 0.356 0.000 0.550 1.000 0.453 0.724]
  eval: e=0.0088  p=[0.858 0.441 0.356 0.000 0.550 1.000 0.453 0.724]
  eval: e=0.0088  p=[0.857 0.441 0.356 0.000 0.550 1.000 0.453 0.724]
  eval: e=0.0088  p=[0.857 0.441 0.356 0.000 0.550 1.000 0.453 0.724]
  eval: e=0.0088  p=[0.857 0.441 0.356 0.000 0.550 1.000 0.453 0.724]
   826         1266       0.00883254         shrink
  eval: e=0.0088  p=[0.858 0.441 0.356 0.000 0.550 1.000 0.453 0.724]
  eval: e=0.0088  p=[0.857 0.441 0.356 0.000 0.550 1.000 0.453 0.724]
   827         1268       0.00883254         contract inside
 
Optimization terminated:
 the current x satisfies the termination criteria using OPTIONS.TolX of 1.000000e-04 
 and F(X) satisfies the convergence criteria using OPTIONS.TolFun of 1.000000e-06 

=== Fit complete: error=0.008833  AIC=-4566.7 ===
