
===== RESTART 1/6 =====
  eval: e=0.3007  p=[0.412 0.816 0.662 0.569 0.259 0.259 0.191 0.756 0.571 0.646]
 
 Iteration   Func-count         f(x)         Procedure
     0            1          0.30067         
  eval: e=0.3010  p=[0.433 0.816 0.662 0.569 0.259 0.259 0.191 0.756 0.571 0.646]
  eval: e=0.2750  p=[0.412 0.856 0.662 0.569 0.259 0.259 0.191 0.756 0.571 0.646]
  eval: e=0.2842  p=[0.412 0.816 0.696 0.569 0.259 0.259 0.191 0.756 0.571 0.646]
  eval: e=0.3118  p=[0.412 0.816 0.662 0.598 0.259 0.259 0.191 0.756 0.571 0.646]
  eval: e=0.2960  p=[0.412 0.816 0.662 0.569 0.272 0.259 0.191 0.756 0.571 0.646]
  eval: e=0.3016  p=[0.412 0.816 0.662 0.569 0.259 0.272 0.191 0.756 0.571 0.646]
  eval: e=0.3007  p=[0.412 0.816 0.662 0.569 0.259 0.259 0.200 0.756 0.571 0.646]
  eval: e=0.3192  p=[0.412 0.816 0.662 0.569 0.259 0.259 0.191 0.794 0.571 0.646]
  eval: e=0.3007  p=[0.412 0.816 0.662 0.569 0.259 0.259 0.191 0.756 0.599 0.646]
  eval: e=0.3007  p=[0.412 0.816 0.662 0.569 0.259 0.259 0.191 0.756 0.571 0.678]
     1           11         0.275006         initial simplex
  eval: e=0.2699  p=[0.416 0.824 0.669 0.575 0.262 0.262 0.193 0.719 0.576 0.652]
  eval: e=0.2377  p=[0.418 0.828 0.672 0.578 0.263 0.263 0.194 0.681 0.579 0.655]
     2           13         0.237744         expand
  eval: e=0.2658  p=[0.418 0.826 0.671 0.542 0.263 0.263 0.193 0.741 0.578 0.654]
     3           14         0.237744         reflect
  eval: e=0.2717  p=[0.419 0.828 0.673 0.565 0.263 0.248 0.194 0.738 0.580 0.656]
     4           15         0.237744         reflect
  eval: e=0.2658  p=[0.395 0.831 0.675 0.565 0.264 0.258 0.194 0.735 0.581 0.658]
     5           16         0.237744         reflect
  eval: e=0.2580  p=[0.412 0.834 0.677 0.564 0.265 0.258 0.184 0.730 0.584 0.660]
     6           17         0.237744         reflect
  eval: e=0.2481  p=[0.412 0.837 0.680 0.563 0.266 0.258 0.192 0.725 0.586 0.624]
     7           18         0.237744         reflect
  eval: e=0.2360  p=[0.412 0.842 0.684 0.562 0.268 0.258 0.192 0.719 0.589 0.652]
  eval: e=0.2006  p=[0.413 0.855 0.695 0.558 0.272 0.257 0.192 0.700 0.598 0.656]
     8           20         0.200592         expand
  eval: e=0.2142  p=[0.413 0.850 0.690 0.559 0.270 0.257 0.192 0.707 0.561 0.654]
     9           21         0.200592         reflect
  eval: e=0.2057  p=[0.413 0.857 0.696 0.557 0.257 0.257 0.192 0.698 0.587 0.656]
    10           22         0.200592         reflect
  eval: e=0.2021  p=[0.413 0.865 0.663 0.555 0.269 0.256 0.193 0.686 0.590 0.658]
    11           23         0.200592         reflect
  eval: e=0.2003  p=[0.413 0.826 0.696 0.552 0.271 0.256 0.193 0.672 0.594 0.661]
  eval: e=0.1774  p=[0.413 0.811 0.713 0.544 0.277 0.254 0.194 0.629 0.606 0.668]
    12           25         0.177383         expand
  eval: e=0.1848  p=[0.405 0.850 0.694 0.551 0.270 0.269 0.190 0.668 0.591 0.653]
    13           26         0.177383         reflect
  eval: e=0.1785  p=[0.431 0.852 0.695 0.549 0.270 0.260 0.189 0.659 0.591 0.650]
    14           27         0.177383         reflect
  eval: e=0.1715  p=[0.411 0.862 0.704 0.573 0.273 0.255 0.189 0.635 0.596 0.653]
  eval: e=0.1794  p=[0.408 0.879 0.720 0.589 0.279 0.252 0.187 0.582 0.605 0.653]
    15           29         0.171459         reflect
  eval: e=0.1701  p=[0.416 0.859 0.703 0.554 0.273 0.259 0.200 0.627 0.593 0.646]
  eval: e=0.1892  p=[0.418 0.872 0.716 0.549 0.276 0.260 0.208 0.576 0.598 0.638]
    16           31         0.170139         reflect
  eval: e=0.1713  p=[0.417 0.860 0.705 0.553 0.273 0.260 0.194 0.613 0.592 0.686]
    17           32         0.170139         reflect
  eval: e=0.1709  p=[0.410 0.876 0.719 0.533 0.278 0.254 0.192 0.644 0.602 0.661]
    18           33         0.170139         reflect
  eval: e=0.1740  p=[0.416 0.860 0.707 0.546 0.272 0.259 0.193 0.604 0.629 0.663]
    19           34         0.170139         reflect
  eval: e=0.1709  p=[0.416 0.853 0.703 0.546 0.289 0.260 0.193 0.596 0.611 0.662]
    20           35         0.170139         reflect
  eval: e=0.1829  p=[0.417 0.843 0.745 0.546 0.280 0.261 0.193 0.589 0.611 0.661]
    21           36         0.170139         reflect
  eval: e=0.1946  p=[0.418 0.850 0.723 0.541 0.279 0.261 0.193 0.553 0.606 0.665]
  eval: e=0.1773  p=[0.416 0.851 0.716 0.546 0.277 0.260 0.193 0.590 0.604 0.663]
    22           38         0.170139         contract outside
  eval: e=0.1904  p=[0.427 0.855 0.728 0.547 0.282 0.248 0.196 0.569 0.616 0.669]
  eval: e=0.1723  p=[0.411 0.851 0.702 0.550 0.273 0.264 0.192 0.643 0.597 0.657]
    23           40         0.170139         contract inside
  eval: e=0.1825  p=[0.415 0.864 0.669 0.552 0.271 0.256 0.193 0.659 0.593 0.660]
  eval: e=0.1724  p=[0.415 0.859 0.688 0.551 0.273 0.257 0.193 0.642 0.597 0.661]
    24           42         0.170139         contract outside
  eval: e=0.1793  p=[0.397 0.857 0.717 0.550 0.281 0.256 0.198 0.586 0.615 0.674]
  eval: e=0.1715  p=[0.422 0.853 0.701 0.549 0.273 0.259 0.191 0.640 0.597 0.656]
    25           44         0.170139         contract inside
  eval: e=0.1763  p=[0.417 0.906 0.697 0.557 0.274 0.263 0.192 0.618 0.598 0.653]
    26           45         0.170139         reflect
  eval: e=0.1722  p=[0.414 0.877 0.690 0.557 0.273 0.258 0.193 0.663 0.598 0.657]
    27           46         0.170139         reflect
  eval: e=0.1823  p=[0.413 0.816 0.708 0.546 0.276 0.254 0.194 0.644 0.605 0.667]
  eval: e=0.1702  p=[0.416 0.884 0.699 0.554 0.274 0.261 0.192 0.624 0.599 0.657]
    28           48         0.170139         contract inside
  eval: e=0.1713  p=[0.414 0.867 0.696 0.558 0.278 0.258 0.193 0.661 0.568 0.656]
    29           49         0.170139         reflect
  eval: e=0.1695  p=[0.414 0.870 0.717 0.555 0.278 0.260 0.193 0.628 0.593 0.657]
  eval: e=0.1749  p=[0.414 0.875 0.731 0.556 0.280 0.262 0.192 0.621 0.591 0.656]
    30           51         0.169453         reflect
  eval: e=0.1698  p=[0.419 0.881 0.705 0.556 0.279 0.253 0.194 0.623 0.593 0.661]
    31           52         0.169453         reflect
  eval: e=0.1768  p=[0.417 0.856 0.721 0.549 0.281 0.258 0.193 0.596 0.591 0.662]
  eval: e=0.1686  p=[0.415 0.872 0.698 0.555 0.275 0.258 0.193 0.646 0.596 0.658]
    32           54         0.168613         contract inside
  eval: e=0.1719  p=[0.407 0.884 0.709 0.558 0.281 0.257 0.195 0.619 0.592 0.663]
  eval: e=0.1690  p=[0.419 0.861 0.703 0.552 0.275 0.259 0.192 0.635 0.596 0.658]
    33           56         0.168613         contract inside
  eval: e=0.1728  p=[0.420 0.875 0.706 0.530 0.281 0.261 0.198 0.624 0.592 0.667]
  eval: e=0.1689  p=[0.413 0.865 0.704 0.562 0.275 0.257 0.191 0.633 0.595 0.657]
    34           58         0.168613         contract inside
  eval: e=0.1649  p=[0.414 0.877 0.705 0.552 0.282 0.256 0.193 0.650 0.597 0.629]
  eval: e=0.1623  p=[0.412 0.886 0.705 0.551 0.287 0.254 0.193 0.669 0.599 0.600]
    35           60         0.162254         expand
  eval: e=0.1791  p=[0.416 0.874 0.715 0.546 0.278 0.257 0.194 0.604 0.628 0.647]
  eval: e=0.1674  p=[0.414 0.869 0.701 0.555 0.278 0.258 0.193 0.647 0.583 0.654]
    36           62         0.162254         contract inside
  eval: e=0.1690  p=[0.421 0.863 0.689 0.575 0.279 0.262 0.195 0.622 0.590 0.641]
    37           63         0.162254         reflect
  eval: e=0.1741  p=[0.416 0.889 0.701 0.568 0.266 0.256 0.194 0.675 0.577 0.635]
  eval: e=0.1680  p=[0.416 0.862 0.703 0.551 0.283 0.259 0.193 0.615 0.602 0.656]
    38           65         0.162254         contract inside
  eval: e=0.1687  p=[0.416 0.854 0.706 0.559 0.282 0.255 0.195 0.645 0.589 0.641]
    39           66         0.162254         reflect
  eval: e=0.1638  p=[0.416 0.877 0.703 0.561 0.286 0.256 0.186 0.645 0.594 0.651]
    40           67         0.162254         reflect
  eval: e=0.1720  p=[0.412 0.855 0.700 0.559 0.280 0.262 0.191 0.654 0.595 0.634]
  eval: e=0.1673  p=[0.417 0.874 0.704 0.557 0.279 0.256 0.193 0.631 0.593 0.654]
    41           69         0.162254         contract inside
  eval: e=0.1697  p=[0.418 0.867 0.686 0.561 0.282 0.254 0.192 0.649 0.594 0.637]
  eval: e=0.1674  p=[0.415 0.869 0.709 0.556 0.279 0.259 0.193 0.633 0.594 0.652]
    42           71         0.162254         contract inside
  eval: e=0.1640  p=[0.413 0.878 0.701 0.565 0.285 0.256 0.193 0.642 0.592 0.635]
    43           72         0.162254         reflect
  eval: e=0.1656  p=[0.409 0.878 0.718 0.540 0.283 0.252 0.190 0.659 0.597 0.650]
    44           73         0.162254         reflect
  eval: e=0.1627  p=[0.415 0.879 0.705 0.548 0.288 0.256 0.193 0.654 0.593 0.634]
    45           74         0.162254         reflect
  eval: e=0.1672  p=[0.413 0.895 0.703 0.549 0.283 0.258 0.189 0.643 0.600 0.648]
    46           75         0.162254         reflect
  eval: e=0.1649  p=[0.414 0.882 0.713 0.551 0.291 0.255 0.190 0.642 0.593 0.629]
    47           76         0.162254         reflect
  eval: e=0.1622  p=[0.412 0.895 0.710 0.555 0.285 0.253 0.189 0.677 0.585 0.626]
  eval: e=0.1612  p=[0.410 0.911 0.713 0.557 0.286 0.249 0.187 0.708 0.577 0.611]
    48           78         0.161153         expand
  eval: e=0.1636  p=[0.412 0.897 0.714 0.552 0.291 0.252 0.188 0.658 0.604 0.619]
    49           79         0.161153         reflect
  eval: e=0.1594  p=[0.411 0.902 0.707 0.550 0.293 0.250 0.188 0.677 0.595 0.614]
  eval: e=0.1555  p=[0.409 0.919 0.706 0.547 0.300 0.245 0.185 0.699 0.595 0.595]
    50           81         0.155526         expand
  eval: e=0.1573  p=[0.407 0.906 0.713 0.547 0.297 0.251 0.186 0.693 0.595 0.600]
    51           82         0.155526         reflect
  eval: e=0.1594  p=[0.411 0.887 0.715 0.555 0.296 0.248 0.189 0.690 0.588 0.597]
    52           83         0.155526         reflect
  eval: e=0.1562  p=[0.415 0.907 0.699 0.567 0.298 0.253 0.188 0.681 0.589 0.584]
    53           84         0.155526         reflect
  eval: e=0.1610  p=[0.411 0.908 0.702 0.559 0.291 0.249 0.188 0.706 0.592 0.597]
    54           85         0.155526         reflect
  eval: e=0.1552  p=[0.411 0.918 0.714 0.544 0.299 0.246 0.184 0.719 0.594 0.583]
  eval: e=0.1516  p=[0.410 0.938 0.720 0.533 0.305 0.242 0.179 0.757 0.594 0.556]
    55           87         0.151614         expand
  eval: e=0.1530  p=[0.406 0.930 0.715 0.543 0.302 0.244 0.189 0.738 0.591 0.548]
    56           88         0.151614         reflect
  eval: e=0.1610  p=[0.409 0.917 0.704 0.549 0.299 0.246 0.187 0.741 0.579 0.565]
    57           89         0.151614         reflect
  eval: e=0.1543  p=[0.405 0.943 0.713 0.554 0.304 0.241 0.181 0.763 0.588 0.537]
    58           90         0.151614         reflect
  eval: e=0.1508  p=[0.406 0.947 0.715 0.551 0.309 0.239 0.179 0.767 0.578 0.557]
  eval: e=0.1474  p=[0.403 0.978 0.720 0.550 0.320 0.231 0.173 0.816 0.568 0.536]
    59           92         0.147384         expand
  eval: e=0.1476  p=[0.408 0.935 0.708 0.544 0.317 0.240 0.182 0.748 0.599 0.532]
    60           93         0.147384         reflect
  eval: e=0.1530  p=[0.408 0.932 0.718 0.551 0.307 0.243 0.181 0.718 0.601 0.571]
    61           94         0.147384         reflect
  eval: e=0.1477  p=[0.406 0.947 0.724 0.540 0.318 0.238 0.179 0.755 0.590 0.535]
    62           95         0.147384         reflect
  eval: e=0.1445  p=[0.404 0.979 0.712 0.540 0.318 0.238 0.175 0.783 0.594 0.522]
  eval: e=6.5931  p=[0.401 1.000 0.711 0.532 0.328 0.233 0.168 0.829 0.597 0.484]
    63           97         0.144478         reflect
  eval: e=0.1439  p=[0.408 0.976 0.715 0.546 0.321 0.232 0.177 0.798 0.586 0.503]
  eval: e=1.3415  p=[0.408 1.000 0.716 0.546 0.334 0.222 0.173 0.851 0.582 0.454]
    64           99         0.143895         reflect
  eval: e=0.1434  p=[0.398 0.989 0.731 0.522 0.324 0.226 0.172 0.834 0.593 0.503]
  eval: e=9.1855  p=[0.390 1.000 0.746 0.500 0.337 0.212 0.164 0.911 0.595 0.462]
    65          101         0.143425         reflect
  eval: e=0.1444  p=[0.402 0.991 0.729 0.538 0.327 0.230 0.173 0.843 0.585 0.473]
    66          102         0.143425         reflect
  eval: e=0.1434  p=[0.406 0.976 0.725 0.527 0.328 0.232 0.175 0.795 0.593 0.519]
    67          103         0.143425         reflect
  eval: e=0.1381  p=[0.404 0.998 0.725 0.536 0.335 0.226 0.165 0.831 0.589 0.502]
  eval: e=10.2145  p=[0.403 1.000 0.730 0.532 0.351 0.218 0.152 0.878 0.588 0.480]
    68          105         0.138105         reflect
  eval: e=0.9190  p=[0.402 1.000 0.724 0.525 0.335 0.224 0.169 0.875 0.578 0.465]
  eval: e=0.1476  p=[0.406 0.952 0.719 0.544 0.314 0.238 0.178 0.757 0.595 0.545]
    69          107         0.138105         contract inside
  eval: e=0.5495  p=[0.399 1.000 0.722 0.544 0.340 0.225 0.171 0.835 0.584 0.478]
  eval: e=0.1474  p=[0.407 0.955 0.720 0.536 0.314 0.237 0.177 0.777 0.592 0.537]
    70          109         0.138105         contract inside
  eval: e=0.1437  p=[0.404 0.998 0.717 0.537 0.326 0.228 0.170 0.842 0.589 0.500]
    71          110         0.138105         reflect
  eval: e=0.2542  p=[0.402 1.000 0.721 0.531 0.332 0.226 0.170 0.857 0.583 0.481]
  eval: e=0.1450  p=[0.405 0.964 0.720 0.541 0.319 0.235 0.176 0.782 0.592 0.529]
    72          112         0.138105         contract inside
  eval: e=6.8177  p=[0.401 1.000 0.735 0.531 0.330 0.223 0.164 0.872 0.577 0.492]
  eval: e=0.1451  p=[0.406 0.958 0.715 0.541 0.320 0.236 0.178 0.779 0.594 0.522]
    73          114         0.138105         contract inside
  eval: e=0.5674  p=[0.401 1.000 0.722 0.540 0.334 0.225 0.170 0.844 0.585 0.485]
  eval: e=0.1450  p=[0.406 0.968 0.721 0.537 0.319 0.234 0.175 0.794 0.590 0.524]
    74          116         0.138105         contract inside
  eval: e=0.1435  p=[0.406 0.982 0.722 0.523 0.327 0.232 0.174 0.801 0.613 0.483]
    75          117         0.138105         reflect
  eval: e=0.5678  p=[0.403 1.000 0.728 0.529 0.329 0.227 0.169 0.842 0.591 0.489]
  eval: e=0.1436  p=[0.405 0.970 0.718 0.538 0.322 0.234 0.176 0.795 0.593 0.514]
    76          119         0.138105         contract inside
  eval: e=0.1396  p=[0.403 0.997 0.722 0.533 0.331 0.228 0.171 0.827 0.595 0.486]
    77          120         0.138105         reflect
  eval: e=0.5795  p=[0.403 1.000 0.724 0.527 0.333 0.226 0.170 0.848 0.594 0.472]
  eval: e=0.1433  p=[0.405 0.975 0.721 0.537 0.322 0.233 0.174 0.799 0.593 0.515]
    78          122         0.138105         contract inside
  eval: e=0.1411  p=[0.404 0.991 0.733 0.527 0.335 0.222 0.170 0.850 0.592 0.478]
    79          123         0.138105         reflect
  eval: e=0.1433  p=[0.406 0.979 0.717 0.527 0.327 0.229 0.172 0.791 0.602 0.527]
    80          124         0.138105         reflect
  eval: e=0.1407  p=[0.400 0.995 0.732 0.515 0.334 0.226 0.167 0.835 0.604 0.502]
    81          125         0.138105         reflect
  eval: e=0.1469  p=[0.404 0.972 0.732 0.520 0.331 0.229 0.173 0.790 0.604 0.506]
  eval: e=0.1414  p=[0.404 0.992 0.721 0.533 0.327 0.229 0.171 0.829 0.593 0.501]
    82          127         0.138105         contract inside
  eval: e=0.3718  p=[0.402 1.000 0.731 0.518 0.336 0.223 0.167 0.844 0.600 0.489]
  eval: e=0.1422  p=[0.404 0.979 0.722 0.533 0.326 0.231 0.173 0.807 0.595 0.508]
    83          129         0.138105         contract inside
  eval: e=0.1412  p=[0.401 0.992 0.728 0.536 0.331 0.224 0.168 0.839 0.577 0.525]
    84          130         0.138105         reflect
  eval: e=0.1623  p=[0.400 1.000 0.725 0.532 0.330 0.223 0.166 0.853 0.594 0.490]
  eval: e=0.1416  p=[0.404 0.982 0.725 0.529 0.329 0.230 0.173 0.810 0.593 0.512]
    85          132         0.138105         contract inside
  eval: e=0.1381  p=[0.409 0.987 0.718 0.539 0.335 0.230 0.169 0.809 0.594 0.508]
  eval: e=0.1360  p=[0.414 0.986 0.712 0.547 0.340 0.232 0.167 0.797 0.594 0.511]
    86          134         0.135973         expand
  eval: e=0.1409  p=[0.402 0.998 0.731 0.538 0.335 0.227 0.167 0.854 0.583 0.481]
    87          135         0.135973         reflect
  eval: e=0.6194  p=[0.403 1.000 0.729 0.528 0.342 0.222 0.164 0.857 0.591 0.487]
  eval: e=0.1414  p=[0.404 0.983 0.723 0.535 0.327 0.230 0.172 0.813 0.592 0.508]
    88          137         0.135973         contract inside
  eval: e=0.3157  p=[0.404 1.000 0.729 0.533 0.339 0.224 0.165 0.850 0.588 0.493]
  eval: e=0.1408  p=[0.404 0.985 0.723 0.533 0.329 0.229 0.171 0.818 0.593 0.504]
    89          139         0.135973         contract inside
  eval: e=0.1510  p=[0.404 1.000 0.725 0.538 0.336 0.225 0.165 0.849 0.590 0.488]
  eval: e=0.1403  p=[0.404 0.987 0.725 0.531 0.331 0.229 0.171 0.820 0.592 0.506]
    90          141         0.135973         contract inside
  eval: e=0.1379  p=[0.405 0.991 0.730 0.533 0.338 0.226 0.167 0.828 0.589 0.499]
    91          142         0.135973         reflect
  eval: e=0.1466  p=[0.404 1.000 0.729 0.531 0.341 0.224 0.165 0.847 0.590 0.491]
  eval: e=0.1402  p=[0.404 0.987 0.724 0.534 0.331 0.229 0.170 0.822 0.591 0.503]
    92          144         0.135973         contract inside
  eval: e=0.1388  p=[0.408 0.991 0.724 0.530 0.337 0.231 0.169 0.817 0.608 0.470]
    93          145         0.135973         reflect
  eval: e=0.1402  p=[0.406 0.992 0.717 0.538 0.333 0.234 0.167 0.800 0.596 0.515]
    94          146         0.135973         reflect
  eval: e=0.1444  p=[0.408 0.984 0.715 0.528 0.333 0.231 0.169 0.785 0.608 0.519]
  eval: e=0.1390  p=[0.404 0.994 0.727 0.535 0.334 0.228 0.168 0.837 0.589 0.490]
    95          148         0.135973         contract inside
  eval: e=0.1372  p=[0.406 0.999 0.724 0.533 0.340 0.229 0.165 0.825 0.597 0.493]
    96          149         0.135973         reflect
  eval: e=0.1371  p=[0.411 0.989 0.715 0.555 0.336 0.232 0.169 0.806 0.585 0.493]
    97          150         0.135973         reflect
  eval: e=0.1358  p=[0.409 0.998 0.719 0.544 0.341 0.230 0.165 0.818 0.595 0.487]
  eval: e=0.2523  p=[0.411 1.000 0.716 0.550 0.346 0.231 0.162 0.817 0.596 0.477]
    98          152         0.135753         reflect
  eval: e=0.1381  p=[0.407 0.994 0.728 0.538 0.340 0.224 0.168 0.842 0.591 0.472]
    99          153         0.135753         reflect
  eval: e=0.1348  p=[0.410 1.000 0.721 0.543 0.344 0.229 0.165 0.824 0.595 0.477]
  eval: e=0.5050  p=[0.412 1.000 0.719 0.547 0.350 0.229 0.162 0.825 0.597 0.464]
   100          155         0.134785         reflect
  eval: e=0.1341  p=[0.413 0.991 0.722 0.546 0.346 0.229 0.162 0.817 0.591 0.493]
  eval: e=0.1315  p=[0.417 0.988 0.722 0.553 0.354 0.230 0.157 0.812 0.589 0.497]
   101          157         0.131466         expand
  eval: e=0.1350  p=[0.414 0.992 0.716 0.547 0.346 0.230 0.163 0.804 0.597 0.490]
   102          158         0.131466         reflect
  eval: e=0.1334  p=[0.412 0.996 0.718 0.556 0.346 0.227 0.161 0.820 0.576 0.514]
   103          159         0.131466         reflect
  eval: e=0.1368  p=[0.413 0.994 0.713 0.551 0.344 0.234 0.160 0.791 0.591 0.521]
   104          160         0.131466         reflect
  eval: e=0.1330  p=[0.418 0.989 0.713 0.557 0.351 0.233 0.163 0.794 0.592 0.494]
   105          161         0.131466         reflect
  eval: e=0.1321  p=[0.420 0.996 0.705 0.564 0.350 0.235 0.160 0.790 0.593 0.496]
   106          162         0.131466         reflect
  eval: e=0.1315  p=[0.421 0.987 0.707 0.570 0.351 0.234 0.161 0.786 0.584 0.503]
  eval: e=0.1294  p=[0.429 0.981 0.698 0.588 0.356 0.236 0.160 0.767 0.578 0.508]
   107          164         0.129361         expand
  eval: e=0.1318  p=[0.420 0.995 0.713 0.555 0.359 0.231 0.155 0.798 0.596 0.506]
   108          165         0.129361         reflect
  eval: e=0.1313  p=[0.420 0.991 0.715 0.559 0.353 0.228 0.163 0.814 0.590 0.475]
   109          166         0.129361         reflect
  eval: e=0.1287  p=[0.420 0.999 0.716 0.566 0.359 0.230 0.156 0.811 0.586 0.477]
  eval: e=0.3808  p=[0.423 1.000 0.718 0.575 0.369 0.229 0.150 0.818 0.582 0.461]
   110          168         0.128658         reflect
  eval: e=0.1275  p=[0.427 0.987 0.708 0.574 0.363 0.231 0.156 0.788 0.584 0.500]
  eval: e=0.1237  p=[0.437 0.982 0.703 0.589 0.374 0.232 0.152 0.774 0.578 0.506]
   111          170         0.123693         expand
  eval: e=0.1268  p=[0.426 0.991 0.708 0.579 0.363 0.232 0.155 0.797 0.577 0.500]
   112          171         0.123693         reflect
  eval: e=0.1250  p=[0.434 0.981 0.702 0.590 0.369 0.234 0.152 0.771 0.576 0.517]
   113          172         0.123693         reflect
  eval: e=0.1259  p=[0.437 0.982 0.701 0.584 0.372 0.237 0.154 0.765 0.595 0.481]
   114          173         0.123693         reflect
  eval: e=0.1239  p=[0.434 0.988 0.703 0.588 0.371 0.232 0.149 0.786 0.579 0.499]
   115          174         0.123693         reflect
  eval: e=0.1230  p=[0.435 0.980 0.711 0.586 0.376 0.230 0.150 0.789 0.576 0.497]
  eval: e=0.1195  p=[0.442 0.972 0.714 0.597 0.389 0.227 0.145 0.789 0.568 0.498]
   116          176          0.11952         expand
  eval: e=0.1255  p=[0.439 0.976 0.704 0.604 0.374 0.233 0.153 0.779 0.568 0.486]
   117          177          0.11952         reflect
  eval: e=0.1208  p=[0.446 0.980 0.690 0.616 0.382 0.235 0.150 0.758 0.570 0.493]
   118          178          0.11952         reflect
  eval: e=0.1185  p=[0.449 0.976 0.693 0.621 0.389 0.237 0.142 0.746 0.565 0.518]
  eval: e=0.1138  p=[0.464 0.969 0.683 0.652 0.407 0.242 0.131 0.712 0.552 0.540]
   119          180         0.113779         expand
  eval: e=0.1160  p=[0.447 0.983 0.707 0.605 0.396 0.231 0.140 0.782 0.572 0.492]
   120          181         0.113779         reflect
  eval: e=0.1162  p=[0.461 0.962 0.687 0.635 0.400 0.237 0.140 0.732 0.561 0.525]
   121          182         0.113779         reflect
  eval: e=0.1144  p=[0.462 0.965 0.690 0.633 0.404 0.236 0.138 0.733 0.566 0.507]
   122          183         0.113779         reflect
  eval: e=0.1175  p=[0.456 0.970 0.696 0.638 0.401 0.230 0.136 0.758 0.543 0.532]
   123          184         0.113779         reflect
  eval: e=0.1145  p=[0.457 0.974 0.691 0.625 0.405 0.234 0.133 0.739 0.565 0.536]
   124          185         0.113779         reflect
  eval: e=0.1106  p=[0.467 0.968 0.691 0.646 0.417 0.233 0.131 0.741 0.555 0.508]
  eval: e=0.1060  p=[0.483 0.961 0.686 0.673 0.440 0.232 0.121 0.726 0.545 0.504]
   125          187         0.105973         expand
  eval: e=0.1081  p=[0.477 0.955 0.686 0.664 0.429 0.235 0.128 0.714 0.545 0.528]
   126          188         0.105973         reflect
  eval: e=0.1084  p=[0.482 0.956 0.683 0.679 0.436 0.236 0.121 0.715 0.540 0.525]
   127          189         0.105973         reflect
  eval: e=0.1044  p=[0.480 0.953 0.695 0.665 0.439 0.234 0.117 0.721 0.541 0.544]
  eval: e=0.0976  p=[0.497 0.939 0.697 0.689 0.468 0.233 0.100 0.703 0.526 0.570]
   128          191        0.0975916         expand
  eval: e=0.1040  p=[0.496 0.955 0.667 0.702 0.448 0.242 0.113 0.674 0.535 0.554]
   129          192        0.0975916         reflect
  eval: e=0.1040  p=[0.489 0.954 0.680 0.674 0.445 0.242 0.117 0.688 0.558 0.524]
   130          193        0.0975916         reflect
  eval: e=0.0997  p=[0.490 0.960 0.687 0.684 0.456 0.235 0.108 0.705 0.540 0.531]
   131          194        0.0975916         reflect
  eval: e=0.1018  p=[0.513 0.935 0.663 0.730 0.472 0.243 0.103 0.640 0.523 0.572]
   132          195        0.0975916         reflect
  eval: e=0.1035  p=[0.513 0.936 0.673 0.731 0.476 0.241 0.103 0.663 0.521 0.535]
   133          196        0.0975916         reflect
  eval: e=0.0972  p=[0.519 0.939 0.671 0.742 0.492 0.241 0.091 0.655 0.510 0.569]
  eval: e=0.0999  p=[0.548 0.927 0.661 0.797 0.536 0.243 0.067 0.617 0.482 0.600]
   134          198        0.0972128         reflect
  eval: e=0.0983  p=[0.528 0.929 0.676 0.742 0.506 0.234 0.090 0.665 0.516 0.542]
   135          199        0.0972128         reflect
  eval: e=0.0940  p=[0.519 0.936 0.674 0.727 0.490 0.239 0.094 0.652 0.524 0.561]
  eval: e=0.0894  p=[0.537 0.926 0.669 0.750 0.517 0.241 0.080 0.620 0.517 0.579]
   136          201        0.0893593         expand
  eval: e=0.0921  p=[0.536 0.931 0.668 0.759 0.515 0.241 0.077 0.634 0.513 0.568]
   137          202        0.0893593         reflect
  eval: e=0.0919  p=[0.540 0.920 0.664 0.767 0.519 0.246 0.075 0.603 0.507 0.605]
   138          203        0.0893593         reflect
  eval: e=0.1017  p=[0.545 0.920 0.667 0.786 0.528 0.238 0.071 0.624 0.483 0.601]
   139          204        0.0893593         reflect
  eval: e=0.0914  p=[0.548 0.913 0.680 0.775 0.542 0.237 0.066 0.628 0.496 0.581]
   140          205        0.0893593         reflect
  eval: e=0.0869  p=[0.538 0.927 0.675 0.754 0.527 0.237 0.070 0.633 0.506 0.609]
  eval: e=0.0824  p=[0.550 0.923 0.677 0.766 0.552 0.235 0.053 0.618 0.499 0.646]
   141          207        0.0824335         expand
  eval: e=0.0828  p=[0.546 0.926 0.688 0.762 0.547 0.233 0.060 0.651 0.499 0.587]
   142          208        0.0824335         reflect
  eval: e=0.0935  p=[0.513 0.941 0.688 0.701 0.494 0.237 0.089 0.672 0.541 0.555]
   143          209        0.0824335         reflect
  eval: e=0.0925  p=[0.573 0.898 0.668 0.806 0.575 0.240 0.048 0.585 0.485 0.629]
   144          210        0.0824335         reflect
  eval: e=0.0860  p=[0.544 0.922 0.678 0.762 0.539 0.243 0.059 0.610 0.502 0.636]
   145          211        0.0824335         reflect
  eval: e=0.0863  p=[0.584 0.908 0.653 0.829 0.590 0.246 0.040 0.553 0.488 0.621]
   146          212        0.0824335         reflect
  eval: e=0.0788  p=[0.576 0.902 0.676 0.793 0.586 0.239 0.039 0.580 0.499 0.632]
  eval: e=0.0747  p=[0.604 0.884 0.678 0.818 0.634 0.238 0.012 0.542 0.494 0.663]
   147          214        0.0747047         expand
  eval: e=0.1021  p=[0.599 0.889 0.657 0.857 0.612 0.243 0.025 0.536 0.459 0.668]
  eval: e=0.0866  p=[0.535 0.928 0.680 0.740 0.524 0.239 0.073 0.638 0.521 0.583]
   148          216        0.0747047         contract inside
  eval: e=0.0906  p=[0.532 0.939 0.679 0.740 0.521 0.240 0.071 0.635 0.522 0.584]
   149          217        0.0747047         reflect
  eval: e=0.0801  p=[0.568 0.906 0.682 0.783 0.582 0.238 0.041 0.586 0.495 0.649]
   150          218        0.0747047         reflect
  eval: e=0.0770  p=[0.569 0.915 0.689 0.778 0.591 0.232 0.036 0.613 0.499 0.621]
   151          219        0.0747047         reflect
  eval: e=0.0917  p=[0.565 0.923 0.675 0.771 0.578 0.240 0.038 0.585 0.511 0.653]
  eval: e=0.0842  p=[0.553 0.915 0.679 0.774 0.551 0.238 0.059 0.617 0.500 0.599]
   152          221        0.0747047         contract inside
  eval: e=0.0824  p=[0.586 0.892 0.676 0.813 0.604 0.237 0.031 0.575 0.481 0.652]
   153          222        0.0747047         reflect
  eval: e=0.0738  p=[0.590 0.897 0.686 0.815 0.625 0.235 0.013 0.580 0.479 0.672]
  eval: e=4.5350  p=[0.617 0.883 0.695 0.847 0.679 0.232 0.000 0.560 0.460 0.719]
   154          224          0.07385         reflect
  eval: e=0.0779  p=[0.604 0.889 0.677 0.839 0.639 0.236 0.008 0.551 0.466 0.686]
   155          225          0.07385         reflect
  eval: e=0.0793  p=[0.559 0.905 0.709 0.752 0.582 0.227 0.035 0.636 0.495 0.661]
   156          226          0.07385         reflect
  eval: e=0.0739  p=[0.601 0.888 0.690 0.818 0.643 0.227 0.011 0.584 0.479 0.651]
   157          227          0.07385         reflect
  eval: e=0.0715  p=[0.603 0.890 0.692 0.815 0.649 0.230 0.000 0.570 0.477 0.699]
  eval: e=8.5385  p=[0.628 0.877 0.698 0.836 0.698 0.226 0.000 0.546 0.466 0.749]
   158          229        0.0714929         reflect
  eval: e=1.4894  p=[0.621 0.872 0.683 0.837 0.673 0.234 0.000 0.520 0.474 0.733]
  eval: e=0.0778  p=[0.564 0.912 0.687 0.781 0.579 0.233 0.042 0.618 0.493 0.623]
   159          231        0.0714929         contract inside
  eval: e=0.0807  p=[0.576 0.910 0.698 0.780 0.611 0.229 0.019 0.605 0.494 0.662]
   160          232        0.0714929         reflect
  eval: e=1.0991  p=[0.617 0.877 0.701 0.830 0.675 0.230 0.000 0.559 0.476 0.672]
  eval: e=0.0780  p=[0.567 0.911 0.683 0.782 0.583 0.234 0.037 0.603 0.493 0.652]
   161          234        0.0714929         contract inside
  eval: e=0.0820  p=[0.590 0.890 0.677 0.816 0.610 0.237 0.028 0.572 0.480 0.654]
  eval: e=0.0759  p=[0.579 0.905 0.692 0.789 0.611 0.231 0.021 0.597 0.491 0.660]
   162          236        0.0714929         contract inside
  eval: e=0.0713  p=[0.600 0.893 0.695 0.814 0.646 0.227 0.002 0.593 0.478 0.669]
  eval: e=3.0752  p=[0.617 0.887 0.702 0.830 0.678 0.221 0.000 0.596 0.469 0.679]
   163          238         0.071252         reflect
  eval: e=0.0807  p=[0.618 0.892 0.665 0.857 0.657 0.238 0.002 0.534 0.474 0.658]
  eval: e=0.0754  p=[0.573 0.902 0.698 0.779 0.601 0.230 0.026 0.611 0.490 0.661]
   164          240         0.071252         contract inside
  eval: e=0.1748  p=[0.611 0.884 0.694 0.827 0.661 0.230 0.000 0.568 0.476 0.669]
  eval: e=0.0755  p=[0.578 0.904 0.686 0.793 0.602 0.233 0.027 0.595 0.489 0.656]
   165          242         0.071252         contract inside
  eval: e=0.0773  p=[0.569 0.909 0.702 0.761 0.597 0.227 0.031 0.630 0.507 0.629]
   166          243         0.071252         reflect
  eval: e=0.4391  p=[0.609 0.885 0.695 0.815 0.661 0.228 0.000 0.564 0.484 0.693]
  eval: e=0.0752  p=[0.576 0.906 0.689 0.789 0.599 0.232 0.030 0.605 0.490 0.641]
   167          245         0.071252         contract inside
  eval: e=0.0776  p=[0.606 0.888 0.677 0.841 0.643 0.236 0.005 0.548 0.466 0.689]
  eval: e=0.0745  p=[0.578 0.904 0.696 0.781 0.609 0.229 0.024 0.609 0.497 0.644]
   168          247         0.071252         contract inside
  eval: e=0.1192  p=[0.607 0.880 0.691 0.825 0.653 0.231 0.000 0.564 0.473 0.703]
  eval: e=0.0747  p=[0.579 0.906 0.690 0.789 0.606 0.231 0.026 0.601 0.493 0.641]
   169          249         0.071252         contract inside
  eval: e=0.0744  p=[0.597 0.890 0.687 0.813 0.632 0.231 0.013 0.581 0.482 0.660]
   170          250         0.071252         reflect
  eval: e=0.0711  p=[0.602 0.888 0.695 0.813 0.646 0.229 0.004 0.581 0.483 0.664]
  eval: e=0.5540  p=[0.614 0.879 0.699 0.823 0.669 0.228 0.000 0.574 0.480 0.668]
   171          252        0.0711048         reflect
  eval: e=0.0742  p=[0.613 0.887 0.682 0.835 0.657 0.232 0.001 0.559 0.480 0.660]
   172          253        0.0711048         reflect
  eval: e=0.7808  p=[0.618 0.880 0.689 0.833 0.670 0.230 0.000 0.555 0.478 0.684]
  eval: e=0.0736  p=[0.586 0.899 0.689 0.800 0.617 0.232 0.020 0.592 0.487 0.652]
   173          255        0.0711048         contract inside
  eval: e=0.4140  p=[0.616 0.878 0.688 0.835 0.665 0.231 0.000 0.558 0.474 0.686]
  eval: e=0.0731  p=[0.588 0.899 0.689 0.801 0.621 0.231 0.018 0.590 0.488 0.652]
   174          257        0.0711048         contract inside
  eval: e=0.0710  p=[0.588 0.904 0.702 0.802 0.635 0.222 0.009 0.626 0.472 0.661]
  eval: e=0.0710  p=[0.580 0.913 0.714 0.795 0.636 0.214 0.008 0.668 0.462 0.660]
   175          259        0.0709577         reflect
  eval: e=0.4023  p=[0.616 0.883 0.686 0.845 0.666 0.230 0.000 0.562 0.464 0.684]
  eval: e=0.0725  p=[0.587 0.899 0.693 0.797 0.623 0.229 0.017 0.597 0.489 0.654]
   176          261        0.0709577         contract inside
  eval: e=0.0708  p=[0.595 0.899 0.695 0.809 0.640 0.228 0.006 0.593 0.480 0.667]
  eval: e=0.0711  p=[0.594 0.903 0.699 0.806 0.645 0.226 0.002 0.599 0.479 0.671]
   177          263        0.0708048         reflect
  eval: e=0.0730  p=[0.576 0.904 0.704 0.782 0.612 0.226 0.019 0.623 0.482 0.668]
   178          264        0.0708048         reflect
  eval: e=0.0740  p=[0.582 0.906 0.698 0.792 0.620 0.231 0.011 0.605 0.484 0.680]
  eval: e=0.0723  p=[0.597 0.893 0.692 0.811 0.637 0.228 0.011 0.589 0.480 0.659]
   179          266        0.0708048         contract inside
  eval: e=0.0701  p=[0.594 0.896 0.703 0.794 0.640 0.222 0.009 0.611 0.484 0.657]
  eval: e=0.0694  p=[0.596 0.895 0.711 0.784 0.648 0.215 0.007 0.626 0.487 0.649]
   180          268        0.0694293         expand
  eval: e=0.0940  p=[0.600 0.893 0.705 0.806 0.655 0.221 0.000 0.605 0.476 0.677]
  eval: e=0.0722  p=[0.590 0.898 0.693 0.802 0.626 0.229 0.015 0.596 0.484 0.658]
   181          270        0.0694293         contract inside
  eval: e=0.0692  p=[0.599 0.893 0.705 0.805 0.652 0.221 0.000 0.609 0.474 0.677]
  eval: e=0.9119  p=[0.604 0.890 0.713 0.807 0.667 0.216 0.000 0.618 0.468 0.690]
   182          272        0.0692099         reflect
  eval: e=0.3243  p=[0.616 0.886 0.691 0.828 0.668 0.226 0.000 0.573 0.479 0.663]
  eval: e=0.0715  p=[0.586 0.900 0.700 0.794 0.626 0.226 0.013 0.610 0.481 0.667]
   183          274        0.0692099         contract inside
  eval: e=0.1718  p=[0.604 0.892 0.703 0.813 0.658 0.222 0.000 0.601 0.471 0.680]
  eval: e=0.0714  p=[0.591 0.897 0.696 0.801 0.632 0.227 0.012 0.598 0.484 0.661]
   184          276        0.0692099         contract inside
  eval: e=0.0702  p=[0.594 0.898 0.704 0.797 0.643 0.223 0.003 0.611 0.480 0.676]
   185          277        0.0692099         reflect
  eval: e=0.1978  p=[0.601 0.894 0.706 0.805 0.657 0.221 0.000 0.608 0.475 0.680]
  eval: e=0.0712  p=[0.593 0.897 0.696 0.803 0.634 0.227 0.010 0.599 0.482 0.663]
   186          279        0.0692099         contract inside
  eval: e=0.1325  p=[0.606 0.891 0.698 0.815 0.659 0.224 0.000 0.591 0.478 0.670]
  eval: e=0.0708  p=[0.591 0.897 0.700 0.799 0.634 0.225 0.009 0.605 0.481 0.668]
   187          281        0.0692099         contract inside
  eval: e=0.0700  p=[0.587 0.902 0.708 0.790 0.633 0.219 0.012 0.638 0.483 0.632]
   188          282        0.0692099         reflect
  eval: e=0.0688  p=[0.597 0.896 0.707 0.803 0.650 0.220 0.001 0.618 0.476 0.665]
  eval: e=0.2909  p=[0.600 0.896 0.712 0.803 0.660 0.216 0.000 0.627 0.472 0.667]
   189          284        0.0688122         reflect
  eval: e=0.0699  p=[0.588 0.901 0.709 0.787 0.638 0.219 0.010 0.628 0.482 0.656]
   190          285        0.0688122         reflect
  eval: e=0.0683  p=[0.595 0.898 0.711 0.795 0.650 0.217 0.002 0.628 0.478 0.659]
  eval: e=0.1130  p=[0.596 0.899 0.718 0.792 0.658 0.213 0.000 0.643 0.476 0.658]
   191          287        0.0683279         reflect
  eval: e=0.0687  p=[0.584 0.909 0.716 0.781 0.638 0.213 0.007 0.656 0.476 0.658]
   192          288        0.0683279         reflect
  eval: e=0.0709  p=[0.597 0.894 0.711 0.788 0.650 0.218 0.002 0.616 0.487 0.660]
  eval: e=0.0697  p=[0.595 0.897 0.709 0.791 0.646 0.219 0.004 0.619 0.483 0.660]
   193          290        0.0683279         contract outside
  eval: e=0.0678  p=[0.595 0.900 0.715 0.789 0.653 0.213 0.001 0.640 0.480 0.652]
  eval: e=0.1614  p=[0.597 0.902 0.723 0.785 0.662 0.207 0.000 0.657 0.479 0.644]
   194          292        0.0678417         reflect
  eval: e=0.0675  p=[0.591 0.899 0.724 0.776 0.650 0.208 0.004 0.661 0.480 0.650]
  eval: e=0.0667  p=[0.589 0.899 0.738 0.760 0.654 0.198 0.003 0.695 0.480 0.641]
   195          294        0.0666615         expand
  eval: e=0.0674  p=[0.591 0.900 0.721 0.781 0.649 0.208 0.007 0.661 0.480 0.634]
   196          295        0.0666615         reflect
  eval: e=0.2135  p=[0.599 0.896 0.720 0.785 0.663 0.210 0.000 0.637 0.476 0.678]
  eval: e=0.0688  p=[0.590 0.901 0.711 0.789 0.640 0.217 0.008 0.638 0.481 0.644]
   197          297        0.0666615         contract inside
  eval: e=0.1231  p=[0.598 0.897 0.719 0.789 0.659 0.209 0.000 0.650 0.477 0.652]
  eval: e=0.0690  p=[0.591 0.900 0.712 0.787 0.643 0.217 0.007 0.634 0.481 0.655]
   198          299        0.0666615         contract inside
  eval: e=0.0676  p=[0.591 0.902 0.720 0.784 0.649 0.209 0.004 0.662 0.475 0.646]
   199          300        0.0666615         reflect
  eval: e=0.0680  p=[0.588 0.905 0.720 0.790 0.648 0.212 0.001 0.662 0.469 0.658]
   200          301        0.0666615         reflect
  eval: e=0.0672  p=[0.583 0.909 0.729 0.767 0.643 0.203 0.008 0.690 0.480 0.625]
   201          302        0.0666615         reflect
  eval: e=0.0671  p=[0.590 0.904 0.726 0.780 0.652 0.205 0.001 0.676 0.474 0.642]
   202          303        0.0666615         reflect
  eval: e=0.0761  p=[0.591 0.904 0.730 0.777 0.657 0.203 0.000 0.680 0.472 0.652]
  eval: e=0.0681  p=[0.590 0.901 0.716 0.786 0.645 0.213 0.006 0.648 0.479 0.646]
   203          305        0.0666615         contract inside
  eval: e=0.0669  p=[0.582 0.909 0.736 0.760 0.646 0.199 0.007 0.706 0.478 0.627]
   204          306        0.0666615         reflect
  eval: e=0.0667  p=[0.595 0.896 0.731 0.777 0.660 0.203 0.001 0.678 0.478 0.628]
   205          307        0.0666615         reflect
  eval: e=0.0668  p=[0.584 0.907 0.740 0.759 0.650 0.195 0.006 0.715 0.477 0.620]
   206          308        0.0666615         reflect
  eval: e=0.0662  p=[0.587 0.905 0.740 0.763 0.657 0.196 0.002 0.709 0.475 0.629]
  eval: e=0.0659  p=[0.586 0.906 0.752 0.752 0.663 0.187 0.000 0.739 0.473 0.620]
   207          310        0.0659057         expand
  eval: e=0.0665  p=[0.589 0.902 0.741 0.751 0.656 0.193 0.007 0.710 0.486 0.610]
   208          311        0.0659057         reflect
  eval: e=0.0674  p=[0.581 0.906 0.752 0.745 0.652 0.187 0.008 0.747 0.477 0.606]
   209          312        0.0659057         reflect
  eval: e=0.0663  p=[0.584 0.906 0.753 0.743 0.656 0.187 0.005 0.741 0.482 0.604]
   210          313        0.0659057         reflect
  eval: e=0.0663  p=[0.581 0.909 0.758 0.738 0.657 0.184 0.003 0.759 0.477 0.611]
   211          314        0.0659057         reflect
  eval: e=0.0669  p=[0.592 0.903 0.729 0.773 0.656 0.204 0.000 0.675 0.480 0.639]
   212          315        0.0659057         reflect
  eval: e=0.0939  p=[0.591 0.900 0.751 0.752 0.667 0.188 0.000 0.729 0.477 0.623]
  eval: e=0.0667  p=[0.585 0.906 0.735 0.763 0.649 0.199 0.006 0.700 0.479 0.625]
   213          317        0.0659057         contract inside
  eval: e=0.0665  p=[0.583 0.905 0.757 0.735 0.657 0.185 0.006 0.747 0.484 0.603]
   214          318        0.0659057         reflect
  eval: e=0.0672  p=[0.580 0.906 0.759 0.735 0.654 0.182 0.008 0.763 0.479 0.599]
  eval: e=0.0664  p=[0.589 0.904 0.737 0.763 0.655 0.199 0.002 0.697 0.480 0.629]
   215          320        0.0659057         contract inside
  eval: e=0.0657  p=[0.591 0.899 0.752 0.748 0.666 0.187 0.000 0.730 0.481 0.611]
  eval: e=0.1730  p=[0.596 0.894 0.760 0.743 0.675 0.182 0.000 0.743 0.483 0.602]
   216          322         0.065722         reflect
  eval: e=0.0661  p=[0.591 0.899 0.751 0.747 0.664 0.189 0.001 0.724 0.483 0.616]
   217          323         0.065722         reflect
  eval: e=0.0673  p=[0.579 0.911 0.764 0.723 0.655 0.178 0.006 0.771 0.483 0.606]
  eval: e=0.0661  p=[0.591 0.900 0.739 0.764 0.659 0.197 0.002 0.701 0.480 0.622]
   218          325         0.065722         contract inside
  eval: e=0.0659  p=[0.590 0.899 0.760 0.737 0.668 0.182 0.000 0.749 0.482 0.609]
   219          326         0.065722         reflect
  eval: e=0.0659  p=[0.586 0.907 0.762 0.736 0.666 0.179 0.003 0.764 0.482 0.586]
   220          327         0.065722         reflect
  eval: e=0.0928  p=[0.592 0.901 0.744 0.761 0.665 0.192 0.000 0.716 0.477 0.620]
  eval: e=0.0662  p=[0.586 0.904 0.754 0.741 0.659 0.186 0.004 0.739 0.482 0.607]
   221          329         0.065722         contract inside
  eval: e=0.1402  p=[0.586 0.905 0.762 0.743 0.667 0.183 0.000 0.759 0.474 0.613]
  eval: e=0.0661  p=[0.588 0.903 0.746 0.749 0.659 0.190 0.004 0.722 0.483 0.611]
   222          331         0.065722         contract inside
  eval: e=0.0662  p=[0.586 0.903 0.769 0.728 0.668 0.175 0.002 0.777 0.481 0.590]
   223          332         0.065722         reflect
  eval: e=0.0657  p=[0.594 0.896 0.749 0.751 0.668 0.188 0.002 0.719 0.485 0.605]
  eval: e=0.0657  p=[0.601 0.890 0.745 0.757 0.674 0.191 0.001 0.698 0.488 0.602]
   224          334        0.0656565         expand
  eval: e=0.0914  p=[0.595 0.896 0.753 0.749 0.673 0.186 0.000 0.728 0.482 0.611]
  eval: e=0.0660  p=[0.587 0.903 0.753 0.744 0.660 0.187 0.003 0.738 0.482 0.606]
   225          336        0.0656565         contract inside
  eval: e=0.0664  p=[0.593 0.899 0.734 0.767 0.660 0.200 0.002 0.684 0.482 0.628]
  eval: e=0.0659  p=[0.588 0.902 0.760 0.738 0.666 0.181 0.002 0.754 0.481 0.600]
   226          338        0.0656565         contract inside
  eval: e=0.0739  p=[0.594 0.898 0.751 0.753 0.670 0.188 0.000 0.725 0.481 0.609]
  eval: e=0.0659  p=[0.588 0.902 0.753 0.744 0.662 0.187 0.003 0.736 0.482 0.608]
   227          340        0.0656565         contract inside
  eval: e=0.0661  p=[0.588 0.902 0.768 0.727 0.671 0.175 0.001 0.770 0.484 0.591]
  eval: e=0.0659  p=[0.590 0.900 0.746 0.755 0.662 0.191 0.002 0.718 0.481 0.615]
   228          342        0.0656565         contract inside
  eval: e=0.0851  p=[0.591 0.899 0.760 0.743 0.671 0.182 0.000 0.748 0.480 0.604]
  eval: e=0.0659  p=[0.589 0.902 0.750 0.748 0.662 0.188 0.003 0.729 0.482 0.609]
   229          344        0.0656565         contract inside
  eval: e=0.0660  p=[0.588 0.903 0.756 0.745 0.665 0.183 0.003 0.747 0.479 0.597]
  eval: e=0.0658  p=[0.589 0.902 0.755 0.746 0.665 0.185 0.002 0.741 0.480 0.602]
   230          346        0.0656565         contract outside
  eval: e=0.0660  p=[0.593 0.898 0.754 0.748 0.670 0.185 0.000 0.734 0.481 0.606]
  eval: e=0.0656  p=[0.591 0.900 0.754 0.747 0.668 0.185 0.001 0.735 0.481 0.606]
   231          348        0.0656198         contract outside
  eval: e=0.0659  p=[0.593 0.899 0.754 0.748 0.670 0.185 0.000 0.736 0.481 0.604]
   232          349        0.0656198         reflect
  eval: e=0.0672  p=[0.596 0.893 0.744 0.759 0.666 0.193 0.000 0.701 0.480 0.629]
  eval: e=0.0658  p=[0.588 0.903 0.757 0.742 0.666 0.183 0.002 0.749 0.482 0.597]
   233          351        0.0656198         contract inside
  eval: e=0.0658  p=[0.592 0.901 0.744 0.759 0.664 0.191 0.003 0.717 0.480 0.604]
   234          352        0.0656198         reflect
  eval: e=0.0670  p=[0.593 0.899 0.754 0.751 0.671 0.185 0.000 0.735 0.479 0.603]
  eval: e=0.0658  p=[0.590 0.901 0.751 0.748 0.664 0.187 0.002 0.730 0.482 0.607]
   235          354        0.0656198         contract inside
  eval: e=0.0657  p=[0.597 0.893 0.752 0.746 0.670 0.186 0.003 0.723 0.490 0.589]
   236          355        0.0656198         reflect
  eval: e=0.0656  p=[0.597 0.896 0.742 0.761 0.668 0.193 0.001 0.702 0.484 0.608]
   237          356        0.0656198         reflect
  eval: e=0.0655  p=[0.595 0.896 0.755 0.746 0.673 0.183 0.001 0.734 0.485 0.591]
  eval: e=0.0654  p=[0.598 0.894 0.759 0.742 0.679 0.179 0.001 0.742 0.488 0.580]
   238          358        0.0653727         expand
  eval: e=0.0657  p=[0.594 0.897 0.748 0.751 0.667 0.189 0.003 0.717 0.487 0.597]
   239          359        0.0653727         reflect
  eval: e=0.0656  p=[0.599 0.893 0.746 0.755 0.672 0.190 0.001 0.707 0.488 0.598]
   240          360        0.0653727         reflect
  eval: e=0.0658  p=[0.598 0.892 0.757 0.741 0.675 0.183 0.000 0.730 0.490 0.595]
  eval: e=0.0656  p=[0.596 0.894 0.754 0.745 0.672 0.185 0.001 0.727 0.487 0.597]
   241          362        0.0653727         contract outside
  eval: e=0.0654  p=[0.601 0.891 0.751 0.750 0.676 0.186 0.001 0.716 0.490 0.590]
   242          363        0.0653727         reflect
  eval: e=0.0656  p=[0.605 0.886 0.743 0.759 0.676 0.191 0.001 0.691 0.491 0.599]
   243          364        0.0653727         reflect
  eval: e=0.0835  p=[0.601 0.890 0.752 0.751 0.677 0.186 0.000 0.717 0.487 0.599]
  eval: e=0.0656  p=[0.596 0.895 0.749 0.751 0.669 0.188 0.002 0.717 0.487 0.598]
   244          366        0.0653727         contract inside
  eval: e=0.0656  p=[0.605 0.887 0.747 0.754 0.679 0.188 0.002 0.701 0.494 0.583]
   245          367        0.0653727         reflect
  eval: e=0.0689  p=[0.601 0.892 0.746 0.759 0.677 0.189 0.000 0.704 0.485 0.603]
  eval: e=0.0656  p=[0.598 0.893 0.751 0.749 0.672 0.187 0.002 0.718 0.489 0.593]
   246          369        0.0653727         contract inside
  eval: e=0.0655  p=[0.596 0.896 0.754 0.745 0.672 0.184 0.001 0.733 0.488 0.588]
   247          370        0.0653727         reflect
  eval: e=0.0656  p=[0.591 0.902 0.758 0.741 0.669 0.182 0.002 0.749 0.484 0.589]
  eval: e=0.0655  p=[0.601 0.890 0.747 0.754 0.674 0.189 0.001 0.705 0.489 0.596]
   248          372        0.0653727         contract inside
  eval: e=0.0654  p=[0.600 0.893 0.746 0.757 0.674 0.189 0.002 0.708 0.488 0.591]
   249          373        0.0653727         reflect
  eval: e=0.0656  p=[0.600 0.891 0.759 0.739 0.679 0.180 0.001 0.735 0.492 0.577]
   250          374        0.0653727         reflect
  eval: e=0.0653  p=[0.602 0.890 0.754 0.748 0.680 0.183 0.000 0.723 0.491 0.583]
  eval: e=0.0698  p=[0.605 0.888 0.757 0.746 0.685 0.181 0.000 0.726 0.492 0.575]
   251          376        0.0653235         reflect
  eval: e=0.0655  p=[0.608 0.884 0.749 0.752 0.684 0.185 0.002 0.703 0.498 0.569]
   252          377        0.0653235         reflect
  eval: e=0.0655  p=[0.596 0.895 0.756 0.744 0.673 0.183 0.000 0.737 0.486 0.590]
   253          378        0.0653235         reflect
  eval: e=0.0654  p=[0.601 0.890 0.759 0.741 0.681 0.179 0.001 0.737 0.492 0.573]
   254          379        0.0653235         reflect
  eval: e=0.0653  p=[0.603 0.890 0.757 0.746 0.683 0.181 0.000 0.729 0.491 0.575]
  eval: e=0.0750  p=[0.606 0.889 0.760 0.744 0.688 0.178 0.000 0.735 0.492 0.566]
   255          381        0.0652645         reflect
  eval: e=0.0653  p=[0.601 0.892 0.748 0.756 0.676 0.188 0.000 0.712 0.488 0.590]
   256          382        0.0652645         reflect
  eval: e=0.0653  p=[0.600 0.893 0.760 0.742 0.681 0.178 0.001 0.742 0.490 0.569]
   257          383        0.0652645         reflect
  eval: e=0.0669  p=[0.591 0.901 0.760 0.742 0.671 0.181 0.000 0.753 0.480 0.596]
  eval: e=0.0654  p=[0.604 0.888 0.752 0.749 0.681 0.184 0.001 0.715 0.494 0.576]
   258          385        0.0652645         contract inside
  eval: e=0.0652  p=[0.605 0.887 0.754 0.750 0.684 0.182 0.000 0.719 0.492 0.575]
  eval: e=0.0691  p=[0.610 0.883 0.754 0.752 0.690 0.182 0.000 0.713 0.494 0.568]
   259          387        0.0651816         reflect
  eval: e=0.0652  p=[0.607 0.886 0.752 0.752 0.686 0.183 0.001 0.712 0.494 0.570]
   260          388        0.0651816         reflect
  eval: e=0.0652  p=[0.604 0.890 0.757 0.746 0.684 0.179 0.001 0.732 0.491 0.567]
   261          389        0.0651816         reflect
  eval: e=0.0680  p=[0.605 0.888 0.764 0.738 0.689 0.175 0.000 0.744 0.494 0.561]
  eval: e=0.0653  p=[0.601 0.891 0.751 0.752 0.678 0.185 0.001 0.717 0.489 0.583]
   262          391        0.0651816         contract inside
  eval: e=0.0652  p=[0.607 0.886 0.749 0.754 0.684 0.186 0.001 0.706 0.495 0.572]
   263          392        0.0651816         reflect
  eval: e=0.0652  p=[0.606 0.889 0.748 0.758 0.682 0.187 0.000 0.705 0.491 0.579]
  eval: e=0.0676  p=[0.608 0.888 0.742 0.766 0.683 0.190 0.000 0.689 0.491 0.582]
   264          394        0.0651619         reflect
  eval: e=0.0658  p=[0.603 0.891 0.754 0.751 0.683 0.182 0.000 0.724 0.489 0.576]
  eval: e=0.0653  p=[0.604 0.889 0.752 0.750 0.681 0.184 0.001 0.718 0.492 0.576]
   265          396        0.0651619         contract inside
  eval: e=0.0651  p=[0.606 0.889 0.751 0.753 0.684 0.183 0.001 0.716 0.492 0.569]
  eval: e=0.0651  p=[0.608 0.888 0.750 0.756 0.686 0.183 0.001 0.712 0.493 0.562]
   266          398        0.0650997         expand
  eval: e=0.0652  p=[0.609 0.885 0.744 0.762 0.684 0.189 0.000 0.690 0.493 0.580]
   267          399        0.0650997         reflect
  eval: e=0.0652  p=[0.610 0.884 0.755 0.749 0.690 0.180 0.001 0.717 0.497 0.558]
   268          400        0.0650997         reflect
  eval: e=0.0651  p=[0.611 0.883 0.753 0.753 0.691 0.182 0.000 0.711 0.496 0.559]
  eval: e=0.0683  p=[0.616 0.879 0.754 0.753 0.698 0.180 0.000 0.707 0.500 0.548]
   269          402        0.0650967         reflect
  eval: e=0.0650  p=[0.610 0.885 0.751 0.755 0.690 0.183 0.000 0.709 0.494 0.563]
  eval: e=0.0654  p=[0.613 0.883 0.751 0.758 0.694 0.182 0.000 0.705 0.495 0.557]
   270          404        0.0650301         reflect
  eval: e=0.0651  p=[0.613 0.883 0.746 0.761 0.690 0.186 0.001 0.693 0.496 0.562]
   271          405        0.0650301         reflect
  eval: e=0.0651  p=[0.607 0.888 0.759 0.745 0.690 0.177 0.000 0.733 0.495 0.553]
   272          406        0.0650301         reflect
  eval: e=0.0651  p=[0.609 0.886 0.753 0.753 0.689 0.182 0.000 0.716 0.494 0.560]
   273          407        0.0650301         reflect
  eval: e=0.0654  p=[0.606 0.889 0.749 0.757 0.684 0.185 0.000 0.711 0.491 0.573]
  eval: e=0.0651  p=[0.609 0.885 0.753 0.751 0.689 0.181 0.001 0.715 0.495 0.561]
   274          409        0.0650301         contract inside
  eval: e=0.0650  p=[0.609 0.887 0.756 0.751 0.691 0.179 0.000 0.723 0.493 0.556]
  eval: e=0.0650  p=[0.610 0.888 0.759 0.749 0.695 0.175 0.000 0.732 0.492 0.548]
   275          411         0.065026         reflect
  eval: e=0.0650  p=[0.614 0.882 0.747 0.761 0.692 0.185 0.000 0.695 0.497 0.560]
   276          412         0.065026         reflect
  eval: e=0.0650  p=[0.614 0.883 0.749 0.759 0.694 0.183 0.001 0.703 0.497 0.548]
  eval: e=0.0650  p=[0.618 0.881 0.746 0.764 0.698 0.183 0.001 0.695 0.500 0.535]
   277          414        0.0649944         reflect
  eval: e=0.0650  p=[0.615 0.881 0.756 0.751 0.698 0.177 0.001 0.717 0.499 0.538]
   278          415        0.0649944         reflect
  eval: e=0.0650  p=[0.615 0.881 0.743 0.766 0.692 0.187 0.000 0.686 0.496 0.561]
   279          416        0.0649944         reflect
  eval: e=0.0650  p=[0.615 0.883 0.747 0.762 0.694 0.184 0.000 0.698 0.496 0.553]
  eval: e=0.0652  p=[0.618 0.881 0.744 0.768 0.696 0.185 0.000 0.690 0.496 0.548]
   280          418        0.0649917         reflect
  eval: e=0.0660  p=[0.617 0.879 0.750 0.758 0.698 0.182 0.000 0.698 0.499 0.551]
  eval: e=0.0650  p=[0.610 0.886 0.750 0.757 0.689 0.183 0.001 0.709 0.494 0.559]
   281          420        0.0649917         contract inside
  eval: e=0.0650  p=[0.614 0.884 0.747 0.763 0.692 0.184 0.001 0.699 0.495 0.553]
   282          421        0.0649917         reflect
  eval: e=0.0650  p=[0.616 0.881 0.746 0.764 0.696 0.185 0.001 0.691 0.497 0.550]
   283          422        0.0649917         reflect
  eval: e=0.0650  p=[0.614 0.884 0.753 0.757 0.696 0.180 0.000 0.713 0.496 0.546]
   284          423        0.0649917         reflect
  eval: e=0.0650  p=[0.611 0.886 0.757 0.750 0.694 0.177 0.000 0.726 0.495 0.544]
  eval: e=0.0650  p=[0.614 0.882 0.747 0.762 0.693 0.185 0.000 0.696 0.496 0.557]
   285          425        0.0649917         contract inside
  eval: e=0.0651  p=[0.612 0.883 0.746 0.761 0.690 0.186 0.001 0.695 0.496 0.561]
  eval: e=0.0650  p=[0.613 0.884 0.751 0.758 0.694 0.181 0.000 0.708 0.496 0.550]
   286          427        0.0649774         contract inside
  eval: e=0.0650  p=[0.612 0.885 0.753 0.756 0.694 0.179 0.001 0.715 0.495 0.545]
  eval: e=0.0650  p=[0.613 0.884 0.751 0.757 0.694 0.181 0.001 0.710 0.495 0.549]
   287          429        0.0649774         contract outside
  eval: e=0.0651  p=[0.611 0.886 0.743 0.766 0.687 0.188 0.000 0.692 0.492 0.570]
  eval: e=0.0650  p=[0.614 0.883 0.753 0.755 0.695 0.180 0.001 0.711 0.497 0.546]
   288          431        0.0649774         contract inside
  eval: e=0.0650  p=[0.616 0.881 0.749 0.761 0.697 0.182 0.000 0.701 0.497 0.546]
  eval: e=0.0649  p=[0.619 0.879 0.749 0.762 0.702 0.181 0.000 0.697 0.498 0.540]
   289          433        0.0649491         expand
  eval: e=0.0650  p=[0.618 0.881 0.748 0.764 0.699 0.182 0.001 0.698 0.498 0.537]
   290          434        0.0649491         reflect
  eval: e=0.0650  p=[0.616 0.881 0.752 0.756 0.698 0.180 0.000 0.708 0.498 0.545]
   291          435        0.0649491         reflect
  eval: e=0.0650  p=[0.611 0.884 0.752 0.754 0.691 0.182 0.000 0.711 0.495 0.562]
  eval: e=0.0650  p=[0.616 0.882 0.749 0.761 0.697 0.182 0.001 0.701 0.497 0.543]
   292          437        0.0649491         contract inside
  eval: e=0.0650  p=[0.621 0.878 0.743 0.768 0.700 0.185 0.001 0.682 0.501 0.540]
  eval: e=0.0650  p=[0.612 0.885 0.753 0.755 0.693 0.180 0.000 0.713 0.495 0.552]
   293          439        0.0649491         contract inside
  eval: e=0.0652  p=[0.613 0.884 0.755 0.754 0.695 0.179 0.000 0.718 0.496 0.546]
  eval: e=0.0650  p=[0.615 0.882 0.748 0.761 0.695 0.183 0.001 0.698 0.497 0.549]
   294          441        0.0649491         contract inside
  eval: e=0.0650  p=[0.617 0.880 0.748 0.761 0.697 0.183 0.000 0.696 0.498 0.547]
   295          442        0.0649491         reflect
  eval: e=0.0650  p=[0.616 0.882 0.753 0.757 0.699 0.179 0.000 0.711 0.498 0.538]
   296          443        0.0649491         reflect
  eval: e=0.0649  p=[0.617 0.882 0.747 0.764 0.698 0.183 0.000 0.696 0.497 0.547]
   297          444        0.0649491         reflect
  eval: e=0.0650  p=[0.617 0.880 0.751 0.760 0.700 0.180 0.000 0.702 0.497 0.544]
  eval: e=0.0650  p=[0.615 0.883 0.749 0.759 0.695 0.182 0.000 0.703 0.497 0.547]
   298          446        0.0649491         contract inside
  eval: e=0.0650  p=[0.617 0.881 0.753 0.757 0.700 0.179 0.000 0.708 0.498 0.539]
   299          447        0.0649491         reflect
  eval: e=0.0650  p=[0.620 0.879 0.748 0.764 0.702 0.182 0.000 0.693 0.500 0.537]
   300          448        0.0649491         reflect
  eval: e=0.0650  p=[0.617 0.881 0.751 0.759 0.699 0.181 0.000 0.702 0.498 0.545]
   301          449        0.0649491         reflect
  eval: e=0.0650  p=[0.617 0.881 0.747 0.764 0.696 0.184 0.000 0.694 0.497 0.550]
   302          450        0.0649491         reflect
  eval: e=0.0657  p=[0.618 0.881 0.751 0.759 0.701 0.180 0.000 0.704 0.498 0.540]
  eval: e=0.0650  p=[0.616 0.881 0.749 0.761 0.697 0.182 0.000 0.699 0.497 0.547]
   303          452        0.0649491         contract inside
  eval: e=0.0650  p=[0.618 0.881 0.746 0.766 0.698 0.184 0.000 0.692 0.497 0.545]
   304          453        0.0649491         reflect
  eval: e=0.0650  p=[0.618 0.880 0.744 0.767 0.696 0.186 0.000 0.685 0.497 0.553]
  eval: e=0.0650  p=[0.617 0.882 0.751 0.759 0.699 0.180 0.000 0.705 0.498 0.542]
   305          455        0.0649491         contract inside
  eval: e=0.0650  p=[0.621 0.878 0.746 0.766 0.702 0.183 0.000 0.687 0.500 0.539]
  eval: e=0.0650  p=[0.615 0.882 0.750 0.760 0.696 0.182 0.000 0.703 0.497 0.547]
   306          457        0.0649491         contract inside
  eval: e=0.0651  p=[0.620 0.879 0.748 0.764 0.701 0.182 0.000 0.693 0.498 0.542]
  eval: e=0.0650  p=[0.616 0.882 0.749 0.761 0.697 0.182 0.000 0.700 0.497 0.546]
   307          459        0.0649491         contract inside
  eval: e=0.0650  p=[0.613 0.884 0.750 0.759 0.694 0.182 0.000 0.704 0.495 0.554]
   308          460        0.0649491         reflect
  eval: e=0.0650  p=[0.617 0.882 0.751 0.759 0.699 0.180 0.000 0.705 0.498 0.542]
   309          461        0.0649491         reflect
  eval: e=0.0650  p=[0.615 0.882 0.753 0.755 0.697 0.179 0.000 0.710 0.497 0.546]
  eval: e=0.0650  p=[0.617 0.881 0.748 0.763 0.698 0.183 0.000 0.696 0.497 0.545]
   310          463        0.0649491         contract inside
  eval: e=0.0650  p=[0.617 0.881 0.750 0.760 0.699 0.181 0.000 0.702 0.497 0.544]
  eval: e=0.0650  p=[0.616 0.881 0.749 0.761 0.697 0.182 0.000 0.700 0.497 0.546]
   311          465        0.0649491         contract inside
  eval: e=0.0650  p=[0.616 0.883 0.751 0.760 0.698 0.180 0.000 0.705 0.497 0.543]
   312          466        0.0649491         reflect
  eval: e=0.0650  p=[0.616 0.883 0.748 0.763 0.696 0.182 0.000 0.700 0.496 0.546]
  eval: e=0.0650  p=[0.617 0.881 0.750 0.760 0.698 0.181 0.000 0.702 0.498 0.545]
   313          468        0.0649491         contract inside
  eval: e=0.0649  p=[0.617 0.881 0.750 0.760 0.699 0.181 0.000 0.702 0.497 0.544]
  eval: e=0.0649  p=[0.617 0.881 0.751 0.760 0.700 0.180 0.000 0.703 0.497 0.543]
   314          470        0.0649386         reflect
  eval: e=0.0649  p=[0.618 0.881 0.749 0.762 0.700 0.181 0.000 0.700 0.497 0.542]
   315          471        0.0649386         reflect
  eval: e=0.0649  p=[0.617 0.881 0.748 0.763 0.698 0.182 0.000 0.697 0.496 0.548]
  eval: e=0.0650  p=[0.617 0.881 0.747 0.764 0.698 0.183 0.000 0.693 0.496 0.552]
   316          473        0.0649385         reflect
  eval: e=0.0649  p=[0.617 0.882 0.750 0.761 0.700 0.181 0.000 0.701 0.497 0.544]
  eval: e=0.0651  p=[0.617 0.882 0.750 0.762 0.701 0.181 0.000 0.702 0.496 0.543]
   317          475        0.0649301         reflect
  eval: e=0.0650  p=[0.621 0.879 0.749 0.763 0.704 0.180 0.000 0.696 0.499 0.534]
  eval: e=0.0649  p=[0.615 0.882 0.750 0.760 0.696 0.182 0.000 0.702 0.496 0.549]
   318          477        0.0649301         contract inside
  eval: e=0.0650  p=[0.617 0.881 0.747 0.764 0.698 0.183 0.000 0.695 0.497 0.548]
  eval: e=0.0649  p=[0.617 0.881 0.750 0.760 0.699 0.181 0.000 0.702 0.497 0.543]
   319          479        0.0649301         contract inside
  eval: e=0.0649  p=[0.617 0.882 0.751 0.759 0.700 0.180 0.000 0.705 0.497 0.544]
   320          480        0.0649301         reflect
  eval: e=0.0649  p=[0.617 0.882 0.749 0.763 0.699 0.181 0.000 0.700 0.496 0.544]
   321          481        0.0649301         reflect
  eval: e=0.0650  p=[0.618 0.880 0.748 0.763 0.700 0.182 0.000 0.695 0.497 0.546]
  eval: e=0.0649  p=[0.616 0.882 0.750 0.761 0.699 0.181 0.000 0.703 0.497 0.544]
   322          483        0.0649301         contract inside
  eval: e=0.0649  p=[0.617 0.881 0.752 0.759 0.701 0.179 0.000 0.706 0.497 0.542]
   323          484        0.0649301         reflect
  eval: e=0.0649  p=[0.614 0.884 0.751 0.759 0.697 0.181 0.000 0.706 0.495 0.549]
   324          485        0.0649301         reflect
  eval: e=0.0649  p=[0.616 0.882 0.750 0.761 0.699 0.181 0.000 0.702 0.496 0.547]
  eval: e=0.0651  p=[0.616 0.882 0.749 0.762 0.698 0.181 0.000 0.702 0.495 0.549]
   325          487        0.0649266         reflect
  eval: e=0.0649  p=[0.618 0.881 0.750 0.761 0.702 0.180 0.000 0.702 0.497 0.541]
   326          488        0.0649266         reflect
  eval: e=0.0649  p=[0.617 0.881 0.750 0.761 0.700 0.181 0.000 0.701 0.496 0.545]
   327          489        0.0649266         reflect
  eval: e=0.0649  p=[0.616 0.883 0.751 0.760 0.699 0.180 0.000 0.705 0.495 0.547]
   328          490        0.0649266         reflect
  eval: e=0.0650  p=[0.616 0.883 0.748 0.763 0.698 0.183 0.000 0.698 0.495 0.549]
  eval: e=0.0649  p=[0.617 0.882 0.751 0.760 0.700 0.180 0.000 0.704 0.497 0.544]
   329          492        0.0649266         contract inside
  eval: e=0.0649  p=[0.616 0.882 0.750 0.761 0.699 0.181 0.000 0.702 0.496 0.547]
  eval: e=0.0649  p=[0.616 0.883 0.750 0.762 0.700 0.181 0.000 0.702 0.495 0.548]
   330          494        0.0649073         expand
  eval: e=0.0649  p=[0.616 0.883 0.752 0.759 0.701 0.179 0.000 0.709 0.496 0.542]
   331          495        0.0649073         reflect
  eval: e=0.0649  p=[0.617 0.881 0.750 0.761 0.701 0.181 0.000 0.701 0.497 0.542]
   332          496        0.0649073         reflect
  eval: e=0.0649  p=[0.617 0.882 0.749 0.762 0.700 0.181 0.000 0.701 0.496 0.545]
   333          497        0.0649073         reflect
  eval: e=0.0649  p=[0.619 0.880 0.749 0.763 0.703 0.180 0.000 0.698 0.497 0.539]
   334          498        0.0649073         reflect
  eval: e=0.0649  p=[0.617 0.882 0.749 0.763 0.701 0.181 0.000 0.700 0.496 0.544]
   335          499        0.0649073         reflect
  eval: e=0.0650  p=[0.617 0.882 0.751 0.761 0.702 0.180 0.000 0.704 0.496 0.543]
  eval: e=0.0649  p=[0.617 0.882 0.749 0.762 0.700 0.181 0.000 0.701 0.496 0.544]
   336          501        0.0649073         contract inside
  eval: e=0.0649  p=[0.617 0.882 0.750 0.762 0.701 0.180 0.000 0.702 0.496 0.542]
   337          502        0.0649073         reflect
  eval: e=0.0649  p=[0.617 0.882 0.750 0.762 0.700 0.181 0.000 0.702 0.495 0.545]
  eval: e=0.0649  p=[0.617 0.882 0.750 0.762 0.701 0.181 0.000 0.702 0.496 0.543]
   338          504        0.0649073         contract inside
  eval: e=0.0649  p=[0.617 0.882 0.750 0.762 0.702 0.180 0.000 0.703 0.495 0.543]
   339          505        0.0649073         reflect
  eval: e=0.0649  p=[0.616 0.883 0.749 0.763 0.699 0.181 0.000 0.702 0.495 0.547]
   340          506        0.0649073         reflect
  eval: e=0.0649  p=[0.618 0.882 0.750 0.763 0.703 0.180 0.000 0.702 0.496 0.541]
   341          507        0.0649073         reflect
  eval: e=0.0649  p=[0.614 0.884 0.750 0.761 0.698 0.181 0.000 0.706 0.494 0.549]
   342          508        0.0649073         reflect
  eval: e=0.0649  p=[0.616 0.883 0.750 0.762 0.701 0.180 0.000 0.705 0.495 0.545]
  eval: e=0.0649  p=[0.616 0.884 0.751 0.761 0.701 0.179 0.000 0.707 0.494 0.545]
   343          510        0.0648929         expand
  eval: e=0.0649  p=[0.616 0.884 0.750 0.762 0.700 0.180 0.000 0.705 0.494 0.546]
   344          511        0.0648929         reflect
  eval: e=0.0649  p=[0.617 0.883 0.747 0.765 0.700 0.182 0.000 0.697 0.494 0.547]
   345          512        0.0648929         reflect
  eval: e=0.0649  p=[0.616 0.884 0.750 0.763 0.700 0.181 0.000 0.703 0.494 0.549]
   346          513        0.0648929         reflect
  eval: e=0.0649  p=[0.616 0.884 0.750 0.762 0.701 0.180 0.000 0.704 0.494 0.546]
  eval: e=0.0649  p=[0.616 0.884 0.750 0.762 0.702 0.179 0.000 0.705 0.493 0.547]
   347          515         0.064889         reflect
  eval: e=0.0649  p=[0.617 0.882 0.750 0.762 0.701 0.180 0.000 0.703 0.496 0.542]
  eval: e=0.0649  p=[0.617 0.883 0.750 0.762 0.701 0.180 0.000 0.703 0.495 0.544]
   348          517         0.064889         contract outside
  eval: e=0.0649  p=[0.615 0.884 0.751 0.761 0.700 0.180 0.000 0.706 0.493 0.547]
   349          518         0.064889         reflect
  eval: e=0.0649  p=[0.616 0.884 0.751 0.762 0.702 0.180 0.000 0.705 0.494 0.545]
   350          519         0.064889         reflect
  eval: e=0.0649  p=[0.618 0.882 0.750 0.764 0.704 0.180 0.000 0.700 0.495 0.542]
   351          520         0.064889         reflect
  eval: e=0.0649  p=[0.615 0.884 0.750 0.762 0.699 0.180 0.000 0.705 0.493 0.550]
   352          521         0.064889         reflect
  eval: e=0.0649  p=[0.615 0.885 0.750 0.763 0.700 0.180 0.000 0.704 0.493 0.549]
   353          522         0.064889         reflect
  eval: e=0.0649  p=[0.616 0.884 0.750 0.763 0.702 0.179 0.000 0.705 0.493 0.545]
  eval: e=0.0649  p=[0.616 0.885 0.750 0.764 0.703 0.179 0.000 0.706 0.492 0.543]
   354          524        0.0648708         expand
  eval: e=0.0649  p=[0.615 0.885 0.750 0.763 0.701 0.180 0.000 0.705 0.492 0.548]
  eval: e=0.0649  p=[0.615 0.886 0.750 0.764 0.702 0.179 0.000 0.706 0.491 0.550]
   355          526         0.064867         reflect
  eval: e=0.0649  p=[0.615 0.885 0.753 0.760 0.702 0.178 0.000 0.712 0.492 0.545]
   356          527         0.064867         reflect
  eval: e=0.0650  p=[0.616 0.885 0.750 0.763 0.701 0.180 0.000 0.706 0.492 0.548]
  eval: e=0.0649  p=[0.616 0.884 0.750 0.762 0.701 0.180 0.000 0.705 0.494 0.545]
   357          529         0.064867         contract inside
  eval: e=0.0649  p=[0.616 0.885 0.751 0.763 0.703 0.179 0.000 0.706 0.493 0.546]
   358          530         0.064867         reflect
  eval: e=0.0649  p=[0.613 0.887 0.751 0.760 0.698 0.179 0.000 0.712 0.491 0.551]
   359          531         0.064867         reflect
  eval: e=0.0649  p=[0.615 0.886 0.750 0.763 0.701 0.180 0.000 0.707 0.492 0.549]
  eval: e=0.0648  p=[0.614 0.887 0.750 0.764 0.701 0.180 0.000 0.707 0.490 0.551]
   360          533        0.0648461         expand
  eval: e=0.0649  p=[0.616 0.886 0.751 0.762 0.703 0.178 0.000 0.709 0.492 0.544]
   361          534        0.0648461         reflect
  eval: e=0.0649  p=[0.616 0.885 0.748 0.765 0.700 0.181 0.000 0.701 0.492 0.550]
   362          535        0.0648461         reflect
  eval: e=0.0649  p=[0.615 0.886 0.750 0.764 0.702 0.179 0.000 0.705 0.491 0.548]
   363          536        0.0648461         reflect
  eval: e=0.0649  p=[0.615 0.886 0.751 0.763 0.703 0.179 0.000 0.708 0.491 0.546]
   364          537        0.0648461         reflect
  eval: e=0.0648  p=[0.614 0.887 0.750 0.764 0.702 0.179 0.000 0.709 0.490 0.548]
  eval: e=0.0648  p=[0.614 0.889 0.751 0.765 0.703 0.178 0.000 0.712 0.488 0.549]
   365          539        0.0648193         expand
  eval: e=0.0648  p=[0.614 0.888 0.750 0.765 0.702 0.179 0.000 0.709 0.489 0.550]
   366          540        0.0648193         reflect
  eval: e=0.0648  p=[0.617 0.885 0.749 0.767 0.706 0.179 0.000 0.702 0.491 0.543]
   367          541        0.0648193         reflect
  eval: e=0.0648  p=[0.615 0.887 0.752 0.763 0.705 0.177 0.000 0.713 0.489 0.544]
   368          542        0.0648193         reflect
  eval: e=0.0648  p=[0.615 0.888 0.750 0.766 0.703 0.178 0.000 0.709 0.489 0.547]
   369          543        0.0648193         reflect
  eval: e=0.0648  p=[0.614 0.888 0.751 0.764 0.702 0.179 0.000 0.709 0.489 0.551]
   370          544        0.0648193         reflect
  eval: e=0.0648  p=[0.614 0.888 0.749 0.767 0.703 0.179 0.000 0.707 0.488 0.551]
  eval: e=0.0648  p=[0.614 0.890 0.748 0.769 0.703 0.180 0.000 0.706 0.486 0.554]
   371          546        0.0647824         expand
  eval: e=0.0648  p=[0.614 0.890 0.750 0.767 0.704 0.178 0.000 0.711 0.486 0.548]
   372          547        0.0647824         reflect
  eval: e=0.0648  p=[0.614 0.890 0.749 0.767 0.703 0.179 0.000 0.709 0.486 0.552]
   373          548        0.0647824         reflect
  eval: e=0.0648  p=[0.613 0.890 0.750 0.767 0.704 0.178 0.000 0.712 0.486 0.550]
   374          549        0.0647824         reflect
  eval: e=0.0648  p=[0.611 0.892 0.752 0.764 0.701 0.178 0.000 0.717 0.485 0.556]
   375          550        0.0647824         reflect
  eval: e=0.0648  p=[0.612 0.891 0.748 0.768 0.700 0.180 0.000 0.707 0.485 0.558]
   376          551        0.0647824         reflect
  eval: e=0.0648  p=[0.612 0.893 0.750 0.768 0.704 0.178 0.000 0.713 0.483 0.552]
  eval: e=0.0647  p=[0.611 0.896 0.750 0.771 0.706 0.176 0.000 0.717 0.480 0.552]
   377          553         0.064739         expand
  eval: e=0.0648  p=[0.612 0.893 0.750 0.768 0.703 0.178 0.000 0.712 0.483 0.557]
   378          554         0.064739         reflect
  eval: e=0.0647  p=[0.612 0.894 0.750 0.769 0.704 0.178 0.000 0.713 0.482 0.556]
   379          555         0.064739         reflect
  eval: e=0.0647  p=[0.611 0.895 0.749 0.770 0.704 0.178 0.000 0.714 0.481 0.555]
   380          556         0.064739         reflect
  eval: e=0.0647  p=[0.611 0.895 0.748 0.771 0.704 0.178 0.000 0.712 0.480 0.559]
  eval: e=0.0647  p=[0.610 0.898 0.747 0.774 0.704 0.178 0.000 0.712 0.476 0.564]
   381          558        0.0646726         expand
  eval: e=0.0647  p=[0.610 0.896 0.748 0.771 0.702 0.179 0.000 0.713 0.480 0.562]
   382          559        0.0646726         reflect
  eval: e=0.0647  p=[0.610 0.896 0.748 0.771 0.702 0.179 0.000 0.712 0.479 0.563]
   383          560        0.0646726         reflect
  eval: e=0.0647  p=[0.612 0.895 0.746 0.776 0.705 0.179 0.000 0.705 0.479 0.559]
   384          561        0.0646726         reflect
  eval: e=0.0647  p=[0.609 0.899 0.747 0.774 0.703 0.179 0.000 0.713 0.476 0.564]
  eval: e=0.0646  p=[0.606 0.903 0.746 0.778 0.703 0.179 0.000 0.716 0.471 0.570]
   385          563        0.0646203         expand
  eval: e=0.0647  p=[0.610 0.900 0.749 0.775 0.707 0.176 0.000 0.717 0.474 0.561]
   386          564        0.0646203         reflect
  eval: e=0.0646  p=[0.607 0.903 0.748 0.776 0.705 0.177 0.000 0.720 0.471 0.565]
   387          565        0.0646203         reflect
  eval: e=0.0646  p=[0.608 0.903 0.746 0.778 0.706 0.178 0.000 0.715 0.471 0.565]
   388          566        0.0646203         reflect
  eval: e=0.0646  p=[0.608 0.903 0.746 0.779 0.705 0.178 0.000 0.715 0.470 0.567]
   389          567        0.0646203         reflect
  eval: e=0.0646  p=[0.607 0.904 0.746 0.779 0.705 0.178 0.000 0.715 0.469 0.570]
  eval: e=0.0645  p=[0.605 0.908 0.744 0.784 0.706 0.178 0.000 0.716 0.463 0.578]
   390          569        0.0645333         expand
  eval: e=0.0646  p=[0.606 0.905 0.744 0.782 0.703 0.180 0.000 0.711 0.467 0.578]
   391          570        0.0645333         reflect
  eval: e=0.0646  p=[0.606 0.907 0.744 0.784 0.707 0.178 0.000 0.715 0.465 0.572]
   392          571        0.0645333         reflect
  eval: e=0.0645  p=[0.603 0.910 0.747 0.780 0.704 0.177 0.000 0.725 0.463 0.578]
   393          572        0.0645333         reflect
  eval: e=0.0645  p=[0.604 0.912 0.745 0.787 0.708 0.176 0.000 0.721 0.459 0.577]
  eval: e=0.0645  p=[0.601 0.920 0.743 0.794 0.712 0.175 0.000 0.725 0.449 0.584]
   394          574        0.0644897         expand
  eval: e=0.0645  p=[0.602 0.915 0.744 0.787 0.707 0.176 0.000 0.723 0.457 0.580]
   395          575        0.0644897         reflect
  eval: e=0.0645  p=[0.601 0.916 0.742 0.790 0.705 0.178 0.000 0.719 0.455 0.587]
  eval: e=0.0644  p=[0.597 0.924 0.739 0.797 0.704 0.179 0.000 0.720 0.446 0.600]
   396          577        0.0644165         expand
  eval: e=0.0644  p=[0.600 0.918 0.743 0.790 0.705 0.178 0.000 0.722 0.453 0.590]
   397          578        0.0644165         reflect
  eval: e=0.0644  p=[0.600 0.919 0.740 0.795 0.706 0.179 0.000 0.717 0.450 0.594]
   398          579        0.0644165         reflect
  eval: e=0.0644  p=[0.598 0.923 0.741 0.795 0.707 0.177 0.000 0.723 0.446 0.598]
  eval: e=0.0643  p=[0.593 0.933 0.738 0.803 0.708 0.177 0.000 0.727 0.434 0.613]
   399          581        0.0642927         expand
  eval: e=0.0643  p=[0.596 0.929 0.739 0.802 0.710 0.177 0.000 0.724 0.439 0.603]
   400          582        0.0642927         reflect
  eval: e=0.0643  p=[0.594 0.929 0.740 0.799 0.706 0.178 0.000 0.727 0.439 0.608]
   401          583        0.0642927         reflect
  eval: e=0.0643  p=[0.593 0.936 0.740 0.804 0.711 0.175 0.000 0.734 0.431 0.607]
   402          584        0.0642927         reflect
  eval: e=0.0643  p=[0.593 0.936 0.735 0.811 0.711 0.178 0.000 0.722 0.429 0.614]
   403          585        0.0642927         reflect
  eval: e=0.0643  p=[0.589 0.943 0.736 0.813 0.710 0.176 0.001 0.733 0.422 0.621]
  eval: e=0.0642  p=[0.580 0.960 0.732 0.827 0.711 0.175 0.001 0.741 0.401 0.642]
   404          587        0.0642478         expand
  eval: e=0.0642  p=[0.587 0.945 0.733 0.817 0.709 0.178 0.000 0.728 0.418 0.631]
  eval: e=0.0641  p=[0.580 0.961 0.728 0.832 0.710 0.178 0.001 0.731 0.398 0.657]
   405          589        0.0641252         expand
  eval: e=0.0642  p=[0.584 0.949 0.732 0.818 0.704 0.180 0.000 0.728 0.415 0.642]
   406          590        0.0641252         reflect
  eval: e=0.0642  p=[0.582 0.957 0.730 0.828 0.710 0.177 0.001 0.733 0.403 0.646]
   407          591        0.0641252         reflect
  eval: e=0.0641  p=[0.579 0.963 0.731 0.829 0.711 0.176 0.001 0.740 0.397 0.652]
  eval: e=0.0640  p=[0.568 0.984 0.726 0.846 0.713 0.175 0.001 0.752 0.371 0.681]
   408          593        0.0640147         expand
  eval: e=0.0641  p=[0.576 0.971 0.729 0.837 0.715 0.174 0.001 0.744 0.386 0.662]
   409          594        0.0640147         reflect
  eval: e=0.0641  p=[0.572 0.974 0.727 0.839 0.710 0.177 0.001 0.743 0.383 0.671]
   410          595        0.0640147         reflect
  eval: e=0.0641  p=[0.570 0.983 0.723 0.850 0.715 0.176 0.001 0.744 0.372 0.679]
   411          596        0.0640147         reflect
  eval: e=0.0640  p=[0.567 0.986 0.720 0.854 0.711 0.178 0.001 0.740 0.367 0.694]
   412          597        0.0640147         reflect
  eval: e=0.0640  p=[0.561 0.996 0.722 0.856 0.711 0.176 0.001 0.754 0.357 0.704]
  eval: e=6.8968  p=[0.545 1.000 0.715 0.879 0.711 0.175 0.001 0.770 0.321 0.749]
   413          599        0.0639824         reflect
  eval: e=1.3994  p=[0.555 1.000 0.715 0.874 0.715 0.176 0.001 0.755 0.337 0.723]
  eval: e=0.0642  p=[0.583 0.952 0.733 0.821 0.709 0.177 0.001 0.734 0.410 0.640]
   414          601        0.0639824         contract inside
  eval: e=0.0640  p=[0.568 0.982 0.722 0.849 0.711 0.178 0.001 0.739 0.372 0.693]
  eval: e=0.0640  p=[0.562 0.994 0.718 0.860 0.710 0.179 0.001 0.739 0.357 0.718]
   415          603        0.0639712         expand
  eval: e=0.1547  p=[0.561 1.000 0.719 0.867 0.719 0.174 0.001 0.754 0.346 0.709]
  eval: e=0.0641  p=[0.578 0.962 0.729 0.830 0.708 0.178 0.001 0.735 0.398 0.659]
   416          605        0.0639712         contract inside
  eval: e=0.0639  p=[0.562 0.995 0.721 0.857 0.712 0.176 0.001 0.751 0.356 0.707]
  eval: e=2.1919  p=[0.552 1.000 0.716 0.872 0.713 0.176 0.001 0.760 0.333 0.738]
   417          607        0.0639317         reflect
  eval: e=0.8530  p=[0.556 1.000 0.716 0.871 0.714 0.177 0.001 0.752 0.340 0.726]
  eval: e=0.0641  p=[0.577 0.966 0.728 0.834 0.710 0.177 0.001 0.739 0.392 0.662]
   418          609        0.0639317         contract inside
  eval: e=0.1014  p=[0.559 1.000 0.721 0.861 0.713 0.175 0.001 0.757 0.350 0.710]
  eval: e=0.0641  p=[0.575 0.971 0.726 0.839 0.711 0.177 0.001 0.737 0.386 0.670]
   419          611        0.0639317         contract inside
  eval: e=0.1024  p=[0.560 1.000 0.719 0.864 0.716 0.175 0.001 0.754 0.348 0.711]
  eval: e=0.0640  p=[0.574 0.972 0.726 0.839 0.710 0.177 0.001 0.740 0.385 0.672]
   420          613        0.0639317         contract inside
  eval: e=0.0639  p=[0.561 0.999 0.719 0.862 0.713 0.176 0.001 0.750 0.352 0.710]
   421          614        0.0639317         reflect
  eval: e=0.0648  p=[0.559 1.000 0.717 0.863 0.708 0.179 0.001 0.746 0.351 0.719]
  eval: e=0.0640  p=[0.571 0.978 0.726 0.844 0.713 0.176 0.001 0.744 0.378 0.676]
   422          616        0.0639317         contract inside
  eval: e=0.0639  p=[0.562 0.997 0.719 0.862 0.714 0.177 0.001 0.747 0.353 0.711]
   423          617        0.0639317         reflect
  eval: e=0.0639  p=[0.562 0.991 0.721 0.853 0.708 0.178 0.001 0.746 0.361 0.710]
   424          618        0.0639317         reflect
  eval: e=0.6670  p=[0.555 1.000 0.717 0.867 0.712 0.176 0.001 0.755 0.342 0.726]
  eval: e=0.0640  p=[0.570 0.980 0.724 0.846 0.711 0.177 0.001 0.742 0.375 0.684]
   425          620        0.0639317         contract inside
  eval: e=0.7149  p=[0.556 1.000 0.717 0.869 0.713 0.176 0.001 0.753 0.340 0.727]
  eval: e=0.0640  p=[0.569 0.981 0.724 0.846 0.711 0.177 0.001 0.743 0.374 0.686]
   426          622        0.0639317         contract inside
  eval: e=0.1405  p=[0.557 1.000 0.717 0.865 0.709 0.178 0.001 0.748 0.347 0.724]
  eval: e=0.0640  p=[0.568 0.984 0.724 0.849 0.712 0.176 0.001 0.745 0.370 0.688]
   427          624        0.0639317         contract inside
  eval: e=0.0639  p=[0.562 0.995 0.723 0.854 0.712 0.175 0.001 0.754 0.358 0.706]
  eval: e=0.0639  p=[0.559 0.999 0.724 0.853 0.713 0.173 0.001 0.762 0.353 0.711]
   428          626        0.0639219         reflect
  eval: e=0.0639  p=[0.560 0.998 0.717 0.863 0.710 0.179 0.001 0.742 0.351 0.724]
   429          627        0.0639219         reflect
  eval: e=0.4253  p=[0.556 1.000 0.717 0.866 0.712 0.177 0.001 0.752 0.343 0.728]
  eval: e=0.0640  p=[0.566 0.987 0.722 0.851 0.711 0.177 0.001 0.744 0.367 0.695]
   430          629        0.0639219         contract inside
  eval: e=0.4311  p=[0.556 1.000 0.717 0.867 0.712 0.177 0.001 0.752 0.343 0.729]
  eval: e=0.0640  p=[0.566 0.987 0.722 0.851 0.711 0.177 0.001 0.745 0.366 0.696]
   431          631        0.0639219         contract inside
  eval: e=0.1916  p=[0.557 1.000 0.717 0.865 0.710 0.178 0.001 0.749 0.346 0.728]
  eval: e=0.0640  p=[0.565 0.989 0.722 0.853 0.712 0.177 0.001 0.746 0.364 0.698]
   432          633        0.0639219         contract inside
  eval: e=0.0640  p=[0.564 0.990 0.719 0.857 0.712 0.178 0.001 0.739 0.360 0.711]
  eval: e=0.0639  p=[0.562 0.995 0.721 0.856 0.711 0.177 0.001 0.750 0.358 0.706]
   433          635        0.0639219         contract inside
  eval: e=0.0640  p=[0.563 0.993 0.724 0.853 0.713 0.174 0.001 0.757 0.361 0.694]
  eval: e=0.0639  p=[0.563 0.993 0.719 0.858 0.711 0.178 0.001 0.743 0.358 0.712]
   434          637        0.0639219         contract inside
  eval: e=0.0846  p=[0.558 1.000 0.719 0.863 0.712 0.177 0.001 0.751 0.349 0.721]
  eval: e=0.0640  p=[0.564 0.990 0.721 0.854 0.711 0.177 0.001 0.746 0.362 0.702]
   435          639        0.0639219         contract inside
  eval: e=0.0791  p=[0.559 1.000 0.718 0.863 0.712 0.177 0.001 0.750 0.349 0.721]
  eval: e=0.0639  p=[0.564 0.991 0.721 0.854 0.711 0.177 0.001 0.746 0.362 0.702]
   436          641        0.0639219         contract inside
  eval: e=0.0639  p=[0.559 1.000 0.718 0.862 0.711 0.177 0.001 0.749 0.350 0.720]
  eval: e=0.3428  p=[0.556 1.000 0.717 0.866 0.711 0.178 0.001 0.750 0.344 0.730]
   437          643         0.063913         reflect
  eval: e=0.0672  p=[0.559 1.000 0.719 0.862 0.711 0.177 0.001 0.750 0.350 0.720]
  eval: e=0.0639  p=[0.563 0.993 0.721 0.856 0.711 0.177 0.001 0.747 0.359 0.706]
   438          645         0.063913         contract inside
  eval: e=0.0658  p=[0.559 1.000 0.719 0.862 0.711 0.177 0.001 0.750 0.350 0.720]
  eval: e=0.0639  p=[0.563 0.993 0.721 0.856 0.711 0.177 0.001 0.747 0.359 0.707]
   439          647         0.063913         contract inside
  eval: e=0.0639  p=[0.561 0.996 0.719 0.860 0.712 0.178 0.001 0.745 0.354 0.717]
   440          648         0.063913         reflect
  eval: e=0.0640  p=[0.562 0.992 0.720 0.854 0.709 0.178 0.001 0.744 0.360 0.714]
  eval: e=0.0639  p=[0.561 0.997 0.719 0.860 0.712 0.177 0.001 0.749 0.354 0.711]
   441          650         0.063913         contract inside
  eval: e=0.0639  p=[0.560 0.998 0.721 0.859 0.712 0.176 0.001 0.752 0.354 0.711]
   442          651         0.063913         reflect
  eval: e=0.0639  p=[0.563 0.993 0.724 0.853 0.713 0.174 0.001 0.755 0.360 0.697]
  eval: e=0.0639  p=[0.561 0.997 0.718 0.860 0.711 0.178 0.001 0.745 0.354 0.717]
   443          653         0.063913         contract inside
  eval: e=0.0639  p=[0.560 0.999 0.719 0.860 0.712 0.177 0.001 0.750 0.351 0.717]
  eval: e=0.1146  p=[0.558 1.000 0.719 0.863 0.712 0.177 0.001 0.752 0.348 0.722]
   444          655        0.0639121         reflect
  eval: e=0.0639  p=[0.559 1.000 0.719 0.861 0.712 0.177 0.001 0.750 0.350 0.718]
  eval: e=0.1711  p=[0.557 1.000 0.719 0.863 0.712 0.177 0.001 0.752 0.346 0.724]
   445          657        0.0639098         reflect
  eval: e=0.1874  p=[0.559 1.000 0.718 0.866 0.715 0.175 0.001 0.752 0.346 0.717]
  eval: e=0.0639  p=[0.562 0.994 0.720 0.856 0.710 0.177 0.001 0.748 0.357 0.712]
   446          659        0.0639098         contract inside
  eval: e=0.0639  p=[0.559 0.997 0.721 0.856 0.709 0.177 0.001 0.752 0.355 0.716]
   447          660        0.0639098         reflect
  eval: e=0.0639  p=[0.560 0.998 0.721 0.857 0.711 0.176 0.001 0.755 0.354 0.710]
   448          661        0.0639098         reflect
  eval: e=0.0639  p=[0.559 0.999 0.719 0.860 0.710 0.177 0.001 0.750 0.351 0.721]
  eval: e=0.0841  p=[0.557 1.000 0.719 0.861 0.710 0.178 0.000 0.750 0.348 0.727]
   449          663        0.0639088         reflect
  eval: e=0.0639  p=[0.559 0.998 0.721 0.857 0.710 0.177 0.001 0.753 0.353 0.719]
  eval: e=0.0639  p=[0.558 0.999 0.721 0.856 0.709 0.176 0.001 0.755 0.352 0.722]
   450          665        0.0639084         reflect
  eval: e=0.0639  p=[0.559 0.999 0.722 0.856 0.711 0.175 0.001 0.757 0.353 0.713]
  eval: e=0.0639  p=[0.558 1.000 0.724 0.854 0.711 0.174 0.001 0.763 0.353 0.710]
   451          667        0.0639006         expand
  eval: e=0.1190  p=[0.558 1.000 0.721 0.860 0.712 0.175 0.001 0.758 0.348 0.718]
  eval: e=0.0639  p=[0.561 0.996 0.721 0.857 0.711 0.177 0.001 0.750 0.355 0.713]
   452          669        0.0639006         contract inside
  eval: e=0.0639  p=[0.559 0.998 0.720 0.859 0.711 0.177 0.001 0.750 0.352 0.720]
  eval: e=0.0639  p=[0.560 0.998 0.721 0.857 0.711 0.176 0.001 0.754 0.353 0.713]
   453          671        0.0639006         contract inside
  eval: e=0.1302  p=[0.557 1.000 0.718 0.863 0.710 0.178 0.001 0.751 0.347 0.726]
  eval: e=0.0639  p=[0.561 0.997 0.722 0.856 0.712 0.176 0.001 0.753 0.355 0.711]
   454          673        0.0639006         contract inside
  eval: e=0.0639  p=[0.558 0.999 0.721 0.858 0.710 0.177 0.001 0.753 0.352 0.720]
   455          674        0.0639006         reflect
  eval: e=0.0749  p=[0.558 1.000 0.721 0.859 0.711 0.176 0.001 0.755 0.350 0.720]
  eval: e=0.0639  p=[0.560 0.998 0.721 0.858 0.711 0.177 0.001 0.752 0.354 0.715]
   456          676        0.0639006         contract inside
  eval: e=0.0753  p=[0.558 1.000 0.719 0.861 0.710 0.177 0.001 0.752 0.349 0.723]
  eval: e=0.0639  p=[0.560 0.998 0.721 0.857 0.711 0.176 0.001 0.753 0.354 0.714]
   457          678        0.0639006         contract inside
  eval: e=0.0639  p=[0.559 0.997 0.723 0.854 0.711 0.175 0.001 0.757 0.355 0.713]
   458          679        0.0639006         reflect
  eval: e=0.0639  p=[0.559 0.999 0.721 0.857 0.710 0.176 0.001 0.753 0.352 0.720]
  eval: e=0.0639  p=[0.559 0.998 0.721 0.857 0.711 0.176 0.001 0.754 0.353 0.714]
   459          681        0.0639006         contract inside
  eval: e=0.0639  p=[0.559 0.998 0.723 0.854 0.710 0.176 0.001 0.757 0.354 0.715]
   460          682        0.0639006         reflect
  eval: e=0.0641  p=[0.559 1.000 0.722 0.858 0.712 0.175 0.001 0.757 0.351 0.716]
  eval: e=0.0639  p=[0.559 0.998 0.721 0.856 0.710 0.176 0.001 0.753 0.354 0.716]
   461          684        0.0639006         contract inside
  eval: e=0.0639  p=[0.558 1.000 0.722 0.856 0.710 0.176 0.001 0.757 0.352 0.717]
  eval: e=0.0666  p=[0.557 1.000 0.723 0.855 0.710 0.175 0.001 0.760 0.351 0.718]
   462          686        0.0638994         reflect
  eval: e=0.0639  p=[0.559 0.997 0.724 0.852 0.709 0.175 0.001 0.760 0.356 0.713]
   463          687        0.0638994         reflect
  eval: e=0.0639  p=[0.559 0.997 0.723 0.854 0.711 0.175 0.001 0.759 0.355 0.710]
   464          688        0.0638994         reflect
  eval: e=0.0639  p=[0.558 0.999 0.723 0.854 0.709 0.175 0.001 0.760 0.353 0.716]
  eval: e=0.0639  p=[0.557 0.999 0.724 0.852 0.709 0.175 0.001 0.763 0.353 0.717]
   465          690         0.063894         expand
  eval: e=0.0639  p=[0.559 0.997 0.726 0.849 0.710 0.174 0.001 0.765 0.356 0.708]
   466          691         0.063894         reflect
  eval: e=0.0639  p=[0.558 0.998 0.725 0.851 0.710 0.174 0.001 0.765 0.355 0.708]
   467          692         0.063894         reflect
  eval: e=0.0639  p=[0.558 0.999 0.726 0.850 0.710 0.173 0.001 0.767 0.355 0.709]
   468          693         0.063894         reflect
  eval: e=0.0639  p=[0.557 0.998 0.727 0.848 0.709 0.173 0.001 0.769 0.356 0.710]
   469          694         0.063894         reflect
  eval: e=0.0639  p=[0.557 0.999 0.726 0.850 0.709 0.174 0.001 0.766 0.354 0.714]
   470          695         0.063894         reflect
  eval: e=0.0639  p=[0.557 1.000 0.727 0.849 0.709 0.173 0.001 0.769 0.354 0.712]
   471          696         0.063894         reflect
  eval: e=0.0649  p=[0.557 1.000 0.724 0.854 0.710 0.175 0.001 0.762 0.352 0.717]
  eval: e=0.0639  p=[0.558 0.998 0.725 0.850 0.710 0.174 0.001 0.764 0.355 0.711]
   472          698         0.063894         contract inside
  eval: e=0.0639  p=[0.558 0.999 0.722 0.856 0.710 0.176 0.001 0.757 0.353 0.715]
   473          699         0.063894         reflect
  eval: e=0.0639  p=[0.557 1.000 0.723 0.854 0.709 0.175 0.001 0.760 0.352 0.718]
   474          700         0.063894         reflect
  eval: e=0.0757  p=[0.557 1.000 0.724 0.853 0.710 0.174 0.001 0.765 0.351 0.715]
  eval: e=0.0639  p=[0.558 0.998 0.724 0.852 0.709 0.175 0.001 0.761 0.355 0.714]
   475          702         0.063894         contract inside
  eval: e=0.0661  p=[0.557 1.000 0.726 0.851 0.710 0.173 0.001 0.768 0.353 0.713]
  eval: e=0.0639  p=[0.558 0.998 0.724 0.853 0.710 0.175 0.001 0.760 0.354 0.714]
   476          704         0.063894         contract inside
  eval: e=0.0639  p=[0.558 1.000 0.722 0.855 0.709 0.176 0.001 0.757 0.352 0.719]
   477          705         0.063894         reflect
  eval: e=0.0671  p=[0.557 1.000 0.722 0.856 0.709 0.176 0.001 0.759 0.351 0.720]
  eval: e=0.0639  p=[0.558 0.999 0.725 0.852 0.710 0.174 0.001 0.763 0.354 0.713]
   478          707         0.063894         contract inside
  eval: e=0.0639  p=[0.557 0.998 0.723 0.852 0.707 0.176 0.001 0.759 0.354 0.721]
  eval: e=0.0639  p=[0.558 0.999 0.724 0.853 0.710 0.174 0.001 0.762 0.353 0.713]
   479          709         0.063894         contract inside
  eval: e=0.0639  p=[0.558 0.999 0.722 0.857 0.710 0.176 0.001 0.756 0.352 0.716]
  eval: e=0.0639  p=[0.558 0.999 0.723 0.855 0.710 0.175 0.001 0.759 0.353 0.716]
   480          711         0.063894         contract outside
  eval: e=0.0639  p=[0.557 0.999 0.725 0.850 0.708 0.174 0.001 0.765 0.355 0.713]
   481          712         0.063894         reflect
  eval: e=0.0639  p=[0.558 0.999 0.726 0.850 0.710 0.173 0.001 0.766 0.355 0.710]
  eval: e=0.0639  p=[0.558 0.999 0.723 0.854 0.709 0.175 0.001 0.760 0.353 0.717]
   482          714         0.063894         contract inside
  eval: e=0.0645  p=[0.557 1.000 0.724 0.853 0.709 0.175 0.001 0.763 0.352 0.716]
  eval: e=0.0639  p=[0.558 0.999 0.724 0.852 0.709 0.175 0.001 0.761 0.354 0.714]
   483          716         0.063894         contract inside
  eval: e=0.0639  p=[0.557 1.000 0.724 0.852 0.709 0.174 0.001 0.764 0.353 0.715]
  eval: e=0.0686  p=[0.556 1.000 0.725 0.852 0.709 0.174 0.001 0.766 0.352 0.716]
   484          718        0.0638926         reflect
  eval: e=0.0639  p=[0.557 0.999 0.726 0.849 0.708 0.174 0.001 0.768 0.354 0.714]
   485          719        0.0638926         reflect
  eval: e=0.0639  p=[0.558 0.999 0.726 0.850 0.709 0.174 0.001 0.767 0.355 0.710]
  eval: e=0.0639  p=[0.557 0.999 0.724 0.853 0.709 0.175 0.001 0.762 0.353 0.716]
   486          721        0.0638926         contract inside
  eval: e=0.0639  p=[0.557 1.000 0.724 0.852 0.709 0.175 0.001 0.764 0.353 0.717]
   487          722        0.0638926         reflect
  eval: e=0.0639  p=[0.558 0.999 0.722 0.856 0.710 0.176 0.001 0.758 0.352 0.716]
   488          723        0.0638926         reflect
  eval: e=0.0648  p=[0.557 1.000 0.724 0.853 0.709 0.175 0.001 0.764 0.352 0.716]
  eval: e=0.0639  p=[0.558 0.999 0.724 0.852 0.709 0.175 0.001 0.762 0.353 0.715]
   489          725        0.0638926         contract inside
  eval: e=0.0639  p=[0.557 0.999 0.726 0.849 0.708 0.174 0.001 0.768 0.354 0.714]
  eval: e=0.0639  p=[0.558 0.999 0.723 0.854 0.710 0.175 0.001 0.760 0.353 0.715]
   490          727        0.0638926         contract inside
  eval: e=0.0639  p=[0.557 1.000 0.726 0.850 0.708 0.174 0.001 0.767 0.354 0.714]
   491          728        0.0638926         reflect
  eval: e=0.0639  p=[0.558 0.999 0.722 0.856 0.709 0.176 0.001 0.757 0.352 0.719]
  eval: e=0.0639  p=[0.557 1.000 0.725 0.851 0.709 0.174 0.001 0.766 0.354 0.713]
   492          730        0.0638926         contract inside
  eval: e=0.0639  p=[0.557 1.000 0.726 0.850 0.709 0.174 0.001 0.767 0.354 0.713]
   493          731        0.0638926         reflect
  eval: e=0.0657  p=[0.557 1.000 0.724 0.854 0.710 0.175 0.001 0.762 0.352 0.717]
  eval: e=0.0639  p=[0.557 0.999 0.725 0.851 0.709 0.174 0.001 0.764 0.354 0.714]
   494          733        0.0638926         contract inside
  eval: e=0.0639  p=[0.556 1.000 0.725 0.850 0.708 0.174 0.001 0.766 0.353 0.717]
   495          734        0.0638926         reflect
  eval: e=0.0641  p=[0.556 1.000 0.725 0.850 0.708 0.174 0.001 0.767 0.353 0.716]
  eval: e=0.0639  p=[0.557 0.999 0.724 0.852 0.709 0.175 0.001 0.763 0.353 0.715]
   496          736        0.0638926         contract inside
  eval: e=0.0639  p=[0.557 1.000 0.726 0.850 0.708 0.174 0.001 0.767 0.354 0.714]
   497          737        0.0638926         reflect
  eval: e=0.0639  p=[0.557 1.000 0.724 0.853 0.708 0.175 0.001 0.761 0.353 0.717]
   498          738        0.0638926         reflect
  eval: e=0.0639  p=[0.557 0.999 0.723 0.854 0.709 0.175 0.001 0.760 0.353 0.717]
   499          739        0.0638926         reflect
  eval: e=0.0639  p=[0.557 1.000 0.724 0.853 0.709 0.175 0.001 0.762 0.352 0.718]
  eval: e=0.0639  p=[0.557 0.999 0.725 0.851 0.709 0.174 0.001 0.764 0.353 0.715]
   500          741        0.0638926         contract inside
  eval: e=0.0639  p=[0.556 1.000 0.726 0.849 0.708 0.174 0.001 0.767 0.353 0.716]
   501          742        0.0638926         reflect
  eval: e=0.0639  p=[0.557 1.000 0.724 0.853 0.708 0.175 0.001 0.762 0.353 0.719]
   502          743        0.0638926         reflect
  eval: e=0.0639  p=[0.557 1.000 0.725 0.850 0.708 0.174 0.001 0.766 0.353 0.715]
   503          744        0.0638926         reflect
  eval: e=0.0639  p=[0.556 1.000 0.726 0.849 0.708 0.174 0.001 0.769 0.354 0.715]
  eval: e=0.0639  p=[0.557 1.000 0.724 0.853 0.709 0.175 0.001 0.762 0.353 0.716]
   504          746        0.0638926         contract inside
  eval: e=0.0639  p=[0.556 1.000 0.725 0.851 0.708 0.174 0.001 0.766 0.353 0.717]
  eval: e=0.0639  p=[0.557 1.000 0.725 0.852 0.709 0.174 0.001 0.764 0.353 0.716]
   505          748        0.0638926         contract inside
  eval: e=0.0639  p=[0.557 1.000 0.724 0.853 0.709 0.174 0.001 0.763 0.353 0.715]
   506          749        0.0638926         reflect
  eval: e=0.0639  p=[0.558 1.000 0.723 0.854 0.710 0.175 0.001 0.761 0.353 0.715]
  eval: e=0.0639  p=[0.557 1.000 0.725 0.851 0.708 0.174 0.001 0.766 0.353 0.716]
   507          751        0.0638926         contract inside
  eval: e=0.0639  p=[0.557 0.999 0.725 0.851 0.709 0.174 0.001 0.764 0.354 0.715]
  eval: e=0.0639  p=[0.557 1.000 0.724 0.852 0.709 0.175 0.001 0.764 0.353 0.716]
   508          753        0.0638925         contract inside
  eval: e=0.0639  p=[0.557 1.000 0.724 0.852 0.708 0.174 0.001 0.764 0.353 0.717]
  eval: e=0.0649  p=[0.556 1.000 0.724 0.852 0.708 0.175 0.001 0.764 0.352 0.718]
   509          755        0.0638923         reflect
  eval: e=0.0639  p=[0.557 1.000 0.725 0.851 0.709 0.174 0.001 0.766 0.353 0.715]
  eval: e=0.0639  p=[0.557 1.000 0.724 0.852 0.709 0.175 0.001 0.764 0.353 0.716]
   510          757        0.0638923         contract inside
  eval: e=0.0639  p=[0.557 1.000 0.723 0.854 0.709 0.175 0.001 0.760 0.352 0.718]
  eval: e=0.0639  p=[0.557 1.000 0.725 0.851 0.709 0.174 0.001 0.766 0.353 0.715]
   511          759        0.0638923         contract inside
  eval: e=0.0639  p=[0.557 1.000 0.725 0.851 0.709 0.174 0.001 0.767 0.353 0.713]
  eval: e=0.0639  p=[0.557 1.000 0.724 0.852 0.708 0.175 0.001 0.763 0.353 0.717]
   512          761        0.0638923         contract inside
  eval: e=0.0639  p=[0.557 1.000 0.725 0.852 0.709 0.174 0.001 0.764 0.353 0.716]
  eval: e=0.0639  p=[0.557 1.000 0.725 0.852 0.709 0.174 0.001 0.764 0.353 0.716]
   513          763        0.0638923         contract inside
  eval: e=0.0639  p=[0.556 1.000 0.725 0.850 0.708 0.174 0.001 0.765 0.353 0.717]
  eval: e=0.0639  p=[0.557 1.000 0.724 0.852 0.709 0.174 0.001 0.764 0.353 0.715]
   514          765        0.0638923         contract inside
  eval: e=0.0639  p=[0.557 1.000 0.725 0.851 0.709 0.174 0.001 0.766 0.353 0.715]
   515          766        0.0638923         reflect
  eval: e=0.0639  p=[0.557 1.000 0.724 0.853 0.709 0.175 0.001 0.762 0.353 0.717]
   516          767        0.0638923         reflect
  eval: e=0.0639  p=[0.557 1.000 0.724 0.853 0.709 0.175 0.001 0.762 0.352 0.716]
   517          768        0.0638923         reflect
  eval: e=0.0639  p=[0.557 1.000 0.724 0.852 0.709 0.174 0.001 0.764 0.353 0.715]
  eval: e=0.0639  p=[0.557 1.000 0.724 0.852 0.709 0.175 0.001 0.764 0.353 0.716]
   518          770        0.0638923         contract inside
  eval: e=0.0639  p=[0.557 1.000 0.724 0.852 0.709 0.174 0.001 0.764 0.352 0.716]
  eval: e=0.0639  p=[0.557 1.000 0.724 0.852 0.709 0.174 0.001 0.764 0.353 0.716]
   519          772        0.0638923         contract inside
  eval: e=0.0639  p=[0.557 1.000 0.724 0.853 0.709 0.175 0.001 0.762 0.352 0.717]
   520          773        0.0638923         reflect
  eval: e=0.0639  p=[0.557 1.000 0.725 0.851 0.709 0.174 0.001 0.765 0.353 0.715]
   521          774        0.0638923         reflect
  eval: e=0.0639  p=[0.557 1.000 0.724 0.852 0.708 0.175 0.001 0.764 0.353 0.717]
  eval: e=0.0640  p=[0.556 1.000 0.724 0.852 0.708 0.175 0.001 0.764 0.352 0.718]
   522          776        0.0638922         reflect
  eval: e=0.0639  p=[0.557 1.000 0.725 0.852 0.709 0.174 0.001 0.765 0.353 0.715]
  eval: e=0.0639  p=[0.557 1.000 0.724 0.852 0.709 0.175 0.001 0.763 0.353 0.717]
   523          778        0.0638922         contract inside
  eval: e=0.0639  p=[0.557 1.000 0.725 0.851 0.708 0.174 0.001 0.766 0.353 0.715]
  eval: e=0.0639  p=[0.557 1.000 0.724 0.853 0.709 0.175 0.001 0.763 0.353 0.717]
   524          780        0.0638922         contract inside
  eval: e=0.0639  p=[0.557 1.000 0.724 0.852 0.709 0.174 0.001 0.764 0.353 0.716]
  eval: e=0.0639  p=[0.557 1.000 0.724 0.852 0.709 0.174 0.001 0.764 0.353 0.716]
   525          782        0.0638922         contract inside
  eval: e=0.0639  p=[0.557 1.000 0.724 0.852 0.709 0.174 0.001 0.764 0.352 0.716]
  eval: e=0.0639  p=[0.557 1.000 0.724 0.852 0.709 0.174 0.001 0.764 0.353 0.716]
   526          784        0.0638922         contract inside
  eval: e=0.0639  p=[0.557 1.000 0.725 0.852 0.708 0.175 0.001 0.764 0.353 0.717]
  eval: e=0.0639  p=[0.556 1.000 0.725 0.851 0.708 0.175 0.001 0.765 0.353 0.718]
   527          786        0.0638922         reflect
  eval: e=0.0639  p=[0.557 1.000 0.723 0.853 0.709 0.175 0.001 0.761 0.352 0.717]
  eval: e=0.0639  p=[0.557 1.000 0.725 0.851 0.709 0.174 0.001 0.765 0.353 0.716]
   528          788        0.0638922         contract inside
  eval: e=0.0639  p=[0.557 1.000 0.724 0.853 0.709 0.175 0.001 0.763 0.352 0.717]
  eval: e=0.0639  p=[0.557 1.000 0.725 0.852 0.709 0.174 0.001 0.764 0.353 0.716]
   529          790        0.0638922         contract inside
  eval: e=0.0639  p=[0.557 1.000 0.725 0.852 0.709 0.174 0.001 0.764 0.353 0.716]
  eval: e=0.0639  p=[0.557 1.000 0.725 0.852 0.709 0.174 0.001 0.765 0.353 0.716]
   530          792         0.063892         reflect
  eval: e=0.0639  p=[0.557 1.000 0.724 0.852 0.709 0.174 0.001 0.764 0.353 0.717]
   531          793         0.063892         reflect
  eval: e=0.0639  p=[0.557 1.000 0.724 0.852 0.709 0.174 0.001 0.764 0.352 0.717]
  eval: e=0.0639  p=[0.557 1.000 0.724 0.852 0.709 0.174 0.001 0.764 0.353 0.716]
   532          795         0.063892         contract inside
  eval: e=0.0639  p=[0.557 1.000 0.724 0.852 0.709 0.175 0.001 0.764 0.352 0.717]
  eval: e=0.0639  p=[0.557 1.000 0.724 0.852 0.709 0.174 0.001 0.764 0.353 0.716]
   533          797         0.063892         contract inside
  eval: e=0.0639  p=[0.557 1.000 0.724 0.852 0.709 0.174 0.001 0.764 0.353 0.716]
   534          798         0.063892         reflect
  eval: e=0.0639  p=[0.556 1.000 0.725 0.851 0.708 0.174 0.001 0.766 0.353 0.717]
  eval: e=0.0639  p=[0.557 1.000 0.724 0.852 0.709 0.175 0.001 0.763 0.353 0.716]
   535          800         0.063892         contract inside
  eval: e=0.0639  p=[0.557 1.000 0.725 0.852 0.709 0.174 0.001 0.764 0.353 0.717]
  eval: e=0.0639  p=[0.557 1.000 0.724 0.852 0.709 0.174 0.001 0.764 0.353 0.716]
   536          802         0.063892         contract inside
  eval: e=0.0639  p=[0.557 1.000 0.725 0.851 0.708 0.174 0.001 0.765 0.353 0.716]
   537          803         0.063892         reflect
  eval: e=0.0639  p=[0.557 1.000 0.724 0.852 0.708 0.175 0.001 0.764 0.353 0.717]
  eval: e=0.0639  p=[0.557 1.000 0.724 0.852 0.708 0.175 0.001 0.764 0.353 0.717]
   538          805         0.063892         reflect
  eval: e=0.0639  p=[0.557 1.000 0.725 0.852 0.708 0.174 0.001 0.765 0.353 0.717]
  eval: e=0.0639  p=[0.556 1.000 0.725 0.851 0.708 0.174 0.001 0.765 0.353 0.717]
   539          807        0.0638918         reflect
  eval: e=0.0639  p=[0.557 1.000 0.725 0.852 0.708 0.174 0.001 0.765 0.353 0.717]
  eval: e=0.0639  p=[0.556 1.000 0.725 0.851 0.708 0.174 0.001 0.765 0.353 0.717]
   540          809        0.0638918         reflect
  eval: e=0.0639  p=[0.557 1.000 0.725 0.851 0.708 0.174 0.001 0.765 0.353 0.717]
  eval: e=0.0639  p=[0.557 1.000 0.725 0.852 0.709 0.174 0.001 0.764 0.353 0.716]
   541          811        0.0638918         contract inside
  eval: e=0.0639  p=[0.557 1.000 0.725 0.852 0.709 0.174 0.001 0.765 0.353 0.716]
  eval: e=0.0639  p=[0.557 1.000 0.725 0.852 0.708 0.174 0.001 0.764 0.353 0.717]
   542          813        0.0638918         contract inside
  eval: e=0.0639  p=[0.557 1.000 0.724 0.852 0.708 0.175 0.001 0.764 0.352 0.717]
   543          814        0.0638918         reflect
  eval: e=0.0639  p=[0.556 1.000 0.725 0.851 0.708 0.174 0.001 0.765 0.353 0.717]
   544          815        0.0638918         reflect
  eval: e=0.0639  p=[0.557 1.000 0.725 0.851 0.708 0.174 0.001 0.765 0.353 0.716]
   545          816        0.0638918         reflect
  eval: e=0.0639  p=[0.557 1.000 0.725 0.852 0.709 0.174 0.001 0.765 0.353 0.716]
  eval: e=0.0639  p=[0.557 1.000 0.725 0.852 0.708 0.174 0.001 0.764 0.353 0.717]
   546          818        0.0638918         contract inside
  eval: e=0.0639  p=[0.556 1.000 0.725 0.851 0.708 0.174 0.001 0.765 0.353 0.717]
  eval: e=0.0639  p=[0.557 1.000 0.725 0.852 0.708 0.174 0.001 0.764 0.353 0.717]
   547          820        0.0638918         contract inside
  eval: e=0.0639  p=[0.557 1.000 0.724 0.852 0.708 0.175 0.001 0.764 0.352 0.717]
   548          821        0.0638918         reflect
  eval: e=0.0639  p=[0.557 1.000 0.725 0.852 0.709 0.174 0.001 0.764 0.353 0.717]
  eval: e=0.0639  p=[0.557 1.000 0.725 0.852 0.708 0.174 0.001 0.764 0.353 0.717]
   549          823        0.0638918         contract inside
  eval: e=0.0639  p=[0.557 1.000 0.724 0.853 0.709 0.175 0.001 0.763 0.352 0.716]
  eval: e=0.0639  p=[0.556 1.000 0.725 0.851 0.708 0.174 0.001 0.765 0.353 0.717]
   550          825        0.0638918         contract inside
  eval: e=0.0639  p=[0.557 1.000 0.725 0.852 0.708 0.174 0.001 0.764 0.353 0.717]
  eval: e=0.0639  p=[0.557 1.000 0.725 0.852 0.708 0.175 0.001 0.764 0.352 0.717]
   551          827        0.0638917         reflect
  eval: e=0.0639  p=[0.556 1.000 0.725 0.852 0.708 0.175 0.001 0.764 0.353 0.718]
   552          828        0.0638917         reflect
  eval: e=0.0639  p=[0.557 1.000 0.725 0.852 0.708 0.174 0.001 0.765 0.353 0.717]
  eval: e=0.0639  p=[0.556 1.000 0.725 0.851 0.708 0.174 0.001 0.765 0.353 0.717]
   553          830        0.0638917         expand
  eval: e=0.0639  p=[0.557 1.000 0.725 0.852 0.708 0.174 0.001 0.764 0.353 0.717]
  eval: e=0.0639  p=[0.557 1.000 0.725 0.852 0.708 0.174 0.001 0.764 0.353 0.717]
   554          832        0.0638917         contract inside
  eval: e=0.0639  p=[0.557 1.000 0.724 0.852 0.708 0.175 0.001 0.764 0.352 0.717]
   555          833        0.0638917         reflect
  eval: e=0.0639  p=[0.557 1.000 0.724 0.852 0.708 0.175 0.001 0.764 0.353 0.717]
   556          834        0.0638917         reflect
  eval: e=0.0639  p=[0.557 1.000 0.724 0.852 0.708 0.175 0.001 0.764 0.352 0.718]
  eval: e=0.0639  p=[0.557 1.000 0.725 0.852 0.708 0.174 0.001 0.765 0.353 0.717]
   557          836        0.0638917         contract inside
  eval: e=0.0639  p=[0.556 1.000 0.725 0.851 0.708 0.174 0.001 0.765 0.353 0.717]
  eval: e=0.0639  p=[0.557 1.000 0.724 0.852 0.708 0.175 0.001 0.764 0.353 0.717]
   558          838        0.0638917         contract inside
  eval: e=0.0639  p=[0.557 1.000 0.725 0.852 0.709 0.174 0.001 0.764 0.353 0.716]
  eval: e=0.0639  p=[0.557 1.000 0.725 0.852 0.708 0.175 0.001 0.764 0.353 0.717]
   559          840        0.0638917         contract inside
  eval: e=0.0639  p=[0.556 1.000 0.725 0.851 0.708 0.174 0.001 0.765 0.353 0.717]
   560          841        0.0638917         reflect
  eval: e=0.0639  p=[0.557 1.000 0.725 0.852 0.708 0.175 0.001 0.764 0.353 0.717]
  eval: e=0.0639  p=[0.556 1.000 0.724 0.852 0.708 0.175 0.001 0.764 0.352 0.718]
   561          843        0.0638915         expand
  eval: e=0.0639  p=[0.556 1.000 0.725 0.852 0.708 0.175 0.001 0.764 0.352 0.717]
   562          844        0.0638915         reflect
  eval: e=0.0639  p=[0.557 1.000 0.724 0.852 0.708 0.175 0.001 0.764 0.352 0.718]
  eval: e=0.0639  p=[0.557 1.000 0.725 0.851 0.708 0.174 0.001 0.765 0.353 0.717]
   563          846        0.0638915         contract inside
  eval: e=0.0639  p=[0.556 1.000 0.725 0.851 0.708 0.174 0.001 0.765 0.353 0.717]
   564          847        0.0638915         reflect
  eval: e=0.0639  p=[0.557 1.000 0.725 0.852 0.708 0.174 0.001 0.765 0.353 0.717]
   565          848        0.0638915         reflect
  eval: e=0.0639  p=[0.557 1.000 0.725 0.852 0.708 0.175 0.001 0.764 0.352 0.717]
   566          849        0.0638915         reflect
  eval: e=0.0639  p=[0.556 1.000 0.724 0.852 0.708 0.175 0.001 0.764 0.352 0.718]
  eval: e=0.0639  p=[0.557 1.000 0.725 0.852 0.708 0.174 0.001 0.765 0.353 0.717]
   567          851        0.0638915         contract inside
  eval: e=0.0639  p=[0.556 1.000 0.725 0.851 0.708 0.174 0.001 0.765 0.353 0.717]
  eval: e=0.0639  p=[0.557 1.000 0.724 0.852 0.708 0.175 0.001 0.764 0.353 0.717]
   568          853        0.0638915         contract inside
  eval: e=0.0639  p=[0.556 1.000 0.725 0.852 0.708 0.174 0.001 0.765 0.353 0.717]
   569          854        0.0638915         reflect
  eval: e=0.0639  p=[0.556 1.000 0.724 0.852 0.708 0.175 0.001 0.764 0.352 0.718]
   570          855        0.0638915         reflect
  eval: e=0.0639  p=[0.556 1.000 0.725 0.851 0.708 0.174 0.001 0.765 0.353 0.717]
   571          856        0.0638915         reflect
  eval: e=0.0639  p=[0.556 1.000 0.725 0.852 0.708 0.175 0.001 0.765 0.352 0.718]
  eval: e=0.0639  p=[0.557 1.000 0.725 0.852 0.708 0.174 0.001 0.765 0.353 0.717]
   572          858        0.0638915         contract inside
  eval: e=0.0639  p=[0.557 1.000 0.724 0.852 0.708 0.175 0.001 0.764 0.352 0.717]
  eval: e=0.0639  p=[0.557 1.000 0.724 0.852 0.708 0.175 0.001 0.764 0.352 0.718]
   573          860        0.0638915         expand
  eval: e=0.0639  p=[0.557 1.000 0.724 0.852 0.708 0.175 0.001 0.764 0.352 0.717]
   574          861        0.0638915         reflect
  eval: e=0.0639  p=[0.556 1.000 0.725 0.852 0.708 0.175 0.001 0.765 0.352 0.718]
   575          862        0.0638915         reflect
  eval: e=0.0639  p=[0.557 1.000 0.724 0.852 0.708 0.175 0.001 0.764 0.352 0.718]
   576          863        0.0638915         reflect
  eval: e=0.0639  p=[0.556 1.000 0.724 0.852 0.708 0.175 0.001 0.764 0.352 0.718]
   577          864        0.0638915         reflect
  eval: e=0.0639  p=[0.556 1.000 0.724 0.852 0.708 0.175 0.001 0.764 0.352 0.718]
  eval: e=0.0639  p=[0.556 1.000 0.724 0.852 0.708 0.175 0.001 0.763 0.352 0.718]
   578          866        0.0638914         expand
  eval: e=0.0639  p=[0.557 1.000 0.724 0.852 0.708 0.175 0.001 0.763 0.352 0.718]
   579          867        0.0638914         reflect
  eval: e=0.0639  p=[0.557 1.000 0.724 0.852 0.708 0.175 0.001 0.763 0.352 0.718]
  eval: e=0.0639  p=[0.557 1.000 0.724 0.853 0.708 0.175 0.001 0.763 0.352 0.718]
   580          869        0.0638914         reflect
  eval: e=0.0639  p=[0.557 1.000 0.724 0.852 0.708 0.175 0.001 0.763 0.352 0.718]
  eval: e=0.0639  p=[0.557 1.000 0.724 0.852 0.708 0.175 0.001 0.764 0.352 0.718]
   581          871        0.0638914         contract inside
  eval: e=0.0639  p=[0.557 1.000 0.724 0.852 0.708 0.175 0.001 0.763 0.352 0.718]
   582          872        0.0638914         reflect
  eval: e=0.0639  p=[0.556 1.000 0.725 0.852 0.708 0.175 0.001 0.764 0.352 0.718]
   583          873        0.0638914         reflect
  eval: e=0.0639  p=[0.557 1.000 0.724 0.852 0.708 0.175 0.001 0.764 0.352 0.717]
  eval: e=0.0639  p=[0.556 1.000 0.724 0.852 0.708 0.175 0.001 0.764 0.352 0.718]
   584          875        0.0638914         contract inside
  eval: e=0.0639  p=[0.557 1.000 0.724 0.852 0.708 0.175 0.001 0.764 0.352 0.718]
  eval: e=0.0639  p=[0.557 1.000 0.724 0.852 0.708 0.175 0.001 0.764 0.352 0.717]
   585          877        0.0638914         reflect
  eval: e=0.0639  p=[0.557 1.000 0.724 0.852 0.708 0.175 0.001 0.764 0.352 0.718]
  eval: e=0.0639  p=[0.557 1.000 0.724 0.852 0.708 0.175 0.001 0.763 0.352 0.718]
   586          879        0.0638912         expand
  eval: e=0.0639  p=[0.556 1.000 0.724 0.852 0.708 0.175 0.001 0.763 0.352 0.718]
  eval: e=0.0639  p=[0.557 1.000 0.724 0.852 0.708 0.175 0.001 0.764 0.352 0.718]
   587          881        0.0638912         contract inside
  eval: e=0.0639  p=[0.557 1.000 0.724 0.853 0.708 0.175 0.001 0.763 0.352 0.718]
  eval: e=0.0639  p=[0.556 1.000 0.724 0.852 0.708 0.175 0.001 0.764 0.352 0.718]
   588          883        0.0638912         contract inside
  eval: e=0.0639  p=[0.557 1.000 0.724 0.852 0.708 0.175 0.001 0.764 0.352 0.718]
   589          884        0.0638912         reflect
  eval: e=0.0639  p=[0.556 1.000 0.724 0.852 0.708 0.175 0.001 0.764 0.352 0.718]
  eval: e=0.0639  p=[0.557 1.000 0.724 0.852 0.708 0.175 0.001 0.764 0.352 0.718]
   590          886        0.0638912         contract inside
  eval: e=0.0639  p=[0.557 1.000 0.724 0.852 0.708 0.175 0.001 0.763 0.352 0.718]
   591          887        0.0638912         reflect
  eval: e=0.0639  p=[0.557 1.000 0.724 0.852 0.708 0.175 0.001 0.763 0.352 0.718]
   592          888        0.0638912         reflect
  eval: e=0.0639  p=[0.557 1.000 0.724 0.852 0.708 0.175 0.001 0.763 0.352 0.718]
   593          889        0.0638912         reflect
  eval: e=0.0639  p=[0.557 1.000 0.724 0.852 0.708 0.175 0.001 0.764 0.352 0.718]
   594          890        0.0638912         reflect
  eval: e=0.0639  p=[0.557 1.000 0.724 0.852 0.708 0.175 0.001 0.763 0.352 0.718]
   595          891        0.0638912         reflect
  eval: e=0.0639  p=[0.557 1.000 0.724 0.852 0.708 0.175 0.001 0.764 0.352 0.718]
   596          892        0.0638912         reflect
  eval: e=0.0639  p=[0.557 1.000 0.724 0.853 0.708 0.175 0.001 0.763 0.352 0.718]
   597          893        0.0638912         reflect
  eval: e=0.0639  p=[0.557 1.000 0.724 0.852 0.708 0.175 0.001 0.764 0.352 0.718]
  eval: e=0.0639  p=[0.557 1.000 0.724 0.852 0.708 0.175 0.001 0.764 0.352 0.718]
   598          895        0.0638911         expand
  eval: e=0.0639  p=[0.557 1.000 0.724 0.852 0.708 0.175 0.001 0.763 0.352 0.718]
   599          896        0.0638911         reflect
  eval: e=0.0639  p=[0.557 1.000 0.724 0.853 0.708 0.175 0.001 0.763 0.352 0.718]
  eval: e=0.0639  p=[0.557 1.000 0.724 0.852 0.708 0.175 0.001 0.763 0.352 0.718]
   600          898        0.0638911         contract outside
  eval: e=0.0639  p=[0.557 1.000 0.724 0.853 0.708 0.175 0.001 0.763 0.352 0.719]
   601          899        0.0638911         reflect
  eval: e=0.0639  p=[0.556 1.000 0.724 0.852 0.708 0.175 0.001 0.764 0.352 0.718]
   602          900        0.0638911         reflect
  eval: e=0.0639  p=[0.557 1.000 0.724 0.852 0.708 0.175 0.001 0.764 0.352 0.718]
   603          901        0.0638911         reflect
  eval: e=0.0639  p=[0.557 1.000 0.724 0.852 0.708 0.175 0.001 0.764 0.352 0.718]
   604          902        0.0638911         reflect
  eval: e=0.0639  p=[0.556 1.000 0.724 0.852 0.708 0.175 0.001 0.763 0.352 0.719]
   605          903        0.0638911         reflect
  eval: e=0.0639  p=[0.557 1.000 0.724 0.852 0.708 0.175 0.001 0.763 0.352 0.718]
  eval: e=0.0639  p=[0.557 1.000 0.724 0.852 0.708 0.175 0.001 0.763 0.352 0.718]
   606          905        0.0638911         reflect
  eval: e=0.0639  p=[0.556 1.000 0.724 0.852 0.708 0.175 0.001 0.764 0.352 0.718]
   607          906        0.0638911         reflect
  eval: e=0.0639  p=[0.557 1.000 0.724 0.852 0.708 0.175 0.001 0.763 0.352 0.718]
  eval: e=0.0639  p=[0.557 1.000 0.724 0.853 0.708 0.175 0.001 0.763 0.352 0.718]
   608          908        0.0638909         expand
  eval: e=0.0639  p=[0.557 1.000 0.724 0.852 0.708 0.175 0.001 0.763 0.352 0.718]
   609          909        0.0638909         reflect
  eval: e=0.0639  p=[0.557 1.000 0.724 0.852 0.708 0.175 0.001 0.764 0.352 0.718]
  eval: e=0.0639  p=[0.556 1.000 0.724 0.852 0.708 0.175 0.001 0.764 0.352 0.718]
   610          911        0.0638909         reflect
  eval: e=0.0639  p=[0.557 1.000 0.724 0.852 0.708 0.175 0.001 0.763 0.352 0.718]
   611          912        0.0638909         reflect
  eval: e=0.0639  p=[0.557 1.000 0.724 0.852 0.708 0.175 0.001 0.764 0.352 0.717]
   612          913        0.0638909         reflect
  eval: e=0.0639  p=[0.557 1.000 0.724 0.852 0.708 0.175 0.001 0.764 0.352 0.718]
   613          914        0.0638909         reflect
  eval: e=0.0639  p=[0.557 1.000 0.724 0.852 0.708 0.175 0.001 0.763 0.352 0.718]
   614          915        0.0638909         reflect
  eval: e=0.0639  p=[0.557 1.000 0.724 0.852 0.708 0.175 0.001 0.764 0.352 0.718]
  eval: e=0.0639  p=[0.557 1.000 0.724 0.852 0.708 0.175 0.001 0.763 0.352 0.718]
   615          917        0.0638906         expand
  eval: e=0.0639  p=[0.557 1.000 0.724 0.852 0.708 0.175 0.001 0.763 0.352 0.718]
   616          918        0.0638906         reflect
  eval: e=0.0639  p=[0.557 1.000 0.724 0.853 0.708 0.175 0.001 0.763 0.352 0.718]
   617          919        0.0638906         reflect
  eval: e=0.0639  p=[0.557 1.000 0.724 0.853 0.708 0.175 0.001 0.763 0.352 0.719]
   618          920        0.0638906         reflect
  eval: e=0.0639  p=[0.557 1.000 0.724 0.853 0.708 0.175 0.001 0.763 0.352 0.718]
   619          921        0.0638906         reflect
  eval: e=0.0639  p=[0.557 1.000 0.724 0.852 0.708 0.175 0.001 0.763 0.352 0.718]
  eval: e=0.0639  p=[0.557 1.000 0.724 0.852 0.708 0.175 0.001 0.764 0.352 0.718]
   620          923        0.0638904         expand
  eval: e=0.0639  p=[0.557 1.000 0.724 0.853 0.708 0.175 0.001 0.763 0.352 0.719]
   621          924        0.0638904         reflect
  eval: e=0.0639  p=[0.557 1.000 0.724 0.853 0.708 0.175 0.001 0.763 0.352 0.718]
   622          925        0.0638904         reflect
  eval: e=0.0639  p=[0.557 1.000 0.724 0.852 0.708 0.175 0.001 0.764 0.352 0.718]
   623          926        0.0638904         reflect
  eval: e=0.0639  p=[0.557 1.000 0.724 0.853 0.708 0.175 0.001 0.763 0.352 0.719]
   624          927        0.0638904         reflect
  eval: e=0.0639  p=[0.557 1.000 0.724 0.853 0.708 0.175 0.001 0.763 0.352 0.718]
   625          928        0.0638904         reflect
  eval: e=0.0639  p=[0.557 1.000 0.724 0.852 0.708 0.175 0.001 0.764 0.352 0.718]
   626          929        0.0638904         reflect
  eval: e=0.0639  p=[0.557 1.000 0.724 0.853 0.708 0.175 0.001 0.763 0.352 0.718]
  eval: e=0.0639  p=[0.557 1.000 0.724 0.853 0.708 0.175 0.001 0.763 0.352 0.718]
   627          931        0.0638904         contract outside
  eval: e=0.0639  p=[0.557 1.000 0.724 0.853 0.708 0.175 0.001 0.763 0.352 0.718]
  eval: e=0.0639  p=[0.557 1.000 0.724 0.853 0.708 0.175 0.001 0.763 0.352 0.718]
   628          933          0.06389         expand
  eval: e=0.0639  p=[0.557 1.000 0.724 0.853 0.708 0.175 0.001 0.763 0.352 0.718]
   629          934          0.06389         reflect
  eval: e=0.0639  p=[0.557 1.000 0.724 0.853 0.709 0.175 0.001 0.763 0.352 0.718]
   630          935          0.06389         reflect
  eval: e=0.0639  p=[0.557 1.000 0.724 0.852 0.708 0.175 0.001 0.764 0.352 0.717]
   631          936          0.06389         reflect
  eval: e=0.0639  p=[0.557 1.000 0.724 0.853 0.709 0.175 0.001 0.763 0.352 0.718]
   632          937          0.06389         reflect
  eval: e=0.0639  p=[0.557 1.000 0.724 0.852 0.708 0.175 0.001 0.764 0.352 0.718]
   633          938          0.06389         reflect
  eval: e=0.0639  p=[0.557 1.000 0.724 0.853 0.708 0.175 0.001 0.763 0.352 0.718]
   634          939          0.06389         reflect
  eval: e=0.0639  p=[0.557 1.000 0.724 0.852 0.708 0.175 0.001 0.764 0.352 0.718]
  eval: e=0.0639  p=[0.557 1.000 0.724 0.853 0.708 0.175 0.001 0.763 0.352 0.718]
   635          941          0.06389         contract inside
  eval: e=0.0639  p=[0.557 1.000 0.724 0.853 0.709 0.175 0.001 0.763 0.352 0.718]
   636          942          0.06389         reflect
  eval: e=0.0639  p=[0.557 1.000 0.724 0.853 0.708 0.175 0.001 0.763 0.352 0.718]
  eval: e=0.0639  p=[0.557 1.000 0.724 0.853 0.709 0.175 0.001 0.763 0.352 0.718]
   637          944        0.0638898         expand
  eval: e=0.0639  p=[0.557 1.000 0.724 0.853 0.709 0.175 0.001 0.763 0.352 0.718]
   638          945        0.0638898         reflect
  eval: e=0.0639  p=[0.557 1.000 0.724 0.853 0.709 0.175 0.001 0.764 0.352 0.718]
   639          946        0.0638898         reflect
  eval: e=0.0639  p=[0.557 1.000 0.724 0.853 0.708 0.175 0.001 0.763 0.352 0.719]
   640          947        0.0638898         reflect
  eval: e=0.0639  p=[0.557 1.000 0.724 0.853 0.709 0.175 0.001 0.763 0.352 0.718]
  eval: e=0.0639  p=[0.557 1.000 0.724 0.853 0.709 0.175 0.001 0.763 0.352 0.717]
   641          949        0.0638894         expand
  eval: e=0.0639  p=[0.557 1.000 0.724 0.853 0.709 0.175 0.001 0.763 0.352 0.718]
   642          950        0.0638894         reflect
  eval: e=0.0639  p=[0.557 1.000 0.724 0.853 0.709 0.175 0.001 0.763 0.352 0.718]
   643          951        0.0638894         reflect
  eval: e=0.0639  p=[0.557 1.000 0.724 0.853 0.709 0.175 0.001 0.763 0.352 0.718]
   644          952        0.0638894         reflect
  eval: e=0.0639  p=[0.557 1.000 0.724 0.853 0.709 0.175 0.001 0.763 0.352 0.718]
   645          953        0.0638894         reflect
  eval: e=0.0639  p=[0.557 1.000 0.724 0.853 0.709 0.175 0.001 0.763 0.352 0.718]
   646          954        0.0638894         reflect
  eval: e=0.0639  p=[0.557 1.000 0.724 0.853 0.709 0.175 0.001 0.763 0.352 0.718]
   647          955        0.0638894         reflect
  eval: e=0.0639  p=[0.557 1.000 0.724 0.853 0.709 0.175 0.001 0.764 0.352 0.717]
  eval: e=0.0639  p=[0.557 1.000 0.724 0.853 0.709 0.174 0.001 0.764 0.352 0.717]
   648          957        0.0638892         expand
  eval: e=0.0639  p=[0.557 1.000 0.724 0.853 0.709 0.175 0.001 0.763 0.352 0.718]
   649          958        0.0638892         reflect
  eval: e=0.0639  p=[0.557 1.000 0.724 0.853 0.709 0.175 0.001 0.763 0.352 0.718]
   650          959        0.0638892         reflect
  eval: e=0.0639  p=[0.557 1.000 0.724 0.854 0.709 0.175 0.001 0.762 0.352 0.718]
   651          960        0.0638892         reflect
  eval: e=0.0639  p=[0.557 1.000 0.724 0.853 0.709 0.175 0.001 0.763 0.352 0.718]
  eval: e=0.0639  p=[0.557 1.000 0.724 0.853 0.709 0.175 0.001 0.763 0.352 0.717]
   652          962        0.0638887         expand
  eval: e=0.0639  p=[0.557 1.000 0.724 0.853 0.709 0.175 0.001 0.763 0.352 0.717]
   653          963        0.0638887         reflect
  eval: e=0.0639  p=[0.557 1.000 0.724 0.853 0.709 0.175 0.001 0.763 0.352 0.717]
   654          964        0.0638887         reflect
  eval: e=0.0639  p=[0.557 1.000 0.724 0.853 0.709 0.175 0.001 0.763 0.352 0.717]
   655          965        0.0638887         reflect
  eval: e=0.0639  p=[0.557 1.000 0.724 0.853 0.709 0.175 0.001 0.763 0.352 0.717]
   656          966        0.0638887         reflect
  eval: e=0.0639  p=[0.557 1.000 0.724 0.853 0.709 0.175 0.001 0.763 0.352 0.717]
  eval: e=0.0639  p=[0.557 1.000 0.724 0.853 0.709 0.175 0.001 0.763 0.352 0.716]
   657          968        0.0638884         expand
  eval: e=0.0639  p=[0.557 1.000 0.724 0.853 0.709 0.175 0.001 0.763 0.352 0.717]
  eval: e=0.0639  p=[0.557 1.000 0.724 0.854 0.709 0.175 0.001 0.763 0.352 0.717]
   658          970         0.063888         expand
  eval: e=0.0639  p=[0.557 1.000 0.724 0.853 0.710 0.175 0.001 0.763 0.352 0.716]
   659          971         0.063888         reflect
  eval: e=0.0639  p=[0.557 1.000 0.724 0.853 0.709 0.174 0.001 0.764 0.352 0.716]
   660          972         0.063888         reflect
  eval: e=0.0639  p=[0.557 1.000 0.724 0.853 0.710 0.174 0.001 0.763 0.352 0.715]
   661          973         0.063888         reflect
  eval: e=0.0639  p=[0.557 1.000 0.724 0.854 0.710 0.175 0.001 0.762 0.352 0.716]
   662          974         0.063888         reflect
  eval: e=0.0639  p=[0.557 1.000 0.724 0.853 0.709 0.175 0.001 0.763 0.352 0.716]
  eval: e=0.0639  p=[0.557 1.000 0.724 0.853 0.710 0.175 0.001 0.763 0.352 0.716]
   663          976        0.0638875         expand
  eval: e=0.0639  p=[0.557 1.000 0.724 0.853 0.710 0.174 0.001 0.763 0.352 0.716]
   664          977        0.0638875         reflect
  eval: e=0.0639  p=[0.557 1.000 0.724 0.854 0.710 0.174 0.001 0.763 0.352 0.715]
   665          978        0.0638875         reflect
  eval: e=0.0639  p=[0.557 1.000 0.724 0.854 0.710 0.174 0.001 0.763 0.352 0.715]
   666          979        0.0638875         reflect
  eval: e=0.0639  p=[0.557 1.000 0.724 0.853 0.710 0.174 0.001 0.763 0.352 0.715]
   667          980        0.0638875         reflect
  eval: e=0.0639  p=[0.557 1.000 0.724 0.853 0.710 0.174 0.001 0.763 0.352 0.715]
  eval: e=0.0639  p=[0.557 1.000 0.724 0.853 0.710 0.174 0.001 0.763 0.352 0.715]
   668          982        0.0638871         expand
  eval: e=0.0639  p=[0.557 1.000 0.724 0.854 0.710 0.174 0.001 0.763 0.352 0.715]
   669          983        0.0638871         reflect
  eval: e=0.0639  p=[0.557 1.000 0.724 0.854 0.710 0.175 0.001 0.763 0.352 0.715]
   670          984        0.0638871         reflect
  eval: e=0.0639  p=[0.557 1.000 0.724 0.854 0.710 0.175 0.001 0.763 0.352 0.715]
  eval: e=0.0639  p=[0.557 1.000 0.724 0.854 0.710 0.175 0.001 0.762 0.352 0.715]
   671          986        0.0638861         expand
  eval: e=0.0639  p=[0.557 1.000 0.724 0.853 0.710 0.174 0.001 0.764 0.352 0.714]
   672          987        0.0638861         reflect
  eval: e=0.0639  p=[0.558 1.000 0.724 0.854 0.710 0.174 0.001 0.763 0.352 0.713]
   673          988        0.0638861         reflect
  eval: e=0.0639  p=[0.557 1.000 0.724 0.854 0.710 0.174 0.001 0.763 0.352 0.715]
   674          989        0.0638861         reflect
  eval: e=0.0639  p=[0.557 1.000 0.724 0.854 0.710 0.174 0.001 0.763 0.352 0.714]
   675          990        0.0638861         reflect
  eval: e=0.0639  p=[0.557 1.000 0.724 0.854 0.710 0.175 0.001 0.763 0.352 0.715]
  eval: e=0.0639  p=[0.557 1.000 0.724 0.854 0.710 0.175 0.001 0.762 0.352 0.715]
   676          992        0.0638852         expand
  eval: e=0.0639  p=[0.557 1.000 0.724 0.854 0.710 0.175 0.001 0.763 0.352 0.715]
   677          993        0.0638852         reflect
  eval: e=0.0639  p=[0.557 1.000 0.724 0.854 0.710 0.174 0.001 0.763 0.352 0.714]
   678          994        0.0638852         reflect
  eval: e=0.0639  p=[0.558 1.000 0.724 0.854 0.711 0.174 0.001 0.763 0.352 0.713]
   679          995        0.0638852         reflect
  eval: e=0.0639  p=[0.557 1.000 0.724 0.854 0.710 0.175 0.001 0.762 0.352 0.716]
   680          996        0.0638852         reflect
  eval: e=0.0639  p=[0.557 1.000 0.724 0.854 0.710 0.174 0.001 0.763 0.352 0.714]
  eval: e=0.0639  p=[0.557 1.000 0.724 0.853 0.710 0.174 0.001 0.764 0.352 0.714]
   681          998        0.0638841         expand
  eval: e=0.0639  p=[0.557 1.000 0.724 0.854 0.710 0.175 0.001 0.763 0.352 0.714]
   682          999        0.0638841         reflect
  eval: e=0.0639  p=[0.558 1.000 0.724 0.855 0.710 0.175 0.001 0.762 0.352 0.715]
  eval: e=0.0639  p=[0.558 1.000 0.723 0.855 0.711 0.175 0.001 0.760 0.352 0.715]
   683         1001        0.0638831         expand
  eval: e=0.0639  p=[0.557 1.000 0.724 0.854 0.710 0.175 0.001 0.762 0.352 0.715]
   684         1002        0.0638831         reflect
  eval: e=0.0639  p=[0.558 1.000 0.724 0.855 0.710 0.175 0.001 0.761 0.352 0.715]
   685         1003        0.0638831         reflect
  eval: e=0.0639  p=[0.558 1.000 0.724 0.855 0.711 0.175 0.001 0.762 0.352 0.715]
   686         1004        0.0638831         reflect
  eval: e=0.0639  p=[0.558 1.000 0.724 0.854 0.711 0.175 0.001 0.762 0.352 0.714]
  eval: e=0.0639  p=[0.558 1.000 0.724 0.854 0.711 0.175 0.001 0.762 0.352 0.713]
   687         1006        0.0638818         expand
  eval: e=0.0639  p=[0.557 1.000 0.724 0.854 0.710 0.175 0.001 0.762 0.352 0.716]
   688         1007        0.0638818         reflect
  eval: e=0.0639  p=[0.557 1.000 0.724 0.855 0.710 0.175 0.001 0.761 0.352 0.715]
  eval: e=0.0639  p=[0.557 1.000 0.723 0.855 0.710 0.175 0.001 0.761 0.352 0.716]
   689         1009        0.0638791         expand
  eval: e=0.0639  p=[0.558 1.000 0.724 0.855 0.711 0.175 0.001 0.761 0.352 0.714]
   690         1010        0.0638791         reflect
  eval: e=0.0639  p=[0.558 1.000 0.724 0.855 0.711 0.175 0.001 0.761 0.352 0.714]
   691         1011        0.0638791         reflect
  eval: e=0.0639  p=[0.558 1.000 0.723 0.855 0.710 0.175 0.001 0.761 0.352 0.715]
   692         1012        0.0638791         reflect
  eval: e=0.0639  p=[0.558 1.000 0.723 0.856 0.711 0.175 0.001 0.759 0.351 0.715]
   693         1013        0.0638791         reflect
  eval: e=0.0639  p=[0.558 1.000 0.723 0.856 0.711 0.175 0.001 0.760 0.352 0.714]
  eval: e=0.0639  p=[0.558 1.000 0.723 0.857 0.711 0.175 0.001 0.759 0.352 0.714]
   694         1015        0.0638768         expand
  eval: e=0.0639  p=[0.558 1.000 0.723 0.856 0.711 0.175 0.001 0.760 0.352 0.714]
   695         1016        0.0638768         reflect
  eval: e=0.0639  p=[0.558 1.000 0.723 0.856 0.711 0.175 0.001 0.760 0.352 0.714]
   696         1017        0.0638768         reflect
  eval: e=0.0639  p=[0.558 1.000 0.724 0.855 0.711 0.175 0.001 0.761 0.352 0.714]
  eval: e=0.0639  p=[0.558 1.000 0.724 0.855 0.711 0.175 0.001 0.761 0.352 0.713]
   697         1019        0.0638719         expand
  eval: e=0.0639  p=[0.558 1.000 0.723 0.856 0.712 0.175 0.001 0.759 0.352 0.713]
   698         1020        0.0638719         reflect
  eval: e=0.0639  p=[0.558 1.000 0.723 0.857 0.711 0.176 0.000 0.758 0.351 0.715]
   699         1021        0.0638719         reflect
  eval: e=0.0639  p=[0.558 1.000 0.723 0.857 0.711 0.176 0.001 0.758 0.352 0.715]
   700         1022        0.0638719         reflect
  eval: e=0.0639  p=[0.558 1.000 0.723 0.857 0.711 0.176 0.000 0.759 0.351 0.714]
   701         1023        0.0638719         reflect
  eval: e=0.0639  p=[0.558 1.000 0.722 0.857 0.711 0.176 0.000 0.758 0.351 0.715]
   702         1024        0.0638719         reflect
  eval: e=0.0639  p=[0.558 1.000 0.723 0.856 0.711 0.176 0.001 0.759 0.352 0.713]
  eval: e=0.0639  p=[0.558 1.000 0.723 0.856 0.711 0.176 0.001 0.759 0.352 0.712]
   703         1026         0.063869         expand
  eval: e=0.0639  p=[0.558 1.000 0.723 0.857 0.712 0.176 0.001 0.758 0.352 0.712]
   704         1027         0.063869         reflect
  eval: e=0.0639  p=[0.558 1.000 0.723 0.857 0.712 0.176 0.000 0.758 0.352 0.713]
  eval: e=0.0639  p=[0.558 1.000 0.723 0.858 0.712 0.176 0.000 0.758 0.351 0.713]
   705         1029        0.0638649         expand
  eval: e=0.0639  p=[0.558 1.000 0.723 0.858 0.712 0.176 0.000 0.757 0.352 0.713]
   706         1030        0.0638649         reflect
  eval: e=0.0639  p=[0.558 1.000 0.723 0.857 0.711 0.176 0.000 0.758 0.352 0.713]
   707         1031        0.0638649         reflect
  eval: e=0.0639  p=[0.558 1.000 0.723 0.858 0.711 0.176 0.000 0.757 0.351 0.715]
  eval: e=0.0639  p=[0.558 1.000 0.722 0.858 0.711 0.177 0.000 0.756 0.351 0.716]
   708         1033        0.0638581         expand
  eval: e=0.0639  p=[0.558 1.000 0.723 0.857 0.712 0.176 0.000 0.758 0.352 0.712]
   709         1034        0.0638581         reflect
  eval: e=0.0639  p=[0.558 1.000 0.723 0.858 0.712 0.176 0.000 0.758 0.352 0.712]
   710         1035        0.0638581         reflect
  eval: e=0.0639  p=[0.558 1.000 0.723 0.858 0.712 0.176 0.000 0.758 0.352 0.712]
   711         1036        0.0638581         reflect
  eval: e=0.0639  p=[0.558 1.000 0.723 0.857 0.711 0.176 0.000 0.759 0.351 0.714]
   712         1037        0.0638581         reflect
  eval: e=0.0639  p=[0.558 1.000 0.723 0.857 0.712 0.176 0.000 0.759 0.352 0.711]
  eval: e=0.0639  p=[0.558 1.000 0.724 0.857 0.713 0.176 0.000 0.759 0.352 0.709]
   713         1039        0.0638501         expand
  eval: e=0.0639  p=[0.558 1.000 0.722 0.860 0.713 0.177 0.000 0.755 0.351 0.712]
   714         1040        0.0638501         reflect
  eval: e=0.0639  p=[0.558 1.000 0.722 0.859 0.712 0.177 0.000 0.756 0.351 0.713]
   715         1041        0.0638501         reflect
  eval: e=0.0638  p=[0.558 1.000 0.723 0.858 0.712 0.177 0.000 0.758 0.352 0.712]
  eval: e=0.0638  p=[0.558 1.000 0.724 0.858 0.712 0.177 0.000 0.758 0.352 0.712]
   716         1043        0.0638385         expand
  eval: e=0.0638  p=[0.558 1.000 0.723 0.859 0.712 0.177 0.000 0.757 0.352 0.711]
   717         1044        0.0638385         reflect
  eval: e=0.0638  p=[0.558 1.000 0.723 0.858 0.712 0.177 0.000 0.757 0.352 0.712]
   718         1045        0.0638385         reflect
  eval: e=0.0638  p=[0.558 1.000 0.723 0.859 0.712 0.177 0.000 0.756 0.351 0.713]
   719         1046        0.0638385         reflect
  eval: e=0.0638  p=[0.558 1.000 0.723 0.859 0.712 0.177 0.000 0.756 0.351 0.713]
  eval: e=0.0640  p=[0.558 1.000 0.723 0.859 0.712 0.178 0.000 0.756 0.351 0.713]
   720         1048        0.0638366         reflect
  eval: e=0.0638  p=[0.558 1.000 0.723 0.859 0.712 0.177 0.000 0.756 0.351 0.713]
   721         1049        0.0638366         reflect
  eval: e=0.0638  p=[0.558 1.000 0.723 0.860 0.713 0.178 0.000 0.755 0.352 0.711]
   722         1050        0.0638366         reflect
  eval: e=0.0639  p=[0.558 1.000 0.724 0.859 0.714 0.177 0.000 0.757 0.352 0.708]
  eval: e=0.0638  p=[0.558 1.000 0.723 0.858 0.712 0.177 0.000 0.757 0.351 0.714]
   723         1052        0.0638366         contract inside
  eval: e=0.0638  p=[0.558 1.000 0.724 0.858 0.712 0.177 0.000 0.759 0.352 0.712]
  eval: e=0.0640  p=[0.557 1.000 0.725 0.856 0.711 0.177 0.000 0.760 0.352 0.712]
   724         1054        0.0638317         reflect
  eval: e=0.0638  p=[0.558 1.000 0.724 0.857 0.712 0.177 0.000 0.758 0.352 0.711]
  eval: e=0.0639  p=[0.557 1.000 0.725 0.857 0.712 0.177 0.000 0.760 0.353 0.709]
   725         1056        0.0638302         reflect
  eval: e=0.0640  p=[0.558 1.000 0.722 0.860 0.711 0.178 0.000 0.755 0.351 0.715]
  eval: e=0.0638  p=[0.558 1.000 0.724 0.858 0.712 0.177 0.000 0.758 0.352 0.710]
   726         1058        0.0638302         contract inside
  eval: e=0.0639  p=[0.558 1.000 0.724 0.858 0.713 0.177 0.000 0.758 0.352 0.710]
  eval: e=0.0638  p=[0.558 1.000 0.723 0.858 0.712 0.177 0.000 0.757 0.352 0.713]
   727         1060        0.0638302         contract inside
  eval: e=0.0638  p=[0.558 1.000 0.724 0.858 0.712 0.177 0.000 0.758 0.352 0.711]
   728         1061        0.0638302         reflect
  eval: e=0.0638  p=[0.558 1.000 0.724 0.858 0.712 0.177 0.000 0.758 0.352 0.712]
   729         1062        0.0638302         reflect
  eval: e=0.0639  p=[0.558 1.000 0.723 0.859 0.712 0.177 0.000 0.757 0.351 0.713]
  eval: e=0.0638  p=[0.558 1.000 0.723 0.858 0.712 0.177 0.000 0.758 0.352 0.711]
   730         1064        0.0638302         contract inside
  eval: e=0.0639  p=[0.558 1.000 0.723 0.858 0.712 0.177 0.000 0.758 0.351 0.712]
  eval: e=0.0638  p=[0.558 1.000 0.723 0.858 0.712 0.177 0.000 0.757 0.352 0.712]
   731         1066        0.0638302         contract inside
  eval: e=0.0639  p=[0.558 1.000 0.723 0.859 0.712 0.178 0.000 0.756 0.351 0.713]
  eval: e=0.0638  p=[0.558 1.000 0.723 0.858 0.712 0.177 0.000 0.758 0.352 0.711]
   732         1068        0.0638302         contract inside
  eval: e=0.0638  p=[0.557 1.000 0.724 0.856 0.711 0.176 0.000 0.760 0.352 0.713]
   733         1069        0.0638302         reflect
  eval: e=0.0638  p=[0.558 1.000 0.724 0.857 0.712 0.177 0.000 0.759 0.352 0.711]
   734         1070        0.0638302         reflect
  eval: e=0.0639  p=[0.558 1.000 0.723 0.860 0.713 0.178 0.000 0.755 0.352 0.710]
  eval: e=0.0638  p=[0.558 1.000 0.724 0.857 0.711 0.177 0.000 0.759 0.352 0.712]
   735         1072        0.0638302         contract inside
  eval: e=0.0638  p=[0.558 1.000 0.724 0.858 0.712 0.177 0.000 0.758 0.352 0.712]
   736         1073        0.0638302         reflect
  eval: e=0.0638  p=[0.557 1.000 0.724 0.858 0.712 0.177 0.000 0.759 0.352 0.712]
   737         1074        0.0638302         reflect
  eval: e=0.0638  p=[0.557 1.000 0.724 0.858 0.711 0.177 0.000 0.758 0.352 0.713]
  eval: e=0.0638  p=[0.558 1.000 0.723 0.858 0.712 0.177 0.000 0.758 0.352 0.712]
   738         1076        0.0638302         contract inside
  eval: e=0.0638  p=[0.557 1.000 0.724 0.857 0.711 0.177 0.000 0.760 0.352 0.711]
  eval: e=0.0638  p=[0.557 1.000 0.725 0.855 0.711 0.177 0.000 0.761 0.353 0.711]
   739         1078         0.063828         reflect
  eval: e=0.0639  p=[0.558 1.000 0.724 0.858 0.712 0.177 0.000 0.758 0.352 0.711]
  eval: e=0.0638  p=[0.558 1.000 0.724 0.857 0.712 0.177 0.000 0.758 0.352 0.712]
   740         1080         0.063828         contract inside
  eval: e=0.0639  p=[0.557 1.000 0.724 0.857 0.711 0.177 0.000 0.758 0.352 0.712]
  eval: e=0.0638  p=[0.558 1.000 0.724 0.858 0.712 0.177 0.000 0.758 0.352 0.712]
   741         1082         0.063828         contract inside
  eval: e=0.0638  p=[0.557 1.000 0.725 0.856 0.711 0.177 0.000 0.760 0.352 0.710]
  eval: e=0.0638  p=[0.557 1.000 0.726 0.855 0.711 0.176 0.000 0.762 0.353 0.709]
   742         1084        0.0638277         reflect
  eval: e=0.0638  p=[0.558 1.000 0.724 0.857 0.712 0.177 0.000 0.759 0.352 0.711]
   743         1085        0.0638277         reflect
  eval: e=0.0638  p=[0.557 1.000 0.724 0.857 0.711 0.177 0.000 0.759 0.352 0.711]
   744         1086        0.0638277         reflect
  eval: e=0.0638  p=[0.557 1.000 0.724 0.857 0.712 0.177 0.000 0.759 0.352 0.711]
  eval: e=0.0638  p=[0.558 1.000 0.724 0.857 0.712 0.177 0.000 0.759 0.352 0.712]
   745         1088        0.0638277         contract inside
  eval: e=0.0638  p=[0.557 1.000 0.724 0.857 0.711 0.177 0.000 0.759 0.352 0.711]
  eval: e=0.0638  p=[0.558 1.000 0.724 0.857 0.712 0.177 0.000 0.759 0.352 0.712]
   746         1090        0.0638277         contract inside
  eval: e=0.0639  p=[0.557 1.000 0.724 0.857 0.711 0.177 0.000 0.759 0.352 0.712]
  eval: e=0.0638  p=[0.558 1.000 0.724 0.857 0.712 0.177 0.000 0.759 0.352 0.711]
   747         1092        0.0638277         contract inside
  eval: e=0.0638  p=[0.558 1.000 0.724 0.858 0.712 0.177 0.000 0.758 0.352 0.711]
  eval: e=0.0638  p=[0.557 1.000 0.724 0.857 0.711 0.177 0.000 0.759 0.352 0.711]
   748         1094        0.0638277         contract inside
  eval: e=0.0638  p=[0.557 1.000 0.724 0.857 0.712 0.177 0.000 0.759 0.352 0.711]
  eval: e=0.0638  p=[0.557 1.000 0.724 0.857 0.712 0.177 0.000 0.759 0.352 0.711]
   749         1096        0.0638277         contract outside
  eval: e=0.0638  p=[0.557 1.000 0.724 0.856 0.712 0.177 0.000 0.760 0.353 0.710]
   750         1097        0.0638277         reflect
  eval: e=0.0638  p=[0.557 1.000 0.724 0.857 0.712 0.177 0.000 0.759 0.352 0.711]
   751         1098        0.0638277         reflect
  eval: e=0.0638  p=[0.557 1.000 0.724 0.857 0.712 0.177 0.000 0.759 0.352 0.711]
  eval: e=0.0638  p=[0.557 1.000 0.724 0.857 0.712 0.177 0.000 0.759 0.352 0.711]
   752         1100        0.0638277         contract inside
  eval: e=0.0638  p=[0.557 1.000 0.725 0.856 0.712 0.177 0.000 0.760 0.353 0.710]
   753         1101        0.0638277         reflect
  eval: e=0.0638  p=[0.557 1.000 0.725 0.856 0.712 0.177 0.000 0.761 0.353 0.710]
  eval: e=0.0638  p=[0.557 1.000 0.726 0.855 0.712 0.176 0.000 0.763 0.353 0.708]
   754         1103        0.0638274         reflect
  eval: e=0.0638  p=[0.557 1.000 0.725 0.856 0.711 0.177 0.000 0.760 0.353 0.710]
   755         1104        0.0638274         reflect
  eval: e=0.0638  p=[0.557 1.000 0.725 0.856 0.711 0.177 0.000 0.760 0.353 0.710]
   756         1105        0.0638274         reflect
  eval: e=0.0638  p=[0.557 1.000 0.724 0.857 0.711 0.177 0.000 0.760 0.352 0.711]
  eval: e=0.0638  p=[0.557 1.000 0.724 0.857 0.712 0.177 0.000 0.760 0.352 0.710]
   757         1107        0.0638274         contract inside
  eval: e=0.0638  p=[0.557 1.000 0.725 0.855 0.711 0.177 0.000 0.761 0.353 0.710]
   758         1108        0.0638274         reflect
  eval: e=0.0638  p=[0.557 1.000 0.724 0.857 0.711 0.177 0.000 0.759 0.352 0.711]
   759         1109        0.0638274         reflect
  eval: e=0.0638  p=[0.557 1.000 0.725 0.856 0.711 0.177 0.000 0.760 0.352 0.711]
  eval: e=0.0638  p=[0.557 1.000 0.725 0.856 0.712 0.177 0.000 0.760 0.353 0.710]
   760         1111        0.0638274         contract inside
  eval: e=0.0638  p=[0.557 1.000 0.725 0.856 0.711 0.177 0.000 0.761 0.352 0.711]
   761         1112        0.0638274         reflect
  eval: e=0.0638  p=[0.557 1.000 0.725 0.855 0.711 0.177 0.000 0.761 0.353 0.710]
  eval: e=0.0638  p=[0.557 1.000 0.726 0.855 0.711 0.176 0.000 0.763 0.353 0.709]
   762         1114        0.0638271         reflect
  eval: e=0.0638  p=[0.557 1.000 0.725 0.856 0.711 0.177 0.000 0.761 0.353 0.710]
   763         1115        0.0638271         reflect
  eval: e=0.0638  p=[0.557 1.000 0.725 0.856 0.711 0.177 0.000 0.761 0.352 0.710]
  eval: e=0.0638  p=[0.557 1.000 0.725 0.856 0.711 0.177 0.000 0.760 0.352 0.710]
   764         1117        0.0638271         contract inside
  eval: e=0.0638  p=[0.557 1.000 0.725 0.855 0.711 0.177 0.000 0.762 0.353 0.709]
  eval: e=0.0638  p=[0.557 1.000 0.726 0.854 0.711 0.176 0.000 0.764 0.353 0.708]
   765         1119        0.0638268         reflect
  eval: e=0.0638  p=[0.557 1.000 0.725 0.855 0.711 0.176 0.000 0.762 0.353 0.710]
   766         1120        0.0638268         reflect
  eval: e=0.0638  p=[0.557 1.000 0.725 0.856 0.712 0.177 0.000 0.760 0.352 0.710]
  eval: e=0.0638  p=[0.557 1.000 0.725 0.856 0.711 0.177 0.000 0.761 0.353 0.710]
   767         1122        0.0638268         contract inside
  eval: e=0.0638  p=[0.557 1.000 0.725 0.856 0.711 0.177 0.000 0.761 0.353 0.710]
  eval: e=0.0638  p=[0.557 1.000 0.725 0.856 0.711 0.177 0.000 0.761 0.352 0.710]
   768         1124        0.0638268         contract inside
  eval: e=0.0638  p=[0.557 1.000 0.725 0.855 0.711 0.176 0.000 0.762 0.353 0.710]
   769         1125        0.0638268         reflect
  eval: e=0.0638  p=[0.557 1.000 0.725 0.856 0.712 0.177 0.000 0.760 0.353 0.710]
  eval: e=0.0638  p=[0.557 1.000 0.725 0.856 0.711 0.177 0.000 0.761 0.353 0.710]
   770         1127        0.0638268         contract inside
  eval: e=0.0638  p=[0.557 1.000 0.725 0.856 0.711 0.177 0.000 0.761 0.352 0.711]
  eval: e=0.0638  p=[0.557 1.000 0.725 0.856 0.711 0.177 0.000 0.761 0.353 0.710]
   771         1129        0.0638268         contract inside
  eval: e=0.0638  p=[0.557 1.000 0.726 0.855 0.711 0.176 0.000 0.762 0.353 0.709]
  eval: e=0.0638  p=[0.557 1.000 0.726 0.854 0.711 0.176 0.000 0.764 0.353 0.708]
   772         1131        0.0638265         reflect
  eval: e=0.0638  p=[0.557 1.000 0.726 0.855 0.711 0.176 0.000 0.763 0.353 0.709]
   773         1132        0.0638265         reflect
  eval: e=0.0638  p=[0.557 1.000 0.726 0.855 0.711 0.176 0.000 0.763 0.353 0.709]
  eval: e=0.0638  p=[0.557 1.000 0.726 0.854 0.711 0.176 0.000 0.764 0.353 0.708]
   774         1134        0.0638262         reflect
  eval: e=0.0638  p=[0.557 1.000 0.726 0.855 0.711 0.176 0.000 0.763 0.353 0.709]
   775         1135        0.0638262         reflect
  eval: e=0.0638  p=[0.557 1.000 0.726 0.855 0.711 0.176 0.000 0.763 0.353 0.709]
  eval: e=0.0638  p=[0.557 1.000 0.726 0.854 0.711 0.176 0.000 0.764 0.353 0.709]
   776         1137        0.0638259         expand
  eval: e=0.0638  p=[0.557 1.000 0.726 0.854 0.711 0.176 0.000 0.763 0.353 0.709]
   777         1138        0.0638259         reflect
  eval: e=0.0638  p=[0.557 1.000 0.726 0.854 0.711 0.176 0.000 0.763 0.353 0.709]
   778         1139        0.0638259         reflect
  eval: e=0.0638  p=[0.557 1.000 0.726 0.854 0.711 0.176 0.000 0.764 0.353 0.708]
   779         1140        0.0638259         reflect
  eval: e=0.0638  p=[0.557 1.000 0.726 0.854 0.711 0.176 0.000 0.764 0.353 0.708]
   780         1141        0.0638259         reflect
  eval: e=0.0638  p=[0.557 1.000 0.727 0.853 0.711 0.176 0.000 0.765 0.353 0.708]
   781         1142        0.0638259         reflect
  eval: e=0.0638  p=[0.557 1.000 0.726 0.854 0.711 0.176 0.000 0.763 0.353 0.709]
   782         1143        0.0638259         reflect
  eval: e=0.0638  p=[0.557 1.000 0.726 0.853 0.711 0.176 0.000 0.765 0.353 0.708]
  eval: e=0.0638  p=[0.557 1.000 0.727 0.853 0.711 0.176 0.000 0.766 0.353 0.708]
   783         1145        0.0638258         reflect
  eval: e=0.0638  p=[0.557 1.000 0.727 0.853 0.711 0.176 0.000 0.765 0.354 0.708]
  eval: e=0.0638  p=[0.557 1.000 0.726 0.855 0.711 0.176 0.000 0.763 0.353 0.709]
   784         1147        0.0638258         contract inside
  eval: e=0.0638  p=[0.557 1.000 0.726 0.854 0.711 0.176 0.000 0.763 0.353 0.709]
   785         1148        0.0638258         reflect
  eval: e=0.0638  p=[0.557 1.000 0.726 0.854 0.711 0.176 0.000 0.764 0.353 0.709]
   786         1149        0.0638258         reflect
  eval: e=0.0638  p=[0.557 1.000 0.726 0.854 0.711 0.176 0.000 0.765 0.353 0.709]
   787         1150        0.0638258         reflect
  eval: e=0.0638  p=[0.557 1.000 0.726 0.855 0.711 0.176 0.000 0.763 0.353 0.709]
   788         1151        0.0638258         reflect
  eval: e=0.0638  p=[0.557 1.000 0.725 0.855 0.711 0.176 0.000 0.762 0.353 0.710]
  eval: e=0.0638  p=[0.557 1.000 0.726 0.855 0.711 0.176 0.000 0.763 0.353 0.709]
   789         1153        0.0638258         contract outside
  eval: e=0.0638  p=[0.557 1.000 0.726 0.854 0.711 0.176 0.000 0.763 0.353 0.709]
  eval: e=0.0638  p=[0.557 1.000 0.726 0.854 0.711 0.176 0.000 0.763 0.353 0.709]
   790         1155        0.0638258         contract outside
  eval: e=0.0638  p=[0.557 1.000 0.726 0.853 0.711 0.176 0.000 0.765 0.353 0.709]
  eval: e=0.0638  p=[0.556 1.000 0.727 0.853 0.710 0.176 0.000 0.766 0.353 0.709]
   791         1157        0.0638254         expand
  eval: e=0.0638  p=[0.557 1.000 0.726 0.853 0.711 0.176 0.000 0.765 0.353 0.709]
   792         1158        0.0638254         reflect
  eval: e=0.0638  p=[0.557 1.000 0.726 0.854 0.711 0.176 0.000 0.764 0.353 0.709]
  eval: e=0.0638  p=[0.557 1.000 0.726 0.854 0.711 0.176 0.000 0.764 0.353 0.709]
   793         1160        0.0638254         contract inside
  eval: e=0.0638  p=[0.557 1.000 0.726 0.853 0.711 0.176 0.000 0.764 0.353 0.709]
   794         1161        0.0638254         reflect
  eval: e=0.0638  p=[0.556 1.000 0.727 0.853 0.711 0.176 0.000 0.765 0.353 0.709]
   795         1162        0.0638254         reflect
  eval: e=0.0638  p=[0.557 1.000 0.726 0.854 0.711 0.176 0.000 0.764 0.353 0.709]
   796         1163        0.0638254         reflect
  eval: e=0.0638  p=[0.556 1.000 0.727 0.853 0.711 0.176 0.000 0.766 0.354 0.708]
   797         1164        0.0638254         reflect
  eval: e=0.0638  p=[0.557 1.000 0.726 0.854 0.711 0.176 0.000 0.764 0.353 0.709]
  eval: e=0.0638  p=[0.557 1.000 0.726 0.853 0.711 0.176 0.000 0.765 0.353 0.709]
   798         1166        0.0638254         contract inside
  eval: e=0.0638  p=[0.556 1.000 0.727 0.852 0.710 0.176 0.000 0.766 0.354 0.709]
   799         1167        0.0638254         reflect
  eval: e=0.0638  p=[0.556 1.000 0.727 0.852 0.710 0.176 0.000 0.766 0.354 0.709]
   800         1168        0.0638254         reflect
  eval: e=0.0638  p=[0.557 1.000 0.726 0.854 0.711 0.176 0.000 0.764 0.353 0.709]
   801         1169        0.0638254         reflect
  eval: e=0.0638  p=[0.557 1.000 0.727 0.853 0.711 0.176 0.000 0.765 0.353 0.709]
   802         1170        0.0638254         reflect
  eval: e=0.0638  p=[0.556 1.000 0.727 0.853 0.711 0.176 0.000 0.766 0.353 0.709]
   803         1171        0.0638254         reflect
  eval: e=0.0638  p=[0.556 1.000 0.727 0.852 0.710 0.176 0.000 0.766 0.354 0.708]
  eval: e=0.0638  p=[0.557 1.000 0.726 0.853 0.711 0.176 0.000 0.764 0.353 0.709]
   804         1173        0.0638254         contract inside
  eval: e=0.0638  p=[0.556 1.000 0.727 0.853 0.710 0.176 0.000 0.766 0.353 0.710]
  eval: e=0.0638  p=[0.556 1.000 0.727 0.852 0.710 0.176 0.000 0.766 0.353 0.710]
   805         1175        0.0638252         reflect
  eval: e=0.0638  p=[0.556 1.000 0.727 0.852 0.710 0.176 0.000 0.766 0.353 0.709]
   806         1176        0.0638252         reflect
  eval: e=0.0638  p=[0.556 1.000 0.727 0.852 0.710 0.176 0.000 0.767 0.354 0.709]
   807         1177        0.0638252         reflect
  eval: e=0.0638  p=[0.556 1.000 0.728 0.851 0.710 0.176 0.000 0.768 0.354 0.709]
  eval: e=0.0638  p=[0.557 1.000 0.726 0.853 0.711 0.176 0.000 0.765 0.353 0.709]
   808         1179        0.0638252         contract inside
  eval: e=0.0638  p=[0.556 1.000 0.727 0.853 0.710 0.176 0.000 0.765 0.353 0.710]
   809         1180        0.0638252         reflect
  eval: e=0.0638  p=[0.556 1.000 0.726 0.853 0.710 0.176 0.000 0.765 0.353 0.710]
   810         1181        0.0638252         reflect
  eval: e=0.0638  p=[0.556 1.000 0.726 0.853 0.710 0.176 0.000 0.765 0.353 0.710]
   811         1182        0.0638252         reflect
  eval: e=0.0638  p=[0.556 1.000 0.727 0.853 0.710 0.176 0.000 0.766 0.353 0.710]
  eval: e=0.0638  p=[0.556 1.000 0.727 0.852 0.710 0.176 0.000 0.766 0.353 0.710]
   812         1184        0.0638252         reflect
  eval: e=0.0638  p=[0.556 1.000 0.727 0.852 0.710 0.176 0.000 0.766 0.354 0.709]
  eval: e=0.0638  p=[0.556 1.000 0.727 0.853 0.710 0.176 0.000 0.766 0.353 0.709]
   813         1186        0.0638252         contract outside
  eval: e=0.0638  p=[0.557 1.000 0.726 0.854 0.711 0.176 0.000 0.764 0.353 0.710]
  eval: e=0.0638  p=[0.556 1.000 0.727 0.852 0.710 0.176 0.000 0.766 0.353 0.709]
   814         1188        0.0638252         contract inside
  eval: e=0.0638  p=[0.556 1.000 0.727 0.852 0.710 0.176 0.000 0.766 0.354 0.709]
  eval: e=0.0638  p=[0.556 1.000 0.727 0.853 0.710 0.176 0.000 0.765 0.353 0.710]
   815         1190        0.0638252         contract inside
  eval: e=0.0638  p=[0.556 1.000 0.727 0.853 0.710 0.176 0.000 0.765 0.353 0.710]
  eval: e=0.0638  p=[0.556 1.000 0.727 0.853 0.710 0.176 0.000 0.765 0.353 0.711]
   816         1192        0.0638251         reflect
  eval: e=0.0638  p=[0.556 1.000 0.727 0.852 0.710 0.176 0.000 0.766 0.353 0.710]
   817         1193        0.0638251         reflect
  eval: e=0.0638  p=[0.556 1.000 0.727 0.852 0.710 0.176 0.000 0.766 0.353 0.709]
  eval: e=0.0638  p=[0.556 1.000 0.727 0.853 0.710 0.176 0.000 0.765 0.353 0.710]
   818         1195        0.0638251         contract inside
  eval: e=0.0638  p=[0.557 1.000 0.726 0.853 0.711 0.176 0.000 0.765 0.353 0.709]
  eval: e=0.0638  p=[0.556 1.000 0.727 0.852 0.710 0.176 0.000 0.766 0.353 0.710]
   819         1197        0.0638251         contract inside
  eval: e=0.0638  p=[0.556 1.000 0.727 0.853 0.710 0.176 0.000 0.765 0.353 0.710]
  eval: e=0.0638  p=[0.556 1.000 0.727 0.853 0.710 0.176 0.000 0.766 0.353 0.709]
   820         1199        0.0638251         contract inside
  eval: e=0.0638  p=[0.556 1.000 0.727 0.853 0.710 0.176 0.000 0.766 0.353 0.710]
  eval: e=0.0638  p=[0.556 1.000 0.727 0.853 0.710 0.176 0.000 0.766 0.353 0.710]
   821         1201        0.0638251         contract outside
  eval: e=0.0638  p=[0.556 1.000 0.727 0.853 0.710 0.176 0.000 0.765 0.353 0.710]
  eval: e=0.0638  p=[0.556 1.000 0.727 0.853 0.710 0.176 0.000 0.765 0.353 0.710]
   822         1203        0.0638251         reflect
  eval: e=0.0638  p=[0.556 1.000 0.727 0.852 0.710 0.176 0.000 0.766 0.353 0.710]
  eval: e=0.0638  p=[0.556 1.000 0.727 0.852 0.710 0.176 0.000 0.766 0.353 0.710]
   823         1205        0.0638251         contract outside
  eval: e=0.0638  p=[0.556 1.000 0.726 0.853 0.710 0.176 0.000 0.765 0.353 0.710]
   824         1206        0.0638251         reflect
  eval: e=0.0638  p=[0.556 1.000 0.727 0.853 0.710 0.176 0.000 0.766 0.353 0.710]
   825         1207        0.0638251         reflect
  eval: e=0.0638  p=[0.556 1.000 0.726 0.853 0.710 0.176 0.000 0.765 0.353 0.710]
   826         1208        0.0638251         reflect
  eval: e=0.0638  p=[0.556 1.000 0.727 0.853 0.710 0.176 0.000 0.765 0.353 0.710]
  eval: e=0.0638  p=[0.556 1.000 0.727 0.853 0.710 0.176 0.000 0.765 0.353 0.710]
   827         1210        0.0638251         contract inside
  eval: e=0.0638  p=[0.556 1.000 0.727 0.853 0.710 0.176 0.000 0.765 0.353 0.710]
  eval: e=0.0638  p=[0.556 1.000 0.727 0.853 0.710 0.176 0.000 0.765 0.353 0.710]
   828         1212        0.0638251         contract inside
  eval: e=0.0638  p=[0.556 1.000 0.727 0.852 0.710 0.176 0.000 0.766 0.353 0.710]
  eval: e=0.0638  p=[0.556 1.000 0.727 0.852 0.710 0.176 0.000 0.766 0.353 0.710]
   829         1214        0.0638251         contract outside
  eval: e=0.0638  p=[0.556 1.000 0.727 0.852 0.710 0.176 0.000 0.766 0.353 0.710]
  eval: e=0.0638  p=[0.556 1.000 0.727 0.853 0.710 0.176 0.000 0.765 0.353 0.710]
   830         1216        0.0638251         contract inside
  eval: e=0.0638  p=[0.556 1.000 0.727 0.853 0.710 0.176 0.000 0.765 0.353 0.710]
  eval: e=0.0638  p=[0.556 1.000 0.727 0.853 0.710 0.176 0.000 0.765 0.353 0.710]
   831         1218        0.0638251         reflect
  eval: e=0.0638  p=[0.556 1.000 0.727 0.853 0.710 0.176 0.000 0.765 0.353 0.710]
   832         1219        0.0638251         reflect
  eval: e=0.0638  p=[0.556 1.000 0.726 0.853 0.710 0.176 0.000 0.765 0.353 0.710]
   833         1220        0.0638251         reflect
  eval: e=0.0638  p=[0.556 1.000 0.727 0.853 0.710 0.176 0.000 0.765 0.353 0.710]
  eval: e=0.0638  p=[0.556 1.000 0.727 0.853 0.710 0.176 0.000 0.765 0.353 0.710]
   834         1222        0.0638251         contract outside
  eval: e=0.0638  p=[0.556 1.000 0.726 0.853 0.710 0.176 0.000 0.765 0.353 0.710]
  eval: e=0.0638  p=[0.556 1.000 0.727 0.853 0.710 0.176 0.000 0.765 0.353 0.710]
  eval: e=0.0638  p=[0.556 1.000 0.727 0.853 0.710 0.176 0.000 0.765 0.353 0.710]
  eval: e=0.0638  p=[0.556 1.000 0.727 0.853 0.710 0.176 0.000 0.765 0.353 0.710]
  eval: e=0.0638  p=[0.556 1.000 0.727 0.853 0.710 0.176 0.000 0.765 0.353 0.710]
  eval: e=0.0638  p=[0.556 1.000 0.727 0.853 0.710 0.176 0.000 0.765 0.353 0.710]
  eval: e=0.0638  p=[0.556 1.000 0.727 0.853 0.710 0.176 0.000 0.765 0.353 0.710]
  eval: e=0.0638  p=[0.556 1.000 0.727 0.853 0.710 0.176 0.000 0.765 0.353 0.710]
  eval: e=0.0638  p=[0.556 1.000 0.727 0.853 0.710 0.176 0.000 0.765 0.353 0.710]
  eval: e=0.0638  p=[0.556 1.000 0.727 0.853 0.710 0.176 0.000 0.765 0.353 0.710]
  eval: e=0.0638  p=[0.556 1.000 0.727 0.853 0.710 0.176 0.000 0.765 0.353 0.710]
  eval: e=0.0638  p=[0.556 1.000 0.727 0.853 0.710 0.176 0.000 0.765 0.353 0.710]
   835         1234        0.0638251         shrink
  eval: e=0.0638  p=[0.556 1.000 0.727 0.853 0.710 0.176 0.000 0.765 0.353 0.710]
   836         1235        0.0638251         reflect
  eval: e=0.0638  p=[0.556 1.000 0.727 0.853 0.710 0.176 0.000 0.765 0.353 0.710]
  eval: e=0.0638  p=[0.556 1.000 0.727 0.853 0.710 0.176 0.000 0.765 0.353 0.710]
   837         1237        0.0638251         contract inside
  eval: e=0.0638  p=[0.556 1.000 0.727 0.853 0.710 0.176 0.000 0.765 0.353 0.710]
  eval: e=0.0638  p=[0.556 1.000 0.727 0.853 0.710 0.176 0.000 0.765 0.353 0.710]
   838         1239        0.0638251         contract inside
  eval: e=0.0638  p=[0.556 1.000 0.727 0.853 0.710 0.176 0.000 0.765 0.353 0.710]
   839         1240        0.0638251         reflect
  eval: e=0.0638  p=[0.556 1.000 0.727 0.853 0.710 0.176 0.000 0.765 0.353 0.710]
   840         1241        0.0638251         reflect
  eval: e=0.0638  p=[0.556 1.000 0.727 0.853 0.710 0.176 0.000 0.766 0.353 0.710]
  eval: e=0.0638  p=[0.556 1.000 0.727 0.853 0.710 0.176 0.000 0.765 0.353 0.710]
   841         1243        0.0638251         contract inside
  eval: e=0.0638  p=[0.556 1.000 0.727 0.853 0.710 0.176 0.000 0.765 0.353 0.710]
   842         1244        0.0638251         reflect
  eval: e=0.0638  p=[0.556 1.000 0.727 0.853 0.710 0.176 0.000 0.765 0.353 0.710]
  eval: e=0.0638  p=[0.556 1.000 0.727 0.853 0.710 0.176 0.000 0.765 0.353 0.710]
   843         1246        0.0638251         expand
  eval: e=0.0638  p=[0.556 1.000 0.727 0.853 0.710 0.176 0.000 0.765 0.353 0.710]
  eval: e=0.0638  p=[0.556 1.000 0.727 0.853 0.710 0.176 0.000 0.765 0.353 0.710]
   844         1248        0.0638251         contract inside
  eval: e=0.0638  p=[0.556 1.000 0.727 0.853 0.710 0.176 0.000 0.765 0.353 0.710]
  eval: e=0.0638  p=[0.556 1.000 0.727 0.853 0.710 0.176 0.000 0.765 0.353 0.710]
   845         1250        0.0638251         contract inside
  eval: e=0.0638  p=[0.556 1.000 0.727 0.853 0.710 0.176 0.000 0.765 0.353 0.710]
   846         1251        0.0638251         reflect
  eval: e=0.0638  p=[0.556 1.000 0.727 0.853 0.710 0.176 0.000 0.765 0.353 0.710]
  eval: e=0.0638  p=[0.556 1.000 0.727 0.853 0.710 0.176 0.000 0.765 0.353 0.710]
   847         1253        0.0638251         reflect
  eval: e=0.0638  p=[0.556 1.000 0.727 0.853 0.710 0.176 0.000 0.765 0.353 0.710]
  eval: e=0.0638  p=[0.556 1.000 0.727 0.853 0.710 0.176 0.000 0.765 0.353 0.710]
  eval: e=0.0638  p=[0.556 1.000 0.727 0.853 0.710 0.176 0.000 0.765 0.353 0.710]
  eval: e=0.0638  p=[0.556 1.000 0.727 0.853 0.710 0.176 0.000 0.765 0.353 0.710]
  eval: e=0.0638  p=[0.556 1.000 0.727 0.853 0.710 0.176 0.000 0.765 0.353 0.710]
  eval: e=0.0638  p=[0.556 1.000 0.727 0.853 0.710 0.176 0.000 0.765 0.353 0.710]
  eval: e=0.0638  p=[0.556 1.000 0.727 0.853 0.710 0.176 0.000 0.765 0.353 0.710]
  eval: e=0.0638  p=[0.556 1.000 0.727 0.853 0.710 0.176 0.000 0.765 0.353 0.710]
  eval: e=0.0638  p=[0.556 1.000 0.727 0.853 0.710 0.176 0.000 0.765 0.353 0.710]
  eval: e=0.0638  p=[0.556 1.000 0.727 0.853 0.710 0.176 0.000 0.765 0.353 0.710]
  eval: e=0.0638  p=[0.556 1.000 0.727 0.853 0.710 0.176 0.000 0.765 0.353 0.710]
  eval: e=0.0638  p=[0.556 1.000 0.727 0.853 0.710 0.176 0.000 0.765 0.353 0.710]
   848         1265        0.0638251         shrink
  eval: e=0.0638  p=[0.556 1.000 0.727 0.853 0.710 0.176 0.000 0.765 0.353 0.710]
   849         1266        0.0638251         reflect
 
Optimization terminated:
 the current x satisfies the termination criteria using OPTIONS.TolX of 1.000000e-04 
 and F(X) satisfies the convergence criteria using OPTIONS.TolFun of 1.000000e-06 

=== Fit complete: error=0.063825  AIC=-2673.8 ===
restart 1: e=0.06383 AIC=-2673.8  k_1=10.02  k_7_1=0.100  k_5_0=783.2  k_3=199.43  k_off=84.91

===== RESTART 2/6 =====
  eval: e=0.2575  p=[0.164 0.829 0.733 0.299 0.277 0.278 0.363 0.517 0.452 0.354]
 
 Iteration   Func-count         f(x)         Procedure
     0            1         0.257493         
  eval: e=0.2579  p=[0.173 0.829 0.733 0.299 0.277 0.278 0.363 0.517 0.452 0.354]
  eval: e=0.2726  p=[0.164 0.870 0.733 0.299 0.277 0.278 0.363 0.517 0.452 0.354]
  eval: e=0.2627  p=[0.164 0.829 0.769 0.299 0.277 0.278 0.363 0.517 0.452 0.354]
  eval: e=0.2554  p=[0.164 0.829 0.733 0.314 0.277 0.278 0.363 0.517 0.452 0.354]
  eval: e=0.2650  p=[0.164 0.829 0.733 0.299 0.291 0.278 0.363 0.517 0.452 0.354]
  eval: e=0.2580  p=[0.164 0.829 0.733 0.299 0.277 0.292 0.363 0.517 0.452 0.354]
  eval: e=0.2573  p=[0.164 0.829 0.733 0.299 0.277 0.278 0.381 0.517 0.452 0.354]
  eval: e=0.2500  p=[0.164 0.829 0.733 0.299 0.277 0.278 0.363 0.543 0.452 0.354]
  eval: e=0.2586  p=[0.164 0.829 0.733 0.299 0.277 0.278 0.363 0.517 0.475 0.354]
  eval: e=0.2585  p=[0.164 0.829 0.733 0.299 0.277 0.278 0.363 0.517 0.452 0.372]
     1           11         0.250015         initial simplex
  eval: e=0.2439  p=[0.166 0.787 0.740 0.302 0.280 0.281 0.367 0.523 0.457 0.357]
  eval: e=0.2307  p=[0.167 0.746 0.744 0.303 0.281 0.283 0.368 0.525 0.459 0.359]
     2           13         0.230677         expand
  eval: e=0.2462  p=[0.167 0.812 0.742 0.303 0.264 0.282 0.368 0.524 0.458 0.358]
     3           14         0.230677         reflect
  eval: e=0.2417  p=[0.167 0.809 0.700 0.303 0.276 0.283 0.369 0.525 0.459 0.359]
     4           15         0.230677         reflect
  eval: e=0.2441  p=[0.167 0.805 0.730 0.304 0.275 0.284 0.370 0.527 0.434 0.360]
     5           16         0.230677         reflect
  eval: e=0.2416  p=[0.168 0.800 0.730 0.305 0.275 0.285 0.371 0.529 0.453 0.341]
     6           17         0.230677         reflect
  eval: e=0.2387  p=[0.169 0.795 0.729 0.307 0.274 0.269 0.373 0.531 0.453 0.356]
     7           18         0.230677         reflect
  eval: e=0.2355  p=[0.160 0.788 0.729 0.308 0.274 0.281 0.375 0.534 0.453 0.356]
     8           19         0.230677         reflect
  eval: e=0.2315  p=[0.167 0.779 0.728 0.310 0.273 0.282 0.377 0.537 0.453 0.356]
     9           20         0.230677         reflect
  eval: e=0.2270  p=[0.168 0.770 0.727 0.313 0.272 0.283 0.358 0.541 0.453 0.357]
  eval: e=0.2151  p=[0.169 0.740 0.724 0.320 0.269 0.285 0.347 0.553 0.453 0.358]
    10           22         0.215066         expand
  eval: e=0.2219  p=[0.169 0.752 0.725 0.299 0.270 0.284 0.373 0.549 0.453 0.358]
    11           23         0.215066         reflect
  eval: e=0.2217  p=[0.170 0.736 0.723 0.314 0.269 0.285 0.375 0.524 0.453 0.359]
    12           24         0.215066         reflect
  eval: e=0.2159  p=[0.168 0.738 0.710 0.312 0.283 0.282 0.372 0.543 0.446 0.354]
    13           25         0.215066         reflect
  eval: e=0.2157  p=[0.167 0.731 0.718 0.312 0.274 0.280 0.370 0.543 0.473 0.351]
    14           26         0.215066         reflect
  eval: e=0.2155  p=[0.168 0.712 0.752 0.315 0.273 0.280 0.371 0.548 0.450 0.350]
    15           27         0.215066         reflect
  eval: e=0.2104  p=[0.167 0.703 0.726 0.315 0.273 0.277 0.369 0.549 0.457 0.371]
  eval: e=0.2061  p=[0.166 0.654 0.725 0.319 0.273 0.274 0.368 0.559 0.459 0.386]
    16           29         0.206077         expand
  eval: e=0.2077  p=[0.165 0.681 0.726 0.316 0.274 0.294 0.366 0.552 0.458 0.362]
    17           30         0.206077         reflect
  eval: e=0.2062  p=[0.175 0.666 0.726 0.315 0.274 0.284 0.363 0.553 0.459 0.363]
    18           31         0.206077         reflect
  eval: e=0.2064  p=[0.170 0.652 0.727 0.315 0.275 0.284 0.358 0.552 0.460 0.363]
    19           32         0.206077         reflect
  eval: e=0.2069  p=[0.170 0.666 0.707 0.324 0.265 0.284 0.364 0.570 0.453 0.361]
    20           33         0.206077         reflect
  eval: e=0.2058  p=[0.169 0.644 0.723 0.333 0.275 0.282 0.358 0.551 0.460 0.364]
  eval: e=0.2172  p=[0.169 0.590 0.721 0.351 0.278 0.282 0.350 0.552 0.463 0.366]
    21           35         0.205811         reflect
  eval: e=0.2072  p=[0.168 0.640 0.724 0.322 0.278 0.281 0.352 0.581 0.461 0.364]
    22           36         0.205811         reflect
  eval: e=0.2136  p=[0.170 0.620 0.740 0.326 0.263 0.284 0.352 0.570 0.471 0.370]
    23           37         0.205811         reflect
  eval: e=0.2168  p=[0.171 0.604 0.737 0.329 0.270 0.286 0.350 0.575 0.443 0.378]
  eval: e=0.2090  p=[0.168 0.699 0.723 0.316 0.273 0.281 0.365 0.551 0.466 0.357]
    24           39         0.205811         contract inside
  eval: e=0.2133  p=[0.170 0.621 0.697 0.327 0.271 0.286 0.347 0.570 0.470 0.380]
    25           40         0.205811         reflect
  eval: e=0.2263  p=[0.169 0.569 0.720 0.323 0.275 0.282 0.372 0.568 0.470 0.376]
  eval: e=0.2076  p=[0.169 0.697 0.723 0.320 0.271 0.284 0.353 0.557 0.457 0.363]
    26           42         0.205811         contract inside
  eval: e=0.2056  p=[0.169 0.704 0.700 0.316 0.283 0.283 0.367 0.550 0.449 0.362]
  eval: e=0.2135  p=[0.168 0.747 0.680 0.310 0.293 0.283 0.375 0.540 0.439 0.358]
    27           44         0.205565         reflect
  eval: e=0.2169  p=[0.168 0.720 0.743 0.313 0.277 0.280 0.376 0.545 0.447 0.349]
  eval: e=0.2063  p=[0.170 0.646 0.709 0.323 0.273 0.285 0.354 0.564 0.464 0.372]
    28           46         0.205565         contract inside
  eval: e=0.2083  p=[0.170 0.631 0.715 0.324 0.275 0.285 0.356 0.567 0.450 0.374]
  eval: e=0.2058  p=[0.170 0.648 0.717 0.322 0.275 0.284 0.358 0.563 0.454 0.370]
    29           48         0.205565         contract outside
  eval: e=0.2064  p=[0.174 0.643 0.710 0.326 0.275 0.271 0.353 0.568 0.457 0.372]
    30           49         0.205565         reflect
  eval: e=0.2104  p=[0.171 0.616 0.711 0.323 0.278 0.278 0.366 0.565 0.458 0.373]
  eval: e=0.2055  p=[0.170 0.677 0.720 0.321 0.273 0.283 0.356 0.559 0.457 0.365]
    31           51         0.205519         contract inside
  eval: e=0.2070  p=[0.172 0.679 0.709 0.321 0.270 0.282 0.367 0.536 0.453 0.372]
  eval: e=0.2056  p=[0.171 0.670 0.712 0.321 0.272 0.282 0.364 0.548 0.455 0.370]
    32           53         0.205519         contract outside
  eval: e=0.2045  p=[0.170 0.654 0.726 0.318 0.284 0.279 0.355 0.543 0.461 0.376]
  eval: e=0.2054  p=[0.170 0.648 0.736 0.316 0.293 0.276 0.351 0.529 0.465 0.383]
    33           55         0.204483         reflect
  eval: e=0.2089  p=[0.166 0.680 0.727 0.314 0.276 0.293 0.368 0.540 0.458 0.366]
  eval: e=0.2049  p=[0.172 0.652 0.714 0.323 0.275 0.277 0.356 0.561 0.458 0.370]
    34           57         0.204483         contract inside
  eval: e=0.2032  p=[0.171 0.671 0.708 0.328 0.276 0.278 0.362 0.557 0.455 0.376]
  eval: e=0.2016  p=[0.171 0.681 0.698 0.335 0.276 0.276 0.365 0.560 0.453 0.383]
    35           59          0.20158         expand
  eval: e=0.2067  p=[0.171 0.684 0.723 0.322 0.279 0.276 0.368 0.545 0.449 0.370]
  eval: e=0.2048  p=[0.170 0.655 0.712 0.323 0.274 0.282 0.358 0.559 0.460 0.371]
    36           61          0.20158         contract inside
  eval: e=0.2031  p=[0.164 0.662 0.703 0.331 0.278 0.276 0.358 0.558 0.455 0.381]
    37           62          0.20158         reflect
  eval: e=0.2020  p=[0.173 0.675 0.701 0.330 0.280 0.287 0.351 0.551 0.454 0.357]
    38           63          0.20158         reflect
  eval: e=0.2030  p=[0.171 0.692 0.698 0.315 0.279 0.279 0.360 0.559 0.452 0.377]
    39           64          0.20158         reflect
  eval: e=0.2040  p=[0.170 0.696 0.700 0.324 0.280 0.276 0.360 0.547 0.457 0.372]
    40           65          0.20158         reflect
  eval: e=0.2007  p=[0.169 0.680 0.702 0.326 0.284 0.278 0.354 0.562 0.456 0.373]
  eval: e=0.1981  p=[0.167 0.685 0.697 0.328 0.291 0.276 0.349 0.569 0.456 0.375]
    41           67         0.198138         expand
  eval: e=0.2057  p=[0.171 0.641 0.714 0.334 0.275 0.275 0.346 0.564 0.463 0.383]
  eval: e=0.2034  p=[0.169 0.689 0.703 0.320 0.281 0.281 0.362 0.553 0.453 0.367]
    42           69         0.198138         contract inside
  eval: e=0.1993  p=[0.170 0.672 0.691 0.328 0.287 0.275 0.358 0.553 0.454 0.381]
    43           70         0.198138         reflect
  eval: e=0.2015  p=[0.167 0.700 0.692 0.327 0.287 0.281 0.359 0.549 0.454 0.377]
    44           71         0.198138         reflect
  eval: e=0.2011  p=[0.169 0.706 0.689 0.328 0.290 0.275 0.358 0.549 0.450 0.378]
    45           72         0.198138         reflect
  eval: e=0.1979  p=[0.168 0.717 0.668 0.335 0.282 0.278 0.360 0.567 0.446 0.374]
  eval: e=0.1950  p=[0.168 0.749 0.639 0.343 0.281 0.277 0.363 0.579 0.439 0.373]
    46           74         0.194956         expand
  eval: e=0.1983  p=[0.167 0.685 0.682 0.333 0.286 0.280 0.356 0.569 0.447 0.377]
    47           75         0.194956         reflect
  eval: e=0.1970  p=[0.168 0.692 0.675 0.339 0.286 0.275 0.353 0.566 0.450 0.384]
    48           76         0.194956         reflect
  eval: e=0.1973  p=[0.174 0.726 0.669 0.330 0.291 0.280 0.356 0.563 0.447 0.371]
    49           77         0.194956         reflect
  eval: e=0.1945  p=[0.168 0.702 0.668 0.350 0.292 0.277 0.354 0.563 0.449 0.374]
  eval: e=0.1918  p=[0.167 0.707 0.654 0.367 0.299 0.276 0.351 0.564 0.448 0.372]
    50           79         0.191801         expand
  eval: e=0.1925  p=[0.165 0.726 0.657 0.342 0.294 0.268 0.363 0.573 0.445 0.397]
    51           80         0.191801         reflect
  eval: e=0.1915  p=[0.166 0.729 0.651 0.339 0.302 0.277 0.349 0.567 0.445 0.374]
  eval: e=0.1871  p=[0.163 0.753 0.627 0.341 0.315 0.278 0.340 0.571 0.440 0.370]
    52           82         0.187121         expand
  eval: e=0.1913  p=[0.168 0.720 0.644 0.349 0.297 0.271 0.351 0.582 0.442 0.378]
    53           83         0.187121         reflect
  eval: e=0.1935  p=[0.167 0.717 0.638 0.352 0.295 0.277 0.350 0.589 0.444 0.378]
    54           84         0.187121         reflect
  eval: e=0.1874  p=[0.165 0.760 0.625 0.357 0.300 0.277 0.348 0.592 0.437 0.374]
    55           85         0.187121         reflect
  eval: e=0.1864  p=[0.167 0.762 0.623 0.357 0.304 0.271 0.348 0.580 0.443 0.377]
  eval: e=0.1815  p=[0.167 0.800 0.593 0.369 0.313 0.266 0.344 0.586 0.440 0.377]
    56           87         0.181464         expand
  eval: e=0.1846  p=[0.167 0.785 0.587 0.370 0.303 0.273 0.355 0.584 0.430 0.380]
    57           88         0.181464         reflect
  eval: e=0.1899  p=[0.159 0.756 0.599 0.376 0.306 0.267 0.347 0.594 0.436 0.385]
    58           89         0.181464         reflect
  eval: e=0.1805  p=[0.163 0.802 0.578 0.374 0.314 0.271 0.349 0.596 0.430 0.373]
  eval: e=0.1747  p=[0.160 0.857 0.529 0.391 0.329 0.268 0.347 0.611 0.421 0.367]
    59           91          0.17474         expand
  eval: e=0.1785  p=[0.162 0.767 0.591 0.380 0.329 0.267 0.337 0.590 0.438 0.384]
    60           92          0.17474         reflect
  eval: e=0.1795  p=[0.162 0.809 0.584 0.376 0.322 0.266 0.346 0.581 0.431 0.379]
    61           93          0.17474         reflect
  eval: e=0.1786  p=[0.163 0.817 0.550 0.393 0.328 0.274 0.331 0.598 0.427 0.356]
    62           94          0.17474         reflect
  eval: e=0.1729  p=[0.160 0.858 0.532 0.373 0.329 0.265 0.339 0.614 0.421 0.379]
  eval: e=0.1661  p=[0.156 0.933 0.472 0.376 0.344 0.260 0.333 0.638 0.407 0.383]
    63           96         0.166078         expand
  eval: e=0.1695  p=[0.156 0.887 0.507 0.396 0.341 0.268 0.335 0.607 0.420 0.373]
    64           97         0.166078         reflect
  eval: e=0.1760  p=[0.166 0.878 0.535 0.374 0.339 0.272 0.336 0.598 0.422 0.363]
    65           98         0.166078         reflect
  eval: e=0.1661  p=[0.159 0.897 0.490 0.397 0.353 0.262 0.333 0.601 0.419 0.372]
    66           99         0.166078         reflect
  eval: e=0.1697  p=[0.161 0.933 0.460 0.424 0.346 0.257 0.339 0.628 0.411 0.377]
    67          100         0.166078         reflect
  eval: e=0.1614  p=[0.155 0.931 0.475 0.405 0.365 0.259 0.321 0.624 0.418 0.366]
  eval: e=0.3023  p=[0.149 1.000 0.419 0.423 0.396 0.252 0.304 0.643 0.411 0.359]
    68          102         0.161429         reflect
  eval: e=0.1631  p=[0.153 0.942 0.446 0.413 0.366 0.265 0.327 0.630 0.402 0.367]
    69          103         0.161429         reflect
  eval: e=0.1645  p=[0.157 0.959 0.427 0.414 0.366 0.265 0.321 0.644 0.406 0.362]
    70          104         0.161429         reflect
  eval: e=0.1611  p=[0.154 0.980 0.436 0.401 0.368 0.254 0.335 0.636 0.405 0.387]
  eval: e=37.0548  p=[0.149 1.000 0.380 0.405 0.387 0.244 0.337 0.656 0.395 0.402]
    71          106         0.161075         reflect
  eval: e=51.5476  p=[0.154 1.000 0.364 0.418 0.374 0.259 0.329 0.653 0.388 0.360]
  eval: e=0.1706  p=[0.160 0.843 0.535 0.390 0.341 0.265 0.335 0.606 0.426 0.378]
    72          108         0.161075         contract inside
  eval: e=0.1731  p=[0.149 0.955 0.421 0.427 0.365 0.252 0.329 0.647 0.404 0.383]
    73          109         0.161075         reflect
  eval: e=0.1556  p=[0.152 0.995 0.404 0.417 0.382 0.253 0.314 0.641 0.403 0.382]
  eval: e=41.8052  p=[0.148 1.000 0.342 0.430 0.409 0.245 0.298 0.656 0.394 0.389]
    74          111         0.155613         reflect
  eval: e=0.1732  p=[0.164 0.905 0.510 0.380 0.350 0.269 0.329 0.604 0.419 0.366]
  eval: e=0.1657  p=[0.152 0.942 0.443 0.415 0.361 0.256 0.329 0.636 0.408 0.379]
    75          113         0.155613         contract inside
  eval: e=13.3346  p=[0.151 1.000 0.378 0.422 0.378 0.255 0.323 0.651 0.394 0.372]
  eval: e=0.1663  p=[0.158 0.892 0.495 0.398 0.350 0.262 0.332 0.617 0.418 0.376]
    76          115         0.155613         contract inside
  eval: e=0.1604  p=[0.150 0.938 0.459 0.383 0.374 0.264 0.317 0.627 0.410 0.373]
    77          116         0.155613         reflect
  eval: e=0.1544  p=[0.153 0.994 0.402 0.407 0.385 0.252 0.317 0.652 0.399 0.376]
  eval: e=23.0881  p=[0.151 1.000 0.350 0.413 0.407 0.244 0.308 0.674 0.389 0.377]
    78          118           0.1544         reflect
  eval: e=1.2597  p=[0.151 1.000 0.396 0.408 0.383 0.255 0.318 0.648 0.398 0.373]
  eval: e=0.1631  p=[0.156 0.921 0.470 0.400 0.358 0.261 0.328 0.625 0.413 0.375]
    79          120           0.1544         contract inside
  eval: e=1.2715  p=[0.148 1.000 0.397 0.410 0.381 0.256 0.316 0.670 0.396 0.378]
  eval: e=0.1629  p=[0.156 0.925 0.467 0.400 0.360 0.260 0.329 0.618 0.413 0.374]
    80          122           0.1544         contract inside
  eval: e=0.1557  p=[0.151 0.973 0.414 0.435 0.393 0.258 0.315 0.628 0.408 0.366]
    81          123           0.1544         reflect
  eval: e=0.1582  p=[0.155 0.969 0.437 0.400 0.382 0.261 0.316 0.629 0.407 0.367]
    82          124           0.1544         reflect
  eval: e=0.1627  p=[0.151 0.955 0.455 0.399 0.381 0.252 0.323 0.618 0.410 0.384]
    83          125           0.1544         reflect
  eval: e=0.1552  p=[0.150 0.999 0.409 0.412 0.393 0.255 0.315 0.635 0.402 0.373]
    84          126           0.1544         reflect
  eval: e=0.1608  p=[0.153 0.990 0.426 0.399 0.390 0.249 0.313 0.632 0.413 0.382]
    85          127           0.1544         reflect
  eval: e=4.0348  p=[0.148 1.000 0.397 0.412 0.403 0.251 0.309 0.646 0.402 0.377]
  eval: e=0.1597  p=[0.154 0.949 0.449 0.403 0.371 0.258 0.324 0.625 0.410 0.375]
    86          129           0.1544         contract inside
  eval: e=0.1567  p=[0.155 0.989 0.408 0.414 0.380 0.260 0.315 0.648 0.405 0.365]
    87          130           0.1544         reflect
  eval: e=6.1457  p=[0.150 1.000 0.374 0.409 0.398 0.254 0.315 0.647 0.395 0.383]
  eval: e=0.1587  p=[0.154 0.954 0.450 0.406 0.374 0.258 0.319 0.629 0.412 0.370]
    88          132           0.1544         contract inside
  eval: e=0.1526  p=[0.152 0.971 0.415 0.414 0.397 0.259 0.298 0.633 0.408 0.359]
  eval: e=0.1510  p=[0.151 0.966 0.405 0.421 0.412 0.262 0.280 0.631 0.410 0.345]
    89          134         0.151036         expand
  eval: e=0.1639  p=[0.153 0.956 0.422 0.421 0.379 0.267 0.313 0.637 0.401 0.356]
  eval: e=0.1563  p=[0.153 0.981 0.425 0.404 0.387 0.253 0.313 0.633 0.410 0.376]
    90          136         0.151036         contract inside
  eval: e=2.6683  p=[0.156 1.000 0.382 0.441 0.398 0.250 0.308 0.644 0.403 0.366]
  eval: e=0.1573  p=[0.151 0.958 0.440 0.397 0.380 0.260 0.315 0.631 0.408 0.371]
    91          138         0.151036         contract inside
  eval: e=0.6603  p=[0.151 1.000 0.389 0.420 0.403 0.257 0.300 0.646 0.403 0.364]
  eval: e=0.1571  p=[0.153 0.963 0.434 0.407 0.379 0.258 0.318 0.630 0.408 0.372]
    92          140         0.151036         contract inside
  eval: e=0.2727  p=[0.151 1.000 0.386 0.417 0.401 0.257 0.304 0.642 0.400 0.368]
  eval: e=0.1566  p=[0.153 0.967 0.434 0.409 0.380 0.257 0.316 0.633 0.409 0.370]
    93          142         0.151036         contract inside
  eval: e=0.1558  p=[0.149 0.988 0.398 0.425 0.392 0.252 0.308 0.644 0.405 0.372]
    94          143         0.151036         reflect
  eval: e=0.4582  p=[0.153 1.000 0.387 0.433 0.397 0.252 0.307 0.644 0.404 0.368]
  eval: e=0.1556  p=[0.152 0.970 0.426 0.406 0.384 0.258 0.313 0.634 0.407 0.370]
    95          145         0.151036         contract inside
  eval: e=0.1638  p=[0.150 1.000 0.391 0.423 0.399 0.255 0.303 0.645 0.403 0.367]
  eval: e=0.1556  p=[0.153 0.973 0.423 0.411 0.384 0.257 0.314 0.634 0.407 0.371]
    96          147         0.151036         contract inside
  eval: e=0.1530  p=[0.148 0.972 0.420 0.416 0.398 0.252 0.306 0.625 0.407 0.375]
    97          148         0.151036         reflect
  eval: e=0.1515  p=[0.149 0.996 0.392 0.422 0.402 0.253 0.303 0.639 0.403 0.371]
    98          149         0.151036         reflect
  eval: e=0.1569  p=[0.149 0.984 0.394 0.430 0.398 0.257 0.304 0.640 0.401 0.364]
  eval: e=0.1542  p=[0.152 0.982 0.417 0.411 0.390 0.254 0.311 0.635 0.407 0.373]
    99          151         0.151036         contract inside
  eval: e=0.1554  p=[0.153 0.976 0.425 0.407 0.393 0.258 0.310 0.627 0.406 0.368]
   100          152         0.151036         reflect
  eval: e=0.1551  p=[0.151 0.992 0.411 0.391 0.392 0.253 0.302 0.642 0.402 0.375]
   101          153         0.151036         reflect
  eval: e=0.1515  p=[0.150 0.969 0.422 0.404 0.404 0.258 0.300 0.630 0.407 0.357]
   102          154         0.151036         reflect
  eval: e=0.1502  p=[0.150 0.994 0.399 0.414 0.406 0.253 0.299 0.636 0.403 0.366]
  eval: e=0.5600  p=[0.149 1.000 0.385 0.418 0.418 0.250 0.291 0.637 0.401 0.365]
   103          156         0.150248         reflect
  eval: e=0.1495  p=[0.149 0.995 0.397 0.410 0.411 0.253 0.294 0.636 0.402 0.365]
  eval: e=0.5711  p=[0.147 1.000 0.384 0.409 0.425 0.251 0.284 0.637 0.400 0.363]
   104          158         0.149532         reflect
  eval: e=0.1501  p=[0.148 0.996 0.389 0.414 0.406 0.251 0.295 0.645 0.403 0.367]
   105          159         0.149532         reflect
  eval: e=0.1499  p=[0.150 0.972 0.402 0.410 0.408 0.253 0.287 0.639 0.406 0.362]
   106          160         0.149532         reflect
  eval: e=0.1519  p=[0.149 0.976 0.398 0.435 0.413 0.255 0.297 0.631 0.407 0.357]
   107          161         0.149532         reflect
  eval: e=0.1469  p=[0.146 0.969 0.406 0.424 0.425 0.257 0.277 0.618 0.412 0.352]
  eval: e=0.1437  p=[0.143 0.957 0.408 0.433 0.445 0.260 0.257 0.601 0.419 0.340]
   108          163         0.143668         expand
  eval: e=0.1460  p=[0.146 0.976 0.389 0.425 0.431 0.255 0.273 0.628 0.406 0.348]
   109          164         0.143668         reflect
  eval: e=0.1467  p=[0.148 0.987 0.379 0.421 0.429 0.259 0.271 0.638 0.406 0.341]
   110          165         0.143668         reflect
  eval: e=0.1483  p=[0.148 0.986 0.398 0.400 0.418 0.256 0.275 0.633 0.406 0.356]
   111          166         0.143668         reflect
  eval: e=0.1444  p=[0.147 0.964 0.406 0.408 0.433 0.259 0.263 0.625 0.411 0.338]
   112          167         0.143668         reflect
  eval: e=0.1452  p=[0.146 0.990 0.373 0.428 0.436 0.254 0.259 0.632 0.408 0.348]
   113          168         0.143668         reflect
  eval: e=0.1452  p=[0.144 0.997 0.383 0.412 0.433 0.248 0.275 0.631 0.404 0.361]
   114          169         0.143668         reflect
  eval: e=0.1429  p=[0.144 0.970 0.386 0.418 0.444 0.257 0.251 0.626 0.411 0.339]
  eval: e=0.1414  p=[0.140 0.958 0.380 0.420 0.462 0.259 0.227 0.621 0.416 0.325]
   115          171         0.141408         expand
  eval: e=0.1401  p=[0.144 0.961 0.393 0.419 0.456 0.261 0.241 0.612 0.414 0.330]
  eval: e=0.1356  p=[0.142 0.944 0.395 0.421 0.481 0.266 0.214 0.595 0.419 0.311]
   116          173         0.135634         expand
  eval: e=0.1388  p=[0.141 0.979 0.380 0.426 0.468 0.261 0.234 0.609 0.413 0.325]
   117          174         0.135634         reflect
  eval: e=0.1384  p=[0.140 0.952 0.381 0.429 0.476 0.263 0.215 0.607 0.419 0.313]
   118          175         0.135634         reflect
  eval: e=0.1405  p=[0.140 0.955 0.377 0.445 0.481 0.261 0.223 0.604 0.418 0.314]
   119          176         0.135634         reflect
  eval: e=0.1367  p=[0.137 0.947 0.395 0.428 0.480 0.258 0.217 0.592 0.420 0.324]
   120          177         0.135634         reflect
  eval: e=0.1346  p=[0.139 0.952 0.386 0.425 0.487 0.262 0.204 0.596 0.423 0.312]
  eval: e=0.1304  p=[0.135 0.940 0.385 0.424 0.516 0.266 0.169 0.579 0.432 0.294]
   121          179         0.130393         expand
  eval: e=0.1372  p=[0.138 0.920 0.392 0.440 0.502 0.273 0.181 0.581 0.431 0.285]
   122          180         0.130393         reflect
  eval: e=0.1310  p=[0.135 0.913 0.407 0.427 0.513 0.271 0.181 0.570 0.432 0.285]
   123          181         0.130393         reflect
  eval: e=0.1311  p=[0.131 0.929 0.374 0.450 0.532 0.268 0.161 0.567 0.433 0.285]
   124          182         0.130393         reflect
  eval: e=0.1300  p=[0.133 0.930 0.366 0.429 0.537 0.270 0.147 0.585 0.428 0.273]
  eval: e=0.1322  p=[0.129 0.917 0.345 0.427 0.582 0.275 0.093 0.577 0.432 0.239]
   125          184         0.129964         reflect
  eval: e=0.1282  p=[0.134 0.924 0.391 0.444 0.534 0.272 0.161 0.557 0.433 0.277]
  eval: e=0.1248  p=[0.131 0.906 0.396 0.455 0.570 0.278 0.128 0.525 0.442 0.252]
   126          186         0.124836         expand
  eval: e=0.1297  p=[0.133 0.917 0.397 0.421 0.534 0.274 0.147 0.558 0.436 0.275]
   127          187         0.124836         reflect
  eval: e=0.1263  p=[0.131 0.881 0.398 0.439 0.560 0.276 0.118 0.543 0.445 0.254]
   128          188         0.124836         reflect
  eval: e=0.1234  p=[0.129 0.893 0.400 0.438 0.569 0.277 0.118 0.533 0.444 0.254]
  eval: e=0.1186  p=[0.123 0.863 0.409 0.443 0.615 0.285 0.069 0.496 0.457 0.225]
   129          190         0.118583         expand
  eval: e=0.1288  p=[0.129 0.914 0.392 0.427 0.565 0.270 0.129 0.541 0.438 0.271]
   130          191         0.118583         reflect
  eval: e=0.1184  p=[0.127 0.880 0.389 0.440 0.605 0.286 0.076 0.520 0.452 0.221]
  eval: e=0.1165  p=[0.122 0.847 0.386 0.446 0.667 0.300 0.005 0.483 0.468 0.170]
   131          193         0.116513         expand
  eval: e=0.1163  p=[0.118 0.865 0.387 0.452 0.641 0.285 0.037 0.495 0.463 0.206]
  eval: e=25.8565  p=[0.106 0.825 0.383 0.467 0.722 0.295 0.000 0.445 0.485 0.154]
   132          195         0.116343         reflect
  eval: e=0.1203  p=[0.127 0.867 0.411 0.423 0.612 0.287 0.065 0.508 0.455 0.216]
   133          196         0.116343         reflect
  eval: e=0.1133  p=[0.121 0.873 0.378 0.445 0.651 0.287 0.022 0.492 0.461 0.202]
  eval: e=33.6107  p=[0.115 0.854 0.364 0.454 0.720 0.296 0.000 0.453 0.475 0.160]
   134          198         0.113282         reflect
  eval: e=0.1146  p=[0.119 0.833 0.399 0.452 0.675 0.297 0.004 0.466 0.467 0.175]
   135          199         0.113282         reflect
  eval: e=0.1746  p=[0.118 0.823 0.425 0.452 0.681 0.298 0.000 0.437 0.478 0.177]
  eval: e=0.1222  p=[0.129 0.904 0.380 0.435 0.573 0.277 0.110 0.548 0.440 0.249]
   136          201         0.113282         contract inside
  eval: e=1.0323  p=[0.117 0.833 0.390 0.462 0.692 0.294 0.000 0.461 0.472 0.169]
  eval: e=0.1229  p=[0.129 0.896 0.395 0.432 0.573 0.279 0.108 0.534 0.445 0.249]
   137          203         0.113282         contract inside
  eval: e=0.1234  p=[0.122 0.833 0.396 0.457 0.662 0.301 0.004 0.477 0.471 0.169]
   138          204         0.113282         reflect
  eval: e=0.6359  p=[0.118 0.857 0.390 0.449 0.688 0.299 0.000 0.462 0.468 0.168]
  eval: e=0.1206  p=[0.127 0.875 0.396 0.442 0.592 0.282 0.086 0.523 0.451 0.233]
   139          206         0.113282         contract inside
  eval: e=6.8910  p=[0.117 0.825 0.392 0.430 0.682 0.298 0.000 0.479 0.473 0.166]
  eval: e=0.1198  p=[0.128 0.886 0.395 0.449 0.598 0.283 0.090 0.514 0.450 0.231]
   140          208         0.113282         contract inside
  eval: e=0.1276  p=[0.127 0.909 0.391 0.427 0.577 0.272 0.115 0.535 0.441 0.262]
  eval: e=0.1174  p=[0.123 0.852 0.395 0.449 0.641 0.293 0.032 0.492 0.463 0.192]
   141          210         0.113282         contract inside
  eval: e=0.2664  p=[0.119 0.837 0.392 0.456 0.680 0.296 0.000 0.469 0.470 0.171]
  eval: e=0.1189  p=[0.126 0.881 0.395 0.438 0.600 0.283 0.080 0.518 0.451 0.229]
   142          212         0.113282         contract inside
  eval: e=1.5238  p=[0.118 0.825 0.410 0.453 0.686 0.300 0.000 0.449 0.477 0.167]
  eval: e=0.1187  p=[0.126 0.884 0.388 0.439 0.601 0.283 0.079 0.523 0.450 0.228]
   143          214         0.113282         contract inside
  eval: e=0.1118  p=[0.119 0.855 0.393 0.446 0.668 0.295 0.010 0.475 0.466 0.182]
  eval: e=7.9353  p=[0.116 0.846 0.391 0.448 0.706 0.301 0.000 0.451 0.473 0.157]
   144          216          0.11176         reflect
  eval: e=0.1232  p=[0.118 0.861 0.374 0.469 0.660 0.292 0.021 0.483 0.463 0.192]
  eval: e=0.1162  p=[0.125 0.865 0.401 0.434 0.624 0.288 0.054 0.502 0.457 0.210]
   145          218          0.11176         contract inside
  eval: e=1.3410  p=[0.117 0.838 0.391 0.440 0.678 0.296 0.000 0.475 0.470 0.173]
  eval: e=0.1171  p=[0.125 0.874 0.394 0.447 0.618 0.286 0.064 0.504 0.455 0.216]
   146          220          0.11176         contract inside
  eval: e=0.3200  p=[0.118 0.841 0.392 0.453 0.680 0.297 0.000 0.468 0.470 0.172]
  eval: e=0.1166  p=[0.124 0.871 0.394 0.441 0.620 0.287 0.059 0.505 0.456 0.215]
   147          222          0.11176         contract inside
  eval: e=0.7810  p=[0.118 0.836 0.399 0.452 0.683 0.298 0.000 0.459 0.473 0.170]
  eval: e=0.1165  p=[0.124 0.872 0.391 0.442 0.622 0.286 0.058 0.507 0.455 0.214]
   148          224          0.11176         contract inside
  eval: e=0.1171  p=[0.121 0.858 0.374 0.448 0.670 0.296 0.000 0.488 0.465 0.172]
   149          225          0.11176         reflect
  eval: e=0.1133  p=[0.121 0.871 0.385 0.441 0.650 0.288 0.031 0.492 0.459 0.200]
   150          226          0.11176         reflect
  eval: e=0.8169  p=[0.118 0.848 0.384 0.443 0.679 0.296 0.000 0.477 0.468 0.173]
  eval: e=0.1154  p=[0.123 0.868 0.391 0.446 0.634 0.289 0.046 0.497 0.458 0.205]
   151          228          0.11176         contract inside
  eval: e=0.1187  p=[0.122 0.866 0.407 0.441 0.620 0.284 0.065 0.495 0.457 0.224]
  eval: e=0.1146  p=[0.121 0.860 0.382 0.446 0.658 0.293 0.016 0.490 0.463 0.185]
   152          230          0.11176         contract inside
  eval: e=0.1559  p=[0.119 0.851 0.385 0.449 0.678 0.295 0.000 0.474 0.468 0.175]
  eval: e=0.1151  p=[0.123 0.866 0.392 0.443 0.634 0.289 0.044 0.498 0.459 0.205]
   153          232          0.11176         contract inside
  eval: e=0.2408  p=[0.118 0.849 0.388 0.448 0.679 0.296 0.000 0.471 0.469 0.174]
  eval: e=0.1151  p=[0.123 0.866 0.390 0.444 0.636 0.289 0.042 0.498 0.459 0.204]
   154          234          0.11176         contract inside
  eval: e=0.1180  p=[0.121 0.878 0.393 0.444 0.627 0.279 0.056 0.497 0.455 0.225]
  eval: e=0.1144  p=[0.122 0.855 0.388 0.446 0.657 0.295 0.018 0.487 0.465 0.184]
   155          236          0.11176         contract inside
  eval: e=0.1119  p=[0.125 0.858 0.393 0.437 0.656 0.297 0.020 0.484 0.460 0.184]
   156          237          0.11176         reflect
  eval: e=0.2187  p=[0.119 0.856 0.377 0.455 0.680 0.296 0.000 0.474 0.466 0.175]
  eval: e=0.1144  p=[0.123 0.863 0.395 0.439 0.638 0.290 0.040 0.495 0.459 0.201]
   157          239          0.11176         contract inside
  eval: e=0.1115  p=[0.120 0.853 0.388 0.442 0.671 0.295 0.003 0.478 0.465 0.179]
  eval: e=3.4568  p=[0.119 0.845 0.386 0.440 0.690 0.298 0.000 0.468 0.468 0.166]
   158          241         0.111487         reflect
  eval: e=0.1616  p=[0.120 0.851 0.387 0.444 0.677 0.296 0.000 0.474 0.466 0.174]
  eval: e=0.1140  p=[0.122 0.862 0.390 0.444 0.645 0.291 0.032 0.492 0.461 0.197]
   159          243         0.111487         contract inside
  eval: e=0.1970  p=[0.120 0.851 0.388 0.444 0.678 0.297 0.000 0.472 0.466 0.174]
  eval: e=0.1139  p=[0.122 0.862 0.390 0.444 0.646 0.291 0.031 0.491 0.461 0.196]
   160          245         0.111487         contract inside
  eval: e=0.1131  p=[0.122 0.857 0.397 0.441 0.654 0.292 0.026 0.481 0.461 0.195]
   161          246         0.111487         reflect
  eval: e=0.1157  p=[0.125 0.889 0.380 0.433 0.632 0.287 0.042 0.507 0.457 0.209]
  eval: e=0.1131  p=[0.120 0.847 0.394 0.447 0.664 0.294 0.014 0.476 0.464 0.184]
   162          248         0.111487         contract inside
  eval: e=0.1141  p=[0.122 0.866 0.393 0.440 0.652 0.289 0.028 0.484 0.459 0.201]
   163          249         0.111487         reflect
  eval: e=0.1112  p=[0.120 0.858 0.385 0.446 0.674 0.294 0.004 0.474 0.464 0.183]
  eval: e=2.1498  p=[0.118 0.856 0.380 0.449 0.692 0.296 0.000 0.464 0.466 0.173]
   164          251         0.111191         reflect
  eval: e=0.1140  p=[0.121 0.854 0.386 0.447 0.664 0.296 0.011 0.483 0.465 0.180]
  eval: e=0.1129  p=[0.121 0.857 0.388 0.445 0.661 0.294 0.015 0.483 0.464 0.185]
   165          253         0.111191         contract outside
  eval: e=0.1108  p=[0.120 0.856 0.388 0.443 0.674 0.295 0.003 0.474 0.464 0.181]
  eval: e=1.4622  p=[0.119 0.853 0.386 0.443 0.688 0.297 0.000 0.465 0.466 0.173]
   166          255          0.11083         reflect
  eval: e=0.1319  p=[0.120 0.855 0.388 0.443 0.678 0.295 0.000 0.470 0.465 0.179]
  eval: e=0.1130  p=[0.122 0.860 0.389 0.444 0.654 0.292 0.023 0.486 0.462 0.192]
   167          257          0.11083         contract inside
  eval: e=0.1108  p=[0.121 0.841 0.402 0.441 0.675 0.300 0.008 0.468 0.465 0.171]
  eval: e=0.1095  p=[0.120 0.825 0.413 0.439 0.687 0.306 0.001 0.456 0.467 0.156]
   168          259         0.109519         expand
  eval: e=0.6364  p=[0.121 0.834 0.401 0.445 0.682 0.303 0.000 0.462 0.468 0.164]
  eval: e=0.1124  p=[0.121 0.862 0.389 0.442 0.658 0.292 0.021 0.484 0.461 0.191]
   169          261         0.109519         contract inside
  eval: e=0.2011  p=[0.120 0.849 0.386 0.445 0.680 0.299 0.000 0.474 0.466 0.168]
  eval: e=0.1122  p=[0.121 0.855 0.395 0.442 0.660 0.294 0.019 0.479 0.462 0.189]
   170          263         0.109519         contract inside
  eval: e=0.1112  p=[0.122 0.861 0.389 0.438 0.668 0.296 0.010 0.479 0.463 0.181]
   171          264         0.109519         reflect
  eval: e=0.1368  p=[0.121 0.847 0.395 0.441 0.681 0.299 0.000 0.467 0.465 0.170]
  eval: e=0.1121  p=[0.121 0.857 0.391 0.443 0.661 0.294 0.017 0.481 0.463 0.186]
   172          266         0.109519         contract inside
  eval: e=0.1110  p=[0.121 0.851 0.397 0.439 0.674 0.297 0.007 0.470 0.463 0.177]
   173          267         0.109519         reflect
  eval: e=0.1876  p=[0.121 0.844 0.397 0.441 0.680 0.301 0.000 0.466 0.466 0.168]
  eval: e=0.1118  p=[0.121 0.857 0.391 0.442 0.664 0.294 0.015 0.480 0.463 0.185]
   174          269         0.109519         contract inside
  eval: e=0.1143  p=[0.121 0.851 0.391 0.441 0.679 0.299 0.000 0.471 0.465 0.170]
  eval: e=0.1116  p=[0.121 0.854 0.394 0.442 0.665 0.295 0.014 0.477 0.463 0.184]
   175          271         0.109519         contract inside
  eval: e=0.1101  p=[0.121 0.849 0.395 0.440 0.679 0.299 0.001 0.468 0.465 0.172]
   176          272         0.109519         reflect
  eval: e=0.5529  p=[0.116 0.846 0.393 0.446 0.689 0.297 0.000 0.462 0.469 0.172]
  eval: e=0.1114  p=[0.123 0.855 0.393 0.439 0.664 0.297 0.013 0.479 0.462 0.181]
   177          274         0.109519         contract inside
  eval: e=0.1610  p=[0.121 0.846 0.396 0.441 0.681 0.300 0.000 0.466 0.466 0.170]
  eval: e=0.1113  p=[0.121 0.855 0.392 0.442 0.668 0.295 0.011 0.476 0.463 0.181]
   178          276         0.109519         contract inside
  eval: e=0.1099  p=[0.122 0.848 0.394 0.436 0.677 0.299 0.003 0.471 0.462 0.173]
   179          277         0.109519         reflect
  eval: e=0.1818  p=[0.121 0.848 0.393 0.439 0.682 0.300 0.000 0.468 0.465 0.169]
  eval: e=0.1111  p=[0.121 0.853 0.394 0.441 0.669 0.296 0.010 0.475 0.463 0.180]
   180          279         0.109519         contract inside
  eval: e=0.1112  p=[0.122 0.849 0.400 0.438 0.676 0.300 0.009 0.466 0.462 0.174]
   181          280         0.109519         reflect
  eval: e=0.1453  p=[0.119 0.846 0.396 0.441 0.685 0.299 0.000 0.463 0.465 0.170]
  eval: e=0.1110  p=[0.122 0.853 0.394 0.440 0.669 0.297 0.010 0.475 0.463 0.178]
   182          282         0.109519         contract inside
  eval: e=0.1099  p=[0.121 0.846 0.398 0.439 0.681 0.300 0.000 0.465 0.464 0.170]
   183          283         0.109519         reflect
  eval: e=0.1143  p=[0.120 0.837 0.402 0.442 0.684 0.300 0.000 0.460 0.465 0.168]
  eval: e=0.1108  p=[0.122 0.855 0.393 0.439 0.672 0.297 0.007 0.474 0.463 0.177]
   184          285         0.109519         contract inside
  eval: e=0.1114  p=[0.120 0.849 0.390 0.442 0.675 0.297 0.000 0.474 0.465 0.175]
  eval: e=0.1107  p=[0.122 0.849 0.398 0.439 0.676 0.299 0.007 0.468 0.463 0.174]
   185          287         0.109519         contract inside
  eval: e=0.1103  p=[0.123 0.839 0.408 0.433 0.678 0.303 0.006 0.465 0.464 0.165]
   186          288         0.109519         reflect
  eval: e=0.1163  p=[0.122 0.841 0.402 0.436 0.684 0.302 0.000 0.463 0.464 0.165]
  eval: e=0.1107  p=[0.121 0.850 0.396 0.440 0.673 0.298 0.007 0.472 0.464 0.176]
   187          290         0.109519         contract inside
  eval: e=0.1100  p=[0.122 0.842 0.398 0.439 0.679 0.301 0.002 0.468 0.465 0.167]
   188          291         0.109519         reflect
  eval: e=0.1545  p=[0.121 0.839 0.402 0.438 0.686 0.302 0.000 0.461 0.465 0.164]
  eval: e=0.1106  p=[0.122 0.849 0.396 0.439 0.673 0.298 0.007 0.471 0.463 0.175]
   189          293         0.109519         contract inside
  eval: e=0.1097  p=[0.123 0.834 0.410 0.433 0.681 0.305 0.005 0.462 0.464 0.160]
   190          294         0.109519         reflect
  eval: e=0.1093  p=[0.122 0.831 0.409 0.437 0.685 0.305 0.000 0.459 0.465 0.160]
  eval: e=0.1966  p=[0.122 0.820 0.417 0.435 0.691 0.308 0.000 0.452 0.466 0.152]
   191          296         0.109301         reflect
  eval: e=0.1122  p=[0.122 0.833 0.408 0.435 0.686 0.306 0.000 0.459 0.465 0.158]
  eval: e=0.1103  p=[0.122 0.845 0.399 0.439 0.676 0.300 0.005 0.469 0.464 0.172]
   192          298         0.109301         contract inside
  eval: e=0.1140  p=[0.122 0.832 0.406 0.436 0.683 0.305 0.000 0.463 0.465 0.160]
  eval: e=0.1102  p=[0.122 0.845 0.400 0.438 0.678 0.300 0.005 0.467 0.464 0.171]
   193          300         0.109301         contract inside
  eval: e=0.1165  p=[0.122 0.832 0.409 0.435 0.687 0.305 0.000 0.459 0.465 0.158]
  eval: e=0.1102  p=[0.122 0.845 0.399 0.438 0.677 0.300 0.005 0.468 0.464 0.171]
   194          302         0.109301         contract inside
  eval: e=0.1093  p=[0.122 0.835 0.406 0.436 0.684 0.304 0.001 0.461 0.465 0.161]
   195          303         0.109301         reflect
  eval: e=0.1250  p=[0.121 0.841 0.397 0.442 0.683 0.301 0.000 0.464 0.465 0.167]
  eval: e=0.1099  p=[0.122 0.839 0.405 0.435 0.679 0.303 0.004 0.465 0.464 0.166]
   196          305         0.109301         contract inside
  eval: e=0.1113  p=[0.122 0.834 0.406 0.436 0.684 0.304 0.000 0.462 0.465 0.160]
  eval: e=0.1100  p=[0.122 0.842 0.401 0.438 0.679 0.301 0.004 0.466 0.464 0.168]
   197          307         0.109301         contract inside
  eval: e=0.1119  p=[0.122 0.834 0.407 0.436 0.685 0.305 0.000 0.460 0.465 0.160]
  eval: e=0.1100  p=[0.122 0.842 0.401 0.438 0.679 0.301 0.003 0.466 0.464 0.168]
   198          309         0.109301         contract inside
  eval: e=0.1092  p=[0.123 0.829 0.412 0.434 0.683 0.306 0.004 0.460 0.464 0.158]
  eval: e=0.1088  p=[0.124 0.819 0.420 0.431 0.685 0.310 0.006 0.457 0.464 0.151]
   199          311         0.108786         expand
  eval: e=0.1096  p=[0.122 0.830 0.413 0.433 0.684 0.305 0.003 0.458 0.464 0.159]
   200          312         0.108786         reflect
  eval: e=0.1091  p=[0.123 0.828 0.413 0.434 0.685 0.307 0.002 0.459 0.465 0.157]
   201          313         0.108786         reflect
  eval: e=0.1089  p=[0.123 0.825 0.415 0.433 0.687 0.308 0.002 0.457 0.465 0.154]
   202          314         0.108786         reflect
  eval: e=0.1089  p=[0.122 0.825 0.413 0.435 0.688 0.307 0.001 0.456 0.465 0.155]
   203          315         0.108786         reflect
  eval: e=0.1086  p=[0.122 0.812 0.428 0.434 0.693 0.313 0.001 0.447 0.467 0.144]
  eval: e=0.1080  p=[0.122 0.794 0.444 0.432 0.700 0.319 0.000 0.434 0.470 0.129]
   204          317         0.108039         expand
  eval: e=0.1082  p=[0.123 0.803 0.434 0.430 0.692 0.315 0.004 0.447 0.466 0.139]
   205          318         0.108039         reflect
  eval: e=0.1278  p=[0.122 0.809 0.426 0.435 0.694 0.312 0.000 0.447 0.467 0.144]
  eval: e=0.1093  p=[0.123 0.828 0.414 0.434 0.684 0.307 0.004 0.458 0.465 0.156]
   206          320         0.108039         contract inside
  eval: e=0.1087  p=[0.122 0.813 0.423 0.435 0.691 0.312 0.001 0.451 0.467 0.144]
   207          321         0.108039         reflect
  eval: e=0.1084  p=[0.125 0.815 0.425 0.428 0.689 0.313 0.003 0.451 0.464 0.145]
   208          322         0.108039         reflect
  eval: e=0.1081  p=[0.124 0.801 0.436 0.430 0.693 0.316 0.004 0.444 0.466 0.137]
   209          323         0.108039         reflect
  eval: e=0.1079  p=[0.124 0.798 0.439 0.428 0.694 0.318 0.005 0.443 0.466 0.133]
  eval: e=0.1073  p=[0.125 0.782 0.454 0.423 0.699 0.325 0.007 0.435 0.466 0.120]
   210          325         0.107254         expand
  eval: e=0.1075  p=[0.124 0.793 0.441 0.429 0.697 0.319 0.002 0.440 0.467 0.130]
   211          326         0.107254         reflect
  eval: e=0.1073  p=[0.124 0.786 0.448 0.428 0.699 0.322 0.004 0.436 0.467 0.124]
   212          327         0.107254         reflect
  eval: e=0.1072  p=[0.124 0.781 0.452 0.427 0.700 0.324 0.004 0.434 0.468 0.120]
  eval: e=0.1065  p=[0.125 0.759 0.471 0.424 0.707 0.333 0.006 0.422 0.469 0.103]
   213          329         0.106472         expand
  eval: e=0.1069  p=[0.125 0.768 0.466 0.423 0.703 0.330 0.007 0.427 0.469 0.110]
   214          330         0.106472         reflect
  eval: e=0.1065  p=[0.124 0.764 0.468 0.425 0.709 0.331 0.001 0.421 0.470 0.106]
   215          331         0.106472         reflect
  eval: e=0.1070  p=[0.126 0.760 0.474 0.420 0.707 0.333 0.007 0.421 0.468 0.104]
   216          332         0.106472         reflect
  eval: e=0.1063  p=[0.124 0.747 0.482 0.425 0.712 0.336 0.005 0.414 0.472 0.095]
  eval: e=0.1057  p=[0.123 0.713 0.511 0.423 0.724 0.347 0.006 0.395 0.476 0.070]
   217          334         0.105689         expand
  eval: e=0.1058  p=[0.125 0.741 0.489 0.421 0.716 0.340 0.005 0.409 0.471 0.088]
   218          335         0.105689         reflect
  eval: e=0.1055  p=[0.125 0.731 0.498 0.420 0.719 0.344 0.005 0.404 0.473 0.080]
  eval: e=0.1048  p=[0.126 0.697 0.529 0.415 0.732 0.357 0.005 0.384 0.476 0.051]
   219          337         0.104753         expand
  eval: e=0.1051  p=[0.128 0.719 0.506 0.414 0.718 0.348 0.010 0.404 0.470 0.072]
   220          338         0.104753         reflect
  eval: e=0.1053  p=[0.127 0.705 0.522 0.415 0.726 0.354 0.009 0.391 0.474 0.060]
   221          339         0.104753         reflect
  eval: e=0.1050  p=[0.127 0.695 0.530 0.413 0.729 0.357 0.009 0.386 0.475 0.053]
   222          340         0.104753         reflect
  eval: e=0.1047  p=[0.126 0.682 0.540 0.415 0.735 0.361 0.006 0.377 0.477 0.044]
  eval: e=0.1048  p=[0.127 0.632 0.583 0.411 0.753 0.379 0.006 0.347 0.483 0.005]
   223          342         0.104663         reflect
  eval: e=0.1050  p=[0.125 0.688 0.532 0.418 0.733 0.359 0.006 0.382 0.478 0.047]
   224          343         0.104663         reflect
  eval: e=0.1044  p=[0.126 0.665 0.554 0.414 0.743 0.368 0.006 0.367 0.479 0.029]
  eval: e=1.5306  p=[0.126 0.613 0.598 0.409 0.763 0.387 0.006 0.337 0.484 0.000]
   225          345         0.104389         reflect
  eval: e=0.1049  p=[0.128 0.648 0.569 0.409 0.743 0.374 0.012 0.362 0.479 0.018]
   226          346         0.104389         reflect
  eval: e=0.1050  p=[0.127 0.632 0.585 0.407 0.753 0.380 0.009 0.349 0.482 0.003]
   227          347         0.104389         reflect
  eval: e=0.1052  p=[0.127 0.628 0.587 0.408 0.751 0.381 0.011 0.351 0.482 0.001]
   228          348         0.104389         reflect
  eval: e=0.1049  p=[0.130 0.639 0.580 0.403 0.749 0.380 0.011 0.355 0.478 0.005]
   229          349         0.104389         reflect
  eval: e=0.1047  p=[0.127 0.633 0.580 0.408 0.752 0.379 0.008 0.352 0.481 0.005]
   230          350         0.104389         reflect
  eval: e=0.1048  p=[0.127 0.711 0.515 0.416 0.726 0.352 0.005 0.393 0.473 0.064]
   231          351         0.104389         reflect
  eval: e=0.8957  p=[0.126 0.619 0.597 0.410 0.761 0.385 0.006 0.338 0.485 0.000]
  eval: e=0.1047  p=[0.127 0.694 0.529 0.413 0.729 0.357 0.009 0.387 0.474 0.052]
   232          353         0.104389         contract inside
  eval: e=0.1044  p=[0.127 0.642 0.573 0.411 0.750 0.377 0.007 0.356 0.481 0.011]
   233          354         0.104389         reflect
  eval: e=0.1048  p=[0.127 0.708 0.514 0.417 0.726 0.352 0.006 0.394 0.473 0.062]
   234          355         0.104389         reflect
  eval: e=0.1046  p=[0.129 0.656 0.564 0.406 0.744 0.373 0.009 0.363 0.476 0.021]
   235          356         0.104389         reflect
  eval: e=0.1053  p=[0.124 0.709 0.514 0.422 0.727 0.350 0.004 0.392 0.476 0.066]
  eval: e=0.1045  p=[0.128 0.656 0.563 0.407 0.744 0.373 0.009 0.364 0.478 0.020]
   236          358         0.104389         contract inside
  eval: e=0.1043  p=[0.127 0.700 0.523 0.415 0.733 0.356 0.002 0.385 0.475 0.054]
  eval: e=0.2324  p=[0.126 0.727 0.501 0.418 0.728 0.347 0.000 0.397 0.473 0.072]
   237          360         0.104279         reflect
  eval: e=0.1048  p=[0.127 0.639 0.579 0.407 0.752 0.378 0.007 0.351 0.481 0.008]
   238          361         0.104279         reflect
  eval: e=0.3462  p=[0.127 0.621 0.592 0.406 0.756 0.384 0.008 0.344 0.483 0.000]
  eval: e=0.1044  p=[0.127 0.689 0.534 0.414 0.734 0.360 0.006 0.381 0.475 0.047]
   239          363         0.104279         contract inside
  eval: e=0.1047  p=[0.127 0.704 0.518 0.417 0.727 0.354 0.006 0.392 0.474 0.059]
   240          364         0.104279         reflect
  eval: e=0.1044  p=[0.128 0.648 0.567 0.409 0.746 0.374 0.008 0.361 0.478 0.017]
   241          365         0.104279         reflect
  eval: e=0.1048  p=[0.127 0.629 0.587 0.406 0.755 0.381 0.008 0.347 0.481 0.001]
  eval: e=0.1044  p=[0.127 0.685 0.535 0.414 0.734 0.361 0.006 0.380 0.476 0.044]
   242          367         0.104279         contract inside
  eval: e=0.1042  p=[0.127 0.638 0.578 0.410 0.754 0.379 0.005 0.350 0.481 0.006]
  eval: e=2.8883  p=[0.127 0.609 0.602 0.408 0.766 0.389 0.003 0.331 0.485 0.000]
   243          369         0.104224         reflect
  eval: e=0.1046  p=[0.127 0.699 0.526 0.414 0.732 0.357 0.005 0.384 0.474 0.054]
   244          370         0.104224         reflect
  eval: e=0.1039  p=[0.129 0.653 0.563 0.407 0.747 0.374 0.006 0.362 0.477 0.017]
  eval: e=0.1037  p=[0.130 0.639 0.575 0.403 0.754 0.381 0.007 0.354 0.477 0.004]
   245          372         0.103724         expand
  eval: e=0.2083  p=[0.128 0.625 0.587 0.406 0.755 0.383 0.008 0.348 0.481 0.000]
  eval: e=0.1043  p=[0.127 0.680 0.541 0.412 0.738 0.363 0.006 0.375 0.476 0.040]
   246          374         0.103724         contract inside
  eval: e=0.1044  p=[0.126 0.673 0.545 0.416 0.741 0.365 0.003 0.372 0.479 0.033]
   247          375         0.103724         reflect
  eval: e=0.1041  p=[0.126 0.676 0.542 0.416 0.742 0.364 0.002 0.372 0.478 0.036]
   248          376         0.103724         reflect
  eval: e=0.1043  p=[0.127 0.640 0.573 0.410 0.753 0.378 0.004 0.354 0.480 0.008]
   249          377         0.103724         reflect
  eval: e=0.1039  p=[0.127 0.686 0.534 0.413 0.737 0.361 0.003 0.379 0.475 0.043]
   250          378         0.103724         reflect
  eval: e=0.1039  p=[0.126 0.689 0.533 0.416 0.740 0.361 0.001 0.377 0.477 0.043]
   251          379         0.103724         reflect
  eval: e=0.1036  p=[0.127 0.652 0.564 0.411 0.753 0.374 0.001 0.356 0.480 0.015]
  eval: e=0.1270  p=[0.127 0.635 0.578 0.409 0.762 0.381 0.000 0.344 0.482 0.000]
   252          381         0.103607         reflect
  eval: e=0.1034  p=[0.128 0.670 0.548 0.411 0.746 0.369 0.001 0.368 0.476 0.028]
  eval: e=0.1486  p=[0.129 0.673 0.544 0.409 0.747 0.369 0.000 0.368 0.475 0.027]
   253          383         0.103354         reflect
  eval: e=0.1037  p=[0.128 0.661 0.558 0.408 0.748 0.371 0.003 0.362 0.476 0.022]
   254          384         0.103354         reflect
  eval: e=0.3533  p=[0.128 0.626 0.586 0.407 0.760 0.384 0.005 0.344 0.480 0.000]
  eval: e=0.1039  p=[0.127 0.682 0.539 0.413 0.740 0.363 0.002 0.375 0.476 0.039]
   255          386         0.103354         contract inside
  eval: e=0.1035  p=[0.127 0.646 0.567 0.410 0.756 0.377 0.000 0.354 0.480 0.009]
   256          387         0.103354         reflect
  eval: e=0.1037  p=[0.127 0.687 0.535 0.412 0.741 0.362 0.001 0.376 0.475 0.041]
   257          388         0.103354         reflect
  eval: e=0.1093  p=[0.128 0.700 0.521 0.413 0.737 0.358 0.000 0.384 0.473 0.050]
  eval: e=0.1038  p=[0.127 0.653 0.564 0.410 0.750 0.373 0.003 0.359 0.479 0.017]
   258          390         0.103354         contract inside
  eval: e=0.1036  p=[0.129 0.657 0.562 0.405 0.751 0.374 0.002 0.360 0.477 0.016]
   259          391         0.103354         reflect
  eval: e=0.1034  p=[0.128 0.641 0.575 0.406 0.758 0.380 0.001 0.349 0.480 0.003]
   260          392         0.103354         reflect
  eval: e=0.1033  p=[0.129 0.637 0.577 0.405 0.759 0.382 0.001 0.348 0.479 0.000]
  eval: e=3.7045  p=[0.130 0.615 0.596 0.401 0.769 0.391 0.001 0.335 0.480 0.000]
   261          394         0.103321         reflect
  eval: e=1.4113  p=[0.130 0.620 0.591 0.401 0.763 0.388 0.003 0.341 0.479 0.000]
  eval: e=0.1036  p=[0.127 0.671 0.548 0.412 0.746 0.368 0.001 0.368 0.477 0.029]
   262          396         0.103321         contract inside
  eval: e=0.1030  p=[0.129 0.659 0.558 0.406 0.753 0.374 0.000 0.360 0.476 0.017]
  eval: e=0.1231  p=[0.130 0.663 0.555 0.404 0.754 0.374 0.000 0.361 0.475 0.016]
   263          398         0.103017         reflect
  eval: e=1.6206  p=[0.129 0.619 0.591 0.404 0.764 0.388 0.003 0.340 0.481 0.000]
  eval: e=0.1035  p=[0.128 0.670 0.549 0.410 0.747 0.369 0.001 0.367 0.476 0.028]
   264          400         0.103017         contract inside
  eval: e=0.2807  p=[0.126 0.674 0.546 0.414 0.750 0.367 0.000 0.364 0.478 0.030]
  eval: e=0.1035  p=[0.129 0.648 0.568 0.406 0.753 0.377 0.004 0.357 0.477 0.010]
   265          402         0.103017         contract inside
  eval: e=0.1040  p=[0.128 0.649 0.565 0.409 0.756 0.377 0.000 0.355 0.479 0.009]
  eval: e=0.1035  p=[0.128 0.658 0.560 0.408 0.750 0.373 0.002 0.360 0.477 0.019]
   266          404         0.103017         contract inside
  eval: e=0.1032  p=[0.130 0.660 0.558 0.405 0.751 0.374 0.002 0.362 0.476 0.017]
   267          405         0.103017         reflect
  eval: e=0.1032  p=[0.130 0.638 0.576 0.402 0.759 0.382 0.001 0.349 0.477 0.000]
   268          406         0.103017         reflect
  eval: e=0.1032  p=[0.128 0.648 0.566 0.408 0.755 0.377 0.001 0.355 0.478 0.010]
   269          407         0.103017         reflect
  eval: e=0.1036  p=[0.130 0.660 0.559 0.404 0.750 0.375 0.003 0.361 0.475 0.017]
  eval: e=0.1033  p=[0.128 0.650 0.565 0.408 0.754 0.376 0.001 0.356 0.478 0.011]
   270          409         0.103017         contract inside
  eval: e=0.1328  p=[0.128 0.659 0.558 0.408 0.754 0.374 0.000 0.358 0.477 0.017]
  eval: e=0.1034  p=[0.129 0.651 0.565 0.406 0.753 0.376 0.002 0.357 0.477 0.012]
   271          411         0.103017         contract inside
  eval: e=0.1030  p=[0.129 0.647 0.568 0.406 0.757 0.379 0.000 0.354 0.478 0.007]
  eval: e=0.1088  p=[0.130 0.641 0.572 0.405 0.760 0.382 0.000 0.351 0.478 0.000]
   272          413         0.102988         reflect
  eval: e=0.5354  p=[0.130 0.630 0.582 0.403 0.762 0.385 0.001 0.345 0.479 0.000]
  eval: e=0.1033  p=[0.128 0.660 0.557 0.408 0.751 0.373 0.001 0.361 0.477 0.019]
   273          415         0.102988         contract inside
  eval: e=0.1030  p=[0.130 0.663 0.553 0.407 0.749 0.372 0.001 0.365 0.475 0.021]
   274          416         0.102988         reflect
  eval: e=0.1090  p=[0.129 0.656 0.560 0.407 0.754 0.375 0.000 0.359 0.477 0.014]
  eval: e=0.1032  p=[0.129 0.652 0.564 0.407 0.753 0.376 0.002 0.358 0.477 0.012]
   275          418         0.102988         contract inside
  eval: e=0.3329  p=[0.130 0.633 0.581 0.402 0.762 0.384 0.001 0.346 0.478 0.000]
  eval: e=0.1032  p=[0.129 0.661 0.556 0.408 0.750 0.372 0.001 0.362 0.477 0.020]
   276          420         0.102988         contract inside
  eval: e=0.1030  p=[0.129 0.670 0.547 0.408 0.747 0.369 0.000 0.369 0.475 0.026]
   277          421         0.102988         reflect
  eval: e=0.1030  p=[0.130 0.662 0.555 0.405 0.750 0.374 0.001 0.363 0.475 0.019]
  eval: e=0.1030  p=[0.131 0.668 0.550 0.403 0.749 0.372 0.001 0.367 0.473 0.022]
   278          423         0.102953         expand
  eval: e=0.1028  p=[0.130 0.653 0.562 0.404 0.754 0.377 0.001 0.359 0.476 0.011]
  eval: e=0.1026  p=[0.131 0.649 0.564 0.402 0.755 0.379 0.001 0.358 0.475 0.007]
   279          425         0.102612         expand
  eval: e=0.1031  p=[0.131 0.665 0.553 0.402 0.749 0.373 0.001 0.365 0.474 0.019]
   280          426         0.102612         reflect
  eval: e=0.1027  p=[0.131 0.664 0.553 0.403 0.751 0.374 0.000 0.365 0.474 0.019]
   281          427         0.102612         reflect
  eval: e=0.1027  p=[0.132 0.656 0.560 0.400 0.754 0.377 0.001 0.360 0.474 0.011]
   282          428         0.102612         reflect
  eval: e=0.1028  p=[0.130 0.683 0.537 0.406 0.744 0.367 0.000 0.375 0.472 0.033]
   283          429         0.102612         reflect
  eval: e=0.1052  p=[0.131 0.665 0.551 0.404 0.751 0.373 0.000 0.366 0.474 0.019]
  eval: e=0.1030  p=[0.130 0.661 0.556 0.405 0.751 0.374 0.001 0.363 0.475 0.018]
   284          431         0.102612         contract inside
  eval: e=0.1030  p=[0.129 0.659 0.556 0.407 0.752 0.374 0.000 0.362 0.476 0.017]
   285          432         0.102612         reflect
  eval: e=0.1027  p=[0.131 0.652 0.564 0.401 0.756 0.379 0.001 0.357 0.475 0.008]
   286          433         0.102612         reflect
  eval: e=0.1030  p=[0.132 0.662 0.557 0.401 0.751 0.375 0.001 0.363 0.473 0.016]
  eval: e=0.1029  p=[0.131 0.661 0.556 0.402 0.752 0.375 0.001 0.363 0.474 0.016]
   287          435         0.102612         contract outside
  eval: e=0.1025  p=[0.132 0.662 0.554 0.401 0.751 0.376 0.001 0.365 0.473 0.016]
  eval: e=0.1023  p=[0.134 0.663 0.552 0.398 0.750 0.376 0.001 0.367 0.471 0.015]
   288          437         0.102288         expand
  eval: e=0.1024  p=[0.132 0.660 0.555 0.401 0.752 0.376 0.000 0.363 0.473 0.014]
   289          438         0.102288         reflect
  eval: e=0.1025  p=[0.133 0.658 0.559 0.398 0.754 0.379 0.000 0.361 0.472 0.010]
   290          439         0.102288         reflect
  eval: e=0.1025  p=[0.134 0.676 0.542 0.398 0.747 0.372 0.001 0.373 0.469 0.025]
   291          440         0.102288         reflect
  eval: e=0.1024  p=[0.133 0.656 0.558 0.399 0.754 0.379 0.000 0.362 0.473 0.010]
   292          441         0.102288         reflect
  eval: e=0.1021  p=[0.133 0.662 0.552 0.399 0.752 0.377 0.000 0.366 0.471 0.014]
  eval: e=0.1027  p=[0.135 0.663 0.550 0.397 0.752 0.377 0.000 0.367 0.470 0.014]
   293          443         0.102125         reflect
  eval: e=0.5063  p=[0.135 0.637 0.575 0.394 0.761 0.387 0.001 0.351 0.473 0.000]
  eval: e=0.1026  p=[0.131 0.671 0.546 0.403 0.748 0.372 0.000 0.369 0.472 0.023]
   294          445         0.102125         contract inside
  eval: e=0.1022  p=[0.133 0.666 0.549 0.400 0.750 0.375 0.000 0.368 0.471 0.018]
   295          446         0.102125         reflect
  eval: e=0.1020  p=[0.135 0.658 0.556 0.397 0.753 0.379 0.001 0.364 0.471 0.010]
  eval: e=0.1017  p=[0.136 0.655 0.557 0.393 0.755 0.382 0.001 0.364 0.469 0.005]
   296          448         0.101722         expand
  eval: e=0.1019  p=[0.135 0.671 0.543 0.397 0.748 0.374 0.001 0.373 0.469 0.020]
   297          449         0.101722         reflect
  eval: e=0.1020  p=[0.136 0.678 0.539 0.395 0.746 0.373 0.001 0.376 0.467 0.023]
   298          450         0.101722         reflect
  eval: e=0.1018  p=[0.137 0.658 0.555 0.393 0.753 0.381 0.001 0.365 0.468 0.008]
   299          451         0.101722         reflect
  eval: e=0.1020  p=[0.134 0.649 0.562 0.397 0.756 0.382 0.000 0.360 0.472 0.003]
   300          452         0.101722         reflect
  eval: e=0.1018  p=[0.136 0.666 0.546 0.397 0.749 0.376 0.001 0.372 0.468 0.017]
   301          453         0.101722         reflect
  eval: e=0.1015  p=[0.137 0.665 0.548 0.393 0.750 0.379 0.001 0.371 0.467 0.012]
  eval: e=0.1010  p=[0.140 0.668 0.544 0.388 0.749 0.380 0.001 0.375 0.464 0.012]
   302          455         0.101028         expand
  eval: e=0.1014  p=[0.138 0.671 0.542 0.393 0.747 0.377 0.001 0.375 0.466 0.018]
   303          456         0.101028         reflect
  eval: e=0.1014  p=[0.138 0.667 0.546 0.392 0.751 0.379 0.000 0.372 0.466 0.012]
   304          457         0.101028         reflect
  eval: e=0.1012  p=[0.139 0.663 0.549 0.389 0.751 0.381 0.001 0.372 0.465 0.009]
   305          458         0.101028         reflect
  eval: e=0.1010  p=[0.140 0.667 0.544 0.388 0.749 0.381 0.001 0.375 0.464 0.011]
  eval: e=0.1004  p=[0.144 0.670 0.541 0.382 0.748 0.383 0.002 0.380 0.460 0.009]
   306          460         0.100433         expand
  eval: e=0.1094  p=[0.140 0.650 0.558 0.389 0.755 0.386 0.001 0.366 0.466 0.000]
  eval: e=0.1017  p=[0.137 0.671 0.544 0.394 0.749 0.376 0.001 0.373 0.467 0.017]
   307          462         0.100433         contract inside
  eval: e=0.1010  p=[0.142 0.683 0.531 0.386 0.744 0.376 0.002 0.384 0.460 0.022]
   308          463         0.100433         reflect
  eval: e=0.1007  p=[0.142 0.663 0.548 0.384 0.752 0.384 0.002 0.373 0.462 0.005]
   309          464         0.100433         reflect
  eval: e=0.1009  p=[0.143 0.668 0.545 0.382 0.751 0.384 0.002 0.375 0.461 0.007]
   310          465         0.100433         reflect
  eval: e=0.1004  p=[0.143 0.678 0.534 0.384 0.746 0.380 0.002 0.383 0.459 0.016]
   311          466         0.100433         reflect
  eval: e=0.1003  p=[0.145 0.685 0.527 0.382 0.743 0.378 0.001 0.388 0.457 0.020]
  eval: e=0.0996  p=[0.149 0.700 0.512 0.376 0.738 0.376 0.002 0.400 0.451 0.028]
   312          468        0.0996052         expand
  eval: e=0.0999  p=[0.147 0.675 0.535 0.377 0.747 0.383 0.002 0.385 0.456 0.010]
   313          469        0.0996052         reflect
  eval: e=0.0998  p=[0.147 0.675 0.535 0.376 0.748 0.384 0.002 0.384 0.455 0.009]
   314          470        0.0996052         reflect
  eval: e=0.0998  p=[0.149 0.682 0.529 0.373 0.743 0.383 0.004 0.391 0.453 0.013]
   315          471        0.0996052         reflect
  eval: e=0.0995  p=[0.150 0.689 0.522 0.373 0.742 0.381 0.003 0.394 0.451 0.017]
  eval: e=0.0987  p=[0.155 0.701 0.509 0.365 0.737 0.381 0.003 0.406 0.445 0.021]
   316          473        0.0987475         expand
  eval: e=0.0992  p=[0.152 0.691 0.519 0.369 0.741 0.382 0.003 0.397 0.449 0.016]
   317          474        0.0987475         reflect
  eval: e=0.0989  p=[0.153 0.677 0.530 0.367 0.747 0.388 0.003 0.390 0.450 0.004]
   318          475        0.0987475         reflect
  eval: e=0.0987  p=[0.154 0.695 0.513 0.369 0.739 0.382 0.003 0.403 0.447 0.019]
  eval: e=0.0981  p=[0.159 0.708 0.496 0.362 0.732 0.380 0.004 0.417 0.440 0.026]
   319          477        0.0980912         expand
  eval: e=0.0982  p=[0.158 0.708 0.500 0.362 0.734 0.380 0.003 0.413 0.442 0.025]
   320          478        0.0980912         reflect
  eval: e=0.0979  p=[0.159 0.700 0.507 0.358 0.737 0.385 0.004 0.409 0.440 0.017]
  eval: e=0.0967  p=[0.168 0.711 0.494 0.345 0.732 0.388 0.005 0.423 0.431 0.017]
   321          480        0.0967132         expand
  eval: e=0.0973  p=[0.163 0.716 0.491 0.352 0.732 0.383 0.004 0.422 0.434 0.025]
   322          481        0.0967132         reflect
  eval: e=0.0973  p=[0.164 0.719 0.488 0.352 0.730 0.382 0.004 0.424 0.434 0.027]
   323          482        0.0967132         reflect
  eval: e=0.0969  p=[0.167 0.728 0.479 0.349 0.725 0.381 0.005 0.432 0.430 0.032]
   324          483        0.0967132         reflect
  eval: e=0.0965  p=[0.168 0.730 0.475 0.347 0.726 0.381 0.004 0.434 0.429 0.031]
  eval: e=0.0952  p=[0.177 0.754 0.448 0.334 0.718 0.380 0.004 0.456 0.417 0.040]
   325          485        0.0952089         expand
  eval: e=0.0956  p=[0.174 0.723 0.479 0.336 0.728 0.389 0.006 0.436 0.423 0.019]
   326          486        0.0952089         reflect
  eval: e=0.0956  p=[0.175 0.738 0.464 0.336 0.721 0.384 0.005 0.447 0.420 0.031]
   327          487        0.0952089         reflect
  eval: e=0.0953  p=[0.179 0.764 0.440 0.331 0.711 0.377 0.006 0.465 0.413 0.048]
   328          488        0.0952089         reflect
  eval: e=0.0950  p=[0.182 0.753 0.447 0.327 0.716 0.384 0.006 0.461 0.412 0.036]
  eval: e=0.0947  p=[0.195 0.778 0.416 0.308 0.705 0.385 0.007 0.488 0.396 0.044]
   329          490        0.0946799         expand
  eval: e=0.0943  p=[0.187 0.760 0.439 0.319 0.713 0.386 0.006 0.469 0.406 0.036]
  eval: e=0.0937  p=[0.201 0.785 0.408 0.297 0.703 0.388 0.008 0.496 0.388 0.042]
   330          492        0.0937255         expand
  eval: e=0.0930  p=[0.194 0.775 0.425 0.306 0.709 0.387 0.007 0.481 0.397 0.039]
  eval: e=0.0910  p=[0.211 0.809 0.390 0.278 0.697 0.390 0.009 0.513 0.376 0.046]
   331          494         0.091037         expand
  eval: e=0.0935  p=[0.198 0.782 0.413 0.301 0.705 0.387 0.007 0.491 0.392 0.042]
   332          495         0.091037         reflect
  eval: e=0.0939  p=[0.206 0.798 0.395 0.291 0.697 0.387 0.008 0.508 0.383 0.047]
   333          496         0.091037         reflect
  eval: e=0.0931  p=[0.210 0.801 0.390 0.282 0.699 0.391 0.007 0.512 0.377 0.043]
   334          497         0.091037         reflect
  eval: e=0.0956  p=[0.218 0.836 0.355 0.274 0.684 0.384 0.008 0.540 0.366 0.063]
  eval: e=0.0937  p=[0.205 0.805 0.390 0.292 0.696 0.385 0.008 0.510 0.382 0.052]
   335          499         0.091037         contract outside
  eval: e=0.0953  p=[0.218 0.840 0.352 0.275 0.683 0.382 0.007 0.542 0.366 0.068]
   336          500         0.091037         reflect
  eval: e=0.0950  p=[0.225 0.845 0.345 0.262 0.681 0.386 0.009 0.550 0.358 0.064]
   337          501         0.091037         reflect
  eval: e=0.0942  p=[0.184 0.744 0.455 0.321 0.720 0.390 0.007 0.456 0.410 0.026]
   338          502         0.091037         reflect
  eval: e=0.0939  p=[0.223 0.817 0.370 0.262 0.693 0.396 0.009 0.532 0.363 0.041]
   339          503         0.091037         reflect
  eval: e=0.0960  p=[0.235 0.839 0.346 0.245 0.682 0.397 0.012 0.555 0.348 0.049]
  eval: e=0.0937  p=[0.192 0.775 0.423 0.312 0.709 0.384 0.006 0.481 0.400 0.042]
   340          505         0.091037         contract inside
  eval: e=0.0948  p=[0.180 0.734 0.465 0.327 0.723 0.390 0.006 0.448 0.416 0.021]
  eval: e=0.0937  p=[0.191 0.762 0.435 0.311 0.713 0.389 0.007 0.473 0.401 0.032]
   341          507         0.091037         contract outside
  eval: e=0.0915  p=[0.210 0.797 0.398 0.282 0.701 0.393 0.008 0.506 0.379 0.039]
   342          508         0.091037         reflect
  eval: e=0.0950  p=[0.226 0.842 0.347 0.261 0.683 0.389 0.008 0.548 0.358 0.060]
  eval: e=0.0932  p=[0.194 0.769 0.428 0.306 0.711 0.389 0.007 0.479 0.397 0.034]
   343          510         0.091037         contract inside
  eval: e=0.0950  p=[0.181 0.760 0.444 0.328 0.713 0.380 0.006 0.463 0.412 0.043]
  eval: e=0.0929  p=[0.213 0.802 0.389 0.279 0.698 0.392 0.008 0.514 0.375 0.042]
   344          512         0.091037         contract inside
  eval: e=0.0922  p=[0.200 0.779 0.418 0.297 0.709 0.391 0.007 0.488 0.391 0.035]
   345          513         0.091037         reflect
  eval: e=0.0919  p=[0.215 0.803 0.389 0.273 0.698 0.395 0.009 0.516 0.372 0.039]
   346          514         0.091037         reflect
  eval: e=0.0918  p=[0.203 0.773 0.422 0.290 0.710 0.396 0.008 0.487 0.388 0.027]
   347          515         0.091037         reflect
  eval: e=0.0912  p=[0.208 0.790 0.406 0.282 0.705 0.395 0.008 0.500 0.381 0.034]
   348          516         0.091037         reflect
  eval: e=0.0909  p=[0.221 0.819 0.373 0.263 0.693 0.394 0.009 0.528 0.364 0.044]
  eval: e=0.0907  p=[0.236 0.848 0.342 0.240 0.684 0.397 0.010 0.556 0.346 0.050]
   349          518        0.0907476         expand
  eval: e=0.0900  p=[0.222 0.812 0.381 0.260 0.698 0.399 0.009 0.523 0.365 0.036]
  eval: e=0.0886  p=[0.234 0.827 0.365 0.240 0.694 0.404 0.010 0.539 0.351 0.033]
   350          520        0.0886401         expand
  eval: e=0.0901  p=[0.234 0.837 0.353 0.243 0.688 0.399 0.010 0.547 0.350 0.043]
   351          521        0.0886401         reflect
  eval: e=0.0894  p=[0.222 0.812 0.384 0.258 0.698 0.400 0.010 0.521 0.364 0.034]
   352          522        0.0886401         reflect
  eval: e=0.0894  p=[0.222 0.813 0.385 0.258 0.699 0.399 0.010 0.520 0.364 0.035]
   353          523        0.0886401         reflect
  eval: e=0.0891  p=[0.240 0.843 0.349 0.232 0.686 0.403 0.012 0.553 0.344 0.041]
   354          524        0.0886401         reflect
  eval: e=0.0886  p=[0.229 0.827 0.370 0.247 0.695 0.401 0.009 0.533 0.356 0.037]
  eval: e=0.0882  p=[0.235 0.839 0.360 0.234 0.694 0.403 0.009 0.541 0.349 0.037]
   355          526         0.088156         expand
  eval: e=0.0882  p=[0.247 0.870 0.325 0.220 0.679 0.401 0.011 0.572 0.333 0.051]
   356          527         0.088156         reflect
  eval: e=0.0872  p=[0.248 0.860 0.334 0.215 0.684 0.405 0.011 0.566 0.333 0.042]
  eval: e=0.0860  p=[0.267 0.892 0.302 0.182 0.675 0.412 0.013 0.596 0.310 0.044]
   357          529        0.0859791         expand
  eval: e=0.0875  p=[0.261 0.888 0.305 0.194 0.674 0.407 0.013 0.592 0.316 0.049]
   358          530        0.0859791         reflect
  eval: e=0.0871  p=[0.268 0.885 0.305 0.182 0.677 0.415 0.013 0.594 0.310 0.038]
   359          531        0.0859791         reflect
  eval: e=0.0867  p=[0.250 0.853 0.344 0.209 0.689 0.412 0.012 0.559 0.332 0.030]
   360          532        0.0859791         reflect
  eval: e=0.0863  p=[0.256 0.867 0.331 0.199 0.685 0.412 0.013 0.571 0.325 0.035]
   361          533        0.0859791         reflect
  eval: e=0.0860  p=[0.273 0.903 0.290 0.172 0.672 0.414 0.013 0.606 0.303 0.044]
   362          534        0.0859791         reflect
  eval: e=0.0875  p=[0.284 0.921 0.270 0.155 0.666 0.417 0.014 0.624 0.290 0.046]
   363          535        0.0859791         reflect
  eval: e=0.0846  p=[0.276 0.906 0.291 0.165 0.675 0.417 0.012 0.606 0.300 0.040]
  eval: e=0.0835  p=[0.294 0.938 0.261 0.132 0.669 0.423 0.013 0.632 0.279 0.040]
   364          537        0.0835047         expand
  eval: e=0.0847  p=[0.294 0.944 0.254 0.136 0.661 0.419 0.015 0.639 0.278 0.050]
   365          538        0.0835047         reflect
  eval: e=0.0839  p=[0.290 0.916 0.280 0.139 0.673 0.426 0.014 0.619 0.285 0.031]
   366          539        0.0835047         reflect
  eval: e=0.0896  p=[0.312 0.962 0.228 0.106 0.654 0.428 0.017 0.665 0.257 0.044]
  eval: e=0.0862  p=[0.254 0.870 0.327 0.202 0.684 0.410 0.011 0.572 0.326 0.039]
   367          541        0.0835047         contract inside
  eval: e=0.0866  p=[0.257 0.871 0.329 0.194 0.686 0.413 0.012 0.571 0.323 0.034]
   368          542        0.0835047         reflect
  eval: e=0.0851  p=[0.279 0.900 0.300 0.155 0.680 0.424 0.013 0.600 0.298 0.028]
   369          543        0.0835047         reflect
  eval: e=0.0870  p=[0.275 0.905 0.299 0.162 0.678 0.418 0.013 0.599 0.302 0.037]
  eval: e=0.0854  p=[0.273 0.900 0.301 0.167 0.677 0.417 0.013 0.598 0.304 0.037]
   370          545        0.0835047         contract outside
  eval: e=0.0839  p=[0.297 0.947 0.251 0.127 0.663 0.422 0.014 0.641 0.273 0.046]
   371          546        0.0835047         reflect
  eval: e=0.0852  p=[0.298 0.945 0.250 0.128 0.662 0.423 0.014 0.643 0.273 0.044]
   372          547        0.0835047         reflect
  eval: e=0.0848  p=[0.308 0.964 0.232 0.109 0.659 0.426 0.014 0.659 0.261 0.045]
   373          548        0.0835047         reflect
  eval: e=0.0851  p=[0.320 0.980 0.217 0.087 0.654 0.432 0.016 0.674 0.247 0.043]
   374          549        0.0835047         reflect
  eval: e=0.0832  p=[0.311 0.962 0.239 0.101 0.663 0.431 0.015 0.654 0.259 0.038]
  eval: e=0.0836  p=[0.329 0.992 0.214 0.065 0.658 0.439 0.015 0.678 0.237 0.034]
   375          551        0.0832481         reflect
  eval: e=0.0832  p=[0.326 0.987 0.215 0.074 0.658 0.437 0.015 0.676 0.241 0.037]
  eval: e=12.5039  p=[0.355 1.000 0.171 0.021 0.649 0.449 0.016 0.716 0.206 0.033]
   376          553         0.083151         reflect
  eval: e=0.0867  p=[0.330 0.996 0.199 0.070 0.651 0.435 0.016 0.690 0.235 0.043]
  eval: e=0.0840  p=[0.287 0.924 0.275 0.143 0.671 0.422 0.013 0.621 0.287 0.039]
   377          555         0.083151         contract inside
  eval: e=0.0839  p=[0.303 0.948 0.255 0.113 0.668 0.429 0.014 0.640 0.268 0.035]
   378          556         0.083151         reflect
  eval: e=0.0854  p=[0.277 0.906 0.296 0.159 0.679 0.420 0.012 0.601 0.299 0.034]
  eval: e=0.0838  p=[0.309 0.962 0.237 0.105 0.660 0.429 0.015 0.656 0.260 0.041]
   379          558         0.083151         contract inside
  eval: e=0.0858  p=[0.324 0.999 0.200 0.081 0.649 0.429 0.016 0.687 0.241 0.052]
  eval: e=0.0839  p=[0.290 0.925 0.275 0.136 0.672 0.425 0.013 0.622 0.283 0.034]
   380          560         0.083151         contract inside
  eval: e=0.0850  p=[0.292 0.927 0.276 0.132 0.673 0.427 0.014 0.621 0.282 0.032]
  eval: e=0.0838  p=[0.304 0.955 0.243 0.115 0.662 0.426 0.014 0.649 0.266 0.042]
   381          562         0.083151         contract inside
  eval: e=0.0836  p=[0.309 0.949 0.253 0.101 0.670 0.435 0.013 0.643 0.262 0.027]
   382          563         0.083151         reflect
  eval: e=0.0831  p=[0.319 0.973 0.227 0.086 0.661 0.435 0.015 0.666 0.249 0.035]
  eval: e=0.0835  p=[0.335 0.998 0.202 0.057 0.656 0.442 0.015 0.688 0.230 0.033]
   383          565        0.0831022         reflect
  eval: e=0.0830  p=[0.323 0.993 0.211 0.079 0.656 0.432 0.014 0.677 0.243 0.044]
  eval: e=9.8634  p=[0.339 1.000 0.177 0.049 0.648 0.435 0.014 0.706 0.222 0.050]
   384          567        0.0829765         reflect
  eval: e=0.0833  p=[0.320 0.971 0.232 0.082 0.665 0.439 0.014 0.661 0.249 0.029]
   385          568        0.0829765         reflect
  eval: e=0.1614  p=[0.333 1.000 0.200 0.061 0.654 0.438 0.015 0.689 0.232 0.039]
  eval: e=0.0834  p=[0.301 0.944 0.256 0.118 0.668 0.428 0.014 0.639 0.270 0.035]
   386          570        0.0829765         contract inside
  eval: e=0.0836  p=[0.320 0.979 0.220 0.085 0.658 0.434 0.014 0.671 0.247 0.039]
   387          571        0.0829765         reflect
  eval: e=0.0833  p=[0.316 0.969 0.235 0.090 0.666 0.435 0.013 0.657 0.253 0.032]
   388          572        0.0829765         reflect
  eval: e=0.0837  p=[0.323 0.978 0.227 0.075 0.665 0.440 0.014 0.666 0.244 0.029]
  eval: e=0.0832  p=[0.318 0.972 0.231 0.085 0.664 0.436 0.014 0.662 0.250 0.032]
   389          574        0.0829765         contract outside
  eval: e=0.0835  p=[0.321 0.989 0.213 0.085 0.655 0.431 0.015 0.676 0.246 0.045]
   390          575        0.0829765         reflect
  eval: e=0.0841  p=[0.309 0.961 0.244 0.101 0.667 0.432 0.014 0.649 0.260 0.035]
  eval: e=0.0831  p=[0.317 0.974 0.226 0.089 0.660 0.433 0.014 0.665 0.251 0.038]
   391          577        0.0829765         contract inside
  eval: e=0.9127  p=[0.341 1.000 0.196 0.045 0.654 0.444 0.016 0.695 0.224 0.033]
  eval: e=0.0832  p=[0.305 0.956 0.245 0.111 0.665 0.429 0.013 0.647 0.265 0.038]
   392          579        0.0829765         contract inside
  eval: e=0.0837  p=[0.310 0.951 0.250 0.098 0.670 0.436 0.013 0.645 0.260 0.026]
  eval: e=0.0831  p=[0.318 0.980 0.222 0.088 0.659 0.432 0.014 0.668 0.249 0.041]
   393          581        0.0829765         contract inside
  eval: e=0.1919  p=[0.334 1.000 0.200 0.059 0.656 0.440 0.015 0.688 0.231 0.037]
  eval: e=0.0832  p=[0.309 0.959 0.242 0.103 0.665 0.431 0.014 0.651 0.261 0.036]
   394          583        0.0829765         contract inside
  eval: e=0.0835  p=[0.318 0.977 0.223 0.090 0.658 0.432 0.015 0.668 0.250 0.041]
  eval: e=0.0831  p=[0.316 0.971 0.232 0.090 0.664 0.434 0.014 0.660 0.252 0.034]
   395          585        0.0829765         contract inside
  eval: e=0.0835  p=[0.313 0.975 0.226 0.099 0.658 0.428 0.014 0.664 0.255 0.046]
  eval: e=0.0831  p=[0.318 0.972 0.230 0.086 0.663 0.436 0.014 0.662 0.250 0.033]
   396          587        0.0829765         contract inside
  eval: e=0.0828  p=[0.324 0.985 0.217 0.077 0.660 0.436 0.014 0.673 0.243 0.036]
  eval: e=0.0828  p=[0.330 0.997 0.205 0.066 0.659 0.439 0.013 0.682 0.235 0.035]
   397          589        0.0827905         expand
  eval: e=0.0834  p=[0.318 0.980 0.220 0.090 0.658 0.431 0.014 0.669 0.250 0.042]
  eval: e=0.0830  p=[0.318 0.974 0.228 0.086 0.662 0.435 0.014 0.663 0.250 0.035]
   398          591        0.0827905         contract inside
  eval: e=0.0830  p=[0.329 0.996 0.206 0.068 0.657 0.437 0.014 0.682 0.236 0.038]
   399          592        0.0827905         reflect
  eval: e=0.6958  p=[0.338 1.000 0.196 0.052 0.655 0.442 0.015 0.693 0.227 0.036]
  eval: e=0.0830  p=[0.313 0.969 0.233 0.096 0.663 0.432 0.014 0.659 0.255 0.038]
   400          594        0.0827905         contract inside
  eval: e=0.0828  p=[0.315 0.972 0.229 0.092 0.663 0.432 0.013 0.661 0.253 0.037]
  eval: e=0.0827  p=[0.310 0.965 0.236 0.101 0.666 0.430 0.012 0.654 0.259 0.037]
   401          596        0.0826872         expand
  eval: e=0.0828  p=[0.321 0.977 0.225 0.081 0.663 0.437 0.013 0.666 0.247 0.033]
   402          597        0.0826872         reflect
  eval: e=0.0829  p=[0.320 0.984 0.220 0.083 0.662 0.434 0.013 0.669 0.247 0.038]
   403          598        0.0826872         reflect
  eval: e=0.0830  p=[0.322 0.985 0.219 0.078 0.663 0.436 0.013 0.669 0.244 0.035]
   404          599        0.0826872         reflect
  eval: e=0.0827  p=[0.322 0.991 0.213 0.079 0.660 0.434 0.013 0.674 0.244 0.040]
  eval: e=0.0826  p=[0.324 1.000 0.204 0.076 0.658 0.433 0.012 0.680 0.240 0.044]
   405          601        0.0825852         expand
  eval: e=0.0827  p=[0.326 0.997 0.205 0.073 0.658 0.435 0.013 0.680 0.239 0.041]
   406          602        0.0825852         reflect
  eval: e=0.0826  p=[0.325 0.999 0.205 0.074 0.658 0.434 0.012 0.680 0.240 0.042]
   407          603        0.0825852         reflect
  eval: e=0.0826  p=[0.314 0.977 0.226 0.093 0.664 0.431 0.012 0.661 0.254 0.039]
   408          604        0.0825852         reflect
  eval: e=0.4523  p=[0.329 1.000 0.199 0.065 0.659 0.436 0.012 0.685 0.235 0.040]
  eval: e=0.0828  p=[0.317 0.978 0.224 0.088 0.662 0.433 0.013 0.665 0.250 0.038]
   409          606        0.0825852         contract inside
  eval: e=0.0829  p=[0.320 0.988 0.213 0.085 0.659 0.431 0.013 0.674 0.246 0.043]
   410          607        0.0825852         reflect
  eval: e=0.0823  p=[0.319 0.980 0.222 0.085 0.665 0.435 0.011 0.665 0.248 0.034]
  eval: e=0.0820  p=[0.317 0.973 0.227 0.088 0.669 0.437 0.010 0.660 0.251 0.029]
   411          609        0.0819885         expand
  eval: e=0.0828  p=[0.321 0.981 0.222 0.080 0.665 0.437 0.012 0.666 0.246 0.032]
   412          610        0.0819885         reflect
  eval: e=0.0824  p=[0.321 0.984 0.216 0.082 0.663 0.435 0.012 0.671 0.245 0.037]
   413          611        0.0819885         reflect
  eval: e=0.0822  p=[0.324 0.992 0.210 0.075 0.663 0.436 0.011 0.675 0.241 0.036]
   414          612        0.0819885         reflect
  eval: e=0.0829  p=[0.321 0.991 0.209 0.082 0.659 0.432 0.012 0.676 0.244 0.042]
  eval: e=0.0825  p=[0.321 0.984 0.219 0.080 0.664 0.436 0.012 0.668 0.246 0.035]
   415          614        0.0819885         contract inside
  eval: e=0.0823  p=[0.310 0.973 0.229 0.099 0.666 0.430 0.010 0.657 0.257 0.039]
   416          615        0.0819885         reflect
  eval: e=0.0821  p=[0.318 0.991 0.211 0.087 0.663 0.431 0.010 0.671 0.248 0.043]
   417          616        0.0819885         reflect
  eval: e=0.0822  p=[0.311 0.970 0.231 0.098 0.669 0.432 0.010 0.655 0.257 0.035]
   418          617        0.0819885         reflect
  eval: e=0.2102  p=[0.327 1.000 0.199 0.069 0.662 0.436 0.010 0.682 0.236 0.038]
  eval: e=0.0825  p=[0.314 0.974 0.227 0.093 0.665 0.432 0.011 0.661 0.254 0.038]
   419          619        0.0819885         contract inside
  eval: e=0.0822  p=[0.323 0.991 0.209 0.077 0.663 0.436 0.010 0.675 0.242 0.036]
   420          620        0.0819885         reflect
  eval: e=0.0820  p=[0.311 0.968 0.232 0.097 0.670 0.433 0.009 0.654 0.256 0.032]
   421          621        0.0819885         reflect
  eval: e=0.0820  p=[0.310 0.960 0.239 0.100 0.673 0.434 0.009 0.649 0.259 0.028]
  eval: e=0.0819  p=[0.303 0.940 0.256 0.111 0.681 0.435 0.007 0.633 0.268 0.020]
   422          623        0.0819323         expand
  eval: e=0.0819  p=[0.309 0.968 0.231 0.101 0.671 0.431 0.008 0.654 0.258 0.034]
  eval: e=0.0818  p=[0.304 0.960 0.236 0.112 0.674 0.429 0.006 0.647 0.265 0.034]
   423          625        0.0818266         expand
  eval: e=0.0816  p=[0.314 0.974 0.225 0.092 0.672 0.435 0.008 0.659 0.253 0.031]
  eval: e=0.0811  p=[0.314 0.974 0.223 0.091 0.675 0.436 0.006 0.658 0.252 0.027]
   424          627        0.0811442         expand
  eval: e=0.0815  p=[0.306 0.962 0.237 0.106 0.676 0.432 0.006 0.646 0.262 0.030]
   425          628        0.0811442         reflect
  eval: e=0.0814  p=[0.316 0.972 0.225 0.090 0.674 0.438 0.007 0.658 0.251 0.025]
   426          629        0.0811442         reflect
  eval: e=0.0815  p=[0.300 0.948 0.248 0.117 0.680 0.431 0.005 0.637 0.269 0.027]
   427          630        0.0811442         reflect
  eval: e=0.0813  p=[0.311 0.966 0.230 0.097 0.676 0.436 0.006 0.653 0.256 0.026]
   428          631        0.0811442         reflect
  eval: e=0.0814  p=[0.297 0.940 0.256 0.122 0.685 0.432 0.004 0.629 0.274 0.023]
   429          632        0.0811442         reflect
  eval: e=0.0811  p=[0.298 0.929 0.263 0.119 0.690 0.437 0.003 0.623 0.273 0.012]
  eval: e=0.2227  p=[0.288 0.898 0.289 0.135 0.703 0.441 0.000 0.600 0.286 0.000]
   430          634        0.0811022         reflect
  eval: e=0.0809  p=[0.302 0.945 0.248 0.114 0.686 0.435 0.003 0.634 0.268 0.018]
  eval: e=0.0855  p=[0.297 0.933 0.257 0.122 0.694 0.437 0.000 0.624 0.274 0.011]
   431          636         0.080914         reflect
  eval: e=0.0809  p=[0.293 0.934 0.258 0.127 0.690 0.432 0.001 0.623 0.277 0.019]
   432          637         0.080914         reflect
  eval: e=0.0811  p=[0.306 0.965 0.229 0.108 0.680 0.432 0.002 0.648 0.261 0.028]
   433          638         0.080914         reflect
  eval: e=0.0806  p=[0.305 0.947 0.247 0.106 0.688 0.439 0.002 0.635 0.264 0.013]
  eval: e=0.0803  p=[0.306 0.941 0.253 0.103 0.695 0.444 0.000 0.629 0.264 0.002]
   434          640        0.0803413         expand
  eval: e=0.0807  p=[0.303 0.940 0.249 0.112 0.690 0.439 0.001 0.632 0.267 0.012]
   435          641        0.0803413         reflect
  eval: e=0.0803  p=[0.309 0.953 0.239 0.100 0.688 0.441 0.001 0.641 0.259 0.012]
  eval: e=0.0888  p=[0.313 0.955 0.235 0.091 0.693 0.446 0.000 0.643 0.254 0.004]
   436          643        0.0802897         reflect
  eval: e=0.1003  p=[0.292 0.926 0.264 0.129 0.697 0.435 0.000 0.616 0.279 0.010]
  eval: e=0.0810  p=[0.310 0.960 0.235 0.099 0.680 0.437 0.005 0.647 0.258 0.022]
   437          645        0.0802897         contract inside
  eval: e=0.0805  p=[0.314 0.962 0.230 0.092 0.686 0.442 0.001 0.649 0.253 0.013]
   438          646        0.0802897         reflect
  eval: e=0.0904  p=[0.299 0.935 0.256 0.116 0.696 0.439 0.000 0.624 0.271 0.007]
  eval: e=0.0810  p=[0.308 0.958 0.236 0.102 0.681 0.437 0.004 0.646 0.260 0.021]
   439          648        0.0802897         contract inside
  eval: e=0.0954  p=[0.295 0.924 0.265 0.124 0.698 0.439 0.000 0.617 0.276 0.004]
  eval: e=0.0809  p=[0.310 0.961 0.234 0.100 0.681 0.437 0.004 0.647 0.258 0.022]
   440          650        0.0802897         contract inside
  eval: e=0.0805  p=[0.314 0.975 0.219 0.092 0.682 0.438 0.001 0.656 0.252 0.022]
   441          651        0.0802897         reflect
  eval: e=0.0805  p=[0.308 0.940 0.252 0.101 0.691 0.444 0.002 0.633 0.262 0.004]
   442          652        0.0802897         reflect
  eval: e=0.0893  p=[0.303 0.942 0.249 0.109 0.694 0.441 0.000 0.631 0.266 0.007]
  eval: e=0.0808  p=[0.308 0.955 0.239 0.102 0.683 0.438 0.003 0.643 0.260 0.018]
   443          654        0.0802897         contract inside
  eval: e=0.0815  p=[0.305 0.943 0.248 0.107 0.693 0.442 0.000 0.632 0.264 0.007]
  eval: e=0.0807  p=[0.307 0.954 0.239 0.103 0.684 0.438 0.003 0.642 0.261 0.018]
   444          656        0.0802897         contract inside
  eval: e=0.0804  p=[0.323 0.971 0.223 0.076 0.683 0.448 0.003 0.658 0.244 0.009]
   445          657        0.0802897         reflect
  eval: e=0.0801  p=[0.319 0.966 0.227 0.082 0.687 0.447 0.001 0.652 0.248 0.008]
  eval: e=0.0798  p=[0.327 0.977 0.216 0.067 0.688 0.452 0.001 0.661 0.238 0.003]
   446          659         0.079806         expand
  eval: e=0.0811  p=[0.314 0.952 0.238 0.090 0.693 0.448 0.000 0.641 0.254 0.001]
  eval: e=0.0806  p=[0.311 0.959 0.235 0.097 0.684 0.440 0.003 0.646 0.257 0.016]
   447          661         0.079806         contract inside
  eval: e=0.0798  p=[0.316 0.959 0.233 0.087 0.691 0.447 0.000 0.646 0.251 0.004]
   448          662         0.079806         reflect
  eval: e=0.0802  p=[0.324 0.978 0.218 0.072 0.684 0.448 0.002 0.660 0.241 0.009]
   449          663         0.079806         reflect
  eval: e=0.0797  p=[0.323 0.968 0.224 0.074 0.690 0.451 0.000 0.654 0.244 0.001]
  eval: e=0.6013  p=[0.330 0.975 0.217 0.060 0.693 0.458 0.000 0.660 0.235 0.000]
   450          665        0.0797036         reflect
  eval: e=0.0853  p=[0.322 0.966 0.226 0.075 0.692 0.452 0.000 0.652 0.245 0.000]
  eval: e=0.0803  p=[0.313 0.961 0.233 0.092 0.686 0.443 0.002 0.647 0.254 0.012]
   451          667        0.0797036         contract inside
  eval: e=0.0800  p=[0.326 0.988 0.206 0.070 0.683 0.447 0.000 0.667 0.238 0.013]
   452          668        0.0797036         reflect
  eval: e=0.4841  p=[0.322 0.957 0.236 0.074 0.693 0.455 0.001 0.647 0.246 0.000]
  eval: e=0.0802  p=[0.316 0.970 0.223 0.088 0.685 0.442 0.001 0.654 0.250 0.015]
   453          670        0.0797036         contract inside
  eval: e=0.0800  p=[0.323 0.971 0.224 0.074 0.689 0.451 0.001 0.654 0.243 0.003]
   454          671        0.0797036         reflect
  eval: e=0.0996  p=[0.314 0.962 0.231 0.089 0.692 0.446 0.000 0.645 0.253 0.006]
  eval: e=0.0802  p=[0.320 0.969 0.225 0.079 0.686 0.447 0.002 0.655 0.246 0.008]
   455          673        0.0797036         contract inside
  eval: e=0.0806  p=[0.333 0.998 0.195 0.057 0.679 0.449 0.002 0.679 0.229 0.013]
  eval: e=0.0800  p=[0.313 0.955 0.238 0.092 0.691 0.446 0.001 0.642 0.255 0.005]
   456          675        0.0797036         contract inside
  eval: e=0.0803  p=[0.326 0.977 0.216 0.069 0.689 0.452 0.000 0.659 0.239 0.002]
  eval: e=0.0801  p=[0.317 0.965 0.229 0.086 0.687 0.445 0.001 0.650 0.250 0.010]
   457          677        0.0797036         contract inside
  eval: e=0.0798  p=[0.332 0.987 0.208 0.058 0.686 0.454 0.001 0.668 0.232 0.003]
   458          678        0.0797036         reflect
  eval: e=0.1788  p=[0.328 0.973 0.221 0.064 0.690 0.455 0.001 0.658 0.238 0.000]
  eval: e=0.0800  p=[0.319 0.971 0.223 0.082 0.686 0.446 0.001 0.655 0.247 0.010]
   459          680        0.0797036         contract inside
  eval: e=0.0816  p=[0.323 0.975 0.219 0.073 0.689 0.450 0.000 0.657 0.242 0.004]
  eval: e=0.0800  p=[0.321 0.970 0.223 0.078 0.687 0.448 0.001 0.655 0.245 0.007]
   460          682        0.0797036         contract inside
  eval: e=0.0841  p=[0.319 0.965 0.226 0.082 0.691 0.449 0.000 0.650 0.247 0.003]
  eval: e=0.0800  p=[0.323 0.974 0.220 0.074 0.686 0.448 0.001 0.658 0.243 0.007]
   461          684        0.0797036         contract inside
  eval: e=0.0797  p=[0.328 0.980 0.214 0.065 0.689 0.453 0.000 0.662 0.237 0.002]
  eval: e=0.1443  p=[0.333 0.987 0.207 0.055 0.690 0.457 0.000 0.667 0.231 0.000]
   462          686        0.0796774         reflect
  eval: e=0.0799  p=[0.335 0.994 0.200 0.054 0.684 0.454 0.001 0.674 0.229 0.005]
   463          687        0.0796774         reflect
  eval: e=0.0805  p=[0.329 0.984 0.210 0.063 0.688 0.453 0.000 0.665 0.235 0.003]
  eval: e=0.0799  p=[0.323 0.974 0.220 0.074 0.687 0.449 0.001 0.658 0.243 0.006]
   464          689        0.0796774         contract inside
  eval: e=0.0881  p=[0.332 0.984 0.210 0.058 0.689 0.456 0.000 0.666 0.233 0.000]
  eval: e=0.0799  p=[0.322 0.974 0.220 0.076 0.687 0.448 0.001 0.657 0.243 0.008]
   465          691        0.0796774         contract inside
  eval: e=0.0815  p=[0.328 0.980 0.212 0.065 0.689 0.453 0.000 0.663 0.237 0.002]
  eval: e=0.0799  p=[0.324 0.976 0.218 0.072 0.687 0.450 0.001 0.659 0.241 0.006]
   466          693        0.0796774         contract inside
  eval: e=0.0800  p=[0.328 0.984 0.208 0.066 0.685 0.450 0.000 0.667 0.236 0.007]
  eval: e=0.0798  p=[0.324 0.975 0.220 0.072 0.688 0.451 0.001 0.658 0.242 0.004]
   467          695        0.0796774         contract inside
  eval: e=0.3167  p=[0.325 0.964 0.229 0.069 0.692 0.455 0.001 0.652 0.242 0.000]
  eval: e=0.0798  p=[0.326 0.982 0.211 0.070 0.685 0.449 0.000 0.664 0.239 0.009]
   468          697        0.0796774         contract inside
  eval: e=0.0796  p=[0.328 0.981 0.213 0.065 0.688 0.453 0.000 0.663 0.237 0.003]
  eval: e=0.0816  p=[0.331 0.984 0.209 0.060 0.689 0.454 0.000 0.666 0.234 0.001]
   469          699        0.0796398         reflect
  eval: e=0.0796  p=[0.330 0.982 0.212 0.061 0.689 0.454 0.000 0.664 0.234 0.000]
  eval: e=0.1962  p=[0.334 0.985 0.208 0.053 0.689 0.458 0.000 0.667 0.230 0.000]
   470          701        0.0796312         reflect
  eval: e=0.0804  p=[0.329 0.981 0.212 0.062 0.689 0.454 0.000 0.664 0.235 0.001]
  eval: e=0.0798  p=[0.325 0.977 0.217 0.070 0.687 0.451 0.001 0.660 0.240 0.005]
   471          703        0.0796312         contract inside
  eval: e=0.0798  p=[0.317 0.959 0.234 0.084 0.692 0.449 0.000 0.645 0.250 0.001]
   472          704        0.0796312         reflect
  eval: e=0.0798  p=[0.336 0.995 0.201 0.050 0.686 0.456 0.001 0.673 0.227 0.002]
   473          705        0.0796312         reflect
  eval: e=0.0796  p=[0.330 0.983 0.210 0.061 0.688 0.454 0.000 0.665 0.234 0.001]
   474          706        0.0796312         reflect
  eval: e=0.1742  p=[0.340 1.000 0.191 0.044 0.683 0.456 0.001 0.681 0.222 0.004]
  eval: e=0.0797  p=[0.323 0.970 0.223 0.074 0.690 0.451 0.000 0.654 0.243 0.002]
   475          708        0.0796312         contract inside
  eval: e=0.2758  p=[0.331 0.977 0.216 0.059 0.691 0.457 0.000 0.661 0.234 0.000]
  eval: e=0.0797  p=[0.327 0.981 0.213 0.067 0.687 0.451 0.000 0.663 0.238 0.005]
   476          710        0.0796312         contract inside
  eval: e=0.0806  p=[0.329 0.984 0.211 0.062 0.688 0.453 0.000 0.664 0.235 0.002]
  eval: e=0.0797  p=[0.328 0.978 0.215 0.066 0.688 0.452 0.001 0.662 0.237 0.003]
   477          712        0.0796312         contract inside
  eval: e=0.0798  p=[0.319 0.963 0.228 0.082 0.691 0.449 0.000 0.650 0.248 0.003]
   478          713        0.0796312         reflect
  eval: e=0.0807  p=[0.320 0.965 0.226 0.079 0.691 0.450 0.000 0.651 0.246 0.002]
  eval: e=0.0797  p=[0.329 0.982 0.212 0.063 0.687 0.453 0.000 0.664 0.236 0.003]
   479          715        0.0796312         contract inside
  eval: e=0.0809  p=[0.327 0.976 0.216 0.066 0.690 0.454 0.000 0.660 0.238 0.000]
  eval: e=0.0797  p=[0.326 0.977 0.217 0.069 0.688 0.451 0.000 0.660 0.239 0.003]
   480          717        0.0796312         contract inside
  eval: e=0.0798  p=[0.336 0.993 0.202 0.051 0.686 0.456 0.000 0.673 0.228 0.002]
  eval: e=0.0797  p=[0.331 0.986 0.209 0.059 0.687 0.454 0.000 0.667 0.233 0.002]
   481          719        0.0796312         contract outside
  eval: e=0.0799  p=[0.327 0.979 0.214 0.066 0.689 0.453 0.000 0.661 0.238 0.002]
  eval: e=0.0797  p=[0.328 0.979 0.215 0.066 0.688 0.452 0.000 0.662 0.237 0.002]
   482          721        0.0796312         contract inside
  eval: e=0.1016  p=[0.328 0.976 0.217 0.064 0.690 0.455 0.000 0.660 0.237 0.000]
  eval: e=0.0797  p=[0.327 0.980 0.214 0.066 0.688 0.452 0.000 0.662 0.238 0.004]
   483          723        0.0796312         contract inside
  eval: e=0.0796  p=[0.329 0.981 0.213 0.062 0.689 0.454 0.000 0.663 0.235 0.000]
   484          724        0.0796312         reflect
  eval: e=0.0797  p=[0.334 0.990 0.204 0.055 0.687 0.455 0.000 0.671 0.230 0.002]
   485          725        0.0796312         reflect
  eval: e=0.0800  p=[0.329 0.980 0.213 0.063 0.689 0.454 0.000 0.663 0.236 0.001]
  eval: e=0.0797  p=[0.329 0.981 0.212 0.063 0.688 0.453 0.000 0.664 0.236 0.002]
   486          727        0.0796312         contract inside
  eval: e=0.0798  p=[0.330 0.984 0.210 0.060 0.688 0.454 0.000 0.665 0.234 0.001]
  eval: e=0.0797  p=[0.328 0.980 0.214 0.064 0.688 0.453 0.000 0.663 0.237 0.002]
   487          729        0.0796312         contract inside
  eval: e=0.0798  p=[0.326 0.975 0.217 0.069 0.689 0.452 0.000 0.659 0.239 0.001]
  eval: e=0.0797  p=[0.330 0.983 0.211 0.061 0.688 0.454 0.000 0.665 0.235 0.002]
   488          731        0.0796312         contract inside
  eval: e=0.0797  p=[0.336 0.996 0.199 0.050 0.686 0.456 0.000 0.674 0.227 0.002]
   489          732        0.0796312         reflect
  eval: e=0.0808  p=[0.333 0.987 0.207 0.055 0.688 0.456 0.000 0.668 0.231 0.000]
  eval: e=0.0797  p=[0.329 0.982 0.212 0.064 0.688 0.453 0.000 0.664 0.236 0.003]
   490          734        0.0796312         contract inside
  eval: e=0.0797  p=[0.332 0.986 0.208 0.058 0.688 0.455 0.000 0.667 0.232 0.001]
  eval: e=0.0797  p=[0.330 0.982 0.211 0.062 0.688 0.453 0.000 0.664 0.235 0.002]
   491          736        0.0796312         contract inside
  eval: e=0.0797  p=[0.333 0.988 0.206 0.057 0.687 0.455 0.000 0.669 0.231 0.001]
   492          737        0.0796312         reflect
  eval: e=0.0797  p=[0.334 0.990 0.204 0.054 0.686 0.455 0.000 0.671 0.230 0.002]
  eval: e=0.0796  p=[0.329 0.982 0.212 0.062 0.688 0.454 0.000 0.664 0.235 0.002]
   493          739        0.0796312         contract inside
  eval: e=0.0797  p=[0.329 0.980 0.213 0.064 0.688 0.453 0.000 0.663 0.236 0.002]
  eval: e=0.0796  p=[0.332 0.986 0.208 0.058 0.688 0.454 0.000 0.667 0.233 0.002]
   494          741         0.079624         contract inside
  eval: e=0.0797  p=[0.331 0.986 0.208 0.059 0.688 0.454 0.000 0.667 0.233 0.001]
  eval: e=0.0797  p=[0.330 0.984 0.210 0.061 0.688 0.454 0.000 0.665 0.234 0.002]
   495          743         0.079624         contract inside
  eval: e=0.0796  p=[0.333 0.987 0.206 0.056 0.688 0.455 0.000 0.669 0.231 0.000]
   496          744         0.079624         reflect
  eval: e=0.0797  p=[0.333 0.988 0.206 0.056 0.688 0.455 0.000 0.669 0.231 0.001]
  eval: e=0.0796  p=[0.330 0.984 0.210 0.061 0.688 0.454 0.000 0.666 0.234 0.002]
   497          746         0.079624         contract inside
  eval: e=0.0796  p=[0.325 0.972 0.220 0.070 0.690 0.453 0.000 0.657 0.241 0.000]
   498          747         0.079624         reflect
  eval: e=0.0797  p=[0.326 0.974 0.219 0.069 0.690 0.453 0.000 0.658 0.240 0.001]
  eval: e=0.0796  p=[0.332 0.986 0.208 0.058 0.687 0.454 0.000 0.668 0.232 0.001]
   499          749         0.079624         contract inside
  eval: e=0.0797  p=[0.329 0.981 0.212 0.062 0.689 0.454 0.000 0.664 0.235 0.001]
  eval: e=0.0796  p=[0.330 0.983 0.211 0.061 0.688 0.454 0.000 0.665 0.234 0.001]
   500          751         0.079624         contract inside
  eval: e=0.0797  p=[0.329 0.981 0.212 0.062 0.689 0.454 0.000 0.663 0.235 0.001]
  eval: e=0.0796  p=[0.330 0.983 0.211 0.061 0.688 0.454 0.000 0.665 0.234 0.001]
   501          753         0.079624         contract inside
  eval: e=0.0797  p=[0.336 0.994 0.200 0.051 0.686 0.456 0.000 0.674 0.227 0.002]
  eval: e=0.0796  p=[0.328 0.978 0.215 0.065 0.689 0.453 0.000 0.661 0.237 0.001]
   502          755         0.079624         contract inside
  eval: e=0.0796  p=[0.330 0.983 0.211 0.061 0.688 0.454 0.000 0.665 0.234 0.001]
   503          756         0.079624         reflect
  eval: e=0.0827  p=[0.333 0.985 0.208 0.056 0.688 0.456 0.000 0.667 0.232 0.000]
  eval: e=0.0796  p=[0.329 0.982 0.212 0.063 0.688 0.453 0.000 0.664 0.235 0.002]
   504          758         0.079624         contract inside
  eval: e=0.0796  p=[0.328 0.979 0.214 0.064 0.689 0.454 0.000 0.662 0.236 0.001]
  eval: e=0.0796  p=[0.331 0.984 0.209 0.060 0.688 0.454 0.000 0.666 0.233 0.001]
   505          760         0.079624         contract inside
  eval: e=0.0797  p=[0.327 0.977 0.216 0.067 0.689 0.452 0.000 0.660 0.238 0.002]
  eval: e=0.0796  p=[0.331 0.985 0.209 0.059 0.688 0.455 0.000 0.667 0.233 0.001]
   506          762        0.0796183         contract inside
  eval: e=0.0796  p=[0.330 0.982 0.211 0.061 0.688 0.454 0.000 0.664 0.235 0.001]
  eval: e=0.0796  p=[0.330 0.983 0.211 0.061 0.688 0.454 0.000 0.665 0.234 0.001]
   507          764        0.0796183         contract inside
  eval: e=0.0796  p=[0.331 0.984 0.209 0.060 0.687 0.454 0.000 0.666 0.234 0.002]
  eval: e=0.0796  p=[0.330 0.982 0.212 0.062 0.688 0.454 0.000 0.664 0.235 0.001]
   508          766        0.0796183         contract inside
  eval: e=0.0796  p=[0.330 0.983 0.211 0.061 0.688 0.454 0.000 0.665 0.235 0.001]
  eval: e=0.0796  p=[0.330 0.983 0.211 0.061 0.688 0.454 0.000 0.665 0.234 0.001]
   509          768        0.0796183         contract inside
  eval: e=0.0796  p=[0.330 0.982 0.212 0.061 0.688 0.454 0.000 0.664 0.235 0.001]
  eval: e=0.0796  p=[0.330 0.983 0.211 0.061 0.688 0.454 0.000 0.665 0.234 0.001]
   510          770        0.0796183         contract inside
  eval: e=0.0796  p=[0.331 0.983 0.210 0.060 0.688 0.455 0.000 0.666 0.233 0.001]
   511          771        0.0796183         reflect
  eval: e=0.0796  p=[0.330 0.984 0.209 0.061 0.688 0.454 0.000 0.666 0.234 0.002]
  eval: e=0.0796  p=[0.330 0.982 0.211 0.061 0.688 0.454 0.000 0.665 0.234 0.001]
   512          773        0.0796183         contract inside
  eval: e=0.0796  p=[0.331 0.984 0.210 0.059 0.688 0.455 0.000 0.666 0.233 0.000]
  eval: e=0.0841  p=[0.332 0.985 0.209 0.057 0.688 0.456 0.000 0.667 0.232 0.000]
   513          775        0.0796164         reflect
  eval: e=0.0796  p=[0.331 0.983 0.210 0.060 0.688 0.455 0.000 0.665 0.234 0.001]
  eval: e=0.0796  p=[0.331 0.983 0.210 0.059 0.688 0.455 0.000 0.666 0.233 0.000]
   514          777        0.0796158         reflect
  eval: e=0.0796  p=[0.334 0.989 0.205 0.055 0.687 0.455 0.000 0.670 0.230 0.001]
   515          778        0.0796158         reflect
  eval: e=0.0796  p=[0.331 0.984 0.210 0.059 0.688 0.455 0.000 0.666 0.233 0.000]
   516          779        0.0796158         reflect
  eval: e=0.0796  p=[0.332 0.986 0.208 0.058 0.688 0.455 0.000 0.667 0.232 0.001]
  eval: e=0.0796  p=[0.331 0.983 0.210 0.060 0.688 0.454 0.000 0.665 0.234 0.001]
   517          781        0.0796158         contract inside
  eval: e=0.0796  p=[0.332 0.985 0.208 0.057 0.688 0.455 0.000 0.667 0.232 0.000]
   518          782        0.0796158         reflect
  eval: e=0.0803  p=[0.331 0.982 0.211 0.060 0.689 0.455 0.000 0.665 0.234 0.000]
  eval: e=0.0796  p=[0.331 0.985 0.209 0.059 0.688 0.455 0.000 0.667 0.233 0.001]
   519          784        0.0796158         contract inside
  eval: e=0.0796  p=[0.328 0.978 0.215 0.064 0.689 0.454 0.000 0.661 0.237 0.000]
  eval: e=0.0796  p=[0.332 0.986 0.207 0.057 0.688 0.455 0.000 0.668 0.232 0.001]
   520          786        0.0796158         contract inside
  eval: e=0.0796  p=[0.332 0.985 0.209 0.058 0.688 0.455 0.000 0.667 0.233 0.001]
  eval: e=0.0796  p=[0.331 0.984 0.210 0.060 0.688 0.455 0.000 0.666 0.234 0.001]
   521          788        0.0796158         contract inside
  eval: e=0.0796  p=[0.333 0.986 0.207 0.056 0.688 0.455 0.000 0.668 0.231 0.000]
   522          789        0.0796158         reflect
  eval: e=0.0796  p=[0.330 0.983 0.210 0.060 0.688 0.454 0.000 0.665 0.234 0.001]
  eval: e=0.0796  p=[0.332 0.985 0.209 0.058 0.688 0.455 0.000 0.667 0.233 0.000]
   523          791        0.0796158         contract inside
  eval: e=0.0796  p=[0.333 0.986 0.207 0.056 0.688 0.455 0.000 0.668 0.231 0.000]
  eval: e=0.0808  p=[0.334 0.988 0.205 0.054 0.688 0.456 0.000 0.670 0.230 0.000]
   524          793        0.0796146         reflect
  eval: e=0.0796  p=[0.332 0.986 0.207 0.057 0.688 0.455 0.000 0.668 0.232 0.001]
  eval: e=0.0796  p=[0.331 0.984 0.209 0.059 0.688 0.455 0.000 0.666 0.233 0.001]
   525          795        0.0796146         contract inside
  eval: e=0.0797  p=[0.332 0.984 0.209 0.058 0.688 0.455 0.000 0.666 0.232 0.000]
  eval: e=0.0796  p=[0.332 0.985 0.209 0.059 0.688 0.455 0.000 0.667 0.233 0.001]
   526          797        0.0796146         contract inside
  eval: e=0.0796  p=[0.332 0.984 0.209 0.058 0.688 0.455 0.000 0.667 0.232 0.000]
   527          798        0.0796146         reflect
  eval: e=0.0796  p=[0.333 0.986 0.207 0.057 0.688 0.455 0.000 0.668 0.232 0.000]
  eval: e=0.0797  p=[0.333 0.987 0.206 0.055 0.688 0.456 0.000 0.669 0.231 0.000]
   528          800        0.0796125         reflect
  eval: e=0.0796  p=[0.331 0.983 0.210 0.059 0.688 0.455 0.000 0.665 0.233 0.000]
  eval: e=0.0796  p=[0.332 0.986 0.208 0.058 0.688 0.455 0.000 0.667 0.232 0.001]
   529          802        0.0796125         contract inside
  eval: e=0.0797  p=[0.332 0.985 0.209 0.057 0.688 0.455 0.000 0.667 0.232 0.000]
  eval: e=0.0796  p=[0.332 0.985 0.209 0.058 0.688 0.455 0.000 0.667 0.233 0.001]
   530          804        0.0796125         contract inside
  eval: e=0.0796  p=[0.332 0.986 0.208 0.057 0.688 0.455 0.000 0.667 0.232 0.000]
   531          805        0.0796125         reflect
  eval: e=0.0796  p=[0.333 0.986 0.207 0.057 0.688 0.455 0.000 0.668 0.232 0.001]
  eval: e=0.0796  p=[0.332 0.984 0.209 0.058 0.688 0.455 0.000 0.666 0.233 0.000]
   532          807        0.0796125         contract inside
  eval: e=0.0796  p=[0.331 0.983 0.210 0.059 0.688 0.455 0.000 0.665 0.233 0.000]
   533          808        0.0796125         reflect
  eval: e=0.0796  p=[0.332 0.985 0.209 0.058 0.688 0.455 0.000 0.667 0.232 0.000]
   534          809        0.0796125         reflect
  eval: e=0.0796  p=[0.333 0.986 0.207 0.056 0.688 0.455 0.000 0.668 0.231 0.000]
  eval: e=0.0796  p=[0.331 0.984 0.209 0.059 0.688 0.455 0.000 0.666 0.233 0.000]
   535          811        0.0796125         contract inside
  eval: e=0.0796  p=[0.333 0.987 0.207 0.056 0.688 0.456 0.000 0.668 0.231 0.000]
  eval: e=0.0796  p=[0.332 0.986 0.208 0.057 0.688 0.455 0.000 0.668 0.232 0.000]
   536          813        0.0796125         contract outside
  eval: e=0.0797  p=[0.332 0.984 0.209 0.058 0.688 0.455 0.000 0.666 0.232 0.000]
  eval: e=0.0796  p=[0.332 0.985 0.208 0.058 0.688 0.455 0.000 0.667 0.232 0.000]
   537          815        0.0796125         contract inside
  eval: e=0.0796  p=[0.332 0.986 0.208 0.057 0.688 0.455 0.000 0.667 0.232 0.000]
  eval: e=0.0796  p=[0.332 0.985 0.209 0.058 0.688 0.455 0.000 0.667 0.232 0.000]
   538          817        0.0796125         contract inside
  eval: e=0.0797  p=[0.332 0.985 0.208 0.057 0.688 0.455 0.000 0.667 0.232 0.000]
  eval: e=0.0796  p=[0.332 0.985 0.209 0.058 0.688 0.455 0.000 0.667 0.232 0.000]
   539          819        0.0796125         contract inside
  eval: e=0.0796  p=[0.333 0.987 0.206 0.056 0.688 0.456 0.000 0.669 0.231 0.000]
  eval: e=0.0796  p=[0.332 0.984 0.209 0.058 0.688 0.455 0.000 0.666 0.233 0.000]
   540          821        0.0796125         contract inside
  eval: e=0.0796  p=[0.331 0.984 0.210 0.059 0.688 0.455 0.000 0.666 0.233 0.000]
  eval: e=0.0796  p=[0.332 0.986 0.208 0.057 0.688 0.455 0.000 0.667 0.232 0.000]
   541          823        0.0796125         contract inside
  eval: e=0.0796  p=[0.332 0.985 0.209 0.058 0.688 0.455 0.000 0.667 0.232 0.000]
  eval: e=0.0797  p=[0.332 0.985 0.209 0.058 0.688 0.455 0.000 0.667 0.232 0.000]
   542          825        0.0796118         reflect
  eval: e=0.0796  p=[0.332 0.986 0.208 0.057 0.688 0.455 0.000 0.667 0.232 0.000]
   543          826        0.0796118         reflect
  eval: e=0.0796  p=[0.332 0.984 0.209 0.058 0.688 0.455 0.000 0.666 0.233 0.000]
  eval: e=0.0796  p=[0.332 0.985 0.208 0.057 0.688 0.455 0.000 0.667 0.232 0.000]
   544          828        0.0796118         contract inside
  eval: e=0.0796  p=[0.332 0.985 0.208 0.057 0.688 0.455 0.000 0.667 0.232 0.000]
  eval: e=0.0800  p=[0.333 0.986 0.208 0.057 0.688 0.456 0.000 0.667 0.232 0.000]
   545          830        0.0796105         reflect
  eval: e=0.0796  p=[0.332 0.986 0.208 0.057 0.688 0.455 0.000 0.667 0.232 0.000]
   546          831        0.0796105         reflect
  eval: e=0.0796  p=[0.332 0.984 0.209 0.058 0.688 0.455 0.000 0.666 0.233 0.000]
   547          832        0.0796105         reflect
  eval: e=0.0796  p=[0.332 0.986 0.208 0.057 0.688 0.455 0.000 0.667 0.232 0.000]
  eval: e=0.0796  p=[0.332 0.985 0.209 0.058 0.688 0.455 0.000 0.667 0.232 0.000]
   548          834        0.0796105         contract inside
  eval: e=0.0796  p=[0.332 0.984 0.209 0.058 0.688 0.455 0.000 0.666 0.233 0.000]
   549          835        0.0796105         reflect
  eval: e=0.0796  p=[0.333 0.986 0.207 0.056 0.688 0.456 0.000 0.668 0.231 0.000]
  eval: e=0.0796  p=[0.332 0.985 0.209 0.058 0.688 0.455 0.000 0.667 0.232 0.000]
   550          837        0.0796105         contract inside
  eval: e=0.0796  p=[0.332 0.986 0.208 0.057 0.688 0.455 0.000 0.667 0.232 0.000]
  eval: e=0.0796  p=[0.332 0.985 0.209 0.058 0.688 0.455 0.000 0.667 0.232 0.000]
   551          839        0.0796105         contract inside
  eval: e=0.0796  p=[0.332 0.986 0.208 0.057 0.688 0.455 0.000 0.668 0.232 0.000]
   552          840        0.0796105         reflect
  eval: e=0.0796  p=[0.333 0.986 0.207 0.056 0.688 0.456 0.000 0.668 0.231 0.000]
   553          841        0.0796105         reflect
  eval: e=0.0796  p=[0.332 0.985 0.208 0.057 0.688 0.455 0.000 0.667 0.232 0.000]
   554          842        0.0796105         reflect
  eval: e=0.0796  p=[0.332 0.985 0.208 0.058 0.688 0.455 0.000 0.667 0.232 0.000]
   555          843        0.0796105         reflect
  eval: e=0.0796  p=[0.333 0.986 0.207 0.056 0.688 0.456 0.000 0.668 0.231 0.000]
  eval: e=0.0796  p=[0.332 0.985 0.208 0.058 0.688 0.455 0.000 0.667 0.232 0.000]
   556          845        0.0796105         contract inside
  eval: e=0.0796  p=[0.332 0.985 0.209 0.058 0.688 0.455 0.000 0.667 0.232 0.000]
   557          846        0.0796105         reflect
  eval: e=0.0796  p=[0.332 0.985 0.209 0.058 0.688 0.455 0.000 0.667 0.232 0.000]
   558          847        0.0796105         reflect
  eval: e=0.0796  p=[0.332 0.985 0.208 0.057 0.688 0.455 0.000 0.667 0.232 0.000]
   559          848        0.0796105         reflect
  eval: e=0.0796  p=[0.333 0.986 0.208 0.057 0.688 0.455 0.000 0.667 0.232 0.000]
   560          849        0.0796105         reflect
  eval: e=0.0796  p=[0.332 0.985 0.209 0.058 0.688 0.455 0.000 0.667 0.232 0.000]
  eval: e=0.0796  p=[0.332 0.985 0.208 0.057 0.688 0.455 0.000 0.667 0.232 0.000]
   561          851        0.0796105         contract inside
  eval: e=0.0796  p=[0.333 0.986 0.208 0.057 0.688 0.455 0.000 0.667 0.232 0.000]
   562          852        0.0796105         reflect
  eval: e=0.0796  p=[0.332 0.984 0.209 0.058 0.688 0.455 0.000 0.666 0.233 0.000]
   563          853        0.0796105         reflect
  eval: e=0.0796  p=[0.332 0.985 0.208 0.057 0.688 0.455 0.000 0.667 0.232 0.000]
  eval: e=0.0796  p=[0.333 0.986 0.208 0.057 0.688 0.455 0.000 0.668 0.232 0.000]
   564          855        0.0796099         expand
  eval: e=0.0797  p=[0.332 0.985 0.208 0.057 0.688 0.455 0.000 0.667 0.232 0.000]
  eval: e=0.0796  p=[0.332 0.985 0.208 0.057 0.688 0.455 0.000 0.667 0.232 0.000]
   565          857        0.0796099         contract inside
  eval: e=0.0796  p=[0.332 0.985 0.208 0.057 0.688 0.455 0.000 0.667 0.232 0.000]
  eval: e=0.0796  p=[0.332 0.985 0.208 0.057 0.688 0.455 0.000 0.667 0.232 0.000]
   566          859        0.0796099         contract inside
  eval: e=0.0796  p=[0.332 0.985 0.209 0.058 0.688 0.455 0.000 0.667 0.232 0.000]
  eval: e=0.0796  p=[0.332 0.985 0.208 0.058 0.688 0.455 0.000 0.667 0.232 0.000]
   567          861        0.0796099         contract outside
  eval: e=0.0796  p=[0.332 0.985 0.209 0.058 0.688 0.455 0.000 0.667 0.232 0.000]
  eval: e=0.0796  p=[0.332 0.985 0.208 0.057 0.688 0.455 0.000 0.667 0.232 0.000]
   568          863        0.0796099         contract inside
  eval: e=0.0796  p=[0.332 0.985 0.208 0.057 0.688 0.455 0.000 0.667 0.232 0.000]
  eval: e=0.0796  p=[0.332 0.985 0.208 0.057 0.688 0.455 0.000 0.667 0.232 0.000]
   569          865        0.0796099         contract inside
  eval: e=0.0796  p=[0.333 0.986 0.207 0.056 0.688 0.456 0.000 0.668 0.231 0.000]
  eval: e=0.0796  p=[0.332 0.985 0.209 0.058 0.688 0.455 0.000 0.667 0.232 0.000]
   570          867        0.0796099         contract inside
  eval: e=0.0796  p=[0.332 0.986 0.208 0.057 0.688 0.455 0.000 0.667 0.232 0.000]
   571          868        0.0796099         reflect
  eval: e=0.0796  p=[0.332 0.985 0.208 0.057 0.688 0.455 0.000 0.667 0.232 0.000]
   572          869        0.0796099         reflect
  eval: e=0.0796  p=[0.332 0.985 0.208 0.057 0.688 0.455 0.000 0.667 0.232 0.000]
   573          870        0.0796099         reflect
  eval: e=0.0796  p=[0.332 0.985 0.208 0.057 0.688 0.455 0.000 0.667 0.232 0.000]
  eval: e=0.0796  p=[0.332 0.985 0.208 0.057 0.688 0.455 0.000 0.667 0.232 0.000]
   574          872        0.0796099         contract inside
  eval: e=0.0796  p=[0.333 0.986 0.208 0.057 0.688 0.455 0.000 0.667 0.232 0.000]
  eval: e=0.0796  p=[0.332 0.985 0.208 0.057 0.688 0.455 0.000 0.667 0.232 0.000]
   575          874        0.0796099         contract inside
  eval: e=0.0796  p=[0.332 0.985 0.209 0.058 0.688 0.455 0.000 0.667 0.232 0.000]
   576          875        0.0796099         reflect
  eval: e=0.0796  p=[0.332 0.985 0.208 0.057 0.688 0.455 0.000 0.667 0.232 0.000]
   577          876        0.0796099         reflect
  eval: e=0.0796  p=[0.332 0.985 0.209 0.058 0.688 0.455 0.000 0.667 0.232 0.000]
   578          877        0.0796099         reflect
  eval: e=0.0796  p=[0.332 0.986 0.208 0.057 0.688 0.455 0.000 0.667 0.232 0.000]
   579          878        0.0796099         reflect
  eval: e=0.0796  p=[0.333 0.986 0.208 0.057 0.688 0.455 0.000 0.668 0.232 0.000]
  eval: e=0.0796  p=[0.333 0.986 0.207 0.056 0.688 0.456 0.000 0.668 0.231 0.000]
   580          880        0.0796098         reflect
  eval: e=0.0796  p=[0.332 0.985 0.208 0.057 0.688 0.455 0.000 0.667 0.232 0.000]
   581          881        0.0796098         reflect
  eval: e=0.0796  p=[0.333 0.986 0.208 0.057 0.688 0.455 0.000 0.668 0.231 0.000]
  eval: e=0.0796  p=[0.332 0.985 0.208 0.057 0.688 0.455 0.000 0.667 0.232 0.000]
   582          883        0.0796098         contract inside
  eval: e=0.0796  p=[0.332 0.985 0.208 0.057 0.688 0.455 0.000 0.667 0.232 0.000]
  eval: e=0.0796  p=[0.332 0.985 0.208 0.057 0.688 0.455 0.000 0.667 0.232 0.000]
   583          885        0.0796098         contract inside
  eval: e=0.0796  p=[0.332 0.985 0.208 0.057 0.688 0.455 0.000 0.667 0.232 0.000]
   584          886        0.0796098         reflect
  eval: e=0.0796  p=[0.332 0.986 0.208 0.057 0.688 0.455 0.000 0.667 0.232 0.000]
  eval: e=0.0796  p=[0.333 0.986 0.208 0.057 0.688 0.455 0.000 0.668 0.231 0.000]
   585          888        0.0796097         reflect
  eval: e=0.0796  p=[0.332 0.986 0.208 0.057 0.688 0.455 0.000 0.667 0.232 0.000]
   586          889        0.0796097         reflect
  eval: e=0.0796  p=[0.333 0.986 0.207 0.056 0.688 0.456 0.000 0.668 0.231 0.000]
  eval: e=0.0796  p=[0.332 0.985 0.208 0.057 0.688 0.455 0.000 0.667 0.232 0.000]
   587          891        0.0796097         contract inside
  eval: e=0.0796  p=[0.333 0.986 0.208 0.057 0.688 0.455 0.000 0.668 0.231 0.000]
   588          892        0.0796097         reflect
  eval: e=0.0796  p=[0.333 0.986 0.208 0.057 0.688 0.455 0.000 0.668 0.232 0.000]
  eval: e=0.0796  p=[0.333 0.986 0.207 0.056 0.688 0.456 0.000 0.668 0.231 0.000]
   589          894        0.0796095         reflect
  eval: e=0.0796  p=[0.333 0.986 0.207 0.056 0.688 0.456 0.000 0.668 0.231 0.000]
   590          895        0.0796095         reflect
  eval: e=0.0796  p=[0.332 0.985 0.208 0.057 0.688 0.455 0.000 0.667 0.232 0.000]
   591          896        0.0796095         reflect
  eval: e=0.0796  p=[0.332 0.986 0.208 0.057 0.688 0.455 0.000 0.667 0.232 0.000]
   592          897        0.0796095         reflect
  eval: e=0.0796  p=[0.333 0.986 0.208 0.057 0.688 0.455 0.000 0.668 0.232 0.000]
  eval: e=0.0796  p=[0.333 0.986 0.207 0.056 0.688 0.455 0.000 0.668 0.231 0.000]
   593          899        0.0796088         expand
  eval: e=0.0796  p=[0.333 0.986 0.208 0.057 0.688 0.455 0.000 0.668 0.232 0.000]
  eval: e=0.0796  p=[0.332 0.986 0.208 0.057 0.688 0.455 0.000 0.667 0.232 0.000]
   594          901        0.0796088         contract inside
  eval: e=0.0796  p=[0.333 0.986 0.208 0.057 0.688 0.455 0.000 0.668 0.232 0.000]
  eval: e=0.0796  p=[0.332 0.986 0.208 0.057 0.688 0.455 0.000 0.667 0.232 0.000]
  eval: e=0.0796  p=[0.333 0.986 0.208 0.057 0.688 0.455 0.000 0.668 0.231 0.000]
  eval: e=0.0796  p=[0.333 0.986 0.208 0.057 0.688 0.455 0.000 0.668 0.232 0.000]
  eval: e=0.0796  p=[0.333 0.986 0.207 0.056 0.688 0.456 0.000 0.668 0.231 0.000]
  eval: e=0.0796  p=[0.333 0.986 0.208 0.057 0.688 0.455 0.000 0.668 0.231 0.000]
  eval: e=0.0796  p=[0.332 0.986 0.208 0.057 0.688 0.455 0.000 0.667 0.232 0.000]
  eval: e=0.0796  p=[0.333 0.986 0.208 0.057 0.688 0.455 0.000 0.668 0.231 0.000]
  eval: e=0.0796  p=[0.332 0.986 0.208 0.057 0.688 0.455 0.000 0.667 0.232 0.000]
  eval: e=0.0796  p=[0.333 0.986 0.208 0.057 0.688 0.455 0.000 0.668 0.232 0.000]
  eval: e=0.0796  p=[0.333 0.986 0.208 0.057 0.688 0.455 0.000 0.668 0.232 0.000]
  eval: e=0.0796  p=[0.333 0.986 0.208 0.057 0.688 0.455 0.000 0.668 0.232 0.000]
   595          913        0.0796088         shrink
  eval: e=0.0796  p=[0.333 0.986 0.208 0.057 0.688 0.455 0.000 0.668 0.231 0.000]
  eval: e=0.0796  p=[0.333 0.986 0.208 0.057 0.688 0.455 0.000 0.668 0.231 0.000]
   596          915        0.0796088         reflect
  eval: e=0.0796  p=[0.333 0.986 0.208 0.057 0.688 0.455 0.000 0.668 0.231 0.000]
  eval: e=0.0796  p=[0.333 0.986 0.208 0.057 0.688 0.455 0.000 0.668 0.231 0.000]
   597          917        0.0796088         contract outside
  eval: e=0.0796  p=[0.333 0.986 0.208 0.057 0.688 0.455 0.000 0.668 0.232 0.000]
   598          918        0.0796088         reflect
  eval: e=0.0796  p=[0.333 0.986 0.208 0.057 0.688 0.455 0.000 0.668 0.232 0.000]
   599          919        0.0796088         reflect
  eval: e=0.0796  p=[0.333 0.986 0.207 0.056 0.688 0.455 0.000 0.668 0.231 0.000]
   600          920        0.0796088         reflect
  eval: e=0.0796  p=[0.333 0.986 0.208 0.057 0.688 0.455 0.000 0.668 0.231 0.000]
   601          921        0.0796088         reflect
  eval: e=0.0796  p=[0.333 0.986 0.208 0.057 0.688 0.455 0.000 0.668 0.231 0.000]
   602          922        0.0796088         reflect
  eval: e=0.0796  p=[0.333 0.986 0.207 0.056 0.688 0.456 0.000 0.668 0.231 0.000]
   603          923        0.0796088         reflect
  eval: e=0.0796  p=[0.333 0.986 0.208 0.057 0.688 0.455 0.000 0.668 0.232 0.000]
   604          924        0.0796088         reflect
  eval: e=0.0796  p=[0.333 0.986 0.207 0.056 0.688 0.456 0.000 0.668 0.231 0.000]
  eval: e=0.0796  p=[0.333 0.986 0.208 0.057 0.688 0.455 0.000 0.668 0.232 0.000]
  eval: e=0.0796  p=[0.333 0.986 0.207 0.057 0.688 0.455 0.000 0.668 0.231 0.000]
  eval: e=0.0796  p=[0.333 0.986 0.208 0.057 0.688 0.455 0.000 0.668 0.231 0.000]
  eval: e=0.0796  p=[0.333 0.986 0.207 0.056 0.688 0.455 0.000 0.668 0.231 0.000]
  eval: e=0.0796  p=[0.333 0.986 0.208 0.057 0.688 0.455 0.000 0.668 0.232 0.000]
  eval: e=0.0796  p=[0.333 0.986 0.208 0.057 0.688 0.455 0.000 0.668 0.231 0.000]
  eval: e=0.0796  p=[0.333 0.986 0.208 0.057 0.688 0.455 0.000 0.668 0.231 0.000]
  eval: e=0.0796  p=[0.333 0.986 0.208 0.057 0.688 0.455 0.000 0.668 0.231 0.000]
  eval: e=0.0796  p=[0.333 0.986 0.208 0.057 0.688 0.455 0.000 0.668 0.231 0.000]
  eval: e=0.0796  p=[0.333 0.986 0.207 0.056 0.688 0.455 0.000 0.668 0.231 0.000]
  eval: e=0.0796  p=[0.333 0.986 0.208 0.057 0.688 0.455 0.000 0.668 0.232 0.000]
   605          936        0.0796088         shrink
  eval: e=0.0796  p=[0.333 0.986 0.207 0.056 0.688 0.456 0.000 0.668 0.231 0.000]
  eval: e=0.0796  p=[0.333 0.986 0.208 0.057 0.688 0.455 0.000 0.668 0.231 0.000]
   606          938        0.0796088         contract inside
  eval: e=0.0796  p=[0.333 0.986 0.207 0.056 0.688 0.455 0.000 0.668 0.231 0.000]
   607          939        0.0796088         reflect
  eval: e=0.0796  p=[0.333 0.986 0.208 0.057 0.688 0.455 0.000 0.668 0.231 0.000]
   608          940        0.0796088         reflect
  eval: e=0.0796  p=[0.333 0.986 0.208 0.057 0.688 0.455 0.000 0.668 0.232 0.000]
   609          941        0.0796088         reflect
  eval: e=0.0796  p=[0.333 0.986 0.208 0.057 0.688 0.455 0.000 0.668 0.232 0.000]
  eval: e=0.0796  p=[0.333 0.986 0.208 0.057 0.688 0.455 0.000 0.668 0.231 0.000]
   610          943        0.0796088         contract inside
  eval: e=0.0796  p=[0.333 0.986 0.208 0.057 0.688 0.455 0.000 0.668 0.231 0.000]
  eval: e=0.0796  p=[0.333 0.986 0.208 0.057 0.688 0.455 0.000 0.668 0.231 0.000]
  eval: e=0.0796  p=[0.333 0.986 0.208 0.057 0.688 0.455 0.000 0.668 0.231 0.000]
  eval: e=0.0796  p=[0.333 0.986 0.208 0.057 0.688 0.455 0.000 0.668 0.231 0.000]
  eval: e=0.0796  p=[0.333 0.986 0.208 0.057 0.688 0.455 0.000 0.668 0.231 0.000]
  eval: e=0.0796  p=[0.333 0.986 0.207 0.056 0.688 0.455 0.000 0.668 0.231 0.000]
  eval: e=0.0796  p=[0.333 0.986 0.208 0.057 0.688 0.455 0.000 0.668 0.231 0.000]
  eval: e=0.0796  p=[0.333 0.986 0.208 0.057 0.688 0.455 0.000 0.668 0.231 0.000]
  eval: e=0.0796  p=[0.333 0.986 0.208 0.057 0.688 0.455 0.000 0.668 0.231 0.000]
  eval: e=0.0796  p=[0.333 0.986 0.208 0.057 0.688 0.455 0.000 0.668 0.231 0.000]
  eval: e=0.0796  p=[0.333 0.986 0.208 0.057 0.688 0.455 0.000 0.668 0.231 0.000]
  eval: e=0.0796  p=[0.333 0.986 0.208 0.057 0.688 0.455 0.000 0.668 0.231 0.000]
   611          955        0.0796088         shrink
 
Optimization terminated:
 the current x satisfies the termination criteria using OPTIONS.TolX of 1.000000e-04 
 and F(X) satisfies the convergence criteria using OPTIONS.TolFun of 1.000000e-06 

=== Fit complete: error=0.079609  AIC=-2457.5 ===
restart 2: e=0.07961 AIC=-2457.5  k_1=3.14  k_7_1=0.100  k_5_0=718.7  k_3=187.52  k_off=11.52

===== RESTART 3/6 =====
  eval: e=0.3912  p=[0.578 0.248 0.355 0.406 0.469 0.700 0.290 0.510 0.565 0.183]
 
 Iteration   Func-count         f(x)         Procedure
     0            1         0.391169         
  eval: e=0.3912  p=[0.607 0.248 0.355 0.406 0.469 0.700 0.290 0.510 0.565 0.183]
  eval: e=0.3908  p=[0.578 0.260 0.355 0.406 0.469 0.700 0.290 0.510 0.565 0.183]
  eval: e=0.3904  p=[0.578 0.248 0.372 0.406 0.469 0.700 0.290 0.510 0.565 0.183]
  eval: e=0.3918  p=[0.578 0.248 0.355 0.427 0.469 0.700 0.290 0.510 0.565 0.183]
  eval: e=0.3910  p=[0.578 0.248 0.355 0.406 0.493 0.700 0.290 0.510 0.565 0.183]
  eval: e=0.3915  p=[0.578 0.248 0.355 0.406 0.469 0.735 0.290 0.510 0.565 0.183]
  eval: e=0.3912  p=[0.578 0.248 0.355 0.406 0.469 0.700 0.304 0.510 0.565 0.183]
  eval: e=0.3918  p=[0.578 0.248 0.355 0.406 0.469 0.700 0.290 0.535 0.565 0.183]
  eval: e=0.3911  p=[0.578 0.248 0.355 0.406 0.469 0.700 0.290 0.510 0.593 0.183]
  eval: e=0.3911  p=[0.578 0.248 0.355 0.406 0.469 0.700 0.290 0.510 0.565 0.192]
     1           11         0.390369         initial simplex
  eval: e=0.3903  p=[0.584 0.250 0.358 0.386 0.474 0.707 0.293 0.515 0.570 0.184]
  eval: e=0.3893  p=[0.587 0.251 0.360 0.366 0.476 0.710 0.294 0.518 0.573 0.185]
     2           13         0.389267         expand
  eval: e=0.3899  p=[0.586 0.251 0.359 0.398 0.475 0.709 0.294 0.486 0.572 0.185]
     3           14         0.389267         reflect
  eval: e=0.3899  p=[0.587 0.252 0.360 0.397 0.477 0.669 0.294 0.507 0.573 0.185]
     4           15         0.389267         reflect
  eval: e=0.3900  p=[0.589 0.252 0.361 0.395 0.478 0.697 0.278 0.506 0.575 0.186]
     5           16         0.389267         reflect
  eval: e=0.3898  p=[0.591 0.253 0.362 0.392 0.480 0.697 0.290 0.505 0.577 0.187]
     6           17         0.389267         reflect
  eval: e=0.3895  p=[0.559 0.254 0.364 0.390 0.482 0.696 0.290 0.504 0.580 0.187]
     7           18         0.389267         reflect
  eval: e=0.3891  p=[0.584 0.256 0.366 0.386 0.484 0.696 0.290 0.503 0.583 0.177]
  eval: e=0.3878  p=[0.587 0.260 0.372 0.376 0.492 0.694 0.290 0.500 0.592 0.170]
     8           20         0.387821         expand
  eval: e=0.3884  p=[0.586 0.258 0.369 0.380 0.489 0.694 0.290 0.501 0.555 0.184]
     9           21         0.387821         reflect
  eval: e=0.3879  p=[0.588 0.260 0.372 0.375 0.465 0.693 0.290 0.499 0.581 0.184]
    10           22         0.387821         reflect
  eval: e=0.3874  p=[0.589 0.248 0.376 0.369 0.487 0.692 0.290 0.497 0.584 0.185]
  eval: e=0.3851  p=[0.595 0.242 0.387 0.350 0.496 0.688 0.290 0.491 0.594 0.186]
    11           24         0.385082         expand
  eval: e=0.3871  p=[0.593 0.259 0.361 0.357 0.493 0.690 0.290 0.493 0.590 0.186]
    12           25         0.385082         reflect
  eval: e=0.3868  p=[0.583 0.256 0.372 0.361 0.487 0.691 0.305 0.495 0.582 0.182]
    13           26         0.385082         reflect
  eval: e=0.3861  p=[0.585 0.258 0.377 0.350 0.492 0.676 0.291 0.517 0.587 0.183]
    14           27         0.385082         reflect
  eval: e=0.3851  p=[0.584 0.259 0.379 0.343 0.494 0.717 0.290 0.498 0.589 0.182]
    15           28         0.385082         reflect
  eval: e=0.3843  p=[0.578 0.258 0.380 0.337 0.493 0.693 0.294 0.498 0.587 0.179]
  eval: e=0.3803  p=[0.572 0.261 0.389 0.310 0.500 0.691 0.296 0.494 0.592 0.176]
    16           30         0.380272         expand
  eval: e=0.3827  p=[0.613 0.258 0.384 0.324 0.495 0.693 0.295 0.497 0.587 0.176]
    17           31         0.380272         reflect
  eval: e=0.3816  p=[0.590 0.263 0.393 0.339 0.504 0.676 0.292 0.480 0.596 0.177]
    18           32         0.380272         reflect
  eval: e=0.3812  p=[0.592 0.257 0.388 0.317 0.495 0.687 0.296 0.492 0.623 0.176]
    19           33         0.380272         reflect
  eval: e=0.3804  p=[0.591 0.254 0.388 0.311 0.525 0.687 0.297 0.492 0.606 0.174]
    20           34         0.380272         reflect
  eval: e=0.3785  p=[0.592 0.253 0.392 0.296 0.504 0.686 0.298 0.490 0.597 0.189]
  eval: e=0.3721  p=[0.594 0.250 0.402 0.257 0.510 0.682 0.303 0.485 0.599 0.198]
    21           36         0.372097         expand
  eval: e=0.3765  p=[0.587 0.252 0.411 0.295 0.507 0.688 0.301 0.495 0.601 0.176]
    22           37         0.372097         reflect
  eval: e=0.3743  p=[0.598 0.255 0.407 0.278 0.517 0.686 0.285 0.493 0.613 0.179]
    23           38         0.372097         reflect
  eval: e=0.3726  p=[0.597 0.252 0.408 0.274 0.517 0.703 0.298 0.466 0.613 0.177]
    24           39         0.372097         reflect
  eval: e=0.3713  p=[0.602 0.250 0.412 0.268 0.519 0.659 0.301 0.479 0.616 0.177]
  eval: e=0.3620  p=[0.611 0.246 0.428 0.230 0.532 0.630 0.306 0.469 0.630 0.175]
    25           41         0.361979         expand
  eval: e=0.3655  p=[0.594 0.268 0.413 0.237 0.524 0.676 0.304 0.482 0.618 0.171]
    26           42         0.361979         reflect
  eval: e=0.3658  p=[0.572 0.253 0.422 0.246 0.531 0.669 0.300 0.473 0.631 0.180]
    27           43         0.361979         reflect
  eval: e=0.3634  p=[0.592 0.247 0.418 0.211 0.527 0.684 0.306 0.489 0.629 0.180]
    28           44         0.361979         reflect
  eval: e=0.3597  p=[0.590 0.251 0.429 0.213 0.543 0.672 0.303 0.476 0.603 0.181]
  eval: e=0.3430  p=[0.589 0.248 0.450 0.161 0.567 0.664 0.307 0.468 0.593 0.183]
    29           46          0.34301         expand
  eval: e=0.3520  p=[0.590 0.252 0.442 0.189 0.521 0.668 0.304 0.471 0.618 0.185]
    30           47          0.34301         reflect
  eval: e=0.3441  p=[0.613 0.244 0.451 0.166 0.550 0.659 0.306 0.464 0.637 0.185]
    31           48          0.34301         reflect
  eval: e=0.3425  p=[0.604 0.251 0.438 0.155 0.552 0.656 0.303 0.457 0.635 0.186]
  eval: e=0.3091  p=[0.612 0.250 0.451 0.084 0.575 0.641 0.304 0.439 0.652 0.191]
    32           50         0.309051         expand
  eval: e=0.3321  p=[0.595 0.247 0.450 0.133 0.554 0.649 0.322 0.448 0.631 0.187]
    33           51         0.309051         reflect
  eval: e=0.3226  p=[0.595 0.249 0.457 0.109 0.562 0.621 0.314 0.471 0.635 0.190]
    34           52         0.309051         reflect
  eval: e=0.3057  p=[0.598 0.250 0.474 0.097 0.579 0.630 0.312 0.449 0.656 0.167]
  eval: e=0.2153  p=[0.600 0.250 0.511 0.017 0.613 0.604 0.317 0.431 0.684 0.151]
    35           54         0.215277         expand
  eval: e=0.2908  p=[0.626 0.247 0.473 0.062 0.574 0.630 0.318 0.453 0.634 0.180]
    36           55         0.215277         reflect
  eval: e=0.2632  p=[0.611 0.228 0.493 0.035 0.592 0.614 0.317 0.439 0.651 0.191]
    37           56         0.215277         reflect
  eval: e=0.2276  p=[0.617 0.245 0.503 0.026 0.601 0.591 0.318 0.422 0.644 0.184]
    38           57         0.215277         reflect
  eval: e=11.8917  p=[0.599 0.246 0.508 0.000 0.610 0.638 0.319 0.432 0.646 0.190]
  eval: e=0.3428  p=[0.608 0.246 0.448 0.164 0.552 0.632 0.310 0.460 0.634 0.179]
    39           59         0.215277         contract inside
  eval: e=0.2225  p=[0.623 0.239 0.496 0.002 0.627 0.593 0.323 0.428 0.661 0.179]
    40           60         0.215277         reflect
  eval: e=0.7353  p=[0.602 0.246 0.495 0.000 0.613 0.589 0.324 0.428 0.647 0.178]
  eval: e=0.3254  p=[0.611 0.244 0.462 0.123 0.566 0.641 0.311 0.455 0.640 0.183]
    41           62         0.215277         contract inside
  eval: e=1.1055  p=[0.631 0.241 0.498 0.000 0.596 0.579 0.324 0.421 0.700 0.180]
  eval: e=0.3236  p=[0.600 0.246 0.462 0.118 0.575 0.643 0.311 0.456 0.620 0.183]
    42           64         0.215277         contract inside
  eval: e=5.2648  p=[0.610 0.243 0.503 0.000 0.616 0.614 0.321 0.428 0.657 0.185]
  eval: e=0.3224  p=[0.609 0.245 0.462 0.118 0.568 0.627 0.313 0.452 0.640 0.180]
    43           66         0.215277         contract inside
  eval: e=0.2255  p=[0.625 0.242 0.504 0.005 0.616 0.593 0.307 0.441 0.661 0.176]
    44           67         0.215277         reflect
  eval: e=0.7575  p=[0.613 0.244 0.500 0.000 0.615 0.590 0.318 0.432 0.657 0.178]
  eval: e=0.3058  p=[0.611 0.244 0.472 0.090 0.578 0.629 0.312 0.449 0.644 0.182]
    45           69         0.215277         contract inside
  eval: e=0.9161  p=[0.627 0.242 0.502 0.000 0.607 0.586 0.317 0.429 0.681 0.179]
  eval: e=0.3035  p=[0.606 0.245 0.472 0.086 0.583 0.629 0.313 0.449 0.635 0.182]
    46           71         0.215277         contract inside
  eval: e=0.3294  p=[0.633 0.238 0.510 0.000 0.624 0.610 0.314 0.410 0.666 0.170]
  eval: e=0.3019  p=[0.605 0.246 0.470 0.081 0.577 0.618 0.314 0.455 0.643 0.185]
    47           73         0.215277         contract inside
  eval: e=4.1299  p=[0.619 0.242 0.507 0.000 0.620 0.601 0.316 0.429 0.662 0.180]
  eval: e=0.3005  p=[0.611 0.244 0.473 0.083 0.581 0.621 0.313 0.446 0.645 0.180]
    48           75         0.215277         contract inside
  eval: e=0.2302  p=[0.616 0.236 0.522 0.013 0.613 0.584 0.326 0.444 0.648 0.167]
    49           76         0.215277         reflect
  eval: e=0.8299  p=[0.617 0.240 0.512 0.000 0.617 0.587 0.321 0.433 0.657 0.173]
  eval: e=0.2853  p=[0.613 0.243 0.482 0.066 0.588 0.618 0.314 0.445 0.647 0.180]
    50           78         0.215277         contract inside
  eval: e=0.9073  p=[0.623 0.239 0.513 0.000 0.614 0.585 0.321 0.432 0.669 0.173]
  eval: e=0.2828  p=[0.611 0.244 0.482 0.063 0.590 0.618 0.315 0.445 0.644 0.179]
    51           80         0.215277         contract inside
  eval: e=0.5880  p=[0.626 0.238 0.517 0.000 0.622 0.595 0.319 0.424 0.661 0.169]
  eval: e=0.2808  p=[0.610 0.244 0.482 0.059 0.589 0.612 0.316 0.447 0.647 0.181]
    52           82         0.215277         contract inside
  eval: e=2.0601  p=[0.619 0.239 0.516 0.000 0.620 0.591 0.321 0.433 0.659 0.173]
  eval: e=0.2787  p=[0.613 0.243 0.484 0.059 0.591 0.613 0.315 0.443 0.649 0.179]
    53           84         0.215277         contract inside
  eval: e=0.2143  p=[0.602 0.236 0.519 0.007 0.630 0.578 0.316 0.424 0.673 0.173]
  eval: e=4.3199  p=[0.590 0.230 0.542 0.000 0.657 0.551 0.314 0.409 0.692 0.170]
    54           86          0.21426         reflect
  eval: e=0.8907  p=[0.613 0.238 0.518 0.000 0.624 0.582 0.319 0.428 0.665 0.172]
  eval: e=0.2651  p=[0.613 0.242 0.491 0.047 0.597 0.609 0.316 0.441 0.652 0.178]
    55           88          0.21426         contract inside
  eval: e=0.9300  p=[0.616 0.238 0.518 0.000 0.623 0.581 0.319 0.427 0.670 0.172]
  eval: e=0.2627  p=[0.612 0.242 0.491 0.045 0.599 0.608 0.316 0.440 0.650 0.178]
    56           90          0.21426         contract inside
  eval: e=0.7727  p=[0.617 0.237 0.521 0.000 0.627 0.585 0.318 0.423 0.667 0.170]
  eval: e=0.2607  p=[0.612 0.242 0.492 0.042 0.598 0.605 0.316 0.441 0.652 0.178]
    57           92          0.21426         contract inside
  eval: e=1.4038  p=[0.613 0.237 0.520 0.000 0.627 0.583 0.319 0.427 0.666 0.173]
  eval: e=0.2585  p=[0.613 0.242 0.493 0.042 0.600 0.606 0.316 0.439 0.653 0.177]
    58           94          0.21426         contract inside
  eval: e=0.2154  p=[0.614 0.238 0.514 0.000 0.621 0.586 0.319 0.429 0.664 0.173]
    59           95          0.21426         reflect
  eval: e=0.2014  p=[0.616 0.254 0.515 0.005 0.632 0.576 0.317 0.429 0.668 0.157]
  eval: e=1.2574  p=[0.618 0.268 0.527 0.000 0.652 0.557 0.317 0.425 0.676 0.139]
    60           97         0.201427         reflect
  eval: e=1.9003  p=[0.616 0.243 0.522 0.000 0.632 0.575 0.319 0.425 0.671 0.166]
  eval: e=0.2434  p=[0.613 0.242 0.499 0.030 0.607 0.600 0.317 0.437 0.655 0.175]
    61           99         0.201427         contract inside
  eval: e=1.8449  p=[0.616 0.243 0.523 0.000 0.634 0.577 0.319 0.424 0.670 0.164]
  eval: e=0.2417  p=[0.613 0.242 0.500 0.029 0.607 0.598 0.317 0.437 0.657 0.175]
    62          101         0.201427         contract inside
  eval: e=2.3399  p=[0.615 0.243 0.523 0.000 0.634 0.575 0.319 0.425 0.670 0.165]
  eval: e=0.2396  p=[0.614 0.242 0.501 0.028 0.608 0.598 0.317 0.436 0.657 0.174]
    63          103         0.201427         contract inside
  eval: e=0.3763  p=[0.615 0.243 0.518 0.000 0.627 0.580 0.318 0.428 0.668 0.167]
  eval: e=0.2322  p=[0.613 0.242 0.504 0.022 0.612 0.595 0.317 0.434 0.659 0.173]
    64          105         0.201427         contract inside
  eval: e=0.3344  p=[0.615 0.243 0.518 0.000 0.628 0.581 0.318 0.427 0.667 0.167]
  eval: e=0.2309  p=[0.613 0.242 0.504 0.021 0.612 0.594 0.317 0.434 0.659 0.173]
    65          107         0.201427         contract inside
  eval: e=0.3608  p=[0.614 0.243 0.518 0.000 0.627 0.581 0.318 0.428 0.667 0.167]
  eval: e=0.2295  p=[0.614 0.242 0.505 0.020 0.613 0.594 0.317 0.434 0.660 0.172]
    66          109         0.201427         contract inside
  eval: e=0.2112  p=[0.615 0.243 0.515 0.001 0.624 0.583 0.318 0.429 0.666 0.168]
    67          110         0.201427         reflect
  eval: e=0.2234  p=[0.615 0.243 0.516 0.000 0.626 0.582 0.318 0.428 0.666 0.168]
    68          111         0.201427         reflect
  eval: e=0.2027  p=[0.613 0.250 0.498 0.003 0.627 0.593 0.307 0.415 0.681 0.174]
    69          112         0.201427         reflect
  eval: e=0.6324  p=[0.614 0.246 0.513 0.000 0.630 0.582 0.315 0.422 0.674 0.168]
  eval: e=0.2212  p=[0.614 0.243 0.507 0.013 0.617 0.591 0.317 0.431 0.663 0.171]
    70          114         0.201427         contract inside
  eval: e=2.5619  p=[0.610 0.243 0.516 0.000 0.645 0.585 0.314 0.435 0.693 0.154]
  eval: e=0.2196  p=[0.615 0.245 0.506 0.016 0.612 0.590 0.317 0.425 0.656 0.177]
    71          116         0.201427         contract inside
  eval: e=0.2000  p=[0.600 0.246 0.515 0.007 0.629 0.583 0.326 0.413 0.676 0.162]
  eval: e=0.1888  p=[0.587 0.249 0.521 0.008 0.636 0.578 0.336 0.398 0.683 0.155]
    72          118         0.188754         expand
  eval: e=0.2146  p=[0.605 0.247 0.504 0.016 0.622 0.592 0.319 0.420 0.673 0.168]
    73          119         0.188754         reflect
  eval: e=0.1989  p=[0.593 0.253 0.526 0.015 0.620 0.581 0.314 0.418 0.681 0.154]
    74          120         0.188754         reflect
  eval: e=0.1953  p=[0.598 0.250 0.519 0.004 0.630 0.581 0.319 0.413 0.683 0.159]
    75          121         0.188754         reflect
  eval: e=0.1960  p=[0.593 0.249 0.522 0.000 0.639 0.581 0.320 0.416 0.694 0.150]
    76          122         0.188754         reflect
  eval: e=0.1904  p=[0.591 0.258 0.516 0.015 0.634 0.583 0.318 0.410 0.693 0.149]
    77          123         0.188754         reflect
  eval: e=0.2328  p=[0.602 0.247 0.520 0.000 0.645 0.561 0.320 0.403 0.675 0.170]
  eval: e=0.2073  p=[0.601 0.250 0.513 0.012 0.621 0.593 0.318 0.424 0.682 0.156]
    78          125         0.188754         contract inside
  eval: e=0.2169  p=[0.597 0.252 0.529 0.000 0.636 0.573 0.318 0.415 0.687 0.151]
  eval: e=0.2063  p=[0.603 0.248 0.510 0.011 0.626 0.587 0.319 0.419 0.677 0.164]
    79          127         0.188754         contract inside
  eval: e=0.1838  p=[0.600 0.265 0.512 0.008 0.628 0.590 0.322 0.411 0.689 0.144]
  eval: e=0.1693  p=[0.599 0.279 0.509 0.008 0.627 0.596 0.325 0.404 0.696 0.129]
    80          129         0.169297         expand
  eval: e=0.1787  p=[0.584 0.265 0.515 0.015 0.634 0.586 0.320 0.400 0.702 0.141]
    81          130         0.169297         reflect
  eval: e=0.1781  p=[0.594 0.261 0.517 0.005 0.640 0.575 0.322 0.400 0.690 0.150]
    82          131         0.169297         reflect
  eval: e=0.1750  p=[0.590 0.266 0.522 0.004 0.638 0.578 0.321 0.402 0.697 0.140]
    83          132         0.169297         reflect
  eval: e=0.1774  p=[0.576 0.267 0.539 0.013 0.639 0.570 0.335 0.404 0.697 0.123]
    84          133         0.169297         reflect
  eval: e=0.1693  p=[0.565 0.265 0.526 0.012 0.635 0.586 0.329 0.384 0.716 0.133]
  eval: e=0.1589  p=[0.540 0.270 0.531 0.016 0.637 0.591 0.335 0.361 0.740 0.122]
    85          135         0.158876         expand
  eval: e=0.1616  p=[0.578 0.270 0.516 0.003 0.651 0.583 0.336 0.383 0.714 0.129]
    86          136         0.158876         reflect
  eval: e=0.1600  p=[0.574 0.277 0.519 0.019 0.635 0.584 0.334 0.379 0.705 0.129]
    87          137         0.158876         reflect
  eval: e=0.1531  p=[0.565 0.283 0.522 0.017 0.644 0.584 0.337 0.375 0.721 0.115]
  eval: e=0.1393  p=[0.548 0.299 0.524 0.023 0.651 0.585 0.346 0.356 0.740 0.093]
    88          139         0.139327         expand
  eval: e=0.1534  p=[0.563 0.283 0.526 0.007 0.644 0.582 0.344 0.368 0.720 0.113]
    89          140         0.139327         reflect
  eval: e=0.1443  p=[0.562 0.299 0.522 0.015 0.643 0.588 0.327 0.374 0.737 0.099]
    90          141         0.139327         reflect
  eval: e=0.1513  p=[0.561 0.289 0.530 0.008 0.646 0.580 0.344 0.366 0.725 0.105]
    91          142         0.139327         reflect
  eval: e=0.1454  p=[0.544 0.299 0.530 0.018 0.642 0.593 0.348 0.359 0.744 0.086]
    92          143         0.139327         reflect
  eval: e=0.1348  p=[0.556 0.300 0.507 0.012 0.644 0.602 0.337 0.347 0.747 0.106]
  eval: e=0.1211  p=[0.546 0.316 0.490 0.011 0.647 0.617 0.338 0.318 0.772 0.097]
    93          145         0.121112         expand
  eval: e=0.1342  p=[0.532 0.310 0.518 0.021 0.647 0.601 0.354 0.332 0.761 0.081]
    94          146         0.121112         reflect
  eval: e=0.1432  p=[0.511 0.304 0.532 0.020 0.662 0.585 0.356 0.315 0.775 0.082]
    95          147         0.121112         reflect
  eval: e=0.1404  p=[0.519 0.319 0.529 0.029 0.640 0.598 0.349 0.322 0.770 0.072]
    96          148         0.121112         reflect
  eval: e=0.1462  p=[0.511 0.320 0.528 0.015 0.657 0.601 0.355 0.315 0.793 0.061]
    97          149         0.121112         reflect
  eval: e=0.1369  p=[0.540 0.338 0.515 0.017 0.658 0.595 0.358 0.324 0.768 0.056]
    98          150         0.121112         reflect
  eval: e=0.1352  p=[0.511 0.335 0.517 0.028 0.655 0.607 0.351 0.308 0.798 0.053]
    99          151         0.121112         reflect
  eval: e=0.1305  p=[0.504 0.339 0.511 0.032 0.654 0.614 0.352 0.299 0.806 0.051]
   100          152         0.121112         reflect
  eval: e=0.1297  p=[0.552 0.311 0.510 0.028 0.643 0.596 0.341 0.346 0.742 0.093]
   101          153         0.121112         reflect
  eval: e=0.1253  p=[0.521 0.335 0.503 0.026 0.657 0.605 0.347 0.300 0.790 0.069]
   102          154         0.121112         reflect
  eval: e=0.1356  p=[0.495 0.343 0.508 0.033 0.660 0.612 0.371 0.271 0.807 0.051]
   103          155         0.121112         reflect
  eval: e=0.1147  p=[0.542 0.346 0.492 0.030 0.641 0.621 0.345 0.320 0.776 0.061]
  eval: e=0.1025  p=[0.558 0.367 0.472 0.034 0.630 0.639 0.339 0.323 0.776 0.051]
   104          157         0.102456         expand
  eval: e=0.1092  p=[0.543 0.340 0.485 0.022 0.660 0.616 0.351 0.313 0.782 0.067]
   105          158         0.102456         reflect
  eval: e=0.1274  p=[0.512 0.367 0.482 0.028 0.651 0.636 0.355 0.271 0.820 0.041]
   106          159         0.102456         reflect
  eval: e=0.1087  p=[0.515 0.335 0.485 0.035 0.642 0.633 0.342 0.292 0.803 0.075]
   107          160         0.102456         reflect
  eval: e=0.1187  p=[0.564 0.329 0.487 0.020 0.638 0.620 0.323 0.350 0.763 0.085]
   108          161         0.102456         reflect
  eval: e=0.1111  p=[0.558 0.334 0.472 0.024 0.639 0.629 0.337 0.320 0.765 0.090]
   109          162         0.102456         reflect
  eval: e=0.0956  p=[0.542 0.364 0.462 0.031 0.646 0.640 0.331 0.295 0.802 0.063]
  eval: e=0.0852  p=[0.547 0.391 0.434 0.035 0.646 0.659 0.319 0.276 0.823 0.054]
   110          164        0.0852479         expand
  eval: e=0.1115  p=[0.580 0.347 0.453 0.021 0.637 0.636 0.326 0.323 0.761 0.094]
   111          165        0.0852479         reflect
  eval: e=0.0889  p=[0.536 0.381 0.443 0.024 0.647 0.662 0.334 0.271 0.829 0.051]
   112          166        0.0852479         reflect
  eval: e=0.1343  p=[0.581 0.327 0.463 0.023 0.637 0.628 0.317 0.347 0.753 0.106]
  eval: e=0.1102  p=[0.529 0.357 0.477 0.026 0.648 0.634 0.345 0.290 0.803 0.057]
   113          168        0.0852479         contract inside
  eval: e=0.1168  p=[0.574 0.364 0.436 0.024 0.629 0.664 0.324 0.315 0.786 0.075]
   114          169        0.0852479         reflect
  eval: e=0.0943  p=[0.555 0.393 0.438 0.042 0.636 0.661 0.330 0.296 0.806 0.043]
   115          170        0.0852479         reflect
  eval: e=0.0831  p=[0.535 0.393 0.432 0.037 0.645 0.666 0.347 0.254 0.824 0.046]
  eval: e=0.0742  p=[0.520 0.425 0.404 0.045 0.649 0.689 0.359 0.206 0.855 0.027]
   116          172        0.0742145         expand
  eval: e=0.1107  p=[0.514 0.370 0.476 0.038 0.658 0.627 0.352 0.267 0.815 0.047]
   117          173        0.0742145         reflect
  eval: e=0.1088  p=[0.496 0.392 0.464 0.044 0.654 0.654 0.355 0.248 0.851 0.019]
   118          174        0.0742145         reflect
  eval: e=0.1006  p=[0.505 0.416 0.444 0.046 0.655 0.666 0.348 0.236 0.863 0.009]
   119          175        0.0742145         reflect
  eval: e=0.0903  p=[0.547 0.389 0.433 0.033 0.636 0.675 0.332 0.283 0.823 0.044]
   120          176        0.0742145         reflect
  eval: e=0.0866  p=[0.535 0.408 0.423 0.046 0.644 0.677 0.337 0.259 0.839 0.031]
   121          177        0.0742145         reflect
  eval: e=0.0791  p=[0.520 0.440 0.403 0.055 0.628 0.707 0.329 0.225 0.871 0.014]
   122          178        0.0742145         reflect
  eval: e=0.1217  p=[0.572 0.397 0.411 0.035 0.628 0.680 0.318 0.286 0.807 0.061]
  eval: e=0.0914  p=[0.515 0.393 0.451 0.042 0.648 0.660 0.346 0.257 0.840 0.029]
   123          180        0.0742145         contract inside
  eval: e=0.2624  p=[0.552 0.465 0.385 0.045 0.641 0.706 0.332 0.235 0.862 0.000]
  eval: e=0.0939  p=[0.524 0.368 0.460 0.038 0.642 0.651 0.340 0.278 0.818 0.055]
   124          182        0.0742145         contract inside
  eval: e=0.0753  p=[0.503 0.434 0.394 0.047 0.656 0.703 0.335 0.195 0.898 0.020]
   125          183        0.0742145         reflect
  eval: e=0.1285  p=[0.556 0.389 0.413 0.036 0.631 0.683 0.324 0.273 0.817 0.065]
  eval: e=0.0840  p=[0.517 0.409 0.436 0.043 0.649 0.670 0.342 0.245 0.852 0.023]
   126          185        0.0742145         contract inside
  eval: e=0.0790  p=[0.498 0.415 0.418 0.039 0.652 0.690 0.344 0.203 0.883 0.027]
   127          186        0.0742145         reflect
  eval: e=0.0686  p=[0.523 0.449 0.388 0.044 0.649 0.707 0.336 0.207 0.885 0.009]
  eval: e=2.0294  p=[0.522 0.490 0.353 0.047 0.652 0.735 0.334 0.171 0.918 0.000]
   128          188        0.0686066         reflect
  eval: e=0.0986  p=[0.534 0.435 0.384 0.040 0.643 0.708 0.327 0.217 0.872 0.031]
  eval: e=0.0819  p=[0.520 0.404 0.434 0.042 0.647 0.672 0.341 0.247 0.848 0.030]
   129          190        0.0686066         contract inside
  eval: e=0.0729  p=[0.497 0.442 0.403 0.051 0.657 0.692 0.343 0.184 0.893 0.013]
   130          191        0.0686066         reflect
  eval: e=0.1038  p=[0.500 0.463 0.385 0.066 0.648 0.711 0.343 0.179 0.900 0.000]
  eval: e=0.0802  p=[0.527 0.401 0.428 0.034 0.647 0.674 0.336 0.248 0.847 0.038]
   131          193        0.0686066         contract inside
  eval: e=0.0801  p=[0.500 0.434 0.406 0.041 0.652 0.695 0.340 0.188 0.892 0.020]
   132          194        0.0686066         reflect
  eval: e=1.0733  p=[0.478 0.460 0.389 0.053 0.652 0.721 0.362 0.154 0.922 0.000]
  eval: e=0.0780  p=[0.530 0.408 0.423 0.040 0.647 0.674 0.330 0.245 0.848 0.038]
   133          196        0.0686066         contract inside
  eval: e=0.0740  p=[0.510 0.441 0.384 0.045 0.648 0.711 0.337 0.184 0.892 0.025]
   134          197        0.0686066         reflect
  eval: e=0.0687  p=[0.506 0.454 0.376 0.047 0.650 0.716 0.336 0.170 0.905 0.017]
   135          198        0.0686066         reflect
  eval: e=0.0674  p=[0.494 0.467 0.371 0.057 0.650 0.723 0.342 0.154 0.918 0.004]
  eval: e=1.7995  p=[0.478 0.500 0.343 0.068 0.652 0.747 0.344 0.107 0.953 0.000]
   136          200        0.0674208         reflect
  eval: e=0.0997  p=[0.520 0.441 0.387 0.053 0.645 0.707 0.338 0.207 0.877 0.019]
  eval: e=0.0716  p=[0.505 0.436 0.401 0.044 0.650 0.698 0.340 0.193 0.888 0.020]
   137          202        0.0674208         contract inside
  eval: e=0.0634  p=[0.497 0.435 0.389 0.037 0.674 0.694 0.352 0.163 0.901 0.026]
  eval: e=0.0591  p=[0.485 0.432 0.382 0.028 0.697 0.687 0.363 0.132 0.917 0.032]
   138          204        0.0590732         expand
  eval: e=0.0837  p=[0.517 0.463 0.368 0.050 0.658 0.710 0.340 0.171 0.896 0.014]
  eval: e=0.0716  p=[0.502 0.427 0.405 0.042 0.654 0.695 0.343 0.195 0.887 0.024]
   139          206        0.0590732         contract inside
  eval: e=0.0586  p=[0.479 0.474 0.359 0.050 0.665 0.730 0.357 0.119 0.940 0.000]
  eval: e=3.7823  p=[0.454 0.506 0.328 0.055 0.674 0.757 0.371 0.055 0.986 0.000]
   140          208        0.0586053         reflect
  eval: e=0.0688  p=[0.502 0.455 0.381 0.044 0.658 0.707 0.356 0.154 0.898 0.014]
   141          209        0.0586053         reflect
  eval: e=0.0596  p=[0.480 0.470 0.366 0.045 0.667 0.724 0.332 0.132 0.950 0.004]
   142          210        0.0586053         reflect
  eval: e=0.0723  p=[0.485 0.460 0.383 0.046 0.672 0.705 0.353 0.143 0.924 0.003]
   143          211        0.0586053         reflect
  eval: e=0.0609  p=[0.495 0.463 0.360 0.038 0.666 0.726 0.348 0.136 0.929 0.012]
   144          212        0.0586053         reflect
  eval: e=0.0780  p=[0.510 0.446 0.376 0.042 0.649 0.717 0.338 0.175 0.899 0.024]
  eval: e=0.0649  p=[0.491 0.456 0.381 0.045 0.666 0.708 0.349 0.151 0.918 0.008]
   145          214        0.0586053         contract inside
  eval: e=0.0613  p=[0.487 0.474 0.353 0.043 0.674 0.726 0.353 0.117 0.940 0.005]
   146          215        0.0586053         reflect
  eval: e=0.1401  p=[0.486 0.492 0.338 0.046 0.675 0.736 0.351 0.099 0.953 0.000]
  eval: e=0.0655  p=[0.498 0.443 0.389 0.043 0.659 0.705 0.345 0.171 0.903 0.017]
   147          217        0.0586053         contract inside
  eval: e=0.0779  p=[0.486 0.461 0.365 0.044 0.670 0.724 0.336 0.144 0.943 0.008]
  eval: e=0.0631  p=[0.498 0.457 0.377 0.044 0.661 0.711 0.351 0.151 0.909 0.012]
   148          219        0.0586053         contract inside
  eval: e=0.0589  p=[0.480 0.463 0.369 0.040 0.681 0.713 0.359 0.124 0.936 0.004]
   149          220        0.0586053         reflect
  eval: e=0.0479  p=[0.455 0.471 0.353 0.042 0.688 0.723 0.364 0.071 0.967 0.011]
  eval: e=0.7855  p=[0.421 0.481 0.335 0.041 0.708 0.732 0.378 0.003 1.000 0.012]
   150          222        0.0478504         reflect
  eval: e=0.0606  p=[0.476 0.453 0.366 0.027 0.695 0.708 0.362 0.107 0.944 0.017]
   151          223        0.0478504         reflect
  eval: e=0.0441  p=[0.467 0.479 0.345 0.037 0.693 0.726 0.362 0.077 0.967 0.004]
  eval: e=0.1343  p=[0.451 0.498 0.323 0.035 0.710 0.737 0.371 0.030 0.998 0.000]
   152          225        0.0441329         reflect
  eval: e=0.0626  p=[0.470 0.471 0.345 0.034 0.691 0.727 0.361 0.082 0.962 0.012]
   153          226        0.0441329         reflect
  eval: e=0.0711  p=[0.457 0.473 0.343 0.033 0.702 0.727 0.361 0.068 0.981 0.008]
  eval: e=0.0580  p=[0.488 0.461 0.368 0.041 0.671 0.715 0.353 0.130 0.927 0.011]
   154          228        0.0441329         contract inside
  eval: e=0.0640  p=[0.489 0.457 0.379 0.044 0.668 0.709 0.349 0.147 0.921 0.008]
  eval: e=0.0504  p=[0.474 0.468 0.354 0.037 0.685 0.722 0.358 0.098 0.952 0.011]
   155          230        0.0441329         contract inside
  eval: e=0.0651  p=[0.469 0.453 0.372 0.034 0.687 0.709 0.359 0.108 0.945 0.017]
  eval: e=0.0539  p=[0.482 0.469 0.358 0.041 0.677 0.722 0.354 0.115 0.942 0.008]
   156          232        0.0441329         contract inside
  eval: e=0.0601  p=[0.458 0.465 0.364 0.039 0.698 0.708 0.365 0.085 0.959 0.009]
   157          233        0.0441329         reflect
  eval: e=0.0576  p=[0.474 0.477 0.358 0.053 0.670 0.726 0.351 0.109 0.947 0.002]
   158          234        0.0441329         reflect
  eval: e=0.0670  p=[0.495 0.468 0.358 0.043 0.661 0.730 0.346 0.136 0.929 0.009]
  eval: e=0.0546  p=[0.467 0.466 0.363 0.040 0.689 0.713 0.360 0.098 0.952 0.009]
   159          236        0.0441329         contract inside
  eval: e=0.0574  p=[0.470 0.461 0.356 0.037 0.697 0.712 0.385 0.083 0.940 0.014]
   160          237        0.0441329         reflect
  eval: e=3.1106  p=[0.462 0.505 0.334 0.057 0.666 0.754 0.358 0.072 0.977 0.000]
  eval: e=0.0544  p=[0.480 0.450 0.370 0.035 0.690 0.704 0.362 0.117 0.932 0.020]
   161          239        0.0441329         contract inside
  eval: e=0.0710  p=[0.467 0.472 0.347 0.042 0.685 0.726 0.363 0.079 0.957 0.014]
  eval: e=0.0544  p=[0.477 0.465 0.364 0.041 0.682 0.716 0.360 0.113 0.941 0.007]
   162          241        0.0441329         contract inside
  eval: e=0.0480  p=[0.468 0.460 0.358 0.031 0.703 0.706 0.365 0.084 0.954 0.019]
   163          242        0.0441329         reflect
  eval: e=0.0573  p=[0.455 0.472 0.347 0.038 0.703 0.719 0.371 0.063 0.971 0.010]
   164          243        0.0441329         reflect
  eval: e=0.0464  p=[0.465 0.455 0.356 0.023 0.711 0.707 0.377 0.074 0.956 0.021]
   165          244        0.0441329         reflect
  eval: e=0.0561  p=[0.468 0.470 0.358 0.036 0.688 0.720 0.342 0.099 0.967 0.010]
   166          245        0.0441329         reflect
  eval: e=0.0605  p=[0.485 0.458 0.368 0.035 0.678 0.713 0.350 0.127 0.934 0.014]
  eval: e=0.0460  p=[0.463 0.469 0.353 0.037 0.697 0.718 0.366 0.079 0.962 0.011]
   167          247        0.0441329         contract inside
  eval: e=0.0547  p=[0.472 0.461 0.357 0.037 0.696 0.712 0.384 0.086 0.938 0.014]
  eval: e=0.0491  p=[0.471 0.463 0.357 0.037 0.694 0.714 0.373 0.089 0.945 0.013]
   168          249        0.0441329         contract outside
  eval: e=0.0519  p=[0.473 0.464 0.351 0.032 0.695 0.718 0.368 0.085 0.952 0.016]
   169          250        0.0441329         reflect
  eval: e=0.0455  p=[0.459 0.482 0.339 0.037 0.696 0.731 0.368 0.060 0.976 0.004]
   170          251        0.0441329         reflect
  eval: e=0.0687  p=[0.458 0.471 0.341 0.030 0.707 0.721 0.371 0.053 0.973 0.017]
  eval: e=0.0503  p=[0.472 0.467 0.358 0.038 0.688 0.717 0.363 0.098 0.949 0.009]
   171          253        0.0441329         contract inside
  eval: e=0.0385  p=[0.451 0.467 0.347 0.029 0.713 0.715 0.378 0.048 0.974 0.016]
  eval: e=0.0420  p=[0.435 0.466 0.342 0.023 0.731 0.711 0.391 0.015 0.991 0.020]
   172          255        0.0385286         reflect
  eval: e=0.0490  p=[0.456 0.472 0.353 0.038 0.698 0.718 0.367 0.070 0.969 0.008]
   173          256        0.0385286         reflect
  eval: e=0.0425  p=[0.451 0.469 0.350 0.033 0.711 0.713 0.378 0.052 0.972 0.012]
   174          257        0.0385286         reflect
  eval: e=0.0385  p=[0.449 0.471 0.344 0.031 0.713 0.717 0.377 0.043 0.979 0.015]
  eval: e=0.0608  p=[0.437 0.473 0.337 0.027 0.726 0.716 0.384 0.015 0.994 0.017]
   175          259        0.0384778         reflect
  eval: e=0.0395  p=[0.446 0.476 0.343 0.031 0.711 0.721 0.367 0.042 0.990 0.011]
   176          260        0.0384778         reflect
  eval: e=0.0463  p=[0.458 0.468 0.344 0.028 0.709 0.718 0.374 0.056 0.971 0.017]
   177          261        0.0384778         reflect
  eval: e=0.0469  p=[0.445 0.482 0.337 0.035 0.705 0.731 0.377 0.036 0.989 0.005]
   178          262        0.0384778         reflect
  eval: e=0.0392  p=[0.456 0.473 0.339 0.022 0.723 0.716 0.381 0.042 0.980 0.012]
   179          263        0.0384778         reflect
  eval: e=0.0454  p=[0.468 0.460 0.355 0.027 0.711 0.705 0.368 0.078 0.956 0.020]
   180          264        0.0384778         reflect
  eval: e=0.0476  p=[0.449 0.488 0.336 0.040 0.704 0.729 0.367 0.041 0.989 0.004]
  eval: e=0.0421  p=[0.461 0.463 0.351 0.027 0.710 0.712 0.375 0.066 0.965 0.017]
   181          266        0.0384778         contract inside
  eval: e=0.0448  p=[0.456 0.474 0.349 0.034 0.706 0.717 0.370 0.062 0.974 0.007]
   182          267        0.0384778         reflect
  eval: e=0.0346  p=[0.450 0.474 0.340 0.025 0.720 0.717 0.379 0.035 0.984 0.013]
  eval: e=0.0299  p=[0.443 0.477 0.333 0.018 0.732 0.716 0.386 0.013 0.995 0.014]
   183          269        0.0299124         expand
  eval: e=0.0480  p=[0.450 0.460 0.352 0.021 0.729 0.700 0.381 0.045 0.975 0.021]
  eval: e=0.0397  p=[0.457 0.477 0.342 0.033 0.704 0.723 0.371 0.056 0.976 0.009]
   184          271        0.0299124         contract inside
  eval: e=0.0354  p=[0.440 0.485 0.333 0.032 0.713 0.730 0.381 0.022 0.998 0.004]
   185          272        0.0299124         reflect
  eval: e=0.0472  p=[0.449 0.473 0.337 0.025 0.718 0.721 0.381 0.030 0.986 0.015]
  eval: e=0.0405  p=[0.454 0.474 0.346 0.032 0.709 0.718 0.373 0.054 0.977 0.009]
   186          274        0.0299124         contract inside
  eval: e=0.0287  p=[0.434 0.467 0.341 0.020 0.735 0.710 0.391 0.011 0.994 0.020]
  eval: e=5.8935  p=[0.418 0.460 0.339 0.012 0.756 0.702 0.406 0.000 1.000 0.027]
   187          276        0.0286521         reflect
  eval: e=0.0388  p=[0.447 0.476 0.334 0.022 0.722 0.723 0.378 0.028 0.994 0.013]
   188          277        0.0286521         reflect
  eval: e=0.5261  p=[0.435 0.485 0.329 0.027 0.726 0.725 0.382 0.006 1.000 0.008]
  eval: e=0.0379  p=[0.454 0.469 0.346 0.027 0.714 0.716 0.376 0.051 0.975 0.014]
   189          279        0.0286521         contract inside
  eval: e=0.0452  p=[0.442 0.474 0.335 0.021 0.727 0.719 0.385 0.017 0.995 0.016]
  eval: e=0.0368  p=[0.451 0.474 0.343 0.029 0.714 0.718 0.376 0.045 0.981 0.011]
   190          281        0.0286521         contract inside
  eval: e=0.0278  p=[0.437 0.470 0.338 0.019 0.734 0.713 0.387 0.013 0.997 0.017]
  eval: e=1.3531  p=[0.427 0.467 0.336 0.013 0.749 0.708 0.396 0.000 1.000 0.022]
   191          283        0.0278056         reflect
  eval: e=0.0491  p=[0.447 0.470 0.337 0.019 0.731 0.714 0.395 0.021 0.984 0.016]
  eval: e=0.0353  p=[0.446 0.474 0.341 0.028 0.716 0.719 0.374 0.037 0.988 0.012]
   192          285        0.0278056         contract inside
  eval: e=0.0371  p=[0.434 0.473 0.342 0.029 0.718 0.720 0.380 0.019 0.995 0.015]
   193          286        0.0278056         reflect
  eval: e=0.0413  p=[0.441 0.469 0.348 0.031 0.718 0.712 0.384 0.033 0.982 0.015]
  eval: e=0.0328  p=[0.446 0.475 0.337 0.024 0.721 0.720 0.379 0.029 0.991 0.014]
   194          288        0.0278056         contract inside
  eval: e=0.2319  p=[0.436 0.480 0.333 0.022 0.729 0.721 0.383 0.008 1.000 0.011]
  eval: e=0.0354  p=[0.447 0.470 0.344 0.028 0.717 0.716 0.380 0.038 0.982 0.015]
   195          290        0.0278056         contract inside
  eval: e=0.0332  p=[0.438 0.476 0.335 0.020 0.729 0.719 0.385 0.013 1.000 0.013]
   196          291        0.0278056         reflect
  eval: e=0.9943  p=[0.429 0.479 0.332 0.023 0.732 0.721 0.388 0.000 1.000 0.012]
  eval: e=0.0349  p=[0.448 0.471 0.342 0.026 0.718 0.717 0.379 0.037 0.984 0.014]
   197          293        0.0278056         contract inside
  eval: e=0.0323  p=[0.452 0.475 0.336 0.020 0.728 0.716 0.384 0.032 0.987 0.012]
   198          294        0.0278056         reflect
  eval: e=0.0822  p=[0.435 0.474 0.333 0.018 0.735 0.717 0.390 0.004 1.000 0.016]
  eval: e=0.0338  p=[0.447 0.474 0.341 0.026 0.719 0.718 0.379 0.035 0.986 0.012]
   199          296        0.0278056         contract inside
  eval: e=0.0824  p=[0.439 0.479 0.332 0.019 0.732 0.720 0.386 0.010 1.000 0.011]
  eval: e=0.0329  p=[0.445 0.472 0.341 0.025 0.721 0.717 0.381 0.031 0.987 0.014]
   200          298        0.0278056         contract inside
  eval: e=0.0374  p=[0.448 0.461 0.344 0.013 0.738 0.703 0.385 0.028 0.984 0.025]
  eval: e=0.0319  p=[0.442 0.479 0.336 0.027 0.719 0.724 0.382 0.023 0.995 0.009]
   201          300        0.0278056         contract inside
  eval: e=0.0281  p=[0.440 0.473 0.335 0.017 0.735 0.715 0.393 0.011 0.995 0.015]
   202          301        0.0278056         reflect
  eval: e=0.0617  p=[0.437 0.476 0.332 0.018 0.736 0.717 0.390 0.005 1.000 0.014]
  eval: e=0.0321  p=[0.445 0.473 0.340 0.024 0.723 0.717 0.382 0.029 0.988 0.014]
   203          303        0.0278056         contract inside
  eval: e=0.0272  p=[0.438 0.473 0.334 0.017 0.736 0.715 0.391 0.006 1.000 0.016]
  eval: e=0.9945  p=[0.433 0.473 0.331 0.012 0.745 0.714 0.397 0.000 1.000 0.018]
   204          305        0.0272377         reflect
  eval: e=0.0401  p=[0.447 0.471 0.339 0.022 0.727 0.713 0.386 0.027 0.985 0.016]
  eval: e=0.0292  p=[0.440 0.475 0.336 0.021 0.729 0.718 0.386 0.016 0.997 0.013]
   205          307        0.0272377         contract inside
  eval: e=0.0298  p=[0.438 0.475 0.333 0.016 0.738 0.716 0.391 0.006 1.000 0.015]
   206          308        0.0272377         reflect
  eval: e=0.0246  p=[0.436 0.473 0.335 0.016 0.741 0.712 0.395 0.003 0.999 0.016]
  eval: e=1.0195  p=[0.432 0.472 0.334 0.012 0.751 0.708 0.403 0.000 1.000 0.017]
   207          310        0.0246396         reflect
  eval: e=0.5842  p=[0.427 0.472 0.336 0.020 0.736 0.715 0.393 0.000 1.000 0.018]
  eval: e=0.0289  p=[0.446 0.474 0.336 0.020 0.730 0.716 0.386 0.023 0.992 0.013]
   208          312        0.0246396         contract inside
  eval: e=0.4002  p=[0.434 0.475 0.332 0.015 0.743 0.714 0.396 0.000 1.000 0.016]
  eval: e=0.0295  p=[0.442 0.473 0.338 0.022 0.728 0.716 0.385 0.021 0.992 0.014]
   209          314        0.0246396         contract inside
  eval: e=0.0235  p=[0.438 0.467 0.336 0.010 0.749 0.706 0.397 0.001 0.998 0.022]
  eval: e=1.0330  p=[0.436 0.461 0.336 0.001 0.763 0.697 0.404 0.000 0.999 0.028]
   210          316        0.0234881         reflect
  eval: e=0.0345  p=[0.435 0.467 0.339 0.017 0.739 0.711 0.394 0.009 0.997 0.018]
  eval: e=0.0272  p=[0.441 0.475 0.335 0.018 0.734 0.715 0.388 0.012 0.996 0.015]
   211          318        0.0234881         contract inside
  eval: e=0.0298  p=[0.440 0.469 0.340 0.020 0.732 0.711 0.389 0.018 0.991 0.018]
  eval: e=0.0280  p=[0.440 0.470 0.338 0.019 0.734 0.712 0.389 0.015 0.993 0.017]
   212          320        0.0234881         contract outside
  eval: e=0.0241  p=[0.436 0.470 0.335 0.014 0.743 0.710 0.395 0.001 1.000 0.018]
   213          321        0.0234881         reflect
  eval: e=0.0274  p=[0.437 0.468 0.336 0.013 0.745 0.707 0.397 0.003 0.996 0.020]
   214          322        0.0234881         reflect
  eval: e=0.6098  p=[0.430 0.467 0.337 0.013 0.747 0.707 0.399 0.000 1.000 0.022]
  eval: e=0.0271  p=[0.442 0.472 0.336 0.018 0.734 0.714 0.389 0.015 0.994 0.015]
   215          324        0.0234881         contract inside
  eval: e=0.0225  p=[0.442 0.475 0.331 0.012 0.742 0.714 0.393 0.006 0.999 0.015]
  eval: e=0.0303  p=[0.446 0.480 0.326 0.008 0.745 0.716 0.394 0.003 1.000 0.012]
   216          326        0.0224734         reflect
  eval: e=0.0253  p=[0.437 0.470 0.336 0.014 0.743 0.709 0.392 0.004 0.999 0.019]
   217          327        0.0224734         reflect
  eval: e=0.0890  p=[0.437 0.472 0.332 0.011 0.747 0.710 0.396 0.000 1.000 0.018]
  eval: e=0.0263  p=[0.439 0.471 0.337 0.017 0.737 0.712 0.391 0.011 0.996 0.017]
   218          329        0.0224734         contract inside
  eval: e=0.0224  p=[0.440 0.472 0.332 0.010 0.747 0.710 0.398 0.000 0.998 0.017]
  eval: e=0.4932  p=[0.441 0.474 0.329 0.006 0.754 0.708 0.404 0.000 0.999 0.017]
   219          331        0.0223933         reflect
  eval: e=0.0276  p=[0.441 0.476 0.333 0.016 0.736 0.716 0.389 0.009 1.000 0.014]
  eval: e=0.0248  p=[0.438 0.470 0.335 0.014 0.743 0.709 0.395 0.004 0.997 0.019]
   220          333        0.0223933         contract inside
  eval: e=0.0263  p=[0.440 0.470 0.336 0.012 0.746 0.707 0.396 0.005 0.995 0.019]
   221          334        0.0223933         reflect
  eval: e=0.0703  p=[0.436 0.468 0.335 0.009 0.752 0.705 0.400 0.000 0.999 0.020]
  eval: e=0.0255  p=[0.440 0.473 0.335 0.016 0.738 0.713 0.391 0.009 0.997 0.016]
   222          336        0.0223933         contract inside
  eval: e=0.4362  p=[0.436 0.470 0.333 0.009 0.752 0.706 0.400 0.000 1.000 0.020]
  eval: e=0.0253  p=[0.440 0.472 0.335 0.016 0.739 0.712 0.392 0.010 0.996 0.017]
   223          338        0.0223933         contract inside
  eval: e=0.0268  p=[0.437 0.473 0.334 0.016 0.738 0.715 0.392 0.005 1.000 0.016]
  eval: e=0.0246  p=[0.439 0.471 0.335 0.013 0.744 0.709 0.395 0.005 0.997 0.018]
   224          340        0.0223933         contract inside
  eval: e=0.0626  p=[0.438 0.472 0.332 0.010 0.749 0.709 0.398 0.000 1.000 0.018]
  eval: e=0.0250  p=[0.439 0.471 0.336 0.015 0.740 0.711 0.393 0.007 0.997 0.017]
   225          342        0.0223933         contract inside
  eval: e=0.0233  p=[0.437 0.469 0.334 0.011 0.748 0.708 0.398 0.000 0.999 0.019]
   226          343        0.0223933         reflect
  eval: e=0.1391  p=[0.436 0.470 0.334 0.010 0.749 0.708 0.398 0.000 1.000 0.019]
  eval: e=0.0243  p=[0.439 0.471 0.335 0.014 0.741 0.711 0.394 0.006 0.997 0.017]
   227          345        0.0223933         contract inside
  eval: e=0.0238  p=[0.440 0.472 0.333 0.012 0.744 0.711 0.399 0.002 0.997 0.017]
   228          346        0.0223933         reflect
  eval: e=0.0506  p=[0.438 0.471 0.333 0.010 0.749 0.709 0.399 0.000 0.999 0.018]
  eval: e=0.0241  p=[0.439 0.471 0.335 0.014 0.742 0.711 0.394 0.005 0.997 0.018]
   229          348        0.0223933         contract inside
  eval: e=0.0232  p=[0.439 0.473 0.333 0.011 0.745 0.711 0.397 0.002 0.999 0.017]
   230          349        0.0223933         reflect
  eval: e=0.0218  p=[0.441 0.470 0.333 0.008 0.748 0.708 0.397 0.002 0.997 0.020]
  eval: e=0.0214  p=[0.444 0.468 0.332 0.004 0.752 0.706 0.397 0.002 0.996 0.022]
   231          351        0.0214024         expand
  eval: e=0.0237  p=[0.439 0.471 0.332 0.010 0.747 0.711 0.397 0.000 0.999 0.018]
   232          352        0.0214024         reflect
  eval: e=0.0995  p=[0.440 0.471 0.331 0.007 0.751 0.709 0.400 0.000 0.999 0.019]
  eval: e=0.0233  p=[0.439 0.471 0.334 0.013 0.744 0.710 0.395 0.004 0.998 0.018]
   233          354        0.0214024         contract inside
  eval: e=0.0506  p=[0.440 0.471 0.331 0.007 0.750 0.709 0.399 0.000 0.999 0.019]
  eval: e=0.0232  p=[0.439 0.471 0.334 0.012 0.744 0.710 0.395 0.003 0.998 0.018]
   234          356        0.0214024         contract inside
  eval: e=0.0208  p=[0.444 0.472 0.331 0.007 0.749 0.709 0.398 0.003 0.996 0.018]
  eval: e=0.0199  p=[0.448 0.473 0.329 0.004 0.752 0.708 0.399 0.003 0.995 0.018]
   235          358        0.0198733         expand
  eval: e=0.0221  p=[0.441 0.470 0.332 0.007 0.750 0.708 0.395 0.002 0.999 0.020]
   236          359        0.0198733         reflect
  eval: e=0.0245  p=[0.442 0.471 0.333 0.009 0.748 0.707 0.396 0.004 0.996 0.019]
  eval: e=0.0221  p=[0.440 0.471 0.332 0.010 0.747 0.710 0.397 0.001 0.999 0.018]
   237          361        0.0198733         contract inside
  eval: e=0.0213  p=[0.444 0.476 0.329 0.009 0.746 0.713 0.396 0.003 0.998 0.015]
   238          362        0.0198733         reflect
  eval: e=0.0197  p=[0.444 0.473 0.329 0.006 0.751 0.709 0.398 0.000 0.998 0.018]
  eval: e=0.0560  p=[0.446 0.474 0.327 0.002 0.755 0.709 0.400 0.000 0.999 0.018]
   239          364        0.0196841         reflect
  eval: e=0.0203  p=[0.447 0.475 0.328 0.006 0.747 0.712 0.396 0.005 0.997 0.017]
   240          365        0.0196841         reflect
  eval: e=0.0215  p=[0.447 0.472 0.329 0.005 0.750 0.709 0.397 0.003 0.996 0.019]
   241          366        0.0196841         reflect
  eval: e=0.0184  p=[0.449 0.474 0.327 0.002 0.753 0.710 0.398 0.001 0.997 0.018]
  eval: e=0.1038  p=[0.453 0.476 0.323 0.000 0.757 0.710 0.399 0.000 0.997 0.018]
   242          368        0.0184083         reflect
  eval: e=0.0400  p=[0.446 0.470 0.329 0.001 0.757 0.705 0.401 0.000 0.996 0.022]
  eval: e=0.0214  p=[0.443 0.474 0.330 0.009 0.746 0.712 0.395 0.004 0.998 0.017]
   243          370        0.0184083         contract inside
  eval: e=0.0193  p=[0.450 0.473 0.327 0.002 0.751 0.710 0.395 0.005 0.997 0.019]
   244          371        0.0184083         reflect
  eval: e=0.0184  p=[0.451 0.475 0.326 0.002 0.752 0.710 0.396 0.005 0.996 0.018]
  eval: e=0.1032  p=[0.457 0.476 0.323 0.000 0.755 0.710 0.396 0.006 0.995 0.018]
   245          373        0.0183948         reflect
  eval: e=0.0213  p=[0.452 0.476 0.325 0.003 0.750 0.712 0.399 0.005 0.995 0.016]
   246          374        0.0183948         reflect
  eval: e=0.0196  p=[0.448 0.475 0.328 0.004 0.750 0.711 0.398 0.003 0.997 0.016]
   247          375        0.0183948         reflect
  eval: e=0.0194  p=[0.451 0.481 0.324 0.005 0.747 0.715 0.397 0.005 0.997 0.012]
   248          376        0.0183948         reflect
  eval: e=0.0212  p=[0.453 0.476 0.324 0.000 0.754 0.710 0.399 0.003 0.995 0.017]
   249          377        0.0183948         reflect
  eval: e=0.0924  p=[0.454 0.474 0.325 0.000 0.756 0.709 0.399 0.004 0.995 0.019]
  eval: e=0.0199  p=[0.447 0.476 0.328 0.006 0.748 0.712 0.397 0.003 0.997 0.016]
   250          379        0.0183948         contract inside
  eval: e=0.0228  p=[0.445 0.474 0.329 0.005 0.751 0.709 0.396 0.002 0.999 0.018]
  eval: e=0.0192  p=[0.451 0.476 0.326 0.003 0.750 0.712 0.398 0.004 0.996 0.016]
   251          381        0.0183948         contract inside
  eval: e=0.0212  p=[0.444 0.474 0.330 0.009 0.746 0.711 0.395 0.004 0.998 0.017]
  eval: e=0.0181  p=[0.451 0.475 0.326 0.002 0.752 0.711 0.398 0.003 0.996 0.017]
   252          383        0.0181103         contract inside
  eval: e=0.0178  p=[0.450 0.475 0.326 0.001 0.754 0.709 0.399 0.002 0.997 0.017]
  eval: e=0.0651  p=[0.452 0.475 0.325 0.000 0.758 0.708 0.401 0.001 0.996 0.017]
   253          385         0.017751         reflect
  eval: e=0.0180  p=[0.452 0.474 0.326 0.000 0.754 0.709 0.399 0.003 0.996 0.018]
   254          386         0.017751         reflect
  eval: e=0.0181  p=[0.451 0.477 0.324 0.002 0.751 0.713 0.396 0.003 0.999 0.016]
   255          387         0.017751         reflect
  eval: e=0.0317  p=[0.457 0.478 0.322 0.000 0.752 0.713 0.397 0.007 0.995 0.015]
  eval: e=0.0190  p=[0.447 0.474 0.328 0.004 0.751 0.710 0.398 0.002 0.998 0.017]
   256          389         0.017751         contract inside
  eval: e=0.0181  p=[0.453 0.476 0.324 0.000 0.754 0.710 0.397 0.004 0.996 0.017]
   257          390         0.017751         reflect
  eval: e=0.0616  p=[0.449 0.469 0.328 0.000 0.757 0.705 0.398 0.002 0.996 0.023]
  eval: e=0.0185  p=[0.451 0.478 0.325 0.003 0.750 0.713 0.397 0.004 0.997 0.015]
   258          392         0.017751         contract inside
  eval: e=0.0173  p=[0.451 0.478 0.324 0.002 0.753 0.711 0.400 0.001 0.997 0.015]
  eval: e=0.0267  p=[0.452 0.480 0.322 0.001 0.754 0.712 0.403 0.000 0.997 0.013]
   259          394        0.0172924         reflect
  eval: e=0.0178  p=[0.451 0.476 0.325 0.000 0.755 0.710 0.398 0.002 0.998 0.017]
   260          395        0.0172924         reflect
  eval: e=0.0403  p=[0.455 0.477 0.323 0.000 0.754 0.711 0.398 0.004 0.996 0.016]
  eval: e=0.0184  p=[0.449 0.475 0.326 0.003 0.752 0.710 0.398 0.002 0.997 0.017]
   261          397        0.0172924         contract inside
  eval: e=0.0298  p=[0.451 0.473 0.326 0.000 0.756 0.708 0.399 0.001 0.997 0.020]
  eval: e=0.0181  p=[0.451 0.477 0.325 0.002 0.751 0.712 0.398 0.003 0.997 0.016]
   262          399        0.0172924         contract inside
  eval: e=0.0174  p=[0.454 0.477 0.324 0.000 0.753 0.711 0.398 0.004 0.996 0.016]
   263          400        0.0172924         reflect
  eval: e=0.0171  p=[0.451 0.477 0.324 0.001 0.754 0.712 0.400 0.001 0.998 0.015]
  eval: e=0.0247  p=[0.451 0.479 0.323 0.001 0.754 0.713 0.401 0.000 0.999 0.014]
   264          402        0.0170574         reflect
  eval: e=0.0252  p=[0.454 0.477 0.323 0.000 0.754 0.711 0.399 0.003 0.997 0.016]
  eval: e=0.0179  p=[0.450 0.476 0.326 0.002 0.753 0.711 0.398 0.002 0.997 0.017]
   265          404        0.0170574         contract inside
  eval: e=0.0169  p=[0.452 0.477 0.324 0.000 0.754 0.711 0.398 0.002 0.998 0.016]
  eval: e=0.0232  p=[0.452 0.478 0.323 0.000 0.755 0.711 0.398 0.001 0.999 0.016]
   266          406        0.0169321         reflect
  eval: e=0.0294  p=[0.452 0.476 0.324 0.000 0.756 0.710 0.399 0.001 0.997 0.017]
  eval: e=0.0177  p=[0.451 0.476 0.325 0.002 0.753 0.711 0.398 0.003 0.997 0.016]
   267          408        0.0169321         contract inside
  eval: e=0.0185  p=[0.450 0.477 0.325 0.002 0.753 0.711 0.399 0.001 0.998 0.015]
  eval: e=0.0175  p=[0.452 0.476 0.324 0.001 0.754 0.711 0.398 0.003 0.997 0.017]
   268          410        0.0169321         contract inside
  eval: e=0.0178  p=[0.452 0.475 0.325 0.000 0.756 0.708 0.401 0.001 0.995 0.017]
   269          411        0.0169321         reflect
  eval: e=0.0171  p=[0.451 0.478 0.324 0.002 0.753 0.712 0.399 0.001 0.998 0.015]
   270          412        0.0169321         reflect
  eval: e=0.0177  p=[0.453 0.478 0.323 0.000 0.755 0.711 0.400 0.002 0.997 0.015]
   271          413        0.0169321         reflect
  eval: e=0.0179  p=[0.452 0.479 0.323 0.002 0.752 0.713 0.396 0.003 0.999 0.015]
  eval: e=0.0174  p=[0.452 0.476 0.325 0.000 0.755 0.710 0.400 0.002 0.996 0.016]
   272          415        0.0169321         contract inside
  eval: e=0.0176  p=[0.453 0.478 0.323 0.001 0.753 0.712 0.400 0.002 0.996 0.014]
   273          416        0.0169321         reflect
  eval: e=0.0167  p=[0.453 0.480 0.322 0.001 0.753 0.713 0.399 0.002 0.997 0.014]
  eval: e=0.0166  p=[0.455 0.482 0.320 0.000 0.752 0.715 0.398 0.002 0.998 0.012]
   274          418        0.0165799         expand
  eval: e=0.0179  p=[0.453 0.479 0.322 0.000 0.755 0.712 0.400 0.001 0.997 0.014]
  eval: e=0.0173  p=[0.452 0.477 0.324 0.001 0.753 0.711 0.399 0.002 0.997 0.016]
   275          420        0.0165799         contract inside
  eval: e=0.0175  p=[0.452 0.478 0.324 0.002 0.752 0.712 0.398 0.003 0.997 0.015]
   276          421        0.0165799         reflect
  eval: e=0.0177  p=[0.452 0.477 0.324 0.001 0.754 0.711 0.397 0.002 0.998 0.016]
  eval: e=0.0172  p=[0.452 0.478 0.324 0.001 0.753 0.712 0.400 0.002 0.997 0.015]
   277          423        0.0165799         contract inside
  eval: e=0.0179  p=[0.453 0.477 0.323 0.000 0.755 0.711 0.400 0.002 0.997 0.015]
  eval: e=0.0173  p=[0.452 0.478 0.324 0.001 0.753 0.712 0.399 0.002 0.997 0.015]
   278          425        0.0165799         contract inside
  eval: e=0.0170  p=[0.452 0.480 0.323 0.001 0.753 0.713 0.400 0.001 0.998 0.013]
   279          426        0.0165799         reflect
  eval: e=0.0244  p=[0.451 0.479 0.323 0.002 0.753 0.712 0.401 0.000 0.998 0.014]
  eval: e=0.0172  p=[0.453 0.478 0.324 0.001 0.753 0.711 0.399 0.003 0.997 0.015]
   280          428        0.0165799         contract inside
  eval: e=0.0169  p=[0.453 0.481 0.322 0.002 0.752 0.714 0.398 0.002 0.998 0.013]
   281          429        0.0165799         reflect
  eval: e=0.0165  p=[0.453 0.480 0.322 0.001 0.753 0.713 0.400 0.001 0.998 0.013]
  eval: e=0.0161  p=[0.453 0.482 0.321 0.001 0.753 0.714 0.400 0.000 0.998 0.012]
   282          431        0.0161248         expand
  eval: e=0.0165  p=[0.454 0.480 0.322 0.000 0.753 0.714 0.398 0.002 0.999 0.014]
   283          432        0.0161248         reflect
  eval: e=0.0162  p=[0.453 0.481 0.321 0.000 0.754 0.713 0.399 0.001 0.998 0.013]
   284          433        0.0161248         reflect
  eval: e=0.0164  p=[0.453 0.481 0.321 0.001 0.753 0.714 0.398 0.001 0.999 0.013]
   285          434        0.0161248         reflect
  eval: e=0.0171  p=[0.453 0.482 0.321 0.001 0.753 0.715 0.399 0.000 1.000 0.012]
   286          435        0.0161248         reflect
  eval: e=0.0161  p=[0.455 0.482 0.320 0.000 0.753 0.715 0.399 0.001 0.999 0.012]
   287          436        0.0161248         reflect
  eval: e=0.0170  p=[0.453 0.478 0.323 0.000 0.753 0.712 0.399 0.003 0.997 0.015]
   288          437        0.0161248         reflect
  eval: e=0.0163  p=[0.456 0.483 0.320 0.000 0.752 0.715 0.398 0.002 0.999 0.012]
   289          438        0.0161248         reflect
  eval: e=0.0178  p=[0.455 0.482 0.320 0.000 0.753 0.715 0.397 0.002 0.999 0.013]
  eval: e=0.0167  p=[0.453 0.480 0.322 0.001 0.753 0.713 0.399 0.001 0.998 0.013]
   290          440        0.0161248         contract inside
  eval: e=0.0158  p=[0.454 0.483 0.320 0.001 0.753 0.716 0.399 0.000 1.000 0.011]
  eval: e=0.0604  p=[0.454 0.486 0.318 0.001 0.752 0.717 0.399 0.000 1.000 0.009]
   291          442        0.0158065         reflect
  eval: e=0.0160  p=[0.456 0.486 0.318 0.001 0.751 0.718 0.399 0.001 0.999 0.009]
   292          443        0.0158065         reflect
  eval: e=0.0197  p=[0.455 0.483 0.319 0.000 0.754 0.715 0.399 0.000 0.999 0.011]
  eval: e=0.0164  p=[0.453 0.481 0.321 0.001 0.752 0.714 0.398 0.001 0.999 0.013]
   293          445        0.0158065         contract inside
  eval: e=0.0156  p=[0.455 0.484 0.319 0.000 0.752 0.716 0.398 0.001 1.000 0.011]
  eval: e=0.0173  p=[0.456 0.486 0.317 0.000 0.752 0.718 0.398 0.001 1.000 0.010]
   294          447        0.0156327         reflect
  eval: e=0.0159  p=[0.453 0.483 0.320 0.001 0.753 0.715 0.399 0.000 1.000 0.011]
   295          448        0.0156327         reflect
  eval: e=0.0186  p=[0.455 0.485 0.318 0.001 0.752 0.717 0.400 0.000 1.000 0.010]
  eval: e=0.0162  p=[0.454 0.481 0.321 0.000 0.753 0.714 0.398 0.002 0.999 0.013]
   296          450        0.0156327         contract inside
  eval: e=0.0155  p=[0.455 0.484 0.319 0.000 0.753 0.716 0.399 0.000 1.000 0.011]
  eval: e=0.0229  p=[0.456 0.485 0.318 0.000 0.754 0.716 0.399 0.000 1.000 0.010]
   297          452        0.0155176         reflect
  eval: e=0.0155  p=[0.456 0.485 0.318 0.000 0.752 0.716 0.399 0.001 0.999 0.010]
  eval: e=0.0152  p=[0.457 0.486 0.317 0.000 0.752 0.718 0.400 0.001 0.999 0.009]
   298          454         0.015161         expand
  eval: e=0.0198  p=[0.453 0.483 0.319 0.001 0.753 0.716 0.400 0.000 1.000 0.011]
  eval: e=0.0160  p=[0.455 0.483 0.320 0.000 0.753 0.715 0.398 0.001 0.999 0.011]
   299          456         0.015161         contract inside
  eval: e=0.0154  p=[0.456 0.486 0.317 0.000 0.752 0.718 0.399 0.000 1.000 0.009]
   300          457         0.015161         reflect
  eval: e=0.0161  p=[0.456 0.487 0.317 0.000 0.752 0.718 0.400 0.000 1.000 0.009]
   301          458         0.015161         reflect
  eval: e=0.0157  p=[0.456 0.487 0.317 0.001 0.752 0.718 0.399 0.000 1.000 0.008]
   302          459         0.015161         reflect
  eval: e=0.0240  p=[0.457 0.488 0.316 0.000 0.751 0.719 0.398 0.001 1.000 0.008]
  eval: e=0.0158  p=[0.454 0.483 0.320 0.001 0.753 0.715 0.400 0.000 0.999 0.011]
   303          461         0.015161         contract inside
  eval: e=0.0160  p=[0.454 0.483 0.320 0.001 0.753 0.715 0.398 0.001 0.999 0.012]
  eval: e=0.0158  p=[0.455 0.484 0.319 0.001 0.752 0.716 0.399 0.001 0.999 0.011]
   304          463         0.015161         contract outside
  eval: e=0.0181  p=[0.455 0.486 0.318 0.001 0.752 0.718 0.400 0.000 1.000 0.009]
  eval: e=0.0157  p=[0.455 0.484 0.319 0.000 0.752 0.716 0.399 0.001 0.999 0.011]
   305          465         0.015161         contract inside
  eval: e=0.0158  p=[0.454 0.483 0.319 0.000 0.753 0.715 0.399 0.000 1.000 0.012]
   306          466         0.015161         reflect
  eval: e=0.0154  p=[0.457 0.486 0.317 0.000 0.752 0.717 0.399 0.001 0.999 0.009]
   307          467         0.015161         reflect
  eval: e=0.0160  p=[0.457 0.487 0.317 0.001 0.751 0.718 0.399 0.001 0.999 0.009]
  eval: e=0.0156  p=[0.455 0.484 0.319 0.000 0.753 0.716 0.399 0.000 1.000 0.011]
   308          469         0.015161         contract inside
  eval: e=0.0155  p=[0.456 0.486 0.317 0.000 0.752 0.718 0.398 0.001 1.000 0.009]
   309          470         0.015161         reflect
  eval: e=0.0151  p=[0.458 0.487 0.317 0.000 0.752 0.718 0.399 0.001 0.999 0.008]
  eval: e=0.0189  p=[0.459 0.489 0.315 0.000 0.751 0.719 0.399 0.002 0.999 0.007]
   310          472        0.0151225         reflect
  eval: e=0.0150  p=[0.457 0.487 0.316 0.000 0.752 0.718 0.399 0.000 1.000 0.008]
  eval: e=0.0158  p=[0.458 0.489 0.315 0.000 0.752 0.720 0.399 0.000 1.000 0.007]
   311          474        0.0149906         reflect
  eval: e=0.0149  p=[0.457 0.488 0.316 0.000 0.752 0.719 0.399 0.000 1.000 0.008]
  eval: e=0.0171  p=[0.458 0.490 0.314 0.000 0.752 0.720 0.399 0.000 1.000 0.007]
   312          476        0.0149047         reflect
  eval: e=0.0260  p=[0.457 0.485 0.317 0.000 0.753 0.717 0.398 0.001 0.999 0.010]
  eval: e=0.0152  p=[0.456 0.486 0.317 0.001 0.752 0.718 0.399 0.000 1.000 0.009]
   313          478        0.0149047         contract inside
  eval: e=0.0148  p=[0.457 0.488 0.316 0.000 0.752 0.719 0.400 0.000 1.000 0.007]
  eval: e=0.0150  p=[0.459 0.490 0.314 0.000 0.752 0.720 0.401 0.000 1.000 0.006]
   314          480        0.0147997         reflect
  eval: e=0.0151  p=[0.459 0.489 0.315 0.000 0.751 0.720 0.399 0.001 1.000 0.007]
   315          481        0.0147997         reflect
  eval: e=0.0147  p=[0.459 0.490 0.314 0.000 0.750 0.721 0.399 0.001 1.000 0.006]
  eval: e=0.0143  p=[0.461 0.494 0.312 0.001 0.749 0.723 0.399 0.001 1.000 0.003]
   316          483        0.0143385         expand
  eval: e=0.0148  p=[0.459 0.489 0.315 0.000 0.751 0.720 0.400 0.001 0.999 0.006]
   317          484        0.0143385         reflect
  eval: e=0.0145  p=[0.459 0.490 0.314 0.000 0.751 0.720 0.400 0.001 0.999 0.006]
   318          485        0.0143385         reflect
  eval: e=0.0144  p=[0.459 0.491 0.314 0.000 0.751 0.721 0.400 0.001 1.000 0.005]
   319          486        0.0143385         reflect
  eval: e=0.0163  p=[0.461 0.492 0.313 0.000 0.751 0.722 0.400 0.001 0.999 0.005]
  eval: e=0.0150  p=[0.457 0.488 0.316 0.000 0.752 0.719 0.399 0.001 1.000 0.008]
   320          488        0.0143385         contract inside
  eval: e=0.0154  p=[0.460 0.492 0.313 0.000 0.751 0.721 0.399 0.000 1.000 0.005]
  eval: e=0.0149  p=[0.458 0.488 0.316 0.000 0.752 0.719 0.400 0.001 0.999 0.008]
   321          490        0.0143385         contract inside
  eval: e=0.0144  p=[0.459 0.491 0.314 0.000 0.751 0.721 0.400 0.000 1.000 0.005]
   322          491        0.0143385         reflect
  eval: e=0.0148  p=[0.458 0.489 0.315 0.000 0.751 0.720 0.400 0.000 1.000 0.006]
   323          492        0.0143385         reflect
  eval: e=0.0143  p=[0.460 0.492 0.313 0.000 0.751 0.721 0.400 0.001 1.000 0.005]
  eval: e=0.0142  p=[0.461 0.493 0.312 0.000 0.750 0.723 0.401 0.001 0.999 0.003]
   324          494        0.0142292         expand
  eval: e=0.0143  p=[0.461 0.493 0.312 0.000 0.750 0.723 0.401 0.001 0.999 0.003]
   325          495        0.0142292         reflect
  eval: e=0.0141  p=[0.461 0.494 0.312 0.000 0.750 0.723 0.400 0.000 1.000 0.003]
  eval: e=0.0141  p=[0.463 0.497 0.310 0.000 0.749 0.725 0.401 0.000 1.000 0.001]
   326          497        0.0140562         expand
  eval: e=0.0139  p=[0.462 0.495 0.311 0.000 0.749 0.724 0.401 0.001 0.999 0.002]
  eval: e=0.0386  p=[0.465 0.499 0.308 0.001 0.748 0.727 0.402 0.001 0.999 0.000]
   327          499        0.0139262         reflect
  eval: e=0.0143  p=[0.462 0.495 0.311 0.000 0.749 0.724 0.401 0.001 1.000 0.002]
   328          500        0.0139262         reflect
  eval: e=0.0138  p=[0.463 0.496 0.310 0.000 0.749 0.725 0.401 0.001 1.000 0.001]
  eval: e=0.0357  p=[0.465 0.500 0.307 0.000 0.748 0.727 0.401 0.001 1.000 0.000]
   329          502        0.0137713         reflect
  eval: e=0.0201  p=[0.465 0.499 0.308 0.000 0.748 0.727 0.401 0.001 0.999 0.000]
  eval: e=0.0144  p=[0.459 0.491 0.314 0.000 0.751 0.721 0.400 0.000 1.000 0.005]
   330          504        0.0137713         contract inside
  eval: e=0.0148  p=[0.463 0.497 0.309 0.001 0.748 0.726 0.401 0.000 1.000 0.000]
  eval: e=0.0143  p=[0.460 0.492 0.313 0.000 0.751 0.721 0.400 0.001 0.999 0.005]
   331          506        0.0137713         contract inside
  eval: e=0.0138  p=[0.463 0.497 0.310 0.000 0.749 0.725 0.401 0.001 1.000 0.001]
   332          507        0.0137713         reflect
  eval: e=0.0137  p=[0.464 0.498 0.309 0.000 0.748 0.726 0.401 0.001 0.999 0.000]
  eval: e=0.0631  p=[0.466 0.501 0.306 0.001 0.747 0.728 0.401 0.001 0.999 0.000]
   333          509        0.0136943         reflect
  eval: e=0.0158  p=[0.465 0.499 0.308 0.000 0.748 0.727 0.401 0.001 0.999 0.000]
  eval: e=0.0142  p=[0.461 0.493 0.312 0.000 0.750 0.723 0.400 0.000 1.000 0.004]
   334          511        0.0136943         contract inside
  eval: e=0.0136  p=[0.463 0.496 0.310 0.000 0.750 0.724 0.402 0.000 0.999 0.001]
  eval: e=0.0240  p=[0.463 0.497 0.309 0.000 0.751 0.725 0.404 0.000 0.999 0.000]
   335          513        0.0136383         reflect
  eval: e=0.0205  p=[0.464 0.499 0.308 0.000 0.748 0.727 0.402 0.000 1.000 0.000]
  eval: e=0.0141  p=[0.461 0.494 0.312 0.000 0.750 0.723 0.401 0.001 0.999 0.003]
   336          515        0.0136383         contract inside
  eval: e=0.0137  p=[0.464 0.498 0.309 0.000 0.749 0.726 0.401 0.000 1.000 0.000]
   337          516        0.0136383         reflect
  eval: e=0.0138  p=[0.463 0.496 0.310 0.000 0.749 0.725 0.401 0.000 1.000 0.001]
   338          517        0.0136383         reflect
  eval: e=0.0171  p=[0.464 0.499 0.309 0.001 0.748 0.726 0.401 0.000 1.000 0.000]
  eval: e=0.0139  p=[0.462 0.495 0.311 0.000 0.750 0.724 0.401 0.001 1.000 0.002]
   339          519        0.0136383         contract inside
  eval: e=0.0228  p=[0.465 0.499 0.308 0.000 0.748 0.727 0.402 0.001 1.000 0.000]
  eval: e=0.0140  p=[0.462 0.495 0.311 0.000 0.750 0.724 0.401 0.000 1.000 0.002]
   340          521        0.0136383         contract inside
  eval: e=0.0196  p=[0.464 0.499 0.308 0.000 0.748 0.727 0.401 0.000 1.000 0.000]
  eval: e=0.0139  p=[0.462 0.495 0.311 0.000 0.750 0.724 0.401 0.001 1.000 0.002]
   341          523        0.0136383         contract inside
  eval: e=0.0138  p=[0.463 0.496 0.310 0.000 0.749 0.724 0.401 0.001 0.999 0.002]
   342          524        0.0136383         reflect
  eval: e=0.0135  p=[0.464 0.498 0.309 0.000 0.749 0.726 0.401 0.001 0.999 0.000]
  eval: e=0.0256  p=[0.465 0.499 0.308 0.000 0.748 0.727 0.402 0.001 0.999 0.000]
   343          526        0.0135314         reflect
  eval: e=0.0135  p=[0.464 0.497 0.309 0.000 0.749 0.725 0.401 0.000 1.000 0.001]
  eval: e=0.0164  p=[0.464 0.498 0.308 0.000 0.749 0.726 0.401 0.000 1.000 0.000]
   344          528        0.0134809         reflect
  eval: e=0.0146  p=[0.464 0.498 0.308 0.000 0.749 0.726 0.401 0.000 1.000 0.000]
  eval: e=0.0138  p=[0.463 0.496 0.310 0.000 0.749 0.724 0.401 0.001 1.000 0.002]
   345          530        0.0134809         contract inside
  eval: e=0.0184  p=[0.464 0.499 0.308 0.000 0.749 0.726 0.401 0.000 1.000 0.000]
  eval: e=0.0138  p=[0.463 0.496 0.310 0.000 0.749 0.724 0.401 0.001 1.000 0.002]
   346          532        0.0134809         contract inside
  eval: e=0.0144  p=[0.463 0.498 0.309 0.000 0.749 0.726 0.401 0.000 1.000 0.000]
  eval: e=0.0137  p=[0.463 0.496 0.310 0.000 0.749 0.725 0.401 0.001 0.999 0.001]
   347          534        0.0134809         contract inside
  eval: e=0.0139  p=[0.464 0.497 0.309 0.000 0.749 0.725 0.401 0.001 0.999 0.001]
  eval: e=0.0137  p=[0.463 0.497 0.310 0.000 0.749 0.725 0.401 0.000 1.000 0.001]
   348          536        0.0134809         contract inside
  eval: e=0.0135  p=[0.463 0.497 0.309 0.000 0.750 0.725 0.402 0.000 1.000 0.001]
   349          537        0.0134809         reflect
  eval: e=0.0135  p=[0.464 0.498 0.309 0.000 0.749 0.726 0.401 0.000 1.000 0.000]
  eval: e=0.0190  p=[0.465 0.499 0.308 0.000 0.749 0.726 0.402 0.000 1.000 0.000]
   350          539        0.0134521         reflect
  eval: e=0.0135  p=[0.464 0.498 0.309 0.000 0.749 0.726 0.402 0.000 0.999 0.000]
   351          540        0.0134521         reflect
  eval: e=0.0167  p=[0.464 0.499 0.308 0.000 0.749 0.726 0.402 0.000 1.000 0.000]
  eval: e=0.0137  p=[0.463 0.496 0.310 0.000 0.749 0.725 0.401 0.000 1.000 0.001]
   352          542        0.0134521         contract inside
  eval: e=0.0137  p=[0.463 0.496 0.310 0.000 0.749 0.725 0.402 0.000 0.999 0.001]
   353          543        0.0134521         reflect
  eval: e=0.0134  p=[0.464 0.498 0.309 0.000 0.749 0.726 0.402 0.000 1.000 0.000]
  eval: e=0.0193  p=[0.464 0.499 0.308 0.000 0.749 0.726 0.402 0.000 1.000 0.000]
   354          545        0.0134142         reflect
  eval: e=0.0137  p=[0.464 0.498 0.309 0.000 0.749 0.726 0.401 0.000 1.000 0.000]
   355          546        0.0134142         reflect
  eval: e=0.0167  p=[0.463 0.497 0.309 0.000 0.750 0.725 0.402 0.000 1.000 0.001]
  eval: e=0.0136  p=[0.464 0.498 0.309 0.000 0.749 0.726 0.401 0.000 0.999 0.000]
   356          548        0.0134142         contract inside
  eval: e=0.0137  p=[0.463 0.496 0.310 0.000 0.750 0.725 0.402 0.000 0.999 0.001]
  eval: e=0.0136  p=[0.464 0.498 0.309 0.000 0.749 0.726 0.401 0.000 1.000 0.000]
   357          550        0.0134142         contract inside
  eval: e=0.0137  p=[0.464 0.498 0.309 0.000 0.749 0.726 0.402 0.000 0.999 0.000]
   358          551        0.0134142         reflect
  eval: e=0.0156  p=[0.464 0.499 0.308 0.000 0.749 0.726 0.402 0.000 1.000 0.000]
  eval: e=0.0136  p=[0.463 0.497 0.309 0.000 0.749 0.725 0.401 0.000 1.000 0.001]
   359          553        0.0134142         contract inside
  eval: e=0.0136  p=[0.463 0.497 0.310 0.000 0.749 0.725 0.401 0.000 1.000 0.001]
  eval: e=0.0136  p=[0.463 0.497 0.309 0.000 0.749 0.725 0.401 0.000 1.000 0.001]
   360          555        0.0134142         contract outside
  eval: e=0.0142  p=[0.465 0.499 0.308 0.000 0.748 0.727 0.401 0.001 1.000 0.000]
  eval: e=0.0135  p=[0.463 0.497 0.309 0.000 0.750 0.725 0.402 0.000 1.000 0.001]
   361          557        0.0134142         contract inside
  eval: e=0.0138  p=[0.464 0.497 0.309 0.000 0.750 0.725 0.402 0.000 1.000 0.000]
  eval: e=0.0135  p=[0.464 0.498 0.309 0.000 0.749 0.725 0.401 0.000 1.000 0.000]
   362          559        0.0134142         contract inside
  eval: e=0.0134  p=[0.464 0.498 0.309 0.000 0.749 0.726 0.402 0.000 1.000 0.000]
   363          560        0.0134142         reflect
  eval: e=0.0135  p=[0.464 0.498 0.309 0.000 0.749 0.726 0.402 0.000 1.000 0.000]
   364          561        0.0134142         reflect
  eval: e=0.0134  p=[0.464 0.497 0.309 0.000 0.749 0.725 0.402 0.000 0.999 0.000]
   365          562        0.0134142         reflect
  eval: e=0.0136  p=[0.464 0.498 0.309 0.000 0.749 0.725 0.402 0.000 1.000 0.000]
  eval: e=0.0135  p=[0.464 0.498 0.309 0.000 0.749 0.725 0.401 0.000 1.000 0.000]
   366          564        0.0134142         contract inside
  eval: e=0.0148  p=[0.464 0.497 0.309 0.000 0.750 0.725 0.402 0.000 1.000 0.000]
  eval: e=0.0135  p=[0.464 0.498 0.309 0.000 0.749 0.726 0.402 0.000 0.999 0.000]
   367          566        0.0134142         contract inside
  eval: e=0.0139  p=[0.464 0.498 0.308 0.000 0.749 0.726 0.401 0.000 1.000 0.000]
  eval: e=0.0135  p=[0.463 0.497 0.309 0.000 0.749 0.725 0.402 0.000 1.000 0.000]
   368          568        0.0134142         contract inside
  eval: e=0.0135  p=[0.463 0.497 0.309 0.000 0.749 0.725 0.401 0.000 1.000 0.000]
  eval: e=0.0135  p=[0.464 0.498 0.309 0.000 0.749 0.726 0.402 0.000 0.999 0.000]
   369          570        0.0134142         contract inside
  eval: e=0.0134  p=[0.464 0.498 0.309 0.000 0.749 0.725 0.402 0.000 1.000 0.000]
   370          571        0.0134142         reflect
  eval: e=0.0155  p=[0.464 0.499 0.308 0.000 0.749 0.726 0.402 0.000 1.000 0.000]
  eval: e=0.0135  p=[0.464 0.497 0.309 0.000 0.749 0.725 0.402 0.000 1.000 0.000]
   371          573        0.0134142         contract inside
  eval: e=0.0135  p=[0.464 0.498 0.309 0.000 0.749 0.725 0.402 0.000 1.000 0.000]
  eval: e=0.0135  p=[0.464 0.498 0.309 0.000 0.749 0.726 0.402 0.000 1.000 0.000]
   372          575        0.0134142         contract inside
  eval: e=0.0134  p=[0.464 0.498 0.308 0.000 0.749 0.726 0.401 0.000 1.000 0.000]
   373          576        0.0134142         reflect
  eval: e=0.0148  p=[0.464 0.498 0.309 0.000 0.749 0.726 0.402 0.000 0.999 0.000]
  eval: e=0.0134  p=[0.464 0.498 0.309 0.000 0.749 0.726 0.401 0.000 1.000 0.000]
   374          578        0.0134142         contract inside
  eval: e=0.0134  p=[0.464 0.498 0.309 0.000 0.749 0.726 0.401 0.000 1.000 0.000]
  eval: e=0.0135  p=[0.464 0.498 0.309 0.000 0.749 0.726 0.401 0.000 1.000 0.000]
   375          580        0.0133889         reflect
  eval: e=0.0134  p=[0.464 0.498 0.309 0.000 0.749 0.726 0.402 0.000 1.000 0.000]
  eval: e=0.0135  p=[0.464 0.498 0.308 0.000 0.749 0.726 0.401 0.000 1.000 0.000]
   376          582        0.0133689         reflect
  eval: e=0.0145  p=[0.464 0.498 0.308 0.000 0.749 0.726 0.402 0.000 1.000 0.000]
  eval: e=0.0134  p=[0.464 0.498 0.309 0.000 0.749 0.725 0.402 0.000 1.000 0.000]
   377          584        0.0133689         contract inside
  eval: e=0.0134  p=[0.464 0.498 0.309 0.000 0.749 0.725 0.401 0.000 1.000 0.000]
   378          585        0.0133689         reflect
  eval: e=0.0135  p=[0.464 0.498 0.309 0.000 0.749 0.725 0.402 0.000 1.000 0.000]
  eval: e=0.0134  p=[0.464 0.498 0.309 0.000 0.749 0.726 0.401 0.000 1.000 0.000]
   379          587        0.0133689         contract inside
  eval: e=0.0135  p=[0.464 0.498 0.309 0.000 0.749 0.726 0.402 0.000 1.000 0.000]
  eval: e=0.0134  p=[0.464 0.498 0.309 0.000 0.749 0.726 0.401 0.000 1.000 0.000]
   380          589        0.0133689         contract inside
  eval: e=0.0135  p=[0.464 0.498 0.309 0.000 0.749 0.726 0.402 0.000 1.000 0.000]
  eval: e=0.0134  p=[0.464 0.498 0.309 0.000 0.749 0.726 0.401 0.000 1.000 0.000]
   381          591        0.0133689         contract inside
  eval: e=0.0135  p=[0.464 0.498 0.308 0.000 0.749 0.726 0.401 0.000 1.000 0.000]
  eval: e=0.0134  p=[0.464 0.498 0.309 0.000 0.749 0.725 0.402 0.000 1.000 0.000]
   382          593        0.0133689         contract inside
  eval: e=0.0134  p=[0.463 0.497 0.309 0.000 0.749 0.725 0.402 0.000 1.000 0.000]
   383          594        0.0133689         reflect
  eval: e=0.0134  p=[0.464 0.498 0.309 0.000 0.749 0.726 0.402 0.000 1.000 0.000]
   384          595        0.0133689         reflect
  eval: e=0.0136  p=[0.464 0.498 0.308 0.000 0.749 0.726 0.401 0.000 1.000 0.000]
  eval: e=0.0134  p=[0.464 0.498 0.309 0.000 0.749 0.725 0.402 0.000 1.000 0.000]
   385          597        0.0133689         contract inside
  eval: e=0.0134  p=[0.464 0.498 0.309 0.000 0.749 0.726 0.402 0.000 1.000 0.000]
   386          598        0.0133689         reflect
  eval: e=0.0134  p=[0.464 0.498 0.309 0.000 0.749 0.726 0.402 0.000 1.000 0.000]
   387          599        0.0133689         reflect
  eval: e=0.0134  p=[0.464 0.498 0.309 0.000 0.749 0.726 0.402 0.000 1.000 0.000]
   388          600        0.0133689         reflect
  eval: e=0.0134  p=[0.464 0.498 0.309 0.000 0.749 0.726 0.402 0.000 1.000 0.000]
   389          601        0.0133689         reflect
  eval: e=0.0134  p=[0.464 0.498 0.309 0.000 0.749 0.726 0.401 0.000 1.000 0.000]
  eval: e=0.0134  p=[0.464 0.498 0.309 0.000 0.749 0.726 0.402 0.000 1.000 0.000]
   390          603        0.0133689         contract inside
  eval: e=0.0134  p=[0.464 0.498 0.308 0.000 0.749 0.726 0.402 0.000 1.000 0.000]
  eval: e=0.0134  p=[0.464 0.498 0.309 0.000 0.749 0.726 0.402 0.000 1.000 0.000]
   391          605        0.0133689         contract inside
  eval: e=0.0135  p=[0.464 0.498 0.309 0.000 0.749 0.726 0.402 0.000 1.000 0.000]
  eval: e=0.0134  p=[0.464 0.498 0.309 0.000 0.749 0.726 0.402 0.000 1.000 0.000]
   392          607        0.0133689         contract inside
  eval: e=0.0134  p=[0.464 0.498 0.309 0.000 0.749 0.726 0.401 0.000 1.000 0.000]
  eval: e=0.0134  p=[0.464 0.498 0.309 0.000 0.749 0.726 0.402 0.000 1.000 0.000]
   393          609        0.0133689         contract outside
  eval: e=0.0134  p=[0.464 0.498 0.309 0.000 0.749 0.726 0.401 0.000 1.000 0.000]
   394          610        0.0133689         reflect
  eval: e=0.0134  p=[0.464 0.498 0.309 0.000 0.749 0.726 0.401 0.000 1.000 0.000]
  eval: e=0.0134  p=[0.464 0.498 0.309 0.000 0.749 0.726 0.401 0.000 1.000 0.000]
   395          612         0.013359         reflect
  eval: e=0.0134  p=[0.464 0.498 0.309 0.000 0.749 0.726 0.401 0.000 1.000 0.000]
  eval: e=0.0134  p=[0.464 0.498 0.309 0.000 0.749 0.726 0.401 0.000 1.000 0.000]
   396          614        0.0133525         expand
  eval: e=0.0134  p=[0.464 0.498 0.309 0.000 0.749 0.726 0.401 0.000 1.000 0.000]
   397          615        0.0133525         reflect
  eval: e=0.0135  p=[0.464 0.498 0.309 0.000 0.749 0.726 0.402 0.000 1.000 0.000]
  eval: e=0.0134  p=[0.464 0.498 0.309 0.000 0.749 0.726 0.401 0.000 1.000 0.000]
   398          617        0.0133525         contract inside
  eval: e=0.0134  p=[0.464 0.498 0.309 0.000 0.749 0.726 0.401 0.000 1.000 0.000]
  eval: e=0.0134  p=[0.464 0.498 0.309 0.000 0.749 0.726 0.402 0.000 1.000 0.000]
   399          619        0.0133525         contract inside
  eval: e=0.0134  p=[0.464 0.498 0.309 0.000 0.749 0.726 0.402 0.000 1.000 0.000]
  eval: e=0.0134  p=[0.464 0.498 0.309 0.000 0.749 0.726 0.401 0.000 1.000 0.000]
   400          621        0.0133525         contract inside
  eval: e=0.0134  p=[0.464 0.498 0.309 0.000 0.749 0.726 0.401 0.000 1.000 0.000]
  eval: e=0.0134  p=[0.464 0.498 0.309 0.000 0.749 0.726 0.402 0.000 1.000 0.000]
   401          623        0.0133525         contract inside
  eval: e=0.0134  p=[0.464 0.498 0.309 0.000 0.749 0.726 0.401 0.000 1.000 0.000]
   402          624        0.0133525         reflect
  eval: e=0.0135  p=[0.464 0.498 0.309 0.000 0.749 0.726 0.401 0.000 1.000 0.000]
  eval: e=0.0134  p=[0.464 0.498 0.309 0.000 0.749 0.726 0.401 0.000 1.000 0.000]
   403          626        0.0133525         contract inside
  eval: e=0.0134  p=[0.464 0.498 0.309 0.000 0.749 0.726 0.402 0.000 1.000 0.000]
   404          627        0.0133525         reflect
  eval: e=0.0134  p=[0.464 0.498 0.309 0.000 0.749 0.726 0.402 0.000 1.000 0.000]
  eval: e=0.0134  p=[0.464 0.498 0.309 0.000 0.749 0.726 0.401 0.000 1.000 0.000]
   405          629        0.0133525         contract inside
  eval: e=0.0134  p=[0.464 0.498 0.309 0.000 0.749 0.726 0.401 0.000 1.000 0.000]
  eval: e=0.0133  p=[0.464 0.498 0.309 0.000 0.749 0.726 0.402 0.000 1.000 0.000]
   406          631        0.0133484         contract inside
  eval: e=0.0134  p=[0.464 0.498 0.309 0.000 0.749 0.726 0.401 0.000 1.000 0.000]
   407          632        0.0133484         reflect
  eval: e=0.0134  p=[0.464 0.498 0.309 0.000 0.749 0.726 0.401 0.000 1.000 0.000]
   408          633        0.0133484         reflect
  eval: e=0.0134  p=[0.464 0.498 0.308 0.000 0.749 0.726 0.401 0.000 1.000 0.000]
  eval: e=0.0134  p=[0.464 0.498 0.309 0.000 0.749 0.726 0.401 0.000 1.000 0.000]
   409          635        0.0133484         contract inside
  eval: e=0.0134  p=[0.464 0.498 0.309 0.000 0.749 0.726 0.401 0.000 1.000 0.000]
   410          636        0.0133484         reflect
  eval: e=0.0134  p=[0.464 0.498 0.309 0.000 0.749 0.726 0.401 0.000 1.000 0.000]
  eval: e=0.0134  p=[0.464 0.498 0.309 0.000 0.749 0.726 0.401 0.000 1.000 0.000]
   411          638        0.0133484         contract inside
  eval: e=0.0133  p=[0.464 0.498 0.309 0.000 0.749 0.726 0.401 0.000 1.000 0.000]
  eval: e=0.0134  p=[0.464 0.498 0.308 0.000 0.749 0.726 0.401 0.000 1.000 0.000]
   412          640        0.0133463         reflect
  eval: e=0.0134  p=[0.464 0.498 0.308 0.000 0.749 0.726 0.401 0.000 1.000 0.000]
   413          641        0.0133463         reflect
  eval: e=0.0134  p=[0.464 0.498 0.308 0.000 0.749 0.726 0.401 0.000 1.000 0.000]
  eval: e=0.0134  p=[0.464 0.498 0.309 0.000 0.749 0.726 0.401 0.000 1.000 0.000]
   414          643        0.0133463         contract inside
  eval: e=0.0134  p=[0.464 0.498 0.308 0.000 0.749 0.726 0.401 0.000 1.000 0.000]
   415          644        0.0133463         reflect
  eval: e=0.0134  p=[0.464 0.498 0.308 0.000 0.749 0.726 0.401 0.000 1.000 0.000]
   416          645        0.0133463         reflect
  eval: e=0.0134  p=[0.464 0.498 0.309 0.000 0.749 0.726 0.401 0.000 1.000 0.000]
   417          646        0.0133463         reflect
  eval: e=0.0134  p=[0.464 0.498 0.309 0.000 0.749 0.726 0.401 0.000 1.000 0.000]
  eval: e=0.0133  p=[0.464 0.498 0.309 0.000 0.749 0.726 0.401 0.000 1.000 0.000]
   418          648        0.0133437         contract inside
  eval: e=0.0134  p=[0.464 0.498 0.309 0.000 0.749 0.726 0.401 0.000 1.000 0.000]
  eval: e=0.0133  p=[0.464 0.498 0.309 0.000 0.749 0.726 0.401 0.000 1.000 0.000]
   419          650        0.0133437         contract inside
  eval: e=0.0134  p=[0.464 0.498 0.309 0.000 0.749 0.726 0.401 0.000 1.000 0.000]
  eval: e=0.0133  p=[0.464 0.498 0.309 0.000 0.749 0.726 0.401 0.000 1.000 0.000]
   420          652        0.0133429         contract inside
  eval: e=0.0134  p=[0.464 0.498 0.309 0.000 0.749 0.726 0.402 0.000 1.000 0.000]
  eval: e=0.0133  p=[0.464 0.498 0.309 0.000 0.749 0.726 0.401 0.000 1.000 0.000]
   421          654        0.0133429         contract inside
  eval: e=0.0134  p=[0.464 0.498 0.309 0.000 0.749 0.726 0.401 0.000 1.000 0.000]
  eval: e=0.0133  p=[0.464 0.498 0.309 0.000 0.749 0.726 0.401 0.000 1.000 0.000]
   422          656        0.0133429         contract inside
  eval: e=0.0134  p=[0.464 0.498 0.309 0.000 0.749 0.726 0.401 0.000 1.000 0.000]
  eval: e=0.0133  p=[0.464 0.498 0.309 0.000 0.749 0.726 0.401 0.000 1.000 0.000]
   423          658        0.0133429         contract inside
  eval: e=0.0134  p=[0.464 0.498 0.309 0.000 0.749 0.726 0.401 0.000 1.000 0.000]
  eval: e=0.0133  p=[0.464 0.498 0.309 0.000 0.749 0.726 0.401 0.000 1.000 0.000]
   424          660        0.0133422         contract inside
  eval: e=0.0134  p=[0.464 0.498 0.309 0.000 0.749 0.726 0.401 0.000 1.000 0.000]
  eval: e=0.0133  p=[0.464 0.498 0.309 0.000 0.749 0.726 0.401 0.000 1.000 0.000]
   425          662        0.0133422         contract inside
  eval: e=0.0133  p=[0.464 0.498 0.308 0.000 0.749 0.726 0.401 0.000 1.000 0.000]
  eval: e=0.0133  p=[0.464 0.498 0.309 0.000 0.749 0.726 0.401 0.000 1.000 0.000]
   426          664        0.0133422         contract outside
  eval: e=0.0134  p=[0.464 0.498 0.308 0.000 0.749 0.726 0.401 0.000 1.000 0.000]
  eval: e=0.0133  p=[0.464 0.498 0.309 0.000 0.749 0.726 0.401 0.000 1.000 0.000]
   427          666        0.0133422         contract inside
  eval: e=0.0133  p=[0.464 0.498 0.309 0.000 0.749 0.726 0.401 0.000 1.000 0.000]
  eval: e=0.0133  p=[0.464 0.498 0.309 0.000 0.749 0.726 0.401 0.000 1.000 0.000]
   428          668        0.0133407         contract inside
  eval: e=0.0134  p=[0.464 0.498 0.309 0.000 0.749 0.726 0.401 0.000 1.000 0.000]
  eval: e=0.0133  p=[0.464 0.498 0.309 0.000 0.749 0.726 0.401 0.000 1.000 0.000]
   429          670        0.0133407         contract inside
  eval: e=0.0133  p=[0.464 0.498 0.309 0.000 0.749 0.726 0.401 0.000 1.000 0.000]
  eval: e=0.0133  p=[0.464 0.498 0.309 0.000 0.749 0.726 0.401 0.000 1.000 0.000]
   430          672        0.0133407         contract outside
  eval: e=0.0133  p=[0.464 0.498 0.309 0.000 0.749 0.726 0.401 0.000 1.000 0.000]
  eval: e=0.0133  p=[0.464 0.498 0.309 0.000 0.749 0.726 0.401 0.000 1.000 0.000]
   431          674        0.0133407         contract inside
  eval: e=0.0133  p=[0.464 0.498 0.309 0.000 0.749 0.726 0.401 0.000 1.000 0.000]
  eval: e=0.0134  p=[0.464 0.498 0.308 0.000 0.749 0.726 0.401 0.000 1.000 0.000]
   432          676        0.0133382         reflect
  eval: e=0.0133  p=[0.464 0.498 0.309 0.000 0.749 0.726 0.401 0.000 1.000 0.000]
   433          677        0.0133382         reflect
  eval: e=0.0134  p=[0.464 0.498 0.308 0.000 0.749 0.726 0.401 0.000 1.000 0.000]
  eval: e=0.0133  p=[0.464 0.498 0.309 0.000 0.749 0.726 0.401 0.000 1.000 0.000]
   434          679        0.0133382         contract inside
  eval: e=0.0133  p=[0.464 0.498 0.309 0.000 0.749 0.726 0.401 0.000 1.000 0.000]
   435          680        0.0133382         reflect
  eval: e=0.0133  p=[0.464 0.498 0.309 0.000 0.749 0.726 0.401 0.000 1.000 0.000]
  eval: e=0.0133  p=[0.464 0.498 0.309 0.000 0.749 0.726 0.401 0.000 1.000 0.000]
   436          682        0.0133382         contract inside
  eval: e=0.0133  p=[0.464 0.498 0.309 0.000 0.749 0.726 0.401 0.000 1.000 0.000]
  eval: e=0.0133  p=[0.464 0.498 0.309 0.000 0.749 0.726 0.401 0.000 1.000 0.000]
   437          684        0.0133382         contract inside
  eval: e=0.0133  p=[0.464 0.498 0.309 0.000 0.749 0.726 0.401 0.000 1.000 0.000]
  eval: e=0.0133  p=[0.464 0.498 0.309 0.000 0.749 0.726 0.401 0.000 1.000 0.000]
   438          686        0.0133382         contract inside
  eval: e=0.0133  p=[0.464 0.498 0.309 0.000 0.749 0.726 0.401 0.000 1.000 0.000]
  eval: e=0.0133  p=[0.464 0.498 0.309 0.000 0.749 0.726 0.401 0.000 1.000 0.000]
   439          688        0.0133382         contract outside
  eval: e=0.0133  p=[0.464 0.498 0.309 0.000 0.749 0.726 0.401 0.000 1.000 0.000]
   440          689        0.0133382         reflect
  eval: e=0.0133  p=[0.464 0.498 0.309 0.000 0.749 0.726 0.401 0.000 1.000 0.000]
   441          690        0.0133382         reflect
  eval: e=0.0133  p=[0.464 0.498 0.309 0.000 0.749 0.726 0.401 0.000 1.000 0.000]
   442          691        0.0133382         reflect
  eval: e=0.0133  p=[0.464 0.498 0.309 0.000 0.749 0.726 0.401 0.000 1.000 0.000]
   443          692        0.0133382         reflect
  eval: e=0.0133  p=[0.464 0.498 0.309 0.000 0.749 0.726 0.401 0.000 1.000 0.000]
   444          693        0.0133382         reflect
  eval: e=0.0133  p=[0.464 0.498 0.309 0.000 0.749 0.726 0.401 0.000 1.000 0.000]
  eval: e=0.0133  p=[0.464 0.498 0.309 0.000 0.749 0.726 0.401 0.000 1.000 0.000]
   445          695        0.0133382         contract inside
  eval: e=0.0133  p=[0.464 0.498 0.309 0.000 0.749 0.726 0.401 0.000 1.000 0.000]
   446          696        0.0133382         reflect
  eval: e=0.0133  p=[0.464 0.498 0.309 0.000 0.749 0.726 0.401 0.000 1.000 0.000]
   447          697        0.0133382         reflect
  eval: e=0.0133  p=[0.464 0.498 0.309 0.000 0.749 0.726 0.401 0.000 1.000 0.000]
   448          698        0.0133382         reflect
  eval: e=0.0133  p=[0.464 0.498 0.309 0.000 0.749 0.726 0.401 0.000 1.000 0.000]
  eval: e=0.0133  p=[0.464 0.498 0.309 0.000 0.749 0.726 0.401 0.000 1.000 0.000]
   449          700        0.0133382         contract inside
  eval: e=0.0133  p=[0.464 0.498 0.309 0.000 0.749 0.726 0.401 0.000 1.000 0.000]
   450          701        0.0133382         reflect
  eval: e=0.0133  p=[0.464 0.498 0.309 0.000 0.749 0.726 0.401 0.000 1.000 0.000]
   451          702        0.0133382         reflect
  eval: e=0.0133  p=[0.464 0.498 0.309 0.000 0.749 0.726 0.401 0.000 1.000 0.000]
   452          703        0.0133382         reflect
  eval: e=0.0133  p=[0.464 0.498 0.309 0.000 0.749 0.726 0.401 0.000 1.000 0.000]
  eval: e=0.0133  p=[0.464 0.498 0.309 0.000 0.749 0.726 0.401 0.000 1.000 0.000]
   453          705        0.0133382         contract inside
  eval: e=0.0133  p=[0.464 0.498 0.309 0.000 0.749 0.726 0.401 0.000 1.000 0.000]
  eval: e=0.0133  p=[0.464 0.498 0.309 0.000 0.749 0.726 0.401 0.000 1.000 0.000]
   454          707        0.0133382         contract inside
  eval: e=0.0133  p=[0.464 0.498 0.309 0.000 0.749 0.726 0.401 0.000 1.000 0.000]
  eval: e=0.0133  p=[0.464 0.498 0.309 0.000 0.749 0.726 0.401 0.000 1.000 0.000]
   455          709        0.0133382         contract inside
  eval: e=0.0133  p=[0.464 0.498 0.309 0.000 0.749 0.726 0.401 0.000 1.000 0.000]
  eval: e=0.0133  p=[0.464 0.498 0.309 0.000 0.749 0.726 0.401 0.000 1.000 0.000]
   456          711        0.0133382         contract inside
  eval: e=0.0133  p=[0.464 0.498 0.309 0.000 0.749 0.726 0.401 0.000 1.000 0.000]
   457          712        0.0133382         reflect
  eval: e=0.0133  p=[0.464 0.498 0.309 0.000 0.749 0.726 0.401 0.000 1.000 0.000]
  eval: e=0.0133  p=[0.464 0.498 0.309 0.000 0.749 0.726 0.401 0.000 1.000 0.000]
   458          714         0.013338         reflect
  eval: e=0.0133  p=[0.464 0.498 0.309 0.000 0.749 0.726 0.401 0.000 1.000 0.000]
  eval: e=0.0133  p=[0.464 0.498 0.309 0.000 0.749 0.726 0.401 0.000 1.000 0.000]
   459          716         0.013338         contract inside
  eval: e=0.0133  p=[0.464 0.498 0.309 0.000 0.749 0.726 0.401 0.000 1.000 0.000]
  eval: e=0.0133  p=[0.464 0.498 0.309 0.000 0.749 0.726 0.401 0.000 1.000 0.000]
   460          718         0.013338         contract outside
 
Optimization terminated:
 the current x satisfies the termination criteria using OPTIONS.TolX of 1.000000e-04 
 and F(X) satisfies the convergence criteria using OPTIONS.TolFun of 1.000000e-06 

=== Fit complete: error=0.013338  AIC=-4206.5 ===
restart 3: e=0.01334 AIC=-4206.5  k_1=6.21  k_7_1=0.252  k_5_0=911.1  k_3=22.21  k_off=10.00

===== RESTART 4/6 =====
  eval: e=0.3955  p=[0.575 0.269 0.196 0.814 0.826 0.716 0.363 0.218 0.629 0.458]
 
 Iteration   Func-count         f(x)         Procedure
     0            1         0.395476         
  eval: e=0.3955  p=[0.604 0.269 0.196 0.814 0.826 0.716 0.363 0.218 0.629 0.458]
  eval: e=0.3954  p=[0.575 0.283 0.196 0.814 0.826 0.716 0.363 0.218 0.629 0.458]
  eval: e=0.3954  p=[0.575 0.269 0.205 0.814 0.826 0.716 0.363 0.218 0.629 0.458]
  eval: e=0.3956  p=[0.575 0.269 0.196 0.855 0.826 0.716 0.363 0.218 0.629 0.458]
  eval: e=0.3955  p=[0.575 0.269 0.196 0.814 0.867 0.716 0.363 0.218 0.629 0.458]
  eval: e=0.3956  p=[0.575 0.269 0.196 0.814 0.826 0.752 0.363 0.218 0.629 0.458]
  eval: e=0.3955  p=[0.575 0.269 0.196 0.814 0.826 0.716 0.381 0.218 0.629 0.458]
  eval: e=0.3955  p=[0.575 0.269 0.196 0.814 0.826 0.716 0.363 0.229 0.629 0.458]
  eval: e=0.3955  p=[0.575 0.269 0.196 0.814 0.826 0.716 0.363 0.218 0.660 0.458]
  eval: e=0.3955  p=[0.575 0.269 0.196 0.814 0.826 0.716 0.363 0.218 0.629 0.481]
     1           11         0.395389         initial simplex
  eval: e=0.3953  p=[0.581 0.272 0.197 0.774 0.834 0.723 0.367 0.221 0.635 0.463]
  eval: e=0.3951  p=[0.584 0.273 0.198 0.733 0.838 0.727 0.369 0.222 0.638 0.465]
     2           13         0.395086         expand
  eval: e=0.3953  p=[0.583 0.273 0.198 0.798 0.837 0.682 0.368 0.221 0.637 0.464]
     3           14         0.395086         reflect
  eval: e=0.3953  p=[0.584 0.274 0.199 0.795 0.789 0.711 0.369 0.222 0.639 0.465]
     4           15         0.395086         reflect
  eval: e=0.3953  p=[0.586 0.274 0.199 0.791 0.823 0.710 0.370 0.209 0.641 0.467]
     5           16         0.395086         reflect
  eval: e=0.3953  p=[0.588 0.275 0.200 0.786 0.823 0.709 0.371 0.218 0.643 0.468]
     6           17         0.395086         reflect
  eval: e=0.3952  p=[0.556 0.277 0.201 0.780 0.822 0.708 0.373 0.218 0.646 0.470]
     7           18         0.395086         reflect
  eval: e=0.3951  p=[0.581 0.278 0.202 0.774 0.821 0.706 0.353 0.219 0.649 0.473]
     8           19         0.395086         reflect
  eval: e=0.3951  p=[0.582 0.280 0.203 0.766 0.820 0.704 0.369 0.219 0.616 0.476]
  eval: e=0.3948  p=[0.586 0.285 0.207 0.741 0.818 0.699 0.372 0.219 0.593 0.485]
     9           21         0.394815         expand
  eval: e=0.3949  p=[0.585 0.283 0.205 0.751 0.819 0.701 0.371 0.219 0.640 0.454]
    10           22         0.394815         reflect
  eval: e=0.3949  p=[0.586 0.286 0.196 0.738 0.817 0.698 0.373 0.219 0.642 0.476]
    11           23         0.394815         reflect
  eval: e=0.3948  p=[0.589 0.273 0.205 0.723 0.815 0.695 0.375 0.219 0.645 0.479]
  eval: e=0.3944  p=[0.595 0.268 0.210 0.678 0.810 0.684 0.380 0.219 0.653 0.490]
    12           25         0.394391         expand
  eval: e=0.3947  p=[0.582 0.281 0.205 0.719 0.856 0.694 0.371 0.215 0.638 0.477]
    13           26         0.394391         reflect
  eval: e=0.3946  p=[0.583 0.283 0.207 0.700 0.813 0.725 0.373 0.214 0.640 0.481]
    14           27         0.394391         reflect
  eval: e=0.3945  p=[0.579 0.283 0.207 0.689 0.824 0.700 0.371 0.227 0.636 0.481]
    15           28         0.394391         reflect
  eval: e=0.3943  p=[0.575 0.284 0.208 0.675 0.825 0.699 0.370 0.219 0.632 0.482]
  eval: e=0.3936  p=[0.569 0.288 0.211 0.619 0.826 0.694 0.369 0.220 0.626 0.489]
    16           30         0.393624         expand
